,Clip,Prolongation,Block,SoundRep,WordRep,Interjection
0,StrongVoices317,0.010139338672161102,0.0061723641119897366,5.5015512771205977e-05,6.89651096763555e-06,0.0010231761261820793
1,StrongVoices6179,0.05628957971930504,0.4984216094017029,0.03327798843383789,0.0010232622735202312,0.006572292186319828
2,StutterTalk72147,0.02466830238699913,0.4770280122756958,0.15767967700958252,0.13757486641407013,0.04261469095945358
3,WomenWhoStutter62102,0.06276481598615646,0.07735717296600342,0.003277744399383664,0.05809764191508293,0.105754554271698
4,StrongVoices112,0.022367512807250023,0.2281118929386139,0.019136913120746613,0.010088572278618813,0.12858353555202484
5,StutterTalk72145,0.11180448532104492,0.451907753944397,0.016142653301358223,0.0028925237711519003,0.03618163242936134
6,HVSA2108,0.010600573383271694,0.18883073329925537,0.892922043800354,0.013112124055624008,0.013277003541588783
7,HVSA266,0.10747433453798294,0.07814677059650421,0.0012036017142236233,0.0004054048622492701,0.9831069707870483
8,StutterTalk1823,0.001170070725493133,0.02946024015545845,0.007152161560952663,0.8471983075141907,0.11656183004379272
9,StrongVoices3231,0.005145246163010597,0.061266571283340454,0.0024210945703089237,0.002065266715362668,0.0008609921205788851
10,StrongVoices1422,0.06706355512142181,0.34846270084381104,0.428174763917923,0.18966509401798248,0.13020507991313934
11,StrongVoices10,0.04315260797739029,0.28319141268730164,0.013957797549664974,0.0013400197494775057,0.2106126993894577
12,StrongVoices23174,0.05304808169603348,0.21074524521827698,0.004991540219634771,0.0009950379608199,0.7759826183319092
13,WomenWhoStutter2107,0.0018036016263067722,0.0157399233430624,0.0013296613469719887,0.0026761209592223167,0.0019789105281233788
14,StutterTalk26108,0.3703814446926117,0.13581706583499908,0.10362429171800613,0.009868471883237362,0.029202202335000038
15,StutteringIsCool5536,0.0001818673626985401,0.01252859178930521,0.0004877334285993129,0.000350317161064595,0.00029239803552627563
16,StutterTalk341,0.03791883960366249,0.0743437111377716,0.008528417907655239,0.00018590163381304592,0.0007636157097294927
17,StutterTalk2522,0.011672071181237698,0.1499999761581421,0.0042625535279512405,0.008832873776555061,0.0744694396853447
18,StutterTalk150,0.004357371013611555,0.017175525426864624,0.0007362127653323114,0.0002940070116892457,0.000896416895557195
19,StutterTalk1221,0.43280065059661865,0.1351921409368515,0.048311080783605576,0.0022799107246100903,0.0011393673485144973
20,StrongVoices10188,0.7851947546005249,0.1548321396112442,0.012130610644817352,9.560478247294668e-06,0.0015109882224351168
21,HeStutters5151,0.006512585561722517,0.1171138733625412,0.03297827020287514,0.9538205862045288,0.14104729890823364
22,StutteringIsCool8018,0.04473350569605827,0.10267486423254013,0.0195165928453207,0.048286475241184235,0.6071478724479675
23,StutterTalk927,0.00010416743316454813,0.01341080479323864,0.003141353139653802,0.17021745443344116,0.0022630125749856234
24,StrongVoices733,0.013261303305625916,0.10755600780248642,0.00291875540278852,0.0010019399924203753,0.0022146946284919977
25,WomenWhoStutter6822,0.11661326885223389,0.07754585891962051,0.012006886303424835,0.0015267818234860897,0.013983631506562233
26,StrongVoices32152,0.9294351935386658,0.07639432698488235,0.008864259347319603,0.000324266409734264,0.01828424446284771
27,WomenWhoStutter96145,0.004863563925027847,0.4517931044101715,0.18777061998844147,0.003376779379323125,0.003707798896357417
28,MyStutteringLife1812,0.16532579064369202,0.1328348070383072,0.033198725432157516,0.8340161442756653,0.5265507698059082
29,MyStutteringLife1933,0.006612889003008604,0.14255133271217346,0.001592517364770174,0.00047227920731529593,0.004783312324434519
30,StutterTalk1532,0.011180071160197258,0.085750050842762,0.055470749735832214,0.11701856553554535,0.0639413371682167
31,StutteringIsCool7510,0.01858559064567089,0.42134931683540344,0.36456453800201416,0.4043583571910858,0.2628448009490967
32,WomenWhoStutter2116,0.012883367948234081,0.07768681645393372,0.002515755593776703,0.0028384970501065254,0.015789000317454338
33,WomenWhoStutter8748,0.020307904109358788,0.3508559763431549,0.020397908985614777,0.019474349915981293,0.3905240297317505
34,StrongVoices88,0.29978811740875244,0.1329137235879898,0.006232452113181353,0.0001229785120813176,0.41383078694343567
35,WomenWhoStutter10195,0.03065904788672924,0.6880224943161011,0.09548775106668472,0.0011603963794186711,0.007603940553963184
36,StrongVoices29,0.04772309586405754,0.24495916068553925,0.10238271206617355,0.35124674439430237,0.1989034116268158
37,HVSA1147,0.805012583732605,0.17221678793430328,0.2608701288700104,0.001145630143582821,0.015995977446436882
38,WomenWhoStutter6828,0.0055043515749275684,0.010453695431351662,0.00037504188367165625,0.0013571279123425484,0.07321435213088989
39,StutterTalk1620,0.001350947073660791,0.16879799962043762,0.33613964915275574,0.6699403524398804,0.012386240065097809
40,WomenWhoStutter1466,0.017994027584791183,0.2650955021381378,0.2634558081626892,0.5514097213745117,0.05613955855369568
41,StutterTalk313,0.0014674641424790025,0.04229936748743057,0.0038477147463709116,0.025042833760380745,0.16436848044395447
42,StutteringIsCool2929,7.52919222577475e-05,0.018236802890896797,0.0015666038962081075,0.0002476228401064873,0.0002969460329040885
43,WomenWhoStutter267,0.24782977998256683,0.03959555923938751,0.0010082311928272247,0.00038976676296442747,0.3319391906261444
44,WomenWhoStutter3055,0.004167154431343079,0.04817993938922882,0.003873171517625451,0.02632579579949379,0.10867134481668472
45,StutterTalk3233,0.01376132108271122,0.41595929861068726,0.011376962997019291,0.0038402958307415247,0.05431355535984039
46,WomenWhoStutter8325,0.35121211409568787,0.16586020588874817,0.029298491775989532,0.03958824649453163,0.7914184331893921
47,HVSA041,0.8670464158058167,0.08917366713285446,0.0027260519564151764,0.00046223399112932384,0.07347030937671661
48,StrongVoices3240,0.3976077735424042,0.27570292353630066,0.06938517093658447,0.010556214489042759,0.9383715391159058
49,StutteringIsCool8097,0.0017963850405067205,0.13934439420700073,0.0030513941310346127,0.004014824982732534,0.002878558821976185
50,MyStutteringLife3820,0.032609179615974426,0.07684624940156937,0.00882964301854372,0.055728793144226074,0.9852355718612671
51,StutteringIsCool766,0.42120790481567383,0.06067711487412453,0.0017472102772444487,0.001190862967632711,0.9639783501625061
52,StutterTalk6910,0.6199995875358582,0.0509817972779274,0.004099954850971699,0.0007084480603225529,0.0050432696007192135
53,StutteringIsCool169,0.042817987501621246,0.3826726973056793,0.2727508842945099,0.5807408094406128,0.43712231516838074
54,StrongVoices3228,0.031702671200037,0.4620837867259979,0.1598755121231079,0.2844063639640808,0.018542354926466942
55,HeStutters535,0.00022576974879484624,0.03590941056609154,0.0014346841489896178,0.001652250182814896,0.0009113021078519523
56,WomenWhoStutter86165,0.2758634388446808,0.17881587147712708,0.014765478670597076,0.007378377020359039,0.9794735312461853
57,WomenWhoStutter839,0.07376623898744583,0.0005157580599188805,4.916780653729802e-07,9.987340732209304e-09,9.43155464483425e-05
58,StrongVoices32115,0.09108629077672958,0.5358746647834778,0.027426552027463913,0.0006629614508710802,0.004687627777457237
59,StrongVoices033,0.06563721597194672,0.39043810963630676,0.018388530239462852,0.0005388297722674906,0.008922689594328403
60,StutterTalk7290,0.5631653666496277,0.36870136857032776,0.08324664831161499,0.02162560634315014,0.031051183119416237
61,WomenWhoStutter4276,0.07272304594516754,0.40946531295776367,0.07315763831138611,0.0056336564011871815,0.6618263721466064
62,StutterTalk8132,0.003512029070407152,0.023346560075879097,0.014972957782447338,0.006582168396562338,0.0005886441213078797
63,WomenWhoStutter2124,0.04514152929186821,0.07349783927202225,0.0027905048336833715,0.0022769905626773834,0.9723778963088989
64,StutterTalk2678,0.015196376480162144,0.11655581742525101,0.04964323341846466,0.8909629583358765,0.6292011737823486
65,WomenWhoStutter42258,0.01508647296577692,0.31040576100349426,0.009523218497633934,0.08305632323026657,0.06626835465431213
66,StutterTalk848,0.009618664160370827,0.008736517280340195,0.0028074714355170727,0.0019221424590796232,0.0003143773938063532
67,HVSA230,0.007481647655367851,0.13999634981155396,0.2535526752471924,0.010325910523533821,0.011604792438447475
68,StrongVoices1814,0.05546684190630913,0.08209019154310226,0.0038755086716264486,0.00015820525004528463,0.002194956410676241
69,StutteringIsCool34154,0.13574860990047455,0.372379869222641,0.33341431617736816,0.04980345070362091,0.4472084939479828
70,HVSA271,0.0866767168045044,0.22272619605064392,0.014493237249553204,0.0012805290753021836,0.7780353426933289
71,StutteringIsCool4639,0.001345998840406537,0.009148374199867249,0.00016922799113672227,0.00033393967896699905,0.0005971458158455789
72,StrongVoices2834,0.07542935758829117,0.12146949023008347,0.002595804398879409,0.00018380736582912505,0.9495172500610352
73,StutterTalk124,0.19426868855953217,0.06719217449426651,0.012144029140472412,0.0014205370098352432,0.2801477611064911
74,StutteringIsCool383,0.2887386083602905,0.1599271446466446,0.005024848040193319,0.00034089828841388226,0.0484052449464798
75,HeStutters11138,0.019892308861017227,0.29900166392326355,0.051523178815841675,0.023976493626832962,0.4538997709751129
76,StutterTalk4237,0.0047681755386292934,0.2740168571472168,0.025167135521769524,0.0008614992839284241,0.0021596886217594147
77,StutteringIsCool34137,0.16817793250083923,0.041580114513635635,0.018398331478238106,0.4037662446498871,0.30921855568885803
78,StutterTalk2225,0.013803074136376381,0.3625294268131256,0.13700202107429504,0.06694873422384262,0.03753659129142761
79,WomenWhoStutter8749,0.010343692265450954,0.1240144595503807,0.001569712650962174,0.005625598132610321,0.8141351342201233
80,StrongVoices3271,0.5658432245254517,0.39224973320961,0.02576054073870182,0.0005962367285974324,0.005246212240308523
81,StutterTalk2695,0.0014396290061995387,0.29027631878852844,0.07958702743053436,0.0074614486657083035,0.007614761125296354
82,StrongVoices1719,0.1272422820329666,0.09490842372179031,0.005863481666892767,0.0008214304107241333,0.0036653256975114346
83,WomenWhoStutter1527,0.05499037727713585,0.2940676808357239,0.0335453562438488,0.004296710714697838,0.6244743466377258
84,HeStutters289,0.05181770771741867,0.3175657391548157,0.025380393490195274,0.005434762686491013,0.8977701663970947
85,StutteringIsCool286,0.003560451092198491,0.04711491987109184,0.0034858169965445995,0.0037917564623057842,0.012919213622808456
86,StutterTalk37190,0.018845809623599052,0.0831899642944336,0.004454463254660368,0.0002742958895396441,0.0010980702936649323
87,WomenWhoStutter97167,0.048072174191474915,0.3007202744483948,0.6822054386138916,0.015168477781116962,0.009211006574332714
88,WomenWhoStutter1054,0.043013449758291245,0.5801863074302673,0.28147944808006287,0.06602710485458374,0.037745893001556396
89,HVSA229,0.05095230042934418,0.22091780602931976,0.4280538856983185,0.03162162005901337,0.00731408316642046
90,IStutterSoWhat060,0.2090287059545517,0.33394667506217957,0.08639023452997208,0.012921074405312538,0.03362618759274483
91,HeStutters11190,0.01473254431039095,0.019852817058563232,0.00985496025532484,0.4214889407157898,0.003932806197553873
92,WomenWhoStutter274,0.07322277128696442,0.35899215936660767,0.02387075684964657,0.010821113362908363,0.029715174809098244
93,WomenWhoStutter5217,0.4655643403530121,0.03015650250017643,0.0009365847799926996,3.446102709858678e-05,0.002516553970053792
94,StutterTalk899,0.014271197840571404,0.12037651985883713,0.3580933213233948,0.9002257585525513,0.861603856086731
95,IStutterSoWhat364,0.017016666010022163,0.22728022933006287,0.052727438509464264,0.35232940316200256,0.6253517270088196
96,StrongVoices3431,0.04968421906232834,0.1463564932346344,0.051621999591588974,0.5669771432876587,0.9585936665534973
97,StrongVoices333,0.12479204684495926,0.2788279056549072,0.01670454815030098,0.0011400176445022225,0.01602216251194477
98,StrongVoices1724,0.021347200497984886,0.13031701743602753,0.4171135127544403,0.0010199249954894185,0.0015709500294178724
99,HVSA1155,0.00897498894482851,0.35187917947769165,0.021084176376461983,0.01729263924062252,0.2190801352262497
100,MyStutteringLife838,0.08108557760715485,0.47142526507377625,0.4420466423034668,0.0433504693210125,0.3805736005306244
101,WomenWhoStutter5233,0.09321066737174988,0.006515319459140301,0.00014821745571680367,6.025334005244076e-05,0.0054494114592671394
102,StrongVoices420,0.07396358996629715,0.612213671207428,0.1226947084069252,0.0008371377480216324,0.00415523536503315
103,HeStutters257,0.008780000731348991,0.16337130963802338,0.23341359198093414,0.39086395502090454,0.02965647540986538
104,WomenWhoStutter252,0.05744558572769165,0.11958698183298111,0.003502155188471079,0.007844126783311367,0.9802626967430115
105,HVSA03,0.01770317554473877,0.21932189166545868,0.058624666184186935,0.02919372171163559,0.8072452545166016
106,StutterTalk2662,0.004219979979097843,0.21314959228038788,0.11810432374477386,0.4296211004257202,0.17935438454151154
107,StutteringIsCool223,0.07469692826271057,0.05018983036279678,0.0008678167359903455,8.275378058897331e-05,0.000769936537835747
108,StrongVoices237,0.28521978855133057,0.03911831974983215,0.0975019708275795,0.09067487716674805,0.011660834774374962
109,StutteringIsCool4910,0.004795736167579889,0.22760045528411865,0.009371782653033733,0.0010558255016803741,0.0026902002282440662
110,HeStutters11127,0.22710302472114563,0.06120966374874115,0.0012927701463922858,5.835383490193635e-05,0.0033214378636330366
111,StrongVoices281,0.1875237673521042,0.05907903611660004,0.0010122808162122965,2.817296626744792e-05,0.002159087685868144
112,StutteringIsCool8075,0.09487881511449814,0.37383562326431274,0.115727998316288,0.045036714524030685,0.44581323862075806
113,StutterTalk2651,0.002848575124517083,0.08655919879674911,0.0018271887674927711,0.0096488231793046,0.004236812703311443
114,WomenWhoStutter3019,0.15123350918293,0.027441252022981644,0.0016530370339751244,0.0013416677247732878,0.2594108581542969
115,StutterTalk8137,0.039506640285253525,0.26269105076789856,0.06944675743579865,0.14948926866054535,0.6094929575920105
116,WomenWhoStutter249,0.0045691425912082195,0.07077280431985855,0.0005605987971648574,0.00025719738914631307,0.002896872814744711
117,WomenWhoStutter42129,0.0036766845732927322,0.04937651753425598,0.0015324805863201618,0.003030533669516444,0.004555112682282925
118,WomenWhoStutter3051,0.6384568214416504,0.023343021050095558,0.01817048341035843,0.002968455897644162,0.001607294543646276
119,StutterTalk2224,0.007493716664612293,0.01966913603246212,0.0012643400114029646,0.013050808571279049,0.0325520858168602
120,StutterTalk6467,0.477560818195343,0.044959355145692825,0.0037219615187495947,0.00014941964764147997,0.0028106849640607834
121,StutteringIsCool8023,0.0004298877902328968,0.006040180567651987,0.0015986552461981773,0.00701083242893219,0.0003727268485818058
122,StrongVoices3294,0.009012686088681221,0.267520934343338,0.011145936325192451,0.006058595608919859,0.0025582388043403625
123,StutterTalk1219,0.43571263551712036,0.031155996024608612,0.0005148049676790833,4.79209229524713e-05,0.8339483141899109
124,StrongVoices2368,0.3627476692199707,0.24925987422466278,0.014635743573307991,0.00029130090842954814,0.007325038779526949
125,StutterTalk297,0.0011331323767080903,0.06420697271823883,0.015879841521382332,0.5105622410774231,0.004460328724235296
126,StrongVoices2623,0.11254733800888062,0.543323278427124,0.27048298716545105,0.010539259761571884,0.03020571731030941
127,StutterTalk867,0.011227772571146488,0.105705626308918,0.014031048864126205,0.2339649647474289,0.4629059135913849
128,StrongVoices1070,0.1190997064113617,0.030038371682167053,0.0017826739931479096,0.0015552189433947206,0.049363866448402405
129,StutterTalk8171,0.21825172007083893,0.06479724496603012,0.014219597913324833,0.0712675228714943,0.9801479578018188
130,WomenWhoStutter21164,0.07038602977991104,0.22309106588363647,0.06887678802013397,0.8968506455421448,0.04384419694542885
131,StutterTalk3720,0.02299085631966591,0.10988131910562515,0.030446037650108337,0.25931316614151,0.8646431565284729
132,WomenWhoStutter109,0.24906489253044128,0.07464178651571274,0.015603126026690006,0.0029754287097603083,0.032554201781749725
133,StutterTalk26171,0.0016266738530248404,0.09939587861299515,0.006428739055991173,0.04440637677907944,0.008229879662394524
134,StutterTalk151,0.004218210931867361,0.04730222374200821,0.016992555931210518,0.06945603340864182,0.04222831130027771
135,WomenWhoStutter2213,0.3796442151069641,0.2880474328994751,0.025074748322367668,0.01337311789393425,0.6037558317184448
136,StrongVoices521,0.01459280401468277,0.224080890417099,0.005895518697798252,0.00019717543909791857,0.002905088011175394
137,WomenWhoStutter6912,0.12167071551084518,0.14101991057395935,0.02247316762804985,0.6037563681602478,0.8111637234687805
138,HVSA036,0.11196234822273254,0.4177648425102234,0.08967764675617218,0.0024513774551451206,0.007034057751297951
139,StutteringIsCool2335,0.09763817489147186,0.15708027780056,0.029636647552251816,0.012880743481218815,0.8819746971130371
140,HVSA3146,0.019948462024331093,0.16055741906166077,0.8174406886100769,0.027571946382522583,0.005524083506315947
141,HVSA213,0.008552789688110352,0.2997617721557617,0.07380075007677078,0.0005548077169805765,0.0012332946062088013
142,StutteringIsCool34176,0.2083347737789154,0.13235382735729218,0.007298413198441267,0.0019976135808974504,0.9072068333625793
143,StrongVoices1331,0.1241462230682373,0.23580065369606018,0.1739226132631302,0.08329694718122482,0.01630803756415844
144,WomenWhoStutter2635,0.4919939935207367,0.4003452956676483,0.12117964774370193,0.04517218470573425,0.017625678330659866
145,StutterTalk5923,0.006081743165850639,0.20858554542064667,0.005504620261490345,0.011891948990523815,0.019132276996970177
146,HVSA027,0.032972726970911026,0.21148881316184998,0.010187529027462006,0.003138164756819606,0.018511049449443817
147,StrongVoices438,0.01638917438685894,0.1502452939748764,0.08962821215391159,0.5682787299156189,0.023044701665639877
148,StutterTalk64191,0.05314416438341141,0.3755102753639221,0.04830319061875343,0.018664725124835968,0.3926113545894623
149,HVSA212,0.15054886043071747,0.5340577960014343,0.2871806025505066,0.0034518204629421234,0.016183272004127502
150,WomenWhoStutter2184,0.12522833049297333,0.5107572078704834,0.1632065325975418,0.005865560378879309,0.7282171249389648
151,StrongVoices3292,0.3730590045452118,0.23462635278701782,0.05108656361699104,0.010569342412054539,0.05182398855686188
152,StutteringIsCool7331,0.05565928667783737,0.4316122531890869,0.12413070350885391,0.09114070236682892,0.7942207455635071
153,StrongVoices123,0.007704135496169329,0.01755165494978428,0.0014570492785423994,0.006816145032644272,0.0023642932064831257
154,StrongVoices1017,0.039335690438747406,0.11499929428100586,0.01490716077387333,0.023065676912665367,0.18415024876594543
155,StutterTalk6453,0.03898761793971062,0.12381725013256073,0.03006068617105484,0.6482506394386292,0.0662914291024208
156,IStutterSoWhat0100,0.2076541930437088,0.35791370272636414,0.05575849488377571,0.08683447539806366,0.7193850874900818
157,WomenWhoStutter9757,0.09392914921045303,0.13179050385951996,0.012066187337040901,0.007385388948023319,0.9193277955055237
158,StutteringIsCool2811,0.2037428468465805,0.1601060926914215,0.0041397493332624435,0.0001353469560854137,0.0029629934579133987
159,StutterTalk4816,0.016044888645410538,0.1541910469532013,0.020902208983898163,0.0811387225985527,0.2892201542854309
160,StutterTalk26180,0.18492357432842255,0.37352705001831055,0.08780848234891891,0.006617486476898193,0.05478496477007866
161,StutterTalk304,0.03843149170279503,0.32700714468955994,0.10467521101236343,0.004861909430474043,0.9056268930435181
162,HVSA339,0.003937525674700737,0.03814785182476044,0.001644978765398264,0.00016103642701637,0.0025903594214469194
163,WomenWhoStutter221,0.08002640306949615,0.3338794708251953,0.7045360207557678,0.0011852680472657084,0.06175081431865692
164,HeStutters328,0.00536483246833086,0.08399323374032974,0.08939783275127411,0.8248416781425476,0.029769932851195335
165,StutterTalk6314,0.029342597350478172,0.6020109057426453,0.044109880924224854,0.0009294593473896384,0.08743853867053986
166,StutteringIsCool1430,0.05946827307343483,0.0028582296799868345,0.00013247922470327467,0.00016247112944256514,0.004414855968207121
167,StutterTalk2218,0.2739984691143036,0.14754629135131836,0.0767367035150528,0.24265296757221222,0.9524588584899902
168,HVSA0114,0.05144664645195007,0.5100274085998535,0.1535625457763672,0.034391555935144424,0.04670634865760803
169,WomenWhoStutter4616,0.008713122457265854,0.08396363258361816,0.024485018104314804,0.0037830884102731943,0.002786350669339299
170,HeStutters12164,0.19474439322948456,0.20735664665699005,0.456777423620224,0.27551960945129395,0.9513159394264221
171,StutterTalk26159,0.09431084990501404,0.04696744307875633,0.003113538259640336,0.002177335089072585,0.027661476284265518
172,WomenWhoStutter21165,0.6573960781097412,0.005931035615503788,0.000291469506919384,3.770520561374724e-05,0.02402465231716633
173,StutterTalk37113,0.17802737653255463,0.2466965764760971,0.011709739454090595,0.0025469406973570585,0.039412304759025574
174,HeStutters19126,0.0027045283932238817,0.06704481691122055,0.04695615917444229,0.5173418521881104,0.021762337535619736
175,StutteringIsCool7024,0.0006653848686255515,0.003236697055399418,0.00013362652680370957,6.93140464136377e-05,0.00011199815344298258
176,StrongVoices226,0.11589059233665466,0.5597280859947205,0.03245898708701134,9.045618207892403e-05,0.010781180113554
177,StutteringIsCool8091,0.07337013632059097,0.11348497867584229,0.08829229325056076,0.9629971981048584,0.3169875144958496
178,StutterTalk2634,0.9464038014411926,0.04139870032668114,0.014027809724211693,0.001789916423149407,0.04824293404817581
179,StrongVoices21142,0.09287937730550766,0.39367565512657166,0.1635347157716751,0.10026214271783829,0.8216164708137512
180,WomenWhoStutter1033,0.16151069104671478,0.5371143817901611,0.09157101064920425,0.01411372609436512,0.026439107954502106
181,StutteringIsCool3725,0.8622149229049683,0.16912910342216492,0.08374332636594772,0.0007730537327006459,0.3819426894187927
182,HeStutters16186,0.001594244735315442,0.09650503844022751,0.010320240631699562,0.031209168955683708,0.1925993412733078
183,WomenWhoStutter9039,0.005918106064200401,0.15081237256526947,0.032551489770412445,0.012961402535438538,0.03059941902756691
184,StrongVoices32169,0.4045746624469757,0.15080054104328156,0.0039032064378261566,8.738716860534623e-05,0.019741391763091087
185,WomenWhoStutter2195,0.1582375317811966,0.15017394721508026,0.01115807332098484,0.004265995230525732,0.03584418445825577
186,StrongVoices32146,0.5850030779838562,0.043676022440195084,0.03313857689499855,0.6763614416122437,0.5846940279006958
187,WomenWhoStutter62170,0.03619978576898575,0.16681386530399323,0.015343626961112022,0.03594919294118881,0.9095576405525208
188,MyStutteringLife54,0.010237202979624271,0.1519804149866104,0.0018816207302734256,0.0006937637226656079,0.009735405445098877
189,StutteringIsCool2829,0.000499844434671104,0.008363308385014534,0.0002763377851806581,0.0008984737796708941,0.0006472107488662004
190,StrongVoices23202,0.21863749623298645,0.45839348435401917,0.27725887298583984,0.0007432745769619942,0.006970918271690607
191,WomenWhoStutter6831,0.02995847538113594,0.45513594150543213,0.5808442831039429,0.39441755414009094,0.06265437602996826
192,WomenWhoStutter30141,0.007102000992745161,0.12015099823474884,0.004428771324455738,0.003030487336218357,0.07217024266719818
193,WomenWhoStutter7929,0.02096206322312355,0.614047646522522,0.4393254816532135,0.015219127759337425,0.015555180609226227
194,StrongVoices6178,0.214782252907753,0.48802483081817627,0.14422687888145447,0.019724547863006592,0.7760619521141052
195,StutterTalk3825,0.019568197429180145,0.02084607258439064,0.005357034504413605,0.011326412670314312,0.3368092179298401
196,StrongVoices919,0.0506647452712059,0.18991877138614655,0.017498699948191643,0.007294744718819857,0.33787861466407776
197,StutterTalk64113,0.0003727434086613357,0.007081218063831329,0.00036363754770718515,8.186551713151857e-05,0.00015078090655151755
198,HeStutters1896,0.054058853536844254,0.17280179262161255,0.021945131942629814,0.006607638671994209,0.956603467464447
199,StutterTalk68181,0.00562632642686367,0.12396860122680664,0.0027683433145284653,0.0025015072897076607,0.5111142992973328
200,WomenWhoStutter10830,0.2521337866783142,0.21734067797660828,0.04026583954691887,0.05848033353686333,0.19480112195014954
201,WomenWhoStutter10159,0.028464660048484802,0.2812814712524414,0.028049012646079063,0.35316231846809387,0.674066960811615
202,WomenWhoStutter9791,0.05575942620635033,0.4373615086078644,0.12452950328588486,0.01142896432429552,0.21685278415679932
203,WomenWhoStutter5818,0.05728810280561447,0.33614030480384827,0.5283312797546387,0.2669365704059601,0.25950440764427185
204,WomenWhoStutter2150,0.009786481969058514,0.1290162354707718,0.006199884694069624,0.0003933505213353783,0.935934841632843
205,HVSA189,0.008753745816648006,0.2104290872812271,0.7226120233535767,0.1288636326789856,0.02399308606982231
206,WomenWhoStutter3014,0.0001494260795880109,0.005872613284736872,8.588820492150262e-05,3.935286804335192e-05,5.580232391366735e-05
207,HeStutters1912,0.004167886450886726,0.0931059718132019,0.03604811802506447,0.3987581729888916,0.020014941692352295
208,StrongVoices02,0.008589228615164757,0.3501203954219818,0.004908199887722731,7.015973824309185e-05,0.0016961453948169947
209,StutterTalk1422,0.5731267333030701,0.043866705149412155,0.008193651214241982,0.04622207581996918,0.9276193380355835
210,StutterTalk26170,0.022133270278573036,0.3618033826351166,0.11611875146627426,0.06547144055366516,0.8530762195587158
211,StutterTalk3422,0.005684311501681805,0.07759548723697662,0.0006618531770072877,9.616438183002174e-05,0.001749007380567491
212,StrongVoices21119,0.821945309638977,0.13075567781925201,0.10954218357801437,0.0031326417811214924,0.06378160417079926
213,StutterTalk378,0.009201246313750744,0.2950643301010132,0.1157640591263771,0.022113710641860962,0.0013907764805480838
214,StutteringIsCool7911,0.024998700246214867,0.3543897569179535,0.09129662811756134,0.00028384305187501013,0.006851755548268557
215,StrongVoices6200,0.7281977534294128,0.1896454393863678,0.027456261217594147,0.08145911246538162,0.30005887150764465
216,StutterTalk760,0.1022186353802681,0.038741808384656906,0.0003978501772508025,0.00011189619544893503,0.9830030798912048
217,StutterTalk7915,0.01011376641690731,0.03070618025958538,0.0016248278552666306,0.0023438301868736744,0.1505776345729828
218,StutterTalk64179,0.254790723323822,0.06145275756716728,0.02149388939142227,0.31276610493659973,0.8506917953491211
219,WomenWhoStutter4322,0.7211256623268127,0.08059750497341156,0.05545419082045555,0.18651390075683594,0.030639149248600006
220,StrongVoices1718,0.635831892490387,0.36128005385398865,0.22898441553115845,0.4442776143550873,0.05507948249578476
221,StrongVoices80,0.03796077519655228,0.13414041697978973,0.003395387204363942,0.0008107495377771556,0.00986185297369957
222,StutterTalk309,0.06835886090993881,0.11840107291936874,0.01902046613395214,0.003079487942159176,0.00801811646670103
223,StrongVoices32153,0.020270058885216713,0.17244653403759003,0.0008688920061104,3.0144607080728747e-05,0.0017071830807253718
224,IStutterSoWhat063,0.021995646879076958,0.053444650024175644,0.0010439760517328978,0.002001685556024313,0.024661654606461525
225,WomenWhoStutter973,0.010237619280815125,0.28802230954170227,0.006995940115302801,0.0005658208974637091,0.004585284739732742
226,MyStutteringLife815,0.0108549939468503,0.14035114645957947,0.0016955642495304346,0.0343574658036232,0.01869932748377323
227,WomenWhoStutter97106,0.008109758608043194,0.21089358627796173,0.23296141624450684,0.7890715599060059,0.010615216568112373
228,StrongVoices19,0.19294972717761993,0.13267138600349426,0.010286874137818813,0.0041272989474236965,0.022848427295684814
229,HeStutters55,0.027973782271146774,0.3977707028388977,0.3421415090560913,0.17503127455711365,0.16023656725883484
230,StutterTalk6215,0.26922717690467834,0.015947772189974785,0.0012924161273986101,0.0011543416185304523,0.01868095062673092
231,StutterTalk917,0.6144390106201172,0.05246904492378235,0.0009497965220361948,6.656203913735226e-05,0.016419582068920135
232,WomenWhoStutter1423,0.03254625201225281,0.34553396701812744,0.7625521421432495,0.016981424763798714,0.015003673732280731
233,HeStutters1193,0.0005323569057509303,0.010758939199149609,0.0009204622474499047,0.0017608426278457046,0.0006018540007062256
234,StrongVoices1230,0.02021421119570732,0.4069540798664093,0.22232936322689056,0.011125458404421806,0.009477450512349606
235,HeStutters104,0.05214924365282059,0.3559226989746094,0.4873543381690979,0.6242604851722717,0.06990335881710052
236,HeStutters1698,0.20866398513317108,0.26367834210395813,0.05269516259431839,0.01218132022768259,0.034745924174785614
237,StutterTalk6429,0.16120527684688568,0.014567922800779343,0.0006522826151922345,0.00023758136376272887,0.005532146897166967
238,HeStutters11124,0.012792253866791725,0.08872382342815399,0.009868908673524857,0.41814011335372925,0.09001541882753372
239,WomenWhoStutter2725,0.004743231926113367,0.5879548192024231,0.029302988201379776,0.0010084942914545536,0.003143361769616604
240,WomenWhoStutter1329,0.48789143562316895,0.13121427595615387,0.02638440579175949,0.3949604034423828,0.1984291970729828
241,WomenWhoStutter2117,0.07901550084352493,0.2220170944929123,0.012185072526335716,0.0010949871502816677,0.0037925310898572206
242,WomenWhoStutter321,0.003541073063388467,0.11898268759250641,0.0009121898910962045,3.0483937734970823e-05,0.0005518121179193258
243,StrongVoices23168,0.018213829025626183,0.2866674065589905,0.003894711611792445,0.00017681863391771913,0.004517244175076485
244,StrongVoices234,0.04298023879528046,0.6071567535400391,0.06096150353550911,0.001843182952143252,0.008207173086702824
245,StutteringIsCool3331,0.004388399422168732,0.350544273853302,0.4691516160964966,0.12760014832019806,0.06243887543678284
246,StutteringIsCool238,0.003738510888069868,0.02379288338124752,0.002800223883241415,0.011206432245671749,0.575262188911438
247,HeStutters1152,0.023551277816295624,0.40008050203323364,0.4809298813343048,0.37327608466148376,0.28048402070999146
248,HVSA277,0.013132346794009209,0.20236057043075562,0.010770225897431374,0.0009307008585892618,0.004417680203914642
249,WomenWhoStutter250,0.11060360074043274,0.23652860522270203,0.05841654911637306,0.05716791749000549,0.050568412989377975
250,HeStutters11159,0.01566394232213497,0.12042739242315292,0.013116979971528053,0.0038180218543857336,0.002569346223026514
251,StutterTalk166,0.03441458195447922,0.5616859793663025,0.31241217255592346,0.04403667151927948,0.22515633702278137
252,WomenWhoStutter3043,0.00587249081581831,0.004347831942141056,0.0013561421073973179,0.003948796074837446,0.0010682990541681647
253,StrongVoices1071,0.0010944907553493977,0.020485639572143555,0.0002959732082672417,5.644773773383349e-05,0.00013193751510698348
254,StutterTalk134,0.23942343890666962,0.44848495721817017,0.20852859318256378,0.16255900263786316,0.6449550986289978
255,StrongVoices32181,0.018740812316536903,0.3484776020050049,0.04703580588102341,0.014351241290569305,0.08072026818990707
256,StutteringIsCool18,0.0008799150818958879,0.008985691703855991,0.0024897712282836437,0.03633936122059822,0.0011445966083556414
257,StutterTalk3428,0.0017088684253394604,0.023683011531829834,0.0017320251790806651,0.031061319634318352,0.005173328332602978
258,StutterTalk6419,0.2405751794576645,0.07899024337530136,0.0029534902423620224,0.0066159856505692005,0.9534110426902771
259,StutteringIsCool34184,0.329401433467865,0.23379959166049957,0.053496018052101135,0.5499990582466125,0.4108674228191376
260,WomenWhoStutter10215,0.010503780096769333,0.20622044801712036,0.01882760599255562,0.009890749119222164,0.0016591072781011462
261,StutteringIsCool7934,0.07276620715856552,0.12296203523874283,0.0037474266719073057,0.0003435560211073607,0.0033466406166553497
262,StutterTalk2658,0.015491832979023457,0.14334185421466827,0.05886406823992729,0.6193896532058716,0.6845853328704834
263,StrongVoices038,0.011882773600518703,0.06119880825281143,0.0009834442753344774,4.182553675491363e-05,0.00042040564585477114
264,StutteringIsCool2332,0.11135675758123398,0.28022778034210205,0.03801947832107544,0.10214641690254211,0.8157998323440552
265,StutterTalk7714,0.06990715861320496,0.1050129160284996,0.020004652440547943,0.10041758418083191,0.5023348927497864
266,StutterTalk2528,0.008727936074137688,0.2087664157152176,0.07499537616968155,0.8577297329902649,0.11158781498670578
267,StutterTalk3740,0.45472121238708496,0.058082032948732376,0.0065485332161188126,0.003218316473066807,0.7949538826942444
268,HVSA222,0.15381821990013123,0.3106558620929718,0.02327241748571396,0.0017514610663056374,0.025863083079457283
269,WomenWhoStutter10156,0.24343560636043549,0.09455037862062454,0.010370594449341297,0.008595813065767288,0.7779609560966492
270,StrongVoices1419,0.7358539700508118,0.020090846344828606,0.004184893798083067,0.000924290856346488,0.008999170735478401
271,WomenWhoStutter2117,0.021295424550771713,0.1324620544910431,0.04321598261594772,0.21801312267780304,0.8811820149421692
272,HVSA175,0.042560018599033356,0.5588585138320923,0.17831911146640778,0.026464805006980896,0.016330258920788765
273,StutterTalk1225,0.1937987059354782,0.02200639806687832,0.0034277825616300106,0.0007457169122062624,0.03449895232915878
274,HVSA187,0.015976212918758392,0.2772884666919708,0.08481762558221817,0.2181140035390854,0.08897241950035095
275,WomenWhoStutter4332,0.024699395522475243,0.03129955381155014,0.0017878744984045625,0.00911704357713461,0.03556666895747185
276,WomenWhoStutter14116,0.00451723812147975,0.2883715331554413,0.016234323382377625,0.00010250315244775265,0.0015362610574811697
277,StutterTalk606,0.015237448737025261,0.48414623737335205,0.017168588936328888,0.0008840358932502568,0.004501603078097105
278,StrongVoices2329,0.1339394897222519,0.22392982244491577,0.05420481413602829,0.00019719480769708753,0.0022151614539325237
279,StrongVoices21122,0.009416884742677212,0.3716210424900055,0.0107578681781888,0.002763505792245269,0.009846842847764492
280,StutteringIsCool6912,0.0009539183811284602,0.04556702449917793,0.035469990223646164,0.5460016131401062,0.3648656904697418
281,StrongVoices311,0.05755550414323807,0.02345617488026619,0.0026345064397901297,0.003377981251105666,0.013977952301502228
282,HeStutters1172,0.002844390459358692,0.0020335461013019085,0.0038466162513941526,0.17314007878303528,0.0008773992885835469
283,WomenWhoStutter6331,0.22467996180057526,0.029311001300811768,0.0019451889675110579,0.0008249084348790348,0.03421303629875183
284,StutteringIsCool8127,0.04306335374712944,0.2932313084602356,0.15232203900814056,0.006172785069793463,0.015562916174530983
285,StrongVoices10120,0.022436341270804405,0.029936982318758965,0.0011100501287728548,0.000149038722156547,0.002363828709349036
286,StutterTalk25182,0.0056228297762572765,0.05818362534046173,0.0025300064589828253,0.001566990395076573,0.0017021308885887265
287,StrongVoices21131,0.007967766374349594,0.2698756456375122,0.001545278006233275,0.00025536015164107084,0.0013816712889820337
288,WomenWhoStutter81128,0.002725002123042941,0.016366606578230858,0.00018089763761963695,5.8888479543384165e-05,0.0001578111114213243
289,StrongVoices08,0.025345932692289352,0.07465077936649323,0.0007885852246545255,1.0258141855956637e-06,0.00015430185885634273
290,StutterTalk8168,0.001421692781150341,0.1139320358633995,0.11541688442230225,0.004427867475897074,0.0012504678452387452
291,StutterTalk3728,0.5832244157791138,0.13362160325050354,0.08898958563804626,0.03480805084109306,0.040127817541360855
292,StrongVoices21178,0.0007221423438750207,0.047448787838220596,0.0016229862812906504,0.00016464652435388416,0.0005906422738917172
293,StutteringIsCool805,0.007252038922160864,0.010546034201979637,0.0005031837499700487,0.0002611873496789485,0.002680391538888216
294,StutterTalk6355,0.030216172337532043,0.28205740451812744,0.0058584557846188545,0.0003733289195224643,0.02250887081027031
295,WomenWhoStutter215,0.3189663589000702,0.02888278290629387,0.00021591709810309112,2.3898515792097896e-05,0.9867472648620605
296,WomenWhoStutter81124,0.008141903206706047,0.16061286628246307,0.002776065608486533,0.0037384042516350746,0.17497961223125458
297,StutteringIsCool3729,0.025000983849167824,0.3911377489566803,0.11829832196235657,0.0008341502398252487,0.004093690309673548
298,WomenWhoStutter1422,0.401043564081192,0.2790949046611786,0.09013121575117111,0.08189426362514496,0.632041335105896
299,StrongVoices2147,0.05096273496747017,0.1715412437915802,0.006257196422666311,6.016280167386867e-05,0.0005691566038876772
300,StutteringIsCool619,0.004976637661457062,0.15166233479976654,0.004469911567866802,0.0030539047438651323,0.005306767765432596
301,StrongVoices011,0.0006921883323229849,0.01839718222618103,0.0001401873305439949,9.834013326326385e-06,0.00017285216017626226
302,StutterTalk6346,0.061029013246297836,0.17343224585056305,0.036759138107299805,0.5267401933670044,0.5983276963233948
303,HeStutters12212,0.01537124440073967,0.4813002943992615,0.6148796677589417,0.012098584324121475,0.014907462522387505
304,WomenWhoStutter97200,0.12988044321537018,0.17818738520145416,0.012193834409117699,0.0004008570977021009,0.9779481887817383
305,WomenWhoStutter8625,0.03548267483711243,0.03558436036109924,0.03575880452990532,0.48151326179504395,0.43855708837509155
306,WomenWhoStutter2196,0.05934853106737137,0.208390012383461,0.3241901397705078,0.0386371873319149,0.44166868925094604
307,HVSA29,0.18723413348197937,0.27134042978286743,0.8200867176055908,0.006882105488330126,0.13207446038722992
308,StutteringIsCool552,0.0006587941898033023,0.004911733791232109,0.0004057818732690066,0.0006416282849386334,0.00029989410541020334
309,StrongVoices2832,0.00028987493715249,0.004208048339933157,4.8397447244497016e-05,5.777768819825724e-05,8.073749631876126e-05
310,WomenWhoStutter88,0.017667008563876152,0.35070544481277466,0.7930605411529541,0.024193597957491875,0.02155201882123947
311,StutteringIsCool34179,0.03355814144015312,0.16953495144844055,0.027598140761256218,0.7203007936477661,0.013564879074692726
312,StutteringIsCool3815,0.04091929644346237,0.12786713242530823,0.023460078984498978,0.010076197795569897,0.714333713054657
313,StutterTalk4935,0.019943518564105034,0.4520101547241211,0.1639643907546997,0.016744915395975113,0.009181869216263294
314,HVSA030,0.014821604825556278,0.2606356143951416,0.007923804223537445,0.03229691460728645,0.04220433533191681
315,WomenWhoStutter86142,0.11966029554605484,0.07718229293823242,0.0008782712975516915,9.290712478104979e-05,0.9876368045806885
316,StutterTalk593,0.0007336175767704844,0.10497377812862396,0.14859901368618011,0.9149459600448608,0.009848442859947681
317,StutterTalk125,0.026304474100470543,0.0250198096036911,0.0013842586195096374,0.004204778466373682,0.00027454469818621874
318,StrongVoices1056,0.011100830510258675,0.0947488471865654,0.004843563307076693,0.005547141190618277,0.791390061378479
319,HeStutters1826,0.0238018948584795,0.07326052337884903,0.0032018942292779684,0.009281236678361893,0.06384897977113724
320,StrongVoices10104,0.00892702117562294,0.18890681862831116,0.07319282740354538,0.015538904815912247,0.0046962411142885685
321,StrongVoices631,0.038535214960575104,0.3106173872947693,0.001728310715407133,3.1520481570623815e-05,0.0021818296518176794
322,StutterTalk016,0.3041706383228302,0.05459403246641159,0.0029007294215261936,0.00012502119352575392,0.004127293359488249
323,HVSA096,0.012173954397439957,0.2088260054588318,0.0548928938806057,0.04540209472179413,0.4711986780166626
324,StrongVoices135,0.009458543732762337,0.08704163879156113,0.0021473465021699667,0.004532464314252138,0.024198589846491814
325,StutteringIsCool2925,7.270165224326774e-05,0.002826491603627801,0.0001688913907855749,0.00040131749119609594,0.00017176257097162306
326,WomenWhoStutter2134,0.8485856056213379,0.02888835221529007,0.007661007810384035,0.0004782812902703881,0.00483986921608448
327,StutterTalk468,0.0007912853034213185,0.0012852816144004464,5.439206233859295e-06,8.275063123619475e-08,4.529184479906689e-06
328,StutterTalk7734,0.000810272351372987,0.023900695145130157,0.0027557818684726954,0.0017714250134304166,0.0003763581335078925
329,WomenWhoStutter768,0.03763864189386368,0.17445501685142517,0.01731771230697632,0.0009189480333589017,0.004289494827389717
330,WomenWhoStutter14126,0.08069854229688644,0.176249161362648,0.0032383406069129705,0.0006793668144382536,0.04360590875148773
331,HeStutters2111,0.007329624146223068,0.310085266828537,0.3037707805633545,0.0028501141350716352,0.0007617500377818942
332,StutterTalk64118,0.7055069804191589,0.04122917726635933,0.008857219479978085,0.00400729663670063,0.008814936503767967
333,WomenWhoStutter86,0.013334905728697777,0.15178781747817993,0.9123091697692871,0.0010472105350345373,0.014031432569026947
334,StutterTalk2681,0.005247105378657579,0.05164390057325363,0.0025374405086040497,0.0018317995127290487,0.002385578118264675
335,HeStutters1279,0.006332593970000744,0.4876767694950104,0.4247716963291168,0.001651701983064413,0.0031724944710731506
336,WomenWhoStutter2161,0.028082091361284256,0.2555558681488037,0.016807522624731064,0.05727754533290863,0.05369364470243454
337,StrongVoices1010,0.4838477671146393,0.5044547319412231,0.19898544251918793,0.006499830633401871,0.36297720670700073
338,HeStutters16158,0.046167053282260895,0.39278164505958557,0.14575602114200592,0.00899374671280384,0.005246421322226524
339,StutteringIsCool3823,0.07898268103599548,0.6011853218078613,0.4625663757324219,0.010455609299242496,0.030497971922159195
340,HVSA077,0.12841710448265076,0.15939611196517944,0.004855794832110405,0.0007293451926670969,0.03954080492258072
341,StutterTalk63105,0.36594271659851074,0.4362752437591553,0.4682067632675171,0.04238574579358101,0.474151611328125
342,StutteringIsCool2721,0.0166259054094553,0.49825718998908997,0.12383643537759781,0.009527621790766716,0.010428661480545998
343,HVSA2130,0.6859224438667297,0.00632823258638382,0.00023514704662375152,0.00013576626952271909,0.0160191860049963
344,StutteringIsCool178,0.11885096877813339,0.38337525725364685,0.1449994444847107,0.051665402948856354,0.8871135711669922
345,StutterTalk181,0.008870352990925312,0.2634890675544739,0.03688805550336838,0.13085177540779114,0.04191488400101662
346,StutteringIsCool237,0.6499233841896057,0.07284840196371078,0.037825971841812134,0.004084805492311716,0.02540736272931099
347,HeStutters1943,0.12072955071926117,0.12489672750234604,0.0011213618563488126,0.00021382106933742762,0.9246247410774231
348,WomenWhoStutter2176,0.004060707986354828,0.30841195583343506,0.025455601513385773,0.006798890419304371,0.009980181232094765
349,HVSA396,0.00020559551194310188,0.09068664163351059,0.10674183815717697,0.024058779701590538,0.000282231776509434
350,StutterTalk2683,0.0016229144530370831,0.21109750866889954,0.0028391422238200903,0.008709053508937359,0.08252613991498947
351,StutteringIsCool1739,0.01743137463927269,0.15926159918308258,0.005115184932947159,0.003617774462327361,0.01790761388838291
352,WomenWhoStutter6914,0.011835445649921894,0.1255749613046646,0.007927426137030125,0.03812815621495247,0.09036674350500107
353,StutteringIsCool5513,0.016793668270111084,0.07425349205732346,0.004040840081870556,0.003141110995784402,0.4243581295013428
354,StrongVoices2628,0.0006667556590400636,0.17635266482830048,0.0012534919660538435,7.987399294506758e-05,0.0002490069018676877
355,StrongVoices125,0.34196585416793823,0.26283639669418335,0.006990578956902027,2.1365745851653628e-05,0.003058374859392643
356,HeStutters1899,0.3868783414363861,0.2529945373535156,0.028787191957235336,0.004257310647517443,0.18046586215496063
357,MyStutteringLife390,0.00041071537998504937,0.0009437658591195941,3.694790393637959e-06,6.437488053734342e-08,3.2593866308161523e-06
358,StutteringIsCool22,0.005579893942922354,0.2148822546005249,0.8663603663444519,0.09998129308223724,0.02301185391843319
359,WomenWhoStutter3721,0.0196573156863451,0.5362167954444885,0.31400614976882935,0.17266330122947693,0.21617230772972107
360,StrongVoices73,0.017583345994353294,0.07193434238433838,0.05051574856042862,0.052204012870788574,0.004570268094539642
361,StutteringIsCool7335,0.04541276767849922,0.4183468818664551,0.3215596079826355,0.3234602212905884,0.41027557849884033
362,StrongVoices2534,0.0038261846639215946,0.020452003926038742,0.0009557619341649115,0.0030445142183452845,0.009537504985928535
363,WomenWhoStutter2186,0.2470606416463852,0.5359792709350586,0.2982712388038635,0.008028925396502018,0.18541677296161652
364,StutterTalk6922,0.46798351407051086,0.22614611685276031,0.010631851851940155,6.138654862297699e-05,0.013944735750555992
365,StutterTalk37165,0.013170809485018253,0.014355645515024662,0.00027632355340756476,2.0046609279233962e-05,0.00035688947536982596
366,StutterTalk64157,0.0007944740355014801,0.0037431581877171993,0.00011293686111457646,0.00026806056848727167,0.0003987922100350261
367,StrongVoices18,0.021357335150241852,0.11694120615720749,0.0024550496600568295,0.00011865053238580003,0.0011689740931615233
368,HeStutters1612,0.0017929221503436565,0.03248872235417366,0.0038592126220464706,0.025758573785424232,0.018150927498936653
369,StutterTalk1522,0.40668734908103943,0.061707280576229095,0.022220252081751823,0.003985571675002575,0.0009765136055648327
370,StutterTalk8172,0.015735656023025513,0.046996764838695526,0.002780542941763997,0.27235090732574463,0.0712047889828682
371,StrongVoices3334,0.019739799201488495,0.08037880808115005,0.0009021612349897623,0.00010617898078635335,0.02941305562853813
372,WomenWhoStutter825,0.10945240408182144,0.23774170875549316,0.030289771035313606,0.005435340106487274,0.8957846760749817
373,StrongVoices2824,0.04608553647994995,0.06721813231706619,0.01525422278791666,0.2047789841890335,0.7702288031578064
374,StutterTalk64141,0.001877407543361187,0.16483794152736664,0.011791693046689034,0.00044647345202974975,0.0004908043192699552
375,HeStutters106,0.08479656279087067,0.5124895572662354,0.5086827278137207,0.029720919206738472,0.12843064963817596
376,HeStutters1617,0.12153001129627228,0.08105205744504929,0.0023329374380409718,0.00044065204565413296,0.6557884812355042
377,StutteringIsCool2339,0.00555679015815258,0.07316511124372482,0.024672221392393112,0.5711283683776855,0.4296559989452362
378,StutterTalk8158,0.034281324595212936,0.05821735039353371,0.0012090050149708986,0.001773269148543477,0.979710578918457
379,IStutterSoWhat0125,0.1076262891292572,0.2127649337053299,0.013998747803270817,0.0023660720326006413,0.7751933932304382
380,StutterTalk6442,0.4958900511264801,0.06112975254654884,0.005060034338384867,0.0006933850236237049,0.6711995005607605
381,WomenWhoStutter100,0.19185926020145416,0.21815350651741028,0.05717451497912407,0.003405936760827899,0.013093040324747562
382,StutteringIsCool737,0.0013270708732306957,0.06985267996788025,0.04170166328549385,0.7782307267189026,0.07833252102136612
383,StrongVoices2814,0.1655031144618988,0.08120672404766083,0.0028324772138148546,0.0011986609315499663,0.02961934544146061
384,IStutterSoWhat0126,0.3128126263618469,0.16750773787498474,0.004929663147777319,0.00025842245668172836,0.9111772775650024
385,WomenWhoStutter2116,0.01731535792350769,0.025259343907237053,0.002216549124568701,0.004349679686129093,0.6248185038566589
386,StutteringIsCool334,0.016070835292339325,0.08595554530620575,0.0013686344027519226,0.0005024916608817875,0.3803950846195221
387,HVSA053,0.5883519649505615,0.03306363523006439,0.0009091559913940728,0.0005235807620920241,0.032683271914720535
388,WomenWhoStutter10172,0.043791744858026505,0.5323345065116882,0.07914531230926514,0.0011188873322680593,0.012792283669114113
389,WomenWhoStutter2154,0.23313340544700623,0.3302808403968811,0.7277849316596985,0.07560434192419052,0.16053549945354462
390,StrongVoices3244,0.19206243753433228,0.3831975758075714,0.030954482033848763,0.0012626047246158123,0.06931842863559723
391,WomenWhoStutter4215,0.0006326036527752876,0.08734719455242157,0.10986246913671494,0.009054665453732014,0.0016236494993790984
392,StutterTalk5213,0.04162105545401573,0.3130306899547577,0.18638360500335693,0.6459553837776184,0.22973622381687164
393,WomenWhoStutter1237,0.20275531709194183,0.1275738775730133,0.008197859860956669,0.0064568486995995045,0.06900104135274887
394,StutteringIsCool7020,0.0014947988092899323,0.0056216116063296795,0.0011775463353842497,0.00043445610208436847,0.0001512070739408955
395,StutterTalk5822,0.05327007919549942,0.21494854986667633,0.770274817943573,0.008646927773952484,0.027234891429543495
396,IStutterSoWhat386,0.13126303255558014,0.26121464371681213,0.11123182624578476,0.07799901813268661,0.1338564157485962
397,StutterTalk343,0.04068363830447197,0.3603256642818451,0.40256792306900024,0.6733774542808533,0.08449912071228027
398,StutterTalk64201,0.04263066127896309,0.3957619369029999,0.35505786538124084,0.5883594751358032,0.07721541821956635
399,StrongVoices32173,0.03277101367712021,0.43719908595085144,0.10763677954673767,0.04642131179571152,0.01095736026763916
400,StrongVoices220,0.00044425856322050095,0.06285997480154037,0.00264541432261467,0.016992302611470222,0.008453828282654285
401,HeStutters322,0.08467013388872147,0.36097386479377747,0.1502307653427124,0.08591913431882858,0.7825329899787903
402,HeStutters1035,0.01840337924659252,0.24834761023521423,0.2768084704875946,0.08954772353172302,0.019061332568526268
403,WomenWhoStutter817,0.03175024315714836,0.3995475471019745,0.1503506302833557,0.08986672759056091,0.06039876863360405
404,StutteringIsCool2818,0.002774199703708291,0.08975111693143845,0.0021952372044324875,0.0894300565123558,0.08970054984092712
405,WomenWhoStutter3531,0.005259335041046143,0.16597649455070496,0.005390001926571131,0.000155686357175,0.0013841722393408418
406,StutteringIsCool6512,0.0003988059179391712,0.0032614341471344233,0.0006473834509961307,7.391112740151584e-05,1.6950032659224235e-05
407,StrongVoices412,0.02397891879081726,0.36617225408554077,0.027968375012278557,0.021899307146668434,0.559501051902771
408,WomenWhoStutter3510,0.8317524194717407,0.04192465916275978,0.01743183098733425,0.051591355353593826,0.01844392530620098
409,StutterTalk490,0.23548981547355652,0.06933604180812836,0.0011199600994586945,9.138386667473242e-05,0.5940987467765808
410,HeStutters1122,0.0579758919775486,0.10544171184301376,0.006428163964301348,0.00017275413847528398,0.004031422547996044
411,HeStutters1691,0.007858182303607464,0.034100741147994995,0.0018083913018926978,0.0029019820503890514,0.044230081140995026
412,StutteringIsCool34130,0.03835668787360191,0.3467766046524048,0.0049615344032645226,0.00025249156169593334,0.0109045235440135
413,StrongVoices23214,0.22689491510391235,0.20052137970924377,0.08578579872846603,0.8068781495094299,0.6008045673370361
414,StrongVoices21197,0.2428467571735382,0.35324499011039734,0.003991341684013605,2.207685429311823e-05,0.007790651172399521
415,StrongVoices2367,0.0019674524664878845,0.20361778140068054,0.0012158603640273213,0.00012161156337242573,0.0012468320783227682
416,StutterTalk1612,0.0042353784665465355,0.05697427690029144,0.0015875909011811018,0.0013206053990870714,0.009643652476370335
417,StrongVoices2395,0.01766342483460903,0.22004787623882294,0.008803175762295723,0.0002128065680153668,0.0011783263180404902
418,StutterTalk262,0.006259026005864143,0.2754867672920227,0.21258416771888733,0.38571831583976746,0.3315372169017792
419,StutteringIsCool6410,0.05657562240958214,0.27086755633354187,0.022332467138767242,0.003733106656000018,0.5364491939544678
420,WomenWhoStutter4639,0.06566634774208069,0.33665305376052856,0.06962775439023972,0.021602338179945946,0.2332128882408142
421,StrongVoices23134,0.028617853298783302,0.1756521761417389,0.0012828698381781578,3.067240322707221e-05,0.001138610066846013
422,WomenWhoStutter2625,0.00699884258210659,0.01704845018684864,0.00021930901857558638,2.752497857727576e-05,0.0007146843126975
423,StutteringIsCool2726,0.05126607045531273,0.13608767092227936,0.6210265159606934,0.0032782680355012417,0.007697783876210451
424,HeStutters2151,0.0015987190417945385,0.04795924574136734,0.037505924701690674,0.30177733302116394,0.060666751116514206
425,StrongVoices23127,0.028071204200387,0.17778179049491882,0.004062588792294264,0.00013725696771871299,0.014423348940908909
426,WomenWhoStutter9713,0.002835347317159176,0.18288005888462067,0.017695821821689606,0.001574880676344037,0.004258081316947937
427,StutterTalk2622,0.004613337107002735,0.0343838594853878,0.002112580928951502,0.000791272905189544,0.0019028916722163558
428,StutterTalk36,0.05587104335427284,0.3846958875656128,0.03573513403534889,0.019721422344446182,0.4828398823738098
429,WomenWhoStutter826,0.07645343989133835,0.09607106447219849,0.007131888531148434,0.010419262573122978,0.7660511136054993
430,WomenWhoStutter10135,0.13010796904563904,0.3147410452365875,0.5032068490982056,0.1668587177991867,0.6434900164604187
431,StutteringIsCool34142,0.16720248758792877,0.15841388702392578,0.011244688183069229,0.0005205859779380262,0.9680888652801514
432,StutterTalk4820,0.01041540876030922,0.4000853896141052,0.8071712851524353,0.01397225633263588,0.09290923178195953
433,HVSA221,0.11575348675251007,0.1364135891199112,0.010201704688370228,0.015241077169775963,0.12707076966762543
434,HeStutters12126,0.016858089715242386,0.25380247831344604,0.017548251897096634,0.011396544054150581,0.2742874026298523
435,HVSA1110,0.012620444409549236,0.14687104523181915,0.001978314481675625,0.0024480426218360662,0.09896128624677658
436,HVSA026,0.08663010597229004,0.5448694229125977,0.31933772563934326,0.005745352245867252,0.08346939086914062
437,StutterTalk7214,0.10056813061237335,0.1315871626138687,0.002663320628926158,0.0009133880375884473,0.010943126864731312
438,StrongVoices131,0.0030345905106514692,0.03674379736185074,0.0020901253446936607,0.01269063912332058,0.006173460744321346
439,HeStutters18128,0.051989540457725525,0.06448306888341904,0.008539670147001743,0.07672189176082611,0.8976947069168091
440,StutterTalk228,0.09928352385759354,0.1481470763683319,0.07399466633796692,0.150519460439682,0.31024619936943054
441,IStutterSoWhat37,0.03943366929888725,0.48265501856803894,0.7014871835708618,0.038508594036102295,0.07047400623559952
442,HeStutters18148,0.12820906937122345,0.03510977700352669,0.0004939288483001292,0.0001710594369797036,0.9860503077507019
443,StrongVoices3261,0.07960622012615204,0.2990724742412567,0.017611538991332054,0.0048248013481497765,0.010814627632498741
444,StrongVoices92,0.12708167731761932,0.040470678359270096,0.0033855363726615906,0.03507937863469124,0.20145972073078156
445,StutterTalk7298,0.003609543899074197,0.10606042295694351,0.10103165358304977,0.4399380087852478,0.01531241461634636
446,WomenWhoStutter6236,0.11860702186822891,0.062214139848947525,0.012172537855803967,0.00815493706613779,0.013567496091127396
447,StrongVoices21138,0.060252655297517776,0.1369825154542923,0.02204762026667595,0.002204043325036764,0.01036839745938778
448,StutterTalk1223,0.3911646008491516,0.3799670338630676,0.10898516327142715,0.0015855951933190227,0.04942959174513817
449,StutterTalk63137,0.011913865804672241,0.30667054653167725,0.3729296624660492,0.7363948822021484,0.17408405244350433
450,WomenWhoStutter8747,0.007293895352631807,0.33331233263015747,0.5400077700614929,0.0474889874458313,0.014908106997609138
451,StrongVoices3251,0.3944751024246216,0.3947010040283203,0.48441267013549805,0.011524949222803116,0.011928755789995193
452,StutterTalk7829,0.01360246166586876,0.4125880002975464,0.46693283319473267,0.0004312979581300169,0.0015660611679777503
453,MyStutteringLife12,0.0001447683316655457,0.0018814909271895885,0.00011647889914456755,0.0011008955771103501,0.00017240576562471688
454,WomenWhoStutter3335,0.0998397096991539,0.2519308030605316,0.01897263526916504,0.004563736729323864,0.004976507276296616
455,WomenWhoStutter8684,0.1681327074766159,0.28388088941574097,0.04261487349867821,0.00594719173386693,0.9582822322845459
456,HeStutters519,0.012589861638844013,0.33750781416893005,0.5402193665504456,0.001949035795405507,0.0023194290697574615
457,MyStutteringLife1810,0.38935333490371704,0.0495772585272789,0.0042110285721719265,0.0013369341613724828,0.40013355016708374
458,StutterTalk5820,0.00363553618080914,0.14660432934761047,0.015300489962100983,0.01386590488255024,0.019910644739866257
459,StrongVoices2620,0.01653611660003662,0.35537347197532654,0.0142970597371459,0.003261710051447153,0.19802477955818176
460,StutteringIsCool386,0.02206484228372574,0.452068567276001,0.20433828234672546,0.005102431867271662,0.006323589477688074
461,StutterTalk64146,0.2866254150867462,0.13485035300254822,0.06273367255926132,0.00025633518816903234,0.003766285255551338
462,HeStutters12156,0.008680448867380619,0.05070892721414566,0.0038939404767006636,0.003099465509876609,0.0009077845024876297
463,HeStutters11160,0.07886186987161636,0.5899603366851807,0.3136303126811981,0.008498182520270348,0.01695188134908676
464,StutterTalk68185,0.02240520715713501,0.4434191584587097,0.039195239543914795,0.0027585115749388933,0.024535952135920525
465,WomenWhoStutter3095,0.02232673391699791,0.17930367588996887,0.003579909447580576,0.0017463106196373701,0.003945239819586277
466,StrongVoices731,0.00028046968509443104,0.02104436419904232,0.0002780757495202124,0.0005586257902905345,0.0020531746558845043
467,WomenWhoStutter1054,0.3231741189956665,0.39429500699043274,0.20562748610973358,0.03642456978559494,0.25407832860946655
468,HVSA218,0.03414154425263405,0.379526287317276,0.13925890624523163,0.6009436249732971,0.24818836152553558
469,StrongVoices32200,0.0996321365237236,0.1300964206457138,0.002062650164589286,0.0003322315460536629,0.01822354458272457
470,StutteringIsCool801,0.015423203818500042,0.42739158868789673,0.6045003533363342,0.2913559079170227,0.02221563830971718
471,StutteringIsCool4438,0.004514834377914667,0.016976434737443924,0.007535870652645826,0.9933305382728577,0.06765863299369812
472,MyStutteringLife3931,0.061339303851127625,0.46167999505996704,0.06532753258943558,0.008193418383598328,0.36093005537986755
473,StutterTalk2331,0.004822631366550922,0.06936492770910263,0.04030998796224594,0.8666235208511353,0.24301911890506744
474,HeStutters58,0.006191399414092302,0.01956082694232464,0.001839443459175527,0.00028722023125737906,0.0008542686700820923
475,StutteringIsCool34143,0.29610127210617065,0.10817381739616394,0.003946690354496241,0.0007551428861916065,0.983807384967804
476,HeStutters12152,0.03279425576329231,0.01537379901856184,0.00042672312702052295,0.0005918617825955153,0.0018056845292448997
477,StrongVoices3323,0.4683437645435333,0.19981999695301056,0.005283508449792862,0.00020756482263095677,0.010939003899693489
478,StrongVoices6169,0.5056566596031189,0.3693045973777771,0.3174242377281189,0.0008356582256965339,0.009862630628049374
479,StutteringIsCool4635,0.0005018500378355384,0.024630075320601463,0.0019095633178949356,0.022571368142962456,0.008517296053469181
480,StutterTalk75,0.0008563350420445204,0.024688400328159332,0.06243099272251129,0.5497528910636902,0.0013990059960633516
481,StutterTalk64187,0.676878035068512,0.17400868237018585,0.02815619856119156,0.008962376043200493,0.3019063472747803
482,StutteringIsCool1438,0.017160020768642426,0.03439333662390709,0.00047287988127209246,9.161805792246014e-05,0.9004844427108765
483,IStutterSoWhat346,0.011711621657013893,0.12189216166734695,0.9239747524261475,0.0036359073128551245,0.021475505083799362
484,StutteringIsCool4326,0.0844092145562172,0.004621329251676798,0.00023179400886874646,0.00010776844283100218,0.0004542542446870357
485,HeStutters234,0.0007613490452058613,0.11248389631509781,0.0031560775823891163,0.001046261633746326,0.008947547525167465
486,StrongVoices665,0.07858734577894211,0.12962181866168976,0.08535570651292801,0.3348569869995117,0.013689187355339527
487,StrongVoices149,0.35698139667510986,0.04627542942762375,0.0027378492522984743,0.0001775972341420129,0.00334649789147079
488,StutteringIsCool459,0.03208913654088974,0.12858565151691437,0.0008792848675511777,0.0002146647311747074,0.004343586042523384
489,WomenWhoStutter8211,0.026066794991493225,0.6455150842666626,0.31816422939300537,0.005759252235293388,0.019865630194544792
490,StrongVoices23247,0.46797430515289307,0.4290718138217926,0.09190116822719574,0.009790669195353985,0.2751716673374176
491,StutterTalk626,0.0012807570165023208,0.030268272385001183,0.06367319077253342,0.0038292536046355963,0.00027555139968171716
492,StrongVoices1231,0.06014418601989746,0.010571874678134918,3.624361124821007e-05,1.4928192513252725e-06,0.0012319320812821388
493,StrongVoices70,0.009285683743655682,0.31173473596572876,0.006830926053225994,0.0013228913303464651,0.004390118643641472
494,StrongVoices2529,0.8967031836509705,0.009891252964735031,0.0005064556025899947,0.0030783507972955704,0.9783817529678345
495,StrongVoices10163,0.19379965960979462,0.1638469099998474,0.002908474300056696,0.0001960441004484892,0.200153186917305
496,StutterTalk1023,0.14023244380950928,0.048029955476522446,0.001660811947658658,0.002084888517856598,0.012479200027883053
497,MyStutteringLife53,0.058735769242048264,0.2444741427898407,0.009542555548250675,0.004649492911994457,0.011574367992579937
498,StrongVoices23234,0.018383732065558434,0.3664287328720093,0.013280152343213558,0.0003759806859306991,0.009469383396208286
499,StrongVoices223,0.5592804551124573,0.29756173491477966,0.08555399626493454,0.0003671564918477088,0.025883657857775688
500,WomenWhoStutter3057,0.003483444219455123,0.19421552121639252,0.004110559821128845,3.7982659705448896e-05,0.0005479729152284563
501,StrongVoices2153,0.010726552456617355,0.27636951208114624,0.00650292681530118,0.0002744923403952271,0.010734088718891144
502,StutterTalk7928,0.8248124122619629,0.033656105399131775,0.004538940265774727,9.599653276382014e-05,0.023035380989313126
503,StutteringIsCool1720,0.24529792368412018,0.048215288668870926,0.02147618681192398,0.01400719489902258,0.012717911042273045
504,HeStutters18131,0.07013384997844696,0.1127520203590393,0.002728287596255541,0.0003686737909447402,0.012484884820878506
505,WomenWhoStutter488,0.22419263422489166,0.43373802304267883,0.13868696987628937,0.02436407282948494,0.5738682746887207
506,WomenWhoStutter293,0.24770092964172363,0.32992467284202576,0.02204403281211853,0.0072895255871117115,0.730344295501709
507,WomenWhoStutter4219,0.013888925313949585,0.02278422936797142,0.0022856048308312893,0.9729681015014648,0.06517202407121658
508,StutterTalk645,0.13097676634788513,0.19536375999450684,0.1466740071773529,0.7017610669136047,0.31512364745140076
509,WomenWhoStutter2157,0.31806519627571106,0.21528799831867218,0.04196861758828163,0.005372458603233099,0.024861568585038185
510,StutterTalk37175,0.03483414277434349,0.03418814390897751,0.013167884200811386,0.7963035702705383,0.016309689730405807
511,HeStutters11198,0.40930595993995667,0.3426956832408905,0.6401229500770569,0.010742883197963238,0.0903165191411972
512,WomenWhoStutter81109,0.168840691447258,0.3364223539829254,0.0683947205543518,0.03151525557041168,0.01947457157075405
513,StutterTalk8106,0.01675001159310341,0.15941664576530457,0.01588778756558895,0.21265354752540588,0.8146843314170837
514,MyStutteringLife012,0.005666960030794144,0.02948935516178608,0.007975852116942406,0.07566621899604797,0.0564752034842968
515,StutterTalk7738,0.22580184042453766,0.5338255167007446,0.11846555024385452,0.018410425633192062,0.020619813352823257
516,StutterTalk98,0.036097727715969086,0.014847501181066036,0.010408245027065277,0.026913946494460106,0.0019422227051109076
517,StrongVoices913,0.03522958979010582,0.234164759516716,0.007537767756730318,0.0002926040906459093,0.0014500797260552645
518,HeStutters221,0.018331002444028854,0.08980409055948257,0.030160093680024147,0.6856570243835449,0.9028112292289734
519,WomenWhoStutter14114,0.020469415932893753,0.3899801969528198,0.01619621552526951,0.03890682011842728,0.00951249711215496
520,StrongVoices530,0.16432487964630127,0.015211940743029118,0.0005838466458953917,0.0002955955860670656,0.00233259005472064
521,WomenWhoStutter2144,0.15537214279174805,0.04495587944984436,0.0009819676633924246,0.0004968849243596196,0.935801088809967
522,HeStutters214,0.017450610175728798,0.35591816902160645,0.10269380360841751,0.45971977710723877,0.4738878905773163
523,WomenWhoStutter10538,0.23072278499603271,0.555940568447113,0.1567237228155136,0.014958380721509457,0.10983902215957642
524,StrongVoices21128,0.25686994194984436,0.2388397753238678,0.017811596393585205,0.003384278155863285,0.04692653566598892
525,HeStutters12210,0.0920015275478363,0.06896498799324036,0.013862253166735172,0.4230988025665283,0.012782747857272625
526,StutterTalk6480,0.29853808879852295,0.23364323377609253,0.10678770393133163,0.00045241310726851225,0.008848701603710651
527,StrongVoices3275,0.2302541434764862,0.03812588378787041,0.0006255136686377227,5.3366643442132045e-06,0.0004305611946620047
528,StutterTalk7262,0.02823997475206852,0.24716266989707947,0.015992997214198112,0.05876355245709419,0.33136478066444397
529,StrongVoices2818,0.06394460797309875,0.3697471022605896,0.10008439421653748,0.003557312535122037,0.001677251304499805
530,WomenWhoStutter8617,0.026631824672222137,0.0649537444114685,0.016959374770522118,0.9748177528381348,0.7655923962593079
531,StutterTalk63160,0.5958807468414307,0.355998694896698,0.054272327572107315,0.0024218433536589146,0.011449177749454975
532,WomenWhoStutter8616,0.08954119682312012,0.3673827350139618,0.11567249149084091,0.47459226846694946,0.1801324486732483
533,StutteringIsCool122,0.5026947259902954,0.49353358149528503,0.22179502248764038,0.0035933328326791525,0.029237499460577965
534,StrongVoices21186,0.14860372245311737,0.10751034319400787,0.02599642425775528,0.0021232427097857,0.06101204827427864
535,StutterTalk63111,0.015927305445075035,0.44987478852272034,0.05037764087319374,0.0035634434316307306,0.01612507924437523
536,StrongVoices018,0.5470889210700989,0.31334659457206726,0.058707647025585175,0.0005988228949718177,0.004195747897028923
537,WomenWhoStutter646,0.029401419684290886,0.1567976176738739,0.21627682447433472,0.576098620891571,0.7684523463249207
538,StrongVoices23253,0.01589103788137436,0.46409428119659424,0.011303027160465717,0.0008310743141919374,0.011608020402491093
539,WomenWhoStutter97183,0.11085957288742065,0.39795032143592834,0.531421959400177,0.6481733918190002,0.6095155477523804
540,StrongVoices210,0.0014764616498723626,0.03602810576558113,0.009592472575604916,0.02207750640809536,0.0018816019874066114
541,StutteringIsCool509,0.035801444202661514,0.30345213413238525,0.003339769085869193,0.0010027278913185,0.12544183433055878
542,StutterTalk4934,0.0013981095980852842,0.0685390755534172,0.0022602342069149017,0.0002810473379213363,0.000991594628430903
543,StutteringIsCool755,0.05348639562726021,0.4862559735774994,0.04854675754904747,0.006427950691431761,0.04597338289022446
544,StutterTalk7256,0.04455459117889404,0.032937005162239075,0.0031410602387040854,0.007090564351528883,0.05049970746040344
545,WomenWhoStutter42123,0.03863280639052391,0.36330851912498474,0.09278716146945953,0.32066822052001953,0.020937485620379448
546,StutterTalk25131,0.03829828277230263,0.33259451389312744,0.0016544279642403126,2.476301960996352e-05,0.003234968287870288
547,StutterTalk6423,0.005503377877175808,0.1736559271812439,0.6875321269035339,0.017577607184648514,0.02020159363746643
548,StutteringIsCool34123,0.00977577269077301,0.022782795131206512,0.01967359520494938,0.8802115321159363,0.5182425379753113
549,StrongVoices3270,0.025476044043898582,0.4623250663280487,0.013864795677363873,0.0032261593732982874,0.01452675648033619
550,HeStutters1149,0.010246981866657734,0.3826814889907837,0.2791484296321869,0.6311174035072327,0.018935009837150574
551,StutterTalk860,0.006287181284278631,0.30406779050827026,0.08857246488332748,0.011532791890203953,0.09413344413042068
552,StrongVoices422,0.07537397742271423,0.219473198056221,0.0021385359577834606,0.00020072473853360862,0.9530571699142456
553,HVSA2131,0.018612632527947426,0.031541623175144196,0.0014982274733483791,0.0027477527037262917,0.43986669182777405
554,StutterTalk3739,0.0037417181301862,0.16282309591770172,0.010151156224310398,0.03780857101082802,0.3241709768772125
555,HeStutters1818,0.07441969960927963,0.2871786653995514,0.00908916350454092,0.005677205976098776,0.31322190165519714
556,StrongVoices10125,0.053391195833683014,0.2549644410610199,0.01591748744249344,0.015497027896344662,0.049763355404138565
557,StutteringIsCool6416,0.03438657522201538,0.40723058581352234,0.7650548815727234,0.0016109853750094771,0.03809356316924095
558,StrongVoices529,0.6209367513656616,0.18358957767486572,0.03185078129172325,3.2456078770337626e-05,0.012578888796269894
559,StutterTalk26130,0.010491813533008099,0.37382015585899353,0.7480040788650513,0.008629911579191685,0.006651164498180151
560,WomenWhoStutter96113,0.09037714451551437,0.45407772064208984,0.035764820873737335,0.09696898609399796,0.027994515374302864
561,HeStutters338,0.008373030461370945,0.4080432951450348,0.03724987432360649,0.0020372129511088133,0.02398153580725193
562,StrongVoices21143,0.0276519563049078,0.06671962141990662,0.006880547851324081,0.03707488626241684,0.03136357665061951
563,StutteringIsCool7728,0.5971382856369019,0.3344886600971222,0.2776572108268738,0.654735267162323,0.2078409343957901
564,StrongVoices23187,0.32588857412338257,0.1613503098487854,0.0018154847202822566,1.6149802831932902e-05,0.005463553126901388
565,HeStutters1726,0.04640128090977669,0.20150616765022278,0.03985576331615448,0.01745217852294445,0.7313173413276672
566,StutterTalk7730,0.08641837537288666,0.4234835207462311,0.3901522755622864,0.5108377933502197,0.20596463978290558
567,WomenWhoStutter1031,0.02252541482448578,0.5154314637184143,0.27976641058921814,0.29245901107788086,0.14710813760757446
568,StutterTalk713,0.08872536569833755,0.29942962527275085,0.016812363639473915,0.015881480649113655,0.22334876656532288
569,StutterTalk26115,0.022922389209270477,0.4097432494163513,0.39698415994644165,0.6982572674751282,0.1433638036251068
570,StutteringIsCool80108,0.10288853198289871,0.29040825366973877,0.18596433103084564,0.10042548924684525,0.916144847869873
571,StutterTalk594,0.0011197616113349795,0.0801728144288063,0.0021728260908275843,0.0007347408682107925,0.0023557832464575768
572,StutterTalk6219,0.000997086870484054,0.01972612924873829,0.001014253473840654,0.0029491237364709377,0.008786124177277088
573,StutterTalk115,0.10601209104061127,0.1866385042667389,0.2698180377483368,0.7874959111213684,0.7481880187988281
574,StutteringIsCool7525,0.049780748784542084,0.4852409064769745,0.33287855982780457,0.012680844403803349,0.018870048224925995
575,WomenWhoStutter8197,0.08906077593564987,0.5181126594543457,0.040885794907808304,0.01373978704214096,0.047965385019779205
576,HeStutters1133,0.04716778174042702,0.264539510011673,0.054702091962099075,0.34960585832595825,0.5971108078956604
577,HVSA0117,0.028903832659125328,0.3726080060005188,0.2378934919834137,0.20147104561328888,0.7260907888412476
578,StrongVoices113,0.01800386793911457,0.034039758145809174,0.0023370408453047276,0.0020801399368792772,0.003725455142557621
579,WomenWhoStutter87160,0.010593969374895096,0.13580645620822906,0.3054560124874115,0.8645680546760559,0.039592623710632324
580,StutterTalk4937,0.011329157277941704,0.11506650596857071,0.05943233519792557,0.9652296304702759,0.17687292397022247
581,StutterTalk5134,0.003832723945379257,0.05649758130311966,0.025507774204015732,0.0936041846871376,0.04719134792685509
582,WomenWhoStutter96187,0.02461382746696472,0.32283008098602295,0.12383227050304413,0.3904713988304138,0.06705864518880844
583,HeStutters18203,0.03660920262336731,0.1139984056353569,0.0027595360297709703,0.0006910355878062546,0.012308986857533455
584,StutterTalk102,0.12216577678918839,0.013098543509840965,0.0005536903627216816,0.0006167475366964936,0.0016960009234026074
585,WomenWhoStutter97168,0.07133703678846359,0.22161419689655304,0.05094537138938904,0.04129118099808693,0.812961220741272
586,WomenWhoStutter4935,0.3240894377231598,0.5039067268371582,0.3311796486377716,0.023495668545365334,0.016155442222952843
587,StrongVoices32141,0.521347165107727,0.2121526598930359,0.09883612394332886,0.02102227695286274,0.7183127999305725
588,WomenWhoStutter3037,0.4437488913536072,0.18396613001823425,0.02600106969475746,0.00024124266928993165,0.00328010693192482
589,StutterTalk2223,0.010598632507026196,0.04315831884741783,0.008892372250556946,0.7124807834625244,0.9335682392120361
590,StutterTalk1529,0.0028190636076033115,0.008546681143343449,0.00019615140627138317,4.020802953164093e-05,7.167350122472271e-05
591,StrongVoices10139,0.05226666480302811,0.30059534311294556,0.012507855892181396,0.004258726257830858,0.04851256683468819
592,WomenWhoStutter87144,0.029259011149406433,0.4613998830318451,0.45468828082084656,0.04286953806877136,0.03132622316479683
593,HeStutters11112,0.41126522421836853,0.30494454503059387,0.21989981830120087,0.0021907382179051638,0.5323164463043213
594,StutterTalk403,0.00031502003548666835,0.028029663488268852,0.0001836792944232002,7.409962563542649e-05,0.00011897933291038498
595,WomenWhoStutter1027,0.18921531736850739,0.23643137514591217,0.040253616869449615,0.003759433515369892,0.8075036406517029
596,StrongVoices32170,0.005111180245876312,0.2183808535337448,0.0233446154743433,0.01326458528637886,0.019891588017344475
597,StutteringIsCool3833,0.00029246328631415963,0.010794349014759064,0.00020401690562721342,0.00023720451281405985,0.0006075522396713495
598,StutteringIsCool4695,0.1200256198644638,0.15588371455669403,0.054170820862054825,0.8619516491889954,0.06670424342155457
599,StrongVoices1715,0.007497018668800592,0.17587919533252716,0.004419546574354172,0.003194925608113408,0.5921916365623474
600,StrongVoices1333,0.14283403754234314,0.17635227739810944,0.0055342563427984715,0.0005021007382310927,0.0172378309071064
601,IStutterSoWhat071,0.018399175256490707,0.1710340529680252,0.011180265806615353,0.040477242320775986,0.5180054903030396
602,MyStutteringLife1931,0.0008180747390724719,0.043492309749126434,0.0015610274858772755,0.018464580178260803,0.0065211402252316475
603,HVSA0103,0.022198552265763283,0.22110125422477722,0.0025260024704039097,0.0018250055145472288,0.09571343660354614
604,StrongVoices1410,0.02661770023405552,0.13472172617912292,0.0021322465036064386,0.0007387009682133794,0.006871117744594812
605,StutteringIsCool7936,0.0028246964793652296,0.11495185643434525,0.9557915925979614,0.0022535414900630713,0.006811630912125111
606,StrongVoices6203,0.02886602096259594,0.2053668051958084,0.003116511506959796,0.00022707843163516372,0.0026302312035113573
607,StutterTalk7215,0.10460814088582993,0.5208805799484253,0.11311016231775284,0.0022601881064474583,0.013103826902806759
608,StrongVoices1086,0.0010412009432911873,0.01184382475912571,0.0008053879719227552,0.00013437682355288416,0.00028505499358288944
609,StrongVoices199,0.12732133269309998,0.42531126737594604,0.0624995082616806,0.018977632746100426,0.4757293462753296
610,HeStutters11167,0.5846593379974365,0.203151136636734,0.03967612236738205,0.006587679963558912,0.11693163216114044
611,StutterTalk64102,0.0698738619685173,0.4327148199081421,0.2784773111343384,0.7402723431587219,0.17265930771827698
612,StutteringIsCool333,0.10424281656742096,0.038280241191387177,0.0007366212084889412,1.9856190192513168e-05,0.0008650346426293254
613,HeStutters1199,0.27174651622772217,0.4099128842353821,0.05377976968884468,0.008346806280314922,0.6051501035690308
614,StutterTalk267,0.09101298451423645,0.45472338795661926,0.10827695578336716,0.022834837436676025,0.6026442646980286
615,StutteringIsCool34125,0.011258332058787346,0.09296175092458725,0.04659690335392952,0.0006631478318013251,0.0005415122723206878
616,HeStutters2187,0.46347934007644653,0.2587243318557739,0.05995085835456848,0.48732370138168335,0.33570927381515503
617,WomenWhoStutter308,0.18586881458759308,0.35558950901031494,0.09899383038282394,0.6743159890174866,0.0864531472325325
618,StutterTalk64109,0.17534980177879333,0.265177845954895,0.07570028305053711,0.015990125015378,0.021428273990750313
619,StutterTalk38,0.15696239471435547,0.6443564295768738,0.26568835973739624,0.01041833870112896,0.017368802800774574
620,StutterTalk121,0.008919540792703629,0.5165075063705444,0.08975934237241745,0.02591073326766491,0.09218502789735794
621,MyStutteringLife136,0.016238953918218613,0.09255781769752502,0.004112609662115574,0.012551224790513515,0.3861868977546692
622,StutterTalk6330,0.4012216627597809,0.10522278398275375,0.00165700598154217,0.00017049470625352114,0.5129538774490356
623,StrongVoices221,0.004503623116761446,0.05160260200500488,0.001162366708740592,0.0005482944543473423,0.0008541025454178452
624,WomenWhoStutter10734,0.4170849621295929,0.3347439765930176,0.15596508979797363,0.001557938870973885,0.011429614387452602
625,StutterTalk37178,0.002519241301342845,0.009735533967614174,0.00027079397113993764,8.299331238958985e-05,0.0004777192953042686
626,IStutterSoWhat059,0.0017721367767080665,0.05384320765733719,0.003246926236897707,0.0004812628903891891,0.0007038526819087565
627,StrongVoices109,0.7272138595581055,0.12486205995082855,0.003976881504058838,0.00015215136227197945,0.017476268112659454
628,StutteringIsCool138,0.21857687830924988,0.34683966636657715,0.10719440877437592,0.002804779913276434,0.8092915415763855
629,StrongVoices6123,0.011975295841693878,0.13355548679828644,0.005294872913509607,0.0012074036058038473,0.004197236150503159
630,StutterTalk1226,0.048896703869104385,0.27500081062316895,0.6289861798286438,0.07974711805582047,0.9092854857444763
631,StrongVoices918,0.3706153929233551,0.34610456228256226,0.44426512718200684,0.2004082053899765,0.8337354063987732
632,StutterTalk72187,0.04816197603940964,0.38746535778045654,0.07737143337726593,0.11607502400875092,0.8505874872207642
633,HVSA278,0.005327452439814806,0.05474836751818657,0.0021552571561187506,0.004928477108478546,0.015805309638381004
634,StutterTalk2687,0.0019302965374663472,0.4013839364051819,0.053561896085739136,0.007977647706866264,0.013116616755723953
635,HeStutters1671,0.03211298957467079,0.08308709412813187,0.03287040814757347,0.7346861362457275,0.027058297768235207
636,HVSA035,0.013365097343921661,0.06491053104400635,0.01845831237733364,0.9606150984764099,0.7273311018943787
637,WomenWhoStutter97129,0.08109131455421448,0.2028433084487915,0.05924315005540848,0.015212747268378735,0.17115060985088348
638,StrongVoices21115,0.0005448046140372753,0.022006388753652573,0.0002073456416837871,2.6045703634736128e-05,0.00020663041505031288
639,HeStutters1270,0.011984641663730145,0.22094401717185974,0.8639126420021057,0.026569651439785957,0.02016405202448368
640,IStutterSoWhat320,0.16866303980350494,0.3012160658836365,0.5426257848739624,0.6257160902023315,0.7514142990112305
641,WomenWhoStutter3012,0.13206684589385986,0.30376559495925903,0.5111655592918396,0.13188287615776062,0.040876951068639755
642,StrongVoices1232,0.08295365422964096,0.5939160585403442,0.3003253936767578,0.04417882114648819,0.01822010613977909
643,MyStutteringLife111,0.0029700580053031445,0.0815289318561554,0.002429078333079815,0.007635526824742556,0.014012984931468964
644,HeStutters1118,0.46144983172416687,0.13420693576335907,0.01613195613026619,0.0004354371048975736,0.005296739749610424
645,WomenWhoStutter3529,0.020831068977713585,0.3894919753074646,0.0824003666639328,0.16046877205371857,0.06476547569036484
646,StrongVoices21158,0.0026294344570487738,0.14793092012405396,0.017480548471212387,0.029706664383411407,0.05230056867003441
647,WomenWhoStutter2213,0.10192382335662842,0.5145730972290039,0.40345820784568787,0.10961733758449554,0.05739835649728775
648,MyStutteringLife2120,0.027277419343590736,0.39396989345550537,0.11308562010526657,0.2080102413892746,0.03595456853508949
649,HeStutters19111,0.07067884504795074,0.4029480516910553,0.19805951416492462,0.08881868422031403,0.8585788607597351
650,StutterTalk6416,0.05931314080953598,0.039723098278045654,0.0013072584988549352,0.0003212554438505322,0.015016102232038975
651,StrongVoices21107,0.004749885760247707,0.013097003102302551,0.006213081534951925,0.029697153717279434,0.001109786331653595
652,StutterTalk110,0.007937456481158733,0.19427362084388733,0.04062240943312645,0.11166544258594513,0.023411711677908897
653,WomenWhoStutter87134,0.05062985047698021,0.19008252024650574,0.031516995280981064,0.028358057141304016,0.6656572222709656
654,WomenWhoStutter6437,0.01915675774216652,0.20417435467243195,0.08409421890974045,0.2461785227060318,0.5501862168312073
655,WomenWhoStutter96189,0.043383970856666565,0.34141218662261963,0.5476007461547852,0.0030375460628420115,0.005348714999854565
656,StutterTalk3436,0.10068807750940323,0.4674983322620392,0.07250089198350906,0.03542889282107353,0.5898633003234863
657,StutterTalk669,0.6558060646057129,0.1918550431728363,0.28641432523727417,0.1482829451560974,0.1260305941104889
658,StutteringIsCool8033,0.38788095116615295,0.14551900327205658,0.015616820193827152,0.006060321815311909,0.530869722366333
659,StutterTalk2696,0.004651498980820179,0.08292841166257858,0.007323731202632189,0.020244145765900612,0.00442288164049387
660,StutteringIsCool3839,0.025745809078216553,0.3550471365451813,0.013844925910234451,0.0009932095417752862,0.8572036027908325
661,StutteringIsCool8094,0.009624406695365906,0.02812311239540577,0.0025485053192824125,0.006183113437145948,0.10486222803592682
662,HeStutters1036,0.00031029025558382273,0.020119743421673775,0.0007902548532001674,0.006310554221272469,0.0025863954797387123
663,WomenWhoStutter62155,0.005962860770523548,0.021094463765621185,0.0012127079535275698,0.009005186147987843,0.06922250241041183
664,StutteringIsCool4023,5.963927469565533e-05,0.008162311278283596,0.0007417327142320573,0.0001583894045324996,0.0002778679772745818
665,StutterTalk334,0.04916885867714882,0.39676886796951294,0.640133261680603,0.08061716705560684,0.48966386914253235
666,StutteringIsCool7034,0.000892300100531429,0.009796172380447388,0.00033039547270163894,2.9195261959102936e-05,9.453001985093579e-05
667,StutterTalk6491,0.4139424264431,0.18436174094676971,0.05788351595401764,0.07766491919755936,0.021074188873171806
668,HeStutters12153,0.004366117529571056,0.23967736959457397,0.18933795392513275,0.9368493556976318,0.025054849684238434
669,StrongVoices718,0.004254154395312071,0.2910376489162445,0.033943258225917816,0.351934015750885,0.012656420469284058
670,StrongVoices518,0.10775842517614365,0.18159615993499756,0.016522396355867386,0.0008878158987499774,0.005466331262141466
671,StutterTalk787,0.06667870283126831,0.34876206517219543,0.3105267882347107,0.5599175095558167,0.08544578403234482
672,StrongVoices3267,0.7599940896034241,0.16901789605617523,0.021124333143234253,0.0018094736151397228,0.0179126039147377
673,StutterTalk255,0.0011830442817881703,0.057191334664821625,0.0011687095975503325,0.0020345060620456934,0.0034270852338522673
674,StrongVoices147,0.11411280184984207,0.07666931301355362,0.003377437125891447,0.0006284448900260031,0.11740439385175705
675,StutteringIsCool6411,0.15150092542171478,0.16715547442436218,0.030562886968255043,0.006455395370721817,0.527142345905304
676,HeStutters19154,0.1076841726899147,0.3698123097419739,0.054872192442417145,0.004328434355556965,0.020409125834703445
677,WomenWhoStutter8681,0.20041903853416443,0.10665164887905121,0.03851338103413582,0.30387309193611145,0.40567901730537415
678,StutterTalk4931,0.0017348957480862737,0.004183968063443899,0.00025406674831174314,0.0007949716527946293,0.00032403276418335736
679,HeStutters1192,0.0037501335609704256,0.07940786331892014,0.00566673930734396,0.002782904077321291,0.006791848689317703
680,StrongVoices667,0.003845556639134884,0.06491541117429733,0.03484247624874115,0.5111936330795288,0.21349869668483734
681,StutterTalk7267,0.03912115469574928,0.599008321762085,0.2626141905784607,0.010936497710645199,0.03823366388678551
682,StutterTalk511,0.006394225638359785,0.20078447461128235,0.006250001955777407,0.0058473097160458565,0.010259713046252728
683,StrongVoices6189,0.26565322279930115,0.11807301640510559,0.010636195540428162,0.00029589192126877606,0.006281374488025904
684,StutterTalk1035,0.00011094879300799221,0.016431845724582672,0.0024243248626589775,0.07055554538965225,0.0006371016497723758
685,StrongVoices2321,0.007282641250640154,0.2859700918197632,0.004156865179538727,0.0001286911137867719,0.00044994420022703707
686,StutteringIsCool693,0.023961173370480537,0.1984168440103531,0.03496033698320389,0.03867698088288307,0.7297003269195557
687,StutterTalk121,0.6667869687080383,0.08365146815776825,0.016672387719154358,0.00019693981448654085,0.0022413351107388735
688,HeStutters12211,0.3296114504337311,0.4004417061805725,0.3593631982803345,0.08723630011081696,0.03528248891234398
689,StrongVoices030,0.006466046907007694,0.13464395701885223,0.0012228236300870776,0.00024472043151035905,0.005915340501815081
690,WomenWhoStutter10821,0.03370610997080803,0.1235361099243164,0.05500367656350136,0.7995649576187134,0.8256510496139526
691,WomenWhoStutter7314,0.00458398787304759,0.03892144560813904,0.0010163665283471346,0.032905180007219315,0.6119373440742493
692,WomenWhoStutter251,0.019115513190627098,0.24521663784980774,0.00578302564099431,7.157317304518074e-05,0.0024176202714443207
693,WomenWhoStutter7912,0.4356670081615448,0.05787431448698044,0.004342047963291407,0.011314590461552143,0.6693596243858337
694,StutteringIsCool802,0.0008434969931840897,0.012576093897223473,0.0009498639265075326,0.00664507457986474,0.005270420573651791
695,StutteringIsCool34165,0.04438010975718498,0.3910734951496124,0.020920313894748688,0.002844263333827257,0.33449092507362366
696,WomenWhoStutter3024,0.009208709001541138,0.0057065775617957115,0.0009840187849476933,0.007023261860013008,0.009801127016544342
697,WomenWhoStutter6262,0.23505376279354095,0.24677591025829315,0.016001366078853607,0.01176208071410656,0.08637937903404236
698,StrongVoices21134,0.40753883123397827,0.3147941529750824,0.07093066722154617,0.008625760674476624,0.08262768387794495
699,WomenWhoStutter10731,0.06483814120292664,0.2513764500617981,0.030311383306980133,0.03956330567598343,0.008987020701169968
700,HeStutters1836,0.06932798027992249,0.2159545123577118,0.0367739200592041,0.14742645621299744,0.14535805583000183
701,IStutterSoWhat378,0.15696951746940613,0.08333083242177963,0.003181435400620103,0.0009158008615486324,0.7709383368492126
702,StrongVoices10180,0.04326163977384567,0.1647312343120575,0.019726747646927834,0.0008424182888120413,0.0018701987573876977
703,StrongVoices21193,0.004434043075889349,0.21907134354114532,0.22691680490970612,0.24334761500358582,0.007379431277513504
704,StutterTalk605,0.04081498458981514,0.18869443237781525,0.0030448168981820345,0.0004590080352500081,0.9343962669372559
705,StutterTalk2547,0.0017785497475415468,0.3109610676765442,0.009230670519173145,0.003294524271041155,0.009014343842864037
706,StutteringIsCool403,0.0010429969988763332,0.2092537134885788,0.0171023178845644,0.006705060601234436,0.005153407342731953
707,StrongVoices296,0.005732450634241104,0.00280921277590096,0.00015375652583315969,0.00012058523134328425,0.00021569097589235753
708,StutteringIsCool1532,0.0016338854329660535,0.009544363245368004,0.007305917330086231,0.015775585547089577,0.0008176005212590098
709,HeStutters11186,0.026441343128681183,0.13300080597400665,0.03087329864501953,0.3766729235649109,0.6591231822967529
710,StrongVoices32150,0.4478886127471924,0.3280934989452362,0.34207049012184143,0.26189470291137695,0.04006076976656914
711,StutterTalk1236,0.00020504053100012243,0.004541918635368347,0.00016783332102932036,0.0005163655732758343,0.003492757212370634
712,StrongVoices10103,0.007191400974988937,0.5340905785560608,0.05958510935306549,0.0031401615124195814,0.004363421816378832
713,StutterTalk724,0.06433901935815811,0.1459464579820633,0.008911998011171818,0.0013519355561584234,0.017988750711083412
714,MyStutteringLife032,0.0907711535692215,0.153946653008461,0.010844038799405098,0.0536474734544754,0.009154818020761013
715,MyStutteringLife035,0.07250892370939255,0.2619834244251251,0.06026667356491089,0.05899975448846817,0.14779727160930634
716,StrongVoices32176,0.11862041801214218,0.6061606407165527,0.14472824335098267,0.016830097883939743,0.03597264736890793
717,HVSA091,0.04504002630710602,0.2273574322462082,0.007160008419305086,0.004069704562425613,0.09333550184965134
718,HeStutters2138,0.0009757696534506977,0.08058635145425797,0.004158318508416414,0.0023009683936834335,0.002229935023933649
719,StutterTalk3790,0.010343044064939022,0.08256418257951736,0.005922127049416304,0.0006386376335285604,0.0009682725067250431
720,StrongVoices3299,0.22296807169914246,0.1815289407968521,0.013296939432621002,0.0024296666961163282,0.01614341139793396
721,StutterTalk2635,0.0024799611419439316,0.03431839868426323,0.001587462262250483,0.0028659100644290447,0.0033795323688536882
722,StutterTalk6926,0.7237722277641296,0.162510946393013,0.01284248847514391,9.379471885040402e-05,0.0036016192752867937
723,StrongVoices23204,0.13231414556503296,0.4213031828403473,0.014028443954885006,0.00012409145710989833,0.00277615524828434
724,HeStutters12163,0.02708677016198635,0.040973108261823654,0.0058824848383665085,0.1070236936211586,0.36299455165863037
725,StutterTalk5912,0.0017013046890497208,0.023399418219923973,0.002477708039805293,0.0007049777777865529,0.0004738509014714509
726,WomenWhoStutter275,0.14850939810276031,0.3828986585140228,0.03139856830239296,0.0020420397631824017,0.010070293210446835
727,StutterTalk165,0.004973906092345715,0.16581769287586212,0.0020947393495589495,0.0003912515821866691,0.0207058172672987
728,WomenWhoStutter8729,0.005355088971555233,0.19341182708740234,0.21339379251003265,0.6131649613380432,0.13812020421028137
729,StrongVoices2136,0.002519997302442789,0.15824955701828003,0.0030791175086051226,8.62613451317884e-05,0.0008349056588485837
730,MyStutteringLife018,0.0034776488319039345,0.17778679728507996,0.004829231183975935,0.0003755785583052784,0.07249020040035248
731,WomenWhoStutter3027,0.0335441529750824,0.36381420493125916,0.003223155392333865,8.3980179624632e-05,0.015625398606061935
732,StutteringIsCool4019,0.0028392530512064695,0.02308465540409088,0.004454325884580612,0.01238233782351017,0.012696798890829086
733,HeStutters11125,0.02337622456252575,0.04663209244608879,0.007541771046817303,0.04215075820684433,0.02435975708067417
734,HVSA068,0.23191803693771362,0.07212981581687927,0.0055345213040709496,0.015453575178980827,0.9109540581703186
735,WomenWhoStutter1418,0.5077170729637146,0.37767311930656433,0.3426174223423004,0.04101310297846794,0.06058986857533455
736,StutteringIsCool2931,6.961956387385726e-05,0.0038756949361413717,0.0001775007403921336,0.0002472894557286054,0.0004124871629755944
737,HeStutters1853,0.03892137110233307,0.04438242316246033,0.002147083869203925,0.021132875233888626,0.9680128693580627
738,StrongVoices256,0.024692820385098457,0.03341442719101906,0.0021000246051698923,0.0017814991297200322,0.8752068281173706
739,HeStutters1727,0.040834229439496994,0.21647270023822784,0.08018235862255096,0.6027728915214539,0.7694133520126343
740,StutterTalk6444,0.002316792029887438,0.19389411807060242,0.008012107573449612,0.0005424178671091795,0.0006536364089697599
741,StutterTalk880,0.07795783877372742,0.11273500323295593,0.019037818536162376,0.2280040979385376,0.9424187541007996
742,HeStutters16211,0.7549301385879517,0.25538840889930725,0.14810730516910553,0.03366444259881973,0.3080579936504364
743,HeStutters2125,0.12522436678409576,0.5533815026283264,0.1279800683259964,0.007124325260519981,0.008104601874947548
744,WomenWhoStutter97177,0.10998893529176712,0.3247539699077606,0.02540052868425846,0.0063052610494196415,0.867432177066803
745,StutteringIsCool80123,0.008591396734118462,0.12003276497125626,0.004786647856235504,0.012254081666469574,0.29271185398101807
746,StrongVoices10211,0.003097359323874116,0.09990263730287552,0.01428714394569397,0.005204489454627037,0.010465644299983978
747,WomenWhoStutter244,0.0012968755327165127,0.04263845831155777,0.00995597057044506,0.0867813378572464,0.20733261108398438
748,StutterTalk7213,0.015724943950772285,0.24437907338142395,0.003175248857587576,0.00010400316386949271,0.0011187540367245674
749,StutterTalk4939,0.005872705485671759,0.09075859934091568,0.09932772815227509,0.01057702861726284,0.005793261341750622
750,StutterTalk63161,0.01242759358137846,0.012849368155002594,0.0014800851931795478,0.022139694541692734,0.020892227068543434
751,HeStutters237,0.007948838174343109,0.09808017313480377,0.040463853627443314,0.9306637048721313,0.03079896792769432
752,StrongVoices233,0.0022313876543194056,0.0941748321056366,0.11007192730903625,0.7766018509864807,0.023923227563500404
753,StrongVoices197,0.7705303430557251,0.007831968367099762,0.00037565306411124766,5.910158506594598e-05,0.16243192553520203
754,StrongVoices2524,0.2078811228275299,0.32132935523986816,0.03329908847808838,0.01170120108872652,0.23518066108226776
755,StutterTalk1631,0.19645266234874725,0.09458892047405243,0.8320636749267578,0.02358970418572426,0.17532207071781158
756,HVSA0118,0.03317589312791824,0.27721351385116577,0.05228664353489876,0.2413925975561142,0.6240522861480713
757,WomenWhoStutter30151,0.014933091588318348,0.025654276832938194,0.00862754974514246,0.010357853956520557,0.0019304658053442836
758,HeStutters1153,0.001517970347777009,0.028637291863560677,0.006035710219293833,0.0068578291684389114,0.0016478890320286155
759,StrongVoices1411,0.39258915185928345,0.17457270622253418,0.0023315439466387033,8.338933548657224e-05,0.00948560144752264
760,HVSA299,0.010655777528882027,0.1937950849533081,0.769324779510498,0.16097791492938995,0.013882970437407494
761,HVSA344,0.015696149319410324,0.16457466781139374,0.3083380460739136,0.0005620407173410058,0.0001440161868231371
762,HeStutters2157,0.023413537070155144,0.12182952463626862,0.05777118355035782,0.6019061207771301,0.015215612016618252
763,HVSA294,0.01307770051062107,0.15140314400196075,0.012913256883621216,0.003863002173602581,0.07797950506210327
764,StutterTalk64137,0.0012494391994550824,0.0262044258415699,0.0006176961469464004,8.25635070214048e-05,0.0004689570632763207
765,StutteringIsCool6112,0.1351272165775299,0.3731652498245239,0.0204162634909153,0.0015184256481006742,0.8793273568153381
766,WomenWhoStutter6324,0.03529560565948486,0.04185828939080238,0.0003181575157213956,7.378422742476687e-05,0.015030673705041409
767,IStutterSoWhat0102,0.07530255615711212,0.05263132601976395,0.005391709506511688,0.001477735466323793,0.24039311707019806
768,StrongVoices23182,0.4699546694755554,0.1713491529226303,0.01947830617427826,0.00012094266276108101,0.003575416747480631
769,StrongVoices10115,0.45750871300697327,0.09103896468877792,0.005134312901645899,5.8417026593815535e-05,0.0010391937103122473
770,HeStutters541,0.4348503649234772,0.09551757574081421,0.004325341433286667,0.00012784484715666622,0.006798986811190844
771,WomenWhoStutter2112,0.018502430990338326,0.23565475642681122,0.002169254934415221,8.883119153324515e-05,0.007908058352768421
772,HVSA3123,0.7272722721099854,0.131563201546669,0.5209065675735474,0.032891348004341125,0.07525987178087234
773,StrongVoices837,0.20155879855155945,0.07946866005659103,0.012696453370153904,0.01107755582779646,0.07150861620903015
774,WomenWhoStutter86104,0.007701704744249582,0.06298379600048065,0.005750663578510284,0.005532852839678526,0.006405089516192675
775,StrongVoices1922,0.6248112320899963,0.3169030547142029,0.03987233713269234,0.002458996372297406,0.015406675636768341
776,HVSA0112,0.09360191971063614,0.1545645147562027,0.005178803578019142,0.000867075752466917,0.9025841355323792
777,StutterTalk72185,0.24282170832157135,0.17712457478046417,0.20742766559123993,0.08494457602500916,0.08634199947118759
778,StrongVoices213,0.5802757740020752,0.16015870869159698,0.03894098848104477,0.00471961684525013,0.01744796894490719
779,StutterTalk8133,0.0007488452829420567,0.0370304249227047,0.011524166911840439,0.0025381105951964855,0.0002611313248053193
780,StutterTalk72183,0.04195515438914299,0.3901140093803406,0.6499743461608887,0.055326078087091446,0.018430527299642563
781,StrongVoices1430,0.32878828048706055,0.02341971918940544,0.004767392296344042,0.0021399385295808315,0.006680230610072613
782,StutterTalk6392,0.032073020935058594,0.11254121363162994,0.0025539593771100044,0.0011479553068056703,0.5194730162620544
783,StrongVoices81,0.22014302015304565,0.47232264280319214,0.03496399149298668,5.289086402626708e-05,0.005928581580519676
784,StutteringIsCool7931,0.008235929533839226,0.5501142740249634,0.6265666484832764,0.012579747475683689,0.059800148010253906
785,HVSA168,0.020277388393878937,0.5155829787254333,0.3905065953731537,0.00019805596093647182,0.002889984752982855
786,WomenWhoStutter30113,0.22362089157104492,0.08221425116062164,0.01586509309709072,0.1998046338558197,0.8988860845565796
787,StutteringIsCool7036,0.0009601438068784773,0.0015866449102759361,8.290432742796838e-05,0.0003259130462538451,0.0005403529503382742
788,WomenWhoStutter10116,0.37556225061416626,0.3078332543373108,0.3006642460823059,0.0009844191372394562,0.002515512751415372
789,WomenWhoStutter7618,0.0040112705901265144,0.050103653222322464,0.0026944985147565603,0.0017149843042716384,0.010960274375975132
790,HVSA1144,0.0826556608080864,0.3309793174266815,0.22970610857009888,0.08155425637960434,0.05443273112177849
791,MyStutteringLife033,0.20637786388397217,0.09466544538736343,0.015849653631448746,0.02345549687743187,0.0053824326023459435
792,WomenWhoStutter10838,0.016193851828575134,0.32708919048309326,0.0030906484462320805,0.0007189246825873852,0.01822165586054325
793,WomenWhoStutter7638,0.037676047533750534,0.514419436454773,0.029527021571993828,0.012635230086743832,0.022307084873318672
794,StutterTalk319,0.019091259688138962,0.37916475534439087,0.10007018595933914,0.07774500548839569,0.5765745043754578
795,StrongVoices121,0.00193008070345968,0.05538342893123627,0.006620436441153288,0.0018046586774289608,0.0005162459565326571
796,StrongVoices288,0.10460291057825089,0.3413071632385254,0.06698794662952423,0.0006714252522215247,0.009237623773515224
797,StutterTalk1613,0.02752530947327614,0.26044878363609314,0.8649933934211731,0.006373277865350246,0.01845758594572544
798,StutterTalk161,0.021722864359617233,0.427410751581192,0.2725776433944702,0.045934516936540604,0.011257105506956577
799,HVSA019,0.04518895968794823,0.49461856484413147,0.4472964406013489,0.21433144807815552,0.3362632989883423
800,StutterTalk6415,0.2569343149662018,0.06482759118080139,0.01743875816464424,0.36650097370147705,0.04546927288174629
801,StutterTalk6412,0.00785471498966217,0.048085037618875504,0.001430449541658163,0.0002677890006452799,0.004072858020663261
802,StutterTalk5834,0.004023200366646051,0.05661436915397644,0.006261449307203293,0.0036181907635182142,0.017580555751919746
803,HVSA057,0.1906280368566513,0.1616111695766449,0.030993079766631126,0.016793912276625633,0.5349610447883606
804,HVSA078,0.0004160593671258539,0.07893083989620209,7.916717731859535e-05,0.00047842017374932766,0.19577696919441223
805,StrongVoices23116,0.029269056394696236,0.12551182508468628,0.0017703385092318058,2.3225631593959406e-05,0.000940331316087395
806,StrongVoices2360,0.36704376339912415,0.10922333598136902,0.017817877233028412,0.00040926263318397105,0.013773725368082523
807,StutterTalk6417,0.38233447074890137,0.1230727881193161,0.008514446206390858,0.0001289325882680714,0.0042554596439003944
808,StutterTalk2541,0.0003816355892922729,0.009745284914970398,0.00022438151063397527,6.038218634785153e-05,0.0002758276532404125
809,IStutterSoWhat366,0.05291973799467087,0.43156594038009644,0.7170652747154236,0.017683640122413635,0.5531200170516968
810,HVSA2198,0.2327147275209427,0.4683718979358673,0.07809732109308243,0.006376292090862989,0.008555364795029163
811,HVSA1181,0.010325579904019833,0.1944136768579483,0.013164440169930458,0.0003042800526600331,0.00036610287497751415
812,StrongVoices3212,0.06434942036867142,0.4753901958465576,0.34144842624664307,0.620667040348053,0.4537683129310608
813,WomenWhoStutter688,0.13312965631484985,0.39309918880462646,0.23225617408752441,0.10714257508516312,0.4252648949623108
814,HVSA3143,0.000789587153121829,0.0905221477150917,0.9355456829071045,0.13461239635944366,0.00911727175116539
815,HeStutters16209,0.025135204195976257,0.32838869094848633,0.15201130509376526,0.7156599164009094,0.06170656904578209
816,WomenWhoStutter30135,0.013568121008574963,0.26650530099868774,0.08234471827745438,0.059257760643959045,0.11485818773508072
817,HeStutters12165,0.03307448327541351,0.03366384655237198,0.0028245942667126656,0.34780174493789673,0.25904399156570435
818,StutterTalk597,0.0014014856424182653,0.023414846509695053,0.03368944674730301,0.1538049876689911,0.0015436396934092045
819,StrongVoices2224,0.00199907342903316,0.003915213979780674,0.0028202354442328215,0.03088322840631008,0.0006222148076631129
820,WomenWhoStutter21153,0.2297467291355133,0.541991114616394,0.08005725592374802,0.001026043901219964,0.010286131873726845
821,HeStutters1264,0.4137890338897705,0.28753218054771423,0.048259250819683075,0.001545378123410046,0.8872939348220825
822,StutterTalk389,0.24914120137691498,0.05838867276906967,0.0023771587293595076,0.0010749255307018757,0.8764955997467041
823,StrongVoices23210,0.09726332128047943,0.5638557076454163,0.13154496252536774,0.017362140119075775,0.09526834636926651
824,WomenWhoStutter1040,0.07506959140300751,0.24698780477046967,0.0032928711734712124,0.00033817184157669544,0.0021756503265351057
825,StutterTalk3832,0.011209551244974136,0.3368029296398163,0.029647191986441612,0.020846577361226082,0.2638896107673645
826,StrongVoices1040,0.44128453731536865,0.07713236659765244,0.009239469654858112,0.0005609374493360519,0.0025074731092900038
827,StutterTalk7910,0.0010169458109885454,0.01956203021109104,0.0001563282567076385,0.00046059468877501786,0.01258908025920391
828,StutterTalk64183,0.19393010437488556,0.10756354033946991,0.025608880445361137,0.11056194454431534,0.9540257453918457
829,HVSA3206,0.4162820875644684,0.35877129435539246,0.28368040919303894,0.044771306216716766,0.02941017411649227
830,MyStutteringLife1636,0.35161292552948,0.17266076803207397,0.0792878121137619,0.035299889743328094,0.01615160144865513
831,StrongVoices83,0.7124097943305969,0.2240801751613617,0.4637988805770874,0.1858830600976944,0.0763946920633316
832,StutteringIsCool80109,0.05013334006071091,0.148808553814888,0.005492643918842077,0.0005652115796692669,0.956189751625061
833,StutterTalk2652,0.0055606914684176445,0.014471057802438736,0.0007531361188739538,0.0006927852518856525,0.0021455592941492796
834,WomenWhoStutter148,0.5806952118873596,0.3460056483745575,0.04530557245016098,0.005022050812840462,0.033294353634119034
835,StutterTalk7715,0.035199206322431564,0.5161066055297852,0.05060102045536041,0.010258338414132595,0.013307599350810051
836,StutterTalk2521,0.007960518822073936,0.15575352311134338,0.02224971540272236,0.24016593396663666,0.00883366260677576
837,HeStutters1664,0.2594718933105469,0.21298745274543762,0.05051511898636818,0.46990901231765747,0.07551231235265732
838,StutterTalk3414,0.09686575829982758,0.3063494861125946,0.0694802850484848,0.016268469393253326,0.02817058563232422
839,StrongVoices6174,0.23858821392059326,0.0414036400616169,0.001092304359190166,0.0002286740782437846,0.7129665613174438
840,StutterTalk7635,0.00031800984288565814,0.049106113612651825,0.0009321128018200397,0.0023859920911490917,0.004798471927642822
841,WomenWhoStutter9788,0.024420972913503647,0.29801976680755615,0.12195272743701935,0.723055899143219,0.029243411496281624
842,StutterTalk105,0.0003125207731500268,0.008284343406558037,5.1454138883855194e-05,9.675497494754381e-06,0.00021456506510730833
843,StutterTalk4913,0.18880335986614227,0.035251349210739136,0.0023142846766859293,0.023429278284311295,0.09246993809938431
844,StutterTalk5830,0.01758677512407303,0.22916145622730255,0.1946544349193573,0.4645530879497528,0.11627197265625
845,StrongVoices3290,0.016337813809514046,0.122138611972332,0.005530240014195442,0.0032123911660164595,0.012181720696389675
846,StutteringIsCool8047,0.0001878954062703997,0.006956066936254501,0.0010909941047430038,0.02146330289542675,0.003406709060072899
847,WomenWhoStutter14159,0.5767844915390015,0.05431819707155228,0.004021316766738892,0.00014392708544619381,0.003206495428457856
848,StutterTalk5211,0.06096109747886658,0.10573286563158035,0.008101317100226879,0.11820955574512482,0.12477248907089233
849,StrongVoices85,0.34433284401893616,0.06337630748748779,0.0018387651070952415,0.00018201586499344558,0.010751394554972649
850,StutterTalk716,0.004026426468044519,0.06006346642971039,0.21672315895557404,0.17727965116500854,0.008913535624742508
851,StutterTalk26191,0.3688052296638489,0.22384190559387207,0.0741695910692215,0.03911414369940758,0.7516964673995972
852,StutteringIsCool4027,0.892007052898407,0.1254016011953354,0.035322219133377075,0.00016071920981630683,0.007833958603441715
853,StutteringIsCool14,0.006906905677169561,0.48726046085357666,0.021554121747612953,0.00012793582573067397,0.00349660636857152
854,WomenWhoStutter2114,0.2889638841152191,0.3413749635219574,0.10929204523563385,0.07576342672109604,0.04017726331949234
855,WomenWhoStutter1316,0.761151134967804,0.056741733103990555,0.004658225923776627,0.0001846153027145192,0.10183505713939667
856,StutterTalk26100,0.03281257674098015,0.1462540477514267,0.027117466554045677,0.016531510278582573,0.8905398845672607
857,MyStutteringLife3925,0.0010049160337075591,0.10043832659721375,0.03216404467821121,0.31806546449661255,0.024258440360426903
858,WomenWhoStutter861,0.12425859272480011,0.4702809453010559,0.26398685574531555,0.05143280327320099,0.7485015392303467
859,HVSA28,0.18744012713432312,0.0729038193821907,0.8672310709953308,0.00025573125458322465,0.0034569846466183662
860,StrongVoices1712,0.002067927736788988,0.05229250341653824,0.0037460289895534515,0.018361303955316544,0.14594364166259766
861,StutteringIsCool3732,0.2413930743932724,0.2536786198616028,0.7908982038497925,0.014017762616276741,0.3692103922367096
862,StutterTalk6447,0.04923839867115021,0.11161988973617554,0.010934898629784584,0.0053198374807834625,0.015041181817650795
863,StrongVoices21156,0.004183497279882431,0.007129497826099396,0.0001221940474351868,7.045218080747873e-05,0.000890007009729743
864,StutterTalk3034,0.01373977493494749,0.5842134952545166,0.020476337522268295,0.0008551478385925293,0.007100538816303015
865,StutteringIsCool8088,0.010745370760560036,0.07234147936105728,0.0022021124605089426,0.0022655148059129715,0.5364944338798523
866,StutterTalk25156,0.04153747856616974,0.06539815664291382,0.003982805646955967,0.001219888566993177,0.006156460382044315
867,HeStutters5122,0.0051459516398608685,0.09694892168045044,0.14504891633987427,0.9801082015037537,0.12313580513000488
868,StutterTalk2566,0.0020323763601481915,0.12789970636367798,0.0011909985914826393,0.00036673041176982224,0.0061829290352761745
869,MyStutteringLife58,0.03308919817209244,0.5072466135025024,0.07921840995550156,0.008431079797446728,0.007897642441093922
870,StrongVoices2318,0.617135763168335,0.2315668910741806,0.008172713220119476,0.0002259555913042277,0.007132397498935461
871,StutterTalk854,0.016418857499957085,0.041060078889131546,0.027640104293823242,0.9757019281387329,0.09105297178030014
872,StutterTalk776,0.1741691380739212,0.3510563373565674,0.09607864171266556,0.08491147309541702,0.38473060727119446
873,IStutterSoWhat068,0.3500303030014038,0.040614694356918335,0.002999680582433939,0.00016069499542936683,0.0009877736447378993
874,WomenWhoStutter30200,0.0023411468137055635,0.0958779826760292,0.001604733755812049,0.003265870502218604,0.061923544853925705
875,StutterTalk864,0.00037355872336775064,0.07354829460382462,0.019884992390871048,0.003622886724770069,0.0019940442871302366
876,StutteringIsCool4531,0.003700030269101262,0.24169301986694336,0.0128776328638196,0.0014480241807177663,0.007605819497257471
877,HeStutters1841,0.0010981173254549503,0.049937840551137924,0.01996386982500553,0.9906327724456787,0.1368463635444641
878,StutterTalk731,0.008375480771064758,0.03379017487168312,0.0012292992323637009,0.00028489335090853274,0.0007151110912673175
879,StutterTalk510,0.004730988293886185,0.26745787262916565,0.23457781970500946,0.5717236995697021,0.07206067442893982
880,WomenWhoStutter8615,0.1547163426876068,0.2977873384952545,0.10140035301446915,0.017323246225714684,0.6985946297645569
881,WomenWhoStutter585,0.17064137756824493,0.2638990879058838,0.14138078689575195,0.055302079766988754,0.03436388820409775
882,StrongVoices32193,0.029859229922294617,0.129643976688385,0.003955078311264515,0.0011118784314021468,0.5022473931312561
883,StutteringIsCool5620,0.02251550182700157,0.07359132915735245,0.015459882095456123,0.00028350361390039325,0.0002687525120563805
884,StutterTalk7713,0.7901758551597595,0.1487964689731598,0.04145682603120804,0.0007449867553077638,0.025419605895876884
885,StrongVoices1021,0.055117167532444,0.31084001064300537,0.010789981111884117,0.00301628140732646,0.021779723465442657
886,StutterTalk3727,0.10681161284446716,0.15277354419231415,0.1607261449098587,0.006804837379604578,0.0044878157787024975
887,StutterTalk1622,0.011233719065785408,0.1953275352716446,0.026985663920640945,0.3625699281692505,0.0013360700104385614
888,StutterTalk2653,0.08807986229658127,0.3827821612358093,0.17537297308444977,0.49634265899658203,0.6971232295036316
889,StrongVoices232,0.44429755210876465,0.07850104570388794,0.07764346152544022,0.5609409809112549,0.8024834394454956
890,StrongVoices254,0.0025862024631351233,0.2120104730129242,0.0007193348719738424,2.6021027224487625e-05,0.0005726636736653745
891,StrongVoices6124,0.003623031312599778,0.08319254219532013,0.00035657439730130136,0.00011584111052798107,0.002270183525979519
892,StutterTalk6468,0.043297868221998215,0.045594535768032074,0.007179117761552334,6.521707837237045e-05,0.0007379164453595877
893,WomenWhoStutter10160,0.014948700554668903,0.09746658056974411,0.018196817487478256,0.2735213041305542,0.3148873746395111
894,StrongVoices3133,0.06651198118925095,0.3991160988807678,0.13189779222011566,0.22369234263896942,0.5031212568283081
895,StutterTalk7632,0.03315432742238045,0.5558651089668274,0.2433987408876419,0.00039740646025165915,0.003151997923851013
896,StutterTalk7630,0.4650294780731201,0.1086697205901146,0.006208204664289951,0.004345465451478958,0.9613694548606873
897,HeStutters1226,0.056815292686223984,0.5107981562614441,0.4485900104045868,0.11847390234470367,0.038688648492097855
898,StutteringIsCool80102,0.02920490689575672,0.07155453413724899,0.026438698172569275,0.17568309605121613,0.4983624517917633
899,IStutterSoWhat3158,0.6191199421882629,0.1756671816110611,0.6730303764343262,0.004658880643546581,0.01677420176565647
900,StrongVoices32120,0.007892657071352005,0.36825814843177795,0.151919886469841,0.19370344281196594,0.2035665661096573
901,StrongVoices6146,0.0885515883564949,0.21321159601211548,0.004557638894766569,0.00019545074610505253,0.0032373617868870497
902,WomenWhoStutter6412,0.004139731638133526,0.04965575411915779,0.04111894965171814,0.9663152694702148,0.9120566248893738
903,WomenWhoStutter265,0.07071556895971298,0.13248589634895325,0.08554138988256454,0.011049670167267323,0.002072207862511277
904,StutterTalk3237,0.000567551760468632,0.016282914206385612,0.0006886954070068896,0.0008227755315601826,0.0004386936780065298
905,StrongVoices32196,0.04038664698600769,0.1628796011209488,0.009134355001151562,0.05916416645050049,0.8844383955001831
906,StrongVoices1018,0.7505816221237183,0.11696963012218475,0.023599062114953995,0.00027597523876465857,0.010482956655323505
907,StutterTalk7299,0.014163280837237835,0.34535762667655945,0.493265300989151,0.40976035594940186,0.03429600968956947
908,StutteringIsCool6223,0.0070910584181547165,0.34681835770606995,0.008039961569011211,0.0007683998555876315,0.0009452663944102824
909,StrongVoices21101,0.20269560813903809,0.14206752181053162,0.0007620077230967581,3.553286296664737e-05,0.00906427577137947
910,StrongVoices21192,0.26271891593933105,0.0961865559220314,0.03234115242958069,0.02292207069694996,0.012650283053517342
911,StutterTalk7297,0.0010140080703422427,0.06551195681095123,0.008821042254567146,0.0008533432264812291,0.0006570960395038128
912,WomenWhoStutter5834,0.02242623083293438,0.15264393389225006,0.05034230276942253,0.921718418598175,0.13441674411296844
913,WomenWhoStutter6913,0.03696492314338684,0.08295269310474396,0.002405294682830572,3.2896823540795594e-05,0.002661740407347679
914,StutteringIsCool3336,0.07567176222801208,0.11976052820682526,0.005527980159968138,0.004453256260603666,0.9264395236968994
915,HVSA3125,0.0012126917717978358,0.16323953866958618,0.3820265531539917,0.5047643184661865,0.004603653680533171
916,HVSA069,0.16524648666381836,0.4520281255245209,0.46581825613975525,0.01591978780925274,0.11209160089492798
917,WomenWhoStutter4611,0.002170806983485818,0.11255641281604767,0.017965873703360558,0.11314799636602402,0.0362095944583416
918,StrongVoices23243,0.16745513677597046,0.44151586294174194,0.04675905779004097,0.0009052339009940624,0.353934109210968
919,HVSA253,0.1799980252981186,0.04856368526816368,0.006727926433086395,0.009239901788532734,0.37216871976852417
920,StrongVoices99,0.30750301480293274,0.10424578189849854,0.01682557724416256,0.003941179718822241,0.07082152366638184
921,StutterTalk264,0.0282274279743433,0.09131406992673874,0.011184505186975002,0.005866703577339649,0.006668982096016407
922,WomenWhoStutter30159,0.008946304209530354,0.10355416685342789,0.0017733663553372025,0.0007882272475399077,0.032647754997015
923,WomenWhoStutter97176,0.07203704863786697,0.33541738986968994,0.7940391302108765,0.21719397604465485,0.4871468245983124
924,StutterTalk693,0.10489936172962189,0.02221829444169998,0.0003865390317514539,2.06257427635137e-05,0.0002964716695714742
925,MyStutteringLife82,0.0020919502712786198,0.05670342594385147,0.00154845358338207,0.00021587242372334003,0.0010237342212349176
926,MyStutteringLife822,0.25540828704833984,0.331504225730896,0.21997657418251038,0.00014613404346164316,0.002256393199786544
927,StutterTalk3839,0.1970318853855133,0.07980629056692123,0.004509683232754469,0.004756612703204155,0.9794975519180298
928,StrongVoices23151,0.6155551075935364,0.40716099739074707,0.3241344392299652,0.0017978630494326353,0.026015248149633408
929,StutterTalk845,0.035273514688014984,0.25735026597976685,0.04704233631491661,0.0031321949791163206,0.64179527759552
930,StutterTalk3831,0.07820754498243332,0.05722208321094513,0.0058870515786111355,0.013174802996218204,0.9567509889602661
931,HeStutters12155,0.0008244338096119463,0.13231727480888367,0.0030240716878324747,0.0006012173253111541,0.2476213425397873
932,StutterTalk811,0.030691450461745262,0.13627004623413086,0.08800358325242996,0.8577648997306824,0.7016919255256653
933,HeStutters18136,0.561558723449707,0.03266569599509239,0.0038720329757779837,0.0003635706380009651,0.003473160322755575
934,StutterTalk37121,0.08051273971796036,0.020943861454725266,0.006690790876746178,0.9880895018577576,0.640843391418457
935,StutteringIsCool4920,0.7295850515365601,0.028272947296500206,0.0013757122214883566,0.014068784192204475,0.032207027077674866
936,StutteringIsCool34124,0.08689204603433609,0.41957950592041016,0.7258557677268982,0.034646227955818176,0.13717439770698547
937,StutterTalk26152,0.040535762906074524,0.30687808990478516,0.09005670994520187,0.4378381073474884,0.7802363634109497
938,StrongVoices828,0.009174228645861149,0.10029377043247223,0.0004373994597699493,3.374520383658819e-05,0.0032633228693157434
939,StutterTalk6882,0.02215508185327053,0.0661412701010704,0.004466038662940264,0.0012443584855645895,0.747596800327301
940,StutteringIsCool818,0.10616213828325272,0.09809784591197968,0.1285836398601532,0.44360294938087463,0.051525648683309555
941,StutterTalk8016,0.000576605147216469,0.035860005766153336,0.002027683425694704,0.00013558799400925636,0.0003739110834430903
942,WomenWhoStutter7625,0.03003022074699402,0.135152667760849,0.0016732343938201666,4.5406442950479686e-05,0.001737558632157743
943,StutterTalk64138,0.022779129445552826,0.16288693249225616,0.02075987122952938,0.0001489844435127452,0.0013070693239569664
944,StrongVoices025,0.0038871935103088617,0.10861603915691376,0.0009979873429983854,0.00011961933341808617,0.0004701651632785797
945,WomenWhoStutter972,0.016800038516521454,0.14137163758277893,0.012898057699203491,0.006094531621783972,0.03261292725801468
946,HeStutters11157,0.04006531834602356,0.3768553137779236,0.016971033066511154,0.006058173254132271,0.01986328698694706
947,HeStutters1721,0.37943053245544434,0.12895283102989197,0.025490567088127136,0.0037241526879370213,0.03412478789687157
948,StutteringIsCool287,0.24131956696510315,0.16997729241847992,0.025997033342719078,0.0016734900418668985,0.977108359336853
949,HVSA045,0.1018190085887909,0.4286574125289917,0.051691070199012756,0.005890842527151108,0.2948437035083771
950,HeStutters1666,0.0800621509552002,0.17700998485088348,0.0910886749625206,0.5670400261878967,0.07956786453723907
951,StutterTalk8164,0.07341925799846649,0.13738718628883362,0.06924206763505936,0.839532196521759,0.6326342821121216
952,StutteringIsCool1517,0.007247528992593288,0.2162383794784546,0.0016787201166152954,0.00019090287969447672,0.006988931447267532
953,HVSA22,0.034912314265966415,0.13543011248111725,0.060942914336919785,0.8349469304084778,0.9126824736595154
954,WomenWhoStutter531,0.011433640494942665,0.36974939703941345,0.02315344661474228,0.0037820853758603334,0.08525478094816208
955,WomenWhoStutter521,0.014209507964551449,0.052914343774318695,0.003217606572434306,0.008361690677702427,0.01229921542108059
956,WomenWhoStutter10161,0.009225555695593357,0.19763073325157166,0.16592860221862793,0.8619198203086853,0.014996782876551151
957,WomenWhoStutter154,0.06407768279314041,0.5360531210899353,0.2140766680240631,0.25595977902412415,0.12017874419689178
958,StutteringIsCool216,0.03286617249250412,0.1287463754415512,0.019754840061068535,0.016194064170122147,0.012605567462742329
959,StutteringIsCool6021,0.0007822645711712539,0.0023571732454001904,0.0007829873356968164,0.004781748633831739,0.0025764410383999348
960,StutterTalk870,0.0007395475404337049,0.010987636633217335,0.0003746595175471157,0.0002194186090491712,0.002531950594857335
961,StrongVoices736,0.027076147496700287,0.32518714666366577,0.025478487834334373,0.15502582490444183,0.04145132750272751
962,StutterTalk3712,0.0043614087626338005,0.007465892471373081,0.00027085590409114957,0.0004019906045868993,0.0012768995948135853
963,StrongVoices23213,0.0020921772811561823,0.26158052682876587,0.0016920932102948427,2.6199810235993937e-05,0.0005185556947253644
964,IStutterSoWhat3153,0.004334155470132828,0.21094536781311035,0.814110517501831,0.14026515185832977,0.17685221135616302
965,StutterTalk7913,0.0041546751745045185,0.024013713002204895,0.0021558734588325024,0.004738927818834782,0.004582584835588932
966,StrongVoices657,0.06822700798511505,0.42787909507751465,0.16008156538009644,0.16087444126605988,0.76557457447052
967,StrongVoices21104,0.0019121351651847363,0.02533130533993244,0.001306573860347271,0.005230830516666174,0.008073752745985985
968,StutterTalk25161,0.07379670441150665,0.018016386777162552,0.003642901312559843,0.0017442769603803754,0.0016141959931701422
969,StutteringIsCool3325,0.018505705520510674,0.011365769430994987,0.007992435246706009,0.0027928012423217297,0.0005604099715128541
970,StutterTalk120,0.004557610489428043,0.0040816329419612885,8.626101043773815e-05,3.4417569167999318e-06,4.033976074424572e-05
971,HeStutters1124,0.0281080175191164,0.24466507136821747,0.0483226478099823,0.276563823223114,0.7507051229476929
972,StutterTalk147,0.0015039093559607863,0.12550170719623566,0.0013135668123140931,0.0005348014528863132,0.04353906214237213
973,HVSA260,0.0468902550637722,0.33079060912132263,0.4983749985694885,0.011961081065237522,0.008774367161095142
974,IStutterSoWhat055,0.0889541506767273,0.15926678478717804,0.008008026517927647,0.0009598940960131586,0.008213859982788563
975,WomenWhoStutter8698,0.1575893759727478,0.4838753342628479,0.49801313877105713,0.09437166899442673,0.7158595323562622
976,StutterTalk3744,0.28823351860046387,0.052999842911958694,0.012906772084534168,0.002178188879042864,0.007961757481098175
977,IStutterSoWhat30,0.6502626538276672,0.3056630790233612,0.4205421507358551,0.0005567613989114761,0.024842601269483566
978,WomenWhoStutter86166,0.28459662199020386,0.09173361957073212,0.04356885701417923,0.9423883557319641,0.7592462301254272
979,StutterTalk7266,0.07742355018854141,0.44637900590896606,0.6190385222434998,0.0643288865685463,0.11750833690166473
980,MyStutteringLife513,0.001991880126297474,0.12932272255420685,0.007436790969222784,0.0006764540448784828,0.0008788142004050314
981,StutterTalk8123,0.017858855426311493,0.06555575877428055,0.0039832936599850655,0.006504759658128023,0.41345149278640747
982,StrongVoices3288,0.8340616822242737,0.10294513404369354,0.012998949736356735,0.0005959575064480305,0.0066052814945578575
983,StutteringIsCool222,0.0014935468789190054,0.017114514485001564,2.8673954147961922e-05,2.137646333721932e-05,0.0017753832507878542
984,StrongVoices2838,0.5262436270713806,0.01721372827887535,0.0003070774837397039,2.908471469709184e-05,0.22614891827106476
985,HVSA022,0.029445789754390717,0.07655134052038193,0.0005453468183986843,0.0004765703924931586,0.4787813723087311
986,StutterTalk532,0.051951661705970764,0.3859524130821228,0.3594520390033722,0.06188395619392395,0.8673016428947449
987,StutterTalk3031,0.11023452877998352,0.43019208312034607,0.21506595611572266,0.022681958973407745,0.09931163489818573
988,MyStutteringLife89,0.006891641300171614,0.08713185787200928,0.003081075381487608,0.0002167026832466945,0.001835869625210762
989,StrongVoices2726,0.027752405032515526,0.4352536201477051,0.022252287715673447,0.00035404847585596144,0.06303299963474274
990,WomenWhoStutter21134,0.24372132122516632,0.014201736077666283,0.0003888838109560311,1.9009401512448676e-05,0.0006720642559230328
991,HVSA1151,0.0030732345767319202,0.036359935998916626,0.002878018422052264,0.0029659743886440992,0.007313252426683903
992,StutterTalk1416,0.8242201209068298,0.01256504375487566,0.00312344660051167,0.2520914375782013,0.4142853915691376
993,WomenWhoStutter8789,0.2616233229637146,0.17127330601215363,0.028014400973916054,0.012375867925584316,0.8240143060684204
994,WomenWhoStutter96119,0.07910912483930588,0.22802472114562988,0.15325677394866943,0.007175492588430643,0.9027519822120667
995,StutterTalk520,0.016373585909605026,0.14266997575759888,0.007119945250451565,0.0016387165524065495,0.8470454812049866
996,WomenWhoStutter1474,0.002945015672594309,0.0767320767045021,0.0013270139461383224,0.00019477264140732586,0.0018861955031752586
997,StrongVoices177,0.04636888578534126,0.4758761525154114,0.5898987650871277,0.30373072624206543,0.07244138419628143
998,HeStutters1613,0.7771240472793579,0.031955596059560776,0.0032543763518333435,0.003536658827215433,0.5182075500488281
999,StutterTalk6482,0.012992014177143574,0.0699419379234314,0.041301656514406204,0.905903160572052,0.9351085424423218
1000,WomenWhoStutter1046,0.13330790400505066,0.5448214411735535,0.594734251499176,0.00432956125587225,0.02172178030014038
1001,StutterTalk64154,0.5996651649475098,0.10001171380281448,0.012910508550703526,0.00014412992459256202,0.024621186777949333
1002,StrongVoices10116,0.016866881400346756,0.03474464267492294,0.001132334815338254,0.0005104204174131155,0.0009229524293914437
1003,HVSA2173,0.6880847811698914,0.33185550570487976,0.3126840889453888,0.09837762266397476,0.022996453568339348
1004,StrongVoices3134,0.5137705206871033,0.052793700248003006,0.008412690833210945,0.0027721214573830366,0.9678824543952942
1005,WomenWhoStutter97148,0.015574301593005657,0.4026247560977936,0.7805517315864563,0.005579729564487934,0.014848792925477028
1006,StutteringIsCool3826,0.07442323863506317,0.21381211280822754,0.11527164280414581,0.02740808203816414,0.00918189063668251
1007,WomenWhoStutter86137,0.18372531235218048,0.41515079140663147,0.22750288248062134,0.17962129414081573,0.40783530473709106
1008,WomenWhoStutter1722,0.39150914549827576,0.10713373124599457,0.003304541576653719,5.657174187945202e-05,0.00939173810184002
1009,StutterTalk1818,0.006002838723361492,0.09139595925807953,0.04551447555422783,0.818671464920044,0.5823982357978821
1010,WomenWhoStutter498,0.050172869116067886,0.19071905314922333,0.007284537889063358,0.0027890403289347887,0.05578841641545296
1011,WomenWhoStutter3711,0.01661032810807228,0.33784162998199463,0.0033642309717833996,0.0012337309308350086,0.015086529776453972
1012,StrongVoices3265,0.16273930668830872,0.34975355863571167,0.019547581672668457,0.0024222005158662796,0.007854577153921127
1013,StutteringIsCool16,0.011478666216135025,0.1977546215057373,0.0014867200516164303,0.00014827880659140646,0.0011195947881788015
1014,StutterTalk8141,0.017141958698630333,0.1141958236694336,0.039435096085071564,0.7048205137252808,0.3391455113887787
1015,HVSA2192,0.01001285295933485,0.14259491860866547,0.03220497816801071,0.0034162821248173714,0.0006467981729656458
1016,StrongVoices21163,0.27298229932785034,0.1319979876279831,0.07429744303226471,0.17609813809394836,0.6667249798774719
1017,MyStutteringLife517,0.01436805259436369,0.2704637944698334,0.8110865354537964,0.03389887511730194,0.04749026894569397
1018,StutteringIsCool137,0.2449708729982376,0.23426033556461334,0.10840200632810593,0.2689894437789917,0.5578184723854065
1019,HeStutters222,0.000801780610345304,0.012038723565638065,6.60963196423836e-05,4.325011559558334e-06,9.022969607030973e-05
1020,WomenWhoStutter4937,0.034358181059360504,0.05753330513834953,0.00140690291300416,0.0006753000780008733,0.00611599488183856
1021,WomenWhoStutter6216,0.11184787005186081,0.16674047708511353,0.009848838672041893,0.006407691165804863,0.4030958414077759
1022,StrongVoices439,0.009186303243041039,0.2551562786102295,0.12857910990715027,0.0024721715599298477,0.0007302488666027784
1023,StrongVoices2374,0.056569285690784454,0.4009908437728882,0.7052784562110901,0.012532752938568592,0.3549076020717621
1024,HeStutters12137,0.00019982854428235441,0.003944063559174538,8.82676467881538e-05,6.932568066986278e-05,6.748623127350584e-05
1025,StutterTalk1615,0.026066308841109276,0.044522322714328766,0.0031733266077935696,0.2697198987007141,0.010770073160529137
1026,WomenWhoStutter62198,0.006686741951853037,0.13102106750011444,0.13106663525104523,0.9230397343635559,0.3060888648033142
1027,WomenWhoStutter1421,0.0593009851872921,0.0994945615530014,0.006240236572921276,0.08155014365911484,0.9822651147842407
1028,StutteringIsCool8138,0.01171860471367836,0.09141350537538528,0.016274964436888695,0.02717229351401329,0.9859830737113953
1029,StutteringIsCool3312,0.0008772291475906968,0.06387553364038467,0.009869757108390331,0.18756325542926788,0.011054360307753086
1030,IStutterSoWhat069,0.5440491437911987,0.17700226604938507,0.16699066758155823,0.05730031058192253,0.17314012348651886
1031,StutteringIsCool3329,0.2667427659034729,0.29027071595191956,0.14140187203884125,0.009094147011637688,0.8570823669433594
1032,StrongVoices6148,0.030601119622588158,0.3418862223625183,0.013134391978383064,0.0013365846825763583,0.001567732891999185
1033,WomenWhoStutter10157,0.07068703323602676,0.5476824045181274,0.042502861469984055,0.001301512005738914,0.006794380489736795
1034,StrongVoices2181,0.052363596856594086,0.25629112124443054,0.1825939565896988,0.04034050181508064,0.016086896881461143
1035,WomenWhoStutter87137,0.008169231005012989,0.20481465756893158,0.38992834091186523,0.8965651392936707,0.21662510931491852
1036,StrongVoices2364,0.09189336001873016,0.28653764724731445,0.009553162381052971,0.0060024806298315525,0.3634914755821228
1037,StutterTalk64126,0.0011485152645036578,0.026506951078772545,0.0003751202020794153,1.9733846784220077e-05,0.00028675945941358805
1038,StutterTalk5332,0.005113416351377964,0.07959027588367462,0.03128475323319435,0.012652892619371414,0.01825891062617302
1039,StutteringIsCool618,0.016554899513721466,0.3371706008911133,0.052273113280534744,0.5136747360229492,0.0515856072306633
1040,StutteringIsCool46194,0.000912967196200043,0.2024582326412201,0.0051107145845890045,0.0029491824097931385,0.002702229656279087
1041,StutterTalk25127,0.06021774932742119,0.43247920274734497,0.01124274730682373,0.003711473662406206,0.020390626043081284
1042,StrongVoices21195,0.02249492146074772,0.060387976467609406,0.001916813082061708,0.0004901186912320554,0.004024348687380552
1043,WomenWhoStutter30111,0.001957167638465762,0.01539692934602499,0.0012749946909025311,0.002519894391298294,0.008962892927229404
1044,StrongVoices1334,0.02217334322631359,0.520823061466217,0.4260648190975189,0.1676560491323471,0.03241721913218498
1045,IStutterSoWhat053,0.060747262090444565,0.5061467289924622,0.057859886437654495,0.011984467506408691,0.034622225910425186
1046,StutterTalk7251,0.011696773581206799,0.1423059105873108,0.9269364476203918,0.013561524450778961,0.033097703009843826
1047,StutteringIsCool46109,0.004938142374157906,0.12630781531333923,0.005789831280708313,0.02417127601802349,0.00663489056751132
1048,WomenWhoStutter9635,0.7856772541999817,0.09668321907520294,0.03062579035758972,0.008490435779094696,0.005186823196709156
1049,StutterTalk64117,0.058292195200920105,0.2662006616592407,0.0731244683265686,0.8794673085212708,0.17662817239761353
1050,HVSA3155,0.006634541321545839,0.20477800071239471,0.8882337212562561,0.001667601172812283,0.0034536547027528286
1051,WomenWhoStutter691,0.25764238834381104,0.05483685061335564,0.004170977044850588,8.058658568188548e-05,0.0067178006283938885
1052,StrongVoices6180,0.3059121370315552,0.39135801792144775,0.028632216155529022,0.0011837916681542993,0.0215468630194664
1053,HVSA1103,0.008478176780045033,0.33814674615859985,0.02404845505952835,0.012239362113177776,0.03906482085585594
1054,StutteringIsCool6232,0.1473156362771988,0.2645542025566101,0.009252123534679413,0.00015085050836205482,0.007993312552571297
1055,StutterTalk6875,0.0024374674540013075,0.028230728581547737,0.0009498178260400891,0.0012121213367208838,0.3434883952140808
1056,StutterTalk19,0.055604998022317886,0.4809221029281616,0.4740045368671417,0.10236509144306183,0.3899613320827484
1057,HVSA138,0.11166099458932877,0.4269040524959564,0.4155575633049011,0.3646194338798523,0.7560597658157349
1058,HeStutters297,0.19730302691459656,0.49385714530944824,0.04152630642056465,0.0030686098616570234,0.035316403955221176
1059,StrongVoices6175,0.1352744847536087,0.29612481594085693,0.04612841084599495,0.02643609046936035,0.4833311140537262
1060,HeStutters2135,0.002504152711480856,0.04102820158004761,0.00012049155338900164,4.7852743591647595e-05,0.012716821394860744
1061,WomenWhoStutter285,0.051166288554668427,0.16218343377113342,0.012157473713159561,0.005391574464738369,0.5241150856018066
1062,StrongVoices3333,0.1376802772283554,0.4781745672225952,0.0576847568154335,0.038320016115903854,0.027149319648742676
1063,HVSA364,0.001433455036021769,0.06105705350637436,0.9539229869842529,0.04329106584191322,0.016934899613261223
1064,WomenWhoStutter5825,0.016490718349814415,0.28227871656417847,0.007812405936419964,0.00017695118731353432,0.005465434864163399
1065,StrongVoices32113,0.022848311811685562,0.31280574202537537,0.011704145930707455,0.0020868706051260233,0.010796263813972473
1066,StrongVoices126,0.019151557236909866,0.2244391292333603,0.0016100889770314097,0.0006110176327638328,0.05851692333817482
1067,WomenWhoStutter1085,0.07977187633514404,0.26985234022140503,0.022744350135326385,0.31682631373405457,0.0448722280561924
1068,StutteringIsCool8436,0.009680341929197311,0.01099182479083538,0.00017777446191757917,4.290887591196224e-05,0.011601053178310394
1069,StutterTalk64167,0.5269968509674072,0.06825553625822067,0.013027501292526722,0.0048908027820289135,0.12251332402229309
1070,StutteringIsCool8049,0.12266221642494202,0.05118922144174576,0.000908807385712862,2.4548746296204627e-05,0.0014951271004974842
1071,WomenWhoStutter10831,0.08194036036729813,0.029006917029619217,0.003385185496881604,0.004827466793358326,0.02393905445933342
1072,StutteringIsCool382,0.03267435356974602,0.11307493597269058,0.07729658484458923,0.39490848779678345,0.39324161410331726
1073,StutterTalk1619,0.0017089660977944732,0.14571961760520935,0.9467527270317078,0.08485818654298782,0.06097719445824623
1074,HeStutters2182,0.0066976831294596195,0.2595662474632263,0.024192625656723976,0.0219124723225832,0.010993125848472118
1075,IStutterSoWhat066,0.3997325301170349,0.24338549375534058,0.07783813029527664,0.027458732947707176,0.9519829154014587
1076,StrongVoices23176,0.5087337493896484,0.027769526466727257,0.004357569385319948,0.0010183074045926332,0.002401589183136821
1077,StutterTalk05,0.2036728709936142,0.04223022982478142,0.0026515494100749493,0.00017637239943724126,0.0030040929559618235
1078,HeStutters11106,0.0619758740067482,0.03181670233607292,0.0017985007725656033,0.09491408616304398,0.2531527876853943
1079,StutterTalk64150,0.003037217305973172,0.009835705161094666,0.0004952946910634637,0.0008210536325350404,0.004829089157283306
1080,StrongVoices32156,0.30236101150512695,0.2983361482620239,0.6948662996292114,0.0012891128426417708,0.00781281664967537
1081,HVSA374,0.011150362901389599,0.3786896765232086,0.4401039183139801,0.09873952716588974,0.028776949271559715
1082,StutterTalk7612,0.2908683121204376,0.1540084332227707,0.06067783012986183,0.08577720075845718,0.9740144610404968
1083,StrongVoices662,0.9181426167488098,0.03020162507891655,0.0027406862936913967,0.013633091002702713,0.014867845922708511
1084,StutterTalk5936,0.0009418471599929035,0.029548395425081253,0.000757190864533186,0.00648189801722765,0.00881917029619217
1085,StrongVoices28,0.26287034153938293,0.05167148634791374,0.004875114653259516,0.002723695943132043,0.012551254592835903
1086,StutterTalk3818,0.0013614725321531296,0.04706484079360962,0.0010535541223362088,0.00015123086632229388,0.0004664946172852069
1087,StutteringIsCool80145,0.007974682375788689,0.06259676814079285,0.012471117079257965,0.9905563592910767,0.05061421915888786
1088,StrongVoices32187,0.1887688934803009,0.32734543085098267,0.008977703750133514,0.0002806818229146302,0.015720374882221222
1089,StrongVoices10192,0.18201583623886108,0.30491143465042114,0.017746586352586746,0.004035518039017916,0.03313647583127022
1090,StrongVoices32147,0.5168465375900269,0.3359282314777374,0.5723578333854675,0.040272925049066544,0.04879292845726013
1091,StutterTalk2837,0.05246780067682266,0.5074064135551453,0.045095350593328476,0.003194278571754694,0.011751875281333923
1092,StutterTalk8116,0.009716530330479145,0.2549484968185425,0.40905138850212097,0.20401239395141602,0.7305941581726074
1093,WomenWhoStutter87164,0.013776654377579689,0.3609476387500763,0.09155327826738358,0.4915139079093933,0.023076355457305908
1094,StutteringIsCool696,0.010184524580836296,0.35942086577415466,0.03388948366045952,0.18360202014446259,0.453787624835968
1095,StutterTalk37118,0.1398250162601471,0.11964282393455505,0.043962035328149796,0.0002642534673213959,0.0017370071727782488
1096,WomenWhoStutter1232,0.1791885644197464,0.20368225872516632,0.009616661816835403,0.00037545719533227384,0.03316386789083481
1097,StutterTalk4415,0.008393306285142899,0.05130196362733841,0.0035488109569996595,0.0006703916587866843,0.0033152999822050333
1098,WomenWhoStutter86154,0.06974069029092789,0.10402897745370865,0.025427455082535744,0.8320848941802979,0.9236772656440735
1099,StutterTalk846,0.0012018460547551513,0.16516776382923126,0.028439920395612717,0.013156290166079998,0.6487388014793396
1100,StutterTalk26160,0.020510591566562653,0.057853829115629196,0.0028951175045222044,0.025224223732948303,0.6444235444068909
1101,WomenWhoStutter10193,0.22520966827869415,0.04490514099597931,0.0012024558382108808,0.0002677905431482941,0.8492791652679443
1102,StutterTalk686,0.00477793300524354,0.15157316625118256,0.008876852691173553,0.006286380346864462,0.05196052044630051
1103,StutterTalk5414,0.05983888730406761,0.3985086977481842,0.2566543221473694,0.6367757320404053,0.2008942812681198
1104,StutteringIsCool46104,0.009964867495000362,0.17339283227920532,0.05091271176934242,0.13453327119350433,0.0892036035656929
1105,StutterTalk299,0.0015065695624798536,0.21116016805171967,0.013753511942923069,0.010727852582931519,0.005956253502517939
1106,StrongVoices75,0.00983837153762579,0.07351217418909073,0.0066549270413815975,0.0022211854811757803,0.006262630689889193
1107,HVSA0133,0.07366691529750824,0.4373660981655121,0.31112536787986755,0.28602778911590576,0.697590708732605
1108,StrongVoices2115,0.28843891620635986,0.12550804018974304,0.005421379115432501,0.0012277389178052545,0.09527086466550827
1109,MyStutteringLife016,0.11604291945695877,0.07252516597509384,0.005800485610961914,0.002020155545324087,0.035798005759716034
1110,HeStutters1280,0.023908454924821854,0.29033687710762024,0.2635679841041565,0.17309372127056122,0.009200341068208218
1111,HeStutters12109,0.2507183253765106,0.22142088413238525,0.14979583024978638,0.5093426704406738,0.08844845741987228
1112,StrongVoices2142,0.20917585492134094,0.19100888073444366,0.00826240237802267,0.0004101170052308589,0.33629310131073
1113,StutteringIsCool2314,0.012963258661329746,0.07968538254499435,0.016108624637126923,0.017525527626276016,0.8650709986686707
1114,WomenWhoStutter2119,0.001967040589079261,0.03331693634390831,0.0004009283729828894,0.0001411972480127588,0.001010937849059701
1115,StutteringIsCool239,0.07594253122806549,0.1297162026166916,0.015123880468308926,0.006209746468812227,0.3876488506793976
1116,StrongVoices2826,0.11886986345052719,0.11484641581773758,0.0029786794912070036,0.00033645282383076847,0.9244126081466675
1117,HVSA141,0.020649367943406105,0.2882145643234253,0.03574758768081665,0.44026505947113037,0.17622220516204834
1118,MyStutteringLife162,0.30224359035491943,0.45927006006240845,0.11914084851741791,0.0005410928279161453,0.023751823231577873
1119,StutterTalk494,0.09693949669599533,0.15030959248542786,0.00671393284574151,0.00044479253119789064,0.02760676108300686
1120,StutterTalk384,0.0017798753688111901,0.069768987596035,0.001728491741232574,0.000745277211535722,0.006163019686937332
1121,HeStutters11139,0.45681896805763245,0.43070462346076965,0.13521702587604523,0.033970024436712265,0.7413159012794495
1122,HVSA249,0.30119436979293823,0.47433945536613464,0.26058170199394226,0.011314286850392818,0.022176921367645264
1123,HVSA3202,0.01584606058895588,0.10106305778026581,0.03138395771384239,0.07439329475164413,0.5604197382926941
1124,StrongVoices2177,0.7474837899208069,0.05435395613312721,0.005353163927793503,0.0001562726538395509,0.014926268719136715
1125,HVSA391,0.0038535762578248978,0.17335447669029236,0.9521409869194031,0.007124875206500292,0.01875879243016243
1126,StutterTalk4910,0.02242317795753479,0.009040112607181072,0.005859891418367624,0.26664063334465027,0.02674025297164917
1127,StutterTalk325,0.15309569239616394,0.23126041889190674,0.015785761177539825,0.0011646937346085906,0.9150252342224121
1128,WomenWhoStutter322,0.09899478405714035,0.23430666327476501,0.035368911921978,0.482889860868454,0.009701148606836796
1129,HeStutters11170,0.5205725431442261,0.08204291760921478,0.02083887718617916,0.003953348379582167,0.05372329428792
1130,HVSA2159,0.1066339835524559,0.35001927614212036,0.03319235518574715,0.002218276960775256,0.015235280618071556
1131,WomenWhoStutter3738,0.003464542794972658,0.059096865355968475,0.008682820945978165,0.004995396360754967,0.0019035573350265622
1132,MyStutteringLife1834,0.4697878956794739,0.1359817087650299,0.03446727246046066,0.012938474304974079,0.00574069656431675
1133,WomenWhoStutter30199,0.011526437476277351,0.04977663233876228,0.0009368922910653055,0.0013252061326056719,0.11348456144332886
1134,MyStutteringLife2516,0.0021187015809118748,0.07326701283454895,0.0023534903302788734,0.006184220779687166,0.17727701365947723
1135,WomenWhoStutter86127,0.13642553985118866,0.18968898057937622,0.11347407102584839,0.17380687594413757,0.969965934753418
1136,StrongVoices817,0.010464641265571117,0.08569889515638351,0.0014500493416562676,7.03775804140605e-05,0.0004821442416869104
1137,StutteringIsCool8424,0.002504640957340598,0.00320689775981009,2.6361987693235278e-05,7.55307851818543e-08,4.594992788042873e-06
1138,IStutterSoWhat3147,0.005113059189170599,0.12092441320419312,0.04944320768117905,0.7821717262268066,0.578569769859314
1139,WomenWhoStutter87162,0.02753477729856968,0.4011160135269165,0.007137096021324396,0.00414050230756402,0.02075248211622238
1140,StrongVoices10214,0.2031356394290924,0.13427400588989258,0.025227857753634453,0.2778429388999939,0.03412860631942749
1141,StutteringIsCool29,0.002588966628536582,0.43439963459968567,0.06140052154660225,2.4666855097166263e-05,0.00014397292397916317
1142,WomenWhoStutter4637,0.05175797641277313,0.07970912009477615,0.0025190869346261024,4.205892400932498e-05,0.037255819886922836
1143,StutteringIsCool6925,0.0030733426101505756,0.09858204424381256,0.0014402364613488317,0.0035251802764832973,0.0811520516872406
1144,WomenWhoStutter423,0.43954935669898987,0.19256557524204254,0.02194446139037609,7.870575063861907e-05,0.0011291529517620802
1145,WomenWhoStutter307,0.27102091908454895,0.4700923562049866,0.17587819695472717,0.00221492862328887,0.6020399332046509
1146,StutterTalk6448,0.003942450974136591,0.04206056892871857,0.004942619241774082,0.028592374175786972,0.10921420902013779
1147,StutterTalk4831,0.0010221009142696857,0.015909168869256973,0.0013516234466806054,0.0011763260699808598,0.0004923223750665784
1148,StutterTalk37106,0.006429018918424845,0.007700651418417692,0.0005103211151435971,0.002501416951417923,0.01166494470089674
1149,MyStutteringLife3834,0.051686208695173264,0.12270407378673553,0.08733316510915756,0.7693026065826416,0.9617605209350586
1150,WomenWhoStutter6829,0.40580493211746216,0.14287468791007996,0.021754762157797813,0.002416770439594984,0.012291867285966873
1151,StrongVoices23128,0.08307389914989471,0.3562753200531006,0.0104311378672719,0.001086824107915163,0.02912447787821293
1152,IStutterSoWhat340,0.019261395558714867,0.22434210777282715,0.9122179746627808,0.018759962171316147,0.0394095815718174
1153,HeStutters5126,0.1801077127456665,0.33146074414253235,0.05627426877617836,0.03235772252082825,0.07114655524492264
1154,StutterTalk8101,0.04322361946105957,0.2938510775566101,0.02671259269118309,0.001212023082189262,0.5320718288421631
1155,StutterTalk3015,0.004024790599942207,0.33594271540641785,0.027883587405085564,0.00021233514416962862,0.0019221983384341002
1156,StutterTalk63106,0.013625589199364185,0.08640560507774353,0.030057404190301895,0.0477399043738842,0.8113887906074524
1157,StrongVoices32129,0.022753333672881126,0.22726434469223022,0.008633683435618877,0.21871066093444824,0.3354259133338928
1158,StutteringIsCool181,0.09956540167331696,0.18705430626869202,0.011739128269255161,0.005239850375801325,0.9436853528022766
1159,StutterTalk6445,0.005511404015123844,0.09486202895641327,0.004399772267788649,0.0008451974135823548,0.0011350418208166957
1160,HVSA090,0.8891918063163757,0.11753204464912415,0.034699343144893646,0.013954607769846916,0.02035340666770935
1161,HeStutters34,0.16062746942043304,0.26358744502067566,0.10414300858974457,0.107575923204422,0.11681833863258362
1162,StutterTalk6492,0.04138604924082756,0.13191333413124084,0.01807071827352047,0.015377798117697239,0.24656923115253448
1163,StrongVoices1081,0.029963482171297073,0.3302723467350006,0.08390306681394577,0.022113071754574776,0.0018237358890473843
1164,StutterTalk888,0.035555146634578705,0.1299917846918106,0.6400986313819885,0.1024269163608551,0.008097440004348755
1165,WomenWhoStutter289,0.03773852437734604,0.34544801712036133,0.07706665247678757,0.09267358481884003,0.011589815840125084
1166,StrongVoices280,0.18685561418533325,0.20534271001815796,0.012935235165059566,0.0037612358573824167,0.5578535795211792
1167,HeStutters72,0.7672762870788574,0.18269075453281403,0.024855351075530052,4.858630563830957e-05,0.011059965007007122
1168,HeStutters1859,0.10763698071241379,0.2793002724647522,0.030308881774544716,0.06209815293550491,0.8228265643119812
1169,StutterTalk1329,0.00028181850211694837,0.035482726991176605,0.0008374250610359013,1.947099235621863e-06,2.3146205421653576e-05
1170,StutterTalk5538,0.01906185783445835,0.10092510282993317,0.001358706969767809,0.0003718027437571436,0.0023135957308113575
1171,StutteringIsCool166,0.0055154114961624146,0.04283763840794563,0.0041233692318201065,0.011708620935678482,0.0010001175105571747
1172,HVSA274,0.009421921335160732,0.49867522716522217,0.47164487838745117,0.0012143956264480948,0.0033926600590348244
1173,StutteringIsCool6237,0.017803773283958435,0.07319285720586777,0.026374397799372673,0.9354851841926575,0.18207517266273499
1174,StutterTalk2649,0.003899288596585393,0.03739678114652634,0.015239480882883072,0.5896101593971252,0.014620435424149036
1175,IStutterSoWhat3109,0.01523396372795105,0.4274405539035797,0.698333740234375,0.0070630768314003944,0.01208046730607748
1176,HVSA276,0.09143151342868805,0.44882142543792725,0.2980669140815735,0.008247805759310722,0.020361928269267082
1177,IStutterSoWhat3122,0.007168097421526909,0.16815045475959778,0.05796714872121811,0.01179679948836565,0.06590746343135834
1178,HVSA2100,0.015889858826994896,0.43590590357780457,0.27350160479545593,0.000709309708327055,0.002502021612599492
1179,StrongVoices310,0.15588758885860443,0.5106471180915833,0.16891029477119446,0.12379636615514755,0.03289177641272545
1180,WomenWhoStutter2211,0.17858432233333588,0.5567178130149841,0.19616933166980743,0.09266500920057297,0.05110320821404457
1181,WomenWhoStutter8727,0.0011307498207315803,0.11008402705192566,0.009117534384131432,0.06693003326654434,0.05827469006180763
1182,StutterTalk345,0.11346226185560226,0.5161463618278503,0.26520392298698425,0.00035886574187316,0.0022728939075022936
1183,StutteringIsCool647,0.009744089096784592,0.1655140072107315,0.16340899467468262,0.7572557330131531,0.07911735773086548
1184,WomenWhoStutter9036,0.0011736556189134717,0.13946901261806488,0.6970268487930298,0.6591141819953918,0.010193012654781342
1185,StutterTalk68165,0.08237335085868835,0.33782994747161865,0.06832277029752731,0.32956162095069885,0.8605634570121765
1186,StutteringIsCool211,0.007950454950332642,0.19703443348407745,0.004251295235008001,0.001777628087438643,0.03824877738952637
1187,StutterTalk6832,0.007531153503805399,0.05004896968603134,0.02497425302863121,0.8500537872314453,0.021270036697387695
1188,StutteringIsCool2920,0.00011142866424052045,0.0035929367877542973,0.0004826700023841113,0.0007022192585282028,0.0002161242882721126
1189,StrongVoices21111,0.004621559754014015,0.010755863972008228,0.00033711697324179113,0.00019283624715171754,0.011113405227661133
1190,IStutterSoWhat045,0.052534203976392746,0.44900137186050415,0.33328384160995483,0.37691348791122437,0.3049986660480499
1191,WomenWhoStutter56,0.0719514787197113,0.17810913920402527,0.022073542699217796,0.015143631026148796,0.5020121932029724
1192,StrongVoices1098,0.23922334611415863,0.5108976364135742,0.08800830692052841,0.010795590467751026,0.09765610098838806
1193,HeStutters1615,0.027976252138614655,0.12247464805841446,0.02215246483683586,0.1034373864531517,0.06208788603544235
1194,StrongVoices1414,0.04713871702551842,0.44523847103118896,0.09665505588054657,0.0010823749471455812,0.0021404691506177187
1195,HVSA156,0.009581148624420166,0.37300407886505127,0.823000431060791,0.01546996459364891,0.011383389122784138
1196,HeStutters1112,0.02838064916431904,0.035106610506772995,0.03965795040130615,0.011381307616829872,0.005377834662795067
1197,StutterTalk6463,0.015728596597909927,0.026621690019965172,0.0013820647727698088,7.799284503562376e-05,0.0003921780444215983
1198,WomenWhoStutter97165,0.06913623213768005,0.13058550655841827,0.004850235767662525,0.0030916270334273577,0.9739383459091187
1199,HeStutters1723,0.00513834785670042,0.43459826707839966,0.012554576620459557,0.002909658011049032,0.038036469370126724
1200,StutteringIsCool46191,0.054824162274599075,0.20171336829662323,0.03295287489891052,0.003656250424683094,0.837656557559967
1201,HVSA2147,0.009611031971871853,0.170127272605896,0.1965552121400833,0.0007006109808571637,0.0015175590524449944
1202,StutterTalk729,0.021992743015289307,0.16172057390213013,0.006575490348041058,0.010988425463438034,0.008446077816188335
1203,WomenWhoStutter30176,0.011405744589865208,0.09968015551567078,0.04919061437249184,0.9089296460151672,0.0943373590707779
1204,StrongVoices23165,0.005480734631419182,0.5659857988357544,0.06581024825572968,0.002237686887383461,0.0022843871265649796
1205,WomenWhoStutter216,0.004928546957671642,0.023022769019007683,0.006559157744050026,0.016708189621567726,0.012931374832987785
1206,StutterTalk64162,0.8481501936912537,0.01585528440773487,0.0028002774342894554,0.22105315327644348,0.3462257385253906
1207,HeStutters542,0.3674090802669525,0.07624907046556473,0.00943251047283411,0.029266690835356712,0.04510674625635147
1208,WomenWhoStutter8173,0.1003638207912445,0.0866495743393898,0.0011140842689201236,0.00015820162661839277,0.8759610652923584
1209,StutteringIsCool34174,0.8458762168884277,0.14263050258159637,0.019999848678708076,0.000475760200060904,0.024384213611483574
1210,WomenWhoStutter2110,0.011629436165094376,0.13974028825759888,0.015408296138048172,0.003993784077465534,0.011968825943768024
1211,WomenWhoStutter24,0.048953887075185776,0.23057354986667633,0.03270754590630531,0.26596274971961975,0.3310416042804718
1212,StutterTalk63116,0.20412735641002655,0.31350889801979065,0.09954088181257248,0.15653160214424133,0.7721450924873352
1213,StutterTalk7624,0.3918980360031128,0.09617828577756882,0.004690683446824551,0.0003681104863062501,0.026401428505778313
1214,StutterTalk6421,0.001957827480509877,0.26708173751831055,0.2855527698993683,0.4529595673084259,0.007253608200699091
1215,StutteringIsCool46152,0.002905346220359206,0.16244830191135406,0.0013803290203213692,0.0001249668566742912,0.0017926336731761694
1216,HeStutters5154,0.024832194671034813,0.251613587141037,0.3283068537712097,0.38800591230392456,0.9364463686943054
1217,WomenWhoStutter2180,0.000704111298546195,0.007092934567481279,0.0006674134056083858,0.0013380130985751748,0.00021716889750678092
1218,StutterTalk3431,0.004062791354954243,0.03711523860692978,0.0028146556578576565,0.028642041608691216,0.07804565131664276
1219,WomenWhoStutter4619,0.3847801089286804,0.06032118201255798,0.00248250225558877,0.005285287741571665,0.04819447174668312
1220,StutterTalk8021,9.208490519085899e-05,0.03768831118941307,0.006371182855218649,0.00010190340253757313,4.06611361540854e-05
1221,StrongVoices2156,0.001425859285518527,0.03277355805039406,0.0006910793599672616,6.691792805213481e-05,0.00023563002469018102
1222,WomenWhoStutter9614,0.10468761622905731,0.5078575015068054,0.04578038305044174,0.0003716471546795219,0.020282438024878502
1223,StutterTalk4236,0.008384503424167633,0.11808142066001892,0.010859183967113495,0.3318106234073639,0.4986334443092346
1224,StutterTalk37164,0.4650612771511078,0.15925496816635132,0.037829555571079254,0.03635327145457268,0.8342442512512207
1225,StutterTalk7824,0.041369859129190445,0.3013957738876343,0.053309474140405655,0.022471681237220764,0.009211907163262367
1226,HVSA273,0.028375357389450073,0.5496115684509277,0.38918083906173706,0.02405988983809948,0.03857409581542015
1227,HeStutters1883,0.08899593353271484,0.15074358880519867,0.0024650958366692066,0.0016187423607334495,0.9091565012931824
1228,HVSA2145,0.004784014075994492,0.13725347816944122,0.1567823737859726,0.5218207836151123,0.030207965523004532
1229,StutterTalk712,0.5335188508033752,0.012101889587938786,0.0038636515382677317,0.013925932347774506,0.0007575289346277714
1230,StutterTalk37185,0.008778096176683903,0.0165249053388834,0.004295666236430407,0.08016747236251831,0.05682632327079773
1231,StutteringIsCool6135,0.521892786026001,0.05153556540608406,0.002258694963529706,2.338585545658134e-05,0.007957536727190018
1232,WomenWhoStutter2536,0.030637340620160103,0.0037763442378491163,0.00013573249452747405,0.00010240761184832081,0.00026792564312927425
1233,StutteringIsCool3838,0.49990615248680115,0.02590807154774666,0.01257358305156231,0.0004910155548714101,0.0009372351341880858
1234,HVSA265,0.051218051463365555,0.044816356152296066,0.008067007176578045,0.002136829076334834,0.0040210396982729435
1235,HeStutters1622,0.2513377070426941,0.15395958721637726,0.013891356065869331,0.005299355369061232,0.8987952470779419
1236,StrongVoices32111,0.12705057859420776,0.28236937522888184,0.047255005687475204,0.0019177282229065895,0.008880957029759884
1237,IStutterSoWhat0124,0.3394832909107208,0.11885905265808105,0.012129101902246475,0.017775435000658035,0.21056056022644043
1238,StutteringIsCool4664,0.005832941271364689,0.2561527192592621,0.1649685800075531,0.6772637963294983,0.0490715317428112
1239,HeStutters5192,0.02348550781607628,0.16168858110904694,0.020869921892881393,0.025309694930911064,0.8230841159820557
1240,HeStutters1697,0.11813689768314362,0.04446138069033623,0.007018326316028833,0.9386010766029358,0.02395339496433735
1241,StutterTalk6499,0.09517814218997955,0.14253905415534973,0.0098956860601902,0.0076940227299928665,0.32357439398765564
1242,WomenWhoStutter86144,0.022248724475502968,0.5248562097549438,0.05182763189077377,0.002942286664620042,0.004417629446834326
1243,HeStutters5117,0.018958354368805885,0.441279798746109,0.46531689167022705,0.43070080876350403,0.12343745678663254
1244,WomenWhoStutter14113,0.04243926703929901,0.08114377409219742,0.010777030140161514,0.0071001481264829636,0.9833464622497559
1245,HeStutters1711,0.001415612525306642,0.16392000019550323,0.05936437472701073,0.1914197951555252,0.01419121865183115
1246,StutterTalk189,0.2910744845867157,0.43823185563087463,0.11279819905757904,0.011227333918213844,0.1987096518278122
1247,StutteringIsCool80122,0.03318185731768608,0.015117190778255463,0.002118468750268221,0.0016969296848401427,0.005184253212064505
1248,WomenWhoStutter4617,0.020531488582491875,0.21624484658241272,0.013865655288100243,0.014868544414639473,0.7283517122268677
1249,StrongVoices3438,0.019197719171643257,0.44921979308128357,0.019410287961363792,0.0015327082946896553,0.7976923584938049
1250,StrongVoices1932,0.1616877168416977,0.025548560544848442,0.0004765072953887284,0.00013931369176134467,0.002448565326631069
1251,HVSA047,0.021596195176243782,0.14293742179870605,0.004158899188041687,0.0085745332762599,0.4315870404243469
1252,WomenWhoStutter1335,0.0023964866995811462,0.13134536147117615,0.0026797300670295954,0.0005508962203748524,0.0025522583164274693
1253,WomenWhoStutter8790,0.11946360021829605,0.3536209762096405,0.08443696051836014,0.05633128434419632,0.9091582894325256
1254,StrongVoices21183,0.20905521512031555,0.3977493941783905,0.029663650318980217,1.0475177077751141e-05,0.0015133519191294909
1255,WomenWhoStutter1411,0.1477736085653305,0.30959561467170715,0.04996998608112335,0.0002670896064955741,0.0055808196775615215
1256,WomenWhoStutter7931,0.021974079310894012,0.20334601402282715,0.002164204604923725,8.312447607750073e-05,0.001105680363252759
1257,StutteringIsCool1421,0.0009034829563461244,0.008890384808182716,0.0027095009572803974,0.0008765115053392947,0.00049099005991593
1258,WomenWhoStutter6264,0.45691993832588196,0.04368356242775917,0.0011968554463237524,0.0007651442429050803,0.3093429505825043
1259,StutterTalk310,0.0036553596146404743,0.0997617319226265,0.0016813867259770632,0.007228803355246782,0.004979006014764309
1260,StutteringIsCool8080,0.005433747079223394,0.24405568838119507,0.060581255704164505,0.005359031725674868,0.051689326763153076
1261,StrongVoices2714,0.46876585483551025,0.2323855757713318,0.03842279687523842,0.0005412264144979417,0.014173812232911587
1262,WomenWhoStutter147,0.2355993688106537,0.13267944753170013,0.004139507655054331,0.000514580518938601,0.007211135700345039
1263,WomenWhoStutter3714,0.3258439898490906,0.5616624355316162,0.517640233039856,0.21699665486812592,0.17293131351470947
1264,WomenWhoStutter7632,0.6071480512619019,0.10323142260313034,0.08228413015604019,0.6428103446960449,0.8257635235786438
1265,StrongVoices1920,0.40686360001564026,0.02002413384616375,0.0003774496726691723,6.036767808836885e-05,0.01000051386654377
1266,StrongVoices2837,0.02569027990102768,0.04645318165421486,0.0008627898641861975,0.00023589705233462155,0.7326160669326782
1267,StrongVoices1234,0.08831106871366501,0.09622851759195328,0.05846235528588295,0.01607462204992771,0.010138443671166897
1268,StutterTalk3936,0.00270299194380641,0.04848124086856842,0.0007491844007745385,8.237594011006877e-05,0.0006782024283893406
1269,WomenWhoStutter8654,0.07618221640586853,0.18534007668495178,0.03831935673952103,0.6727375388145447,0.9035586714744568
1270,StutterTalk64203,0.40876874327659607,0.3053458333015442,0.16569073498249054,0.055007096379995346,0.04852106794714928
1271,WomenWhoStutter21171,0.013105041347444057,0.16805952787399292,0.00237025273963809,0.014149533584713936,0.01482443232089281
1272,WomenWhoStutter30169,0.00021466432372108102,0.003721949178725481,0.00011764123337343335,0.001036297995597124,0.0019347149645909667
1273,MyStutteringLife2116,0.06399106234312057,0.42688482999801636,0.10123120248317719,0.011581139639019966,0.7777998447418213
1274,HeStutters175,0.26517266035079956,0.10372800379991531,0.0019227133598178625,6.739111995557323e-05,0.9203324913978577
1275,StutterTalk637,0.1383516490459442,0.37149518728256226,0.02573193609714508,0.006285677198320627,0.44928109645843506
1276,HVSA140,0.1444874405860901,0.016392281278967857,0.0005808070418424904,2.121217767125927e-05,0.000896269571967423
1277,WomenWhoStutter2218,0.2649666965007782,0.3296906650066376,0.11222908645868301,0.018166549503803253,0.036939654499292374
1278,StrongVoices2225,0.00885025318711996,0.02988874539732933,0.0008051769691519439,0.004410714376717806,0.36936119198799133
1279,WomenWhoStutter7922,0.08963702619075775,0.13649475574493408,0.003043510252609849,0.0007404367788694799,0.9308964014053345
1280,StutterTalk1430,0.7126104831695557,0.1891167163848877,0.07786600291728973,0.0007370520033873618,0.007910172455012798
1281,StutterTalk6617,0.014435202814638615,0.18109740316867828,0.03973616659641266,0.004144513513892889,0.030563924461603165
1282,StutterTalk5433,0.15185463428497314,0.18804208934307098,0.02374785952270031,0.15387208759784698,0.8909317255020142
1283,HVSA081,0.03234286978840828,0.050998035818338394,0.003740674816071987,0.009761431254446507,0.4775428771972656
1284,StrongVoices3112,0.025842342525720596,0.025116119533777237,0.0029711315874010324,0.012566185556352139,0.015971513465046883
1285,StrongVoices23241,0.5487641096115112,0.2577359974384308,0.04840729758143425,0.002114841714501381,0.048079974949359894
1286,StrongVoices323,0.48193174600601196,0.44027605652809143,0.162509486079216,0.01845492608845234,0.04660371318459511
1287,StutterTalk5432,0.008789148181676865,0.07151423394680023,0.019041670486330986,0.598719596862793,0.08002535253763199
1288,StutterTalk26177,0.015704365447163582,0.07430760562419891,0.009034364484250546,0.35060960054397583,0.2509332597255707
1289,StutterTalk2332,0.009251009672880173,0.2229953557252884,0.02777361124753952,0.0916493833065033,0.08738086372613907
1290,HVSA1138,0.04202268645167351,0.1576223522424698,0.030390428379178047,0.7092570662498474,0.7632195353507996
1291,StutteringIsCool3333,0.019785204902291298,0.04040694236755371,0.016663728281855583,0.03133762255311012,0.0075354138389229774
1292,StrongVoices2819,0.47831401228904724,0.22256045043468475,0.043432969599962234,0.000437658658483997,0.004138287156820297
1293,StutterTalk5825,0.12073690444231033,0.15903836488723755,0.007455571088939905,0.0018564793281257153,0.06462304294109344
1294,StrongVoices2140,0.01695084013044834,0.09233831614255905,0.003012310480698943,0.0007850372930988669,0.017631080001592636
1295,StutterTalk8104,0.014090748503804207,0.044698528945446014,0.004004313610494137,0.0003472655371297151,0.011149521917104721
1296,StutteringIsCool114,0.004222373012453318,0.02523006871342659,0.005354182329028845,0.010104051791131496,0.0009502822067588568
1297,WomenWhoStutter2038,0.13880999386310577,0.012556756846606731,9.913372923620045e-05,1.1706425539159682e-05,0.0009511146345175803
1298,StutterTalk6010,0.01592290960252285,0.4642000198364258,0.0038287807255983353,0.00029404740780591965,0.019779061898589134
1299,WomenWhoStutter222,0.014224637299776077,0.28429877758026123,0.04226413741707802,0.17750976979732513,0.2628781497478485
1300,StrongVoices819,0.3305816352367401,0.33645910024642944,0.4632764458656311,0.002086220309138298,0.026009628549218178
1301,WomenWhoStutter30130,0.188668355345726,0.12482387572526932,0.010888755321502686,0.007456464692950249,0.018622107803821564
1302,HeStutters562,0.061482302844524384,0.3039056360721588,0.04843335226178169,0.0008053036290220916,0.9535163640975952
1303,WomenWhoStutter355,0.21436707675457,0.28825414180755615,0.2894099950790405,0.4462283253669739,0.025241807103157043
1304,StutterTalk034,0.004868720192462206,0.17074622213840485,0.046741995960474014,0.3335699737071991,0.01122552901506424
1305,StrongVoices511,0.005490737501531839,0.4440542161464691,0.3454655706882477,0.0022934777662158012,0.002309896284714341
1306,StrongVoices1213,0.0028015198186039925,0.17657488584518433,0.008739611133933067,0.0002979598648380488,0.00038253088132478297
1307,StutteringIsCool331,0.09312700480222702,0.055551353842020035,0.0033267762046307325,0.001332252286374569,0.47018128633499146
1308,StrongVoices23211,0.0009500305168330669,0.10404077917337418,0.0003245459811296314,2.1063673557364382e-05,0.0010496651520952582
1309,StutteringIsCool2320,0.2333892285823822,0.15045887231826782,0.4341939389705658,0.6906081438064575,0.8982419371604919
1310,StutterTalk64165,0.010360821150243282,0.028908109292387962,0.0033241906203329563,0.013786260038614273,0.20378118753433228
1311,WomenWhoStutter96177,0.04046707600355148,0.32219818234443665,0.011783693917095661,0.0011970868799835443,0.0023617101833224297
1312,WomenWhoStutter8791,0.21022343635559082,0.08235353231430054,0.006106596440076828,0.01141307596117258,0.7622447609901428
1313,StutteringIsCool117,0.014072303660213947,0.09966081380844116,0.15314224362373352,0.010558336973190308,0.0015220794593915343
1314,StrongVoices32186,0.2910531461238861,0.19071443378925323,0.0032762056216597557,6.133512215455994e-05,0.01360276248306036
1315,StrongVoices190,0.020959489047527313,0.03065934218466282,0.010491141118109226,0.24244627356529236,0.6442879438400269
1316,WomenWhoStutter907,0.018335185945034027,0.1868254542350769,0.6410488486289978,0.5432567000389099,0.11761599779129028
1317,WomenWhoStutter1538,0.029302000999450684,0.1021369993686676,0.002996918046846986,0.0008019831730052829,0.004623826127499342
1318,StutteringIsCool46138,0.026015490293502808,0.28338977694511414,0.011351419612765312,0.007892955094575882,0.4398846924304962
1319,StrongVoices322,0.02577739581465721,0.04725152626633644,0.01231078989803791,0.026417411863803864,0.04187864065170288
1320,HeStutters557,0.01322224922478199,0.5912426114082336,0.15535898506641388,0.0015443643787875772,0.0017784879310056567
1321,HeStutters285,0.18007473647594452,0.4024924039840698,0.44446223974227905,0.11843600124120712,0.013566507957875729
1322,StutterTalk595,0.06292528659105301,0.12184138596057892,0.01792820543050766,0.006914959289133549,0.12639950215816498
1323,StrongVoices1041,0.0023094431962817907,0.018148811534047127,0.0002555740356910974,0.00047819173778407276,0.0127886226400733
1324,HVSA217,0.013511013239622116,0.3604409992694855,0.05430644005537033,0.07032708823680878,0.007232202682644129
1325,HVSA076,0.12173111736774445,0.05946384742856026,0.0009581909398548305,0.0009945277124643326,0.9802753329277039
1326,MyStutteringLife816,0.0027509990613907576,0.06281791627407074,0.000621267594397068,4.6816647227387875e-05,0.0005187010974623263
1327,StrongVoices2823,0.0939805805683136,0.06506962329149246,0.004540633875876665,0.00040612820885144174,0.0017966750310733914
1328,StutteringIsCool80140,0.09142778068780899,0.5586345791816711,0.25750038027763367,0.11516795307397842,0.02375209890305996
1329,StutterTalk7837,0.10762086510658264,0.05207083374261856,0.00043371334322728217,6.770668551325798e-05,0.986839771270752
1330,StutteringIsCool3813,0.01595047488808632,0.16812241077423096,0.19853529334068298,0.03454131260514259,0.007964021526277065
1331,HVSA040,0.16209040582180023,0.16898824274539948,0.008953697979450226,0.005586962681263685,0.831726610660553
1332,StutteringIsCool7713,0.04797353968024254,0.05727910250425339,0.0005701893824152648,6.647640111623332e-05,0.09492436051368713
1333,StrongVoices615,0.0966075137257576,0.3889982998371124,0.01844317652285099,0.019685009494423866,0.041557975113391876
1334,WomenWhoStutter6933,0.060939643532037735,0.06760404258966446,0.023699751123785973,0.1479179561138153,0.18637733161449432
1335,StrongVoices6147,0.34828469157218933,0.3776911497116089,0.3559807538986206,0.016862738877534866,0.0072863963432610035
1336,StrongVoices1416,0.2995879650115967,0.03478425741195679,0.0004903915687464178,7.71827035350725e-06,0.002261666115373373
1337,WomenWhoStutter87138,0.19069676101207733,0.061369214206933975,0.0035631691571325064,0.0011202673194929957,0.9531210660934448
1338,WomenWhoStutter97161,0.02016056887805462,0.2825530171394348,0.4306526780128479,0.5922544598579407,0.7965817451477051
1339,StutteringIsCool2934,5.764626621385105e-05,0.0023703102488070726,8.653610711917281e-05,2.9913448088336736e-05,6.0152702644700184e-05
1340,StrongVoices23137,0.821384847164154,0.12601853907108307,0.02150907926261425,7.522130181314424e-05,0.0028260964900255203
1341,StutterTalk1638,0.04157551750540733,0.4732023775577545,0.2722241282463074,0.10683692246675491,0.016823692247271538
1342,StutteringIsCool17,0.0021072758827358484,0.17969921231269836,0.018652910366654396,0.0017362713115289807,0.0029545477591454983
1343,StutteringIsCool5512,0.019132526591420174,0.141305610537529,0.008243563584983349,0.01583494059741497,0.08365047723054886
1344,StrongVoices54,0.007605822291225195,0.13114877045154572,0.012211151421070099,0.004234670661389828,0.005857755430042744
1345,WomenWhoStutter1235,0.09660451859235764,0.4962601065635681,0.0666934996843338,0.007791145704686642,0.3450171649456024
1346,StrongVoices2518,0.011616847477853298,0.4350240230560303,0.01015168335288763,0.0009886614279821515,0.002679314697161317
1347,StutterTalk631,0.000508574943523854,0.0008363843662664294,6.935999408597127e-06,2.406354440154246e-07,5.03857881994918e-06
1348,StutterTalk225,0.012648687697947025,0.22822710871696472,0.13909466564655304,0.6419528126716614,0.026090940460562706
1349,StrongVoices1054,0.6555874347686768,0.018947644159197807,0.0006932271062396467,2.5332261429866776e-05,0.012087088078260422
1350,HeStutters57,0.053833432495594025,0.4799225628376007,0.06508577615022659,0.04620981216430664,0.06272131949663162
1351,StrongVoices664,0.12216760218143463,0.35492974519729614,0.1728426069021225,0.005169795826077461,0.008203898556530476
1352,WomenWhoStutter9785,0.035130519419908524,0.4811401963233948,0.26257219910621643,0.1621222198009491,0.365451455116272
1353,StutterTalk241,0.008494756184518337,0.25540775060653687,0.003268067492172122,0.0006089200614951551,0.006911046802997589
1354,StrongVoices2363,0.36554861068725586,0.11426933854818344,0.011399907991290092,0.0011858229991048574,0.008958861231803894
1355,HVSA0116,0.04014469310641289,0.10320673882961273,0.023497147485613823,0.8735868334770203,0.8874726295471191
1356,HeStutters2204,0.0027376955840736628,0.11736903339624405,0.9601180553436279,0.0062027378007769585,0.05814560502767563
1357,HVSA2155,0.002503517782315612,0.21802301704883575,0.004854670725762844,0.0022058349568396807,0.009478005580604076
1358,StutterTalk8118,0.881808876991272,0.011608867906033993,0.04107023403048515,0.041077740490436554,0.15770871937274933
1359,StutteringIsCool6730,0.049262821674346924,0.17728079855442047,0.16925470530986786,0.0535210482776165,0.9186379909515381
1360,StutterTalk7285,0.03636089712381363,0.3587784767150879,0.6427720785140991,0.4974711835384369,0.18537591397762299
1361,StutterTalk778,0.23088204860687256,0.4349013566970825,0.3827584683895111,0.2619958817958832,0.3073934316635132
1362,WomenWhoStutter1056,0.16311779618263245,0.23339249193668365,0.010424179956316948,0.00039487628964707255,0.49542656540870667
1363,StrongVoices2113,0.7463099360466003,0.06209178268909454,0.004084097687155008,0.0008934639045037329,0.02475406602025032
1364,HVSA323,0.006914448458701372,0.17092186212539673,0.295928031206131,2.686974585230928e-05,0.0003118261229246855
1365,HVSA2143,0.06988898664712906,0.19873511791229248,0.06336472928524017,0.05060148984193802,0.595716655254364
1366,StutteringIsCool3723,0.31762146949768066,0.4623859226703644,0.06354662030935287,0.006657440215349197,0.1534699946641922
1367,WomenWhoStutter7620,0.00128859409596771,0.05986827239394188,0.004021916538476944,0.002344702370464802,0.0026950263418257236
1368,HeStutters1273,0.0051491823978722095,0.35898149013519287,0.06221890076994896,0.00247991387732327,0.0014213956892490387
1369,StutterTalk73,0.0031013297848403454,0.1259891837835312,0.8041273355484009,0.5311739444732666,0.03342251107096672
1370,HeStutters1850,0.0676095262169838,0.43171143531799316,0.033962152898311615,0.0313454307615757,0.15020498633384705
1371,StutterTalk7283,0.010235888883471489,0.057824235409498215,0.005009105429053307,0.009021284990012646,0.3283746540546417
1372,StrongVoices138,0.0012333724880591035,0.03178068995475769,0.012311415746808052,0.42831817269325256,0.004598267842084169
1373,WomenWhoStutter8732,0.004517182242125273,0.3343978524208069,0.16692136228084564,0.21446608006954193,0.0747554823756218
1374,StutterTalk806,0.016008269041776657,0.1191333457827568,0.5628256797790527,0.32340502738952637,0.002937271958217025
1375,StutterTalk6425,0.18458108603954315,0.20702461898326874,0.02255181409418583,0.01278365682810545,0.01806858740746975
1376,StutteringIsCool34168,0.07667463272809982,0.19808295369148254,0.01737261936068535,0.0008070613257586956,0.9051707983016968
1377,StutteringIsCool2827,0.0009673443273641169,0.030217589810490608,0.0008899540989659727,0.0009426217875443399,0.001031333114951849
1378,HeStutters1654,0.113052137196064,0.02931906282901764,0.0007344983168877661,0.0010279209818691015,0.04922229424118996
1379,StutterTalk8163,0.13571655750274658,0.2410159707069397,0.08491937816143036,0.032798271626234055,0.9106549024581909
1380,StutterTalk6462,0.010989596135914326,0.09962520748376846,0.9116547107696533,0.0017222483875229955,0.011302153579890728
1381,WomenWhoStutter1724,0.08026539534330368,0.4230480492115021,0.03513089567422867,0.013980607502162457,0.0214680302888155
1382,StrongVoices627,0.05169865861535072,0.3399088680744171,0.022746993228793144,0.0010116579942405224,0.9215676188468933
1383,WomenWhoStutter62113,0.020104706287384033,0.27828025817871094,0.04367750510573387,0.0066479104571044445,0.04779365286231041
1384,StrongVoices310,0.002333445707336068,0.03083723410964012,0.004016953054815531,0.02180391177535057,0.011403428390622139
1385,StutterTalk222,0.0056488169357180595,0.21720604598522186,0.2905636727809906,0.8079909682273865,0.017750293016433716
1386,StutterTalk87,0.0003583974903449416,0.0207615178078413,0.0010431648697704077,0.001171087147668004,0.0019804274197667837
1387,StutterTalk596,0.012922595255076885,0.00830923393368721,0.004782120697200298,0.002874846803024411,0.00046425528125837445
1388,StrongVoices3279,0.07077097147703171,0.15084610879421234,0.20087362825870514,0.5393242835998535,0.2010510265827179
1389,StrongVoices38,0.1027933657169342,0.3451377749443054,0.1368831992149353,0.04201454669237137,0.13033145666122437
1390,MyStutteringLife114,0.0007239593542180955,0.09833519160747528,0.008321191184222698,0.037815339863300323,0.007260075770318508
1391,StrongVoices3241,0.06428767740726471,0.1377171128988266,0.005929498001933098,0.00048122252337634563,0.005095469765365124
1392,StrongVoices1239,0.0751858800649643,0.022306829690933228,0.005826781503856182,0.002994153881445527,0.002267237985506654
1393,StrongVoices2617,0.5070547461509705,0.06297271698713303,0.0031099484767764807,0.00015481989248655736,0.03598755598068237
1394,StutterTalk2610,0.006495789624750614,0.0890304297208786,0.008346044458448887,0.23852400481700897,0.08023228496313095
1395,StutteringIsCool6739,0.08508529514074326,0.40730810165405273,0.2018454521894455,0.058825746178627014,0.8768062591552734
1396,WomenWhoStutter971,0.013085026293992996,0.3306776285171509,0.015045568346977234,0.001179048209451139,0.008815044537186623
1397,HeStutters717,0.03871866688132286,0.3847959339618683,0.043522629886865616,0.019607223570346832,0.27491042017936707
1398,StutterTalk3239,0.3729498088359833,0.04998430609703064,0.002496549626812339,0.00017973282956518233,0.0028086970560252666
1399,IStutterSoWhat054,0.024170057848095894,0.032152142375707626,0.008810846135020256,0.34416434168815613,0.0075658224523067474
1400,StrongVoices121,0.1737181693315506,0.01971132680773735,0.0017286752117797732,0.0006633963203057647,0.0012243149103596807
1401,HVSA2181,0.02260318212211132,0.5501079559326172,0.20694559812545776,0.009663962759077549,0.07559430599212646
1402,MyStutteringLife2528,0.30535072088241577,0.0399555079638958,0.001087318523786962,4.6586395910708234e-05,0.004772827960550785
1403,StrongVoices1914,0.5017265677452087,0.11340504884719849,0.025278368964791298,0.00015412407810799778,0.0016317857662215829
1404,StutterTalk2694,0.03684837371110916,0.5778236389160156,0.07863028347492218,0.009791428223252296,0.061450500041246414
1405,StutteringIsCool3335,0.010879711247980595,0.1033613383769989,0.21449540555477142,0.669364333152771,0.3150700628757477
1406,HVSA01,0.06901511549949646,0.3079218566417694,0.032076846808195114,0.003556380281224847,0.7275397777557373
1407,StutterTalk4923,0.33573389053344727,0.21398316323757172,0.00972807127982378,0.0006159768672659993,0.18806138634681702
1408,StutteringIsCool812,0.011282380670309067,0.021647004410624504,0.0016459382604807615,0.0003649106656666845,0.00041980211972258985
1409,StutterTalk1834,0.0015478470595553517,0.15938065946102142,0.0017310837283730507,0.0005941542913205922,0.009027477353811264
1410,StrongVoices1425,0.25227731466293335,0.10428277403116226,0.010048710741102695,0.0009065234335139394,0.003226072061806917
1411,HVSA214,0.023244354873895645,0.12760883569717407,0.9091463685035706,0.013173090294003487,0.024645257741212845
1412,StrongVoices118,0.20220202207565308,0.15511827170848846,0.01477390993386507,0.0036012870259582996,0.008392253890633583
1413,StutterTalk935,0.043171241879463196,0.16285546123981476,0.17282547056674957,0.5736847519874573,0.03891557455062866
1414,StrongVoices1733,0.030543679371476173,0.2303621917963028,0.010007843375205994,0.0031762258149683475,0.12784044444561005
1415,MyStutteringLife386,0.006040661595761776,0.07442490756511688,0.0230695903301239,0.5220867991447449,0.45688948035240173
1416,WomenWhoStutter1732,0.08899184316396713,0.3967597186565399,0.01470750942826271,0.0003896142588928342,0.6885995268821716
1417,StrongVoices815,0.06571504473686218,0.017108716070652008,0.0029704226180911064,0.005140508059412241,0.018981942906975746
1418,WomenWhoStutter81127,0.06319326162338257,0.49013662338256836,0.04538489878177643,0.1655186116695404,0.0418827086687088
1419,StrongVoices21182,0.018928486853837967,0.36756107211112976,0.03105895407497883,0.0005208892980590463,0.005004014819860458
1420,StutterTalk72155,0.06527869403362274,0.5138750672340393,0.06782903522253036,0.08893246203660965,0.048275645822286606
1421,StutteringIsCool3830,0.0019223201088607311,0.22309966385364532,0.007386892568320036,0.0002933518844656646,0.0005557897966355085
1422,StutterTalk8145,0.002158920280635357,0.31455856561660767,0.11150183528661728,0.00634277006611228,0.011097485199570656
1423,HeStutters18130,0.12194394320249557,0.07721459120512009,0.01285138912498951,0.09283866733312607,0.9571818709373474
1424,StutterTalk37182,0.031504739075899124,0.028184249997138977,0.002145481761544943,0.003616417059674859,0.44759735465049744
1425,StutteringIsCool80101,0.023040547966957092,0.16402703523635864,0.012766565196216106,0.00396758783608675,0.007884218357503414
1426,StutterTalk7210,0.014339079149067402,0.16625359654426575,0.07240118086338043,0.4525940418243408,0.06190626695752144
1427,StutterTalk7611,0.008617025800049305,0.03870978206396103,0.010888386517763138,0.06515974551439285,0.27140936255455017
1428,WomenWhoStutter8332,0.3992164731025696,0.023328959941864014,0.004534172359853983,0.424259752035141,0.039605870842933655
1429,StutterTalk2636,0.02006516419351101,0.012499037198722363,0.0016904312651604414,0.01013212837278843,0.016290415078401566
1430,HVSA2162,0.04260527715086937,0.23838114738464355,0.07044538110494614,0.8073201775550842,0.05214366689324379
1431,StutteringIsCool6429,0.07365070283412933,0.43467840552330017,0.07142925262451172,0.04133082181215286,0.21389147639274597
1432,StutteringIsCool444,0.05588161200284958,0.09826179593801498,0.05906436964869499,0.04046494886279106,0.0012060622684657574
1433,HeStutters11163,0.009740252047777176,0.03336950019001961,0.013824672438204288,0.30281245708465576,0.0387851856648922
1434,MyStutteringLife534,0.03666912019252777,0.22108270227909088,0.004033830016851425,0.0011856044875457883,0.004203089512884617
1435,WomenWhoStutter3712,0.02237708494067192,0.43693041801452637,0.172031432390213,0.0009921862510964274,0.17355188727378845
1436,StutterTalk1634,0.03873693197965622,0.24053660035133362,0.029843449592590332,0.007102242670953274,0.6913385987281799
1437,StrongVoices1910,0.05475156381726265,0.011868578381836414,0.00010343457688577473,2.9895512852817774e-05,0.9965915679931641
1438,StutterTalk1518,0.27939698100090027,0.10526502132415771,0.0016954019665718079,3.693520920933224e-05,0.0041961404494941235
1439,IStutterSoWhat3120,0.017038719728589058,0.13770140707492828,0.06978167593479156,0.9376141428947449,0.009353145956993103
1440,StutterTalk2698,0.04344286397099495,0.12575721740722656,0.010844043456017971,0.03555084764957428,0.9636151194572449
1441,StutterTalk696,0.030255036428570747,0.34830597043037415,0.02879543974995613,0.0031175902113318443,0.009713654406368732
1442,StrongVoices660,0.5570169687271118,0.34156671166419983,0.10015535354614258,0.0016266877064481378,0.009315560571849346
1443,StrongVoices21157,0.0010467716492712498,0.004666081629693508,0.002516339533030987,0.02466549165546894,0.0013830496463924646
1444,HeStutters2170,0.00044475053437054157,0.1733512580394745,0.0030537694692611694,0.0003107384545728564,0.000923670653719455
1445,MyStutteringLife3839,0.016764892265200615,0.09239527583122253,0.03388354927301407,0.0039014103822410107,0.01323226373642683
1446,StutteringIsCool8132,0.8216272592544556,0.014442937448620796,0.012425791472196579,0.0002605883637443185,0.0005066742887720466
1447,StutterTalk6232,0.2964526116847992,0.09128542989492416,0.007771721109747887,0.0004936788463965058,0.009423484094440937
1448,WomenWhoStutter10229,0.01980501040816307,0.2179780900478363,0.21332083642482758,0.0015213231090456247,0.009645706042647362
1449,StrongVoices23203,0.08264019340276718,0.5229492783546448,0.00953568983823061,0.00010724193271016702,0.00322985858656466
1450,HeStutters1271,0.00992799736559391,0.35117581486701965,0.35271480679512024,0.5101202726364136,0.020600823685526848
1451,IStutterSoWhat3145,0.012291306629776955,0.18708564341068268,0.019086327403783798,0.41977789998054504,0.14860999584197998
1452,StutterTalk82,0.22824151813983917,0.24237912893295288,0.08228868246078491,0.02442448027431965,0.9042800068855286
1453,StutteringIsCool2338,0.33074259757995605,0.4227287769317627,0.16883496940135956,0.42195528745651245,0.4498940706253052
1454,MyStutteringLife027,0.0045356531627476215,0.29093942046165466,0.2191445678472519,0.00019269472977612168,0.0003177383041474968
1455,StutterTalk129,0.060758765786886215,0.22613880038261414,0.003906648606061935,0.0007818129961378872,0.007339376490563154
1456,StutterTalk815,0.0003096108848694712,0.010148105211555958,0.004613025579601526,0.0003086839569732547,5.443317422759719e-05
1457,StutterTalk8115,0.4078580439090729,0.13918180763721466,0.020984362810850143,0.018555980175733566,0.7383872866630554
1458,StrongVoices6121,0.6470716595649719,0.4291970431804657,0.22906115651130676,0.022407134994864464,0.022299664095044136
1459,WomenWhoStutter1212,0.0005995655665174127,0.0028025975916534662,0.0009720473317429423,0.05160222575068474,0.001381504232995212
1460,IStutterSoWhat312,0.052457015961408615,0.1200726106762886,0.004938329569995403,0.0012895752443000674,0.954273521900177
1461,StutterTalk37128,0.05832056328654289,0.054556503891944885,0.008964934386312962,0.3835999071598053,0.05541742220520973
1462,MyStutteringLife030,0.00450770603492856,0.11096703261137009,0.009898185729980469,0.017127618193626404,0.6381093263626099
1463,StrongVoices21152,0.07211761176586151,0.3853607475757599,0.7448369264602661,0.018914062529802322,0.07071216404438019
1464,StrongVoices2361,0.48991668224334717,0.2348627746105194,0.03581567853689194,0.000606942514423281,0.008764112368226051
1465,StrongVoices523,0.027958519756793976,0.5498698949813843,0.3438163697719574,0.15535622835159302,0.11627785116434097
1466,StutteringIsCool1431,0.18108567595481873,0.0027844845317304134,9.60581746767275e-05,3.043075412278995e-05,0.009271652437746525
1467,StutterTalk5924,0.11555446684360504,0.2592523396015167,0.024507422000169754,0.0020558673422783613,0.018548453226685524
1468,WomenWhoStutter336,0.14215096831321716,0.13516129553318024,0.0068557183258235455,0.005757570266723633,0.3196459412574768
1469,StrongVoices2362,0.049442265182733536,0.5485076308250427,0.13229115307331085,0.00047798073501326144,0.01178027968853712
1470,StrongVoices3322,0.055175602436065674,0.2227601706981659,0.007978783920407295,0.0004880569176748395,0.002418959280475974
1471,StrongVoices21184,0.031043576076626778,0.07935784757137299,0.0089745307341218,0.013822787441313267,0.05494386702775955
1472,StutteringIsCool80184,0.014878613874316216,0.04853126406669617,0.006363996304571629,0.006608233787119389,0.01895808055996895
1473,HVSA0105,0.7646176218986511,0.159690260887146,0.010319344699382782,6.079170270822942e-05,0.006866170559078455
1474,StutteringIsCool46189,0.15626785159111023,0.14731885492801666,0.010691739618778229,0.0030132972169667482,0.9742103815078735
1475,StrongVoices325,0.012826859019696712,0.07157082110643387,0.023589175194501877,0.18419554829597473,0.004778692964464426
1476,StrongVoices2392,0.16954436898231506,0.14442333579063416,0.001856885850429535,6.165848026284948e-05,0.0024766898714005947
1477,StrongVoices314,0.35806187987327576,0.27285870909690857,0.09545950591564178,0.00897239800542593,0.029101336374878883
1478,StutterTalk37105,0.005399032961577177,0.03404780477285385,0.008318016305565834,0.08002015948295593,0.03966421261429787
1479,WomenWhoStutter4824,0.003210248425602913,0.4177686870098114,0.02480141445994377,0.011957616545259953,0.00781334936618805
1480,HeStutters19147,0.03683964163064957,0.5200527310371399,0.3463072180747986,0.026194682344794273,0.024196457117795944
1481,HeStutters176,0.0036049147602170706,0.2205260694026947,0.3066753149032593,0.7910270690917969,0.019328808411955833
1482,HeStutters11206,0.05651620402932167,0.12999401986598969,0.005260111298412085,0.002340763807296753,0.014395549893379211
1483,WomenWhoStutter62154,0.014440059661865234,0.2479148954153061,0.44595959782600403,0.700360894203186,0.28046223521232605
1484,WomenWhoStutter216,0.049045730382204056,0.5530146956443787,0.10908779501914978,0.018916143104434013,0.02634410560131073
1485,StrongVoices21127,0.6011050939559937,0.25085586309432983,0.1299453228712082,0.005164968781173229,0.03872951120138168
1486,StutterTalk135,0.02758168801665306,0.5685198903083801,0.24725165963172913,0.02771241031587124,0.04485366493463516
1487,WomenWhoStutter1225,0.09510999172925949,0.14042268693447113,0.014686268754303455,0.03588644415140152,0.47506722807884216
1488,StutteringIsCool389,0.18054284155368805,0.17854289710521698,0.020306354388594627,0.010261350311338902,0.6302469372749329
1489,HeStutters556,0.0062876492738723755,0.041745904833078384,0.000986119150184095,0.0028813958633691072,0.5856499671936035
1490,StrongVoices017,0.026568500325083733,0.22707012295722961,0.01279796939343214,0.0002740402123890817,0.0015551531687378883
1491,StrongVoices1128,0.00259445421397686,0.057074449956417084,0.009625611826777458,0.0062549784779548645,0.009787170216441154
1492,StutterTalk7827,0.08903677016496658,0.3325042724609375,0.02006000094115734,0.0030751621816307306,0.5808128714561462
1493,WomenWhoStutter10122,0.0016789856599643826,0.013492085970938206,0.0009818971157073975,0.0012035181280225515,0.00119867455214262
1494,StutterTalk495,0.39196959137916565,0.0877801701426506,0.0018072046805173159,4.194560824544169e-05,0.004264130722731352
1495,HVSA331,0.5678990483283997,0.1550399512052536,0.06893757730722427,0.0019560186192393303,0.020883280783891678
1496,StrongVoices82,0.47698697447776794,0.26962727308273315,0.0916719138622284,0.0013707586331292987,0.010925681330263615
1497,StutterTalk8100,0.015056907199323177,0.1456676572561264,0.0784590095281601,0.041882582008838654,0.8831213116645813
1498,StrongVoices725,0.02011355571448803,0.3920774757862091,0.01259805727750063,0.0009726329590193927,0.005072977859526873
1499,StrongVoices2531,0.549846887588501,0.06633094698190689,0.005781460087746382,0.00016947263793554157,0.9378392100334167
1500,WomenWhoStutter86143,0.033356498926877975,0.05524960905313492,0.018960293382406235,0.9613569974899292,0.8021912574768066
1501,StrongVoices1096,0.03419829159975052,0.12509673833847046,0.02041351981461048,0.8436821103096008,0.026256831362843513
1502,WomenWhoStutter3516,0.006563907489180565,0.20472514629364014,0.4709138572216034,0.00020316762675065547,0.005050385370850563
1503,StutterTalk718,0.0031468169763684273,0.05190163478255272,0.009230870753526688,0.030163394287228584,0.005963349249213934
1504,HVSA3208,0.03313986212015152,0.3845362067222595,0.27482932806015015,0.649265706539154,0.12776818871498108
1505,WomenWhoStutter2108,0.3999136686325073,0.412628710269928,0.08020884543657303,0.0010278886184096336,0.015570836141705513
1506,StutteringIsCool110,0.0008484917343594134,0.026668742299079895,0.0011389999417588115,0.00033834416535682976,0.00028984068194404244
1507,StutterTalk1825,0.06949508935213089,0.16236434876918793,0.01530191395431757,0.013654547743499279,0.5435552000999451
1508,HeStutters179,0.0005784265813417733,0.029424695298075676,0.0007769042276777327,0.00264169299043715,0.0027103477623313665
1509,StrongVoices1912,0.20786406099796295,0.05674535781145096,0.003096381900832057,0.0020894103217869997,0.742285966873169
1510,StutteringIsCool8099,0.5429297089576721,0.26466497778892517,0.06514047086238861,0.0007301010773517191,0.04441899433732033
1511,StutterTalk599,0.010144095867872238,0.14536169171333313,0.04724123701453209,0.4684375822544098,0.30169200897216797
1512,HVSA056,0.08274216949939728,0.27531275153160095,0.1375093311071396,0.09279108792543411,0.6604020595550537
1513,HeStutters18154,0.630656361579895,0.05923067778348923,0.0020813834853470325,0.0006565868388861418,0.01958967000246048
1514,WomenWhoStutter10827,0.0088832788169384,0.10839245468378067,0.005024414509534836,0.007716000080108643,0.2514056861400604
1515,StutteringIsCool4424,0.049430638551712036,0.2729538381099701,0.20256555080413818,0.7161110639572144,0.34448909759521484
1516,MyStutteringLife521,0.04634634032845497,0.21767893433570862,0.7871111035346985,0.0004812206607311964,0.01693566143512726
1517,MyStutteringLife160,0.014892744831740856,0.36934253573417664,0.5849373936653137,0.29742956161499023,0.033766090869903564
1518,HeStutters5175,0.028588537126779556,0.21111659705638885,0.8544429540634155,0.005908222869038582,0.06539524346590042
1519,StrongVoices10160,0.020754927769303322,0.2333650141954422,0.031701114028692245,0.3439481556415558,0.07516822218894958
1520,StutterTalk298,0.0024694036692380905,0.09239568561315536,0.004389424342662096,0.4350883960723877,0.32210901379585266
1521,StrongVoices2916,0.003997503314167261,0.04072974994778633,0.0021604092326015234,0.001022565527819097,0.0013046221574768424
1522,StutteringIsCool811,0.014585167169570923,0.014924958348274231,0.006459776312112808,0.09234236180782318,0.008747277781367302
1523,StutteringIsCool8435,0.002676404546946287,0.031088681891560555,0.023004082962870598,0.19445982575416565,0.6121339797973633
1524,HVSA097,0.013303290121257305,0.344494491815567,0.06200825795531273,0.26491856575012207,0.2860665023326874
1525,MyStutteringLife56,0.0017170878127217293,0.24551737308502197,0.22583824396133423,0.44738975167274475,0.13697169721126556
1526,StrongVoices23209,0.33385246992111206,0.24810826778411865,0.21450111269950867,0.04543141648173332,0.05545827001333237
1527,StrongVoices1236,0.1690722405910492,0.26139530539512634,0.4850704073905945,0.0012930637458339334,0.008547065779566765
1528,WomenWhoStutter10239,0.14036040008068085,0.03270481154322624,0.0014011893654242158,0.006257979199290276,0.14148806035518646
1529,StutteringIsCool5617,0.00030779733788222075,0.05325739458203316,0.0009347827290184796,0.0001516995398560539,6.22698207735084e-05
1530,HeStutters1977,0.18488411605358124,0.4752157926559448,0.3052593171596527,0.12283765524625778,0.7001457214355469
1531,StrongVoices720,0.5481632351875305,0.3128962218761444,0.018227707594633102,0.005710477940738201,0.014686662703752518
1532,StrongVoices10190,0.7640470862388611,0.19032783806324005,0.01169965136796236,0.0005288068787194788,0.07796745747327805
1533,WomenWhoStutter2827,0.010668176226317883,0.14880506694316864,0.00582706555724144,0.012184245511889458,0.7088236212730408
1534,StutterTalk64132,0.11623826622962952,0.19962294399738312,0.09150201827287674,0.22625398635864258,0.2520085871219635
1535,StutterTalk863,0.1695350706577301,0.23513424396514893,0.6180554032325745,0.4322895407676697,0.5675663352012634
1536,StrongVoices10128,0.621703028678894,0.3004646301269531,0.01269584335386753,0.0001580915559316054,0.006089617498219013
1537,HVSA1166,0.004143244121223688,0.20176267623901367,0.00457237521186471,0.006863612215965986,0.30215880274772644
1538,StrongVoices724,0.010380948893725872,0.0963098481297493,0.0027595835272222757,0.0010696816025301814,0.009507615119218826
1539,IStutterSoWhat038,0.07321415841579437,0.25721609592437744,0.015326166525483131,0.0022533198352903128,0.07476124912500381
1540,StutterTalk850,0.12119138985872269,0.09401347488164902,0.007480305153876543,0.005357685498893261,0.9223670363426208
1541,MyStutteringLife2510,0.11977801471948624,0.48007842898368835,0.06624388694763184,0.005777284968644381,0.6452941298484802
1542,StrongVoices60,0.0008428056607954204,0.2142188996076584,0.059177350252866745,0.08516624569892883,0.0036030893679708242
1543,StutterTalk1034,0.21618309617042542,0.12002657353878021,0.0411057248711586,0.015512536279857159,0.03259168192744255
1544,StrongVoices6101,0.2543428838253021,0.34680670499801636,0.4879288375377655,0.0002452408371027559,0.009957568719983101
1545,StrongVoices21136,0.1744302660226822,0.3790231943130493,0.0333624929189682,0.0040212939493358135,0.6345006227493286
1546,StutterTalk145,0.08219635486602783,0.1744420975446701,0.010128891095519066,0.0005392002640292048,0.9579087495803833
1547,StutterTalk1323,0.041278939694166183,0.2868609130382538,0.010017580352723598,0.12913402915000916,0.07940741628408432
1548,StrongVoices23133,0.17129401862621307,0.33570966124534607,0.011687093414366245,0.0005402679671533406,0.006887498311698437
1549,StutterTalk64148,0.040326546877622604,0.04901505634188652,0.0036784950643777847,0.45957934856414795,0.0037480939645320177
1550,WomenWhoStutter8147,0.2519274353981018,0.07924524694681168,0.006070950534194708,0.018559645861387253,0.18065804243087769
1551,WomenWhoStutter275,0.0024772966280579567,0.016309352591633797,0.00043666749843396246,0.00022491974232252687,0.0014750438276678324
1552,MyStutteringLife2524,0.00565573712810874,0.054815229028463364,0.0007817410514689982,4.7386281949002296e-05,0.00028205770649947226
1553,HeStutters560,0.1828310191631317,0.2610631585121155,0.016855452209711075,0.0008426679414696991,0.7333990335464478
1554,StrongVoices024,0.0011893264017999172,0.005134373903274536,0.00010202854173257947,0.0002765083045233041,0.00625632144510746
1555,WomenWhoStutter42204,0.04699167609214783,0.23236183822155,0.11392507702112198,0.8802431225776672,0.10214727371931076
1556,WomenWhoStutter872,0.04837217926979065,0.18690551817417145,0.02478201501071453,0.04039290174841881,0.04177446290850639
1557,WomenWhoStutter1080,0.01555554661899805,0.05139824375510216,0.0004917907644994557,0.00017519279208499938,0.0027643286157399416
1558,StutterTalk8126,0.0015270813601091504,0.1427365243434906,0.0743890106678009,0.02241954393684864,0.002547747688367963
1559,HVSA2197,0.11276618391275406,0.23447829484939575,0.014845282770693302,0.005976527463644743,0.8874642252922058
1560,HeStutters162,0.2770547866821289,0.030675945803523064,0.002288704738020897,0.004530768841505051,0.11796277016401291
1561,WomenWhoStutter3098,0.017320381477475166,0.09007149934768677,0.0033549468498677015,0.3171623945236206,0.381526380777359
1562,StutterTalk5222,0.028759848326444626,0.10224069654941559,0.004018348176032305,0.006029408425092697,0.01073771994560957
1563,StutterTalk64193,0.0460444875061512,0.16522851586341858,0.011394078843295574,0.006191355641931295,0.012506812810897827
1564,HVSA36,0.0008495778311043978,0.041957397013902664,0.9812560677528381,0.006401758641004562,0.010052073746919632
1565,WomenWhoStutter224,0.03077937476336956,0.28011003136634827,0.12845379114151,0.013936785981059074,0.009664172306656837
1566,StutteringIsCool120,0.18483580648899078,0.5041194558143616,0.6216601729393005,0.012334241531789303,0.4088350832462311
1567,WomenWhoStutter30124,0.001919242087751627,0.007467885036021471,0.0004763217584695667,0.0005349846906028688,0.00040589229320175946
1568,StutterTalk3026,0.12044142186641693,0.5653994679450989,0.2947019040584564,0.13874971866607666,0.08371111750602722
1569,StrongVoices1014,0.05000278353691101,0.1583995819091797,0.023472463712096214,0.46775010228157043,0.48601245880126953
1570,StutterTalk72156,0.14419618248939514,0.060624800622463226,0.0030904794111847878,0.0015409464249387383,0.007376595865935087
1571,StutterTalk1819,0.02129194140434265,0.020589420571923256,0.004167858511209488,0.013193774037063122,0.0223061703145504
1572,HVSA1169,0.09770762175321579,0.1229790523648262,0.037624292075634,0.20187322795391083,0.9601791501045227
1573,HVSA231,0.05889281630516052,0.4707772135734558,0.3268245458602905,0.08960175514221191,0.637219250202179
1574,HeStutters1259,0.052648354321718216,0.13971444964408875,0.005646881181746721,0.0007122430251911283,0.020651882514357567
1575,StutterTalk25167,0.31546247005462646,0.11034037172794342,0.2005041241645813,0.0728273093700409,0.013551048003137112
1576,StutterTalk68119,0.050479017198085785,0.17846928536891937,0.20512469112873077,0.8721582293510437,0.5104102492332458
1577,HeStutters12125,0.14659351110458374,0.3081133961677551,0.04439176991581917,0.013337659649550915,0.013773991726338863
1578,StutteringIsCool3829,0.0011422036914154887,0.0024905672762542963,0.00010405077773611993,0.0001793237024685368,2.3174081434262916e-05
1579,WomenWhoStutter4923,0.036870457231998444,0.40939781069755554,0.60701584815979,0.280200332403183,0.1305631697177887
1580,WomenWhoStutter6313,0.17601244151592255,0.034167759120464325,0.0005894814967177808,0.00020958250388503075,0.0033366738352924585
1581,WomenWhoStutter10194,0.017460742965340614,0.11705555021762848,0.029376178979873657,0.00136045110411942,0.0019379024161025882
1582,WomenWhoStutter1052,0.010730818845331669,0.5340268611907959,0.07220184803009033,0.011566552333533764,0.0446772500872612
1583,WomenWhoStutter551,0.12031593918800354,0.43246373534202576,0.24832269549369812,0.05918380245566368,0.7095541954040527
1584,WomenWhoStutter7629,0.03091369941830635,0.0677918791770935,0.00435531884431839,0.0642113909125328,0.021351883187890053
1585,StutterTalk584,0.046453237533569336,0.47761738300323486,0.13343650102615356,0.12764684855937958,0.3698604106903076
1586,WomenWhoStutter87140,0.0038364490028470755,0.08943136036396027,0.014355667866766453,0.052210159599781036,0.016224609687924385
1587,StutteringIsCool2933,0.00025788936181925237,0.01208273321390152,0.0010774106485769153,0.0016199643723666668,0.004920328967273235
1588,WomenWhoStutter1728,0.013741731643676758,0.03814087063074112,0.01119284052401781,0.06430283933877945,0.10929374396800995
1589,HeStutters1132,0.013319587334990501,0.24907876551151276,0.5294862389564514,0.20204292237758636,0.033431392163038254
1590,HeStutters2206,0.034248221665620804,0.18367250263690948,0.010442612692713737,0.0019380500307306647,0.002692765323445201
1591,StutterTalk6018,0.0299574863165617,0.34165796637535095,0.2756003737449646,0.5668428540229797,0.6607668995857239
1592,HVSA1152,0.005288467742502689,0.08279529213905334,0.04968336969614029,0.759497344493866,0.03530912473797798
1593,HeStutters1722,0.007288283668458462,0.22739526629447937,0.0029970589093863964,0.0002479618415236473,0.003856189316138625
1594,HVSA3204,0.028649428859353065,0.08140098303556442,0.2592289447784424,0.021406862884759903,0.0033739639911800623
1595,WomenWhoStutter9657,0.017735444009304047,0.1499962955713272,0.12570610642433167,0.8825790882110596,0.7359502911567688
1596,StrongVoices1135,0.6124485731124878,0.059731625020504,0.001231336034834385,0.0001213570503750816,0.9759384989738464
1597,StutteringIsCool80186,0.16035352647304535,0.008204185403883457,0.0022023585624992847,0.0013110744766891003,0.00016495655290782452
1598,HVSA23,0.008918077684938908,0.04847205802798271,0.05094979703426361,0.9426239728927612,0.5277970433235168
1599,StutterTalk2232,0.00370149128139019,0.24296393990516663,0.007898789830505848,0.008732656948268414,0.17448750138282776
1600,MyStutteringLife1923,0.03290848806500435,0.16964173316955566,0.004488139413297176,0.00017115748778451234,0.006111991126090288
1601,StutterTalk3723,0.25437527894973755,0.03295019268989563,0.012768764980137348,0.015790103003382683,0.031091565266251564
1602,StutteringIsCool460,0.24984854459762573,0.04002751037478447,0.0005947414902038872,0.0002860274398699403,0.9533980488777161
1603,StutterTalk8153,0.026908863335847855,0.11293091624975204,0.0039320047944784164,0.0025541563518345356,0.036737117916345596
1604,StrongVoices2187,0.14480066299438477,0.0422210656106472,0.0024332532193511724,0.0010096729965880513,0.26066097617149353
1605,WomenWhoStutter694,0.08570998907089233,0.2078932672739029,0.02305338904261589,0.010776187293231487,0.48635023832321167
1606,WomenWhoStutter86138,0.023445701226592064,0.2529623508453369,0.005160890985280275,0.0035590168554335833,0.10240252315998077
1607,WomenWhoStutter908,0.19148758053779602,0.23952513933181763,0.13628576695919037,0.4378507733345032,0.9355242252349854
1608,WomenWhoStutter817,0.058568958193063736,0.02301480807363987,0.0001760459563229233,4.2955391108989716e-05,0.30688410997390747
1609,MyStutteringLife80,0.04499880224466324,0.49464210867881775,0.5281437039375305,0.18531085550785065,0.36491018533706665
1610,WomenWhoStutter9622,0.0052437614649534225,0.1333867311477661,0.054516006261110306,0.9657109975814819,0.02285507321357727
1611,IStutterSoWhat344,0.0007471395656466484,0.020523684099316597,0.0016514348099008203,0.006316267419606447,0.000622965453658253
1612,WomenWhoStutter1478,0.028377562761306763,0.2920914888381958,0.003494817530736327,0.00015750923193991184,0.002819410990923643
1613,StutterTalk64161,0.6348893642425537,0.3283851146697998,0.09517204761505127,0.010943545028567314,0.026264432817697525
1614,StutterTalk2623,0.0025398109573870897,0.017747242003679276,0.0006234183674678206,0.0012374988291412592,0.0011902585392817855
1615,WomenWhoStutter2123,0.0007171841571107507,0.02575375884771347,0.0014158322010189295,0.0029892143793404102,0.0009483280591666698
1616,WomenWhoStutter496,0.03942694887518883,0.1743980497121811,0.03729899972677231,0.018407853320240974,0.010014370083808899
1617,StutteringIsCool13,0.002492282073944807,0.42038342356681824,0.1696251928806305,0.007130284793674946,0.009382023476064205
1618,StrongVoices737,0.2307305485010147,0.12846796214580536,0.09010139852762222,0.39104053378105164,0.0471578910946846
1619,HVSA392,0.009246164001524448,0.20757082104682922,0.8567746877670288,0.32293468713760376,0.2690882682800293
1620,StrongVoices32161,0.8360044956207275,0.18170921504497528,0.20156344771385193,0.04626714810729027,0.5916577577590942
1621,StutteringIsCool34128,0.7278208136558533,0.16608268022537231,0.07753896713256836,0.02821573056280613,0.9375318884849548
1622,StrongVoices835,0.04341712221503258,0.051825523376464844,0.000939280551392585,7.734417886240408e-05,0.011694447137415409
1623,WomenWhoStutter9610,0.0014353039441630244,0.03421671316027641,0.0067384629510343075,0.003198894439265132,0.00019930166308768094
1624,HeStutters18206,0.3144301474094391,0.08626753091812134,0.002640016144141555,0.0002073454379569739,0.006593890022486448
1625,StrongVoices10156,0.10771950334310532,0.45961520075798035,0.13953962922096252,0.4525555670261383,0.09757935255765915
1626,WomenWhoStutter30157,0.0027316680643707514,0.025617163628339767,0.0010163950501009822,0.0008664052002131939,0.0003581095952540636
1627,HeStutters1610,0.02306596376001835,0.10048921406269073,0.0824805498123169,0.47175273299217224,0.21104221045970917
1628,StrongVoices32135,0.04210878908634186,0.08993757516145706,0.002743522636592388,0.006110050715506077,0.01773611642420292
1629,StrongVoices917,0.687610924243927,0.006605838891118765,0.0017790510319173336,0.003477205988019705,0.003982231952250004
1630,HVSA2177,0.026956871151924133,0.5421645641326904,0.3714864253997803,0.004572941455990076,0.006659956648945808
1631,IStutterSoWhat062,0.013877345249056816,0.36834588646888733,0.010955060832202435,7.196298975031823e-05,0.0008487396407872438
1632,HeStutters2140,0.016354136168956757,0.12872274219989777,0.013869443908333778,0.0010994122130796313,0.009351282380521297
1633,StutterTalk849,0.001821432844735682,0.07331713289022446,0.0038227655459195375,0.0018534862902015448,0.09407968819141388
1634,WomenWhoStutter2817,0.2310018390417099,0.17017927765846252,0.007207074668258429,0.0002694735012482852,0.0003779269754886627
1635,StrongVoices023,0.315167635679245,0.19679611921310425,0.01101360097527504,0.00014230262604542077,0.0031872051768004894
1636,HeStutters1848,0.008192864246666431,0.21769186854362488,0.0036274318117648363,0.012600554153323174,0.0826631709933281
1637,StrongVoices23217,0.05864417925477028,0.4568074941635132,0.11995446681976318,0.02194027788937092,0.026797596365213394
1638,IStutterSoWhat0106,0.008146556094288826,0.5100429058074951,0.3340888023376465,0.1934065967798233,0.022784605622291565
1639,StrongVoices419,0.0004065206157974899,0.153986856341362,0.00297906924970448,0.003562207566574216,0.0025211891625076532
1640,WomenWhoStutter97170,0.03644153103232384,0.17042265832424164,0.012714182026684284,0.00025308976182714105,0.9497542977333069
1641,WomenWhoStutter87139,0.1561681628227234,0.2500641942024231,0.09183961153030396,0.49518072605133057,0.870861828327179
1642,StutterTalk37131,0.056409355252981186,0.02187810279428959,0.004174323752522469,0.0018167217494919896,0.029629619792103767
1643,WomenWhoStutter208,0.0020137785468250513,0.091242715716362,0.0019956156611442566,0.00024709361605346203,0.0004404846695251763
1644,StutteringIsCool7926,0.029957400634884834,0.18974561989307404,0.018297135829925537,0.0030186795629560947,0.056107860058546066
1645,StutterTalk6810,0.02881074696779251,0.07376934587955475,0.0019542118534445763,0.00044184952275827527,0.9043451547622681
1646,StutterTalk7937,0.012033217586576939,0.12952539324760437,0.0367024689912796,0.0017298876773566008,0.28291600942611694
1647,StutteringIsCool80167,0.007248345296829939,0.26445841789245605,0.02082839608192444,0.012216415256261826,0.019206462427973747
1648,WomenWhoStutter974,0.019442997872829437,0.1948745846748352,0.06276475638151169,0.40295106172561646,0.8890022039413452
1649,IStutterSoWhat099,0.4377414882183075,0.22128649055957794,0.024240635335445404,0.0028879656456410885,0.9188677072525024
1650,HVSA2114,0.01552680041640997,0.14704862236976624,0.08998948335647583,0.9080850481987,0.19061902165412903
1651,StutteringIsCool4932,0.0490000918507576,0.19057157635688782,0.013208743184804916,0.002129059052094817,0.9234310388565063
1652,StutteringIsCool384,0.00328984297811985,0.03397008776664734,0.014826166443526745,0.2694656252861023,0.013077989220619202
1653,StutterTalk37125,0.09124213457107544,0.11593063175678253,0.010175169445574284,0.0023952012415975332,0.5357992053031921
1654,StutterTalk6489,0.45972925424575806,0.18809936940670013,0.02159302867949009,0.0011191579978913069,0.016084842383861542
1655,MyStutteringLife255,0.005843693390488625,0.16481779515743256,0.008592749945819378,0.012786781415343285,0.08666619658470154
1656,StrongVoices916,0.001534224720671773,0.0047358316369354725,0.0003416112740524113,0.001474654651246965,6.773781205993146e-05
1657,StutteringIsCool4319,0.00868986640125513,0.1800968199968338,0.034787364304065704,0.0752541795372963,0.02723558433353901
1658,WomenWhoStutter2101,0.042083024978637695,0.03601211681962013,0.0011095231166109443,0.0001591584732523188,0.0005592587403953075
1659,WomenWhoStutter7622,0.008369301445782185,0.039567217230796814,0.001316275680437684,0.00023213837994262576,0.0013482972281053662
1660,StutteringIsCool34170,0.00884325709193945,0.05325441434979439,0.021821167320013046,0.9485277533531189,0.4730946719646454
1661,WomenWhoStutter127,0.30227935314178467,0.2875251770019531,0.28440895676612854,0.20622077584266663,0.0560876727104187
1662,StrongVoices1832,0.03466830402612686,0.36054518818855286,0.038311783224344254,0.010884905233979225,0.007679420057684183
1663,IStutterSoWhat382,0.006555426865816116,0.10353734344244003,0.9474993944168091,0.020365342497825623,0.03812360763549805
1664,WomenWhoStutter85,0.011150415986776352,0.43830734491348267,0.053775228559970856,0.0004039320338051766,0.018311882391572
1665,HVSA242,0.016796156764030457,0.45822471380233765,0.14204289019107819,0.01178034022450447,0.1029372364282608
1666,WomenWhoStutter8614,0.08985122293233871,0.44309747219085693,0.04489799588918686,0.01033164281398058,0.6774829030036926
1667,HeStutters1131,0.07867737114429474,0.12371013313531876,0.003017979208379984,0.0005292599671520293,0.9660020470619202
1668,StutteringIsCool1423,0.054730478674173355,0.0076708197593688965,0.006003874354064465,0.050552740693092346,0.004679019097238779
1669,WomenWhoStutter30126,0.015034223906695843,0.020924396812915802,0.011652604676783085,0.06553927063941956,0.003850721986964345
1670,WomenWhoStutter2225,0.11310812830924988,0.28949064016342163,0.35666555166244507,0.6952680945396423,0.10623075067996979
1671,StutterTalk316,0.008295135572552681,0.4823424220085144,0.007266436703503132,0.00047918257769197226,0.009339330717921257
1672,StrongVoices666,0.014173950999975204,0.2185424566268921,0.000977986608631909,2.5484430807409808e-05,0.003428179770708084
1673,WomenWhoStutter97199,0.014480588026344776,0.21971014142036438,0.3853880763053894,0.782299816608429,0.03947225585579872
1674,HVSA20,0.019337330013513565,0.3494756519794464,0.541151225566864,0.004394416231662035,0.011578666977584362
1675,StrongVoices32148,0.5016829967498779,0.11435957998037338,0.005393709987401962,0.00017175059474539012,0.004335287492722273
1676,StrongVoices23198,0.017598427832126617,0.14650742709636688,0.015499594621360302,0.0012453373055905104,0.0020527958404272795
1677,MyStutteringLife025,0.0001756809069775045,0.01762140914797783,0.002896256046369672,0.0005107883480377495,8.831159357214347e-05
1678,StutterTalk2674,0.26021912693977356,0.09700879454612732,0.007235828787088394,0.0050137704238295555,0.7520941495895386
1679,WomenWhoStutter87116,0.04253311827778816,0.26168686151504517,0.051383912563323975,0.08015809953212738,0.370115727186203
1680,StutterTalk3837,0.014845925383269787,0.4340343177318573,0.013247856870293617,0.0006905641639605165,0.004666571039706469
1681,StrongVoices1433,0.010456368327140808,0.08484451472759247,0.006089833565056324,0.00126069993712008,0.0024068213533610106
1682,StutterTalk7712,0.027508007362484932,0.39156731963157654,0.16657936573028564,0.04202709719538689,0.7046307921409607
1683,StrongVoices3262,0.045895133167505264,0.015144974924623966,0.003510882379487157,0.0018892723601311445,0.0018265853868797421
1684,StutterTalk2832,0.024753693491220474,0.4049801826477051,0.16012105345726013,0.029201028868556023,0.004318063147366047
1685,StrongVoices3282,0.024960819631814957,0.500587522983551,0.05625808984041214,0.0030048459302634,0.00304080150090158
1686,HeStutters18199,0.1547628790140152,0.3262341320514679,0.1441047638654709,0.7006934285163879,0.13552851974964142
1687,StutterTalk6395,0.033258676528930664,0.34728550910949707,0.10007212311029434,0.22234892845153809,0.13001221418380737
1688,HeStutters1858,0.010370172560214996,0.0781562328338623,0.018506508320569992,0.049669042229652405,0.3570171296596527
1689,StutterTalk26183,0.0031788810156285763,0.016056515276432037,0.0005347116966731846,0.0009529400849714875,0.0031772328075021505
1690,HeStutters528,0.176631897687912,0.4137406051158905,0.6557555198669434,0.009174133650958538,0.010828428901731968
1691,StutteringIsCool80168,0.6322963833808899,0.06915610283613205,0.005008325912058353,0.0006139538600109518,0.8842584490776062
1692,StutteringIsCool730,0.3655618131160736,0.0367245189845562,0.003621451323851943,0.0007704370655119419,0.09971307963132858
1693,WomenWhoStutter6291,0.04661278426647186,0.3603215217590332,0.10984135419130325,0.022964706644415855,0.8550789952278137
1694,HeStutters288,0.0178797859698534,0.24964888393878937,0.028677375987172127,0.0018286114791408181,0.001934277592226863
1695,StrongVoices912,0.062045227736234665,0.0862119197845459,0.00364997168071568,0.0007953812018968165,0.17609992623329163
1696,HVSA255,0.056060075759887695,0.2775035500526428,0.01070337276905775,0.00034524366492405534,0.00571567052975297
1697,StutterTalk4938,0.08783408254384995,0.07216807454824448,0.0021071876399219036,0.0012736619682982564,0.9888548254966736
1698,StutterTalk240,0.0006925938068889081,0.0008689313544891775,2.402843847448821e-06,4.898074124071172e-08,3.4364272778475424e-06
1699,StrongVoices1421,0.0009554268908686936,0.0002805421536322683,6.7089863478031475e-06,2.331764335394837e-05,8.606398478150368e-05
1700,StutterTalk3120,0.41858670115470886,0.08124583214521408,0.05707579851150513,0.1786385327577591,0.017938021570444107
1701,StrongVoices23106,0.005550211761146784,0.630316436290741,0.054192960262298584,0.0002463140990585089,0.004924512468278408
1702,WomenWhoStutter2163,0.023867184296250343,0.2343083918094635,0.0035016145557165146,0.0009416904649697244,0.05082254856824875
1703,StrongVoices6127,0.07349754869937897,0.27001383900642395,0.010358856059610844,0.0006853107479400933,0.00923926942050457
1704,IStutterSoWhat379,0.002037527970969677,0.25457823276519775,0.01104967575520277,0.0002813655883073807,0.0006072031683288515
1705,HeStutters540,0.0029832967557013035,0.13473103940486908,0.0007609362946823239,0.00010694740194594488,0.0008156473631970584
1706,StutteringIsCool164,0.7270036935806274,0.017543336376547813,0.0025345084723085165,0.005643984768539667,0.3966062664985657
1707,WomenWhoStutter4282,0.1446140855550766,0.022212572395801544,0.0003278964140918106,9.377067181048915e-05,0.004306241869926453
1708,WomenWhoStutter86105,0.05141263082623482,0.19593991339206696,0.05058961361646652,0.7552337646484375,0.7824065089225769
1709,StrongVoices49,0.5469264984130859,0.07342242449522018,0.0011731605045497417,0.00010594869672786444,0.010875800624489784
1710,StrongVoices3432,0.8311228156089783,0.04110331833362579,0.04619799181818962,0.004980530124157667,0.0033348253928124905
1711,WomenWhoStutter2171,0.0003334189241286367,0.07613866776227951,0.002173768123611808,0.00032433998421765864,0.00019315975077915937
1712,StutteringIsCool628,0.09371870011091232,0.3148336708545685,0.01761108636856079,0.001240564975887537,0.024475492537021637
1713,StrongVoices2167,0.006547534838318825,0.2303461730480194,0.01007651723921299,0.004292628262192011,0.09851148724555969
1714,IStutterSoWhat36,0.0007053265580907464,0.061149630695581436,0.0027222847566008568,0.00013386168575379997,0.00084064737893641
1715,StrongVoices2380,0.26716166734695435,0.3427836298942566,0.020526781678199768,0.00041035632602870464,0.015063039027154446
1716,HVSA2127,0.021757731214165688,0.412258505821228,0.16365040838718414,0.45651423931121826,0.09494727104902267
1717,StrongVoices32192,0.04937365651130676,0.026737794280052185,0.0007715902756899595,0.0008598169079050422,0.2424340546131134
1718,HVSA2169,0.15785419940948486,0.20266573131084442,0.05398714914917946,0.010585415177047253,0.03924932703375816
1719,StutterTalk1515,0.028895949944853783,0.04259558022022247,0.004729109350591898,0.07160081714391708,0.056527286767959595
1720,HeStutters561,0.020348843187093735,0.35934582352638245,0.5369020104408264,0.6383010149002075,0.039220962673425674
1721,StutterTalk64155,0.8078301548957825,0.07379540055990219,0.0035291756503283978,0.0007345371996052563,0.012744246050715446
1722,WomenWhoStutter6937,0.07357005029916763,0.17481854557991028,0.10861961543560028,0.5695724487304688,0.9157586097717285
1723,WomenWhoStutter1410,0.01808338053524494,0.46948176622390747,0.02796008251607418,0.002136169234290719,0.004618636332452297
1724,StutterTalk72153,0.2535114884376526,0.2266908586025238,0.035468894988298416,0.03412986174225807,0.43161630630493164
1725,WomenWhoStutter30191,0.003153936006128788,0.19966498017311096,0.2787145972251892,0.9197759032249451,0.09798765927553177
1726,StutteringIsCool134,0.133049875497818,0.34171175956726074,0.0797782838344574,0.02667722851037979,0.19281096756458282
1727,StrongVoices2510,0.13704995810985565,0.10521961748600006,0.0015201580245047808,4.6774206566624343e-05,0.001249658758752048
1728,StrongVoices229,0.010613714344799519,0.10039661079645157,0.0084587587043643,0.0007566043641418219,0.006004679948091507
1729,HVSA248,0.11520417034626007,0.12130072712898254,0.0063001541420817375,0.021505236625671387,0.03591981902718544
1730,WomenWhoStutter96168,0.04288174957036972,0.2312885969877243,0.2820981740951538,0.6453585624694824,0.9088455438613892
1731,HVSA2193,0.030874788761138916,0.033085986971855164,0.004744790028780699,0.0029848816338926554,0.0013754258397966623
1732,StutterTalk886,0.015610245056450367,0.5369737148284912,0.5809524655342102,0.003136548213660717,0.007557555567473173
1733,StutterTalk3420,0.014805424958467484,0.17839978635311127,0.028460586443543434,0.026126617565751076,0.048893675208091736
1734,StutterTalk1033,0.020598581060767174,0.4087168574333191,0.6947561502456665,0.1427909880876541,0.04140148311853409
1735,StutterTalk4614,0.19868101179599762,0.12779481709003448,0.0965115949511528,0.8064858913421631,0.8750466108322144
1736,WomenWhoStutter14123,0.01767369732260704,0.165854811668396,0.01374046504497528,0.0005138504202477634,0.0028816398698836565
1737,StutteringIsCool113,0.004318954888731241,0.0495508536696434,0.010764394886791706,0.5112641453742981,0.012371957302093506
1738,WomenWhoStutter8177,0.12015548348426819,0.13265834748744965,0.0059040989726781845,0.00022249293397180736,0.9729282855987549
1739,StutterTalk8013,3.672643651952967e-05,0.04676564782857895,0.0015847786562517285,0.00019742113363463432,5.3298452257877216e-05
1740,IStutterSoWhat343,0.018818330019712448,0.25776633620262146,0.2046048790216446,0.8807826042175293,0.03661080077290535
1741,IStutterSoWhat3111,0.008060297928750515,0.11387593299150467,0.04078715294599533,0.1038399264216423,0.0011228363728150725
1742,StrongVoices32185,0.24841299653053284,0.2497776299715042,0.009513594210147858,0.000935269461479038,0.323526531457901
1743,WomenWhoStutter795,0.10579939186573029,0.15949301421642303,0.006565243937075138,0.0049428632482886314,0.2406335324048996
1744,StutteringIsCool5614,0.024049999192357063,0.4541620910167694,0.20484788715839386,0.07825932651758194,0.04045343026518822
1745,StutterTalk68173,0.010483781807124615,0.0229281485080719,0.004235358443111181,0.9924817681312561,0.19930213689804077
1746,HVSA275,0.02351193130016327,0.3200031816959381,0.8495483994483948,0.003935968037694693,0.017262503504753113
1747,WomenWhoStutter3730,0.12631718814373016,0.4488743245601654,0.707423210144043,0.01976219192147255,0.07712197303771973
1748,WomenWhoStutter8736,0.1569286435842514,0.09124264121055603,0.009679993614554405,0.006963231600821018,0.7610433101654053
1749,WomenWhoStutter8915,0.2965310215950012,0.009698382578790188,0.00019277136016171426,0.00036697002360597253,0.8474875688552856
1750,StrongVoices839,0.011917571537196636,0.057084690779447556,0.0031916440930217505,0.002308942610397935,0.33443593978881836
1751,WomenWhoStutter2202,0.434510737657547,0.414173424243927,0.18416784703731537,0.012139384634792805,0.11586195975542068
1752,WomenWhoStutter97101,0.09349571913480759,0.4114164113998413,0.04724645987153053,0.004660893231630325,0.20739611983299255
1753,StutteringIsCool2930,0.0001723180030239746,0.0013953190064057708,7.274596282513812e-05,5.4000371164875105e-05,4.168525629211217e-05
1754,StutteringIsCool2917,0.00016089031123556197,0.01744675077497959,0.0006340154795907438,0.00140072638168931,0.0324615053832531
1755,StutteringIsCool7035,9.401635179528967e-05,0.004118085838854313,3.9579022995894775e-05,4.654143140214728e-06,7.018635187705513e-06
1756,WomenWhoStutter81187,0.03721848130226135,0.006513325963169336,0.0004281186265870929,0.002512081293389201,0.033790040761232376
1757,StrongVoices32163,0.08784995228052139,0.40668919682502747,0.01636323519051075,0.0002243962517241016,0.009049664251506329
1758,StutterTalk377,0.00888771191239357,0.08087556064128876,0.006147981621325016,0.00519833667203784,0.0019930871203541756
1759,StrongVoices3218,0.03539443016052246,0.04276421666145325,0.013978314585983753,0.021755801513791084,0.03135354071855545
1760,StutterTalk894,0.08021771907806396,0.2917652726173401,0.34740975499153137,0.48321980237960815,0.8629122376441956
1761,StutterTalk7229,0.07161261141300201,0.13235367834568024,0.014508822001516819,0.0095151886343956,0.052494049072265625
1762,WomenWhoStutter247,0.2566395103931427,0.38721898198127747,0.373250275850296,0.06685862690210342,0.05347537621855736
1763,StutterTalk76,0.4723421633243561,0.32980650663375854,0.04270690307021141,0.003884227480739355,0.04876314848661423
1764,StrongVoices329,0.3889792263507843,0.139730304479599,0.04986950755119324,0.016760827973484993,0.12071053683757782
1765,StutterTalk314,0.0011747641256079078,0.0009494052501395345,3.281365025031846e-06,1.1594353566124482e-07,7.457911578967469e-06
1766,StutterTalk3811,0.014565670862793922,0.23497340083122253,0.0173649862408638,0.020728599280118942,0.43034833669662476
1767,StrongVoices21139,0.4086918532848358,0.023569535464048386,0.002970444969832897,0.0021520701702684164,0.07500806450843811
1768,StrongVoices250,0.2630615830421448,0.17990514636039734,0.00123007467482239,4.456025180843426e-06,0.0057426998391747475
1769,StutterTalk839,0.11179418116807938,0.39485111832618713,0.11490441858768463,0.02276032231748104,0.7326571345329285
1770,HeStutters54,0.013616505078971386,0.04288020357489586,0.0038847755640745163,0.00046443790779449046,0.9910444021224976
1771,StutteringIsCool7511,0.3429243266582489,0.31908100843429565,0.5894373059272766,0.04722975194454193,0.03897888585925102
1772,MyStutteringLife522,0.020897837355732918,0.40060192346572876,0.5824135541915894,0.00464081484824419,0.012487429194152355
1773,WomenWhoStutter815,0.1560031622648239,0.4471171498298645,0.08453815430402756,0.03268948197364807,0.09674226492643356
1774,StutterTalk64198,0.13956904411315918,0.01817089132964611,0.0008234814158640802,0.0003518667072057724,0.00937748234719038
1775,WomenWhoStutter1449,0.011518645100295544,0.1345186084508896,0.004458607640117407,0.013695763424038887,0.011588286608457565
1776,StutteringIsCool7513,0.03600892797112465,0.3025261163711548,0.010486611165106297,0.15267397463321686,0.1174301952123642
1777,WomenWhoStutter874,0.003927115350961685,0.05123864486813545,0.004635604098439217,0.027872394770383835,0.003472826909273863
1778,StrongVoices2217,0.008405271917581558,0.3864436149597168,0.006379367783665657,0.008812999352812767,0.03338097780942917
1779,WomenWhoStutter1051,0.026213202625513077,0.15818573534488678,0.004491579253226519,0.000806855212431401,0.0030489955097436905
1780,HVSA010,0.11759275197982788,0.43339803814888,0.10526621341705322,0.055535972118377686,0.5810102224349976
1781,StrongVoices10130,0.026906104758381844,0.19339619576931,0.016041230410337448,0.007913229987025261,0.6048568487167358
1782,HVSA295,0.04243011027574539,0.3605852723121643,0.5819900631904602,0.0378844290971756,0.014638700522482395
1783,StutteringIsCool4316,0.005477523431181908,0.07487315684556961,0.041652463376522064,0.47943785786628723,0.4433436989784241
1784,StrongVoices21141,0.16571193933486938,0.4912608861923218,0.17702606320381165,0.01739334873855114,0.08919473737478256
1785,HeStutters1840,0.001411509932950139,0.023984059691429138,0.0005186410271562636,0.0611630417406559,0.4334207773208618
1786,HVSA0119,0.048413150012493134,0.2437489926815033,0.009924575686454773,0.017495380714535713,0.6434776782989502
1787,StutterTalk5536,0.02318372018635273,0.25785279273986816,0.009891808964312077,0.006374291609972715,0.017787910997867584
1788,StutterTalk7614,0.22807486355304718,0.46704551577568054,0.48880526423454285,0.01523978915065527,0.1075918897986412
1789,StrongVoices1099,0.2848774194717407,0.18863537907600403,0.09382638335227966,0.034738827496767044,0.03105878084897995
1790,HVSA2191,0.018316863104701042,0.39208197593688965,0.14939218759536743,0.020484326407313347,0.004357691388577223
1791,StutteringIsCool127,0.0007404054049402475,0.024375053122639656,0.0033638791646808386,0.016488416120409966,0.0025108603294938803
1792,HeStutters1276,0.11997462064027786,0.006886770017445087,0.0015879356069490314,0.010892911814153194,0.11087313294410706
1793,IStutterSoWhat089,0.03958538919687271,0.21038901805877686,0.001300664385780692,0.001177666475996375,0.05641283094882965
1794,StutteringIsCool758,0.009020649828016758,0.1632133275270462,0.005973802413791418,0.0036570930387824774,0.031937818974256516
1795,StutteringIsCool4514,0.1514226645231247,0.4348313510417938,0.5020719170570374,0.6036037802696228,0.232148677110672
1796,MyStutteringLife031,0.01935441792011261,0.03675862401723862,0.0037714107893407345,0.0008246105862781405,0.0008163899183273315
1797,WomenWhoStutter10221,0.06037275493144989,0.3236115574836731,0.008514328859746456,7.215518417069688e-05,0.0021873386576771736
1798,StutterTalk1517,0.21347635984420776,0.2524816393852234,0.048775460571050644,0.017358843237161636,0.5553447604179382
1799,StrongVoices6182,0.04654863476753235,0.38604384660720825,0.010608162730932236,0.00011689181701513007,0.001166461268439889
1800,StutterTalk6441,0.0035289491061121225,0.007693819236010313,0.0019195746863260865,1.3474902516463771e-05,2.857363870134577e-05
1801,StutterTalk518,0.001201511244289577,0.03868402913212776,0.004290588665753603,0.033692773431539536,0.05171031504869461
1802,HVSA320,0.007099916692823172,0.1226213350892067,0.8381361365318298,0.05866299942135811,0.008158930577337742
1803,StutteringIsCool8131,0.00026733061531558633,0.05243362486362457,0.08703025430440903,0.05181097611784935,0.0020759443286806345
1804,StutterTalk133,0.08016364276409149,0.08700826019048691,0.09662144631147385,0.30815914273262024,0.6049002408981323
1805,HeStutters218,0.004114584997296333,0.014405099675059319,0.0013595710042864084,0.0026405826210975647,0.00026966934092342854
1806,IStutterSoWhat399,0.054495107382535934,0.18754637241363525,0.9215043783187866,0.006244288757443428,0.17958620190620422
1807,WomenWhoStutter2173,0.005709544289857149,0.08923417329788208,0.0017734202556312084,0.001525846659205854,0.041538938879966736
1808,WomenWhoStutter87136,0.011079900898039341,0.23864981532096863,0.09118945151567459,0.15439379215240479,0.18124563992023468
1809,StutteringIsCool3730,0.1966579705476761,0.40610378980636597,0.0981687381863594,0.002474260749295354,0.19228488206863403
1810,HVSA0134,0.16598428785800934,0.08780751377344131,0.0012741127284243703,0.00016897179011721164,0.9159409999847412
1811,StrongVoices1714,0.15432299673557281,0.3627814054489136,0.06973271071910858,0.00020738023158628494,0.0009539120364934206
1812,StrongVoices2138,0.1462998241186142,0.059317294508218765,0.008790697902441025,0.005382874980568886,0.43729186058044434
1813,StrongVoices21118,0.014122054912149906,0.1323046088218689,0.002674322109669447,2.622310603328515e-05,0.00016796265845187008
1814,StutterTalk2569,0.015573999844491482,0.34191030263900757,0.00386579567566514,0.0005507554160431027,0.009661895222961903
1815,MyStutteringLife3831,0.2119864672422409,0.1848032921552658,0.019561730325222015,0.02646241895854473,0.9781911373138428
1816,StrongVoices1332,0.756960928440094,0.08976054191589355,0.01039060391485691,0.00019467182573862374,0.006318614352494478
1817,StutterTalk4036,0.0016967373667284846,0.10594447702169418,0.0029433469753712416,0.0005484290304593742,0.0020338324829936028
1818,WomenWhoStutter9712,0.09589467197656631,0.4686208665370941,0.07115038484334946,0.0024642469361424446,0.03414703533053398
1819,WomenWhoStutter266,0.1785038858652115,0.5708760023117065,0.05489126220345497,0.0007453318685293198,0.015043978579342365
1820,StrongVoices2625,0.1762472242116928,0.30371198058128357,0.015537723898887634,0.0032495183404535055,0.1670769602060318
1821,WomenWhoStutter30198,0.2452908605337143,0.10963332653045654,0.008074172772467136,0.0030114382971078157,0.97756028175354
1822,StutteringIsCool6735,0.01804414950311184,0.32944607734680176,0.07428301870822906,0.08560597896575928,0.17274752259254456
1823,StrongVoices3284,0.025140604004263878,0.08158621937036514,0.0049170833081007,0.07138518989086151,0.00497018825262785
1824,StutterTalk248,0.017530379816889763,0.2928914427757263,0.011402713134884834,0.0032328886445611715,0.7817067503929138
1825,HVSA139,0.331914484500885,0.20884652435779572,0.02598685212433338,0.000547168601769954,0.948373019695282
1826,HeStutters185,0.034220244735479355,0.3035467267036438,0.27313047647476196,0.6942095756530762,0.13061688840389252
1827,StrongVoices21169,0.006013546139001846,0.04843279346823692,0.0225735604763031,0.08867096155881882,0.006303570233285427
1828,StrongVoices21196,0.04764280840754509,0.2968577742576599,0.14190900325775146,0.01638437807559967,0.01755434460937977
1829,StutterTalk6237,0.0005056157824583352,0.013971558772027493,0.00046749418834224343,0.0028993450105190277,0.1267702430486679
1830,StrongVoices2342,0.003531233873218298,0.12476649135351181,0.002918967744335532,0.0025067757815122604,0.024725385010242462
1831,StutterTalk1233,0.05831422656774521,0.033991217613220215,0.0010134720942005515,0.00026841374346986413,0.9778468608856201
1832,StutteringIsCool1614,0.022188598290085793,0.22012391686439514,0.02328898012638092,0.11897249519824982,0.8261911869049072
1833,StrongVoices3335,0.003146006027236581,0.0194568932056427,0.0007075714529491961,0.0046524484641849995,0.002515715081244707
1834,StutterTalk2611,0.0037016142159700394,0.0751248449087143,0.0028250187169760466,0.0017846061382442713,0.0017564904410392046
1835,StrongVoices21149,0.013822737149894238,0.06903516501188278,0.006033702287822962,0.022464260458946228,0.017944609746336937
1836,StrongVoices32160,0.019428985193371773,0.36710721254348755,0.0010801695752888918,1.770512062648777e-05,0.00636380584910512
1837,HVSA2104,0.04454098641872406,0.061541032046079636,0.0049365209415555,0.0005133802187629044,0.002645667176693678
1838,IStutterSoWhat313,0.09888198226690292,0.2824208736419678,0.007012585643678904,0.0028915158472955227,0.925343930721283
1839,StutteringIsCool80107,0.06528034806251526,0.1854662448167801,0.007482680957764387,0.0033441714476794004,0.017573704943060875
1840,StutteringIsCool4334,0.0033655071165412664,0.2641693949699402,0.08062704652547836,0.8120213150978088,0.027556274086236954
1841,StrongVoices185,0.0003902273892890662,0.012237787246704102,0.003318739589303732,2.6026884370367043e-05,2.030547329923138e-05
1842,WomenWhoStutter8730,0.08999338746070862,0.03261928632855415,0.0036205805372446775,0.000745202589314431,0.9377639293670654
1843,StutteringIsCool2334,0.5654069185256958,0.017330391332507133,0.00034275808138772845,0.00011306843953207135,0.9862157106399536
1844,HVSA2122,0.10724799335002899,0.010658930987119675,0.00805234257131815,0.0004655114025808871,0.00016150021110661328
1845,StrongVoices321,0.4362136423587799,0.12576507031917572,0.015709038823843002,0.0008315111044794321,0.013344024308025837
1846,StutterTalk5829,0.0021085618063807487,0.06429237872362137,0.004486352205276489,0.004849977791309357,0.004910794552415609
1847,StrongVoices414,0.0005768217379227281,0.07426611334085464,0.0010163640836253762,0.0004963504616171122,0.034615371376276016
1848,StutterTalk2684,0.0015175020089372993,0.10102005302906036,0.0007712200749665499,0.0001697265252005309,0.0007951845764182508
1849,WomenWhoStutter30103,0.0026836006436496973,0.0038380639161914587,0.0011092224158346653,0.07743097841739655,0.1007767915725708
1850,StutterTalk738,0.38877832889556885,0.17384731769561768,0.05813509598374367,0.0025926437228918076,0.04275810346007347
1851,StutterTalk8146,0.039782118052244186,0.13427074253559113,0.13335749506950378,0.5789752006530762,0.052287258207798004
1852,StutterTalk8136,0.08817212283611298,0.09483958035707474,0.0017906799912452698,0.00034284143475815654,0.9757053256034851
1853,StutterTalk892,0.14537367224693298,0.07604516297578812,0.01134641095995903,0.00873494427651167,0.988699734210968
1854,StrongVoices2522,0.0025939680635929108,0.28380265831947327,0.004107857123017311,9.283521649194881e-05,0.0004367782094050199
1855,StrongVoices10101,0.004529586061835289,0.11073791980743408,0.0001658810069784522,6.256949291127967e-06,0.0032449469435960054
1856,HVSA1105,0.02270064502954483,0.25961777567863464,0.007425050716847181,0.0029529735911637545,0.04065502807497978
1857,WomenWhoStutter8128,0.023058142513036728,0.2672238051891327,0.002595109399408102,0.005873270332813263,0.006481231190264225
1858,StutteringIsCool34167,0.04006288945674896,0.36646565794944763,0.13635778427124023,0.4602845311164856,0.20327070355415344
1859,StutterTalk2527,0.0019773347303271294,0.0218362957239151,0.0012032320955768228,0.004100034013390541,0.0033263415098190308
1860,HeStutters1138,0.04447399452328682,0.4585592746734619,0.12931320071220398,0.15351171791553497,0.09233815222978592
1861,HeStutters1261,0.009560062550008297,0.11009512096643448,0.006049560848623514,0.0017441490199416876,0.005736012011766434
1862,StrongVoices1082,0.4459419250488281,0.4396403133869171,0.3067437708377838,0.003621370531618595,0.02606951631605625
1863,StutterTalk7731,0.00964007806032896,0.3644119203090668,0.004441387020051479,0.001510174828581512,0.014019284397363663
1864,WomenWhoStutter2728,0.02463102713227272,0.6414382457733154,0.37760409712791443,0.004442926030606031,0.005308006890118122
1865,StutterTalk7217,0.013032997027039528,0.22573988139629364,0.040811337530612946,0.011696811765432358,0.029041361063718796
1866,HeStutters1037,0.15808066725730896,0.1630041003227234,0.010502180084586143,0.0024436006788164377,0.9543716311454773
1867,StutterTalk63156,0.40776583552360535,0.4987580180168152,0.17507381737232208,0.009220702573657036,0.0334966704249382
1868,StutterTalk4916,0.14021113514900208,0.003476016689091921,9.707985009299591e-05,4.491415893426165e-05,0.006241271272301674
1869,WomenWhoStutter811,0.025343917310237885,0.3779216408729553,0.017054250463843346,9.015564864967018e-05,0.0028281572740525007
1870,StutterTalk2913,0.011270738206803799,0.08641178905963898,0.005728187505155802,0.009549152106046677,0.30431753396987915
1871,StrongVoices933,0.0011456863721832633,0.03111301362514496,0.0016516109462827444,0.0015488857170566916,0.002443046309053898
1872,StrongVoices711,0.0010766817722469568,0.015840841457247734,0.0007941455696709454,0.00022617500508204103,0.00019212526967749
1873,WomenWhoStutter6321,0.19498084485530853,0.07150734961032867,0.0038609420880675316,0.0021429075859487057,0.08994640409946442
1874,StrongVoices06,0.06573569029569626,0.03583662211894989,0.003707893891260028,0.0002335120370844379,0.00015851191710680723
1875,StrongVoices2914,0.16193930804729462,0.3566078841686249,0.3438337743282318,0.005313137546181679,0.008839927613735199
1876,StrongVoices1076,0.004442728124558926,0.07934202998876572,0.0011304897489026189,0.0006307914736680686,0.001564309117384255
1877,StutterTalk795,0.029874304309487343,0.042554181069135666,0.002792044309899211,0.04982905834913254,0.7216485142707825
1878,WomenWhoStutter2235,0.0354500450193882,0.32960277795791626,0.47939547896385193,0.7036017775535583,0.05811610445380211
1879,StrongVoices3230,0.36682337522506714,0.16855743527412415,0.0293832216411829,0.04921099916100502,0.20358800888061523
1880,StutterTalk2524,0.0004201240371912718,0.1015370562672615,0.001990936230868101,0.0013017890742048621,0.002063485560938716
1881,StrongVoices3268,0.14452484250068665,0.3689354956150055,0.036348696798086166,0.002723370911553502,0.007659710478037596
1882,StutteringIsCool4537,0.022609103471040726,0.47294652462005615,0.010601903311908245,0.0007944725803099573,0.036123912781476974
1883,HeStutters1182,0.11701684445142746,0.5830129981040955,0.2617597281932831,0.21996919810771942,0.04085018113255501
1884,StutteringIsCool80205,0.4624541699886322,0.07712148129940033,0.002117950702086091,0.0002655443095136434,0.009891756810247898
1885,StutteringIsCool4337,0.001050319755449891,0.05841735005378723,0.001299427472986281,0.0002289426192874089,0.0011772694997489452
1886,WomenWhoStutter8312,0.08868920803070068,0.15876415371894836,0.002188879530876875,0.0006137836026027799,0.029912618920207024
1887,StutteringIsCool7310,0.03287431225180626,0.3517947494983673,0.12669210135936737,0.1572115272283554,0.5011603832244873
1888,StutteringIsCool8078,0.13559159636497498,0.2923221290111542,0.028208233416080475,0.010373927652835846,0.78450608253479
1889,HeStutters2215,0.026605552062392235,0.3633211851119995,0.7939961552619934,0.008279521949589252,0.32524266839027405
1890,WomenWhoStutter528,0.44801807403564453,0.3846885561943054,0.07540999352931976,0.010626740753650665,0.37647876143455505
1891,StutterTalk1232,0.1433032602071762,0.012449752539396286,0.0019410167587921023,0.004288839176297188,0.1899624764919281
1892,WomenWhoStutter30136,0.027311624959111214,0.05606384575366974,0.01139846257865429,0.949339747428894,0.03486940264701843
1893,StutterTalk1811,0.0254051573574543,0.03872289881110191,0.019758276641368866,0.026385091245174408,0.008524039760231972
1894,StrongVoices6191,0.29670584201812744,0.1871546059846878,0.012679052539169788,0.0027543131727725267,0.01750881038606167
1895,StutterTalk6456,0.0460643395781517,0.034619223326444626,0.013440016657114029,0.029229264706373215,0.3087979555130005
1896,StutterTalk3787,0.15911352634429932,0.027795782312750816,0.0008011811296455562,0.0008250590180978179,0.5435283184051514
1897,WomenWhoStutter4277,0.13084502518177032,0.558305025100708,0.48403793573379517,0.016459235921502113,0.032652515918016434
1898,StutteringIsCool7318,0.044003672897815704,0.06479129195213318,0.016710156574845314,0.01122254878282547,0.0049017989076673985
1899,StutterTalk6455,0.881132960319519,0.009894326329231262,0.000885852612555027,8.955208613770083e-05,0.03769337013363838
1900,WomenWhoStutter7329,0.00988862942904234,0.05590727925300598,0.01535351388156414,0.8367414474487305,0.5072858333587646
1901,StrongVoices144,0.0012276108609512448,0.10627304762601852,0.0007420081528834999,1.3557086276705377e-05,0.00020378691260702908
1902,StrongVoices3269,0.25239086151123047,0.45154237747192383,0.416958749294281,0.0010791216045618057,0.006920626387000084
1903,MyStutteringLife1631,0.039468009024858475,0.042280711233615875,0.0011191463563591242,0.0007871850393712521,0.0020562626887112856
1904,StutterTalk665,0.00046389654744416475,0.10565866529941559,0.0008985499734990299,0.0008191363303922117,0.1623230129480362
1905,StutterTalk853,0.04111161828041077,0.09484109282493591,0.0035083245020359755,0.0034911942202597857,0.873518168926239
1906,StrongVoices436,0.00015561364125460386,0.0036595333367586136,1.3469787518261e-05,3.882770670315949e-06,3.476738493191078e-05
1907,MyStutteringLife197,0.016760827973484993,0.08006276935338974,0.00721491314470768,0.0038490945007652044,0.0015835243975743651
1908,StutterTalk386,0.019247472286224365,0.6425596475601196,0.1180877536535263,0.005536322481930256,0.009838348254561424
1909,WomenWhoStutter96188,0.0113979522138834,0.18975552916526794,0.09382664412260056,0.3517450988292694,0.10145293921232224
1910,StrongVoices1036,0.6960172057151794,0.21111078560352325,0.017147447913885117,0.0003238440549466759,0.008050905540585518
1911,StrongVoices117,0.19152462482452393,0.28507331013679504,0.04658419266343117,0.0014282267075031996,0.004055919125676155
1912,WomenWhoStutter6918,0.6463726162910461,0.017014745622873306,0.0003367196477483958,1.5745279597467743e-05,0.13093142211437225
1913,StutteringIsCool7322,0.3261640667915344,0.03291793540120125,0.00019954923482146114,6.353994103847072e-05,0.886277437210083
1914,HeStutters565,0.16293694078922272,0.18438388407230377,0.18380607664585114,0.16792725026607513,0.032830726355314255
1915,WomenWhoStutter1738,0.0025983762461692095,0.2888490855693817,0.004123999737203121,9.316565410699695e-05,0.000747772806789726
1916,WomenWhoStutter5830,0.015893753618001938,0.21975399553775787,0.005323080345988274,0.0021445101592689753,0.4593585729598999
1917,StrongVoices40,0.03714651241898537,0.3284979462623596,0.002843230264261365,0.00022040156181901693,0.18328501284122467
1918,WomenWhoStutter8742,0.012996307574212551,0.43266358971595764,0.007558360695838928,0.0021740631200373173,0.00750085199251771
1919,StutterTalk64131,0.010509668849408627,0.3871991038322449,0.18293872475624084,0.01673976518213749,0.025030355900526047
1920,StutterTalk4911,0.7099372744560242,0.095528244972229,0.008103236556053162,0.00028525482048280537,0.027541017159819603
1921,StutterTalk37115,0.27423498034477234,0.04985666647553444,0.023944009095430374,0.3451111912727356,0.49594321846961975
1922,StutteringIsCool273,0.021107878535985947,0.11844756454229355,0.015422670170664787,0.004320080857723951,0.21897605061531067
1923,HeStutters19161,0.002361670834943652,0.027079902589321136,0.0006983674829825759,0.005680657923221588,0.000690131273586303
1924,StrongVoices23216,0.0024024415761232376,0.0961533859372139,0.0002526574535295367,2.0369634512462653e-05,0.0022953127045184374
1925,StutterTalk7726,0.5912683606147766,0.4995000660419464,0.37567567825317383,0.08009223639965057,0.16095660626888275
1926,StutteringIsCool2321,0.001106655690819025,0.14338509738445282,0.0015070847002789378,0.00016578454233240336,0.000397299270844087
1927,StutteringIsCool6431,0.015910454094409943,0.09801805019378662,0.06675614416599274,0.8346466422080994,0.6713489890098572
1928,StutteringIsCool3832,0.19443410634994507,0.41017183661460876,0.04547617956995964,0.007794131059199572,0.8767152428627014
1929,WomenWhoStutter4281,0.009525089524686337,0.08781801909208298,0.032421961426734924,0.24908503890037537,0.0442437119781971
1930,StutteringIsCool3322,0.08397714793682098,0.04076721519231796,0.0010445053922012448,0.0001470817078370601,0.9569631814956665
1931,StutteringIsCool7716,0.03040790557861328,0.42903000116348267,0.31646907329559326,0.005345702171325684,0.02701490931212902
1932,StutterTalk6914,0.01213008537888527,0.30162492394447327,0.012579428032040596,0.0031016264110803604,0.14354905486106873
1933,HeStutters11164,0.28349003195762634,0.07234238088130951,0.0023376857861876488,3.153115903842263e-05,0.001903989352285862
1934,StrongVoices239,0.010015079751610756,0.027774976566433907,0.01888144016265869,0.07401712983846664,0.002245449461042881
1935,StutterTalk5539,0.021380873396992683,0.2746780514717102,0.00865286123007536,0.03814355656504631,0.03112502582371235
1936,HeStutters1616,0.19630661606788635,0.12355605512857437,0.010651113465428352,0.00848172977566719,0.04177824407815933
1937,StutteringIsCool46178,0.0066404337994754314,0.04314816743135452,0.020043417811393738,0.9885927438735962,0.6187547445297241
1938,StutterTalk2697,0.004658465273678303,0.19225995242595673,0.011976363137364388,0.002814881969243288,0.003565070917829871
1939,StutteringIsCool133,0.009855667129158974,0.14257098734378815,0.031178496778011322,0.5892522931098938,0.06868274509906769
1940,StutteringIsCool5623,0.014158827252686024,0.4089330732822418,0.17951534688472748,0.49423807859420776,0.040712762624025345
1941,HeStutters1878,0.20813381671905518,0.09048610180616379,0.0011499997926875949,8.233462722273543e-05,0.9488868117332458
1942,WomenWhoStutter2161,0.013000093400478363,0.17718668282032013,0.0038753615226596594,0.0004186158475931734,0.004048184957355261
1943,HeStutters18155,0.04406158998608589,0.33272460103034973,0.28228017687797546,0.7724459767341614,0.18119031190872192
1944,IStutterSoWhat385,0.014197456650435925,0.4960985779762268,0.3698555529117584,0.0056926775723695755,0.008383548818528652
1945,HVSA264,0.01635722815990448,0.0541541613638401,0.001327237579971552,0.007410172838717699,0.05765756219625473
1946,StutteringIsCool3311,0.002694361377507448,0.010082506574690342,0.0005048000602982938,0.0017207060009241104,0.00012543125194497406
1947,HeStutters1288,0.07837607711553574,0.04337875545024872,0.0493747740983963,0.011189025826752186,0.0012468540808185935
1948,StutterTalk865,0.007543116807937622,0.3387654423713684,0.30928024649620056,0.4324575662612915,0.018890298902988434
1949,StutterTalk3438,0.003592462046071887,0.06757263094186783,0.0005716043524444103,0.0001629729085834697,0.001982093323022127
1950,HeStutters272,0.5583370923995972,0.1955050230026245,0.34051623940467834,0.2680564820766449,0.01488906517624855
1951,WomenWhoStutter62213,0.5262058973312378,0.14745745062828064,0.022238368168473244,0.002760095288977027,0.004941451828926802
1952,StrongVoices23105,0.12287342548370361,0.49481695890426636,0.20590202510356903,0.0007504558889195323,0.02286767214536667
1953,StrongVoices10165,0.6990086436271667,0.02106974460184574,0.0005584048922173679,8.512695785611868e-05,0.8518732786178589
1954,StrongVoices2713,0.7542148232460022,0.08163423836231232,0.009771973825991154,0.000281419517705217,0.0226475577801466
1955,StutterTalk6411,0.19240932166576385,0.2185586541891098,0.09515613317489624,0.055722158402204514,0.023462271317839622
1956,StrongVoices23115,0.10560890287160873,0.4597637355327606,0.23587721586227417,0.032255660742521286,0.7201038599014282
1957,MyStutteringLife227,0.005348205100744963,0.24700918793678284,0.3515413999557495,0.6973891258239746,0.04352583736181259
1958,MyStutteringLife2134,0.06420440226793289,0.04994349554181099,0.00010384232882643119,4.1940849769162014e-05,0.19261445105075836
1959,WomenWhoStutter1221,0.007552968803793192,0.28717124462127686,0.006170141045004129,0.0028487106319516897,0.14204740524291992
1960,HeStutters11123,0.028520934283733368,0.08746595680713654,0.022443264722824097,0.3113616108894348,0.5479078888893127
1961,StutterTalk2210,0.2686765193939209,0.042327821254730225,0.006096620578318834,0.012921489775180817,0.5718603730201721
1962,StutterTalk374,0.002531065372750163,0.06301196664571762,0.04632490128278732,0.14897610247135162,0.0035563057754188776
1963,StutteringIsCool2328,0.0064047412015497684,0.040591441094875336,0.0074180541560053825,0.014860445633530617,0.7945138812065125
1964,StutterTalk7264,0.008812707848846912,0.12468965351581573,0.024856235831975937,0.05792523920536041,0.07462594658136368
1965,StutterTalk3735,0.830675482749939,0.11555150151252747,0.0719728171825409,0.10834920406341553,0.03499738126993179
1966,StutterTalk126,0.005144167225807905,0.014593656174838543,0.0022532071452587843,0.0025662698317319155,0.057650189846754074
1967,WomenWhoStutter8676,0.007399206515401602,0.12312693893909454,0.0033681136555969715,0.007300548255443573,0.3431536555290222
1968,StutteringIsCool6426,0.006798129994422197,0.12324435263872147,0.0034368413034826517,0.0010107759153470397,0.003968920558691025
1969,StutteringIsCool80139,0.026632962748408318,0.1112709566950798,0.01786203496158123,0.5839552879333496,0.15419740974903107
1970,WomenWhoStutter7639,0.03181862086057663,0.03570155054330826,0.0011922859121114016,0.0002413480542600155,0.001418835367076099
1971,StutteringIsCool80112,0.027786796912550926,0.349907785654068,0.02664455957710743,0.03273540362715721,0.02432979829609394
1972,WomenWhoStutter10527,0.014022917486727238,0.1773674488067627,0.021730860695242882,0.3443294167518616,0.01847625896334648
1973,StutteringIsCool653,0.0004095420881640166,0.0002581402659416199,4.859067303186748e-06,3.145130676784902e-06,1.2752048860420473e-05
1974,StrongVoices23166,0.47777602076530457,0.08687774091959,0.008206486701965332,0.0005433440674096346,0.024346059188246727
1975,StrongVoices2316,0.1707884669303894,0.06197139620780945,0.000679408258292824,1.6351923477486707e-05,0.0017840407090261579
1976,StutterTalk3747,0.020164085552096367,0.07106605172157288,0.0025314786471426487,0.0019183059921488166,0.03522251173853874
1977,WomenWhoStutter831,0.004696414805948734,0.04484078288078308,0.0012218853225931525,8.285335206892341e-05,0.0033361539244651794
1978,StutterTalk8017,0.0018306795973330736,0.20551690459251404,0.0900154858827591,0.007000281009823084,0.0009920524898916483
1979,StrongVoices739,0.1880652904510498,0.1451386660337448,0.015621417202055454,0.01810031570494175,0.4683740735054016
1980,StutterTalk7631,0.05345280095934868,0.37345901131629944,0.12049171328544617,0.1340578943490982,0.8139898180961609
1981,HVSA099,0.019626270979642868,0.03430374711751938,0.014766900800168514,0.955228328704834,0.7882702350616455
1982,StutterTalk8023,0.00014327201643027365,0.09105125069618225,0.008765948005020618,0.00023923067783471197,7.661568088224158e-05
1983,StutteringIsCool6911,0.002343247178941965,0.006174484733492136,0.0005744104855693877,0.003326001577079296,0.007838606834411621
1984,StutteringIsCool8085,0.11489197611808777,0.03799470514059067,0.006590137258172035,0.6165269613265991,0.03369758278131485
1985,HVSA025,0.7670969367027283,0.0907435491681099,0.34981054067611694,0.00473298504948616,0.002168878447264433
1986,StutterTalk497,0.14024730026721954,0.34365370869636536,0.11624117940664291,0.2832527756690979,0.907170832157135
1987,StrongVoices2222,0.07041530311107635,0.05563601106405258,0.009822804480791092,0.014878802932798862,0.0034810928627848625
1988,WomenWhoStutter2109,0.05683794245123863,0.14039844274520874,0.0012036453699693084,9.584159852238372e-05,0.005722894333302975
1989,WomenWhoStutter9775,0.6217204332351685,0.17675690352916718,0.03300268575549126,0.0029851130675524473,0.020240118727087975
1990,StutteringIsCool757,0.00026067509315907955,0.0011744883377104998,6.708647561026737e-06,3.3546373288118048e-06,0.00013723431038670242
1991,StutterTalk6477,0.007100122049450874,0.07649801671504974,0.07571085542440414,0.7929713726043701,0.05755415931344032
1992,HeStutters1157,0.19702570140361786,0.4271467626094818,0.05151588097214699,0.008119737729430199,0.36078453063964844
1993,HeStutters165,0.2322981059551239,0.08225567638874054,0.020263435319066048,0.8853235244750977,0.7235837578773499
1994,StutterTalk25126,0.0024860366247594357,0.11991868913173676,0.15887843072414398,0.8566491007804871,0.025902505964040756
1995,StrongVoices2825,0.029493333771824837,0.026906348764896393,0.0017256661085411906,0.009199976921081543,0.29453110694885254
1996,HVSA2103,0.08343863487243652,0.07534562051296234,0.0037712319754064083,0.001031438703648746,0.03359970450401306
1997,StutteringIsCool4039,0.0673564225435257,0.2620004713535309,0.0886078029870987,0.027864759787917137,0.9167951941490173
1998,StutterTalk7634,0.07654567807912827,0.2524409890174866,0.4480273723602295,0.12718743085861206,0.024801572784781456
1999,StrongVoices2334,0.24180170893669128,0.39995136857032776,0.05412755534052849,0.0023477906361222267,0.006080746650695801
2000,HeStutters16131,0.4463936984539032,0.04240746796131134,0.012323789298534393,0.03339919075369835,0.15441130101680756
2001,StrongVoices2164,0.034701157361269,0.3791891038417816,0.21365876495838165,0.05150231346487999,0.03603573516011238
2002,StutteringIsCool6729,0.05421304330229759,0.1031239703297615,0.01719139888882637,0.010273008607327938,0.10871312022209167
2003,StutterTalk64178,0.9078056216239929,0.023415343835949898,0.002041689120233059,0.00015133459237404168,0.03024039790034294
2004,StutterTalk1618,0.030590521171689034,0.18863445520401,0.08517421036958694,0.6179709434509277,0.8240663409233093
2005,StrongVoices734,0.004089190158993006,0.05465110018849373,0.0016689355252310634,0.0005466911243274808,0.0016340198926627636
2006,WomenWhoStutter1071,0.019785750657320023,0.5501609444618225,0.08314575999975204,0.012190043926239014,0.023431632667779922
2007,StutterTalk1437,0.01293600257486105,0.04163091257214546,0.10181182622909546,0.3080711364746094,0.010182342492043972
2008,StutterTalk64101,0.2502480447292328,0.42776358127593994,0.16670869290828705,0.024078156799077988,0.022135943174362183
2009,StutteringIsCool2323,0.0024688623379915953,0.37215667963027954,0.002790563041344285,0.00018334839842282236,0.0040587205439805984
2010,StutteringIsCool131,0.008148028515279293,0.10156144201755524,0.024757465347647667,0.8258915543556213,0.016078000888228416
2011,WomenWhoStutter339,0.20828349888324738,0.04233579337596893,0.012944480404257774,0.5848754644393921,0.10548699647188187
2012,StutteringIsCool128,0.2846235930919647,0.20334838330745697,0.024092357605695724,0.000961145618930459,0.011194894090294838
2013,StrongVoices182,0.04472556710243225,0.010930310003459454,0.0005901538534089923,0.002076225820928812,0.0003595497692003846
2014,StutterTalk381,0.032786134630441666,0.3881862163543701,0.03385409340262413,0.007136447820812464,0.020930906757712364
2015,StutterTalk1029,0.016740063205361366,0.0035226549953222275,2.5527289835736156e-05,5.256197709968546e-06,0.00035607724566943944
2016,StutterTalk159,0.027024926617741585,0.07142864912748337,0.006492731161415577,0.0027444083243608475,0.0013306684559211135
2017,StutterTalk226,0.005329522769898176,0.02500288560986519,0.002737402683123946,0.028233882039785385,0.031241344287991524
2018,WomenWhoStutter816,0.04367714375257492,0.42994505167007446,0.6768073439598083,0.16059604287147522,0.032834555953741074
2019,StutterTalk3834,0.22729836404323578,0.21625910699367523,0.006904119160026312,0.006846141070127487,0.7921767830848694
2020,StutteringIsCool5524,0.03406081348657608,0.23034873604774475,0.007653943262994289,0.0005245768697932363,0.9171141982078552
2021,StutterTalk3437,0.0009258364443667233,0.07155787944793701,0.0017625524196773767,0.00031099747866392136,0.0009001254220493138
2022,HVSA176,0.01955735683441162,0.4989694058895111,0.09779640287160873,0.12264680862426758,0.06470845639705658
2023,StutteringIsCool529,0.8418729305267334,0.14140406250953674,0.015360623598098755,1.8726354028331116e-05,0.0034485526848584414
2024,WomenWhoStutter62217,0.7550614476203918,0.22191648185253143,0.020273050293326378,0.005953072104603052,0.08969439566135406
2025,WomenWhoStutter7337,0.004617871250957251,0.10104133933782578,0.0022482287604361773,0.013765217736363411,0.12583404779434204
2026,StutterTalk2511,0.013532600365579128,0.044708702713251114,0.015324684791266918,0.007861324585974216,0.0015805283328518271
2027,HeStutters2177,0.44528546929359436,0.33646759390830994,0.11194446682929993,0.00772618455812335,0.5015862584114075
2028,StutterTalk717,0.009007466956973076,0.38751456141471863,0.10089501738548279,0.1119571253657341,0.17543649673461914
2029,StutteringIsCool80134,0.035000454634428024,0.4047998785972595,0.06462319195270538,0.023455355316400528,0.8224746584892273
2030,StutteringIsCool2316,0.2611994743347168,0.04129785671830177,0.002536257030442357,0.0018970700912177563,0.9595209360122681
2031,StutterTalk37104,0.017848387360572815,0.08694866299629211,0.0037437325809150934,0.0019837503787130117,0.05228516086935997
2032,HVSA143,0.0030065805185586214,0.10350041091442108,0.004612240009009838,1.3564792425313499e-05,0.0006894232355989516
2033,HVSA256,0.27287745475769043,0.2245234102010727,0.07273061573505402,0.14784015715122223,0.7507246136665344
2034,StutteringIsCool799,0.030702197924256325,0.37369731068611145,0.15123030543327332,0.010823634453117847,0.012613500468432903
2035,StutterTalk6233,0.0005621813470497727,0.05842713266611099,0.002459309995174408,0.0021836678497493267,0.0076839919202029705
2036,WomenWhoStutter5237,0.6740649938583374,0.07459801435470581,0.018563419580459595,0.02260926365852356,0.008178799413144588
2037,WomenWhoStutter7336,0.021770205348730087,0.07726215571165085,0.0003015202237293124,0.00029672245727851987,0.28108516335487366
2038,WomenWhoStutter241,0.06765531003475189,0.09700432419776917,0.003294245572760701,0.00653647119179368,0.5229974985122681
2039,WomenWhoStutter6823,0.20811310410499573,0.39656344056129456,0.037659477442502975,0.009480338543653488,0.7772473096847534
2040,StutterTalk6023,0.17151838541030884,0.17149294912815094,0.02571306750178337,0.15429383516311646,0.9439263939857483
2041,StrongVoices037,0.05666165053844452,0.11302709579467773,0.0007552637252956629,1.1080690455855802e-05,0.0034379828721284866
2042,MyStutteringLife1630,0.037406858056783676,0.2492891252040863,0.5578338503837585,0.0034191226586699486,0.011702005751430988
2043,StutteringIsCool6017,0.003074957523494959,0.22566933929920197,0.04228935390710831,0.041145890951156616,0.01596061885356903
2044,WomenWhoStutter97154,0.010149638168513775,0.167982280254364,0.05204861983656883,0.00988607108592987,0.00554830115288496
2045,StutteringIsCool239,0.0009027351625263691,0.02303900383412838,0.004154836758971214,0.29084572196006775,0.042511019855737686
2046,StutteringIsCool404,0.0029462366364896297,0.1765633076429367,0.016916831955313683,0.0006669965805485845,0.0002611455274745822
2047,HVSA1184,0.01202984619885683,0.39356565475463867,0.14532428979873657,0.4852059781551361,0.0538768470287323
2048,StutterTalk6465,0.02767430618405342,0.042210713028907776,0.0009505379130132496,0.00022029127285350114,0.02922164648771286
2049,StutteringIsCool6731,0.00622907467186451,0.07309532910585403,0.0018275289330631495,0.0033050726633518934,0.05495117977261543
2050,WomenWhoStutter3046,0.12028245627880096,0.18396157026290894,0.0805545449256897,0.7541158199310303,0.09152863919734955
2051,StutterTalk308,0.4146813750267029,0.2917071580886841,0.04949142038822174,0.001689817407168448,0.007258845493197441
2052,StutterTalk123,0.0055380393750965595,0.12107301503419876,0.023530665785074234,0.2536143958568573,0.19734621047973633
2053,StutteringIsCool7019,0.0009007035987451673,0.0634816512465477,0.0008522319840267301,1.4583728443540167e-05,3.26131957990583e-05
2054,StutterTalk910,0.24168823659420013,0.03159211948513985,0.0025276080705225468,0.0005368678830564022,0.022197268903255463
2055,WomenWhoStutter2184,0.13740356266498566,0.10250378400087357,0.005478481762111187,0.00025302558788098395,0.005138869863003492
2056,StrongVoices10149,0.0006428995984606445,0.047643471509218216,0.0005093584186397493,0.00047353957779705524,0.12590447068214417
2057,StrongVoices2393,0.25813907384872437,0.13653473556041718,0.06821873039007187,0.06862520426511765,0.9753933548927307
2058,HVSA269,0.005578830372542143,0.31800684332847595,0.6637216210365295,0.26906242966651917,0.03666799142956734
2059,HVSA2123,0.025226525962352753,0.3587237298488617,0.31660196185112,0.001978231593966484,0.0027095640543848276
2060,StutterTalk64163,0.05437464639544487,0.40184786915779114,0.3864906430244446,0.008725911378860474,0.008868499659001827
2061,StutteringIsCool34163,0.04274934157729149,0.0898662656545639,0.06111467257142067,0.5961973071098328,0.0049692122265696526
2062,StutteringIsCool3314,0.4057808518409729,0.5108892917633057,0.04003685712814331,0.0041593038477003574,0.016633156687021255
2063,HeStutters1195,0.06300810724496841,0.5629480481147766,0.0875578224658966,0.012736017815768719,0.03252275288105011
2064,MyStutteringLife2210,0.0011762544745579362,0.05126696825027466,0.0005944439326412976,0.0026667960919439793,0.104373037815094
2065,HVSA074,0.06570114195346832,0.5176233649253845,0.34883421659469604,0.13508132100105286,0.2765900194644928
2066,HeStutters2134,0.0025810280349105597,0.06820704787969589,0.037825800478458405,0.6580651998519897,0.02237323671579361
2067,MyStutteringLife1634,0.6876450181007385,0.2772537171840668,0.08718586713075638,0.00038174111978150904,0.013384389691054821
2068,WomenWhoStutter2236,0.5081304311752319,0.1297791451215744,0.011160199530422688,0.002614702330902219,0.6850014925003052
2069,WomenWhoStutter8927,0.016178907826542854,0.055327024310827255,0.0007901418721303344,0.0003060854796785861,0.0025860511232167482
2070,StrongVoices1420,0.0018302761018276215,0.008290319703519344,0.0003958696615882218,4.939098653267138e-05,0.00024811344337649643
2071,WomenWhoStutter3073,0.004029538948088884,0.025567060336470604,0.021686535328626633,0.7323824763298035,0.0014904303243383765
2072,StutterTalk26182,0.0010542379459366202,0.021114248782396317,0.00037976831663399935,0.00030703857191838324,0.0020734306890517473
2073,WomenWhoStutter1055,0.3196690082550049,0.3286709189414978,0.5389091968536377,0.11087413877248764,0.05549907684326172
2074,IStutterSoWhat0122,0.0023136157542467117,0.022162340581417084,0.0010124543914571404,0.0015533942496404052,0.0016075179446488619
2075,HVSA1163,0.0020887383725494146,0.06076096370816231,0.01396879367530346,0.834811270236969,0.06739841401576996
2076,StrongVoices658,0.2331179827451706,0.2205660343170166,0.8213757872581482,0.0014719330938532948,0.04692025110125542
2077,HVSA164,0.047974489629268646,0.5075199604034424,0.7195069789886475,0.054034337401390076,0.06456153839826584
2078,WomenWhoStutter2105,0.012089970521628857,0.14490899443626404,0.007482755463570356,0.4452662765979767,0.3197363317012787
2079,WomenWhoStutter891,0.07393627613782883,0.3613086938858032,0.029873844236135483,0.0208812914788723,0.008157478645443916
2080,HVSA2163,0.027063017711043358,0.2954237163066864,0.09293308854103088,0.03330935910344124,0.8951543569564819
2081,StrongVoices286,0.18010671436786652,0.43112245202064514,0.10551398992538452,0.013537750579416752,0.02188516966998577
2082,StutterTalk37109,0.22949887812137604,0.02135222963988781,0.002574929501861334,0.0036628730595111847,0.2973289489746094
2083,StrongVoices23158,0.19441592693328857,0.18314482271671295,0.07015866041183472,0.8111454844474792,0.02205834724009037
2084,StutteringIsCool182,0.5629359483718872,0.14713750779628754,0.03411293774843216,0.02113376557826996,0.8294177055358887
2085,WomenWhoStutter7621,0.21305833756923676,0.02558200992643833,0.0003985826042480767,0.00019505123782437295,0.008038702420890331
2086,WomenWhoStutter373,0.008243032731115818,0.21528513729572296,0.012534050270915031,0.03411051630973816,0.10603660345077515
2087,WomenWhoStutter248,0.030916310846805573,0.33052825927734375,0.7665333151817322,0.004488443955779076,0.03908969834446907
2088,StutteringIsCool6921,0.004537468776106834,0.31369510293006897,0.2583548128604889,0.49800634384155273,0.10474761575460434
2089,StrongVoices142,0.0008828510763123631,0.010820372961461544,0.001961773494258523,0.003028684528544545,0.0007761546294204891
2090,StrongVoices10129,0.012457317672669888,0.30435919761657715,0.04387160390615463,0.0005848742439411581,0.009184659458696842
2091,WomenWhoStutter1522,0.3149776756763458,0.12154204398393631,0.02120038866996765,0.001847852603532374,0.0439535528421402
2092,StutterTalk1626,0.014686871320009232,0.04487374797463417,0.0073125530034303665,0.0011707028606906533,0.0013884154614061117
2093,StrongVoices1938,0.21204502880573273,0.06672731786966324,0.005627230741083622,0.007206054870039225,0.940435528755188
2094,StutterTalk5813,0.004373553209006786,0.14775194227695465,0.02020307630300522,0.03718304634094238,0.023104451596736908
2095,StutterTalk154,0.03512977063655853,0.21994908154010773,0.020199842751026154,0.01099875196814537,0.08814728260040283
2096,StrongVoices3296,0.010884704068303108,0.09078536927700043,0.15045255422592163,0.6371893286705017,0.6244981288909912
2097,HVSA1182,0.027647631242871284,0.42983517050743103,0.19485662877559662,0.27946963906288147,0.11767838895320892
2098,StutteringIsCool4028,0.00011961111886193976,0.00700716907158494,0.0001806704531190917,5.3707433835370466e-05,0.00013487825344782323
2099,WomenWhoStutter8656,0.003969394136220217,0.006271010730415583,0.0019671828486025333,0.007247344125062227,0.005579332355409861
2100,StrongVoices327,0.00994828436523676,0.34405046701431274,0.004203231539577246,0.000780937378294766,0.036308206617832184
2101,MyStutteringLife192,0.035248372703790665,0.6115416288375854,0.48819437623023987,0.025630271062254906,0.015515895560383797
2102,StutterTalk1216,0.12395118921995163,0.09386993944644928,0.02359537035226822,6.652878073509783e-05,0.0010718777775764465
2103,StutterTalk183,0.0448119156062603,0.23517313599586487,0.043244246393442154,0.03732974827289581,0.5386362671852112
2104,HVSA2164,0.02134663611650467,0.06656944006681442,0.005937246140092611,0.4727843999862671,0.010158834978938103
2105,HeStutters180,0.036700665950775146,0.19028927385807037,0.004873241297900677,0.0026477728970348835,0.04453272372484207
2106,StutteringIsCool2311,0.0008252756088040769,0.02578062377870083,0.0016445261426270008,0.003775953548029065,0.3279314637184143
2107,StutteringIsCool1433,0.016459418460726738,0.13083307445049286,0.04212638735771179,0.0022535137832164764,0.01623290777206421
2108,StutteringIsCool8086,0.012568261474370956,0.09083981812000275,0.001856355695053935,0.0004656524979509413,0.008468962274491787
2109,WomenWhoStutter5222,0.09061387926340103,0.22022289037704468,0.13177913427352905,0.6354317665100098,0.9138585329055786
2110,MyStutteringLife830,0.004420890007168055,0.09565451741218567,0.003699936904013157,0.0004647182358894497,0.002170286374166608
2111,StutterTalk425,0.021329399198293686,0.4160069227218628,0.5301002860069275,0.09862653911113739,0.32794857025146484
2112,StutterTalk3713,0.06425651907920837,0.0320366732776165,0.0009130329708568752,2.668896377144847e-05,0.001094681560061872
2113,StutterTalk3114,0.45897385478019714,0.09798704832792282,0.0700368583202362,0.039635736495256424,0.00963679701089859
2114,StutteringIsCool6928,0.03463972732424736,0.0677851065993309,0.01219253521412611,0.048247162252664566,0.49640756845474243
2115,IStutterSoWhat345,0.2345278263092041,0.514873206615448,0.16500858962535858,0.01127692498266697,0.057995427399873734
2116,StrongVoices2196,0.12234634906053543,0.07629997283220291,0.036257218569517136,0.8801815509796143,0.8340805172920227
2117,WomenWhoStutter96115,0.005050376057624817,0.24944636225700378,0.5886425971984863,0.7033072113990784,0.10480759292840958
2118,StutterTalk2567,0.0004413183487486094,0.060095254331827164,0.005217749159783125,0.005606523714959621,0.0017384663224220276
2119,WomenWhoStutter14150,0.02919798344373703,0.013958978466689587,0.011328313499689102,0.0028332422953099012,0.00029921182431280613
2120,StrongVoices10162,0.24347525835037231,0.07181470096111298,0.00193293415941298,0.0014259122544899583,0.678561806678772
2121,WomenWhoStutter8737,0.015726367011666298,0.33821579813957214,0.18686047196388245,0.7554563283920288,0.13259468972682953
2122,WomenWhoStutter539,0.00181667844299227,0.214115709066391,0.8466713428497314,0.42749327421188354,0.02314644865691662
2123,StrongVoices342,0.002569638192653656,0.132476806640625,0.0032088158186525106,0.0005397578934207559,0.006392714101821184
2124,HeStutters1145,0.00211805640719831,0.05417356640100479,0.019340327009558678,0.06818756461143494,0.008262449875473976
2125,StrongVoices3264,0.3543158173561096,0.5380812287330627,0.1928548514842987,0.007038208656013012,0.03480628505349159
2126,IStutterSoWhat3118,0.898105800151825,0.05861444026231766,0.13170453906059265,0.05706818774342537,0.07136962562799454
2127,StrongVoices23180,0.5815759301185608,0.4300459027290344,0.4612164795398712,0.04900407791137695,0.12855000793933868
2128,StrongVoices23117,0.031006870791316032,0.5825228691101074,0.01992817409336567,0.0016332936938852072,0.029081162065267563
2129,StrongVoices23181,0.11073408275842667,0.14098137617111206,0.0016178371151909232,9.596468589734286e-05,0.009008246473968029
2130,HeStutters12110,0.00955621711909771,0.021712321788072586,0.003120631445199251,0.9879531264305115,0.05010148882865906
2131,WomenWhoStutter8626,0.06465047597885132,0.28428855538368225,0.018060343340039253,0.010825492441654205,0.6696648001670837
2132,MyStutteringLife2224,0.034965116530656815,0.20388157665729523,0.14625832438468933,0.7953037619590759,0.8495932817459106
2133,HeStutters2205,0.0006647177506238222,0.12006595730781555,0.32457587122917175,0.9130792617797852,0.008852086029946804
2134,StrongVoices23255,0.1644599437713623,0.542240560054779,0.31344643235206604,0.0012813390931114554,0.012514719739556313
2135,StutterTalk26151,0.03493933379650116,0.30394160747528076,0.018865343183279037,0.007232260890305042,0.04334372654557228
2136,StrongVoices23120,0.10363362729549408,0.4141540825366974,0.12076620757579803,0.06842731684446335,0.7368183732032776
2137,HVSA297,0.033564336597919464,0.4775814712047577,0.11016900092363358,0.023436319082975388,0.4632396101951599
2138,WomenWhoStutter97150,0.004155843053013086,0.06120714172720909,0.0011739128967747092,0.00032123373239301145,0.0009352433262392879
2139,StrongVoices426,0.004411719273775816,0.31528428196907043,0.23850677907466888,0.025052664801478386,0.00358146452344954
2140,StutteringIsCool2817,0.4551137387752533,0.09922902286052704,0.00705516804009676,0.00015533922123722732,0.05103448033332825
2141,HeStutters11137,0.06194917485117912,0.37934815883636475,0.22364310920238495,0.13956771790981293,0.15813010931015015
2142,HeStutters516,0.029074275866150856,0.3981211185455322,0.47772857546806335,0.3651493489742279,0.3988964855670929
2143,StutterTalk3743,0.02805010788142681,0.32153257727622986,0.23674200475215912,0.8689987063407898,0.2215404063463211
2144,WomenWhoStutter81108,0.04534469544887543,0.048793405294418335,0.0036136722192168236,0.0064271981827914715,0.7647123336791992
2145,StrongVoices32105,0.3361901342868805,0.22213856875896454,0.0669296607375145,0.001257717260159552,0.010756141506135464
2146,StutterTalk1824,0.0041059167124331,0.1716851145029068,0.05662281811237335,0.4564206600189209,0.523264467716217
2147,StutteringIsCool751,0.0007276366231963038,0.04211283102631569,0.0013819969026371837,0.03161507472395897,0.004880375694483519
2148,WomenWhoStutter2232,0.09151876717805862,0.18337802588939667,0.040368691086769104,0.749510645866394,0.859476625919342
2149,StutterTalk660,0.0006742425612173975,0.015112833119928837,0.000624943058937788,0.0007471160497516394,0.0011588465422391891
2150,HVSA3142,0.00283689028583467,0.12107803672552109,0.8751053214073181,0.07450918108224869,0.010686581023037434
2151,WomenWhoStutter8743,0.7675563097000122,0.15135663747787476,0.15504759550094604,0.0006948078516870737,0.6884382367134094
2152,StrongVoices2519,0.05577416345477104,0.21472381055355072,0.0034507776144891977,0.000409372296417132,0.7039533257484436
2153,WomenWhoStutter10217,0.029420653358101845,0.35494187474250793,0.6861998438835144,0.002644763793796301,0.011680143885314465
2154,StrongVoices6120,0.7004523277282715,0.18659216165542603,0.03291541710495949,0.00038577866507694125,0.008540473878383636
2155,StutterTalk6020,0.04747721180319786,0.15075896680355072,0.006585702765733004,0.01857963390648365,0.9034088253974915
2156,HeStutters16212,0.2094501405954361,0.18883153796195984,0.007035443559288979,0.0014656209386885166,0.032995592802762985
2157,WomenWhoStutter8773,0.8156382441520691,0.019746389240026474,0.0017979299882426858,0.00028873523115180433,0.9908650517463684
2158,StutterTalk2312,0.18027617037296295,0.22664964199066162,0.10053211450576782,0.4308706521987915,0.04691868647933006
2159,StutteringIsCool236,6.729716551490128e-05,0.0005932194762863219,3.179700070177205e-05,9.076412970898673e-05,5.5784188589314e-05
2160,StrongVoices282,0.22714385390281677,0.16196459531784058,0.00211542472243309,6.689643487334251e-05,0.04662301763892174
2161,WomenWhoStutter6237,0.03409652039408684,0.03252561017870903,0.008362394757568836,0.004674828145653009,0.01592058688402176
2162,StutteringIsCool6910,0.007391173858195543,0.14211559295654297,0.027478564530611038,0.007651571650058031,0.009580537676811218
2163,StutterTalk7291,0.06264650076627731,0.2449450045824051,0.0037366035394370556,0.0001419827458448708,0.005958388093858957
2164,HVSA0125,0.07190663367509842,0.1283973753452301,0.002430600579828024,0.00043908905354328454,0.014839356765151024
2165,HeStutters1978,0.2851931154727936,0.04178867116570473,0.0007110395818017423,4.208018435747363e-05,0.9939481019973755
2166,StutterTalk6422,0.10379303991794586,0.1834951639175415,0.2739841341972351,0.000825834518764168,0.0038249667268246412
2167,HVSA1165,0.005210877861827612,0.2137688547372818,0.0017170142382383347,0.0029370260890573263,0.13182495534420013
2168,WomenWhoStutter3717,0.04450853914022446,0.5125883221626282,0.26851361989974976,0.38427606225013733,0.22670629620552063
2169,HVSA223,0.023936856538057327,0.0952228531241417,0.006158293224871159,0.006025246344506741,0.912461519241333
2170,StrongVoices2234,0.04052773863077164,0.5813483595848083,0.26484110951423645,0.023121487349271774,0.009031449444591999
2171,StrongVoices23112,0.22563882172107697,0.13557322323322296,0.003937039524316788,0.00027785764541476965,0.9538673162460327
2172,StutterTalk37127,0.002431436674669385,0.014110475778579712,0.0009414527448825538,0.00017243289039470255,0.00012391195923555642
2173,StutterTalk530,0.03499238193035126,0.07503460347652435,0.02760392613708973,0.05536172538995743,0.2903653681278229
2174,StutteringIsCool80187,0.0009193946025334299,0.02357505075633526,0.0010675559751689434,0.0018504082690924406,0.001327775651589036
2175,HVSA088,0.018668828532099724,0.08279544115066528,0.010002968832850456,0.13685160875320435,0.6145539879798889
2176,StrongVoices2530,0.23411577939987183,0.2975511848926544,0.019303640350699425,0.0001487284025643021,0.1905249059200287
2177,IStutterSoWhat0113,0.00970737636089325,0.10303270816802979,0.0005813717725686729,0.0007457233732566237,0.016548708081245422
2178,StrongVoices186,0.21167698502540588,0.12214511632919312,0.00331873819231987,0.00060002546524629,0.8316083550453186
2179,StrongVoices832,0.019004937261343002,0.2192489057779312,0.00984860584139824,0.002286687958985567,0.5746235251426697
2180,StutteringIsCool1632,0.1725359857082367,0.4034680724143982,0.14759701490402222,0.015262948349118233,0.8228662014007568
2181,StrongVoices1015,0.11249055713415146,0.46630704402923584,0.02452853135764599,0.001151319476775825,0.0034018834121525288
2182,WomenWhoStutter243,0.044146597385406494,0.026282841339707375,0.001613910892046988,0.0010259071132168174,0.011259484104812145
2183,StutterTalk3024,0.053213927894830704,0.2062378227710724,0.005822981242090464,0.0005864324630238116,0.8894196152687073
2184,HeStutters53,0.002939124358817935,0.027469748631119728,0.023316098377108574,0.6198189854621887,0.030876174569129944
2185,StrongVoices23193,0.24853037297725677,0.5040314197540283,0.19761565327644348,0.0006202836520969868,0.006218336056917906
2186,StutterTalk70,0.014269305393099785,0.19837719202041626,0.8384778499603271,0.12227966636419296,0.07222730666399002
2187,IStutterSoWhat047,0.002076260279864073,0.013708149082958698,0.0003411936922930181,0.0009823059663176537,0.0026371139101684093
2188,StrongVoices32131,0.7978224754333496,0.10147455334663391,0.009617532603442669,0.0004256546380929649,0.09758218377828598
2189,StutterTalk63132,0.1041506677865982,0.5027063488960266,0.20180705189704895,0.05933438614010811,0.6987109184265137
2190,StrongVoices21171,0.801047682762146,0.06928393989801407,0.022788364440202713,0.6100425124168396,0.014352557249367237
2191,StutterTalk64185,0.017324723303318024,0.02188531495630741,0.001103607821278274,0.0012055999832227826,0.020784074440598488
2192,MyStutteringLife518,0.014842263422906399,0.21127820014953613,0.8922255039215088,0.005201022140681744,0.030993549153208733
2193,StrongVoices2143,0.06117217615246773,0.1481890231370926,0.03611933812499046,0.23681896924972534,0.8359566926956177
2194,HVSA0113,0.015233227051794529,0.006789886858314276,0.00010490148270037025,4.17009177908767e-05,0.7224036455154419
2195,WomenWhoStutter5823,0.0011960138799622655,0.15246547758579254,0.01443473994731903,0.056303318589925766,0.021148022264242172
2196,HVSA058,0.11535565555095673,0.4471178650856018,0.04050643742084503,0.009189728647470474,0.042402636259794235
2197,StrongVoices123,0.165645033121109,0.19424238801002502,0.03775054216384888,0.0014523108256980777,0.009874572977423668
2198,StrongVoices01,0.002205215860158205,0.05984983220696449,0.01240983884781599,0.002532841870561242,0.01579880528151989
2199,StrongVoices3272,0.3054979145526886,0.362087219953537,0.02303817681968212,0.0012680665822699666,0.017932027578353882
2200,WomenWhoStutter86125,0.0021407604217529297,0.06649460643529892,0.026557033881545067,0.16043107211589813,0.061667874455451965
2201,StrongVoices21123,0.5757791996002197,0.12498866021633148,0.059579212218523026,0.17679500579833984,0.335705041885376
2202,StrongVoices3242,0.09399887174367905,0.35689830780029297,0.25708916783332825,0.011729600839316845,0.019054371863603592
2203,StrongVoices23119,0.0006935683777555823,0.09105946868658066,0.0077382768504321575,0.0011352667352184653,0.0004589877207763493
2204,StutterTalk1227,0.011311321519315243,0.012644436210393906,0.00036763670505024493,0.00014132844808045775,0.5374986529350281
2205,StrongVoices937,0.4936223328113556,0.35607075691223145,0.15570427477359772,0.004113590344786644,0.009572351351380348
2206,HVSA211,0.04428451135754585,0.5367471575737,0.1778632253408432,0.014575810171663761,0.1654261350631714
2207,StrongVoices2236,0.02325686253607273,0.023916229605674744,0.01881353184580803,0.017077622935175896,0.0041455901227891445
2208,HeStutters1148,0.014234036207199097,0.40327000617980957,0.433693528175354,0.5975790023803711,0.09265366196632385
2209,StutterTalk498,0.017946366220712662,0.18973992764949799,0.003426171839237213,0.0007979407091625035,0.007578395307064056
2210,StutteringIsCool733,0.9436395168304443,0.046997155994176865,0.0018450876232236624,4.3653868488036096e-05,0.0025051855482161045
2211,StutterTalk7639,0.5537514686584473,0.07751165330410004,0.05119616165757179,0.11337058246135712,0.06988286972045898
2212,HVSA268,0.012653958983719349,0.05498892068862915,0.006585103925317526,0.05854574218392372,0.023140380159020424
2213,StutterTalk7250,0.0031888005323708057,0.1125524491071701,0.007769087795168161,0.0019135490292683244,0.007456223480403423
2214,StutterTalk7289,0.419802725315094,0.10377403348684311,0.005591679830104113,0.0029362051282078028,0.08401677757501602
2215,StutterTalk6311,0.06280741095542908,0.06498044729232788,0.0464131198823452,0.15524035692214966,0.17141513526439667
2216,WomenWhoStutter6299,0.04934518411755562,0.5933874249458313,0.2536510229110718,0.02359522320330143,0.18359437584877014
2217,HVSA0136,0.06230207160115242,0.3375125825405121,0.2270832061767578,0.2347164899110794,0.9125818014144897
2218,WomenWhoStutter30196,0.0193803571164608,0.3618210554122925,0.01583496294915676,0.007468168158084154,0.01026000827550888
2219,StutteringIsCool5621,0.7208496928215027,0.22144807875156403,0.007027023937553167,0.0002171956148231402,0.012370150536298752
2220,StrongVoices23162,0.6538730263710022,0.07688309252262115,0.035712216049432755,0.00038712244713678956,0.0009833649965003133
2221,StutteringIsCool2337,0.00047102192183956504,0.012492145411670208,0.0009223291417583823,0.014572549611330032,0.2228265404701233
2222,HeStutters5111,0.004194403532892466,0.3193751275539398,0.1563822478055954,0.33543872833251953,0.03682566061615944
2223,StrongVoices10146,0.05759412795305252,0.14177913963794708,0.0059690591879189014,0.0019107706611976027,0.005516175180673599
2224,WomenWhoStutter239,0.04033369943499565,0.5444737076759338,0.21227970719337463,0.07685820758342743,0.020001132041215897
2225,WomenWhoStutter140,0.0060337684117257595,0.056716855615377426,0.012046093121170998,0.9820599555969238,0.03679586201906204
2226,StrongVoices21160,0.0011524338042363524,0.14965155720710754,0.003973120823502541,0.00025247709709219635,0.0009300505626015365
2227,StutterTalk734,0.07775416970252991,0.28886881470680237,0.21988916397094727,0.5775715112686157,0.07741808146238327
2228,WomenWhoStutter8131,0.13853886723518372,0.23282265663146973,0.01482346560806036,0.0017332646530121565,0.11441642791032791
2229,HeStutters5153,0.03716762363910675,0.4074400067329407,0.24375814199447632,0.21487639844417572,0.8405660390853882
2230,WomenWhoStutter42203,0.00469348905608058,0.13107892870903015,0.001940220477990806,0.047608211636543274,0.2827546298503876
2231,StutterTalk8144,0.12058613449335098,0.14955934882164001,0.013958939351141453,0.005407620221376419,0.7775042057037354
2232,StrongVoices32171,0.052045587450265884,0.27411773800849915,0.0031148740090429783,0.00040089304093271494,0.0044258348643779755
2233,HeStutters2181,0.1664166897535324,0.11745325475931168,0.06762312352657318,0.2303413450717926,0.03531225398182869
2234,StutterTalk72188,0.0036065850872546434,0.16505484282970428,0.7747613787651062,0.6319331526756287,0.15310822427272797
2235,WomenWhoStutter3016,0.04183576628565788,0.5777395963668823,0.06322278827428818,0.004770225845277309,0.012556029483675957
2236,WomenWhoStutter87184,0.005986126605421305,0.058665066957473755,0.01827627792954445,0.0066454047337174416,0.021553276106715202
2237,StutteringIsCool476,0.012029273435473442,0.27952903509140015,0.06971336156129837,0.768481969833374,0.13123072683811188
2238,HVSA178,0.023464385420084,0.2618931531906128,0.043730225414037704,0.01528333779424429,0.01553325541317463
2239,StutterTalk2582,0.011659981682896614,0.15543286502361298,0.07226403057575226,0.9267754554748535,0.34902969002723694
2240,HVSA27,0.040180645883083344,0.3323690593242645,0.17291632294654846,0.7491112351417542,0.5213829874992371
2241,MyStutteringLife81,0.059004031121730804,0.5510120987892151,0.5004882216453552,0.23968279361724854,0.11585942655801773
2242,StrongVoices221,0.0900215432047844,0.30045652389526367,0.025601737201213837,0.0009869490750133991,0.00458386167883873
2243,StutteringIsCool3324,0.6602126359939575,0.02337789535522461,0.0016698810504749417,0.0007866484811529517,0.2947961688041687
2244,StutteringIsCool165,0.014593470841646194,0.2366672158241272,0.03126220405101776,0.0031852303072810173,0.0431230291724205
2245,HVSA059,0.031336765736341476,0.4442841112613678,0.25025394558906555,0.013911238871514797,0.5821018218994141
2246,StrongVoices140,0.012522253207862377,0.4954819679260254,0.06028268113732338,0.0001518955104984343,0.0015191067941486835
2247,StutterTalk824,0.0009633280569687486,0.005242796614766121,4.572298712446354e-05,3.0802047490396944e-07,1.741315281833522e-05
2248,StrongVoices1035,0.5672396421432495,0.4676401615142822,0.12119530886411667,0.0016848319210112095,0.036160655319690704
2249,StrongVoices130,0.5331193804740906,0.10991096496582031,0.017956512048840523,0.00022120767971500754,0.0015466639306396246
2250,StutteringIsCool6030,0.0010943171801045537,0.08429326862096786,0.0703701376914978,0.03356706723570824,0.0004900049534626305
2251,StutterTalk587,0.003523922525346279,0.060362886637449265,0.0012789871543645859,0.0007914417656138539,0.0044102743268013
2252,HeStutters196,0.341897577047348,0.03470001369714737,0.002101793186739087,0.0031696557998657227,0.014078531414270401
2253,StutterTalk3623,0.054636936634778976,0.33235296607017517,0.1764957755804062,0.8712758421897888,0.12668737769126892
2254,HVSA1102,0.024307159706950188,0.2649800181388855,0.006627298891544342,0.00407498050481081,0.8276717662811279
2255,StutterTalk8122,0.02262706495821476,0.005496185272932053,2.909706199716311e-05,3.467180249572266e-06,0.10029803216457367
2256,HVSA094,0.10271087288856506,0.15051200985908508,0.0027916566468775272,8.480392716592178e-05,0.012774789705872536
2257,StrongVoices174,0.04537743330001831,0.21813535690307617,0.03389611840248108,0.0015143118798732758,0.00041288192733190954
2258,StutterTalk7636,0.12004781514406204,0.4521597921848297,0.30487048625946045,0.04732120409607887,0.04721996933221817
2259,StutterTalk26113,0.09971772879362106,0.49215322732925415,0.4079851806163788,0.1943940669298172,0.6965976357460022
2260,StutteringIsCool3332,0.4418499171733856,0.0767538994550705,0.005834479350596666,0.00029527448350563645,0.01602933555841446
2261,MyStutteringLife130,0.003552468726411462,0.16425520181655884,0.0021013771183788776,0.0006225506076589227,0.012051423080265522
2262,HeStutters126,0.0014917870284989476,0.002489600796252489,0.0002331758732907474,0.00030386378057301044,7.81532799010165e-05
2263,StutterTalk3121,0.0013161114184185863,0.07998774945735931,0.006438450422137976,0.04859407618641853,0.02633172832429409
2264,StrongVoices039,0.04930355027318001,0.13811063766479492,0.0012788481544703245,0.00018210562120657414,0.012119250372052193
2265,StutterTalk1235,0.4881179630756378,0.2993379235267639,0.4252374470233917,0.00040461303433403373,0.0009010873036459088
2266,StrongVoices6109,0.616143524646759,0.058922652155160904,0.00608882075175643,0.1835632622241974,0.039984263479709625
2267,StutteringIsCool80142,0.00045549561036750674,0.03754863888025284,0.003072247141972184,0.011038805358111858,0.04813600704073906
2268,WomenWhoStutter2211,0.06826485693454742,0.35523292422294617,0.004257189575582743,2.813347236951813e-05,0.0016983146779239178
2269,WomenWhoStutter1210,0.006212351378053427,0.11132136732339859,0.009713034145534039,0.10653699934482574,0.5465148091316223
2270,StutteringIsCool4620,0.001956552267074585,0.18680845201015472,0.04870328679680824,0.8036112189292908,0.1053917333483696
2271,StutterTalk128,0.04887518659234047,0.3814193308353424,0.42233985662460327,0.1540895700454712,0.8266984820365906
2272,WomenWhoStutter10219,0.4909147620201111,0.1456436663866043,0.005183741450309753,6.687340646749362e-05,0.004684391897171736
2273,WomenWhoStutter21129,0.025093024596571922,0.29577505588531494,0.16603277623653412,0.28202226758003235,0.05960211902856827
2274,HVSA321,0.5895292162895203,0.11532477289438248,0.05005805194377899,0.031327731907367706,0.02117919921875
2275,WomenWhoStutter9793,0.007550524547696114,0.20511820912361145,0.863005518913269,0.12405572086572647,0.05685533583164215
2276,StrongVoices2391,0.37817755341529846,0.34768447279930115,0.10430252552032471,0.0012064793845638633,0.020465921610593796
2277,StutterTalk1813,0.05084722116589546,0.28596219420433044,0.2717227041721344,0.11604467779397964,0.016671380028128624
2278,StrongVoices32114,0.04175201803445816,0.3169753849506378,0.004572777077555656,0.0035435943864285946,0.05550495162606239
2279,HeStutters2203,0.00172244175337255,0.02152497135102749,0.0012841668212786317,0.057827871292829514,0.031132353469729424
2280,StutteringIsCool4538,0.007512393873184919,0.4900345802307129,0.2740015387535095,0.0016104854876175523,0.0028458365704864264
2281,StutteringIsCool34133,0.1997823268175125,0.12387864291667938,0.007932869717478752,0.0017612148076295853,0.9796894788742065
2282,StrongVoices723,0.002873616525903344,0.6405148506164551,0.0167242344468832,0.00010500216012587771,0.0008621439337730408
2283,StutteringIsCool1411,0.01285497099161148,0.05770298093557358,0.0014523211866617203,0.0004227582539897412,0.9018497467041016
2284,StutterTalk380,0.0008425620617344975,0.0007413249695673585,5.7711772569746245e-06,5.494850370268978e-07,1.5775684005348012e-05
2285,StutterTalk72141,0.3185000419616699,0.2727368175983429,0.01477447897195816,0.0020269521046429873,0.6273115277290344
2286,StrongVoices640,0.0016539869830012321,0.07503064721822739,0.013265919871628284,0.004429420921951532,0.001826442894525826
2287,StrongVoices2918,0.012415708042681217,0.46561241149902344,0.00756325526162982,6.050184310879558e-05,0.0027967363130301237
2288,HeStutters74,0.12321504205465317,0.4678451716899872,0.5097638368606567,0.040747955441474915,0.018657280132174492
2289,StutterTalk893,0.003490452654659748,0.23174113035202026,0.6896861791610718,0.11686587333679199,0.4168943464756012
2290,StrongVoices21110,0.050913866609334946,0.3646489679813385,0.014198225922882557,0.002074394840747118,0.009805292822420597
2291,WomenWhoStutter6215,0.008836841210722923,0.34612956643104553,0.35987159609794617,0.32853952050209045,0.04094541445374489
2292,StrongVoices23101,0.028146686032414436,0.010677476413547993,0.0013894048752263188,0.0002256023435620591,0.000301697087706998
2293,StrongVoices32124,0.02139182575047016,0.3586696982383728,0.08027048408985138,0.24225294589996338,0.11064072698354721
2294,StrongVoices3280,0.6596474051475525,0.35461440682411194,0.0501878559589386,0.0005346444668248296,0.08360131829977036
2295,StrongVoices287,0.03376271575689316,0.10407070070505142,0.014531740918755531,0.012778314761817455,0.6425082087516785
2296,HVSA2125,0.21664728224277496,0.12934227287769318,0.02807820960879326,0.7164952754974365,0.5717915892601013
2297,StutterTalk3819,0.024655520915985107,0.19425250589847565,0.030387377366423607,0.876561164855957,0.047487132251262665
2298,WomenWhoStutter86113,0.09387979656457901,0.5303062796592712,0.29210567474365234,0.07479564100503922,0.009008415974676609
2299,StutterTalk124,0.03311764448881149,0.6212118268013,0.3418095111846924,0.028093522414565086,0.02850324846804142
2300,HeStutters1653,0.1824822872877121,0.07711825519800186,0.000648405693937093,0.0003819136181846261,0.8802234530448914
2301,StrongVoices316,0.00046113418648019433,0.010793497785925865,0.00014652025129180402,1.1200757398910355e-05,6.961670442251489e-05
2302,StutteringIsCool5036,0.001573555520735681,0.025406621396541595,0.006731336936354637,0.7766144275665283,0.022577086463570595
2303,StrongVoices10148,0.21500232815742493,0.41925522685050964,0.16959892213344574,0.01403957512229681,0.16560807824134827
2304,StutterTalk6370,0.1487738937139511,0.3829019367694855,0.03246040642261505,0.012754973024129868,0.5340888500213623
2305,WomenWhoStutter277,0.04537524655461311,0.1404237300157547,0.016849534586071968,0.006813875865191221,0.014917057938873768
2306,StrongVoices10212,0.6959854364395142,0.06897348910570145,0.0052011823281645775,0.002105898689478636,0.31015992164611816
2307,StutterTalk727,0.8670139312744141,0.024057112634181976,0.035101182758808136,0.12790845334529877,0.013017119839787483
2308,HVSA2107,0.899725615978241,0.09919019788503647,0.044317152351140976,0.005411211866885424,0.004772863816469908
2309,MyStutteringLife137,0.306308388710022,0.45889750123023987,0.5922945141792297,0.19149620831012726,0.2956198453903198
2310,HeStutters1115,0.04071389138698578,0.21350882947444916,0.12068440765142441,0.8360264301300049,0.8439621329307556
2311,StutteringIsCool4330,0.02240847423672676,0.1852470338344574,0.0018212125869467854,0.0021548366639763117,0.0268740002065897
2312,StutterTalk63163,0.03911629691720009,0.08774672448635101,0.017878688871860504,0.7927114963531494,0.9457588791847229
2313,StrongVoices21117,0.011654697358608246,0.05195888504385948,0.05794934555888176,0.12877564132213593,0.016043856739997864
2314,StutterTalk64127,0.02017075940966606,0.2684665024280548,0.02779880352318287,0.0034859543666243553,0.021933626383543015
2315,StutteringIsCool470,0.0006701119709759951,0.11689846962690353,0.0037043218035250902,0.00019428576342761517,0.00021295736951287836
2316,StutterTalk2513,0.05379022657871246,0.10167349129915237,0.03930751979351044,0.05348324403166771,0.013921611942350864
2317,IStutterSoWhat051,0.0016036464367061853,0.060738395899534225,0.004342047963291407,0.04128457233309746,0.02385055273771286
2318,StutterTalk3736,0.011481733992695808,0.11005499213933945,0.002614933531731367,0.0012009317288175225,0.8129733800888062
2319,HeStutters1296,0.08626352250576019,0.03339000046253204,0.00048775950563140213,0.0003081482136622071,0.9654550552368164
2320,StrongVoices56,0.02009376883506775,0.467407763004303,0.08960432559251785,0.012539487332105637,0.0034146492835134268
2321,HeStutters1241,0.01631728932261467,0.055461443960666656,0.005506059154868126,0.0010004587238654494,0.0012730760499835014
2322,StutterTalk6446,0.637774646282196,0.1018056869506836,0.004211310762912035,1.414013695466565e-05,0.001333026448264718
2323,StutterTalk1212,0.03307376056909561,0.3587334454059601,0.1132989153265953,0.0017122254939749837,0.002140704309567809
2324,StutteringIsCool80201,0.0157461017370224,0.2869506776332855,0.19873932003974915,0.11937560886144638,0.0551164485514164
2325,StrongVoices10202,0.0002436815557302907,0.012298057787120342,0.0007583737024106085,0.0010112783638760448,0.0001702870795270428
2326,MyStutteringLife2119,0.006212510634213686,0.059068966656923294,0.0008298137108795345,0.001303607365116477,0.0015899303834885359
2327,WomenWhoStutter10233,0.003664605086669326,0.10081926733255386,0.0016188672743737698,5.201542080612853e-05,0.0011687390506267548
2328,StutterTalk3799,0.07869469374418259,0.09186411648988724,0.052648719400167465,0.7851460576057434,0.9166361689567566
2329,StutterTalk7727,0.02991919219493866,0.10213671624660492,0.9375920295715332,0.001987945521250367,0.04098900780081749
2330,StrongVoices23177,0.35068023204803467,0.3147079348564148,0.08042166382074356,0.003389055375009775,0.016196420416235924
2331,StrongVoices2119,0.003629592014476657,0.08610900491476059,0.0061304145492613316,0.024750592187047005,0.009338625706732273
2332,StutterTalk5810,0.06012743338942528,0.36522799730300903,0.12169808149337769,0.17272120714187622,0.674086332321167
2333,StutterTalk64124,0.22407370805740356,0.17560718953609467,0.02694997750222683,0.01283204648643732,0.2967700660228729
2334,WomenWhoStutter6213,0.006114723160862923,0.05200128257274628,0.02108311466872692,0.8508108854293823,0.8793005347251892
2335,WomenWhoStutter10222,0.02505180984735489,0.22873225808143616,0.008425138890743256,0.008339310064911842,0.03738582134246826
2336,StutterTalk125,0.031969670206308365,0.6233637928962708,0.15329058468341827,0.005294546950608492,0.011018713936209679
2337,HeStutters539,0.0763263925909996,0.3014686405658722,0.08643186837434769,0.126474529504776,0.015999864786863327
2338,StutterTalk37123,0.417815238237381,0.08835355937480927,0.015892306342720985,0.08906922489404678,0.2544657588005066
2339,HVSA210,0.012026989832520485,0.4369663894176483,0.02301664650440216,0.0010416514705866575,0.003500977298244834
2340,WomenWhoStutter6431,0.2668409049510956,0.014913514256477356,0.0001126765419030562,1.8748993170447648e-05,0.9856012463569641
2341,HeStutters18156,0.724602222442627,0.022299768403172493,0.003179294755682349,0.5541234612464905,0.10980647802352905
2342,StutterTalk7725,0.5716449618339539,0.2850789725780487,0.2753961980342865,0.030129333958029747,0.5681663751602173
2343,WomenWhoStutter9619,0.008981921710073948,0.4419892728328705,0.3053603172302246,0.0008646489586681128,0.0016289870254695415
2344,StutteringIsCool3315,0.18713440001010895,0.042420417070388794,0.0037097176536917686,0.009787313640117645,0.022193849086761475
2345,MyStutteringLife011,0.02444547228515148,0.37273862957954407,0.041597697883844376,0.020748021081089973,0.1623271405696869
2346,StrongVoices334,0.03053303435444832,0.128877654671669,0.0021798955276608467,0.000660476740449667,0.0039032320491969585
2347,WomenWhoStutter42273,0.012289106845855713,0.030382143333554268,0.0032294918783009052,0.988681435585022,0.022131145000457764
2348,HeStutters16187,0.025308212265372276,0.1604195237159729,0.0032949629239737988,0.0006516643916256726,0.009193784557282925
2349,StrongVoices2313,0.4329090118408203,0.37089213728904724,0.18169832229614258,0.0016865539364516735,0.006704574450850487
2350,HVSA326,0.0016458333702757955,0.10902871936559677,0.9568654894828796,0.04882384091615677,0.023300642147660255
2351,StrongVoices2191,0.16133879125118256,0.1945882886648178,0.04364696145057678,0.007090517319738865,0.5534772276878357
2352,WomenWhoStutter5826,0.045733582228422165,0.29863685369491577,0.030479075387120247,0.005063295364379883,0.8543022871017456
2353,WomenWhoStutter8634,0.02024911344051361,0.1871669739484787,0.0018573648994788527,0.0026345979422330856,0.19061273336410522
2354,HVSA162,0.013777659274637699,0.4866035282611847,0.21192781627178192,0.0036211316473782063,0.004155308473855257
2355,HeStutters1194,0.4669264256954193,0.4279853105545044,0.1212882250547409,0.00294701149687171,0.043004557490348816
2356,StrongVoices198,0.5094677805900574,0.031611498445272446,0.004181519150733948,0.00027392475749365985,0.00048045776202343404
2357,StutterTalk8162,0.4705892503261566,0.08657333999872208,0.025408538058400154,0.04483584687113762,0.11798923462629318
2358,StutterTalk1234,0.0351656936109066,0.033100489526987076,0.007851538248360157,0.000983993522822857,0.8848488926887512
2359,StrongVoices2332,0.04253101721405983,0.3834749162197113,0.1513693928718567,0.005454854108393192,0.2681936025619507
2360,StutterTalk3772,0.9015612006187439,0.004193917382508516,0.0005970539059489965,0.0007708964985795319,0.025237292051315308
2361,StutterTalk6918,0.27440470457077026,0.4169498085975647,0.05159297212958336,0.0015549154486507177,0.29622262716293335
2362,StutteringIsCool12,0.0005130426725372672,0.01239107083529234,0.014129095710814,0.45443153381347656,0.06755278259515762
2363,WomenWhoStutter255,0.164814293384552,0.44716233015060425,0.7549394369125366,0.005901958327740431,0.027895551174879074
2364,StrongVoices21172,0.0032712980173528194,0.06721458584070206,0.04541661590337753,0.7877037525177002,0.012586352415382862
2365,HVSA243,0.1676507592201233,0.18989115953445435,0.00968273263424635,0.0006017221021465957,0.008833032101392746
2366,WomenWhoStutter2220,0.02739899605512619,0.45045652985572815,0.09885238111019135,0.008169683627784252,0.18049952387809753
2367,StutterTalk26173,0.03251324221491814,0.07978354394435883,0.015230245888233185,0.7999997138977051,0.05937981233000755
2368,StutterTalk6221,0.0017537425737828016,0.01431242935359478,0.0003268399741500616,7.501227810280398e-05,0.0003058535512536764
2369,StrongVoices533,0.14873608946800232,0.4055943489074707,0.0430532805621624,0.002395971678197384,0.14601273834705353
2370,StrongVoices3137,0.33643820881843567,0.36299121379852295,0.09757616370916367,0.001449965755455196,0.009056641720235348
2371,StrongVoices3324,0.1294311136007309,0.16931983828544617,0.07029057294130325,0.7493875026702881,0.08539877086877823
2372,StutterTalk321,0.006521427072584629,0.26429784297943115,0.020734567195177078,0.012674182653427124,0.4254090487957001
2373,WomenWhoStutter86153,0.05225304514169693,0.12605641782283783,0.004528502468019724,0.0010799962328746915,0.8961259126663208
2374,WomenWhoStutter288,0.11533541977405548,0.49982011318206787,0.027623513713479042,0.0033779318910092115,0.014442265033721924
2375,HVSA09,0.0720251128077507,0.08367272466421127,0.025156134739518166,0.9456435441970825,0.553691565990448
2376,StutteringIsCool654,0.0014443732798099518,0.0011510294862091541,4.706369509221986e-05,9.707125173008535e-06,4.2328876588726416e-05
2377,StutteringIsCool34158,0.027716094627976418,0.18413189053535461,0.041621942073106766,0.018890351057052612,0.9650487303733826
2378,WomenWhoStutter4278,0.011516701430082321,0.18089139461517334,0.9187778234481812,0.0010833956766873598,0.02508154883980751
2379,StutteringIsCool174,0.09462384879589081,0.0739147961139679,0.024021536111831665,0.05247804522514343,0.3362376093864441
2380,WomenWhoStutter96112,0.03144347295165062,0.236446812748909,0.05841473862528801,0.770697832107544,0.7991939783096313
2381,StutterTalk891,0.05577775090932846,0.3610953092575073,0.7707168459892273,0.004421168938279152,0.06291506439447403
2382,StutterTalk253,0.0016237738309428096,0.23125888407230377,0.0034856926649808884,0.0004972743918187916,0.03834562376141548
2383,HVSA060,0.035522956401109695,0.38770073652267456,0.025497687980532646,0.018661536276340485,0.3445644676685333
2384,HeStutters1628,0.006520278286188841,0.08848148584365845,0.030363548547029495,0.9555425643920898,0.34958407282829285
2385,StutterTalk2835,0.0006001541623845696,0.17988072335720062,0.07990976423025131,0.46514084935188293,0.013840076513588428
2386,HVSA225,0.029797589406371117,0.378817081451416,0.42567625641822815,0.37881094217300415,0.08215834200382233
2387,StutterTalk7253,0.013451401144266129,0.30817994475364685,0.15406747162342072,0.5863186120986938,0.021305877715349197
2388,WomenWhoStutter81107,0.5254860520362854,0.09628985077142715,0.008007023483514786,0.004040034022182226,0.9415588974952698
2389,WomenWhoStutter2127,0.005547320004552603,0.01675969734787941,0.0018655210733413696,0.992516815662384,0.28964096307754517
2390,StutteringIsCool34173,0.2504962682723999,0.06681787967681885,0.013313353061676025,0.06915020942687988,0.9543226957321167
2391,HeStutters1187,0.1189221441745758,0.3515986502170563,0.014437860809266567,0.005000348202884197,0.03753986954689026
2392,StutterTalk64135,0.06284382194280624,0.051846474409103394,0.010016449727118015,0.007873588241636753,0.012664616107940674
2393,StutterTalk25140,0.027382589876651764,0.2476412057876587,0.02541664056479931,0.06361030787229538,0.9026682376861572
2394,StutteringIsCool767,0.005118053872138262,0.16946929693222046,0.9052286148071289,0.1661025881767273,0.046309471130371094
2395,StutterTalk1014,0.009806695394217968,0.019235549494624138,0.002872081473469734,0.015370377339422703,0.023675717413425446
2396,StutterTalk4217,0.002373842289671302,0.09162445366382599,0.021163197234272957,0.713649570941925,0.054102443158626556
2397,StrongVoices2379,0.03952188044786453,0.16091518104076385,0.0011090799234807491,0.0001025715027935803,0.01857282966375351
2398,HVSA1170,0.08744698762893677,0.44128161668777466,0.14734922349452972,0.5372707843780518,0.23859432339668274
2399,StutterTalk1220,0.27505943179130554,0.11743424087762833,0.031461771577596664,0.041349660605192184,0.11492057144641876
2400,HeStutters2150,0.014234578236937523,0.4538416862487793,0.7016582489013672,0.0048082852736115456,0.004442400764673948
2401,StutteringIsCool8089,0.002436223905533552,0.009051383472979069,0.003287126775830984,0.002852323930710554,0.0006495877169072628
2402,HVSA2153,0.012063470669090748,0.10943413525819778,0.006816990673542023,0.018208052963018417,0.35824066400527954
2403,WomenWhoStutter3066,0.0031092138960957527,0.0870581790804863,0.0008280854672193527,0.00012910815712530166,0.003167148679494858
2404,StutteringIsCool80124,0.008065477013587952,0.02654733881354332,0.0009462739108130336,0.000636259384918958,0.0012402802240103483
2405,HVSA08,0.025043321773409843,0.3145206868648529,0.04716133326292038,0.14857085049152374,0.15290741622447968
2406,StutterTalk68114,0.1242172122001648,0.10459990054368973,0.0133769940584898,0.3233044743537903,0.9675947427749634
2407,HeStutters5160,0.02926289476454258,0.26361244916915894,0.0323483943939209,0.05833606794476509,0.5563320517539978
2408,StrongVoices3278,0.05961950868368149,0.3255631625652313,0.07238993048667908,0.4213503301143646,0.04011201113462448
2409,StutterTalk68188,0.0004887780523858964,0.10179862380027771,0.0029960533138364553,0.0003048910584766418,0.0009118614252656698
2410,StutterTalk8140,0.19782060384750366,0.04751298576593399,0.0014224173501133919,9.7037831437774e-05,0.012572907842695713
2411,StutterTalk1217,0.01728982664644718,0.04028623551130295,0.0012338196393102407,0.00020920639508403838,0.8402692675590515
2412,HeStutters1884,0.012151187285780907,0.30487045645713806,0.01343694981187582,0.0030144834890961647,0.07404730468988419
2413,StutterTalk6457,0.13410277664661407,0.053538382053375244,0.0039116395637393,0.0007957913330756128,0.8820942044258118
2414,StutterTalk5135,0.011441241949796677,0.16838373243808746,0.1267024725675583,0.06470836699008942,0.00893003772944212
2415,HVSA086,0.09307251870632172,0.6179841160774231,0.11919564753770828,0.054132502526044846,0.05925866961479187
2416,HeStutters1856,0.4022461771965027,0.12441354244947433,0.06146513298153877,0.07752601057291031,0.038565777242183685
2417,StutterTalk25138,0.0010972385061904788,0.23195210099220276,0.00211804430000484,0.0012177210301160812,0.020815273746848106
2418,StutterTalk630,0.7954346537590027,0.031589653342962265,0.0006082387990318239,3.77528413082473e-05,0.0066422889940440655
2419,HeStutters12133,0.034465327858924866,0.256132572889328,0.16441188752651215,0.0041681635193526745,0.043418776243925095
2420,StutterTalk5521,0.0004455686721485108,0.00952142383903265,0.00038139932439662516,0.0006879029097035527,0.0008055326761677861
2421,StutterTalk5910,0.002505261916667223,0.09798888117074966,0.8882609009742737,0.3914071321487427,0.057709552347660065
2422,HeStutters1857,0.03159335255622864,0.04870062693953514,0.014629089273512363,0.4957723021507263,0.31282317638397217
2423,WomenWhoStutter291,0.022231459617614746,0.14902497828006744,0.002949217800050974,0.023478088900446892,0.20692849159240723
2424,HVSA2156,0.015157768502831459,0.31160569190979004,0.06746939569711685,0.01706475019454956,0.5169361233711243
2425,WomenWhoStutter824,0.07380430400371552,0.17736831307411194,0.03547215089201927,0.24390828609466553,0.30072471499443054
2426,StrongVoices659,0.6756516695022583,0.3192850351333618,0.03278082236647606,0.0005119037814438343,0.32388824224472046
2427,StutteringIsCool2732,0.0008363050292246044,0.0006262953393161297,7.859307515900582e-06,2.3218566980176547e-07,9.476855666434858e-06
2428,WomenWhoStutter790,0.01692715287208557,0.23797793686389923,0.03583117574453354,0.17629311978816986,0.47123485803604126
2429,HVSA3135,0.6617893576622009,0.2647991478443146,0.08657368272542953,0.00027480264543555677,0.002240488538518548
2430,HeStutters16133,0.015401995740830898,0.08268453925848007,0.00642669340595603,0.028794540092349052,0.3839223384857178
2431,StrongVoices23195,0.288904070854187,0.46023300290107727,0.07296297699213028,0.004578590393066406,0.005648570600897074
2432,StrongVoices510,0.5352740287780762,0.03282322362065315,0.00271767470985651,0.00020185923494864255,0.002275794744491577
2433,StrongVoices2375,0.41624900698661804,0.08188866078853607,0.00384110608138144,6.0515925724757835e-05,0.005910049192607403
2434,WomenWhoStutter4614,0.1821468025445938,0.16009195148944855,0.004975135903805494,0.0002310132113052532,0.9185737371444702
2435,WomenWhoStutter4627,0.00774415535852313,0.16167928278446198,0.16805990040302277,0.9460925459861755,0.10578642785549164
2436,WomenWhoStutter10196,0.5289361476898193,0.2588472366333008,0.04267006367444992,8.271015394711867e-05,0.00526697700843215
2437,WomenWhoStutter14125,0.032752130180597305,0.5295970439910889,0.0660826712846756,0.001758782658725977,0.005008302163332701
2438,StrongVoices1721,0.030755693092942238,0.32069799304008484,0.20734360814094543,0.008510127663612366,0.020437806844711304
2439,HVSA224,0.03425760567188263,0.24808169901371002,0.47199293971061707,0.0453905425965786,0.02392289601266384
2440,WomenWhoStutter6281,0.05825524404644966,0.3561486005783081,0.41741466522216797,0.5463759303092957,0.14556826651096344
2441,WomenWhoStutter9020,0.014612408354878426,0.34146037697792053,0.7191239595413208,0.12204157561063766,0.5609065890312195
2442,MyStutteringLife250,0.08291276544332504,0.16097323596477509,0.020025130361318588,0.15541407465934753,0.5676063895225525
2443,WomenWhoStutter30165,0.2293996661901474,0.11060675978660583,0.0033383553382009268,8.537621033610776e-05,0.0008546618628315628
2444,WomenWhoStutter1236,0.00882555078715086,0.258498877286911,0.03409672528505325,0.009301497600972652,0.033782243728637695
2445,StrongVoices1435,0.058415014296770096,0.25392401218414307,0.31117677688598633,0.00028781616128981113,0.0022187423892319202
2446,WomenWhoStutter8680,0.07078386098146439,0.21312099695205688,0.02510066144168377,0.002182853640988469,0.9685001373291016
2447,WomenWhoStutter3030,0.37118056416511536,0.20792943239212036,0.07792110741138458,0.01216712687164545,0.018195342272520065
2448,HeStutters1655,0.08277402073144913,0.1365153044462204,0.014475608244538307,0.0007400061003863811,0.06762074679136276
2449,StrongVoices1736,0.29837602376937866,0.4111422598361969,0.05669873580336571,0.2189915031194687,0.6471927762031555
2450,IStutterSoWhat3156,0.005170472431927919,0.2314317673444748,0.673143208026886,0.00789641309529543,0.0013213123893365264
2451,StutterTalk68164,0.03154359757900238,0.12557366490364075,0.03721979260444641,0.06815069913864136,0.2018204629421234
2452,StutterTalk25163,0.01803743466734886,0.03413243591785431,0.002447767648845911,0.0034177368506789207,0.00479218689724803
2453,WomenWhoStutter9795,0.002957497723400593,0.20815540850162506,0.13740023970603943,0.00048101425636559725,0.0006894574617035687
2454,HeStutters1141,0.01626308262348175,0.37679219245910645,0.007369724102318287,0.0005134296370670199,0.0012376273516565561
2455,StutterTalk68206,0.0017441755626350641,0.03402801603078842,0.0011604229221120477,0.0004436686576809734,0.0009340152028016746
2456,StutteringIsCool6133,0.06745480000972748,0.25886550545692444,0.03717436268925667,0.6008149981498718,0.5519496202468872
2457,HeStutters1114,0.031696900725364685,0.42889490723609924,0.04355224594473839,0.0029949850868433714,0.7482929825782776
2458,StutterTalk6213,0.0011488873278722167,0.06483345478773117,0.001323068980127573,0.0005947822937741876,0.001263416139408946
2459,WomenWhoStutter87163,0.07714781910181046,0.18940307199954987,0.026318706572055817,0.003398846834897995,0.6131899952888489
2460,StutterTalk781,0.024219907820224762,0.3693964183330536,0.06730662286281586,0.04487980157136917,0.8704949617385864
2461,StrongVoices328,0.7728998064994812,0.14767006039619446,0.05258168280124664,0.011629249900579453,0.0321979857981205
2462,StrongVoices23138,0.0029688666108995676,0.044799089431762695,0.0008135751122608781,0.00026874663308262825,0.00183347356505692
2463,WomenWhoStutter3021,0.018099399283528328,0.006423399783670902,0.0009860951686277986,0.0010006902739405632,0.001056320033967495
2464,WomenWhoStutter9672,0.002975117415189743,0.3405280113220215,0.017276141792535782,4.776479545398615e-05,0.0011709053069353104
2465,WomenWhoStutter492,0.016429264098405838,0.3621457517147064,0.7183719873428345,0.41526421904563904,0.09063906967639923
2466,WomenWhoStutter10136,0.1743694543838501,0.5345403552055359,0.5830801129341125,0.11622815579175949,0.22275978326797485
2467,MyStutteringLife020,0.0007020924822427332,0.10230956971645355,0.002416485222056508,0.0022717760875821114,0.01724003069102764
2468,StutterTalk25137,0.09758579730987549,0.30099523067474365,0.03635948896408081,0.02030760794878006,0.2517891824245453
2469,StutterTalk549,0.010993204079568386,0.016529502347111702,0.0029502653051167727,0.014123707078397274,0.0006662326049990952
2470,StutteringIsCool4939,0.05244040489196777,0.08091213554143906,0.000530416495166719,2.893350028898567e-05,0.0013306874316185713
2471,WomenWhoStutter21194,0.17650926113128662,0.27226120233535767,0.500297486782074,0.4329221248626709,0.4028436839580536
2472,StrongVoices98,0.0037231799215078354,0.1196163147687912,0.00048272410640493035,0.00023214503016788512,0.015191040001809597
2473,HeStutters1034,0.02362827956676483,0.2407589703798294,0.04252803698182106,0.02812119759619236,0.025477511808276176
2474,StutterTalk433,0.03532939404249191,0.08037741482257843,0.003880329430103302,0.0018376994412392378,0.0009732066537253559
2475,StutteringIsCool1738,0.051035307347774506,0.21007047593593597,0.07719434052705765,0.02899874374270439,0.9274718165397644
2476,WomenWhoStutter4926,0.19303637742996216,0.3128027021884918,0.0742681622505188,0.07049592584371567,0.16506607830524445
2477,StutteringIsCool231,0.000539513595867902,0.09752093255519867,0.003975850064307451,5.107048855279572e-05,0.0005929069011472166
2478,HeStutters543,0.0039063370786607265,0.21550841629505157,0.02561773546040058,0.0014450391754508018,0.0007833577692508698
2479,StutterTalk8124,0.062165766954422,0.4139009416103363,0.3695605397224426,0.3431180715560913,0.10775712877511978
2480,StutterTalk627,0.00875284057110548,0.006523114163428545,3.601263961172663e-05,1.106844956666464e-05,0.001554646878503263
2481,WomenWhoStutter7334,0.2089763879776001,0.3005774915218353,0.030491426587104797,0.0020704150665551424,0.8712503910064697
2482,StrongVoices10112,0.004343303851783276,0.04365334287285805,0.0013495762832462788,0.005878250580281019,0.016872338950634003
2483,WomenWhoStutter42137,0.46901935338974,0.12341395020484924,0.008507359772920609,0.0008848406723700464,0.01067112572491169
2484,StutterTalk263,0.001038626185618341,0.034126460552215576,0.0008256200817413628,0.011229773983359337,0.0075012254528701305
2485,StrongVoices94,0.09849364310503006,0.5491124987602234,0.3073962330818176,0.118144191801548,0.4048258364200592
2486,HeStutters718,0.005714695435017347,0.5824651122093201,0.05754192918539047,0.0002777665213216096,0.0011678760638460517
2487,StutterTalk1632,0.008730581030249596,0.060999128967523575,0.0004842068301513791,0.00010464093065820634,0.07077855616807938
2488,StrongVoices2912,0.0017522707348689437,0.04639219120144844,0.00269669434055686,0.0009366352460347116,0.000823698821477592
2489,StrongVoices78,0.011116313748061657,0.42030227184295654,0.29875537753105164,0.4865240752696991,0.044614821672439575
2490,StutterTalk64184,0.02362803742289543,0.1262562870979309,0.04252789914608002,0.00985205639153719,0.0014719070168212056
2491,StutterTalk1536,0.38710933923721313,0.3775915205478668,0.6288979649543762,0.06126838177442551,0.21262714266777039
2492,StutteringIsCool4634,0.08408927917480469,0.15073111653327942,0.000651991693302989,0.00010151728929486126,0.9657338857650757
2493,StrongVoices3221,0.004599027335643768,0.25534191727638245,0.0011928867315873504,0.00019497239554766566,0.013135203160345554
2494,StrongVoices2328,0.1927051693201065,0.434560626745224,0.04444471374154091,0.0018762132385745645,0.006816484034061432
2495,StutterTalk598,0.03177151083946228,0.13036589324474335,0.004382515326142311,0.0043256753124296665,0.9617815017700195
2496,StutteringIsCool4521,0.3215101361274719,0.06753063201904297,0.004719750955700874,0.0004951022565364838,0.004556241445243359
2497,StrongVoices10216,0.05311207473278046,0.10542512685060501,0.000712410663254559,6.400528945960104e-05,0.5517218708992004
2498,StutteringIsCool7524,0.06281451135873795,0.18760789930820465,0.048732198774814606,0.3433564305305481,0.8293253779411316
2499,StutterTalk5411,0.3158506751060486,0.10323794186115265,0.014046670868992805,0.0029919850639998913,0.9564265608787537
2500,HeStutters12127,0.021565821021795273,0.2928527295589447,0.0062239645048975945,0.00021378131350502372,0.009671472012996674
2501,HeStutters1184,0.6268010139465332,0.15588988363742828,0.007375650107860565,0.00024460357963107526,0.006672106683254242
2502,StutterTalk8148,0.011211019940674305,0.6293678879737854,0.28030768036842346,0.0026549375616014004,0.0038996487855911255
2503,StutterTalk1611,0.02331841178238392,0.2935185134410858,0.5509330630302429,0.3750646114349365,0.6331599950790405
2504,HeStutters1929,0.031206760555505753,0.05947160720825195,0.016664963215589523,0.007674741558730602,0.007711243350058794
2505,HeStutters1162,0.022959403693675995,0.046104796230793,0.0008587357588112354,6.117681186879054e-05,0.001559900352731347
2506,StrongVoices321,0.027423446998000145,0.026392409577965736,0.001570062362588942,0.00038635649252682924,0.0015984639758244157
2507,IStutterSoWhat3128,0.07472076267004013,0.10449913889169693,0.10193224996328354,0.8460385203361511,0.14702746272087097
2508,HVSA2134,0.0100072817876935,0.328633576631546,0.00547926127910614,0.0013369075022637844,0.003931162878870964
2509,HeStutters12115,0.0020942669361829758,0.03900681808590889,0.000424913945607841,0.0004529628495220095,0.004716719035059214
2510,StrongVoices1219,0.16671647131443024,0.44894176721572876,0.16948942840099335,0.0010873764986172318,0.006361833773553371
2511,StrongVoices32197,0.004763511475175619,0.35766366124153137,0.004602071829140186,0.002506361808627844,0.028978675603866577
2512,StrongVoices2028,0.41055193543434143,0.17150254547595978,0.00735758151859045,0.0009994845604524016,0.014916401356458664
2513,StutterTalk2663,0.012399587780237198,0.014168089255690575,0.0032035524491220713,0.9867725968360901,0.03376568853855133
2514,StrongVoices6122,0.460320383310318,0.22343114018440247,0.017249800264835358,0.000348271889379248,0.016787638887763023
2515,HVSA2109,0.010273896157741547,0.28329527378082275,0.5723322629928589,0.6898963451385498,0.042624738067388535
2516,StrongVoices2021,0.007180698215961456,0.18951666355133057,0.0005656701978296041,5.582819721894339e-05,0.0016420463798567653
2517,StutterTalk37172,0.022309299558401108,0.12477506697177887,0.019504578784108162,0.0033739462960511446,0.0017899676458910108
2518,StutteringIsCool118,0.0221890639513731,0.34622722864151,0.06198551505804062,0.004456648137420416,0.022116703912615776
2519,StutteringIsCool46174,0.3806748688220978,0.016302401199936867,0.00023868776042945683,6.601958739338443e-05,0.001897548558190465
2520,StutterTalk6226,0.0014361940557137132,0.0764530599117279,0.008891809731721878,0.13638368248939514,0.00175390369258821
2521,StrongVoices6126,0.42542004585266113,0.14241112768650055,0.007297535426914692,0.0001977112260647118,0.005059076473116875
2522,HeStutters1183,0.03967629373073578,0.07156223058700562,0.002425233833491802,0.0031176796182990074,0.8638374209403992
2523,StrongVoices193,0.15487036108970642,0.03481537848711014,0.002142704790458083,0.00047223150613717735,0.0006196718313731253
2524,StutterTalk7610,0.0022221081890165806,0.08295394480228424,0.022215399891138077,0.7581762671470642,0.13867338001728058
2525,StutterTalk5817,0.016136914491653442,0.22375409305095673,0.8493531346321106,0.29090115427970886,0.29603415727615356
2526,StutterTalk722,0.11423399299383163,0.03319841995835304,0.001232598558999598,0.0015446770703420043,0.006106200162321329
2527,StutterTalk260,0.0034828747157007456,0.26444119215011597,0.6926510334014893,0.49812984466552734,0.06949114799499512
2528,StrongVoices022,0.0018968497170135379,0.15662319958209991,0.003028999548405409,0.0017953063361346722,0.005605032201856375
2529,WomenWhoStutter9794,0.04055463895201683,0.329976350069046,0.7872406244277954,0.2468530833721161,0.11322878301143646
2530,StutteringIsCool7026,0.008792538195848465,0.030461721122264862,0.005700131878256798,0.0007032610010355711,0.00019441363110672683
2531,HVSA180,0.03199586644768715,0.5974118709564209,0.3420026898384094,0.032154470682144165,0.037607207894325256
2532,HeStutters1123,0.09508807212114334,0.46782034635543823,0.5142412781715393,0.16587290167808533,0.5917181968688965
2533,WomenWhoStutter86135,0.011456320993602276,0.07475262135267258,0.016540490090847015,0.9394238591194153,0.9217796921730042
2534,WomenWhoStutter62104,0.03486200422048569,0.3019597828388214,0.050349246710538864,0.10692887753248215,0.8020187616348267
2535,StutterTalk6436,0.00826278142631054,0.007913765497505665,0.00013288675108924508,2.677307747944724e-06,0.0001987107825698331
2536,HeStutters1225,0.0031550079584121704,0.11495490372180939,0.0014060724060982466,0.00041854663868434727,0.013579115271568298
2537,WomenWhoStutter6312,0.653113603591919,0.03974233195185661,0.014463470317423344,0.41236603260040283,0.07464363425970078
2538,StrongVoices295,0.20962652564048767,0.03439584746956825,0.012181979604065418,0.01352611556649208,0.09931337088346481
2539,HeStutters1263,0.026061497628688812,0.44925010204315186,0.3544009327888489,0.004539246205240488,0.005580763798207045
2540,WomenWhoStutter8678,0.08143866062164307,0.360476553440094,0.5364950299263,0.18433639407157898,0.8724294304847717
2541,HVSA3118,0.2428213357925415,0.43493813276290894,0.5717271566390991,0.021979542449116707,0.015466572716832161
2542,StrongVoices2371,0.1282636821269989,0.4131949245929718,0.026970429345965385,0.005222946405410767,0.4966619312763214
2543,WomenWhoStutter62219,0.013683703728020191,0.08422748744487762,0.047186966985464096,0.9784073233604431,0.03528044745326042
2544,StutterTalk4933,0.07627744972705841,0.03329486772418022,0.0009530644747428596,0.0002256049046991393,0.0027335872873663902
2545,StutteringIsCool3316,0.02801271341741085,0.40880778431892395,0.3483622372150421,0.016309009864926338,0.007867619395256042
2546,WomenWhoStutter240,0.16443321108818054,0.13508349657058716,0.02334456890821457,0.012124509550631046,0.4315502345561981
2547,StrongVoices32130,0.793468177318573,0.264570027589798,0.02617657743394375,0.00022588344290852547,0.02156226336956024
2548,HeStutters11203,0.20207875967025757,0.3296319246292114,0.1449732929468155,0.1356639862060547,0.024598874151706696
2549,StutteringIsCool170,0.01006861962378025,0.2910948693752289,0.01491831336170435,0.004697852302342653,0.36868587136268616
2550,WomenWhoStutter4252,0.04826044291257858,0.14329297840595245,0.002788491314277053,0.0003949421807192266,0.8964494466781616
2551,StutterTalk1215,0.04926998168230057,0.4418625235557556,0.08769135922193527,0.0010037869215011597,0.004428188782185316
2552,StutteringIsCool7935,0.002948820823803544,0.1527981460094452,0.9386763572692871,0.009344048798084259,0.025350460782647133
2553,HeStutters563,0.06664129346609116,0.45644378662109375,0.3314101994037628,0.0025515700690448284,0.005190670490264893
2554,StrongVoices129,0.12065517157316208,0.02843421697616577,0.003581354161724448,0.02290515974164009,0.10510135442018509
2555,HeStutters1196,0.08305435627698898,0.6192861199378967,0.27961140871047974,0.03592155873775482,0.014607849530875683
2556,StutteringIsCool1731,0.43952736258506775,0.2931937873363495,0.08296547830104828,0.01705114170908928,0.08776228874921799
2557,HeStutters337,0.019686447456479073,0.5366873145103455,0.5868714451789856,0.07633762061595917,0.05635844171047211
2558,HVSA2139,0.01192823238670826,0.0894169956445694,0.003826478961855173,0.001078067347407341,0.010823317803442478
2559,WomenWhoStutter7939,0.0032048511784523726,0.008923925459384918,0.006978319492191076,0.42390307784080505,0.019063280895352364
2560,HeStutters1882,0.03639867529273033,0.13247817754745483,0.045141931623220444,0.9068441987037659,0.045857228338718414
2561,WomenWhoStutter30128,0.01789524033665657,0.0039897495880723,0.0007560256635770202,0.0356251560151577,0.060707107186317444
2562,HVSA043,0.07788830995559692,0.11409451067447662,0.014711836352944374,0.014542759396135807,0.8868245482444763
2563,StutteringIsCool7010,9.610049892216921e-05,0.001211885828524828,4.27554186899215e-05,3.397394539206289e-05,8.781213182373904e-06
2564,StutterTalk64153,0.6452473402023315,0.036088477820158005,0.008772173896431923,0.35853880643844604,0.49917927384376526
2565,WomenWhoStutter1439,0.026816198602318764,0.08940649777650833,0.05729172006249428,0.9224311113357544,0.5386778116226196
2566,StutteringIsCool7021,0.06332341581583023,0.13436473906040192,0.016610249876976013,0.0971648246049881,0.5345911979675293
2567,WomenWhoStutter81163,0.00493914308026433,0.05544696003198624,0.007940052077174187,0.023101238533854485,0.009456970728933811
2568,StutterTalk2699,0.06735219806432724,0.058617815375328064,0.0012462936574593186,0.0005002330872230232,0.5335921049118042
2569,StrongVoices2811,0.21029561758041382,0.21990838646888733,0.010020134970545769,0.001247216947376728,0.021688176319003105
2570,StrongVoices23194,0.2956106662750244,0.35111701488494873,0.039168581366539,0.06230118125677109,0.33742618560791016
2571,StrongVoices21173,0.0009002129663713276,0.14272546768188477,0.0057900953106582165,0.0014766162494197488,0.0007753906538709998
2572,WomenWhoStutter8633,0.02678811550140381,0.06624966859817505,0.003960561938583851,0.003691099351271987,0.007877925410866737
2573,StutterTalk1827,0.023852979764342308,0.15001094341278076,0.012762395665049553,0.010965976864099503,0.41386476159095764
2574,HVSA130,0.020036373287439346,0.35778626799583435,0.009163745678961277,0.0017709748353809118,0.09027563035488129
2575,HVSA1149,0.5493207573890686,0.13566799461841583,0.012479236349463463,0.0017111467896029353,0.9564019441604614
2576,WomenWhoStutter21123,0.3624793291091919,0.04448707774281502,0.0025491223204880953,7.466060196748003e-05,0.0006290579913184047
2577,StutterTalk8121,0.0026485109701752663,0.08507602661848068,0.0013052442809566855,9.562960622133687e-05,0.0005487012094818056
2578,StutterTalk26126,0.0017775925807654858,0.019726410508155823,0.0011325457599014044,0.02278839237987995,0.0005930227926000953
2579,StutteringIsCool112,0.005527125671505928,0.06805931776762009,0.002429541666060686,0.0027287830598652363,0.0033310793805867434
2580,StrongVoices30,0.002249377081170678,0.224562406539917,0.0037653781473636627,0.001321593765169382,0.002564914058893919
2581,MyStutteringLife810,0.007851258851587772,0.058317601680755615,0.021550646051764488,0.024715913459658623,0.019848015159368515
2582,StutteringIsCool701,0.0005256179138086736,0.0031522195786237717,8.10104247648269e-05,2.5573634047759697e-05,2.492982821422629e-05
2583,StrongVoices1722,0.03328268229961395,0.2530292272567749,0.00840314943343401,0.00021825870499014854,0.0015193751314654946
2584,StutterTalk2648,0.04750226438045502,0.212783545255661,0.06820429116487503,0.7632434368133545,0.03609299287199974
2585,WomenWhoStutter1080,0.03420108184218407,0.3324543833732605,0.07645376026630402,0.0030981753952801228,0.006539227906614542
2586,HeStutters12135,0.0253406073898077,0.4036784768104553,0.06165081262588501,0.0003740175161510706,0.006206251680850983
2587,StutterTalk2638,0.03800922632217407,0.42988768219947815,0.11497878283262253,0.04066772013902664,0.7258437275886536
2588,StrongVoices311,0.4900250732898712,0.26819896697998047,0.03896133974194527,0.0005681347101926804,0.004895616322755814
2589,StutteringIsCool1734,0.001669186633080244,0.03993736580014229,0.009050289168953896,0.07879969477653503,0.009991250932216644
2590,StutterTalk37102,0.04754003509879112,0.38075146079063416,0.28426283597946167,0.24844731390476227,0.5455135703086853
2591,StutterTalk301,0.024995572865009308,0.2854902446269989,0.6915389895439148,0.010914022102952003,0.7861089706420898
2592,WomenWhoStutter2104,0.24361556768417358,0.44135627150535583,0.43411386013031006,0.0011964035220444202,0.014984284527599812
2593,WomenWhoStutter1078,0.05305909365415573,0.14378824830055237,0.6432275772094727,0.023198090493679047,0.019964050501585007
2594,StutterTalk72144,0.10217270255088806,0.18454664945602417,0.007001391611993313,0.0015160187613219023,0.0027146018110215664
2595,StutteringIsCool505,0.14733871817588806,0.05573424696922302,0.0015376930823549628,0.0006386424647644162,0.6018316745758057
2596,WomenWhoStutter30144,0.0024595558643341064,0.006785910110920668,0.0004586603317875415,0.0004736729897558689,0.0020159368868917227
2597,WomenWhoStutter10839,0.005134571809321642,0.0063517652451992035,0.00014572119107469916,0.00011261972395004705,0.005609208717942238
2598,StutterTalk72149,0.010710225440561771,0.1502246856689453,0.9410369992256165,0.021137235686182976,0.1777639389038086
2599,HVSA194,0.11475096642971039,0.3545035719871521,0.40633147954940796,0.01127508096396923,0.876941978931427
2600,StutteringIsCool461,0.02774989604949951,0.33212995529174805,0.6754336953163147,0.029779208824038506,0.03410883620381355
2601,WomenWhoStutter1336,0.8037564754486084,0.07281790673732758,0.004798620007932186,5.4404525144491345e-05,0.005943308584392071
2602,StutterTalk2621,0.02530871331691742,0.3380085229873657,0.01074864063411951,0.002302967943251133,0.017742514610290527
2603,StrongVoices2812,0.37952399253845215,0.32069894671440125,0.04341062530875206,0.005323273129761219,0.02022402547299862
2604,WomenWhoStutter8647,0.02372443862259388,0.3986566364765167,0.06154252216219902,0.2953464090824127,0.02185104973614216
2605,HeStutters12166,0.0035675042308866978,0.004240894224494696,2.516338281566277e-05,3.400799869268667e-06,0.00016594983753748238
2606,WomenWhoStutter1227,0.18293489515781403,0.08074473589658737,0.0003870307409670204,2.466953628754709e-05,0.9750823378562927
2607,StrongVoices2216,0.03040013276040554,0.005162355024367571,0.00039365136763080955,0.0004050428979098797,0.0003593190049286932
2608,WomenWhoStutter2151,0.4822191894054413,0.21339042484760284,0.04226008057594299,0.0004939351347275078,0.0446750782430172
2609,StutterTalk3827,0.05855967104434967,0.23473767936229706,0.028631694614887238,0.0035020452924072742,0.8125730156898499
2610,WomenWhoStutter2727,0.008128413930535316,0.6331182718276978,0.0817606970667839,0.0016501853242516518,0.0022891599219292402
2611,WomenWhoStutter30188,0.0007593994960188866,0.007280249614268541,0.00015272683231160045,8.241325849667192e-05,0.00044964320841245353
2612,StutteringIsCool4678,0.0192431528121233,0.0972849503159523,0.004593848250806332,0.012979350984096527,0.9177055358886719
2613,StutterTalk89,0.39597752690315247,0.05197836458683014,0.0018572286935523152,0.00031509785912930965,0.9533537030220032
2614,StrongVoices923,0.04151054099202156,0.4696410298347473,0.5395822525024414,0.18380367755889893,0.056022483855485916
2615,HeStutters1614,0.8795439004898071,0.009986591525375843,0.0008046715520322323,0.031885016709566116,0.02477750927209854
2616,StrongVoices811,0.3342221975326538,0.10107462853193283,0.01626385934650898,0.0012413787189871073,0.011522196233272552
2617,StutterTalk6340,0.03441265597939491,0.07960756868124008,0.02514507621526718,0.9753629565238953,0.10785064846277237
2618,StutterTalk5214,0.019132710993289948,0.2237720638513565,0.0034905392676591873,0.008670840412378311,0.14015738666057587
2619,StutterTalk1012,0.007474158424884081,0.18118426203727722,0.7646544575691223,0.0022705821320414543,0.01153378002345562
2620,HVSA2137,0.01694341190159321,0.06112246215343475,0.025890251621603966,0.008829713799059391,0.010282146744430065
2621,StutterTalk37132,0.011913209222257137,0.11313273757696152,0.028841789811849594,0.7968922853469849,0.6901547312736511
2622,StutterTalk2226,0.006094401702284813,0.1670142412185669,0.13837291300296783,0.8714795112609863,0.39809650182724
2623,WomenWhoStutter1448,0.01148295309394598,0.04033195599913597,0.00027495386893860996,0.00013802449393551797,0.44205722212791443
2624,StrongVoices2337,0.03418029472231865,0.3660426735877991,0.006618019193410873,0.00030012408387847245,0.016465025022625923
2625,StutteringIsCool8098,0.0656445175409317,0.15138885378837585,0.056737348437309265,0.02289547584950924,0.057952750474214554
2626,StrongVoices21145,0.29437363147735596,0.17903317511081696,0.03161222115159035,0.004516420885920525,0.5496512055397034
2627,WomenWhoStutter975,0.013622244819998741,0.272695928812027,0.5248196125030518,0.38942384719848633,0.05873690918087959
2628,StutterTalk8109,0.05390964820981026,0.25179845094680786,0.27819958329200745,0.5949378609657288,0.8482792377471924
2629,HeStutters50,0.0003993257414549589,0.02346755377948284,0.0025542364455759525,0.0021424926817417145,0.00021975295385345817
2630,StutterTalk2839,0.0007935650064609945,0.004490699153393507,5.03827614011243e-05,8.202228514164744e-07,3.467162969172932e-05
2631,StrongVoices145,0.0008441901300102472,0.05507264658808708,0.001556211500428617,0.0002680955803953111,0.00026596288080327213
2632,StutteringIsCool80143,0.006306076887995005,0.3249327540397644,0.8502763509750366,0.04757380485534668,0.038544051349163055
2633,WomenWhoStutter21138,0.11938507109880447,0.12331235408782959,0.0027199035976082087,8.4646453615278e-05,0.0007718837005086243
2634,StutterTalk869,0.00022156104387249798,0.038200970739126205,0.0010190594475716352,0.00045809647417627275,0.0017648122739046812
2635,HeStutters1919,0.15095074474811554,0.042965322732925415,0.0011449008015915751,0.0003650397411547601,0.9925340414047241
2636,StutterTalk37149,0.047067493200302124,0.048254191875457764,0.012268651276826859,0.9635315537452698,0.20053589344024658
2637,StrongVoices3211,0.03833555802702904,0.30733323097229004,0.0022063765209168196,0.00010056506289402023,0.008994655683636665
2638,StutteringIsCool130,0.7690579891204834,0.04397210851311684,0.22591376304626465,0.056997720152139664,0.7380121946334839
2639,WomenWhoStutter8127,0.04546516761183739,0.23876985907554626,0.22639088332653046,0.735245943069458,0.6891030669212341
2640,StutterTalk2690,0.007316933013498783,0.1423754245042801,0.009821709245443344,0.01270426157861948,0.5629357695579529
2641,MyStutteringLife2118,0.012985534965991974,0.40417802333831787,0.009297995828092098,0.0010226210579276085,0.005504124332219362
2642,StutterTalk252,0.005411101505160332,0.12002929300069809,0.003101586364209652,0.0020248929504305124,0.0020901812240481377
2643,WomenWhoStutter21124,0.4663751721382141,0.4862401783466339,0.18842117488384247,0.07315222918987274,0.021718978881835938
2644,StutteringIsCool703,0.01048960629850626,0.12942515313625336,0.15386871993541718,0.046170078217983246,0.0015352981863543391
2645,WomenWhoStutter1047,0.024561598896980286,0.3321373760700226,0.813500702381134,0.07109232246875763,0.03605164214968681
2646,HVSA0110,0.16468431055545807,0.12584377825260162,0.01033009309321642,0.004961717873811722,0.9581528306007385
2647,WomenWhoStutter21136,0.1085498034954071,0.11584854871034622,0.0007876355084590614,5.159903957974166e-05,0.9700317978858948
2648,StutterTalk2231,0.024485832080245018,0.32140806317329407,0.579231858253479,0.6943073272705078,0.5037730932235718
2649,StutterTalk2211,0.007628617808222771,0.02864876575767994,0.00879089254885912,0.9601503610610962,0.49313539266586304
2650,StutterTalk1527,0.3608362376689911,0.04236934706568718,0.0018261967925354838,9.313083137385547e-05,0.0015150322578847408
2651,StrongVoices32189,0.05778183788061142,0.3813634514808655,0.011938037350773811,0.00011615923722274601,0.002221922157332301
2652,StutterTalk4838,0.0016036371234804392,0.031648680567741394,0.0006316864164546132,9.713856707094237e-05,0.00035599071998149157
2653,StrongVoices224,0.2364283949136734,0.44200965762138367,0.5589882135391235,0.02109050191938877,0.6349076628684998
2654,StrongVoices2320,0.02548174373805523,0.4870949983596802,0.015131210908293724,0.0017947491724044085,0.009256448596715927
2655,WomenWhoStutter2156,0.11247259378433228,0.3322087526321411,0.15177397429943085,0.6705993413925171,0.34275999665260315
2656,StutteringIsCool5211,0.8608611226081848,0.11671887338161469,0.04194050282239914,0.00010137460776604712,0.0060960398986935616
2657,HVSA2135,0.006576777435839176,0.04699036478996277,0.0007969299331307411,0.019025089219212532,0.011316929012537003
2658,StrongVoices23235,0.3135475814342499,0.14687219262123108,0.008229817263782024,0.00021768591250292957,0.006841100752353668
2659,StrongVoices2117,0.0016588333528488874,0.018442608416080475,0.0031916166190057993,0.023286599665880203,0.01074938103556633
2660,StutterTalk83,0.2505602538585663,0.050184182822704315,0.0032189497724175453,0.003076893277466297,0.9807207584381104
2661,WomenWhoStutter62216,0.00928156916052103,0.33697766065597534,0.06861528009176254,0.05074849724769592,0.1559140980243683
2662,HeStutters1624,0.13787461817264557,0.0736629068851471,0.005191360134631395,0.002958566416054964,0.7442601323127747
2663,MyStutteringLife017,0.05767867714166641,0.1042117029428482,0.013354619964957237,0.020199419930577278,0.2132452130317688
2664,StutteringIsCool6737,0.02927360311150551,0.24756957590579987,0.02657039277255535,0.04457246884703636,0.5114144682884216
2665,StrongVoices32202,0.0032991531770676374,0.42298346757888794,0.0012407535687088966,5.715852967114188e-05,0.010350285097956657
2666,StutterTalk3016,0.021215351298451424,0.5893360376358032,0.44425609707832336,0.014961563050746918,0.014805445447564125
2667,StutteringIsCool7933,0.42544084787368774,0.3303586542606354,0.0246657095849514,1.4473896044364665e-05,0.010047401301562786
2668,WomenWhoStutter97152,0.005083932541310787,0.3119116723537445,0.5834221839904785,0.3729308545589447,0.009848480112850666
2669,StrongVoices1418,0.0007226194138638675,0.004314294550567865,0.00020971485355403274,0.00021057683625258505,0.00012333280756138265
2670,HVSA071,0.006938339211046696,0.33825376629829407,0.6052504777908325,0.4786468744277954,0.05210334062576294
2671,WomenWhoStutter8912,0.045317962765693665,0.4189985394477844,0.040119051933288574,0.00621873140335083,0.007630722131580114
2672,StutterTalk1528,0.11686136573553085,0.05114388093352318,0.004986961837857962,0.26499950885772705,0.06748736649751663
2673,StrongVoices106,0.04552675038576126,0.2364329844713211,0.016983119770884514,0.0006475442205555737,0.020956125110387802
2674,HVSA2128,0.030012115836143494,0.41207465529441833,0.1624314785003662,0.0008771774009801447,0.0022228483576327562
2675,StutteringIsCool140,0.004056753125041723,0.12985870242118835,0.020915228873491287,5.1706079830182716e-05,0.0002664595958776772
2676,StutterTalk6454,0.0414157435297966,0.12235965579748154,0.011961294338107109,0.011462608352303505,0.31540101766586304
2677,StrongVoices23269,0.17543825507164001,0.38956698775291443,0.019962254911661148,0.00042572442907840014,0.007382289506494999
2678,StrongVoices23256,0.03506571799516678,0.17455528676509857,0.0022866870276629925,6.764564022887498e-05,0.002575026359409094
2679,StutteringIsCool3313,0.0062486836686730385,0.07266794890165329,0.0012165744556114078,0.00017667992506176233,0.0013790314551442862
2680,StutteringIsCool796,0.3982424736022949,0.3605954945087433,0.015380078926682472,2.0310355466790497e-05,0.01362620573490858
2681,StutterTalk1617,0.005885676015168428,0.17668314278125763,0.0018344151321798563,0.0010549722937867045,0.6795445084571838
2682,IStutterSoWhat391,0.020398298278450966,0.2401266098022461,0.8710623383522034,0.04130849614739418,0.034471895545721054
2683,StrongVoices6144,0.21335551142692566,0.10184349864721298,0.0017207962227985263,0.00010477911564521492,0.6063984036445618
2684,StutterTalk6619,0.030825050547719002,0.18686075508594513,0.09302002191543579,0.8342971801757812,0.5933483242988586
2685,WomenWhoStutter2182,0.3748265504837036,0.29577139019966125,0.05145217478275299,0.01894981786608696,0.05409874767065048
2686,WomenWhoStutter62183,0.0067912377417087555,0.0593135692179203,0.003369405400007963,0.14217707514762878,0.02585158869624138
2687,StutterTalk6362,0.0003530856338329613,0.019498471170663834,0.0005815626354888082,0.0006100966711528599,0.0005027103470638394
2688,StutterTalk64199,0.24586595594882965,0.026046685874462128,0.003988105338066816,0.012562120333313942,0.23408353328704834
2689,StutterTalk843,0.03485291823744774,0.23274415731430054,0.03530038893222809,0.11369504779577255,0.848200261592865
2690,WomenWhoStutter6915,0.03764836862683296,0.016173172742128372,0.0012640402419492602,0.001671771053224802,0.0348653607070446
2691,StutterTalk64188,0.07690804451704025,0.1004035696387291,0.04599229246377945,0.8870128393173218,0.02412426471710205
2692,StrongVoices316,0.6071704626083374,0.06626111268997192,0.034908048808574677,0.23445925116539001,0.6890923976898193
2693,WomenWhoStutter30193,0.0011064723366871476,0.0023449822328984737,0.000346149958204478,0.013379334472119808,0.00215862225741148
2694,StutterTalk25155,0.4469769597053528,0.24577569961547852,0.035946786403656006,0.00046685803681612015,0.01715642772614956
2695,WomenWhoStutter8685,0.09673747420310974,0.14479026198387146,0.0030819159001111984,0.0014875080669298768,0.9395390748977661
2696,WomenWhoStutter9797,0.4250986576080322,0.09382034838199615,0.041518498212099075,0.7806975841522217,0.011698653921484947
2697,StutteringIsCool8021,0.0020157690159976482,0.056474290788173676,0.04851321130990982,0.19350123405456543,0.028556033968925476
2698,WomenWhoStutter299,0.004448831547051668,0.08497590571641922,0.08439575880765915,0.660667896270752,0.01919686608016491
2699,WomenWhoStutter86145,0.02167115919291973,0.32618167996406555,0.4189435839653015,0.6842460036277771,0.02315683476626873
2700,StutteringIsCool1439,0.3249272108078003,0.07330287247896194,0.0067350235767662525,0.0019293130608275533,0.9603735208511353
2701,StutterTalk7259,0.0018803002312779427,0.024978235363960266,0.017112765461206436,0.3220263719558716,0.03912476450204849
2702,StutteringIsCool4929,0.4549451470375061,0.43343690037727356,0.06889411807060242,0.006822475232183933,0.08567182719707489
2703,StutterTalk799,0.09106094390153885,0.1257704645395279,0.017811279743909836,0.015695219859480858,0.5194767117500305
2704,WomenWhoStutter8746,0.015501881018280983,0.09199389815330505,0.004024025984108448,0.07052180171012878,0.01875566504895687
2705,StrongVoices2176,0.12499353289604187,0.34095504879951477,0.04984883964061737,0.008164639584720135,0.3848024904727936
2706,StrongVoices10145,0.77978515625,0.09603637456893921,0.027718614786863327,0.0005074292421340942,0.007227858528494835
2707,StutterTalk6434,0.08885325491428375,0.08131691068410873,0.02077571116387844,0.00044686408364214003,0.0004012743884231895
2708,StrongVoices3223,0.001021615113131702,0.5020172595977783,0.09646020829677582,3.4774147934513167e-05,0.00017820279754232615
2709,StutteringIsCool3726,0.04229443892836571,0.37884995341300964,0.734171450138092,0.004220769740641117,0.01912282034754753
2710,StutterTalk2539,0.17837189137935638,0.07173401862382889,0.006907484028488398,0.0018104325281456113,0.009601518511772156
2711,StrongVoices717,0.008831854909658432,0.3490847051143646,0.04991637542843819,0.001011234475299716,0.0012696086196228862
2712,StrongVoices1047,0.0801675096154213,0.3623562157154083,0.12948374450206757,0.04475528374314308,0.18806403875350952
2713,StutteringIsCool8087,0.006697074044495821,0.02943539433181286,0.004358599428087473,0.011121493764221668,0.0011787539115175605
2714,StrongVoices32107,0.10917061567306519,0.30560576915740967,0.030767612159252167,0.02189510501921177,0.8800495862960815
2715,StutteringIsCool280,0.0006848765187896788,0.0458810068666935,0.0010678173275664449,0.010722610168159008,0.035121627151966095
2716,HeStutters199,0.025725848972797394,0.28123560547828674,0.006976829841732979,0.00037287434679456055,0.0038657793775200844
2717,WomenWhoStutter1447,0.007645233999937773,0.004179809708148241,0.00011437414650572464,0.00019456716836430132,0.001476140459999442
2718,HVSA3147,0.007670881692320108,0.17325977981090546,0.7283328771591187,0.5767318606376648,0.02392609603703022
2719,StutteringIsCool8038,0.020301109179854393,0.05102004483342171,0.009987426921725273,0.5617237687110901,0.18432755768299103
2720,StrongVoices3110,0.0008172231609933078,0.026891782879829407,0.0014131199568510056,0.002788581419736147,0.008446836844086647
2721,StutterTalk6842,0.02156837470829487,0.22836190462112427,0.2249489426612854,0.262544721364975,0.18833275139331818
2722,StrongVoices23178,0.638304591178894,0.3739524781703949,0.11024980992078781,0.005043377168476582,0.00995283666998148
2723,StrongVoices3246,0.028169535100460052,0.6180513501167297,0.01867813430726528,0.0004670968628488481,0.005485870875418186
2724,StrongVoices229,0.14125895500183105,0.4344417452812195,0.0884135365486145,0.1374433934688568,0.02671121060848236
2725,HeStutters271,0.16260144114494324,0.31819334626197815,0.17703521251678467,0.11953597515821457,0.011522912420332432
2726,StrongVoices2533,0.040192898362874985,0.4872005879878998,0.05876069888472557,0.11647254228591919,0.018785517662763596
2727,IStutterSoWhat384,0.018215913325548172,0.17258480191230774,0.11520306766033173,0.10890330374240875,0.1489686816930771
2728,WomenWhoStutter9731,0.013132897205650806,0.2164025604724884,0.04176376387476921,0.7261719703674316,0.014394332654774189
2729,StrongVoices6171,0.028463203459978104,0.34509652853012085,0.028158532455563545,0.0005405546398833394,0.009580492042005062
2730,WomenWhoStutter2192,0.3862605094909668,0.546607255935669,0.33371174335479736,0.0018583356868475676,0.009586670435965061
2731,StutteringIsCool5521,0.8518856167793274,0.11041109263896942,0.11562249064445496,0.002650065813213587,0.022778280079364777
2732,WomenWhoStutter873,0.4331813156604767,0.049673862755298615,0.01189432479441166,0.0014364258386194706,0.009072442539036274
2733,HeStutters1820,0.0729251429438591,0.06605410575866699,0.003454559249803424,0.004659581929445267,0.48303499817848206
2734,StutterTalk3791,0.7058604955673218,0.006541216280311346,0.0004664437146857381,0.0001494793687015772,0.004610819276422262
2735,StrongVoices32162,0.15293289721012115,0.08269025385379791,0.01946265995502472,0.0011689083185046911,0.009549412876367569
2736,StutteringIsCool34157,0.02521539106965065,0.4923701584339142,0.012361899018287659,0.0006109355017542839,0.006325596943497658
2737,StutteringIsCool1414,0.0011489179451018572,0.055431216955184937,0.011925367638468742,0.0021690528374165297,0.0014913510531187057
2738,WomenWhoStutter62116,0.0395340621471405,0.05053252726793289,0.0062842657789587975,0.026635030284523964,0.011937413364648819
2739,StutterTalk5136,0.005224629305303097,0.14596223831176758,0.010417129844427109,0.3783860206604004,0.025502752512693405
2740,StutterTalk6424,0.04281013086438179,0.12647542357444763,0.5694024562835693,0.0016324393218383193,0.00535706989467144
2741,StutteringIsCool499,0.018789568915963173,0.04946666210889816,0.0012101659085601568,0.000150208332343027,0.0025526201352477074
2742,StutterTalk3833,0.009626157581806183,0.018243394792079926,0.002504083327949047,0.0030826604925096035,0.010365861468017101
2743,StrongVoices324,0.3534243106842041,0.4455169439315796,0.2424207180738449,0.15347731113433838,0.7682698369026184
2744,WomenWhoStutter8792,0.15836597979068756,0.03803034871816635,0.001706587616354227,0.0008801671792753041,0.9696087837219238
2745,IStutterSoWhat365,0.008295605890452862,0.14674614369869232,0.9343990683555603,0.004931670147925615,0.025497710332274437
2746,StutterTalk8155,0.016194961965084076,0.2694093585014343,0.5207895040512085,0.01605648547410965,0.009863664396107197
2747,StutterTalk400,0.0001414144498994574,0.025369202718138695,0.001318897120654583,0.0038022324442863464,0.011559701524674892
2748,StutterTalk5920,0.2607218325138092,0.03416969254612923,0.0031359430868178606,0.0003689074073918164,0.006427627522498369
2749,StutteringIsCool4723,0.001830189023166895,0.03481484204530716,0.018700893968343735,0.17031808197498322,0.007143833674490452
2750,StutteringIsCool2719,0.0013929125852882862,0.0700046494603157,0.029962342232465744,0.1422761231660843,0.010149273090064526
2751,HeStutters1147,0.04221291095018387,0.38850587606430054,0.03817107900977135,0.0023506360594183207,0.7732090950012207
2752,HVSA0107,0.06101389601826668,0.19880062341690063,0.03994979336857796,0.07821467518806458,0.9343053102493286
2753,HVSA0135,0.02659132331609726,0.3869114816188812,0.10807490348815918,0.14776936173439026,0.21910837292671204
2754,WomenWhoStutter14124,0.05804400146007538,0.0888463631272316,0.0022003999911248684,0.0005306657985784113,0.7459405064582825
2755,StutterTalk8160,0.006639502476900816,0.14253230392932892,0.5416508913040161,0.08642695844173431,0.005265043117105961
2756,WomenWhoStutter9756,0.01157309114933014,0.07058790326118469,0.002164749428629875,0.002299475483596325,0.01248699426651001
2757,HeStutters12208,0.1507665514945984,0.13405799865722656,0.004152119159698486,0.00035757553996518254,0.008089260198175907
2758,StrongVoices2326,0.1569470316171646,0.048141710460186005,0.001645321841351688,0.00045098637929186225,0.004594956059008837
2759,StutterTalk7619,0.0372665710747242,0.11329909414052963,0.00722656911239028,0.0015434713568538427,0.8732531070709229
2760,StutterTalk5328,0.06820180267095566,0.4113225042819977,0.03752005100250244,0.004711405374109745,0.5349295735359192
2761,StrongVoices32177,0.08663775771856308,0.37457752227783203,0.06853852421045303,0.002271901350468397,0.21629653871059418
2762,StutterTalk6452,0.03085741028189659,0.5664737820625305,0.1817200928926468,0.002679569413885474,0.003879116615280509
2763,HeStutters18196,0.012103641405701637,0.04448026791214943,0.013159851543605328,0.7754318714141846,0.6085591316223145
2764,StrongVoices2632,0.017306679859757423,0.08753330260515213,0.002798520028591156,0.00011793337034760043,0.00047312313108704984
2765,StrongVoices3298,0.5975874662399292,0.4137343466281891,0.4584316611289978,0.00774599052965641,0.06366322934627533
2766,HVSA1164,0.008807224221527576,0.5003620386123657,0.030730945989489555,0.00541292130947113,0.024108367040753365
2767,WomenWhoStutter4284,0.2694433033466339,0.12860752642154694,0.0019844567868858576,8.387974230572581e-05,0.9873108863830566
2768,StrongVoices2183,0.03430023789405823,0.09893855452537537,0.006597849074751139,0.0020045777782797813,0.055891137570142746
2769,StrongVoices3258,0.763420045375824,0.17039833962917328,0.0194978266954422,0.00011405862460378557,0.02330815978348255
2770,StutterTalk8037,0.0006335977814160287,0.04052739590406418,0.01349710114300251,0.0008830457809381187,0.0001199017497128807
2771,HeStutters296,0.008612684905529022,0.06274110078811646,0.0009610114502720535,0.0005802316009066999,0.08356896042823792
2772,HVSA158,0.020110946148633957,0.6463345289230347,0.2541635036468506,0.003136903280392289,0.009005888365209103
2773,WomenWhoStutter96100,0.02048230543732643,0.4191218316555023,0.6803176403045654,0.013525275513529778,0.023499421775341034
2774,StutterTalk68128,0.027746539562940598,0.37328049540519714,0.1932564526796341,0.7124991416931152,0.039921846240758896
2775,StrongVoices410,0.018176808953285217,0.1557411402463913,0.0002686764346435666,1.2512370631156955e-05,0.21613800525665283
2776,StutterTalk8107,0.09836006164550781,0.024508025497198105,0.0008744372171349823,0.000538076157681644,0.905592679977417
2777,StutterTalk885,0.07029105722904205,0.09188392013311386,0.08744405955076218,0.9250137209892273,0.704082727432251
2778,WomenWhoStutter96142,0.0027659721672534943,0.22878964245319366,0.8378798365592957,0.01526776421815157,0.004343303851783276
2779,StrongVoices1020,0.017614692449569702,0.3734844923019409,0.11702729016542435,0.3781610131263733,0.46699079871177673
2780,StutterTalk897,0.008443621918559074,0.15366314351558685,0.012282533571124077,0.0015788174932822585,0.0005728247342631221
2781,StutterTalk64129,0.03941158205270767,0.1375131905078888,0.007010056171566248,0.0009902724996209145,0.00944300927221775
2782,StutterTalk1624,0.06348675489425659,0.44867637753486633,0.1505761742591858,0.06362897157669067,0.5190098285675049
2783,StutteringIsCool2810,0.011607450433075428,0.25774115324020386,0.003053502645343542,0.00033283932134509087,0.0033796143252402544
2784,HeStutters583,0.01045086421072483,0.4907543957233429,0.6166854500770569,0.01923448219895363,0.0213304590433836
2785,StrongVoices23121,0.1974800080060959,0.2956691086292267,0.019289320334792137,0.0009088888764381409,0.00511194160208106
2786,StrongVoices139,0.37431633472442627,0.19879421591758728,0.14848540723323822,0.025266002863645554,0.02252764068543911
2787,StutterTalk6496,0.06008562445640564,0.4215949475765228,0.4737018644809723,0.10723188519477844,0.7971833944320679
2788,StrongVoices2817,0.6426735520362854,0.16800858080387115,0.0701974406838417,0.0018625401426106691,0.07124178856611252
2789,HeStutters1038,0.3077131509780884,0.21982665359973907,0.020741956308484077,0.0031662166584283113,0.8474389314651489
2790,HVSA032,0.24500146508216858,0.3871190845966339,0.25221896171569824,0.02182093821465969,0.02786835841834545
2791,StutteringIsCool46193,0.01683053933084011,0.09425705671310425,0.009231760166585445,0.013797135092318058,0.010123624466359615
2792,StutteringIsCool6019,0.029084011912345886,0.21394453942775726,0.77876216173172,0.0019482391653582454,0.006619859486818314
2793,StutterTalk37101,0.5907758474349976,0.061807289719581604,0.016549451276659966,0.003989852033555508,0.026312967762351036
2794,WomenWhoStutter1318,0.43835413455963135,0.06722385436296463,0.016616271808743477,0.05384920910000801,0.0030829813331365585
2795,StutterTalk2618,0.024906329810619354,0.12926264107227325,0.08731497824192047,0.006544405594468117,0.010271021164953709
2796,HVSA173,0.027944235131144524,0.13981714844703674,0.08977507799863815,0.7505398988723755,0.03864743560552597
2797,StutterTalk3748,0.19302505254745483,0.24130302667617798,0.08975290507078171,0.2791288197040558,0.9288211464881897
2798,StutteringIsCool8034,0.001453849021345377,0.1968022584915161,0.003199186408892274,0.0004648611065931618,0.07614004611968994
2799,StrongVoices10209,0.04746731370687485,0.4031635820865631,0.15840105712413788,0.002035669283941388,0.005706727039068937
2800,StutterTalk1530,0.026824694126844406,0.10154002159833908,0.043183621019124985,0.7268350720405579,0.6415027379989624
2801,StrongVoices21124,0.007677142042666674,0.062092844396829605,0.006074999459087849,0.11734117567539215,0.018023109063506126
2802,StutterTalk5410,0.04625912010669708,0.3921656310558319,0.6994360089302063,0.12023117393255234,0.05513293668627739
2803,WomenWhoStutter97195,0.18689581751823425,0.11498011648654938,0.008151312358677387,0.015660209581255913,0.9779438972473145
2804,WomenWhoStutter14115,0.0013919835910201073,0.03924810513854027,0.014942086301743984,0.9795080423355103,0.10402972996234894
2805,StrongVoices21125,0.017900001257658005,0.47465670108795166,0.031753383576869965,0.0006641453364863992,0.004577019717544317
2806,WomenWhoStutter175,0.19703014194965363,0.3866369426250458,0.028079068288207054,0.0003191120340488851,0.0031659475062042475
2807,StutteringIsCool7938,0.0037729765754193068,0.10657186061143875,0.2423713505268097,0.07740496844053268,0.0025236066430807114
2808,StrongVoices6167,0.007979690097272396,0.12429818511009216,0.002290797419846058,0.0004948022542521358,0.004393552429974079
2809,StutterTalk37167,0.6641765236854553,0.2063140720129013,0.03403152897953987,0.002009657444432378,0.006594883743673563
2810,WomenWhoStutter30177,0.02476724423468113,0.05311903357505798,0.006902995053678751,0.0021200142800807953,0.0016150290612131357
2811,HeStutters1623,0.03271923586726189,0.16656775772571564,0.011727401055395603,0.011320801451802254,0.5914096236228943
2812,StutterTalk37126,0.03711473569273949,0.10872869193553925,0.04526866227388382,0.7644339203834534,0.8585248589515686
2813,StutteringIsCool1424,0.8546537756919861,0.006772088352590799,0.0005513510550372303,0.00015953605179674923,0.07408326119184494
2814,StutteringIsCool4339,0.08408956974744797,0.13063617050647736,0.002258394146338105,0.0003922071773558855,0.007963772863149643
2815,StrongVoices3222,0.0016070244600996375,0.029021235182881355,0.001094296807423234,0.004921328742057085,0.0010612898040562868
2816,WomenWhoStutter4236,0.01891716942191124,0.07975442707538605,0.005097496323287487,0.0030011082999408245,0.0015701903030276299
2817,WomenWhoStutter2212,0.0373014435172081,0.7015467286109924,0.0794593095779419,0.00041621728450991213,0.0020992043428122997
2818,StrongVoices23251,0.34693053364753723,0.1229172945022583,0.03092770464718342,0.008373204618692398,0.24163910746574402
2819,IStutterSoWhat088,0.11843613535165787,0.015743663534522057,0.0003050253726541996,0.00012264697579666972,0.008447730913758278
2820,StrongVoices23185,0.2177485078573227,0.42469871044158936,0.5199297070503235,0.0025531542487442493,0.013773876242339611
2821,WomenWhoStutter5235,0.00823911651968956,0.5009614825248718,0.2733606696128845,0.026422807946801186,0.017455171793699265
2822,StutterTalk7282,0.6636897325515747,0.16769543290138245,0.6438481211662292,0.001661699847318232,0.018224602565169334
2823,StrongVoices10111,0.04311705008149147,0.17576630413532257,0.0024218596518039703,0.0005811633891426027,0.009132537990808487
2824,StutteringIsCool380,0.0706583634018898,0.09374784678220749,0.12141267955303192,0.9588965177536011,0.04859166219830513
2825,StrongVoices10138,0.499305784702301,0.33390864729881287,0.3693459630012512,0.14990326762199402,0.039426110684871674
2826,MyStutteringLife59,0.09649296849966049,0.09571487456560135,0.001875721151009202,0.000644302403088659,0.01770867221057415
2827,StrongVoices146,0.014762045815587044,0.38398173451423645,0.09425543248653412,0.20007024705410004,0.021646346896886826
2828,StrongVoices32175,0.208033949136734,0.12728442251682281,0.005862127989530563,0.006571498233824968,0.11451327800750732
2829,StrongVoices2134,0.0010607974836602807,0.09387452155351639,0.002302085282281041,0.002348030684515834,0.017627833411097527
2830,StrongVoices2116,0.003560498356819153,0.02209678664803505,0.001123666763305664,0.0074151684530079365,0.1197359636425972
2831,WomenWhoStutter647,0.08061397075653076,0.19847732782363892,0.4979196786880493,0.4234406352043152,0.45785707235336304
2832,StrongVoices520,0.11059685796499252,0.36662450432777405,0.20310313999652863,0.003620907897129655,0.01048384141176939
2833,HeStutters12178,0.036396585404872894,0.5935394763946533,0.09121556580066681,0.00098120654001832,0.005536490119993687
2834,HVSA125,0.015581613406538963,0.0720861405134201,0.007343035191297531,0.0024259709753096104,0.03729257360100746
2835,StutterTalk8165,0.5343075394630432,0.07714442908763885,0.03199630603194237,0.01859537698328495,0.5573419332504272
2836,IStutterSoWhat3113,0.024995986372232437,0.4399995803833008,0.035560838878154755,0.008223013021051884,0.0276125967502594
2837,StutterTalk26128,0.057955604046583176,0.27929893136024475,0.1454961895942688,0.45548391342163086,0.8752269148826599
2838,StutterTalk436,0.15624745190143585,0.4878026843070984,0.09789985418319702,0.04712565615773201,0.05115349590778351
2839,StutterTalk37129,0.17388616502285004,0.02391425147652626,0.0036559465806931257,0.005684289149940014,0.10248742252588272
2840,WomenWhoStutter9737,0.006069117691367865,0.23416973650455475,0.8811718821525574,0.09006571769714355,0.025578103959560394
2841,StutterTalk3037,0.0004197795351501554,0.012448562309145927,0.0007073705783113837,0.0006885644397698343,0.00026581381098367274
2842,StutterTalk26179,0.013888265937566757,0.04700461030006409,0.004652380011975765,0.00580211915075779,0.0036204399075359106
2843,WomenWhoStutter1311,0.024053657427430153,0.5850302577018738,0.04345658794045448,0.0003134320431854576,0.006425697356462479
2844,MyStutteringLife1911,0.9169077277183533,0.007229967042803764,0.0016523515805602074,0.002179268980398774,0.004041467793285847
2845,StutterTalk4435,0.027776798233389854,0.08173516392707825,0.003115386003628373,0.006466893013566732,0.8146816492080688
2846,StutterTalk64181,0.1629655659198761,0.17998777329921722,0.06912685930728912,0.1638016402721405,0.6854520440101624
2847,StutteringIsCool7617,0.061560917645692825,0.332246869802475,0.4925520718097687,0.2112213373184204,0.8490560054779053
2848,StrongVoices699,0.7105358242988586,0.08485697954893112,0.010242334567010403,0.03594544157385826,0.02081606537103653
2849,StrongVoices116,0.0002691510017029941,0.016230829060077667,0.0016044947551563382,0.004372758325189352,0.0009795200312510133
2850,StutteringIsCool4519,0.1517070084810257,0.31684020161628723,0.04897264391183853,0.0014731866540387273,0.00267414259724319
2851,HVSA3207,0.022615166381001472,0.3356151878833771,0.7155630588531494,0.06707490235567093,0.028681587427854538
2852,StutterTalk3033,0.04917718097567558,0.5297091603279114,0.26579248905181885,0.27806809544563293,0.039504993706941605
2853,WomenWhoStutter8215,0.14083977043628693,0.25600770115852356,0.016440972685813904,0.0007038430194370449,0.9585318565368652
2854,StutteringIsCool34147,0.12421230971813202,0.3361319303512573,0.02718382328748703,0.006165996193885803,0.8503705859184265
2855,WomenWhoStutter2115,0.0051717874594032764,0.03058554232120514,0.0020211979281157255,0.005556202027946711,0.04510927200317383
2856,HVSA2178,0.18735474348068237,0.09062649309635162,0.0030169899109750986,0.0004830766993109137,0.027327634394168854
2857,StutterTalk862,0.1317562609910965,0.23632922768592834,0.24197502434253693,0.8229070901870728,0.8111682534217834
2858,StutteringIsCool1426,9.397323447046801e-05,0.007882342673838139,0.00015045603504404426,0.0011954973451793194,0.000707426923327148
2859,StrongVoices922,0.016335323452949524,0.42159345746040344,0.013936666771769524,0.0024117680732160807,0.005177988205105066
2860,StrongVoices10102,0.010994370095431805,0.16508430242538452,0.004242544062435627,0.006445204373449087,0.03468247130513191
2861,StutterTalk37168,0.26956334710121155,0.12146051228046417,0.08986713737249374,0.030569110065698624,0.008235431276261806
2862,StrongVoices1080,0.22981511056423187,0.0769394263625145,0.005021154880523682,0.0004938824567943811,0.007514320779591799
2863,StrongVoices814,0.0021743453107774258,0.006360619328916073,0.00012742994294967502,6.340835534501821e-05,0.0001545964041724801
2864,StutterTalk7716,0.11171452701091766,0.5084397196769714,0.01627277210354805,0.0008438857039436698,0.01741061732172966
2865,HeStutters186,0.018571479246020317,0.18826837837696075,0.007824757136404514,0.06647494435310364,0.04382387176156044
2866,StrongVoices10193,0.00047687554615549743,0.014109314419329166,2.4338485673069954e-05,1.6818354197312146e-05,0.037477850914001465
2867,StutterTalk694,0.10110215097665787,0.026581166312098503,3.1682073313277215e-05,8.35064440707356e-07,0.02330556884407997
2868,StutterTalk889,0.006803329102694988,0.1685420721769333,0.3825882375240326,0.8587744235992432,0.010524402372539043
2869,StutterTalk64166,0.08111485838890076,0.14313167333602905,0.0368783175945282,0.00010668858158169314,0.003359556198120117
2870,HeStutters11128,0.019146688282489777,0.17726431787014008,0.018384069204330444,0.707042932510376,0.0186099112033844
2871,StutterTalk782,0.1740470826625824,0.25563448667526245,0.010538693517446518,0.0003122375637758523,0.9324396848678589
2872,StrongVoices2341,0.10264426469802856,0.05674419552087784,0.01390446349978447,0.00813186727464199,0.0026681963354349136
2873,StutterTalk63138,0.05583672598004341,0.4662770628929138,0.5260939598083496,0.06133991852402687,0.025776516646146774
2874,WomenWhoStutter25,0.030514156445860863,0.32059770822525024,0.22512343525886536,0.19658222794532776,0.05635663866996765
2875,StutterTalk6365,0.01974283531308174,0.14019320905208588,0.011237242259085178,0.05353109538555145,0.2768339216709137
2876,WomenWhoStutter42121,0.7952056527137756,0.003449783893302083,0.0006943464395590127,0.0007576668285764754,0.002523146802559495
2877,StrongVoices1817,0.008672738447785378,0.04315279424190521,0.0062730079516768456,0.008083033375442028,0.009925288148224354
2878,StutteringIsCool7025,0.0001585494028404355,0.0028907957021147013,3.9729904528940096e-05,1.1760489542211872e-06,4.97517839903594e-06
2879,WomenWhoStutter3537,0.03501483425498009,0.15087498724460602,0.031717173755168915,0.022757595404982567,0.2579127252101898
2880,WomenWhoStutter6266,0.017000827938318253,0.11050334572792053,0.031677182763814926,0.05220852047204971,0.20176202058792114
2881,WomenWhoStutter6292,0.01570356823503971,0.34866470098495483,0.09563416242599487,0.5604215264320374,0.1945306956768036
2882,StrongVoices216,0.6302052736282349,0.3173742890357971,0.04002894088625908,0.016485214233398438,0.19079798460006714
2883,StrongVoices32179,0.8521590232849121,0.04423900321125984,0.0018199621699750423,0.00021798066154588014,0.00549342529848218
2884,StutterTalk5921,0.0034272612538188696,0.09424107521772385,0.04079006239771843,0.36188769340515137,0.1940421462059021
2885,StrongVoices2359,0.020984191447496414,0.4893743097782135,0.001995769562199712,4.212914063828066e-06,0.001264027669094503
2886,IStutterSoWhat376,0.19212494790554047,0.24501104652881622,0.01978088729083538,1.7930517060449347e-05,0.007891017012298107
2887,WomenWhoStutter105,0.037966594099998474,0.25224441289901733,0.014943337067961693,0.03022807091474533,0.2812737822532654
2888,HVSA284,0.08178601413965225,0.11113731563091278,0.0015154378488659859,0.0006054677651263773,0.12038195133209229
2889,StutteringIsCool1610,0.2439323514699936,0.15053023397922516,0.016133297234773636,0.003804584499448538,0.25919875502586365
2890,StutteringIsCool6018,0.0018574020359665155,0.03671199828386307,0.006673241034150124,0.005887598264962435,0.06604976207017899
2891,WomenWhoStutter696,0.03692873567342758,0.3610154092311859,0.4645659625530243,0.6407768130302429,0.16712836921215057
2892,StrongVoices1012,0.002007820876315236,0.038991592824459076,0.0005302150966599584,0.00012224742386024445,0.0034844258334487677
2893,StutteringIsCool121,0.007702091243118048,0.0865727886557579,0.0007460282067768276,3.1744617444928735e-05,0.0006885611801408231
2894,HeStutters5156,0.013645811006426811,0.2113945633172989,0.6000062823295593,0.00015180082118604332,0.0013836370781064034
2895,StutterTalk6394,0.007105875760316849,0.3770250976085663,0.013697502203285694,0.0013715599197894335,0.016118347644805908
2896,StutteringIsCool754,0.5882920622825623,0.03183666244149208,0.00046089928946457803,7.710926001891494e-05,0.893925130367279
2897,StutterTalk3756,0.8974722027778625,0.0688028335571289,0.022157272323966026,0.008710218593478203,0.47911083698272705
2898,WomenWhoStutter359,0.04814543575048447,0.2943675220012665,0.08777815103530884,0.01481327973306179,0.40867170691490173
2899,MyStutteringLife10,0.06443911790847778,0.6217156648635864,0.07140961289405823,0.002254220424219966,0.01617969013750553
2900,StutterTalk64205,0.07976480573415756,0.1666470766067505,0.1321280598640442,0.004572203382849693,0.011943106539547443
2901,HVSA2154,0.010411212220788002,0.052433695644140244,0.003881769021973014,0.0035455934703350067,0.05871450528502464
2902,StutterTalk254,0.000598388141952455,0.02787593938410282,0.0025834906846284866,0.020428583025932312,0.0077020470052957535
2903,StrongVoices2728,0.8060740828514099,0.08209182322025299,0.006410056259483099,0.00030893037910573184,0.06413209438323975
2904,WomenWhoStutter9798,0.2805674970149994,0.24964550137519836,0.012298932299017906,0.0005234986892901361,0.009208904579281807
2905,StutteringIsCool3338,0.0034435500856488943,0.2740046977996826,0.00875707808881998,0.0008571338257752359,0.006217988207936287
2906,HVSA283,0.023094817996025085,0.053977590054273605,0.0018478947458788753,0.00032258316059596837,0.004440840799361467
2907,IStutterSoWhat381,0.068768210709095,0.1739719957113266,0.5241702795028687,0.17630714178085327,0.08096222579479218
2908,StutterTalk64182,0.23044157028198242,0.09280150383710861,0.015274721197783947,0.4057936370372772,0.6128621101379395
2909,StrongVoices23206,0.32245776057243347,0.27617761492729187,0.003654093947261572,3.299595118733123e-05,0.01623775251209736
2910,StutteringIsCool46144,0.00828985683619976,0.32244521379470825,0.4203028678894043,0.3705923855304718,0.04269593581557274
2911,StutterTalk7627,0.046858616173267365,0.06318750232458115,0.002159775933250785,0.0012858466943725944,0.9637455344200134
2912,MyStutteringLife211,0.35680657625198364,0.1416069120168686,0.012950433418154716,0.0004202992713544518,0.005634952336549759
2913,HVSA3108,0.0145981190726161,0.2891860902309418,0.4921896159648895,0.6940603852272034,0.02474198304116726
2914,StutterTalk6387,0.05958733707666397,0.05850459635257721,0.004379285499453545,0.005385681055486202,0.7038636207580566
2915,StrongVoices1083,0.2922403812408447,0.4249873757362366,0.12338016927242279,0.011636897921562195,0.6357390284538269
2916,StutterTalk64194,0.06382977217435837,0.07844404876232147,0.006962522864341736,0.015310724265873432,0.93840491771698
2917,HeStutters1621,0.030655115842819214,0.054314207285642624,0.00143907917663455,0.001967016141861677,0.04605947434902191
2918,StutteringIsCool6927,0.07883709669113159,0.06649763882160187,0.026558155193924904,0.04066051170229912,0.01281096413731575
2919,StutteringIsCool2919,8.537548274034634e-05,0.0061583686619997025,0.000255774415563792,4.0636485209688544e-05,3.713408295880072e-05
2920,StutteringIsCool2932,0.002285873284563422,0.023573465645313263,0.0037017990835011005,0.005853916518390179,0.2564146816730499
2921,StrongVoices531,0.15613573789596558,0.1409948766231537,0.0020816500764340162,0.0005873353220522404,0.06484711915254593
2922,WomenWhoStutter87133,0.008941697888076305,0.2095864713191986,0.0182403102517128,0.08522205054759979,0.006383347325026989
2923,StutteringIsCool111,0.0002230241079814732,0.006374627351760864,0.0005395441548898816,0.0005276614683680236,0.0002156344271497801
2924,MyStutteringLife1617,0.5528311729431152,0.036060795187950134,0.003321644850075245,0.0005720537737943232,0.0039633940905332565
2925,StutterTalk4920,0.058754488825798035,0.36369216442108154,0.24925366044044495,0.08839473873376846,0.01081317849457264
2926,StutterTalk3750,0.0138402646407485,0.08280836790800095,0.0017265420174226165,0.0015891538932919502,0.09437379240989685
2927,StutterTalk25135,0.006574873812496662,0.0477743074297905,0.00479020643979311,0.048506949096918106,0.21932457387447357
2928,WomenWhoStutter8630,0.02955245040357113,0.29852673411369324,0.007001643534749746,0.0002379148209001869,0.006086547393351793
2929,StutterTalk7735,0.3881950378417969,0.21931923925876617,0.007109214086085558,0.003056158544495702,0.009729031473398209
2930,WomenWhoStutter794,0.021874094381928444,0.052905455231666565,0.004472666885703802,0.004053392913192511,0.8809066414833069
2931,HeStutters2161,0.04321320354938507,0.3721264898777008,0.3958595395088196,0.4049173593521118,0.08860411494970322
2932,StutteringIsCool212,0.6173409819602966,0.23299631476402283,0.24662838876247406,0.122683584690094,0.8396891355514526
2933,StutteringIsCool804,0.21718443930149078,0.40245261788368225,0.2563191056251526,0.022547349333763123,0.05135007202625275
2934,HeStutters109,0.02174244076013565,0.2041119933128357,0.06567627936601639,0.041967663913965225,0.917280912399292
2935,StutterTalk6473,0.02731296792626381,0.18349266052246094,0.41101041436195374,0.001924546086229384,0.0028062141500413418
2936,StrongVoices712,0.7272897362709045,0.07380235940217972,0.01783471740782261,0.0015731854364275932,0.011712201870977879
2937,StrongVoices714,0.6890255808830261,0.08927970379590988,0.04202057048678398,0.01827937923371792,0.027497423812747
2938,StrongVoices514,0.0022529016714543104,0.13075564801692963,0.020245661959052086,0.0032746579963713884,0.0019601553212851286
2939,StrongVoices52,0.003108959412202239,0.12444091588258743,0.0469207689166069,0.0028790351934731007,0.024976758286356926
2940,StutteringIsCool387,0.04066314920783043,0.061551883816719055,0.030600205063819885,0.01852302812039852,0.046893298625946045
2941,StutterTalk26131,0.11466962844133377,0.5017885565757751,0.4914064109325409,0.014869578182697296,0.04240606352686882
2942,StutteringIsCool80169,0.47157022356987,0.05075301229953766,0.0076347277499735355,0.003624315606430173,0.03578069433569908
2943,StrongVoices21102,0.14553938806056976,0.018166434019804,0.0014099045656621456,0.0004695215029641986,0.020877014845609665
2944,WomenWhoStutter10711,0.021020015701651573,0.07896612584590912,0.0009369869367219508,0.00011418083886383101,0.002196916379034519
2945,StutterTalk6620,0.0011159514542669058,0.003930550534278154,0.00018974817066919059,0.00013988313730806112,0.00028655395726673305
2946,WomenWhoStutter97147,0.015614274889230728,0.32262468338012695,0.7419188022613525,0.1596243679523468,0.13732537627220154
2947,StutterTalk185,0.018204551190137863,0.3738987445831299,0.022154953330755234,0.017272748053073883,0.20934182405471802
2948,StutterTalk810,0.0030519599094986916,0.03154218941926956,0.0020457219798117876,0.0034665220882743597,0.31598350405693054
2949,HeStutters1834,0.005458257161080837,0.07412756234407425,0.0015962183242663741,0.03437088802456856,0.16354326903820038
2950,StutterTalk373,0.3820694088935852,0.03775687515735626,0.0028597780037671328,0.00045231779222376645,0.0032469001598656178
2951,StutterTalk8012,0.0008206621860153973,0.06981393694877625,0.06706591695547104,0.015643179416656494,0.0007115202024579048
2952,StrongVoices713,0.053601525723934174,0.2547658085823059,0.1287197768688202,0.028903303667902946,0.006501136347651482
2953,StutterTalk331,0.12896688282489777,0.37231382727622986,0.11451126635074615,0.7323429584503174,0.13378137350082397
2954,StutteringIsCool46100,0.0030500597786158323,0.04885372519493103,0.005097384564578533,0.11097808927297592,0.008106373250484467
2955,StrongVoices715,0.04094480350613594,0.015905160456895828,0.0006525185890495777,9.123932977672666e-05,0.001136182458139956
2956,StutterTalk63140,0.26198816299438477,0.11642451584339142,0.0012478806311264634,0.0002051625633612275,0.8952029943466187
2957,HVSA379,0.0009942955803126097,0.12165716290473938,0.9755840301513672,0.002595484722405672,0.010215619578957558
2958,StutterTalk95,0.2374991625547409,0.022948753088712692,0.014291771687567234,0.6354842185974121,0.9794029593467712
2959,StrongVoices23207,0.5870001912117004,0.31817418336868286,0.07902355492115021,0.006360258441418409,0.0270883459597826
2960,StutterTalk2553,0.06617800891399384,0.08379822969436646,0.007013529073446989,0.09853793680667877,0.6246634721755981
2961,StutteringIsCool2331,0.030422857031226158,0.5354406833648682,0.10674100369215012,0.00411553680896759,0.01811225339770317
2962,StutterTalk7249,0.0864713191986084,0.06028319522738457,0.0018169889226555824,0.0014773969305679202,0.002042473992332816
2963,WomenWhoStutter4929,0.17416371405124664,0.19419990479946136,0.058273013681173325,0.00010446764645166695,0.004819981753826141
2964,StrongVoices2366,0.35962024331092834,0.13644061982631683,0.0011066682636737823,8.360011634067632e-06,0.007203326560556889
2965,StutterTalk1317,0.1175873726606369,0.48401427268981934,0.4557383358478546,0.41235625743865967,0.1070900410413742
2966,StrongVoices614,0.3415517508983612,0.09175614267587662,0.008819791488349438,0.01343381404876709,0.5068545937538147
2967,HeStutters1855,0.01726146787405014,0.475436270236969,0.28262972831726074,0.1794911026954651,0.06216949224472046
2968,StrongVoices23246,0.8444939851760864,0.023826630786061287,0.001063535106368363,0.0003428524069022387,0.01229875348508358
2969,StutterTalk64122,0.3703283369541168,0.31430500745773315,0.06740453094244003,0.02789693884551525,0.05937420576810837
2970,StrongVoices2636,0.6192246675491333,0.25300416350364685,0.05983744189143181,9.273673640564084e-05,0.003629686776548624
2971,WomenWhoStutter462,0.0015309492591768503,0.15201659500598907,0.005322083830833435,0.0712733343243599,0.014499898999929428
2972,WomenWhoStutter2929,0.0006588324322365224,0.047127120196819305,0.0013404960045590997,1.827427382750102e-07,1.8018314221990295e-05
2973,StrongVoices6170,0.7447643280029297,0.04574548825621605,0.002909936010837555,0.00021721651137340814,0.19249297678470612
2974,WomenWhoStutter3511,0.11948459595441818,0.1387474685907364,0.00792951975017786,0.0009710749727673829,0.29285046458244324
2975,IStutterSoWhat3149,0.03999556601047516,0.3620865046977997,0.08108950406312943,0.08723341673612595,0.5260305404663086
2976,StutteringIsCool7929,0.01275984849780798,0.38069602847099304,0.11143945902585983,0.23276513814926147,0.4236737787723541
2977,StrongVoices21116,0.0007684218580834568,0.1541866660118103,0.007078522816300392,0.0020105803851038218,0.002071996917948127
2978,MyStutteringLife3811,0.03854599595069885,0.07297215610742569,0.027072180062532425,0.633515477180481,0.982712984085083
2979,StrongVoices2133,0.634619414806366,0.14038881659507751,0.006815880537033081,0.0004362043982837349,0.10204516351222992
2980,WomenWhoStutter2612,0.00128286296967417,0.02218347229063511,0.0005165014299564064,0.007487576454877853,0.010907347314059734
2981,StutterTalk37130,0.27311691641807556,0.04992200806736946,0.0015564820496365428,0.00029755846480838954,0.008018366992473602
2982,StutteringIsCool3821,0.20711830258369446,0.40799054503440857,0.43454933166503906,0.04290953651070595,0.05321156233549118
2983,StrongVoices119,0.010230504907667637,0.02679993212223053,0.005224946420639753,0.03169814124703407,0.08113086968660355
2984,WomenWhoStutter819,0.6911845803260803,0.36764687299728394,0.07180742919445038,0.007123357616364956,0.04637465253472328
2985,HeStutters174,0.11981348693370819,0.06756050884723663,0.00419985968619585,0.0021774047054350376,0.992115318775177
2986,HVSA315,0.11241954565048218,0.1412767618894577,0.01520432811230421,0.0004073715244885534,0.9568231105804443
2987,HVSA267,0.006421434227377176,0.31995871663093567,0.28398019075393677,0.08710827678442001,0.010075964964926243
2988,StutterTalk119,0.0073378682136535645,0.09769711643457413,0.007456096354871988,0.003271019784733653,0.002397694392129779
2989,StutteringIsCool2313,0.025990888476371765,0.2637658417224884,0.5215547680854797,0.020904716104269028,0.002851726021617651
2990,StutterTalk6439,0.0007462365902028978,0.0008917650557123125,8.005257768672891e-06,4.65491496015602e-07,2.954801675514318e-05
2991,HeStutters11169,0.12526337802410126,0.26211604475975037,0.17488525807857513,0.6657490730285645,0.8210106492042542
2992,WomenWhoStutter9767,0.0379263274371624,0.43768322467803955,0.024769578129053116,0.0018236059695482254,0.1685691624879837
2993,StrongVoices2370,0.3131582736968994,0.044197678565979004,0.0006820714334025979,2.3413749659084715e-05,0.005732836201786995
2994,HVSA122,0.007770684082061052,0.27276453375816345,0.23838038742542267,0.11770997196435928,0.31910189986228943
2995,StrongVoices10127,0.001407565432600677,0.05467844754457474,0.024976516142487526,0.14395672082901,0.0027036769315600395
2996,StutteringIsCool1713,0.00048728729598224163,0.002425901824608445,0.00045308031258173287,0.00314762769266963,0.00041930979932658374
2997,StutterTalk1211,0.5614463686943054,0.1331218034029007,0.02863922528922558,0.0002615785924717784,0.001115865889005363
2998,StutteringIsCool34164,0.07152734696865082,0.10147525370121002,0.002181778661906719,0.0013601829996332526,0.9113932251930237
2999,StutteringIsCool2315,0.07743348926305771,0.10352803766727448,0.009959571994841099,0.0026985788717865944,0.9495813250541687
3000,StutterTalk2227,0.003855546470731497,0.1353226602077484,0.16321231424808502,0.7980977892875671,0.013758261688053608
3001,HeStutters258,0.034889038652181625,0.5784009695053101,0.3443083167076111,0.019043229520320892,0.023742470890283585
3002,IStutterSoWhat314,0.004821780137717724,0.08299431204795837,0.05042589455842972,0.7793804407119751,0.05250139907002449
3003,StutteringIsCool7029,0.030866075307130814,0.4169335663318634,0.19557179510593414,0.003574669361114502,0.0024823169223964214
3004,StrongVoices333,0.03236532211303711,0.1506454050540924,0.0025490373373031616,0.0012034906540066004,0.9174708724021912
3005,StutterTalk2235,0.007707388140261173,0.24275292456150055,0.7231776714324951,0.3583059012889862,0.055658601224422455
3006,HeStutters564,0.021050425246357918,0.28846970200538635,0.02340690977871418,0.3108230531215668,0.04634937644004822
3007,StutterTalk844,0.0010103702079504728,0.13904260098934174,0.018069932237267494,0.023797539994120598,0.0040876115672290325
3008,StrongVoices23175,0.02010962925851345,0.41621628403663635,0.02348027378320694,0.0009592523565515876,0.030072307214140892
3009,WomenWhoStutter1042,0.0006828925688751042,0.024163328111171722,0.0022666428703814745,0.0028830403462052345,0.0004903791705146432
3010,HeStutters2167,0.11033377051353455,0.10606903582811356,0.0021744477562606335,0.0008121979772113264,0.973831057548523
3011,MyStutteringLife2537,0.005533682182431221,0.1416267454624176,0.001262921025045216,0.00014435425691772252,0.00039121616282500327
3012,HVSA1109,0.08681204169988632,0.32654687762260437,0.1792551577091217,0.03387535735964775,0.849374532699585
3013,StutteringIsCool4329,0.8053783178329468,0.10704860836267471,0.008953951299190521,0.0003162930079270154,0.012502962723374367
3014,MyStutteringLife1611,0.04386671259999275,0.16971303522586823,0.0018849120242521167,0.0006065053166821599,0.9734391570091248
3015,StrongVoices2110,0.14012791216373444,0.05765422061085701,0.0039391606114804745,0.0001539987715659663,0.0018757738871499896
3016,HeStutters1210,0.3245997130870819,0.029022201895713806,0.0008984370506368577,0.0005678878515027463,0.9922939538955688
3017,WomenWhoStutter42143,0.0005376885528676212,0.0842522382736206,0.00392407039180398,0.0039525809697806835,0.022784516215324402
3018,StutterTalk3738,0.040693409740924835,0.11745533347129822,0.017526594921946526,0.01491521019488573,0.4110044538974762
3019,StrongVoices1136,0.16628623008728027,0.26170438528060913,0.03486065939068794,0.007579102646559477,0.029706258326768875
3020,StutteringIsCool80198,0.01646757312119007,0.04939977824687958,0.02406175807118416,0.8308053016662598,0.5843780636787415
3021,HVSA188,0.00522452499717474,0.19981472194194794,0.0012135411379858851,1.711862023512367e-05,0.00199701776728034
3022,WomenWhoStutter2924,0.14132098853588104,0.30133765935897827,0.0511782132089138,0.018810167908668518,0.929361879825592
3023,StutteringIsCool3827,0.026974573731422424,0.30500566959381104,0.03486780822277069,0.009913516230881214,0.006606001406908035
3024,StutteringIsCool3330,0.05340757220983505,0.31328195333480835,0.1554369479417801,0.2863352596759796,0.4951406717300415
3025,IStutterSoWhat3134,0.0012182262726128101,0.04397955909371376,0.005123415496200323,0.024978188797831535,0.31047117710113525
3026,StutterTalk137,0.033333536237478256,0.09396247565746307,0.027208782732486725,0.008860552683472633,0.004244061186909676
3027,StutteringIsCool15,0.001711826422251761,0.0841250792145729,0.2249341756105423,0.627853274345398,0.015363515354692936
3028,WomenWhoStutter6275,0.38429585099220276,0.43883246183395386,0.39822885394096375,0.09297817200422287,0.5403990745544434
3029,WomenWhoStutter22,0.08317699283361435,0.4252004027366638,0.49626779556274414,0.31554460525512695,0.8028228282928467
3030,StutterTalk64192,0.12569008767604828,0.09154028445482254,0.006496555637568235,0.0004116579075343907,0.910947322845459
3031,StutteringIsCool8439,0.0005144196911714971,0.002938405843451619,0.00018305788398720324,0.0002110828208969906,0.0017577315447852015
3032,WomenWhoStutter276,0.012544731609523296,0.06714511662721634,0.003110915422439575,0.0030333632603287697,0.0016453319694846869
3033,StrongVoices019,0.0038256936240941286,0.11911973357200623,0.07287650555372238,0.31492671370506287,0.2055833786725998
3034,StutterTalk1526,0.003857493633404374,0.02403315342962742,0.0075909970328211784,0.9809462428092957,0.030537189915776253
3035,StutterTalk37114,0.012957757338881493,0.06629569828510284,0.016250720247626305,0.09287332743406296,0.4926700294017792
3036,StutterTalk49,0.0008503501303493977,0.07074768841266632,0.2772851586341858,0.944736123085022,0.03588913381099701
3037,StutterTalk26188,0.08288905769586563,0.10096944123506546,0.00284277880564332,0.0003508862282615155,0.003331368789076805
3038,StrongVoices2416,0.004157829098403454,0.2048134058713913,0.0019031197298318148,6.390453927451745e-05,0.0007486908580176532
3039,StutterTalk1036,0.027640655636787415,0.2372254729270935,0.005325813312083483,0.003875987371429801,0.06931498646736145
3040,HeStutters579,0.0062732575461268425,0.11980018019676208,0.016469495370984077,0.9417518973350525,0.02477056346833706
3041,StutteringIsCool284,6.258032954065129e-05,0.027978509664535522,0.0014190475922077894,0.01599377766251564,0.004967340733855963
3042,WomenWhoStutter10514,0.00428113853558898,0.15593573451042175,0.07976065576076508,0.004977693315595388,0.0025688488967716694
3043,WomenWhoStutter9796,0.032361045479774475,0.25780606269836426,0.2884480059146881,0.613061785697937,0.010673034004867077
3044,StutterTalk1831,0.013273787684738636,0.1915140450000763,0.0890398845076561,0.8778865337371826,0.3885919153690338
3045,StutterTalk63159,0.14223285019397736,0.2681107819080353,0.06844902038574219,0.006068088114261627,0.0163673497736454
3046,StutterTalk81,0.02435680851340294,0.0754234790802002,0.02817881852388382,0.06156641244888306,0.27381497621536255
3047,StutteringIsCool4712,0.004633674863725901,0.10677315294742584,0.3154247999191284,0.7685072422027588,0.029377294704318047
3048,StutterTalk2680,0.033580612391233444,0.04327523708343506,0.0011834860779345036,0.0026729220990091562,0.19032105803489685
3049,WomenWhoStutter10168,0.1967189460992813,0.026582706719636917,0.005886150058358908,0.00036276894388720393,0.003062041010707617
3050,WomenWhoStutter812,0.5980966687202454,0.22082571685314178,0.4745461940765381,0.010356782004237175,0.01640384830534458
3051,HeStutters331,0.013719402253627777,0.6318711042404175,0.07123006880283356,0.0011727790115401149,0.0034207445569336414
3052,StutterTalk1230,0.13491319119930267,0.02030179649591446,0.014348044991493225,0.0035041491501033306,0.00023247551871463656
3053,StrongVoices1921,0.0012535314308479428,0.025270594283938408,0.006477121263742447,0.0010908013209700584,0.0004141385725233704
3054,StrongVoices1032,0.21183820068836212,0.19855020940303802,0.010389265604317188,0.00027731352020055056,0.004353427793830633
3055,WomenWhoStutter96166,0.02302446961402893,0.5584192276000977,0.28186658024787903,0.04158472269773483,0.027836168184876442
3056,StutteringIsCool6134,0.0741383284330368,0.5355651378631592,0.056537870317697525,0.006972460076212883,0.16866324841976166
3057,WomenWhoStutter281,0.33458560705184937,0.2904289960861206,0.01786724664270878,0.0012989913811907172,0.021441197022795677
3058,StutterTalk7284,0.023067079484462738,0.39043596386909485,0.13628500699996948,0.05324620380997658,0.01655387505888939
3059,StrongVoices1815,0.03787790611386299,0.2061409205198288,0.02797483094036579,0.00401750672608614,0.004827070515602827
3060,WomenWhoStutter3060,0.0011298798490315676,0.01687723584473133,0.00021964340703561902,1.1120358067273628e-05,0.00045159703586250544
3061,WomenWhoStutter21204,0.00022377748973667622,0.009894915856420994,8.516285015502945e-05,9.388894977746531e-05,0.0008878358639776707
3062,StutteringIsCool2927,0.2417999804019928,0.026169145479798317,0.0037712513003498316,0.0005820206715725362,0.007348410785198212
3063,StrongVoices735,0.051125120371580124,0.5416231155395508,0.09919790923595428,0.00307840621098876,0.2429095208644867
3064,WomenWhoStutter62215,0.018057335168123245,0.578694224357605,0.3148016035556793,0.0379297137260437,0.021098274737596512
3065,StutterTalk379,0.012587419711053371,0.17057040333747864,0.024031341075897217,0.016006194055080414,0.04973745718598366
3066,StutterTalk63113,0.1634301245212555,0.1603327989578247,0.018575655296444893,0.9195199608802795,0.09198351949453354
3067,WomenWhoStutter96176,0.0013420000905171037,0.056744400411844254,0.0019074559677392244,0.004326926544308662,0.029075898230075836
3068,StutterTalk3734,0.0786665827035904,0.3130852282047272,0.11690369248390198,0.031184524297714233,0.6619474291801453
3069,StutteringIsCool7514,0.14080969989299774,0.24211056530475616,0.1288662850856781,0.12151406705379486,0.9337533712387085
3070,StutteringIsCool4628,0.002691098256036639,0.1785270869731903,0.004653130657970905,0.0051730042323470116,0.013167097233235836
3071,HVSA159,0.36349260807037354,0.060911960899829865,0.00044484532554633915,7.342542085098103e-05,0.8732973337173462
3072,StrongVoices2312,0.012380886822938919,0.19414225220680237,0.005356277339160442,0.0013242628192529082,0.011705982498824596
3073,StutterTalk7613,0.04087704420089722,0.17454679310321808,0.02958320826292038,0.020771244540810585,0.6238267421722412
3074,WomenWhoStutter2130,0.011440477333962917,0.02216845005750656,0.0016027763485908508,0.004424616694450378,0.004718602169305086
3075,HVSA3201,0.006092654541134834,0.48784294724464417,0.3195561468601227,0.004199109971523285,0.0029738787561655045
3076,HVSA049,0.018495041877031326,0.15820875763893127,0.19484606385231018,0.15914185345172882,0.03276841714978218
3077,StutterTalk779,0.019933123141527176,0.18794827163219452,0.8432914614677429,0.15409281849861145,0.19773982465267181
3078,StutterTalk64160,0.07657419890165329,0.3149939775466919,0.8149126172065735,0.0266653373837471,0.03854517638683319
3079,MyStutteringLife531,0.00427339319139719,0.21667559444904327,0.1460585743188858,0.015110624022781849,0.006182735785841942
3080,StutterTalk648,0.0791109949350357,0.1418355405330658,0.027952726930379868,0.4480326175689697,0.05387618765234947
3081,StutterTalk3838,0.005608233157545328,0.18716515600681305,0.01254801545292139,0.01371699757874012,0.5458443760871887
3082,StrongVoices663,0.4328728914260864,0.4841749668121338,0.07839611172676086,0.005492800381034613,0.018448324874043465
3083,StutterTalk4929,0.006810659542679787,0.061094604432582855,0.003545811166986823,0.0006428080378100276,0.0015830449992790818
3084,StutterTalk72182,0.7587624788284302,0.005255634430795908,0.000643397041130811,0.23063956201076508,0.009260703809559345
3085,StutteringIsCool150,0.10094857960939407,0.2271561324596405,0.03676963597536087,0.021177060902118683,0.6918895244598389
3086,WomenWhoStutter62182,0.6703784465789795,0.012416672892868519,0.0018880526768043637,0.03945455327630043,0.004375351592898369
3087,HeStutters11199,0.08646071702241898,0.5173142552375793,0.08227914571762085,0.017432549968361855,0.4224732518196106
3088,WomenWhoStutter1084,0.09612330049276352,0.2795352041721344,0.04876541346311569,0.5323487520217896,0.15519852936267853
3089,StutterTalk64103,0.019346099346876144,0.1335992068052292,0.005217249039560556,0.004503434523940086,0.042737413197755814
3090,StrongVoices21135,0.05350913852453232,0.14676600694656372,0.0009107178775593638,9.331449109595269e-05,0.012879633344709873
3091,StutterTalk37110,0.050954557955265045,0.31435269117355347,0.12389152497053146,0.1004721000790596,0.8995043039321899
3092,StrongVoices171,0.6989940404891968,0.29865750670433044,0.34215858578681946,0.00011297811579424888,0.015702227130532265
3093,WomenWhoStutter42220,0.047679342329502106,0.3671799600124359,0.2645268440246582,0.505111813545227,0.04429592192173004
3094,WomenWhoStutter2178,0.021790603175759315,0.05130279064178467,0.007128478493541479,0.03873267024755478,0.11059727519750595
3095,HVSA142,0.006878182757645845,0.06425796449184418,0.008389492519199848,0.002522515831515193,0.0029407835099846125
3096,StutteringIsCool129,0.1842443346977234,0.44313549995422363,0.35830116271972656,0.7122690677642822,0.21843527257442474
3097,StutteringIsCool3326,0.028079701587557793,0.3765106797218323,0.007057273294776678,0.0007945111719891429,0.06941485404968262
3098,StutterTalk7233,0.006247665733098984,0.2762497067451477,0.019327787682414055,0.0027612203266471624,0.015538322739303112
3099,HVSA3127,0.006242981180548668,0.14892050623893738,0.815384030342102,0.01580226793885231,0.005937294103205204
3100,StutterTalk6315,0.3241429030895233,0.03672685846686363,0.0068742032162845135,0.0070542627945542336,0.2665673792362213
3101,StutterTalk823,0.004825208801776171,0.18491047620773315,0.017617398872971535,0.00020597834372892976,0.0007070201681926847
3102,StutterTalk727,0.11156606674194336,0.16152438521385193,0.003884465666487813,0.002434312365949154,0.01229594461619854
3103,StrongVoices10158,0.0684761330485344,0.30075007677078247,0.04087567329406738,0.5942020416259766,0.11576788872480392
3104,MyStutteringLife180,0.005032774526625872,0.04011578857898712,0.039249319583177567,0.4043021500110626,0.013910447247326374
3105,WomenWhoStutter9656,0.01862621121108532,0.31019338965415955,0.012563509866595268,0.0006706511485390365,0.28723272681236267
3106,StutterTalk6364,0.006479604169726372,0.17103828489780426,0.34643957018852234,0.0002588372153695673,0.004771765321493149
3107,WomenWhoStutter7928,0.09523671865463257,0.3621349632740021,0.009352345950901508,0.0016070673009380698,0.29424768686294556
3108,WomenWhoStutter2126,0.0012097377330064774,0.060175325721502304,0.0019619499798864126,0.00044482643716037273,0.0013862248742952943
3109,WomenWhoStutter97162,0.06706052273511887,0.34989646077156067,0.7782368659973145,0.2966437339782715,0.5838319063186646
3110,StrongVoices2235,0.09242706000804901,0.359589159488678,0.1081850677728653,0.17864090204238892,0.17289404571056366
3111,StutterTalk8129,0.00038289243821054697,0.018179425969719887,0.00032562919659540057,2.3361737476079725e-05,6.24516760581173e-05
3112,IStutterSoWhat3127,0.0009707636781968176,0.05686050280928612,0.9799991846084595,0.011979709379374981,0.04091237485408783
3113,HVSA2174,0.05232184752821922,0.3810965120792389,0.6980645060539246,0.10378354042768478,0.10496833175420761
3114,StutterTalk7710,0.043435920029878616,0.29529836773872375,0.02222553826868534,0.000666009436827153,0.9498667120933533
3115,MyStutteringLife2525,0.21336285769939423,0.5126554369926453,0.22949960827827454,0.19465093314647675,0.025218648836016655
3116,WomenWhoStutter769,0.14038559794425964,0.44430848956108093,0.04744923859834671,0.006347342859953642,0.08074823021888733
3117,StrongVoices812,0.026755420491099358,0.2640446722507477,0.048286549746990204,0.043409280478954315,0.04399561882019043
3118,StrongVoices6105,0.44579944014549255,0.18766576051712036,0.011932426132261753,0.00018954726692754775,0.042914122343063354
3119,HVSA2101,0.11469496041536331,0.3341151773929596,0.4469825029373169,0.28382018208503723,0.07942403852939606
3120,HeStutters1626,0.06066254526376724,0.13658396899700165,0.13084763288497925,0.6698275208473206,0.9713488817214966
3121,HeStutters5159,0.008857881650328636,0.17999865114688873,0.049050211906433105,0.9448193907737732,0.015199502930045128
3122,HeStutters1289,0.004689454101026058,0.1318894773721695,0.9070319533348083,0.0344003364443779,0.01596544310450554
3123,StrongVoices6177,0.24350452423095703,0.4496978521347046,0.03638605773448944,0.0008766317623667419,0.004680349491536617
3124,HVSA3144,0.003457491984590888,0.10241024941205978,0.07946677505970001,0.6772946119308472,0.0021550364326685667
3125,HeStutters1699,0.5709712505340576,0.23220975697040558,0.03456146642565727,0.0009244141401723027,0.007542863953858614
3126,StutterTalk64145,0.5470222234725952,0.02612115815281868,0.0015782921109348536,0.0001458272454328835,0.7030657529830933
3127,StutterTalk26175,0.003855654504150152,0.21677425503730774,0.008597580716013908,0.04490049183368683,0.015102111734449863
3128,HVSA227,0.005772477015852928,0.1494876742362976,0.03143380954861641,4.767682548845187e-05,0.0009238353231921792
3129,WomenWhoStutter968,0.18205273151397705,0.2799670994281769,0.02102012373507023,0.053832072764635086,0.025649359449744225
3130,StutterTalk37122,0.08301851898431778,0.0641452819108963,0.0032111182808876038,0.0032456149347126484,0.9619912505149841
3131,WomenWhoStutter62169,0.06508036702871323,0.251024067401886,0.013241088949143887,0.0034080385230481625,0.4128290116786957
3132,StutterTalk3795,0.03700302541255951,0.006141562946140766,0.0005982444272376597,0.0016344471368938684,0.014880339615046978
3133,WomenWhoStutter2100,0.025509607046842575,0.056045498698949814,0.000516772735863924,7.546860433649272e-05,0.003084947122260928
3134,WomenWhoStutter42113,0.00461188331246376,0.21761880815029144,0.10382149368524551,1.9509170670062304e-05,0.0002787863777484745
3135,StrongVoices20,0.02104557305574417,0.10750146955251694,0.04611850157380104,0.9495858550071716,0.4761373698711395
3136,StutterTalk3725,0.19852210581302643,0.11456731706857681,0.1483958661556244,0.8928602933883667,0.812824547290802
3137,WomenWhoStutter9784,0.04547157138586044,0.2127128541469574,0.2836817502975464,0.8827318549156189,0.6946951746940613
3138,StutterTalk02,0.48725131154060364,0.3401319980621338,0.6000905632972717,0.22315821051597595,0.6405483484268188
3139,StrongVoices1731,0.8638727068901062,0.11990851908922195,0.009929421357810497,0.0009450633660890162,0.015396681614220142
3140,StutterTalk6235,0.07990458607673645,0.04876134172081947,0.0062900870107114315,0.002649465808644891,0.988338828086853
3141,WomenWhoStutter4932,0.11447853595018387,0.48659569025039673,0.5917627811431885,0.3482854962348938,0.4932752847671509
3142,StutteringIsCool6536,0.00028164524701423943,0.013837369158864021,0.061222005635499954,0.4504214823246002,0.00633690319955349
3143,StutteringIsCool846,0.0006888292846269906,0.001973938662558794,1.8950126104755327e-05,9.861162197921658e-07,2.9742976039415225e-05
3144,StutterTalk156,0.26577773690223694,0.31746339797973633,0.021649908274412155,0.0024583227932453156,0.014844236895442009
3145,WomenWhoStutter2190,0.009569182991981506,0.13630497455596924,0.008092026226222515,0.0008278610184788704,0.001781538943760097
3146,StutterTalk2919,0.011208228766918182,0.33040258288383484,0.0016063069924712181,0.00012010441423626617,0.0055643897503614426
3147,StutterTalk7916,0.0030800735112279654,0.015091512352228165,0.0012480048462748528,0.0007848020759411156,0.0004787840007338673
3148,StrongVoices32194,0.3889113664627075,0.12219200283288956,0.008650023490190506,0.003937918227165937,0.0698658674955368
3149,StutterTalk2682,0.021604077890515327,0.5119073987007141,0.10017406940460205,0.018092328682541847,0.05395149439573288
3150,HeStutters2171,0.007761571556329727,0.1779099404811859,0.5876554250717163,0.6833497881889343,0.23828892409801483
3151,HeStutters39,0.041774578392505646,0.1398037075996399,0.02818129025399685,0.7654839158058167,0.7340012192726135
3152,HVSA262,0.0017098905518651009,0.24955996870994568,0.30521321296691895,0.30833035707473755,0.018228039145469666
3153,StrongVoices2624,0.2871469259262085,0.1619488000869751,0.012189769186079502,0.0006476210546679795,0.008355208672583103
3154,StutterTalk37186,0.035828959196805954,0.1862679123878479,0.0801851823925972,0.6756231188774109,0.04031169414520264
3155,StutteringIsCool4528,0.6611886620521545,0.14866416156291962,0.055143486708402634,0.0016014475841075182,0.061503298580646515
3156,HVSA251,0.006201436743140221,0.03328862413764,0.0013599045341834426,5.779312050435692e-05,0.00034093292197212577
3157,StutterTalk3718,0.3553771376609802,0.33414050936698914,0.07701029628515244,0.005865324754267931,0.0010746942134574056
3158,WomenWhoStutter96102,0.0008675906574353576,0.04237125441431999,0.054580990225076675,0.38972094655036926,0.004581753630191088
3159,StutterTalk2216,0.013929205946624279,0.03955180197954178,0.0056259287521243095,0.05260363221168518,0.0010985503904521465
3160,StutterTalk1623,0.1727536916732788,0.15684890747070312,0.019974013790488243,0.1250976175069809,0.8931049704551697
3161,StutteringIsCool80106,0.05017031729221344,0.022326098755002022,0.01572670042514801,0.03304233029484749,0.009700984694063663
3162,StrongVoices2336,0.3470689058303833,0.39997467398643494,0.29314935207366943,0.5131697058677673,0.060331329703330994
3163,WomenWhoStutter648,0.047314539551734924,0.42435020208358765,0.5059798359870911,0.1951904296875,0.487012654542923
3164,StutterTalk2239,0.05502106249332428,0.3067023456096649,0.026441065594553947,0.016955288127064705,0.32272014021873474
3165,WomenWhoStutter271,0.18317249417304993,0.04912036284804344,0.0009895844850689173,0.00020281149772927165,0.06218921020627022
3166,StutterTalk2659,0.004247806500643492,0.09976562112569809,0.02126757986843586,0.025295915082097054,0.6392185091972351
3167,StutteringIsCool4931,0.5864299535751343,0.11619556695222855,0.022852206602692604,0.6176734566688538,0.023833366110920906
3168,StutteringIsCool7535,0.8303778171539307,0.13930445909500122,0.008932473137974739,0.00012867135228589177,0.33129391074180603
3169,HVSA2176,0.021555891260504723,0.2329392433166504,0.011624964885413647,0.021101444959640503,0.2914769947528839
3170,StrongVoices223,0.0058346395380795,0.06673699617385864,0.01073275227099657,0.013504322618246078,0.003369317390024662
3171,StrongVoices1220,0.0022516618482768536,0.03594452142715454,0.0036475597880780697,0.004149745684117079,0.0005643629119731486
3172,StrongVoices23173,0.09502334892749786,0.186384379863739,0.005783582106232643,0.0009604878723621368,0.31244096159935
3173,WomenWhoStutter797,0.0014817076735198498,0.09313381463289261,0.0016728902701288462,0.0008456619689241052,0.0015501072630286217
3174,MyStutteringLife195,0.017508065328001976,0.014350256882607937,8.525628800271079e-05,6.1447249208868016e-06,0.04422294721007347
3175,StrongVoices2935,0.11960460990667343,0.2628554701805115,0.0074540083296597,0.00018340714450459927,0.007891424000263214
3176,StutteringIsCool6216,0.020186733454465866,0.14671111106872559,0.0029350437689572573,0.0011045639403164387,0.3513306975364685
3177,WomenWhoStutter4312,0.012884339317679405,0.34775474667549133,0.015462861396372318,0.005305711179971695,0.00994747132062912
3178,MyStutteringLife037,0.019946515560150146,0.2126809060573578,0.08976101875305176,0.8629574179649353,0.057302411645650864
3179,WomenWhoStutter8193,0.20444507896900177,0.08327458053827286,0.003280346980318427,0.0014538642717525363,0.9767975211143494
3180,WomenWhoStutter2188,0.05789722129702568,0.43069568276405334,0.37597528100013733,0.3564606308937073,0.5285102725028992
3181,HeStutters1846,0.012190250679850578,0.4800933599472046,0.3350973129272461,0.2890240550041199,0.05782552435994148
3182,StrongVoices137,0.5568293333053589,0.09397023171186447,0.003822602331638336,0.00016938699991442263,0.005909122060984373
3183,StutterTalk63172,0.0034312077332288027,0.09825725853443146,0.0007849209941923618,0.0007251386996358633,0.010624450631439686
3184,StutterTalk3815,0.07377107441425323,0.19193285703659058,0.006359594874083996,0.00036972950329072773,0.93182373046875
3185,WomenWhoStutter42109,0.0020309551618993282,0.007437184453010559,0.0006164099904708564,0.00024639960611239076,0.00035627043689601123
3186,StutterTalk6443,0.07060208916664124,0.05276298522949219,0.0026856421027332544,0.00021137947624083608,0.001749895978718996
3187,WomenWhoStutter86140,0.004140018951147795,0.024996066465973854,0.004446048755198717,0.9950120449066162,0.06466110795736313
3188,IStutterSoWhat097,0.009959797374904156,0.2878352403640747,0.004638018552213907,0.0009791183983907104,0.013189285062253475
3189,StutterTalk2540,0.053794559091329575,0.38808494806289673,0.05774367228150368,0.007320016622543335,0.03019636496901512
3190,StutteringIsCool736,0.02686324156820774,0.012059913948178291,0.000692550209350884,0.0003817967663053423,0.0004671413917094469
3191,StutteringIsCool3816,0.03755888342857361,0.2888622283935547,0.32022032141685486,0.4473682940006256,0.8694577217102051
3192,StrongVoices227,0.16245706379413605,0.05643254145979881,0.0023072625044733286,0.0005477258819155395,0.7796868085861206
3193,StrongVoices23249,0.16407613456249237,0.25184792280197144,0.0028623545076698065,0.0005127962795086205,0.02622852846980095
3194,StutteringIsCool3327,0.034548740833997726,0.05993645265698433,0.002572465455159545,0.009625548496842384,0.2516818940639496
3195,StutterTalk37171,0.07081329822540283,0.03545861318707466,0.012377669103443623,0.05742742493748665,0.060759492218494415
3196,WomenWhoStutter2234,0.015124625526368618,0.05031299218535423,0.004426097963005304,0.007071903441101313,0.180800661444664
3197,StutteringIsCool80125,0.5508813858032227,0.14071746170520782,0.010668019764125347,0.0027686923276633024,0.8696985840797424
3198,StutterTalk72148,0.27535927295684814,0.05575700104236603,0.0022468946408480406,0.0019402150064706802,0.044440511614084244
3199,WomenWhoStutter3087,0.2842921018600464,0.0765538364648819,0.008451234549283981,0.00014958245446905494,0.004792619030922651
3200,StrongVoices639,0.04366515949368477,0.23275284469127655,0.004672597162425518,0.011435386724770069,0.10364923626184464
3201,WomenWhoStutter271,0.08471502363681793,0.36463358998298645,0.8378480672836304,0.02184298262000084,0.08344581723213196
3202,StutterTalk5330,0.07827591150999069,0.36487147212028503,0.08737973123788834,0.0286287572234869,0.24387569725513458
3203,WomenWhoStutter4812,0.0007107272977009416,0.007812850177288055,0.00034105920349247754,0.0008249988313764334,0.00129097537137568
3204,StrongVoices2122,0.2869850993156433,0.2555336058139801,0.02024001069366932,0.0034142015501856804,0.01548815332353115
3205,StutteringIsCool6527,0.002669141860678792,0.020089292898774147,0.003093913197517395,9.484912152402103e-05,9.170250268653035e-05
3206,StutterTalk4915,0.21424905955791473,0.07517751306295395,0.004418791271746159,0.00035865744575858116,0.012694988399744034
3207,WomenWhoStutter3334,0.42695122957229614,0.16442975401878357,0.008738157339394093,0.0008222080650739372,0.03676912188529968
3208,WomenWhoStutter282,0.04684329405426979,0.17137520015239716,0.01158029306679964,0.011530176736414433,0.3958275318145752
3209,StutteringIsCool6412,0.18371489644050598,0.10290967673063278,0.005842134822160006,0.0005375278997235,0.005624627228826284
3210,WomenWhoStutter7634,0.14292219281196594,0.08668620139360428,0.01100715808570385,0.004903809167444706,0.9274011850357056
3211,HeStutters20,0.006614192388951778,0.06069310009479523,0.0014396802289411426,0.0006196395843289793,0.0003858459822367877
3212,StutterTalk1028,0.005676845088601112,0.04649524390697479,0.000931554299313575,0.0004221004492137581,0.004341295920312405
3213,StrongVoices2917,0.12224120646715164,0.13980472087860107,0.006818056106567383,0.00020331761334091425,0.008715205825865269
3214,HVSA177,0.12894608080387115,0.21144524216651917,0.017943939194083214,0.014986172318458557,0.9626734256744385
3215,StrongVoices1810,0.09363936632871628,0.2556024491786957,0.01965528354048729,0.005480942782014608,0.010086700320243835
3216,StutterTalk767,0.21554817259311676,0.133560910820961,0.0042658536694943905,0.0015250752912834287,0.9610787034034729
3217,WomenWhoStutter62188,0.001986072165891528,0.17859989404678345,0.08242505043745041,0.4973720908164978,0.09602165967226028
3218,StutteringIsCool6534,0.020052360370755196,0.009951671585440636,0.0006519433227367699,0.00017180120630655438,0.002436312846839428
3219,StutteringIsCool7321,0.0157154630869627,0.05809677392244339,0.0011325101368129253,0.00011658212315523997,0.0010412595001980662
3220,StutterTalk7628,0.012717713601887226,0.04196229204535484,0.0021467949263751507,0.0006374384392984211,0.003692879341542721
3221,StrongVoices32103,0.2586645185947418,0.3185144066810608,0.060221441090106964,0.003928086720407009,0.05812380462884903
3222,WomenWhoStutter6214,0.022402876988053322,0.18746037781238556,0.04713776335120201,0.6428027749061584,0.6439499258995056
3223,WomenWhoStutter242,0.0038741580210626125,0.03774969279766083,0.0010848597157746553,0.0006431806250475347,0.6454616189002991
3224,WomenWhoStutter62178,0.0093803396448493,0.1513993740081787,0.06144299730658531,0.3390512764453888,0.021838266402482986
3225,WomenWhoStutter2209,0.12715044617652893,0.3073132336139679,0.041053030639886856,0.005400656722486019,0.7750961184501648
3226,IStutterSoWhat0109,0.046582553535699844,0.24716465175151825,0.01769440248608589,0.03212462738156319,0.1227896511554718
3227,StutterTalk8108,0.005112870130687952,0.30146047472953796,0.48105403780937195,0.4958101511001587,0.09827544540166855
3228,StutterTalk7615,0.37508007884025574,0.568938136100769,0.2049320489168167,0.0016538043273612857,0.044319115579128265
3229,StrongVoices2377,0.48709386587142944,0.13741613924503326,0.002117530209943652,0.00012055683328071609,0.011468136683106422
3230,StrongVoices58,0.5186985731124878,0.22064197063446045,0.014855433255434036,0.0002900692925322801,0.00843818299472332
3231,StutteringIsCool4716,0.07025232911109924,0.19457662105560303,0.06366240233182907,0.4504081606864929,0.9575945734977722
3232,StrongVoices1417,0.0026561676058918238,0.012174608185887337,0.00023839392815716565,6.59147190162912e-05,0.0002605054178275168
3233,IStutterSoWhat090,0.033382054418325424,0.3818986713886261,0.16516005992889404,0.523399829864502,0.3516737222671509
3234,StrongVoices2139,0.034960296005010605,0.2848011553287506,0.013831259682774544,0.003687117248773575,0.17410071194171906
3235,StutteringIsCool80115,0.009626422077417374,0.12547169625759125,0.0028710931073874235,0.0032238445710390806,0.006891889031976461
3236,WomenWhoStutter8924,0.0056096031330525875,0.16139812767505646,0.000765155185945332,2.2319793060887605e-05,0.031228169798851013
3237,StrongVoices32165,0.7505846619606018,0.06342820823192596,0.005234184209257364,0.0007395221618935466,0.014180729165673256
3238,StrongVoices2828,0.002304801717400551,0.013241898268461227,0.0006243388052098453,0.0024953933898359537,0.0072946795262396336
3239,WomenWhoStutter3017,0.4116257429122925,0.08316905051469803,0.009028312750160694,0.003943345975130796,0.05591258034110069
3240,IStutterSoWhat3123,0.010790708474814892,0.19801630079746246,0.08187877386808395,0.8996368646621704,0.24983374774456024
3241,StrongVoices432,0.0010378377046436071,0.07617786526679993,0.00038662675069645047,0.0015671933069825172,0.04591739550232887
3242,StutteringIsCool753,0.03786179795861244,0.23407521843910217,0.01975591666996479,0.027028843760490417,0.3890204429626465
3243,WomenWhoStutter5232,0.0007788345101289451,0.005758864805102348,0.0015847597969695926,0.012077145278453827,0.004796796478331089
3244,StutterTalk6458,0.09353634715080261,0.15472514927387238,0.00606943666934967,0.005037643015384674,0.9602757692337036
3245,StutterTalk63170,0.004739444702863693,0.04914417862892151,0.00653446838259697,0.9669508337974548,0.13736096024513245
3246,StutterTalk1010,0.00039309560088440776,0.017080970108509064,0.00666638882830739,0.11629936099052429,0.31915587186813354
3247,HeStutters11100,0.18453383445739746,0.08408322185277939,0.02939855493605137,0.0037112319841980934,0.008011247031390667
3248,WomenWhoStutter6817,0.03071325644850731,0.19062137603759766,0.007293336093425751,0.0016274320660158992,0.3263886868953705
3249,HeStutters2149,0.05425281077623367,0.1722428798675537,0.2185312807559967,0.5923933982849121,0.01510381419211626
3250,HVSA065,0.01070619560778141,0.0691031739115715,0.002259410684928298,0.009861224330961704,0.45045357942581177
3251,MyStutteringLife1637,0.022194305434823036,0.36142465472221375,0.8358162641525269,0.031520262360572815,0.03217555582523346
3252,WomenWhoStutter10824,0.02177274599671364,0.15105225145816803,0.5421621799468994,0.1734844297170639,0.01415406446903944
3253,StutterTalk1320,0.001872040331363678,0.03964557498693466,0.012265019118785858,0.646014392375946,0.0741497203707695
3254,WomenWhoStutter9029,0.5658400654792786,0.2588934898376465,0.5612495541572571,0.0026922619435936213,0.010807294398546219
3255,WomenWhoStutter468,0.04485759884119034,0.33807802200317383,0.758587121963501,0.19000598788261414,0.6283218264579773
3256,StrongVoices23126,0.007431653793901205,0.14701244235038757,0.0006446749903261662,0.0014063925482332706,0.035667795687913895
3257,StutteringIsCool142,0.0019497463945299387,0.023946592584252357,0.0005517466925084591,2.1802309220220195e-06,3.924302291125059e-05
3258,HeStutters11200,0.0981341302394867,0.2246716320514679,0.008947471156716347,0.026477515697479248,0.8779506087303162
3259,IStutterSoWhat372,0.7109851837158203,0.08479516208171844,0.6476569175720215,0.00883536972105503,0.11946520954370499
3260,StrongVoices23167,0.44144853949546814,0.3240668773651123,0.20033404231071472,0.00021168826788198203,0.00708745326846838
3261,WomenWhoStutter2224,0.10671615600585938,0.3790436387062073,0.5653518438339233,0.6802429556846619,0.20877061784267426
3262,StrongVoices1734,0.07579918205738068,0.23898980021476746,0.008629947900772095,0.0006629062118008733,0.028315793722867966
3263,HeStutters16128,0.4882214367389679,0.08674000203609467,0.004128878936171532,0.0007140079396776855,0.012273113243281841
3264,StrongVoices1016,0.011934325098991394,0.29588770866394043,0.04216249659657478,0.0015619314508512616,0.007095669396221638
3265,StrongVoices813,0.004902710672467947,0.006406021304428577,2.7699114070856012e-05,2.449170324325678e-06,0.000221984984818846
3266,WomenWhoStutter293,0.031851876527071,0.10907180607318878,0.003963869996368885,0.0009235579636879265,0.0020269628148525953
3267,StrongVoices3427,0.40618905425071716,0.2109612673521042,0.0200512632727623,0.013163598254323006,0.7642198204994202
3268,WomenWhoStutter4825,0.007294944953173399,0.08611752092838287,0.01403399184346199,0.5766142010688782,0.2629762887954712
3269,StutteringIsCool34139,0.09999790787696838,0.4687787890434265,0.09153436869382858,0.04250439256429672,0.043267086148262024
3270,WomenWhoStutter3064,0.059311121702194214,0.2015853375196457,0.016892433166503906,0.21665146946907043,0.03878850117325783
3271,StrongVoices6190,0.04048188030719757,0.5592090487480164,0.45890846848487854,0.004815035033971071,0.0040715835057199
3272,StutterTalk130,0.0019362964667379856,0.17402876913547516,0.01817578263580799,0.04555031657218933,0.03018767386674881
3273,StutterTalk2411,0.004543119575828314,0.22221459448337555,0.00853495579212904,0.0009886176558211446,0.003132931888103485
3274,StutterTalk7239,0.2814643681049347,0.5883778929710388,0.25461772084236145,0.011541317217051983,0.09689877927303314
3275,HeStutters1181,0.07915478199720383,0.42446157336235046,0.1987648904323578,0.6412317156791687,0.03743606433272362
3276,HVSA2175,0.19169829785823822,0.025481803342700005,0.0009376361849717796,2.9852268198737875e-05,0.00029494642512872815
3277,MyStutteringLife2211,0.11618512868881226,0.09297586232423782,0.001508418470621109,6.876523548271507e-05,0.9752901196479797
3278,StutteringIsCool648,0.08249668776988983,0.35796478390693665,0.2631741762161255,0.06673270463943481,0.30759280920028687
3279,StrongVoices1238,0.23351448774337769,0.3200768530368805,0.009695420041680336,0.0010347150964662433,0.13561904430389404
3280,StrongVoices1211,0.0019189195008948445,0.07569674402475357,0.01461034081876278,0.00512643763795495,0.000754588283598423
3281,StrongVoices2939,0.10116826742887497,0.02036207541823387,0.001952450955286622,0.008153541013598442,0.30221885442733765
3282,WomenWhoStutter30155,0.004312676843255758,0.26439782977104187,0.00591554818674922,0.00026898449868895113,0.001004860969260335
3283,HeStutters544,0.13011546432971954,0.3424825668334961,0.2026352882385254,0.00476955808699131,0.004301133565604687
3284,HVSA340,0.005147265270352364,0.17576172947883606,0.8984830379486084,0.0054051922634243965,0.001710273907519877
3285,StrongVoices10167,0.009702784940600395,0.05274280533194542,0.005015069618821144,0.0015091067180037498,0.0009548012749291956
3286,StrongVoices21112,0.4368562400341034,0.050538692623376846,0.002619971288368106,0.00022203793923836201,0.22140814363956451
3287,StrongVoices3327,0.009529453702270985,0.42573052644729614,0.006489438470453024,0.0008805369725450873,0.0068228403106331825
3288,HeStutters12209,0.7209153771400452,0.011837520636618137,0.0003903217439074069,3.0706542020197958e-06,0.006863410118967295
3289,StutterTalk6487,0.08948852121829987,0.282737135887146,0.1350519210100174,0.18991103768348694,0.5039917826652527
3290,StutteringIsCool3837,0.049936190247535706,0.38382652401924133,0.06968479603528976,0.020630626007914543,0.19760353863239288
3291,WomenWhoStutter214,0.22213466465473175,0.10104720294475555,0.000994938425719738,5.629625229630619e-05,0.006232431624084711
3292,StrongVoices2820,0.4857174754142761,0.40498971939086914,0.10182319581508636,0.0002373108291067183,0.00965521764010191
3293,StrongVoices10143,0.8409824371337891,0.10557821393013,0.05416036769747734,0.0007132540340535343,0.02386748418211937
3294,StutteringIsCool330,0.14628414809703827,0.47554606199264526,0.15064074099063873,0.031068896874785423,0.7130480408668518
3295,StutterTalk64120,0.010578909888863564,0.07541926950216293,0.017481599003076553,0.07813462615013123,0.18246330320835114
3296,StutteringIsCool80202,0.058420851826667786,0.3847114145755768,0.021805934607982635,0.006432157475501299,0.7109832167625427
3297,StutterTalk6361,0.027349306270480156,0.23606714606285095,0.012407730333507061,0.02519405633211136,0.360491544008255
3298,WomenWhoStutter21146,0.003515202784910798,0.06304481625556946,0.0010299384593963623,0.00012761721154674888,0.004798567853868008
3299,StutterTalk3426,0.0033925725147128105,0.25247007608413696,0.00615101819857955,0.002512940438464284,0.0059715211391448975
3300,WomenWhoStutter30163,0.0037637490313500166,0.21376658976078033,0.004411528818309307,0.00010644459689501673,0.0016154927434399724
3301,StutterTalk8111,0.027679573744535446,0.19861812889575958,0.40800294280052185,0.1667483150959015,0.621980607509613
3302,StutterTalk26196,0.04018568620085716,0.09293760359287262,0.008313171565532684,0.0007913591689430177,0.005437441170215607
3303,StrongVoices1025,0.005298028700053692,0.14456942677497864,0.0007419699104502797,7.860861660446972e-05,0.001841267105191946
3304,StutteringIsCool7018,0.028697814792394638,0.04670463502407074,0.0011426896089687943,0.0013093948364257812,0.011461549438536167
3305,StrongVoices2839,0.3601303994655609,0.3603758215904236,0.08466800302267075,0.0015487242490053177,0.1332317739725113
3306,StutteringIsCool34150,0.1604761779308319,0.3901447653770447,0.5684607625007629,0.022356247529387474,0.699074923992157
3307,StrongVoices14,0.04000302031636238,0.48887044191360474,0.049445029348134995,0.00034634885378181934,0.0016827101353555918
3308,HeStutters1113,0.0062944344244897366,0.06410199403762817,0.022861722856760025,0.08694612234830856,0.0321357324719429
3309,HVSA2124,0.35011011362075806,0.4649125039577484,0.20091168582439423,0.001383372233249247,0.013371877372264862
3310,WomenWhoStutter5821,0.46103420853614807,0.23658938705921173,0.017877347767353058,0.0007437450694851577,0.89521324634552
3311,StutteringIsCool46105,0.002207416109740734,0.1725527048110962,0.0017435288755223155,0.0027368117589503527,0.0493413507938385
3312,StutterTalk3716,0.10026675462722778,0.29601651430130005,0.3862283527851105,0.4965236485004425,0.028071749955415726
3313,WomenWhoStutter3029,0.007915697060525417,0.2333311289548874,0.003801289713010192,0.060680288821458817,0.07652711123228073
3314,WomenWhoStutter5824,0.02999490313231945,0.4649334251880646,0.16694411635398865,0.3262060284614563,0.1476374715566635
3315,StrongVoices1835,0.1351219117641449,0.10460332781076431,0.0021155737340450287,0.0003767459711525589,0.9785929322242737
3316,StutterTalk2686,0.0016611566534265876,0.26443180441856384,0.01051668357104063,0.00036321519291959703,0.0023168183397501707
3317,StutterTalk6222,0.5874159336090088,0.1717539280653,0.0689571276307106,0.04460812360048294,0.6397454142570496
3318,StutterTalk64108,0.08358584344387054,0.009411033242940903,5.4202253522817045e-05,4.671574515668908e-06,0.0021266716066747904
3319,StrongVoices2158,0.002565906150266528,0.26050329208374023,0.005797571502625942,0.0006789183244109154,0.0011125786695629358
3320,WomenWhoStutter21182,0.08665023744106293,0.014613774605095387,0.004535770043730736,0.0018958370201289654,0.0014311260310932994
3321,WomenWhoStutter87165,0.08384358137845993,0.4241975247859955,0.3465002477169037,0.42836257815361023,0.030713634565472603
3322,StutteringIsCool4630,0.05002947524189949,0.2127319574356079,0.016504861414432526,0.02126430533826351,0.9290129542350769
3323,HeStutters236,0.000685791252180934,0.012171179056167603,0.0005246741347946227,0.0010539774084463716,0.0006288592121563852
3324,StutteringIsCool6219,0.029318751767277718,0.2790999412536621,0.03944927826523781,0.012029455974698067,0.561606228351593
3325,HeStutters011,0.0013789928052574396,0.007781007327139378,0.0019091861322522163,0.045343250036239624,0.005346305202692747
3326,StrongVoices2210,0.5434464812278748,0.015967383980751038,0.00407846923917532,0.001061710063368082,0.0024382839910686016
3327,StrongVoices032,0.0005312842549756169,0.07823970168828964,0.0035967319272458553,0.0008113044896163046,0.001413785619661212
3328,StutteringIsCool4933,0.30774158239364624,0.4389716684818268,0.14076566696166992,0.031388022005558014,0.5772717595100403
3329,StutterTalk5922,0.0005644468474201858,0.036974530667066574,0.0008972599171102047,0.0010356549173593521,0.009006424807012081
3330,StutterTalk88,0.008712763898074627,0.2996608018875122,0.05863795056939125,0.010808216407895088,0.06575915217399597
3331,StutterTalk5824,0.04173298180103302,0.29313045740127563,0.755260169506073,0.5096721053123474,0.428785115480423
3332,HeStutters16169,0.2044525444507599,0.5286241769790649,0.11813532561063766,0.025752326473593712,0.01608695648610592
3333,StutteringIsCool6114,0.0013830633834004402,0.22489990293979645,0.2941288650035858,0.10311898589134216,0.0017758409958332777
3334,StutterTalk1629,0.013522260822355747,0.5026717185974121,0.45065873861312866,0.24131888151168823,0.21520909667015076
3335,WomenWhoStutter8677,0.06631837040185928,0.31483715772628784,0.05483490228652954,0.5345817804336548,0.02817717380821705
3336,WomenWhoStutter215,0.014825267717242241,0.32192668318748474,0.03225541487336159,0.0025231014005839825,0.011323426850140095
3337,StrongVoices10201,0.0034171619918197393,0.03174011781811714,0.002282540313899517,0.009444128721952438,0.012188046239316463
3338,WomenWhoStutter156,0.022105570882558823,0.1264559030532837,0.4955548644065857,0.04998824745416641,0.005326219368726015
3339,StutteringIsCool4011,0.06357068568468094,0.05885051563382149,0.006268414203077555,0.0008352876175194979,0.07055124640464783
3340,HVSA282,0.0035257763229310513,0.08454562723636627,0.003937548026442528,0.01924358494579792,0.05634380877017975
3341,StrongVoices6209,0.10643167048692703,0.2773769795894623,0.002987826010212302,0.00042263572686351836,0.013165275566279888
3342,StutteringIsCool2330,0.039369456470012665,0.008230132050812244,0.0005924360593780875,9.225646499544382e-05,0.0006278172368183732
3343,StrongVoices10179,0.3691675662994385,0.3622472882270813,0.05874273180961609,0.0005769935087300837,0.10341989994049072
3344,StrongVoices23124,0.07568029314279556,0.25848764181137085,0.009913421235978603,0.00046270256279967725,0.005279808305203915
3345,StrongVoices2710,0.0018915693508461118,0.07955578714609146,0.0005949476035311818,0.0002230996178695932,0.0009661865187808871
3346,StutteringIsCool80176,0.19405947625637054,0.007369044236838818,0.0013057409087195992,0.001397776766680181,0.002431804547086358
3347,StutteringIsCool11,0.0008554987143725157,0.11973094940185547,0.862593948841095,0.1647592931985855,0.0134036336094141
3348,StutteringIsCool6423,0.020625432953238487,0.2770705223083496,0.5930014252662659,0.38788893818855286,0.9133714437484741
3349,StutterTalk6428,0.27644088864326477,0.05883806571364403,0.0024892266374081373,0.0004136020434089005,0.44608819484710693
3350,WomenWhoStutter2511,0.014785101637244225,0.04549083486199379,0.0009843226289376616,0.005055719520896673,0.01541865710169077
3351,StutteringIsCool446,0.024626193568110466,0.5538536906242371,0.31076642870903015,0.041774287819862366,0.05566206946969032
3352,StrongVoices1126,0.16841644048690796,0.32216957211494446,0.024443980306386948,0.010871955193579197,0.02242215909063816
3353,StutterTalk6461,0.001062916242517531,0.004588317591696978,0.00020400290668476373,0.000734415021724999,0.0010453519644215703
3354,WomenWhoStutter10115,0.036274783313274384,0.2983432412147522,0.006639568600803614,0.004887344315648079,0.11195233464241028
3355,WomenWhoStutter10712,0.042901430279016495,0.1085621565580368,0.006869778037071228,0.0011924959253519773,0.004533763509243727
3356,StutteringIsCool3721,0.5460526943206787,0.05515185743570328,0.0073551577515900135,0.0016676108352839947,0.004075837787240744
3357,HVSA046,0.06941016018390656,0.47815635800361633,0.23364713788032532,0.13750050961971283,0.5659407377243042
3358,MyStutteringLife014,0.05195164307951927,0.13543570041656494,0.003668330842629075,0.00028100740746594965,0.004005587659776211
3359,MyStutteringLife83,0.011728477664291859,0.36856749653816223,0.0168466754257679,0.004032401368021965,0.008259769529104233
3360,StutteringIsCool620,0.23753705620765686,0.07865813374519348,0.04286180064082146,0.09455763548612595,0.05290159583091736
3361,MyStutteringLife3914,0.06520669162273407,0.13508467376232147,0.008645931258797646,0.014859802089631557,0.4859841763973236
3362,StutteringIsCool8125,0.00015060158330015838,0.004658686462789774,0.00028976748581044376,8.632009848952293e-05,4.193008862785064e-05
3363,StutterTalk64104,0.0032935787457972765,0.007348858751356602,9.776675869943574e-05,1.2218155461596325e-05,0.0001609716418897733
3364,HVSA1114,0.009465162642300129,0.23181074857711792,0.4741911292076111,0.022148383781313896,0.008312341757118702
3365,StrongVoices3325,0.5892740488052368,0.3603866994380951,0.04024340212345123,0.0017980310367420316,0.013472210615873337
3366,StutteringIsCool34183,0.2349940985441208,0.15632078051567078,0.035593077540397644,0.029366983100771904,0.979874312877655
3367,StrongVoices1217,0.35413476824760437,0.03705887496471405,0.00979736540466547,0.004303186200559139,0.02249324694275856
3368,WomenWhoStutter230,0.011333922855556011,0.2720009982585907,0.6029843688011169,0.5469022989273071,0.20326468348503113
3369,StutterTalk78,0.19771601259708405,0.3853527903556824,0.17738650739192963,0.050353821367025375,0.02972930110991001
3370,StrongVoices425,0.0035745168570429087,0.26306596398353577,0.00589717598631978,0.009714264422655106,0.017655566334724426
3371,WomenWhoStutter138,0.5676853656768799,0.4641762375831604,0.3554239869117737,0.012289083562791348,0.16385845839977264
3372,WomenWhoStutter829,0.17357796430587769,0.48761609196662903,0.06883247941732407,0.05247509852051735,0.188882976770401
3373,StutteringIsCool3814,0.017326753586530685,0.3605601489543915,0.011500687338411808,0.00019930566486436874,0.029539255425333977
3374,HVSA2132,0.032257936894893646,0.03758563473820686,0.0008518686518073082,0.0004329969815444201,0.03662027791142464
3375,StutteringIsCool7023,7.979816291481256e-05,0.0015582740306854248,2.7315969418850727e-05,3.007988016179297e-05,1.080404399544932e-05
3376,StrongVoices829,0.05610591545701027,0.12546493113040924,0.9077134728431702,0.015832293778657913,0.2373565286397934
3377,StrongVoices21165,0.011700952425599098,0.2686605155467987,0.005903315730392933,0.0004926470573991537,0.0037074482534080744
3378,StutteringIsCool221,0.0045395842753350735,0.057081371545791626,0.01501696277409792,0.09525046497583389,0.0012476429110392928
3379,StutterTalk6618,0.005879811476916075,0.30459386110305786,0.05688871443271637,0.19734090566635132,0.034403663128614426
3380,StrongVoices532,0.013265684247016907,0.10324151068925858,0.013182262890040874,0.07946091890335083,0.30163219571113586
3381,WomenWhoStutter10178,0.007803754415363073,0.2579090893268585,0.04115276038646698,0.00045798992505297065,0.0007428652606904507
3382,HVSA1180,0.00563053460791707,0.15986919403076172,0.10202988982200623,0.6839743852615356,0.029812080785632133
3383,StutterTalk7822,0.1711270660161972,0.23861251771450043,0.009576733224093914,0.0025795530527830124,0.8951666951179504
3384,HVSA245,0.06362049281597137,0.19953754544258118,0.6449410915374756,0.6640362739562988,0.34796980023384094
3385,StrongVoices32116,0.22027871012687683,0.019629325717687607,0.005746510345488787,0.017218884080648422,0.15448981523513794
3386,StrongVoices1735,0.4252651333808899,0.10377316921949387,0.0035246992483735085,9.114872227655724e-05,0.00543429609388113
3387,StutterTalk580,0.14807644486427307,0.4170638918876648,0.3798752725124359,0.08625270426273346,0.5891521573066711
3388,StutterTalk26127,0.0046497792936861515,0.028233464807271957,0.001315796747803688,0.3265638053417206,0.004071156494319439
3389,IStutterSoWhat380,0.7670445442199707,0.06066741794347763,0.012175152078270912,0.014583962969481945,0.5454198718070984
3390,WomenWhoStutter2135,0.02781301736831665,0.2890867292881012,0.22617919743061066,0.6155364513397217,0.07792297005653381
3391,WomenWhoStutter42167,0.002521126763895154,0.12594833970069885,0.015142259187996387,0.004592701327055693,0.0011014195624738932
3392,StutterTalk127,0.04685737565159798,0.02046361193060875,0.00035925168776884675,0.00013342815509531647,0.9750950336456299
3393,StrongVoices2512,0.04330101236701012,0.27603381872177124,0.005844993516802788,9.283955296268687e-05,0.0036419029347598553
3394,MyStutteringLife113,0.019931158050894737,0.23823757469654083,0.0239360760897398,0.10498181730508804,0.6457556486129761
3395,StrongVoices2118,0.11089548468589783,0.1120247170329094,0.014406203292310238,0.0027570913080126047,0.011744174174964428
3396,HeStutters1146,0.4667922258377075,0.25105127692222595,0.02084658294916153,0.001457106787711382,0.8920602202415466
3397,StrongVoices686,0.07224507629871368,0.08691589534282684,0.0031589739955961704,0.0006134356372058392,0.012704362161457539
3398,WomenWhoStutter211,0.042651042342185974,0.3709235191345215,0.019451625645160675,0.0033408470917493105,0.6577772498130798
3399,HVSA070,0.08151443302631378,0.21364732086658478,0.015443818643689156,0.024999668821692467,0.5040149688720703
3400,StrongVoices21148,0.026944033801555634,0.3239613175392151,0.007077105343341827,0.0008536095265299082,0.006383262109011412
3401,StrongVoices313,0.3679932653903961,0.04808890074491501,0.0022948484402149916,0.000790323771070689,0.005937226116657257
3402,HVSA237,0.01239122822880745,0.23045717179775238,0.4512205123901367,0.8490735292434692,0.5616655945777893
3403,StrongVoices3281,0.09630753099918365,0.4434511661529541,0.47305113077163696,0.38659387826919556,0.030520398169755936
3404,StrongVoices2513,0.08540793508291245,0.22499911487102509,0.10857491195201874,0.0037517459131777287,0.014374888502061367
3405,WomenWhoStutter97191,0.029593748971819878,0.44170916080474854,0.3641536831855774,0.16970793902873993,0.42574816942214966
3406,StrongVoices1215,0.19267557561397552,0.0370246022939682,0.002844352275133133,0.0004935447941534221,0.0055075399577617645
3407,HeStutters5140,0.018801139667630196,0.33893918991088867,0.8210163116455078,0.03737539425492287,0.03053225949406624
3408,HeStutters1121,0.1761082112789154,0.16326889395713806,0.007224626373499632,0.0018208069959655404,0.18688060343265533
3409,WomenWhoStutter9730,0.019061777740716934,0.3459252417087555,0.03486724570393562,0.1818923056125641,0.20604562759399414
3410,StrongVoices10200,0.0011995077366009355,0.09264738112688065,0.0005699119647033513,4.510227881837636e-05,0.0005701640620827675
3411,StutterTalk7232,0.029309282079339027,0.49203169345855713,0.3823685646057129,0.13253581523895264,0.036118846386671066
3412,StrongVoices3273,0.02307683788239956,0.2944473326206207,0.0023190646898001432,2.286911512783263e-05,0.002473692409694195
3413,StutterTalk7286,0.13993361592292786,0.14028574526309967,0.008792031556367874,0.0009746240684762597,0.00944273266941309
3414,StutterTalk64110,0.19831562042236328,0.28626182675361633,0.17006725072860718,0.003497055033221841,0.023181894794106483
3415,StrongVoices32158,0.05241730436682701,0.131384015083313,0.009757150895893574,0.23791052401065826,0.8988632559776306
3416,StutterTalk764,0.03445123881101608,0.15392087399959564,0.008715992793440819,0.007891065441071987,0.597364604473114
3417,StrongVoices2197,0.7413247227668762,0.047016989439725876,0.01937752403318882,0.0019801624584943056,0.0025227474980056286
3418,HVSA152,0.09041837602853775,0.46947723627090454,0.053562697023153305,0.007763246539980173,0.7938674688339233
3419,StrongVoices1424,0.630319356918335,0.16118156909942627,0.013180630281567574,5.020808384870179e-05,0.0026054459158331156
3420,WomenWhoStutter1032,0.07662809640169144,0.4619024097919464,0.7513455748558044,0.13051122426986694,0.12093111127614975
3421,StrongVoices32102,0.3374049663543701,0.06754542887210846,0.00926561001688242,0.009698908776044846,0.07352607697248459
3422,StrongVoices2340,0.373409628868103,0.5251860022544861,0.13054288923740387,0.002346177352592349,0.040932878851890564
3423,WomenWhoStutter8619,0.0029668714851140976,0.050519295036792755,0.10434036701917648,0.31560927629470825,0.03196185827255249
3424,StrongVoices23258,0.6697227954864502,0.2520962953567505,0.5655040740966797,0.0010881946654990315,0.04720728099346161
3425,StrongVoices413,0.002115747658535838,0.06157354265451431,0.0025360677391290665,0.00015599129255861044,0.0010669027687981725
3426,HeStutters168,0.1559535264968872,0.03423887491226196,0.0014808280393481255,0.00030574918491765857,0.08551175892353058
3427,StutterTalk284,0.027819735929369926,0.5437878966331482,0.5294134616851807,0.007353054825216532,0.011903222650289536
3428,WomenWhoStutter87174,0.0076450565829873085,0.03552870824933052,0.005647935904562473,0.0005648986552841961,0.0009635597234591842
3429,WomenWhoStutter30161,0.0006919987499713898,0.005500617902725935,0.0009729979792609811,0.005107527133077383,0.0009889770299196243
3430,StrongVoices3213,0.02400485798716545,0.01681506633758545,0.006149849388748407,0.10822205990552902,0.18992869555950165
3431,HVSA1178,0.760420560836792,0.026791850104928017,0.000974161783233285,0.0003934029955416918,0.9877666234970093
3432,StutteringIsCool80118,0.0013622682308778167,0.018623212352395058,0.0016245463630184531,0.00593089172616601,0.0013040866469964385
3433,HVSA388,0.008335636928677559,0.30474531650543213,0.008993100374937057,0.0004110036534257233,0.003562882775440812
3434,WomenWhoStutter9027,0.013192743062973022,0.22993403673171997,0.6021835803985596,0.5107428431510925,0.033901397138834
3435,StutteringIsCool274,0.0015867716865614057,0.06334861367940903,0.002328721573576331,0.00204974552616477,0.005505573004484177
3436,StrongVoices1726,0.24703025817871094,0.35303157567977905,0.031010180711746216,0.0013665283331647515,0.02125539444386959
3437,WomenWhoStutter8799,0.08354528993368149,0.13867990672588348,0.027803948149085045,0.004529104568064213,0.9162530303001404
3438,StutterTalk72189,0.019185448065400124,0.46232399344444275,0.04395093768835068,0.023999065160751343,0.02048584632575512
3439,WomenWhoStutter96103,0.3833131790161133,0.03745634853839874,0.0010007914388552308,0.00013260915875434875,0.07101409882307053
3440,WomenWhoStutter8783,0.07055589556694031,0.047169748693704605,0.03492524102330208,0.11618001759052277,0.8170453906059265
3441,MyStutteringLife2521,0.0494120754301548,0.31223970651626587,0.09055216610431671,0.0018705771071836352,0.00488974479958415
3442,StutteringIsCool2730,0.0045659770257771015,0.4282991588115692,0.005581534001976252,6.151194975245744e-05,0.00046277069486677647
3443,WomenWhoStutter8675,0.049904145300388336,0.2531147599220276,0.058625489473342896,0.27234333753585815,0.8648471236228943
3444,HVSA154,0.05061960592865944,0.3434249460697174,0.4743344187736511,0.27936339378356934,0.019591500982642174
3445,StrongVoices10164,0.07441000640392303,0.2115459442138672,0.015530796721577644,0.01826522685587406,0.9230553507804871
3446,WomenWhoStutter631,0.11598248034715652,0.05726673826575279,0.08642172068357468,0.5262749791145325,0.9782639145851135
3447,StutteringIsCool123,0.21614426374435425,0.38089263439178467,0.5443106293678284,0.5937848091125488,0.12690655887126923
3448,HeStutters1918,0.10740488022565842,0.0911479964852333,0.0056389267556369305,0.0033973597455769777,0.9714107513427734
3449,StutterTalk5327,0.03350348025560379,0.22084778547286987,0.023811597377061844,0.3480006754398346,0.7813516855239868
3450,StutteringIsCool332,0.36842259764671326,0.12681201100349426,0.016693711280822754,0.0011915081413462758,0.13576960563659668
3451,StutterTalk5317,0.04058244451880455,0.13903094828128815,0.010440128855407238,0.005510520190000534,0.07538087666034698
3452,WomenWhoStutter6911,0.04969640076160431,0.09175867587327957,0.0320042222738266,0.2154659479856491,0.5698137879371643
3453,WomenWhoStutter62199,0.003870071144774556,0.10755568742752075,0.0015370299806818366,0.004031133372336626,0.11302180588245392
3454,WomenWhoStutter174,0.1599806845188141,0.1416916698217392,0.0036849789321422577,0.0006393708754330873,0.9691470265388489
3455,IStutterSoWhat311,0.6334078311920166,0.19126717746257782,0.17452262341976166,0.20627015829086304,0.7010976672172546
3456,WomenWhoStutter9762,0.05865513160824776,0.06579450517892838,0.001999893691390753,0.0002168047649320215,0.0019085656385868788
3457,StutterTalk499,0.06157853081822395,0.2018948197364807,0.5795897245407104,0.4125744104385376,0.13020621240139008
3458,HVSA1106,0.0503372997045517,0.22465859353542328,0.006948771886527538,0.005376037210226059,0.2560494542121887
3459,MyStutteringLife2131,0.05982485041022301,0.23415927588939667,0.004747564904391766,8.774682646617293e-05,0.002620549639686942
3460,StutterTalk2512,0.44283613562583923,0.07410478591918945,0.013925112783908844,0.02984444610774517,0.7779697179794312
3461,WomenWhoStutter10118,0.2397819608449936,0.016058046370744705,0.0013126000994816422,8.883678674465045e-05,0.0008117789402604103
3462,StrongVoices86,0.012139281257987022,0.17526046931743622,0.0033454722724854946,0.000580957334022969,0.010686570778489113
3463,StrongVoices3253,0.008402601815760136,0.6337778568267822,0.09762653708457947,0.0004725327016785741,0.003694946877658367
3464,WomenWhoStutter229,0.022655384615063667,0.11708830296993256,0.07584627717733383,0.17661897838115692,0.6904865503311157
3465,WomenWhoStutter6925,0.0540923997759819,0.033000025898218155,0.0007390744285658002,1.481465733377263e-05,0.0007136728963814676
3466,HeStutters2191,0.03178398683667183,0.3990195393562317,0.06407377123832703,0.04885926470160484,0.05227288231253624
3467,StrongVoices1075,0.8013427257537842,0.05304264649748802,0.01316468883305788,0.0010531713487580419,0.0066064088605344296
3468,WomenWhoStutter2183,0.05794675648212433,0.5328694581985474,0.04200892150402069,0.007441290188580751,0.027793038636446
3469,StrongVoices23113,0.002611332107335329,0.4918407201766968,0.0036283573135733604,3.244441177230328e-05,0.0007346978527493775
3470,StutteringIsCool338,0.014522593468427658,0.20000840723514557,0.16889382898807526,0.22143715620040894,0.039729878306388855
3471,StutterTalk5439,0.011077498085796833,0.05101005733013153,0.027201388031244278,0.9885386824607849,0.018742626532912254
3472,StutteringIsCool80121,0.0005189609946683049,0.11142387241125107,0.0010489667765796185,0.0003544870123732835,0.001250104047358036
3473,HVSA286,0.011618051677942276,0.2362460047006607,0.09762158244848251,0.8998767733573914,0.03970791772007942
3474,MyStutteringLife163,0.04875292629003525,0.14666973054409027,0.010248399339616299,0.014267454855144024,0.9223955273628235
3475,StrongVoices924,0.015253668650984764,0.3611968457698822,0.08302979171276093,0.005306564271450043,0.07602372765541077
3476,WomenWhoStutter1223,0.02959713712334633,0.6266481876373291,0.37384748458862305,0.0037218728102743626,0.012640060856938362
3477,StutterTalk879,0.329834520816803,0.04261089488863945,0.012232888489961624,0.006267606746405363,0.01254630833864212
3478,StutterTalk366,0.21351633965969086,0.16135424375534058,0.002394943730905652,0.000607215566560626,0.9459555745124817
3479,StutteringIsCool5622,0.008714679628610611,0.024391330778598785,0.003088934114202857,0.015262574888765812,0.6942475438117981
3480,StrongVoices23244,0.05219623073935509,0.34530481696128845,0.30707278847694397,0.0002688576059881598,0.002770845778286457
3481,StutterTalk4421,0.06379003077745438,0.32331109046936035,0.10910195112228394,0.25542882084846497,0.28472650051116943
3482,StutterTalk807,0.0007543927640654147,0.29266980290412903,0.1193339005112648,0.0006319046951830387,0.00018575563444755971
3483,StrongVoices3136,0.2695606052875519,0.5561094284057617,0.24061718583106995,0.0015335376374423504,0.01218643318861723
3484,StutteringIsCool7930,0.052526336163282394,0.09927532076835632,0.01122340653091669,0.19001679122447968,0.8918155431747437
3485,StutterTalk06,0.006969620939344168,0.20563668012619019,0.042959120124578476,0.6680247187614441,0.006268937140703201
3486,WomenWhoStutter4286,0.02305668219923973,0.2753598690032959,0.0019851368851959705,0.0005365650285966694,0.017068110406398773
3487,WomenWhoStutter2137,0.0023106622975319624,0.08405213803052902,0.0018794004572555423,0.0003027845814358443,0.0012983480701223016
3488,StutteringIsCool46187,0.2809695899486542,0.5812793374061584,0.3417810797691345,0.03305220603942871,0.23765423893928528
3489,IStutterSoWhat3146,0.09619713574647903,0.21547827124595642,0.05921708047389984,0.8363757729530334,0.7035667300224304
3490,HeStutters16172,0.15959858894348145,0.055533189326524734,0.009332447312772274,0.023952586576342583,0.007850312627851963
3491,WomenWhoStutter62214,0.03661350905895233,0.3527659475803375,0.02493252605199814,0.059713948518037796,0.10956890881061554
3492,StutterTalk4216,0.002948163542896509,0.14776280522346497,0.016771182417869568,0.6906089782714844,0.1443629413843155
3493,HVSA252,0.007238682825118303,0.10799220204353333,0.0027348396833986044,0.0221612136811018,0.20231997966766357
3494,WomenWhoStutter21167,0.01271438505500555,0.13720709085464478,0.7975003719329834,0.040342818945646286,0.02314823307096958
3495,WomenWhoStutter3059,0.007551281247287989,0.05787397548556328,0.019018614664673805,0.02996780164539814,0.0031955833546817303
3496,StrongVoices136,0.0021575831342488527,0.16362681984901428,0.2819662094116211,0.1343003660440445,0.004593436606228352
3497,StrongVoices95,0.011765151284635067,0.5843533873558044,0.11596649140119553,0.008961842395365238,0.014511991292238235
3498,StutterTalk6484,0.07286645472049713,0.28467831015586853,0.4805958867073059,0.036391787230968475,0.019159268587827682
3499,StutteringIsCool4021,5.063167918706313e-05,0.008100098930299282,0.0007242060382850468,4.634078868548386e-05,1.9604734916356392e-05
3500,StutterTalk1826,0.026073584333062172,0.059910986572504044,0.0009120526374317706,0.0011720446636900306,0.38815486431121826
3501,StutterTalk3012,0.0009059396688826382,0.0619046725332737,0.000866713235154748,0.0026972226332873106,0.14250262081623077
3502,StrongVoices2339,0.2717912793159485,0.3415738344192505,0.027856942266225815,8.618651918368414e-05,0.007602104917168617
3503,HVSA393,0.0033084906172007322,0.16551809012889862,0.9366750717163086,0.004738496150821447,0.0029502990655601025
3504,StrongVoices23196,0.0164493340998888,0.2853896915912628,0.001365849282592535,8.402862476941664e-06,0.0011402273084968328
3505,MyStutteringLife2517,0.03290854021906853,0.08427778631448746,0.0006649696733802557,2.1509098587557673e-05,0.0007492732256650925
3506,StutterTalk6332,0.024434903636574745,0.2321658730506897,0.006707696709781885,0.005985463038086891,0.5673930048942566
3507,StutterTalk7711,0.2966432273387909,0.047031838446855545,0.009204819798469543,0.00909019447863102,0.5494997501373291
3508,StutteringIsCool4930,0.008329863660037518,0.5404735803604126,0.026928119361400604,0.004676590207964182,0.020279115065932274
3509,HeStutters332,0.17683368921279907,0.2437211275100708,0.007695610169321299,0.0012518990552052855,0.23151008784770966
3510,StutteringIsCool3811,0.6926866769790649,0.05503091961145401,0.004939977079629898,0.002186198253184557,0.06330621987581253
3511,StutterTalk68120,0.013574939221143723,0.373026579618454,0.2854050099849701,0.697501540184021,0.021613100543618202
3512,StutteringIsCool8082,0.0857384130358696,0.13937516510486603,0.004458798095583916,0.00334839872084558,0.018038608133792877
3513,StutteringIsCool115,0.16382214426994324,0.0703430324792862,0.015698395669460297,0.004415249451994896,0.002350679598748684
3514,StutteringIsCool80117,0.010910815559327602,0.30092599987983704,0.06269364804029465,0.04527529701590538,0.031387507915496826
3515,StutterTalk63153,0.005861858371645212,0.17068837583065033,0.9058222770690918,0.0024403759744018316,0.004513204097747803
3516,StutterTalk8119,0.0832161158323288,0.24422144889831543,0.04883867874741554,0.03259095549583435,0.4287218451499939
3517,HeStutters1724,0.08967956155538559,0.0490107387304306,0.0004971781745553017,0.0001055394095601514,0.006748571060597897
3518,WomenWhoStutter2734,0.006381622981280088,0.03135437145829201,0.0028502577915787697,0.14360615611076355,0.2132849097251892
3519,StrongVoices1432,0.1876467615365982,0.6197065114974976,0.09272347390651703,0.001477167708799243,0.021973833441734314
3520,WomenWhoStutter5517,0.004026826471090317,0.15724827349185944,0.3727094233036041,0.857794463634491,0.022654805332422256
3521,StrongVoices6118,0.08286596834659576,0.17959213256835938,0.0024325819686055183,0.00418877461925149,0.027135349810123444
3522,WomenWhoStutter96146,0.016270529478788376,0.36591461300849915,0.137346088886261,0.007945229299366474,0.03541073948144913
3523,StrongVoices6192,0.05479050800204277,0.5831769108772278,0.05165240168571472,0.0034978098701685667,0.005047559272497892
3524,WomenWhoStutter87143,0.09515832364559174,0.1079002320766449,0.002647256711497903,0.0005602544988505542,0.9606057405471802
3525,StutterTalk118,0.0504186674952507,0.5135783553123474,0.6502556204795837,0.07149427384138107,0.1619080752134323
3526,HVSA2105,0.31432151794433594,0.1677204668521881,0.007038169540464878,0.0002646190405357629,0.0023771249689161777
3527,HeStutters19102,0.0014234593836590648,0.13209623098373413,0.004271471872925758,5.2782543207285926e-06,0.0003664869873318821
3528,StutterTalk6414,0.136551171541214,0.028716107830405235,0.0011750662233680487,2.0159259292995557e-05,0.0005761014181189239
3529,HeStutters5174,0.0036866965238004923,0.12040222436189651,0.9602747559547424,0.002595555270090699,0.011721858754754066
3530,WomenWhoStutter1038,0.1941455602645874,0.04906395822763443,0.0035337484441697598,0.00020464442786760628,0.0007695789099670947
3531,StrongVoices32101,0.07524196803569794,0.0341857485473156,0.0023641528096050024,0.00022760430874768645,0.0008942904532887042
3532,WomenWhoStutter6286,0.027623679488897324,0.2753187119960785,0.006170939654111862,0.010465589351952076,0.02046564407646656
3533,StrongVoices115,0.2787048816680908,0.42944100499153137,0.25579771399497986,0.053467486053705215,0.43127962946891785
3534,WomenWhoStutter4636,0.013292468152940273,0.07991468161344528,0.013254054822027683,0.05094625800848007,0.038749512284994125
3535,WomenWhoStutter9733,0.11126261204481125,0.10642652213573456,0.05576829984784126,0.8294566869735718,0.07170496135950089
3536,StrongVoices23108,0.09634170681238174,0.2342398762702942,0.006968641187995672,0.0008423163671977818,0.9245530962944031
3537,StutterTalk26101,0.028647731989622116,0.14760936796665192,0.016579201444983482,0.03939294070005417,0.9156405329704285
3538,StutterTalk444,0.0017738129245117307,0.22359156608581543,0.03166639804840088,0.031205471605062485,0.0037525780498981476
3539,IStutterSoWhat3135,0.001933895517140627,0.14529329538345337,0.002719491021707654,0.004205311648547649,0.016660859808325768
3540,StrongVoices2399,0.2654205560684204,0.520544171333313,0.22009000182151794,0.0071619912050664425,0.02672577276825905
3541,WomenWhoStutter3040,0.057672202587127686,0.13107556104660034,0.0015888588968664408,3.943390038330108e-05,0.0018129764357581735
3542,HVSA2110,0.022088613361120224,0.33692240715026855,0.16388444602489471,0.009860232472419739,0.006525163538753986
3543,StrongVoices10161,0.02730523608624935,0.29948052763938904,0.03512578830122948,0.005533135961741209,0.040570370852947235
3544,StutterTalk7724,0.035479843616485596,0.2833781838417053,0.011118987575173378,0.012714912183582783,0.02857445925474167
3545,HVSA042,0.030666552484035492,0.40395697951316833,0.13006295263767242,0.6236116290092468,0.09775284677743912
3546,WomenWhoStutter2140,0.0008255001157522202,0.048791587352752686,0.00025687023298814893,6.973790732445195e-05,0.001565589103847742
3547,HeStutters1880,0.13844682276248932,0.06343676894903183,0.0020674634724855423,0.0002281912020407617,0.005224373657256365
3548,StrongVoices2137,0.19835951924324036,0.02092265896499157,0.001546653569675982,0.0008301253546960652,0.005109922029078007
3549,StutterTalk6438,0.03387543931603432,0.18340638279914856,0.01607673428952694,0.0014803995145484805,0.010154103860259056
3550,HVSA324,0.017577169463038445,0.4093741178512573,0.3446885347366333,0.7137683629989624,0.0455019436776638
3551,WomenWhoStutter30109,0.001592170214280486,0.009621062316000462,0.0008396263583563268,0.0004805063072126359,0.00023314985446631908
3552,StutterTalk545,0.002328329486772418,0.09483754634857178,0.004337834194302559,0.009785151109099388,0.028779998421669006
3553,HVSA024,0.3532028794288635,0.4343852400779724,0.2467857152223587,0.040348783135414124,0.05601063370704651
3554,StutterTalk269,0.0020211865194141865,0.07858145236968994,0.0016734334640204906,0.00034303206484764814,0.0017408692510798573
3555,StutterTalk788,0.006675526965409517,0.29136279225349426,0.16213294863700867,0.42751556634902954,0.04536105692386627
3556,StrongVoices1116,0.10402626544237137,0.3575217127799988,0.014743326231837273,0.0023909620940685272,0.5147780179977417
3557,StutteringIsCool1735,0.2079026848077774,0.46675464510917664,0.37386247515678406,0.4552619755268097,0.5314590334892273
3558,WomenWhoStutter30179,0.04910152405500412,0.11891024559736252,0.0042086499743163586,0.0012446418404579163,0.8796890377998352
3559,StutteringIsCool842,0.01580858789384365,0.015070265159010887,0.0003889998479280621,2.6934832931146957e-05,0.011514372192323208
3560,WomenWhoStutter9618,0.04853137582540512,0.2808099091053009,0.7577430605888367,0.00885673426091671,0.03983897343277931
3561,StrongVoices727,0.007461917586624622,0.206262469291687,0.12220587581396103,0.0034722064156085253,0.006169717293232679
3562,StrongVoices2373,0.701882541179657,0.1255365014076233,0.0195457823574543,0.0001280825526919216,0.0012103739427402616
3563,HVSA0131,0.048919495195150375,0.16612876951694489,0.007818195968866348,0.02662273496389389,0.7040576934814453
3564,WomenWhoStutter87166,0.008146367967128754,0.1060507670044899,0.048903681337833405,0.5063294768333435,0.006948222406208515
3565,HVSA370,0.04269975796341896,0.1709679365158081,0.6795693635940552,0.1782226413488388,0.008745813742280006
3566,WomenWhoStutter97108,0.19015584886074066,0.5795002579689026,0.29445427656173706,0.09741852432489395,0.053500205278396606
3567,HeStutters5125,0.015946149826049805,0.12473015487194061,0.005802977830171585,0.012210375629365444,0.4821593165397644
3568,StrongVoices932,0.09189413487911224,0.2097550928592682,0.005057667847722769,0.00020100531401112676,0.005289129912853241
3569,StrongVoices2389,0.053497154265642166,0.26964452862739563,0.00533217191696167,0.0005355632747523487,0.008041182532906532
3570,StutteringIsCool235,0.1849563866853714,0.20629726350307465,0.14205297827720642,0.001910429447889328,0.0034142760559916496
3571,WomenWhoStutter42165,0.19167456030845642,0.15692387521266937,0.009073462337255478,0.0007279851124621928,0.007711309939622879
3572,StutterTalk6471,0.21136553585529327,0.09527520090341568,0.022370053455233574,0.0015699696959927678,0.010460845194756985
3573,HeStutters739,0.026712529361248016,0.32860490679740906,0.010606711730360985,0.00027361989486962557,0.027386385947465897
3574,StrongVoices23141,0.007425936870276928,0.5238935351371765,0.10055343806743622,0.0008113376679830253,0.0035213246010243893
3575,StutterTalk68217,0.017267074435949326,0.06880732625722885,0.0045607006177306175,0.007629541680216789,0.3510749340057373
3576,StutteringIsCool8028,0.001596522401086986,0.00957999937236309,0.0007506411639042199,0.03509389981627464,0.011341383680701256
3577,IStutterSoWhat315,0.40446752309799194,0.16106443107128143,0.2891652584075928,0.8608839511871338,0.7069655060768127
3578,StutterTalk7623,0.02512456104159355,0.039667945355176926,0.003348303260281682,0.003636598587036133,0.0048163896426558495
3579,StrongVoices23183,0.23495221138000488,0.2904505133628845,0.016254380345344543,0.0001742740860208869,0.005148905795067549
3580,StutterTalk8161,0.017351819202303886,0.2210182547569275,0.6082801818847656,6.194301386130974e-05,0.00045071583008393645
3581,WomenWhoStutter87141,0.015081400983035564,0.11115432530641556,0.024020064622163773,0.9519798159599304,0.04329664260149002
3582,HeStutters1262,0.08013878762722015,0.2048681229352951,0.3170958459377289,0.3309917151927948,0.672141969203949
3583,HVSA2196,0.02825394831597805,0.3446568250656128,0.6204833388328552,0.20818425714969635,0.6984193325042725
3584,StutterTalk8125,0.2759675085544586,0.1897502839565277,0.13540208339691162,0.6573072075843811,0.04759351164102554
3585,StutterTalk7243,0.17950014770030975,0.3800557255744934,0.3916047215461731,0.011409983038902283,0.024125656113028526
3586,StutteringIsCool7932,0.013093878515064716,0.5284778475761414,0.497123658657074,0.0080175856128335,0.010079375468194485
3587,StutterTalk898,0.00705516804009676,0.20738671720027924,0.6145997047424316,0.5359876155853271,0.3827941417694092
3588,StutterTalk64139,0.23671843111515045,0.04760463163256645,0.0018639907939359546,0.0011033897753804922,0.979502260684967
3589,StutterTalk6320,0.0005708405515179038,0.041175417602062225,0.004543345887213945,0.006688952911645174,0.0030544649343937635
3590,StutterTalk25162,0.09635284543037415,0.4769824743270874,0.15055513381958008,0.44242769479751587,0.5388797521591187
3591,WomenWhoStutter5537,0.0014352868311107159,0.10018137097358704,0.006865315604954958,0.2625206410884857,0.0039224340580403805
3592,StutterTalk129,0.226970836520195,0.0067456187680363655,8.42004592414014e-05,2.0919480448355898e-05,0.04194566607475281
3593,WomenWhoStutter42222,0.8293655514717102,0.0685359537601471,0.003739715088158846,0.0020533185452222824,0.054872892796993256
3594,WomenWhoStutter10179,0.032075099647045135,0.443742573261261,0.29877200722694397,0.012361178174614906,0.02034199982881546
3595,WomenWhoStutter97149,0.009283788502216339,0.5660669803619385,0.10508119314908981,0.00034858431899920106,0.0019346283515915275
3596,HVSA316,0.006710060406476259,0.34716129302978516,0.02097126841545105,0.01890566386282444,0.01790209673345089
3597,StrongVoices23230,0.09843861311674118,0.4380283057689667,0.10408274829387665,0.009099648334085941,0.25281408429145813
3598,StutteringIsCool8114,0.29352837800979614,0.11895735561847687,0.0263520497828722,0.044473905116319656,0.749679684638977
3599,WomenWhoStutter2513,0.07602836936712265,0.4105900526046753,0.23035217821598053,0.7540472745895386,0.13923828303813934
3600,WomenWhoStutter7328,0.003533919109031558,0.02616058848798275,0.015600796788930893,0.9607438445091248,0.016627777367830276
3601,StrongVoices1013,0.007185541093349457,0.04404390975832939,0.008829656057059765,0.036467671394348145,0.6631930470466614
3602,WomenWhoStutter81126,0.010171674191951752,0.05674390867352486,0.0006481369491666555,7.919662311905995e-05,0.00627110293135047
3603,StutteringIsCool2318,0.0004580503737088293,0.07282624393701553,0.06472129374742508,0.00027634596335701644,0.00022952814470045269
3604,WomenWhoStutter10237,0.18818427622318268,0.5055503249168396,0.3365125358104706,0.006506732199341059,0.005708808079361916
3605,StutteringIsCool21,0.011558999307453632,0.37882697582244873,0.25319603085517883,0.027992840856313705,0.026090268045663834
3606,StutteringIsCool3317,0.1462460160255432,0.0062770964577794075,8.664750203024596e-05,1.504083502368303e-05,0.02347532846033573
3607,WomenWhoStutter622,0.0029058880172669888,0.042183782905340195,0.0009727177093736827,0.011137709952890873,0.07853104919195175
3608,HVSA399,0.3383414149284363,0.055841367691755295,0.00837863888591528,0.0002515172818675637,0.0009917916031554341
3609,StrongVoices10215,0.007106057833880186,0.05753440409898758,0.00035011820727959275,0.0003964760107919574,0.004293467849493027
3610,StutterTalk5311,0.003536015283316374,0.19923123717308044,0.0449535958468914,0.013845862820744514,0.005670289974659681
3611,StutterTalk5835,0.05538110435009003,0.18620318174362183,0.2506810128688812,0.08420788496732712,0.009888885542750359
3612,WomenWhoStutter86156,0.00986615102738142,0.2522381842136383,0.020224101841449738,0.39185047149658203,0.08218320459127426
3613,HVSA395,0.005982320290058851,0.46461957693099976,0.3291871249675751,0.006747938692569733,0.004557805135846138
3614,StutteringIsCool1415,0.6307398676872253,0.013826019130647182,0.011931083165109158,0.031743522733449936,0.02718632109463215
3615,StutterTalk640,0.023733288049697876,0.07488130033016205,0.0006791949854232371,3.3794767659856007e-05,0.0019026434747502208
3616,WomenWhoStutter5828,0.0009856622200459242,0.015125270932912827,0.0004713527159765363,0.001467741560190916,0.029964718967676163
3617,WomenWhoStutter10232,0.03415631875395775,0.13799767196178436,0.005571684334427118,0.001449383213184774,0.005012412555515766
3618,StutteringIsCool3718,0.035215940326452255,0.4942888617515564,0.5906546115875244,0.08756358921527863,0.03873714432120323
3619,StutteringIsCool6734,0.001291656750254333,0.047373995184898376,0.011893820017576218,0.02829056791961193,0.007096179760992527
3620,StrongVoices57,0.06627623736858368,0.4360215365886688,0.0573764406144619,0.0036508801858872175,0.549484133720398
3621,WomenWhoStutter338,0.2086435854434967,0.5297607183456421,0.07071849703788757,0.007701398804783821,0.042381614446640015
3622,StutteringIsCool6918,0.016627386212348938,0.10910862684249878,0.0725082978606224,0.801024854183197,0.1792992502450943
3623,StutterTalk64111,0.029326006770133972,0.2786911427974701,0.23042255640029907,0.12919990718364716,0.6703087687492371
3624,StutteringIsCool80204,0.1452237218618393,0.08288843929767609,0.014926472678780556,0.8419035077095032,0.10228226333856583
3625,StrongVoices427,0.000417990202549845,0.016313966363668442,0.00010833481792360544,3.0515730031765997e-05,0.0018466487526893616
3626,StutterTalk37170,0.05876604840159416,0.16972455382347107,0.0349409393966198,0.1186722069978714,0.11729616671800613
3627,StrongVoices133,0.08609069883823395,0.057421308010816574,0.00037901385803706944,2.2569838620256633e-05,0.005312756635248661
3628,HeStutters11197,0.12201686948537827,0.40687882900238037,0.29955634474754333,0.4349173605442047,0.02533566765487194
3629,StutterTalk37147,0.060952357947826385,0.07180601358413696,0.05935018137097359,0.5621559023857117,0.22013118863105774
3630,StutterTalk37134,0.08611676096916199,0.009190770797431469,0.0035332057159394026,0.026170209050178528,0.1278325766324997
3631,StutterTalk117,0.05958833172917366,0.2831597626209259,0.5684903264045715,0.654306948184967,0.5852771997451782
3632,StutteringIsCool289,0.008351756259799004,0.2212182879447937,0.038738567382097244,0.27891430258750916,0.5902237892150879
3633,StrongVoices330,0.004563163034617901,0.05052662268280983,0.021617470309138298,0.9638053178787231,0.17716144025325775
3634,WomenWhoStutter6243,0.006192714441567659,0.20093373954296112,0.003510589012876153,0.0006776131922379136,0.04105756804347038
3635,StutteringIsCool3717,0.7988893389701843,0.1639898419380188,0.08814752846956253,0.0053718676790595055,0.023068316280841827
3636,HVSA2195,0.003346862271428108,0.25957101583480835,0.7696474194526672,0.1411866396665573,0.0053546796552836895
3637,StutteringIsCool3310,0.04359402507543564,0.5406549572944641,0.4730880558490753,0.010043802671134472,0.03153761103749275
3638,StutteringIsCool462,0.003288090694695711,0.26143190264701843,0.0022597741335630417,0.00014858493523206562,0.0011547600151970983
3639,StrongVoices2520,0.004776459652930498,0.012422663159668446,0.0012398672988638282,0.0006769670289941132,0.0005043112323619425
3640,StrongVoices2218,0.3408764600753784,0.2934962213039398,0.22399529814720154,0.0047606369480490685,0.013542247004806995
3641,WomenWhoStutter8778,0.0034208535216748714,0.030615443363785744,0.0026175042148679495,0.0018596434965729713,0.6974420547485352
3642,HeStutters11158,0.1905471533536911,0.14204494655132294,0.010564032942056656,0.010535983368754387,0.7746810913085938
3643,StrongVoices719,0.5841729044914246,0.03385743126273155,0.012733763083815575,0.006757658440619707,0.08872082084417343
3644,StrongVoices10118,0.033075522631406784,0.5100483894348145,0.029088694602251053,0.00043116864981129766,0.003466355614364147
3645,WomenWhoStutter9634,0.05203168839216232,0.10033363848924637,0.04662124812602997,0.9032898545265198,0.5963318347930908
3646,StutteringIsCool20,0.07474034279584885,0.0840693935751915,0.013383369892835617,0.023836791515350342,0.5775612592697144
3647,HVSA2189,0.42866674065589905,0.015623793005943298,0.000687617517542094,0.00022244754654821008,0.1501404345035553
3648,StutterTalk64200,0.7526715993881226,0.04290616884827614,0.010647275485098362,0.3374587297439575,0.10189883410930634
3649,StutteringIsCool46185,0.02805819734930992,0.22792311012744904,0.057203974574804306,0.4069942831993103,0.017324132844805717
3650,HeStutters11201,0.012650474905967712,0.30601751804351807,0.20029595494270325,0.14379064738750458,0.003483445616438985
3651,HVSA163,0.015078149735927582,0.40041759610176086,0.8471803069114685,0.013599160127341747,0.02135363034904003
3652,StutterTalk6372,0.004191729240119457,0.17375683784484863,0.037794437259435654,0.022542214021086693,0.4405358135700226
3653,StutteringIsCool7614,0.004845662508159876,0.33320608735084534,0.029921192675828934,0.0003988680837210268,0.0014543758006766438
3654,StrongVoices172,0.39601680636405945,0.04748985171318054,0.0007987901335582137,1.6089636119431816e-05,0.0014437510399147868
3655,StutteringIsCool8134,0.002843257272616029,0.053243644535541534,0.054886192083358765,0.7851700186729431,0.47571682929992676
3656,WomenWhoStutter3094,0.3827233910560608,0.41633379459381104,0.04819301888346672,0.014441179111599922,0.016307465732097626
3657,IStutterSoWhat3157,0.00462588993832469,0.17102347314357758,0.793943464756012,0.05133775621652603,0.03393976762890816
3658,WomenWhoStutter62148,0.11325623095035553,0.1679297834634781,0.009060092270374298,0.0002232687984360382,0.007531555835157633
3659,WomenWhoStutter8926,8.662883192300797e-05,0.05692067742347717,4.579289452522062e-05,7.40917821531184e-05,0.006858208682388067
3660,WomenWhoStutter87121,0.08932775259017944,0.3453409969806671,0.2231287807226181,0.44691500067710876,0.8010175824165344
3661,WomenWhoStutter1086,0.018778828904032707,0.21040287613868713,0.846522331237793,0.03540387377142906,0.021777305752038956
3662,StrongVoices3321,0.12675900757312775,0.33608171343803406,0.08797243237495422,0.33487287163734436,0.04541384056210518
3663,StrongVoices3287,0.0984584391117096,0.5587612986564636,0.19105906784534454,0.015732141211628914,0.01137334294617176
3664,WomenWhoStutter6283,0.09584591537714005,0.06286158412694931,0.0030227883253246546,0.007386315613985062,0.06832700222730637
3665,StrongVoices10151,0.0054151806980371475,0.40350183844566345,0.005643066950142384,0.0010495566530153155,0.00993732362985611
3666,StrongVoices2618,0.23686964809894562,0.3219427764415741,0.008769819512963295,0.0021991387475281954,0.23322725296020508
3667,StutterTalk1222,0.2237798124551773,0.025383813306689262,0.0008258026791736484,0.00022552232258021832,0.9636721611022949
3668,WomenWhoStutter3049,0.6159451007843018,0.04922345280647278,0.004678088705986738,0.0021565905772149563,0.01456849742680788
3669,StrongVoices23169,0.13852722942829132,0.3640512228012085,0.02599567547440529,0.003643321804702282,0.8000497221946716
3670,StutteringIsCool46129,0.06543928384780884,0.04416518285870552,0.01597648300230503,0.9759317636489868,0.6319363117218018
3671,HVSA197,0.13590678572654724,0.5920841693878174,0.21676157414913177,0.03008921444416046,0.09665670990943909
3672,StrongVoices1711,0.0025510324630886316,0.1946372240781784,0.006069568917155266,0.0028658488299697638,0.005651287268847227
3673,WomenWhoStutter81125,0.029595941305160522,0.14602625370025635,0.038685038685798645,0.9238682985305786,0.25751179456710815
3674,HVSA0104,0.01273754145950079,0.2838035225868225,0.23386305570602417,0.8341590762138367,0.3648100793361664
3675,StutteringIsCool34160,0.22322966158390045,0.08053433150053024,0.00101832440122962,0.00010051578283309937,0.9758432507514954
3676,StutterTalk1523,0.09753730893135071,0.19735810160636902,0.06622996181249619,0.29790642857551575,0.014900707639753819
3677,StutterTalk64170,0.0011165948817506433,0.01721174456179142,0.00014496117364615202,3.3319076464977115e-05,0.00024218432372435927
3678,StutterTalk2514,0.012231649830937386,0.37591975927352905,0.03729647770524025,0.24229134619235992,0.07707428187131882
3679,StrongVoices23109,0.04896276444196701,0.5687423944473267,0.3515082001686096,0.039618778973817825,0.10700737684965134
3680,WomenWhoStutter8744,0.20351965725421906,0.04966087266802788,0.0044092112220823765,0.0548289529979229,0.69478440284729
3681,StrongVoices3220,0.04992819204926491,0.31967753171920776,0.021186651661992073,0.001911216415464878,0.008993635885417461
3682,HeStutters2119,0.08404962718486786,0.2631901204586029,0.0972268357872963,0.052201829850673676,0.9088639616966248
3683,StrongVoices1426,0.09298105537891388,0.06585042178630829,0.005231647286564112,0.00038764349301345646,0.002870983676984906
3684,StrongVoices834,0.0028857558500021696,0.10618352144956589,0.0037428487557917833,0.000839024898596108,0.007125847041606903
3685,StutterTalk68103,0.2888873219490051,0.13860122859477997,0.012373716570436954,0.0014923326671123505,0.046820998191833496
3686,HeStutters11176,0.011757352389395237,0.11314699798822403,0.06601431220769882,0.19815145432949066,0.030744900926947594
3687,StutterTalk8143,0.048851851373910904,0.2899232804775238,0.21876059472560883,0.01973811164498329,0.7225049138069153
3688,StrongVoices2723,0.6424940228462219,0.15762493014335632,0.0025293398648500443,5.491424599313177e-05,0.009272926487028599
3689,HVSA2113,0.0918152928352356,0.4784238934516907,0.03902903571724892,0.00593725498765707,0.012572458013892174
3690,StutterTalk84,0.00990693736821413,0.24768932163715363,0.3634437024593353,0.4775122106075287,0.19769127666950226
3691,StutteringIsCool80185,0.0031290161423385143,0.16699615120887756,0.09886503219604492,0.2067001909017563,0.0140098100528121
3692,StutterTalk26150,0.0015448491321876645,0.14948159456253052,0.0016249848995357752,0.0007174346828833222,0.006979912053793669
3693,StutterTalk37111,0.5263120532035828,0.04124993458390236,0.016276467591524124,0.1512969583272934,0.7763091325759888
3694,WomenWhoStutter1727,0.04276618734002113,0.3768273591995239,0.006642066407948732,0.0002958019613288343,0.01182674989104271
3695,StutteringIsCool2319,0.0061506363563239574,0.25064101815223694,0.11252689361572266,0.005758307874202728,0.004304453264921904
3696,StutterTalk72100,0.004250362981110811,0.0500616692006588,0.002216597553342581,0.010325102135539055,0.006096363067626953
3697,MyStutteringLife1633,0.006738520693033934,0.0879320278763771,0.006717266049236059,0.006892097648233175,0.0034619064535945654
3698,IStutterSoWhat3119,0.011575507931411266,0.0655127614736557,0.0008865948766469955,0.00016836835129652172,0.20954807102680206
3699,StrongVoices23129,0.15495304763317108,0.1827184557914734,0.007071381434798241,0.00019758609414566308,0.860482394695282
3700,StrongVoices1915,0.472084641456604,0.03752971440553665,0.0027779683005064726,0.0005699056782759726,0.03835773468017578
3701,HVSA050,0.02113409712910652,0.23754701018333435,0.11052443087100983,0.8719584345817566,0.435876727104187
3702,HVSA2170,0.2726726233959198,0.02293042466044426,0.0002804517571348697,1.407327363267541e-05,0.03304148465394974
3703,StrongVoices32110,0.054211825132369995,0.12121330946683884,0.0053652189671993256,0.0013271074276417494,0.017314540222287178
3704,StutterTalk1835,0.0020621733274310827,0.03204748034477234,0.001150011783465743,0.0004870221600867808,0.0018703510286286473
3705,StutterTalk4917,0.007878722622990608,0.09134620428085327,0.0008767052786424756,0.015848426148295403,0.08867275714874268
3706,HeStutters18197,0.01457096915692091,0.2846997380256653,0.07648130506277084,0.8875840902328491,0.1538115292787552
3707,StrongVoices2330,0.02622370235621929,0.4857969582080841,0.023793037980794907,0.0011256245197728276,0.015940867364406586
3708,MyStutteringLife3833,0.18953581154346466,0.32465606927871704,0.186489075422287,0.02900303341448307,0.907878041267395
3709,StutterTalk6485,0.17099720239639282,0.13458006083965302,0.1001916229724884,0.920501172542572,0.057758454233407974
3710,StrongVoices3247,0.14880357682704926,0.3316211402416229,0.019044900313019753,0.0003289061423856765,0.003673336235806346
3711,HeStutters213,0.08266915380954742,0.5775036811828613,0.5168724060058594,0.05146510526537895,0.10199431329965591
3712,StutterTalk496,0.062068480998277664,0.2108220010995865,0.04074924439191818,0.009347527287900448,0.7546846866607666
3713,StrongVoices23179,0.24468059837818146,0.27563923597335815,0.07359421998262405,0.0001854194124462083,0.017079537734389305
3714,WomenWhoStutter1539,0.008008386939764023,0.03130413219332695,0.00376370782032609,0.8231926560401917,0.05846785753965378
3715,StutteringIsCool4524,0.3597032129764557,0.1935749053955078,0.17420367896556854,0.2813144624233246,0.20891010761260986
3716,StutteringIsCool388,0.009644987061619759,0.014205655083060265,0.005303484387695789,0.18581444025039673,0.10834038257598877
3717,WomenWhoStutter30122,0.0033893126528710127,0.03341466188430786,0.0020311851985752583,0.0015269324649125338,0.030230455100536346
3718,StrongVoices416,0.021513134241104126,0.011481069959700108,0.00048175835399888456,0.00020227520144544542,0.011691752821207047
3719,MyStutteringLife519,0.0009964462369680405,0.02900446392595768,0.0009554906282573938,5.111063364893198e-05,0.0001312889507971704
3720,StrongVoices274,0.2277916520833969,0.551747739315033,0.12171852588653564,0.0013924582162871957,0.017068982124328613
3721,StrongVoices32154,0.29590892791748047,0.41436463594436646,0.4026898443698883,0.005995218642055988,0.1989007145166397
3722,StrongVoices10208,0.27262771129608154,0.3001284599304199,0.017941324040293694,0.0004367382498458028,0.006819690112024546
3723,WomenWhoStutter2197,0.010143731720745564,0.25505802035331726,0.001739890081807971,5.545130534301279e-06,0.0008282716735266149
3724,StutterTalk014,0.17626498639583588,0.03249576687812805,0.0005312333814799786,5.233405317994766e-05,0.9812309145927429
3725,HVSA239,0.11472013592720032,0.4636935591697693,0.09446340799331665,0.005591902881860733,0.014579296112060547
3726,StrongVoices23118,0.27481114864349365,0.3720759153366089,0.10477831214666367,0.0043409718200564384,0.7829038500785828
3727,HVSA3156,0.09772714972496033,0.06610508263111115,0.002403893508017063,6.933758413651958e-05,0.00011380376236047596
3728,StutteringIsCool210,0.018873408436775208,0.22999624907970428,0.3447485864162445,0.11785054951906204,0.006418279372155666
3729,StutterTalk2234,0.004975029733031988,0.11576536297798157,0.10504757612943649,0.34161701798439026,0.06816355884075165
3730,IStutterSoWhat0112,0.006763690151274204,0.038049548864364624,0.0012076705461367965,0.0016265312442556024,0.04454963281750679
3731,StrongVoices212,0.19788198173046112,0.4165913164615631,0.12026112526655197,0.03954608365893364,0.7810904383659363
3732,MyStutteringLife2130,0.005964779760688543,0.1074451133608818,0.005980287212878466,0.021802496165037155,0.026675648987293243
3733,StrongVoices10157,0.026931317523121834,0.3791135251522064,0.02327183075249195,0.008601633831858635,0.013060399331152439
3734,StutteringIsCool34129,0.07528964430093765,0.23242400586605072,0.004091738723218441,0.0005618254072032869,0.44822245836257935
3735,HeStutters1852,0.09612883627414703,0.5642129778862,0.1092974841594696,0.004723840858787298,0.03654373809695244
3736,HVSA2146,0.011846202425658703,0.31865713000297546,0.5619465112686157,0.30694201588630676,0.032105594873428345
3737,StutteringIsCool1612,0.009642190299928188,0.22716915607452393,0.23891650140285492,0.828811526298523,0.09544268250465393
3738,WomenWhoStutter42111,0.0070222546346485615,0.40513333678245544,0.017296528443694115,0.0004448932595551014,0.00255325878970325
3739,StutterTalk015,0.7561143636703491,0.2601100504398346,0.35466209053993225,0.002235840540379286,0.018485138192772865
3740,StutterTalk1438,0.024255748838186264,0.05336612090468407,0.004569728393107653,0.022128337994217873,0.04453779011964798
3741,WomenWhoStutter9792,0.022921083495020866,0.23709791898727417,0.09961741417646408,0.7914775609970093,0.030050016939640045
3742,HVSA247,0.08755145967006683,0.08765164762735367,0.007010709494352341,0.000515305029693991,0.8731048703193665
3743,StrongVoices32157,0.15839852392673492,0.4099256992340088,0.7299771904945374,0.025440877303481102,0.03596166893839836
3744,WomenWhoStutter9617,0.0074723646976053715,0.44334402680397034,0.06297041475772858,0.0016305891331285238,0.0023938969243317842
3745,StrongVoices10105,0.01902087777853012,0.15325728058815002,0.0131337009370327,0.0005986379692330956,0.001908777398057282
3746,StrongVoices21151,0.45752033591270447,0.1679251343011856,0.04677921533584595,0.0022838579025119543,0.00685708224773407
3747,StrongVoices23102,0.01226885337382555,0.39952170848846436,0.0073942700400948524,4.9030804802896455e-05,0.002288688439875841
3748,StutterTalk72,0.08855590969324112,0.4133402407169342,0.37013348937034607,0.04648624733090401,0.8848016262054443
3749,StrongVoices270,0.13026100397109985,0.36708077788352966,0.08337251096963882,0.06444964557886124,0.08276466280221939
3750,WomenWhoStutter96148,0.0281884353607893,0.5061261057853699,0.06362907588481903,0.006712663918733597,0.0027991572860628366
3751,WomenWhoStutter2237,0.007619321346282959,0.06384095549583435,0.05778384208679199,0.9645166993141174,0.12773741781711578
3752,HVSA2149,0.055942654609680176,0.424152135848999,0.3792628347873688,0.00449889013543725,0.01522593293339014
3753,StutteringIsCool34151,0.09080763906240463,0.254106342792511,0.014111761003732681,0.0029050479643046856,0.4816474914550781
3754,IStutterSoWhat323,0.06628154963254929,0.5243930816650391,0.11761873960494995,0.03362806886434555,0.03405531495809555
3755,WomenWhoStutter8653,0.05056396871805191,0.13271713256835938,0.003081217175349593,0.000790866557508707,0.9447250962257385
3756,StutteringIsCool233,0.0014287258964031935,0.14741861820220947,0.0025961848441511393,0.0005879922537133098,0.0021272788289934397
3757,HVSA023,0.027531132102012634,0.3666398227214813,0.6192928552627563,0.017005130648612976,0.0790771022439003
3758,WomenWhoStutter2914,0.16965839266777039,0.08561822772026062,0.006501469295471907,0.0004138228832744062,0.0027296319603919983
3759,StrongVoices2738,0.01193339191377163,0.2666654884815216,0.024130241945385933,0.0008907744195312262,0.004559531807899475
3760,WomenWhoStutter497,0.021720407530665398,0.24317055940628052,0.8594709038734436,0.0370335690677166,0.039867103099823
3761,StutteringIsCool4677,0.02421632409095764,0.4518205225467682,0.2182934284210205,0.36401015520095825,0.11465021967887878
3762,StrongVoices32104,0.6776478886604309,0.16557778418064117,0.040088824927806854,4.077786798006855e-05,0.005169439595192671
3763,WomenWhoStutter33,0.038200199604034424,0.2233390361070633,0.5667493939399719,0.04690989851951599,0.006740604527294636
3764,StrongVoices23136,0.2921903729438782,0.4486421048641205,0.14121316373348236,0.0005323964869603515,0.014731845818459988
3765,StrongVoices1055,0.007965362630784512,0.3723413646221161,0.017476873472332954,0.004884399939328432,0.0056875222362577915
3766,HVSA0102,0.028073394671082497,0.20288574695587158,0.02706995978951454,0.05406852439045906,0.5530519485473633
3767,StutterTalk5331,0.038517698645591736,0.25113245844841003,0.03763171657919884,0.16563911736011505,0.8939313292503357
3768,HVSA062,0.024529049172997475,0.38423100113868713,0.2807118892669678,0.39298340678215027,0.2998395562171936
3769,StrongVoices1933,0.044268328696489334,0.02774233929812908,0.0026113619096577168,0.04098278284072876,0.012706194072961807
3770,MyStutteringLife3827,0.03886036574840546,0.4625748097896576,0.28608599305152893,0.010509302839636803,0.019101379439234734
3771,HeStutters169,0.04266701266169548,0.06931434571743011,0.02522883750498295,0.2852098345756531,0.09689266234636307
3772,HVSA079,0.029701730236411095,0.22887571156024933,0.02790621481835842,0.020422639325261116,0.4009101986885071
3773,StutteringIsCool8035,0.04797601327300072,0.12509553134441376,0.040048349648714066,0.8573847413063049,0.26187658309936523
3774,StutterTalk5537,0.005829182453453541,0.21554112434387207,0.008227750658988953,0.002095315605401993,0.002572267083451152
3775,HVSA0128,0.04915202781558037,0.18285366892814636,0.0031043903436511755,0.002203618409112096,0.9127926230430603
3776,HeStutters1821,0.08923466503620148,0.2813529074192047,0.013526586815714836,0.003795584198087454,0.8706666231155396
3777,StrongVoices1431,0.05089486762881279,0.17588387429714203,0.02280690334737301,0.025578472763299942,0.036358147859573364
3778,StutterTalk2554,0.00042561610462144017,0.010515701957046986,0.00034234512713737786,0.000523311085999012,0.00021934729011263698
3779,HeStutters536,0.002853587968274951,0.5813630819320679,0.1433437317609787,0.0013469529803842306,0.0009451722726225853
3780,StutterTalk5913,0.0045160651206970215,0.3098067045211792,0.003507461166009307,0.00037030642852187157,0.002263321541249752
3781,StutterTalk64195,0.04140998795628548,0.033472999930381775,0.0008807686390355229,0.00028066523373126984,0.8466459512710571
3782,StutterTalk64142,0.7682795524597168,0.08453443646430969,0.004551909398287535,1.909525235532783e-05,0.0063304901123046875
3783,WomenWhoStutter86134,0.1593707799911499,0.08325421065092087,0.011388080194592476,0.004939984064549208,0.014590268954634666
3784,StrongVoices2193,0.020190101116895676,0.0731416717171669,0.0007141827954910696,0.00015491012891288847,0.4262816905975342
3785,StrongVoices6125,0.05897534638643265,0.10057399421930313,0.010726749897003174,0.005008420906960964,0.9475719332695007
3786,StutterTalk3814,0.138128861784935,0.4169754683971405,0.09400007128715515,0.0019181453390046954,0.007012392859905958
3787,StutterTalk6228,0.0010693739168345928,0.010553322732448578,0.0003084189083892852,0.0006008309428580105,0.0013971898006275296
3788,StutteringIsCool2312,0.010915245860815048,0.03040095791220665,0.001384706236422062,0.0022524986416101456,0.17882852256298065
3789,StutterTalk4829,0.005897897761315107,0.08489096164703369,0.0004453860456123948,0.00033573780092410743,0.006427999585866928
3790,WomenWhoStutter62212,0.0020620652940124273,0.03591892123222351,0.0006524274940602481,0.0018407335737720132,0.02502644620835781
3791,StutterTalk6475,0.9246867299079895,0.09006310999393463,0.0192471444606781,0.0006078409496694803,0.019166840240359306
3792,StrongVoices688,0.5253311395645142,0.35722652077674866,0.13904620707035065,0.002009323565289378,0.5152014493942261
3793,HVSA365,0.0014903068076819181,0.10831402242183685,0.9457069635391235,0.006284081377089024,0.004428821615874767
3794,WomenWhoStutter30137,0.014610671438276768,0.14775928854942322,0.006206769496202469,0.01132383942604065,0.008307944983243942
3795,HVSA020,0.07175524532794952,0.17998428642749786,0.024885011836886406,0.004724701400846243,0.9108163118362427
3796,HeStutters1116,0.0011845704866573215,0.012925289571285248,0.0010693743824958801,8.557288674637675e-05,9.872402006294578e-05
3797,StutterTalk4918,0.011287185363471508,0.043484337627887726,0.0032259076833724976,0.003763593267649412,0.2730838358402252
3798,StrongVoices2831,0.06568784266710281,0.04543045535683632,0.004552793223410845,0.012076837942004204,0.3845352828502655
3799,WomenWhoStutter7319,0.3206483721733093,0.027159811928868294,0.0050705065950751305,0.01558973453938961,0.024965105578303337
3800,StrongVoices21114,0.016655385494232178,0.03764498233795166,0.027226852253079414,0.0019078482873737812,0.0017780123744159937
3801,StutterTalk1210,0.32619521021842957,0.1638518124818802,0.010479781776666641,0.003035179106518626,0.9425503015518188
3802,WomenWhoStutter21143,0.021733775734901428,0.1810571849346161,0.04181155562400818,0.4095948338508606,0.008875234052538872
3803,StutterTalk340,0.013567980378866196,0.27615219354629517,0.07935596257448196,0.09614814817905426,0.07273690402507782
3804,HVSA064,0.28659090399742126,0.08334320038557053,0.007104358170181513,0.0013488978147506714,0.006951003335416317
3805,WomenWhoStutter2230,0.011900300160050392,0.19204013049602509,0.649057149887085,0.44515907764434814,0.01982247084379196
3806,WomenWhoStutter6235,0.11331142485141754,0.1519237905740738,0.026489656418561935,0.07580266892910004,0.982193112373352
3807,HVSA084,0.016108397394418716,0.11645127832889557,0.009409566409885883,0.004550520330667496,0.036243341863155365
3808,WomenWhoStutter10134,0.048583023250103,0.25569888949394226,0.010863886214792728,0.0412370003759861,0.777860701084137
3809,StutterTalk1514,0.15978530049324036,0.027640381827950478,0.0002702595083974302,0.00035606519668363035,0.9676216244697571
3810,StutterTalk68121,0.003877707291394472,0.05773381516337395,0.03252929449081421,0.27981165051460266,0.05005582794547081
3811,StrongVoices23252,0.06930231302976608,0.4337913691997528,0.04386349394917488,0.0011213842080906034,0.009702087379992008
3812,StutterTalk1516,0.0020184374880045652,0.043632056564092636,0.04332279413938522,0.9801550507545471,0.04324525222182274
3813,WomenWhoStutter812,0.006512091960757971,0.09356464445590973,0.059666313230991364,0.1947602778673172,0.010492006316781044
3814,StutteringIsCool3825,0.03895709663629532,0.10366981476545334,0.004196232184767723,0.0015292874304577708,0.002336999634280801
3815,StutterTalk592,0.058618634939193726,0.12273003906011581,0.01389587577432394,0.005479560233652592,0.005049495026469231
3816,StutteringIsCool8024,0.007949668914079666,0.04009341448545456,0.00740077905356884,0.10914207249879837,0.12452331930398941
3817,StutteringIsCool2921,0.0004102012317162007,0.0032299167942255735,0.00028185395058244467,0.00034132658038288355,0.00048732542200013995
3818,StrongVoices2327,0.6860479712486267,0.22403067350387573,0.032179348170757294,0.0002077634126180783,0.01202418003231287
3819,StutterTalk7293,0.002490675076842308,0.14596982300281525,0.0010986431734636426,5.04735107824672e-05,0.000570825592149049
3820,StrongVoices2930,0.576964795589447,0.006803531665354967,0.00018188505782745779,1.3833677257935051e-05,0.014312341809272766
3821,StutterTalk8025,0.00035231548827141523,0.02082362398505211,0.0010869400575757027,4.7243152948794886e-05,0.00014613766688853502
3822,HeStutters16100,0.25384190678596497,0.17028255760669708,0.01518537662923336,0.002008656971156597,0.009600521065294743
3823,HVSA2118,0.021358957514166832,0.615939199924469,0.12461306899785995,0.014015890657901764,0.02555619180202484
3824,StrongVoices148,0.024685775861144066,0.12025082111358643,0.014400171115994453,0.0239705890417099,0.04841652140021324
3825,HeStutters1663,0.12156664580106735,0.1809326410293579,0.026114631444215775,0.007007235195487738,0.023370325565338135
3826,StutterTalk64119,0.13477380573749542,0.3144952654838562,0.13600298762321472,0.1415543258190155,0.1707465946674347
3827,StutteringIsCool3321,0.6854426264762878,0.050029825419187546,0.01734493486583233,0.16468489170074463,0.924574077129364
3828,WomenWhoStutter2926,0.005783735774457455,0.11455634236335754,0.8702149987220764,0.013799821026623249,0.018186789005994797
3829,WomenWhoStutter5539,0.10371971875429153,0.6174615621566772,0.0748303011059761,0.0008913534693419933,0.010963138192892075
3830,StutterTalk4919,0.003957225941121578,0.42573654651641846,0.06188879907131195,0.00453477306291461,0.005480932537466288
3831,WomenWhoStutter10223,0.03662597015500069,0.1156185194849968,0.001500509213656187,9.813328506425023e-05,0.004624107386916876
3832,StutterTalk491,0.09425564855337143,0.5451570749282837,0.08744116127490997,0.025986477732658386,0.21797166764736176
3833,IStutterSoWhat374,0.42733123898506165,0.5312316417694092,0.17862823605537415,0.006355790421366692,0.05231461301445961
3834,StrongVoices2192,0.000569513940718025,0.24369296431541443,0.016935089603066444,0.0006021391600370407,0.0014326894888654351
3835,StrongVoices23238,0.017976880073547363,0.1259194165468216,0.00538792135193944,0.2092718631029129,0.8399255871772766
3836,WomenWhoStutter257,0.2698574960231781,0.10879240185022354,0.009586190804839134,0.0038238440174609423,0.4874993562698364
3837,StrongVoices03,0.24485835433006287,0.056082770228385925,0.002352330833673477,4.488491322263144e-05,0.0010430148104205728
3838,StrongVoices2239,0.002767086261883378,0.180654838681221,0.016604317352175713,0.0010473201982676983,0.0021154286805540323
3839,WomenWhoStutter62140,0.007192810531705618,0.40687209367752075,0.21703217923641205,0.14425702393054962,0.11776795983314514
3840,WomenWhoStutter483,0.2917393445968628,0.17994974553585052,0.020583968609571457,0.0019206402357667685,0.08039660006761551
3841,StutterTalk5430,0.025922037661075592,0.10000690817832947,0.010310839861631393,0.017329230904579163,0.01016566064208746
3842,StutterTalk6440,0.0011304531944915652,0.0024252592120319605,5.449310629046522e-05,4.380590326036327e-06,5.522329229279421e-05
3843,StrongVoices2381,0.18399678170681,0.1945250928401947,0.0165896937251091,0.00039929852937348187,0.002894994802772999
3844,WomenWhoStutter552,0.13923709094524384,0.1581837385892868,0.019661802798509598,0.1916968822479248,0.05163545906543732
3845,StutteringIsCool2325,0.03762158006429672,0.4116528332233429,0.19096635282039642,0.030774306505918503,0.15102271735668182
3846,WomenWhoStutter97182,0.22528979182243347,0.3263939917087555,0.1462516039609909,0.006592553574591875,0.8990635275840759
3847,MyStutteringLife028,0.011522776447236538,0.18712030351161957,0.11910860985517502,0.8738858103752136,0.7914487719535828
3848,StutterTalk2630,0.07762439548969269,0.17779719829559326,0.025431398302316666,0.08382828533649445,0.9580926299095154
3849,StutterTalk6239,0.8929797410964966,0.07957544922828674,0.02274862676858902,0.0014436094788834453,0.20281851291656494
3850,WomenWhoStutter81188,0.0031996790785342455,0.026101883500814438,0.0015381280099973083,0.002582195680588484,0.0028776307590305805
3851,StrongVoices2112,0.0015679619973525405,0.01360002439469099,0.0011680162278935313,0.004042865242809057,0.0024873577058315277
3852,StrongVoices238,0.034617532044649124,0.3044734299182892,0.2808804512023926,0.6909878849983215,0.16792932152748108
3853,StrongVoices32195,0.17992879450321198,0.01684688776731491,0.0006255025509744883,0.00011127724428661168,0.0009337932569906116
3854,WomenWhoStutter4521,0.0030841100960969925,0.146834135055542,0.008234040811657906,0.004441460594534874,0.0890488252043724
3855,StutterTalk3816,0.3923368752002716,0.17362798750400543,0.03471653163433075,0.0005296210292726755,0.02947736717760563
3856,StutteringIsCool4914,0.027936024591326714,0.29444053769111633,0.657800555229187,0.03990445286035538,0.07936377823352814
3857,WomenWhoStutter3035,0.0169502105563879,0.18814346194267273,0.001991485944017768,0.0012721391394734383,0.008873388171195984
3858,WomenWhoStutter10130,0.019093912094831467,0.3746219873428345,0.05322131887078285,0.011412392370402813,0.01730266585946083
3859,StutterTalk3830,0.0009430314530618489,0.07008256018161774,0.0017173044616356492,0.006884546484798193,0.002995009534060955
3860,StrongVoices435,0.000967983272857964,0.0037518597673624754,0.00010240985284326598,0.00015097626601345837,0.0005020990502089262
3861,HVSA2140,0.3315792977809906,0.13675525784492493,0.014468569308519363,0.0001860363845480606,0.005217242054641247
3862,StrongVoices23143,0.29072660207748413,0.38717779517173767,0.019195931032299995,0.0004251818172633648,0.026527157053351402
3863,StrongVoices32149,0.13334587216377258,0.48067939281463623,0.13404248654842377,0.03790087625384331,0.0049079363234341145
3864,StutterTalk6451,0.008207185193896294,0.02530819922685623,0.0005878785159438848,0.00015020603314042091,0.00167219212744385
3865,WomenWhoStutter2735,0.0022686352021992207,0.014364643953740597,0.0006858912529423833,0.00046279258094727993,0.0011527943424880505
3866,MyStutteringLife1826,0.007092279847711325,0.12758660316467285,0.14298522472381592,0.6694033145904541,0.06496898829936981
3867,StutterTalk6478,0.11264438927173615,0.18424534797668457,0.011418461799621582,0.0033533417154103518,0.9153269529342651
3868,HVSA2106,0.022636013105511665,0.26871350407600403,0.06904426962137222,0.30478620529174805,0.5859966278076172
3869,StutteringIsCool3720,0.02698615752160549,0.31899043917655945,0.8024382591247559,0.14343386888504028,0.0322195403277874
3870,HVSA073,0.05235934630036354,0.19216081500053406,0.13243047893047333,0.526679515838623,0.07713746279478073
3871,HeStutters1158,0.234164297580719,0.3225589096546173,0.22849054634571075,0.0691680908203125,0.9012097120285034
3872,StutterTalk5935,0.006035131867974997,0.1103963851928711,0.007337028160691261,0.0031634431798011065,0.0039523895829916
3873,StrongVoices826,0.08803030103445053,0.267429381608963,0.00927230529487133,0.00014608290803153068,0.002621771302074194
3874,StrongVoices2132,0.0034556968603283167,0.004355906508862972,0.00041813787538558245,0.0007108393474482,0.0006982493214309216
3875,StutterTalk25183,0.0035631523933261633,0.028994204476475716,0.00017647350614424795,6.281260721152648e-05,0.00200155982747674
3876,StutteringIsCool339,0.3065839409828186,0.17605581879615784,0.03759025037288666,0.000607639376539737,0.004522953648120165
3877,HVSA2171,0.1730203479528427,0.07997318357229233,0.026073511689901352,0.024445567280054092,0.014599273912608624
3878,HVSA0123,0.02017071098089218,0.05177715793251991,0.0026010912843048573,0.003767338814213872,0.8496121168136597
3879,WomenWhoStutter157,0.2359282374382019,0.2970965504646301,0.03113982267677784,0.0012899430003017187,0.00567583367228508
3880,StutteringIsCool2819,0.0929425060749054,0.09643150120973587,0.03963928297162056,0.024181852117180824,0.42135295271873474
3881,StrongVoices1928,0.025505665689706802,0.22979898750782013,0.4022141993045807,0.08646709471940994,0.008285174146294594
3882,HeStutters1022,0.031221289187669754,0.0608774796128273,0.0014070810284465551,0.00027537046116776764,0.0008081775740720332
3883,StutteringIsCool3728,0.33617934584617615,0.15155017375946045,0.04468204826116562,0.007365748751908541,0.010938193649053574
3884,StutteringIsCool1437,0.009002585895359516,0.2019665539264679,0.5066049098968506,0.04055929183959961,0.005641183815896511
3885,WomenWhoStutter62173,0.017830733209848404,0.2530014216899872,0.1155545562505722,0.6383858323097229,0.27935436367988586
3886,StutteringIsCool1732,0.2988428473472595,0.19962184131145477,0.2355491667985916,0.6705170273780823,0.5025020241737366
3887,HVSA0109,0.011370362713932991,0.23751644790172577,0.13877692818641663,0.5984551310539246,0.25295108556747437
3888,HVSA2141,0.09554384648799896,0.46585190296173096,0.5863656401634216,0.0658804178237915,0.03520699962973595
3889,StrongVoices315,0.04311013221740723,0.5060999393463135,0.05457739904522896,0.0008863034308888018,0.033129408955574036
3890,StutterTalk1017,0.009970773011446,0.2406364232301712,0.01120768953114748,0.033620335161685944,0.07973117381334305
3891,StutteringIsCool2326,0.004642998334020376,0.005220625549554825,0.006957556586712599,0.27430659532546997,0.012053819373250008
3892,HVSA039,0.2075888216495514,0.07689578831195831,0.0013650103937834501,8.722815255168825e-05,0.02676910161972046
3893,WomenWhoStutter1238,0.033166974782943726,0.04955552518367767,0.0007421771297231317,0.0009207968832924962,0.017395852133631706
3894,WomenWhoStutter5819,0.02591645158827305,0.16219592094421387,0.034074850380420685,0.03053337335586548,0.017656946554780006
3895,WomenWhoStutter86139,0.09024115651845932,0.2191373109817505,0.00284658488817513,0.00016614788910374045,0.008830302394926548
3896,StutterTalk3915,0.0006291775498539209,0.008368676528334618,0.00019278678519185632,0.0001133310652221553,0.0003474024124443531
3897,WomenWhoStutter272,0.018254324793815613,0.272605836391449,0.0032761746551841497,0.00010337895946577191,0.0015308245783671737
3898,StutteringIsCool6428,0.05752262473106384,0.22895146906375885,0.12472523003816605,0.008816724643111229,0.04955466091632843
3899,StutterTalk3424,0.1819872111082077,0.07502930611371994,0.0004871443088632077,6.408505578292534e-05,0.9768533706665039
3900,StrongVoices1221,0.11568433791399002,0.029209807515144348,0.0011000055819749832,0.0004535586922429502,0.0010678265243768692
3901,WomenWhoStutter2231,0.1054665744304657,0.046786144375801086,0.00150823756121099,0.0006477941642515361,0.049755558371543884
3902,WomenWhoStutter2174,0.005845092702656984,0.09395802766084671,0.01253841258585453,0.1297607123851776,0.5753096342086792
3903,StutterTalk861,0.00025076803285628557,0.03368546441197395,0.012206833809614182,0.03973689675331116,0.004732571542263031
3904,StrongVoices1233,0.005378949921578169,0.08027499914169312,0.0018134847050532699,6.526324432343245e-05,0.0004311770899221301
3905,StrongVoices32166,0.1206740289926529,0.27018824219703674,0.0048593031242489815,0.0009826510213315487,0.5330026745796204
3906,StutterTalk2910,0.026162318885326385,0.15732383728027344,0.001890807063318789,0.008455503731966019,0.019275199621915817
3907,WomenWhoStutter62147,0.007826575078070164,0.07451611012220383,0.0077257538214325905,0.008959915488958359,0.1119149774312973
3908,HVSA0132,0.016942251473665237,0.24118080735206604,0.16297873854637146,0.7507164478302002,0.47509947419166565
3909,StutteringIsCool2924,0.0032935163471847773,0.0330115370452404,0.00098746782168746,1.4819149328104686e-05,0.0003150482662022114
3910,HVSA3154,0.001046536723151803,0.017169956117868423,0.0005305318045429885,2.5379364160471596e-05,0.0006903200992383063
3911,StutterTalk26192,0.022140471264719963,0.4315539598464966,0.32669249176979065,0.30216148495674133,0.026147814467549324
3912,WomenWhoStutter96169,0.08631943166255951,0.04993278533220291,0.01635667495429516,0.032760877162218094,0.008262895047664642
3913,HVSA0129,0.060378547757864,0.299881249666214,0.0491936132311821,0.11406132578849792,0.9031857848167419
3914,StutterTalk26125,0.0025633799377828836,0.12022373080253601,0.003403657115995884,0.0032605831511318684,0.12605242431163788
3915,WomenWhoStutter2192,0.2268868088722229,0.4208919405937195,0.06618135422468185,0.04145336523652077,0.8139030933380127
3916,StutterTalk492,0.3576715290546417,0.04671467840671539,0.0005754439625889063,3.69462686649058e-05,0.03860819339752197
3917,StutteringIsCool6110,0.00017639058933127671,0.060085248202085495,6.46798507659696e-05,6.983592902543023e-05,0.001030090032145381
3918,StrongVoices23172,0.002514502964913845,0.2385508418083191,0.003127315314486623,0.004152528941631317,0.017490306869149208
3919,StutteringIsCool2725,0.1014283150434494,0.18899023532867432,0.04277816042304039,0.015039930120110512,0.579987645149231
3920,StutterTalk1838,0.00765644945204258,0.05151689425110817,0.0037088312674313784,0.006561305373907089,0.046773333102464676
3921,WomenWhoStutter2911,0.030569612979888916,0.04815446957945824,0.024599097669124603,0.005665984470397234,0.0017659720033407211
3922,StrongVoices21120,0.04109562560915947,0.2254163920879364,0.13114896416664124,0.8100419640541077,0.027838019654154778
3923,StrongVoices2114,0.007411792874336243,0.04130085930228233,0.004602838307619095,0.0021155010908842087,0.0028071352280676365
3924,StrongVoices192,0.1430806964635849,0.2175639569759369,0.41375651955604553,0.026942240074276924,0.06888804584741592
3925,StutterTalk6410,0.027896182611584663,0.0843530222773552,0.4253808856010437,0.00870895478874445,0.00628504017367959
3926,StrongVoices110,0.427781343460083,0.0813763439655304,0.0015629446133971214,2.954908813990187e-05,0.039364855736494064
3927,WomenWhoStutter6327,0.22127871215343475,0.07327748835086823,0.001060715178027749,5.263726052362472e-05,0.02140106074512005
3928,HVSA2187,0.33573591709136963,0.25690770149230957,0.03450840339064598,0.002908060560002923,0.11975874751806259
3929,WomenWhoStutter7910,0.3607763350009918,0.21268446743488312,0.051075685769319534,0.6316762566566467,0.1400665044784546
3930,HVSA038,0.3241536021232605,0.2563389539718628,0.0075540910474956036,0.0007122922106646001,0.013074777089059353
3931,StrongVoices415,0.0003468251379672438,0.0030129419174045324,2.162231430702377e-05,4.0537506720284e-06,3.0750663427170366e-05
3932,StutterTalk721,0.6963165402412415,0.3764488399028778,0.11067749559879303,0.004482610151171684,0.03803373873233795
3933,StrongVoices32106,0.06775635480880737,0.18610353767871857,0.0035414262674748898,0.00017358317563775927,0.035073261708021164
3934,StrongVoices1428,0.601222813129425,0.08272872865200043,0.0012624645605683327,3.6208821256877854e-05,0.014873022213578224
3935,StutteringIsCool80120,0.007948669604957104,0.06037512794137001,0.04550989717245102,0.00898817554116249,0.011570299044251442
3936,StutterTalk127,0.040799252688884735,0.41881319880485535,0.356780469417572,0.5843685269355774,0.3005494773387909
3937,StrongVoices2146,0.056803055107593536,0.002774476772174239,8.426246495218948e-05,0.00022416743740905076,0.02053411304950714
3938,WomenWhoStutter2142,0.03290592133998871,0.2197222262620926,0.055319562554359436,0.07623586803674698,0.025516174733638763
3939,StrongVoices23160,0.5891955494880676,0.3040219247341156,0.061917852610349655,0.0012084523914381862,0.006374184042215347
3940,StrongVoices1413,0.0032270702067762613,0.1577320098876953,0.0005156380939297378,6.160521024867194e-06,7.73922074586153e-05
3941,WomenWhoStutter87194,0.024856390431523323,0.14373785257339478,0.009117319248616695,0.004935036413371563,0.9062638878822327
3942,StrongVoices827,0.23799918591976166,0.10399078577756882,0.0848703384399414,0.04870002716779709,0.09861481934785843
3943,HVSA378,0.013436038978397846,0.22166034579277039,0.024147100746631622,0.09978026896715164,0.30598804354667664
3944,WomenWhoStutter8788,0.01686742715537548,0.09855543076992035,0.046572718769311905,0.6033939123153687,0.025071658194065094
3945,StrongVoices21121,0.006266887299716473,0.17755743861198425,0.37265852093696594,0.23947641253471375,0.08056178689002991
3946,WomenWhoStutter303,0.7307353615760803,0.03068825975060463,0.0006463557365350425,9.629027772461995e-05,0.007616501767188311
3947,WomenWhoStutter6410,0.46488267183303833,0.19339114427566528,0.1339161992073059,0.18553970754146576,0.878529965877533
3948,WomenWhoStutter465,0.013010749593377113,0.39521369338035583,0.03284108266234398,0.047945063561201096,0.11144871264696121
3949,WomenWhoStutter10228,0.03192853182554245,0.04099271073937416,0.0012321009999141097,0.00042379298247396946,0.9617655873298645
3950,HVSA2102,0.2348894476890564,0.13529019057750702,0.01910293847322464,0.0022570278961211443,0.21702049672603607
3951,StutterTalk3721,0.4056485593318939,0.06402229517698288,0.012083547189831734,0.0018298650393262506,0.011184293776750565
3952,HVSA093,0.0614527203142643,0.5916157960891724,0.13239991664886475,0.0074334340170025826,0.020902441814541817
3953,StrongVoices2231,0.048024505376815796,0.10641682147979736,0.03779818117618561,0.01980939507484436,0.005640285089612007
3954,StutterTalk6449,0.13639235496520996,0.07084730267524719,0.004777706228196621,0.003077307716012001,0.7367337942123413
3955,StutteringIsCool8128,0.08903568238019943,0.11904364824295044,0.022548872977495193,0.03646763786673546,0.983212411403656
3956,StrongVoices222,0.5215005874633789,0.15160618722438812,0.08188319951295853,0.005832023452967405,0.003972028382122517
3957,WomenWhoStutter21202,0.0038507292047142982,0.017159121111035347,0.00031254880013875663,0.00021971800015307963,0.0031584682874381542
3958,StrongVoices77,0.009275398217141628,0.5782564282417297,0.08866667002439499,0.0007480108761228621,0.005185094196349382
3959,WomenWhoStutter2131,0.771291196346283,0.14425420761108398,0.023331796750426292,4.858296597376466e-05,0.0015498062130063772
3960,HeStutters16173,0.1855485886335373,0.32357361912727356,0.28241369128227234,0.05889265239238739,0.024533499032258987
3961,StrongVoices2121,0.3081529140472412,0.2707175612449646,0.02489324100315571,0.0003264500992372632,0.0072233472019433975
3962,IStutterSoWhat0120,0.0637303963303566,0.15614210069179535,0.029679909348487854,0.0020521453116089106,0.003742034314200282
3963,StrongVoices10144,0.30958354473114014,0.20988310873508453,0.3383753299713135,0.14818993210792542,0.015123730525374413
3964,WomenWhoStutter8787,0.06963524222373962,0.09366236627101898,0.008492001332342625,0.010655425488948822,0.03744432330131531
3965,MyStutteringLife2136,0.02818528190255165,0.2789316475391388,0.854836642742157,0.050634171813726425,0.06275980174541473
3966,WomenWhoStutter10162,0.7121461033821106,0.09714663773775101,0.3403969705104828,0.0020950392354279757,0.003006104612722993
3967,StutteringIsCool4516,0.04664510115981102,0.2763705849647522,0.015322275459766388,0.031508296728134155,0.06322761625051498
3968,WomenWhoStutter8683,0.0011201873421669006,0.03700052574276924,0.008469724096357822,0.9807315468788147,0.008656465448439121
3969,StrongVoices122,0.054640378803014755,0.5458471179008484,0.04291181638836861,0.0005485161091201007,0.003200024366378784
3970,WomenWhoStutter1520,0.03823552653193474,0.2535649240016937,0.8361535668373108,0.003562171943485737,0.01447615772485733
3971,HVSA3203,0.12575538456439972,0.23962374031543732,0.25765132904052734,0.2139844447374344,0.00512904766947031
3972,StutterTalk643,0.06239853799343109,0.15931926667690277,0.19085389375686646,0.0003442112065386027,0.0019544025417417288
3973,HVSA375,0.02268960326910019,0.18292798101902008,0.6248677968978882,0.014411438256502151,0.009917420335114002
3974,MyStutteringLife3922,0.02043481357395649,0.3437410593032837,0.49366432428359985,0.3655884861946106,0.7815962433815002
3975,StutterTalk6486,0.057932086288928986,0.22634470462799072,0.1452229619026184,0.001436904538422823,0.001447918708436191
3976,HeStutters18147,0.04496561363339424,0.030249955132603645,0.004736218135803938,0.04086235165596008,0.2720361053943634
3977,StutterTalk729,0.001686311443336308,0.11054478585720062,0.12085647135972977,0.959337055683136,0.21603195369243622
3978,StutteringIsCool6020,0.35209453105926514,0.025201966986060143,0.001310873543843627,0.0012429979396983981,0.9743654131889343
3979,StrongVoices836,0.7824255228042603,0.25895461440086365,0.1654743105173111,0.0006232359446585178,0.016216058284044266
3980,WomenWhoStutter692,0.003219107398763299,0.019584225490689278,0.0007010290864855051,0.0014364825328812003,0.0005214747507125139
3981,WomenWhoStutter2189,0.0002972641377709806,0.010796385817229748,0.0012038011336699128,0.0019248522585257888,0.0004343527543824166
3982,StrongVoices3214,0.36114463210105896,0.4393620491027832,0.16997025907039642,0.001771682989783585,0.02249499410390854
3983,MyStutteringLife529,0.49164822697639465,0.3930090367794037,0.15679602324962616,0.004364190623164177,0.01948787271976471
3984,WomenWhoStutter6916,0.053131286054849625,0.09156184643507004,0.01127379946410656,0.0037929241079837084,0.7423308491706848
3985,HeStutters1130,0.6667408347129822,0.023610930889844894,0.00045074414811097085,0.00011710288526955992,0.7583358287811279
3986,StrongVoices111,0.19591271877288818,0.02658054418861866,0.005749671254307032,0.005978742614388466,0.12121071666479111
3987,HVSA25,0.010390343144536018,0.3193313181400299,0.7765780687332153,0.20695242285728455,0.1605740785598755
3988,WomenWhoStutter1064,0.03783363476395607,0.14832304418087006,0.011613546870648861,0.0013153633335605264,0.0056897420436143875
3989,StutteringIsCool7332,0.17781159281730652,0.3663441240787506,0.39256706833839417,0.00029382179491221905,0.004391208756715059
3990,StutterTalk6635,0.015313434414565563,0.04616827145218849,0.016355019062757492,0.21578627824783325,0.0049521829932928085
3991,WomenWhoStutter30202,0.0052910069935023785,0.11288383603096008,0.0019380341982468963,0.000195103493751958,0.0008042936096899211
3992,HVSA2133,0.045165687799453735,0.575308620929718,0.11356192827224731,0.01720293052494526,0.04482020437717438
3993,StutterTalk1018,0.031941961497068405,0.14933589100837708,0.004182160831987858,0.0004011875716969371,0.0014467011205852032
3994,IStutterSoWhat3142,0.10594724863767624,0.2646089792251587,0.8154176473617554,0.11918412894010544,0.5712228417396545
3995,HVSA3126,0.2607206404209137,0.10352311283349991,0.5040220618247986,0.10974469780921936,0.010044575668871403
3996,StrongVoices04,0.19549867510795593,0.06430146098136902,0.005154524929821491,0.0005500236293300986,0.7100059390068054
3997,HVSA033,0.00991597305983305,0.04356284439563751,0.000607050082180649,9.091902029467747e-05,0.003040393814444542
3998,IStutterSoWhat355,0.41585782170295715,0.42372289299964905,0.27067306637763977,0.007442913483828306,0.07525462657213211
3999,IStutterSoWhat3125,0.02097388729453087,0.17530016601085663,0.008981055580079556,0.008089466951787472,0.9507594704627991
4000,WomenWhoStutter9032,0.05399271473288536,0.24703563749790192,0.03532623127102852,0.07967709004878998,0.08968279510736465
4001,StutterTalk7811,0.07653485983610153,0.013240516185760498,0.0003281519457232207,4.86158205603715e-05,0.9911389946937561
4002,StrongVoices23100,0.09524380415678024,0.06129937618970871,0.0005611443775705993,3.858092532027513e-05,0.16918860375881195
4003,WomenWhoStutter290,0.006528081838041544,0.15362463891506195,0.002289422554895282,0.0004472205473575741,0.005094211082905531
4004,StutterTalk2936,0.001984745729714632,0.1078796535730362,0.0022613832261413336,0.0013394730631262064,0.003776766126975417
4005,StutteringIsCool3727,0.9606571197509766,0.015963174402713776,0.0071136984042823315,0.015393798239529133,0.07902152836322784
4006,StutterTalk939,0.025181716307997704,0.01975727453827858,0.00680601317435503,0.007300053723156452,0.009015553630888462
4007,HeStutters2174,0.1959722489118576,0.37951019406318665,0.23218956589698792,0.2688365876674652,0.7753136157989502
4008,StutterTalk266,0.003145040012896061,0.018635671585798264,0.00042229503742419183,1.632403291296214e-05,0.00015638579498045146
4009,StrongVoices2325,0.10910110175609589,0.4888848066329956,0.03809915482997894,0.001097004278562963,0.06791403144598007
4010,StrongVoices1738,0.005054553970694542,0.227599635720253,0.11023783683776855,0.03002283163368702,0.0049174330197274685
4011,StutterTalk72143,0.31904709339141846,0.1185523122549057,0.020531974732875824,0.0010989205911755562,0.008995366282761097
4012,StutteringIsCool6130,0.03662408888339996,0.42449718713760376,0.20365546643733978,0.2509726881980896,0.18048575520515442
4013,WomenWhoStutter97166,0.23529945313930511,0.10677310824394226,0.004993491806089878,0.001800925238057971,0.9750710129737854
4014,StutterTalk64158,0.012803802266716957,0.0018024900928139687,0.00014885848213452846,0.00044809194514527917,0.000406742503400892
4015,StutterTalk732,0.06102142110466957,0.25875595211982727,0.016023989766836166,0.007593135349452496,0.8310630917549133
4016,StutteringIsCool7912,0.10835835337638855,0.2491881549358368,0.007275078911334276,1.2317294931563083e-05,0.004694315604865551
4017,WomenWhoStutter2736,0.225283682346344,0.33583706617355347,0.39747607707977295,0.0015530436066910625,0.013047466985881329
4018,StutterTalk68184,0.0055193123407661915,0.05120250582695007,0.0013656351948156953,0.0005365434917621315,0.024688107892870903
4019,IStutterSoWhat0129,0.00856630876660347,0.4476151168346405,0.02083052136003971,0.0008639736915938556,0.00365637568756938
4020,WomenWhoStutter2147,0.011572036892175674,0.2869754731655121,0.015180950053036213,0.01978360489010811,0.01209419034421444
4021,WomenWhoStutter62144,0.015495426021516323,0.09975893795490265,0.007859204895794392,0.10126074403524399,0.20821525156497955
4022,WomenWhoStutter2147,0.035558708012104034,0.1924012303352356,0.006986707448959351,0.0005969367339275777,0.008563024923205376
4023,StutterTalk5934,0.000807624775916338,0.01578494720160961,0.0007305270410142839,0.00018002284923568368,0.0001986015122383833
4024,StutterTalk3812,0.002305344445630908,0.12096232920885086,0.0017300259787589312,0.0008010638994164765,0.001210276037454605
4025,StutteringIsCool34155,0.033500947058200836,0.3733382523059845,0.025157930329442024,0.0016360600711777806,0.0012828294420614839
4026,WomenWhoStutter5534,0.5680994391441345,0.04452718794345856,0.0005444815033115447,4.509914288064465e-05,0.8658320903778076
4027,WomenWhoStutter2128,0.014322752133011818,0.2437032163143158,0.05383735150098801,0.9200118184089661,0.047873470932245255
4028,StrongVoices32132,0.2501586675643921,0.47323814034461975,0.4359186291694641,0.5106081962585449,0.06695783138275146
4029,WomenWhoStutter10110,0.037392422556877136,0.5271167755126953,0.10772353410720825,0.019215259701013565,0.017272578552365303
4030,StutteringIsCool119,0.00508474837988615,0.08580709248781204,0.03702159225940704,0.8990235328674316,0.03354703634977341
4031,StutteringIsCool7315,0.05485207587480545,0.316509872674942,0.7896038889884949,0.005543735809624195,0.024575887247920036
4032,HVSA39,0.39088204503059387,0.07042231410741806,0.45440781116485596,0.004270676989108324,0.0005380417569540441
4033,IStutterSoWhat31,0.04787473380565643,0.13092955946922302,0.8896751403808594,0.0023724152706563473,0.01714480295777321
4034,HeStutters1137,0.06413701921701431,0.15795406699180603,0.12442754954099655,0.8744630813598633,0.19688574969768524
4035,StrongVoices10172,0.24490037560462952,0.07885637879371643,0.009713630191981792,0.005216061603277922,0.061636924743652344
4036,StutteringIsCool2310,0.3424253761768341,0.0973675549030304,0.023237423971295357,0.01660184934735298,0.8689178228378296
4037,StrongVoices21109,0.6263960599899292,0.031046414747834206,0.04151252284646034,0.008848191238939762,0.006914978846907616
4038,StrongVoices2390,0.049949321895837784,0.37251099944114685,0.21624848246574402,0.0004050380957778543,0.0030858684331178665
4039,StrongVoices2813,0.47807571291923523,0.007885893806815147,0.004102601204067469,0.006639515515416861,0.008203649893403053
4040,WomenWhoStutter96192,0.020854244008660316,0.6149289011955261,0.14343075454235077,0.013567048124969006,0.016975654289126396
4041,StrongVoices2141,0.0019549187272787094,0.016018643975257874,0.0004098955832887441,0.0005469988682307303,0.008138011209666729
4042,StutteringIsCool2329,0.06174115836620331,0.04012412577867508,0.0016301452415063977,0.001485730055719614,0.9210482239723206
4043,StrongVoices534,0.42478877305984497,0.12711869180202484,0.0021485239267349243,2.293636316608172e-05,0.03976122662425041
4044,StutterTalk620,0.7241787314414978,0.022864483296871185,0.009161099791526794,0.06482398509979248,0.9288570284843445
4045,StutteringIsCool7320,0.11419416218996048,0.032539717853069305,0.004766035359352827,0.7838917374610901,0.03362260013818741
4046,StutteringIsCool1427,0.028461942449212074,0.01306055299937725,0.0003952363331336528,5.815331405756297e-06,0.0002167692146031186
4047,HeStutters11105,0.026817526668310165,0.5208227634429932,0.05839432403445244,0.042104896157979965,0.08223355561494827
4048,HVSA3158,0.5133890509605408,0.10468263179063797,0.7204939126968384,0.007453528698533773,0.011759724467992783
4049,StrongVoices3276,0.12711849808692932,0.1330537497997284,0.003535632276907563,0.0006052303942851722,0.023926423862576485
4050,StrongVoices1727,0.6758260130882263,0.2555176913738251,0.45171648263931274,0.004602521657943726,0.06999973207712173
4051,WomenWhoStutter10186,0.0151872169226408,0.16663837432861328,0.009286710061132908,0.01752755418419838,0.012075267732143402
4052,WomenWhoStutter4529,0.01250158529728651,0.01534214336425066,0.007172886747866869,0.7770865559577942,0.001961443107575178
4053,StrongVoices22,0.6085753440856934,0.3800017833709717,0.03528379276394844,4.1836348827928305e-05,0.03973361849784851
4054,StutteringIsCool80104,0.029851103201508522,0.21088345348834991,0.1396893411874771,0.8434821367263794,0.47643548250198364
4055,StrongVoices2219,0.0024231502320617437,0.17603684961795807,0.006875661667436361,0.000741923286113888,0.003423099173232913
4056,HVSA1111,0.0063108112663030624,0.1310211420059204,0.0014704144559800625,0.00021332949108909816,0.004471242427825928
4057,IStutterSoWhat3114,0.017517803236842155,0.0931648388504982,0.03967336192727089,0.09675879031419754,0.05982291325926781
4058,StutterTalk2641,0.0060014305636286736,0.262529194355011,0.004795553628355265,0.0009264320251531899,0.003938533365726471
4059,StutterTalk642,0.31001392006874084,0.1975862681865692,0.037950970232486725,0.0027599362656474113,0.04999500885605812
4060,IStutterSoWhat342,0.06706053763628006,0.11374657601118088,0.0008290202240459621,2.922401108662598e-05,0.0030229981057345867
4061,WomenWhoStutter30189,0.00019082172366324812,0.005358642898499966,0.00013193715130910277,0.00022434406855609268,0.00012310969759710133
4062,StutterTalk6016,0.015028280206024647,0.1782294660806656,0.11247649043798447,0.832783579826355,0.7427418828010559
4063,StrongVoices10147,0.012932877987623215,0.0475737527012825,0.0008926661685109138,0.00034390075597912073,0.5529037117958069
4064,WomenWhoStutter2159,0.10976564139127731,0.4816334545612335,0.42231935262680054,0.1608552783727646,0.029393481090664864
4065,StrongVoices32136,0.007915989495813847,0.38231077790260315,0.008277623914182186,0.007367485202848911,0.029010379686951637
4066,StutterTalk167,0.028396952897310257,0.44926172494888306,0.4657807946205139,0.38703981041908264,0.11426392942667007
4067,WomenWhoStutter2143,0.0028653352055698633,0.07735227048397064,0.033314090222120285,0.5589326024055481,0.12060391157865524
4068,StutteringIsCool6131,0.08155766129493713,0.38233381509780884,0.03214672580361366,0.0009745664428919554,0.6969488859176636
4069,StutterTalk3745,0.09251492470502853,0.12659214437007904,0.029041429981589317,0.009733811020851135,0.5160986185073853
4070,StrongVoices91,0.03602970764040947,0.3984982371330261,0.7149626016616821,0.0006857981206849217,0.0042607467621564865
4071,IStutterSoWhat058,0.008862818591296673,0.13112108409404755,0.006165181286633015,0.09967660903930664,0.23346474766731262
4072,WomenWhoStutter10180,0.011107034981250763,0.05678590387105942,0.0010094671742990613,0.0009200488566420972,0.0019186402205377817
4073,StrongVoices2397,0.002561957575380802,0.15105463564395905,0.0015495045809075236,6.74136754241772e-05,0.0005966227035969496
4074,WomenWhoStutter5234,0.0016637650551274419,0.048054009675979614,0.0018679314525797963,0.0023715891875326633,0.03757060691714287
4075,WomenWhoStutter97172,0.015198922716081142,0.22043268382549286,0.7558940052986145,0.3757116198539734,0.03919408097863197
4076,HeStutters12134,0.583502471446991,0.08985869586467743,0.002634163247421384,0.0006468083593063056,0.052252475172281265
4077,StrongVoices32155,0.13263969123363495,0.637540340423584,0.2453157603740692,0.012644948437809944,0.01309556607156992
4078,StrongVoices23125,0.006748677231371403,0.5570459365844727,0.12449392676353455,0.002693041693419218,0.005181711167097092
4079,StutterTalk72184,0.03924025595188141,0.4401288628578186,0.07663300633430481,0.017408953979611397,0.008626546710729599
4080,StutteringIsCool34175,0.08522645384073257,0.32403138279914856,0.0065367380157113075,0.0006230078870430589,0.6901037096977234
4081,StrongVoices3239,0.7232596278190613,0.16469517350196838,0.029110075905919075,0.02996722236275673,0.1705012023448944
4082,StrongVoices228,0.011575202457606792,0.4707527160644531,0.008286349475383759,3.110147372353822e-05,0.0002586374175734818
4083,IStutterSoWhat057,0.19289562106132507,0.4725760221481323,0.23140612244606018,0.02931695431470871,0.043211616575717926
4084,StrongVoices21188,0.33225730061531067,0.3820609748363495,0.4461249113082886,0.056872621178627014,0.3262304365634918
4085,StutterTalk1032,0.14698512852191925,0.02050437033176422,0.00031599251087754965,0.00014256256690714508,0.992380678653717
4086,StutterTalk1829,0.33121469616889954,0.2167918086051941,0.030715469270944595,0.008317646570503712,0.04247305169701576
4087,WomenWhoStutter10155,0.03596745431423187,0.5576696991920471,0.29588988423347473,0.015036074444651604,0.010402034036815166
4088,StrongVoices10114,0.7151432037353516,0.1495944857597351,0.02398097515106201,0.003510626032948494,0.3386007845401764
4089,StutteringIsCool34149,0.046948742121458054,0.2618982493877411,0.06528385728597641,0.0006569717079401016,0.00531912362203002
4090,StutteringIsCool23,0.020115671679377556,0.15880858898162842,0.398984432220459,0.626794695854187,0.12052363902330399
4091,StutterTalk6474,0.03745492920279503,0.23365463316440582,0.734851062297821,0.0012617188040167093,0.003907773178070784
4092,StrongVoices312,0.002876041689887643,0.4592309296131134,0.0010564654367044568,9.682762538432144e-06,0.0005276747979223728
4093,StutteringIsCool3337,0.0013865960063412786,0.03261164575815201,0.0009074974223040044,0.004134488292038441,0.008381475694477558
4094,StrongVoices326,0.22051389515399933,0.12183161824941635,0.022532545030117035,0.002757323207333684,0.0029491533059626818
4095,StutterTalk7238,0.5981950759887695,0.0813407301902771,0.005378169007599354,0.0006462340825237334,0.026540346443653107
4096,StutteringIsCool46177,0.008487151935696602,0.023388277739286423,0.00032255795667879283,0.00017992776702158153,0.00978971179574728
4097,HeStutters1854,0.2715718150138855,0.03794936463236809,0.0027104367036372423,0.008954468183219433,0.1277766227722168
4098,WomenWhoStutter9616,0.017117274925112724,0.5175244212150574,0.07495013624429703,0.009791871532797813,0.01652986742556095
4099,MyStutteringLife2139,0.07395746558904648,0.09812410920858383,0.0005091273924335837,0.0001417527673766017,0.01398240216076374
4100,StutterTalk543,0.01443321444094181,0.06381482630968094,0.006074996665120125,0.3838833272457123,0.02366085909307003
4101,HeStutters1629,0.09724732488393784,0.3485229015350342,0.018080469220876694,0.015471125952899456,0.5726953744888306
4102,WomenWhoStutter273,0.16660626232624054,0.28145742416381836,0.004601667635142803,0.00038667613989673555,0.009026222862303257
4103,WomenWhoStutter7619,0.00823934655636549,0.16568440198898315,0.00636456860229373,0.007568769622594118,0.008132431656122208
4104,StrongVoices2821,0.04217803105711937,0.11202964931726456,0.013267887756228447,0.006895898841321468,0.005818020086735487
4105,HeStutters254,0.004118343815207481,0.5279258489608765,0.49639105796813965,0.010750385001301765,0.018281934782862663
4106,StrongVoices2190,0.02135738730430603,0.3512342572212219,0.014325538650155067,0.0011268615489825606,0.004630737937986851
4107,StrongVoices838,0.10740400850772858,0.17470502853393555,0.08346676081418991,0.0039580040611326694,0.008621198125183582
4108,HVSA1139,0.010623442940413952,0.24148902297019958,0.1265600174665451,0.6447466611862183,0.3969217836856842
4109,StutteringIsCool3824,0.539815366268158,0.07447418570518494,0.006334465928375721,0.0002788538986351341,0.0014598665293306112
4110,StutterTalk111,0.00256283744238317,0.0438523031771183,0.013912010937929153,0.17691563069820404,0.012137155048549175
4111,StrongVoices114,0.0036172245163470507,0.022476889193058014,0.0015259047504514456,0.0015156081644818187,0.0010912835132330656
4112,WomenWhoStutter2139,0.03203686326742172,0.3948134183883667,0.3078152537345886,0.7048696875572205,0.0437035858631134
4113,StrongVoices2829,0.16260108351707458,0.2829836905002594,0.07575345039367676,0.011103714816272259,0.2746885120868683
4114,StutterTalk581,0.011678112670779228,0.21825487911701202,0.8808128833770752,0.18775297701358795,0.2373567521572113
4115,StrongVoices23189,0.1309484839439392,0.5360767245292664,0.024900728836655617,0.0003401146677788347,0.01879316382110119
4116,HeStutters1881,0.007579346187412739,0.0715191587805748,0.058747269213199615,0.7835161089897156,0.07220087200403214
4117,StutterTalk64189,0.04073762893676758,0.05722125247120857,0.09165690839290619,0.7804113030433655,0.08588612824678421
4118,StrongVoices528,0.0063409884460270405,0.12849870324134827,0.05499269813299179,0.011789881624281406,0.004862119443714619
4119,StutterTalk4927,0.012565966695547104,0.30933165550231934,0.3432537317276001,0.7751595973968506,0.18202488124370575
4120,HeStutters1236,0.42575252056121826,0.008762186393141747,0.0006179075571708381,0.00024063370074145496,0.01342164259403944
4121,StutterTalk37124,0.06643324345350266,0.2319384217262268,0.14329589903354645,0.8108446002006531,0.6087691783905029
4122,WomenWhoStutter21145,0.01013859547674656,0.0933784618973732,0.015269285067915916,0.19656726717948914,0.38957691192626953
4123,StrongVoices3274,0.04488210007548332,0.5674168467521667,0.013943018391728401,4.7734785766806453e-05,0.002401911187916994
4124,StrongVoices16,0.19134116172790527,0.3727794289588928,0.12013448029756546,0.0162778589874506,0.015859972685575485
4125,StutteringIsCool19,0.005552133545279503,0.03956977650523186,0.07380156964063644,0.5205996632575989,0.0063393632881343365
4126,HVSA089,0.0009852894581854343,0.24511411786079407,0.0010418271413072944,7.721914698777255e-06,0.0009633803856559098
4127,WomenWhoStutter2134,0.004969287198036909,0.015335244126617908,0.0011591889197006822,0.006327989511191845,0.0037117856554687023
4128,WomenWhoStutter10220,0.013814982958137989,0.6368634700775146,0.09693268686532974,0.004977775737643242,0.004306943155825138
4129,WomenWhoStutter821,0.12459493428468704,0.18011946976184845,0.004150512162595987,0.00014337657194118947,0.9139509201049805
4130,StutterTalk72181,0.009690096601843834,0.3359532654285431,0.16294150054454803,0.03472389653325081,0.06445139646530151
4131,StutterTalk3717,0.5144572854042053,0.2861020565032959,0.13968369364738464,0.019688235595822334,0.6421886682510376
4132,StutterTalk723,0.017533689737319946,0.4722364544868469,0.6437514424324036,0.0038167720194905996,0.031841762363910675
4133,StutterTalk1038,0.0016478882171213627,0.13043147325515747,0.015093708410859108,0.026034506037831306,0.0016977940686047077
4134,WomenWhoStutter420,0.0016872959677129984,0.021718177944421768,0.0021459513809531927,0.0011859958758577704,0.0004241419956088066
4135,StrongVoices3232,0.16904239356517792,0.416027307510376,0.39135417342185974,0.09001929312944412,0.050977859646081924
4136,StutteringIsCool7612,0.011855593882501125,0.20152916014194489,0.00618562800809741,0.004670838359743357,0.04634767025709152
4137,StutteringIsCool4532,0.005046932026743889,0.1217494010925293,0.0074787437915802,0.0129516227170825,0.1803714632987976
4138,StutterTalk64173,0.05499807372689247,0.09475403279066086,0.004813375882804394,0.0007435710285790265,0.014804556965827942
4139,StutterTalk6495,0.00738468999043107,0.08178889751434326,0.0023965961299836636,0.0042024594731628895,0.0577801950275898
4140,WomenWhoStutter87176,0.11049764603376389,0.05249696597456932,0.003931879531592131,0.007130916230380535,0.9636702537536621
4141,HVSA195,0.0011664779158309102,0.18896904587745667,0.0013060369528830051,0.00019385719497222453,0.008819321170449257
4142,WomenWhoStutter276,0.023444315418601036,0.12958300113677979,0.056864719837903976,0.8833341002464294,0.04697328433394432
4143,StutterTalk25154,0.03079686313867569,0.07702421396970749,0.028323501348495483,0.33141475915908813,0.301884263753891
4144,StutteringIsCool7615,0.28149735927581787,0.10946966707706451,0.0509367361664772,0.6421326398849487,0.9064257740974426
4145,StutterTalk64190,0.6152094006538391,0.11413788795471191,0.02690327726304531,0.0034252554178237915,0.03188217431306839
4146,StutterTalk840,0.0004399657773319632,0.13291838765144348,0.26058921217918396,0.5134081840515137,0.007367045618593693
4147,StutterTalk5130,0.13532307744026184,0.6090006232261658,0.3487241268157959,0.09001655876636505,0.09785953164100647
4148,StutterTalk64147,0.1404149830341339,0.20223844051361084,0.09855698049068451,0.2608579993247986,0.8307012319564819
4149,StrongVoices2365,0.08383762836456299,0.3325124979019165,0.09771333634853363,0.0019688105676323175,0.006705746054649353
4150,StutteringIsCool4423,0.0008609211654402316,0.006373537238687277,0.00026806641835719347,0.0009257057681679726,0.0002631223760545254
4151,StrongVoices23184,0.04597388952970505,0.38268911838531494,0.005411068443208933,0.0016602427931502461,0.02033810131251812
4152,HVSA013,0.010348203592002392,0.5103497505187988,0.15009264647960663,0.010196832939982414,0.007444805931299925
4153,HVSA014,0.0357205793261528,0.1362771987915039,0.00900419894605875,0.008504054509103298,0.6417734026908875
4154,StutteringIsCool8074,0.17056840658187866,0.3156481087207794,0.3184764087200165,0.3369671404361725,0.013742533512413502
4155,WomenWhoStutter30108,0.1658240705728531,0.04141230508685112,0.00011284492939012125,2.0651486920542084e-05,0.018467996269464493
4156,WomenWhoStutter259,0.0018581552430987358,0.08580490946769714,0.0013290314236655831,0.0001821712648961693,0.000997900846414268
4157,StutteringIsCool6214,0.0009307283326052129,0.03500954434275627,0.0003515247371979058,4.639292455976829e-05,0.00043832609662786126
4158,HVSA246,0.03341740369796753,0.21824391186237335,0.005020442418754101,0.0001940423098858446,0.0014524278230965137
4159,StutteringIsCool8081,0.007234708871692419,0.12313462048768997,0.09719952940940857,0.6635245680809021,0.006013999227434397
4160,WomenWhoStutter14209,0.02574593387544155,0.40842458605766296,0.024297084659337997,0.17829693853855133,0.0812673568725586
4161,HVSA137,0.01628981903195381,0.516650915145874,0.2044728398323059,0.03941046819090843,0.009144032374024391
4162,StutteringIsCool501,0.001218767836689949,0.002668177243322134,7.131346501410007e-05,9.361476259073243e-05,0.00012718168727587909
4163,StrongVoices2315,0.1466677337884903,0.14722488820552826,0.044382743537425995,0.057717349380254745,0.1764962375164032
4164,HeStutters1656,0.08926200866699219,0.3569139242172241,0.08878193795681,0.3981155455112457,0.39616474509239197
4165,HeStutters1690,0.6527495384216309,0.18906866014003754,0.012705816887319088,0.00015287019778043032,0.01017751358449459
4166,StrongVoices2335,0.023007631301879883,0.39868173003196716,0.04704898223280907,0.04113198071718216,0.06299217790365219
4167,WomenWhoStutter97193,0.07905776053667068,0.3996641933917999,0.5995131134986877,0.18805678188800812,0.6649635434150696
4168,StrongVoices738,0.33890995383262634,0.09357777237892151,0.003845326602458954,0.0012854253873229027,0.6375133395195007
4169,WomenWhoStutter4528,0.05136469751596451,0.007715320680290461,0.002702099736779928,0.01469254307448864,0.041155215352773666
4170,StutterTalk4427,0.28783077001571655,0.03264442831277847,0.011250309646129608,0.0888785645365715,0.024512944743037224
4171,HVSA362,0.29067695140838623,0.18990518152713776,0.6023587584495544,0.3309095501899719,0.05176907032728195
4172,WomenWhoStutter9765,0.045807015150785446,0.4179469347000122,0.40619179606437683,0.2969917953014374,0.7065485715866089
4173,WomenWhoStutter816,0.04898471385240555,0.4005446135997772,0.026168229058384895,0.0029608982149511576,0.7836488485336304
4174,StutteringIsCool698,0.0018996421713382006,0.040953267365694046,0.04815073311328888,0.6475638151168823,0.005350194405764341
4175,HeStutters1627,0.022294649854302406,0.25255802273750305,0.07310750335454941,0.5331315994262695,0.7529246807098389
4176,StutterTalk6318,0.005335506517440081,0.11512432992458344,0.94012451171875,0.0037962780334055424,0.00946016050875187
4177,StutteringIsCool7536,0.030264047905802727,0.3839171528816223,0.8034375309944153,0.06338536739349365,0.05496515706181526
4178,MyStutteringLife1818,0.023190641775727272,0.05891641601920128,0.004629783798009157,0.00582926208153367,0.2676892578601837
4179,WomenWhoStutter258,0.0021925014443695545,0.011907187290489674,0.0017164144665002823,0.005457324907183647,0.0008430004236288369
4180,StutterTalk5111,0.0017246986972168088,0.1393919289112091,0.015493272803723812,0.19000396132469177,0.1401929408311844
4181,WomenWhoStutter14208,0.05051644518971443,0.20921580493450165,0.04200366139411926,0.4876873195171356,0.03726433217525482
4182,StrongVoices3259,0.10611097514629364,0.2943369448184967,0.08416355401277542,0.036407098174095154,0.005824742838740349
4183,StutterTalk3238,0.0008348451810888946,0.05808955058455467,0.0008200016454793513,0.0649218037724495,0.0057711852714419365
4184,StrongVoices2159,0.6306642889976501,0.042881280183792114,0.006864457856863737,0.007836060598492622,0.03925349563360214
4185,HVSA238,0.06376597285270691,0.5397817492485046,0.17501132190227509,0.015423465520143509,0.044196099042892456
4186,WomenWhoStutter96159,0.016059355810284615,0.1939517855644226,0.010544721968472004,0.0018768723821267486,0.0052427565678954124
4187,StutterTalk37177,0.011663488112390041,0.13387267291545868,0.09072687476873398,0.5053651928901672,0.5496137738227844
4188,WomenWhoStutter8622,0.11081919819116592,0.33893367648124695,0.03586925193667412,0.03236817568540573,0.8886569738388062
4189,WomenWhoStutter6265,0.00928308255970478,0.10223895311355591,0.008432499133050442,0.008086941204965115,0.05269172787666321
4190,StrongVoices921,0.4922790229320526,0.008753667585551739,0.0002220032038167119,7.812123658368364e-05,0.5225984454154968
4191,HeStutters1637,0.02356349676847458,0.15344078838825226,0.06728927791118622,0.622272789478302,0.8193581104278564
4192,StutterTalk7620,0.02560444362461567,0.19583699107170105,0.05000460147857666,0.11279124766588211,0.18085871636867523
4193,StutterTalk762,0.004941868595778942,0.0914875864982605,0.033844999969005585,0.6114421486854553,0.3455568552017212
4194,HeStutters5198,0.11547873169183731,0.3787190020084381,0.03140568733215332,0.03643030673265457,0.13161994516849518
4195,WomenWhoStutter30118,0.0005942420102655888,0.010941325686872005,0.0014596725814044476,0.04379201680421829,0.0025646784342825413
4196,StutterTalk164,0.09864611178636551,0.3637640178203583,0.17058145999908447,0.012994557619094849,0.5574914813041687
4197,StutteringIsCool80133,0.006954670418053865,0.23342935740947723,0.19524364173412323,0.0392979234457016,0.020281940698623657
4198,HeStutters16208,0.8712956309318542,0.02012956701219082,0.0006290267920121551,6.106100045144558e-05,0.013438611291348934
4199,WomenWhoStutter6314,0.3923359811306,0.06617952883243561,0.015631170943379402,0.004538595210760832,0.03851267322897911
4200,StutterTalk375,0.07038500159978867,0.2703353762626648,0.02255924791097641,0.008222103118896484,0.6407026052474976
4201,StutterTalk7231,0.009366998448967934,0.12047770619392395,0.34697479009628296,0.19727125763893127,0.017736580222845078
4202,StutterTalk382,0.025268228724598885,0.13684538006782532,0.022162919864058495,0.7902848124504089,0.7695522308349609
4203,StutterTalk2624,0.0020483483094722033,0.05093664675951004,0.003380729118362069,0.02333430014550686,0.011698653921484947
4204,IStutterSoWhat052,0.3045142590999603,0.5156634449958801,0.08439815044403076,0.008452034555375576,0.034768156707286835
4205,StutterTalk769,0.0017023674445226789,0.044613927602767944,0.006743261124938726,0.05142264813184738,0.06933790445327759
4206,HVSA2121,0.014047200791537762,0.3350198268890381,0.22052375972270966,0.5418122410774231,0.1044882982969284
4207,StutterTalk6433,0.018925145268440247,0.011487750336527824,5.4565542086493224e-05,6.302908786892658e-06,0.012600335292518139
4208,HeStutters316,0.14382609724998474,0.011710401624441147,0.0029933881014585495,0.017816435545682907,0.05918267369270325
4209,StrongVoices2388,0.03594028949737549,0.39951807260513306,0.007415462750941515,0.00015822454588487744,0.03884846717119217
4210,StutteringIsCool46192,0.007097483612596989,0.18538837134838104,0.10404320061206818,0.7389819622039795,0.023527443408966064
4211,WomenWhoStutter6248,0.01911855861544609,0.1736794114112854,0.07321982085704803,0.13278134167194366,0.39793235063552856
4212,WomenWhoStutter62171,0.07971484214067459,0.1580483764410019,0.022263826802372932,0.34058138728141785,0.8364452123641968
4213,StutteringIsCool1733,0.2323831021785736,0.2506628930568695,0.1706676036119461,0.04110325500369072,0.023093748837709427
4214,HVSA254,0.012721060775220394,0.038363803178071976,0.0023508048616349697,0.0009830489289015532,0.6898923516273499
4215,StrongVoices23123,0.010289685800671577,0.37937071919441223,0.00620216503739357,0.0005643171607516706,0.006674771197140217
4216,StutterTalk64202,0.3321911692619324,0.3027746081352234,0.3989821672439575,0.6217019557952881,0.1519966721534729
4217,StutterTalk644,0.7822294235229492,0.08313430100679398,0.0899326279759407,0.03101424127817154,0.08118180930614471
4218,StutterTalk72154,0.06512387841939926,0.14108198881149292,0.005509180016815662,0.00043350167106837034,0.10907154530286789
4219,WomenWhoStutter10140,0.14942370355129242,0.00904204323887825,0.0007370730163529515,0.0012089965166524053,0.005601724609732628
4220,StutterTalk4425,0.16856810450553894,0.058914653956890106,0.0022373877000063658,0.00364623311907053,0.0839754045009613
4221,WomenWhoStutter305,0.007644456345587969,0.027050672098994255,0.003412156132981181,0.01439881045371294,0.30503398180007935
4222,HeStutters1725,0.001860588090494275,0.03791273385286331,0.017941785976290703,0.05637425184249878,0.01386802364140749
4223,HeStutters16157,0.10699760913848877,0.5528934597969055,0.40323278307914734,0.14697758853435516,0.24624206125736237
4224,StutteringIsCool5025,0.017658468335866928,0.22353272140026093,0.003708045231178403,0.00043335958616808057,0.023085078224539757
4225,WomenWhoStutter8320,0.057769834995269775,0.2793843448162079,0.0892341211438179,0.26812654733657837,0.8922285437583923
4226,StutterTalk7255,0.00040869167423807085,0.013253068551421165,0.005113792140036821,0.01169602945446968,0.0011368299601599574
4227,StrongVoices32180,0.00842270813882351,0.3481162190437317,0.03987635672092438,0.007972845807671547,0.09705580770969391
4228,WomenWhoStutter6277,0.012961226515471935,0.17177419364452362,0.03747944161295891,0.5500447154045105,0.20046387612819672
4229,StutteringIsCool2918,0.029285414144396782,0.04880811274051666,0.008162387646734715,0.002264981623739004,0.0010068570263683796
4230,StutterTalk3749,0.008594009093940258,0.1912561058998108,0.09990385919809341,0.27710381150245667,0.05843845382332802
4231,StrongVoices430,0.0034231252502650023,0.32969558238983154,0.027073798701167107,0.0013756008120253682,0.04591359570622444
4232,StutteringIsCool3812,0.45375731587409973,0.050623029470443726,0.01279130857437849,0.05754218250513077,0.6912532448768616
4233,StutterTalk7737,0.028610000386834145,0.10224314779043198,0.046807095408439636,0.7254977822303772,0.4270694851875305
4234,StutterTalk638,0.147512286901474,0.15476490557193756,0.0039719776250422,0.0007170091848820448,0.15015234053134918
4235,StutteringIsCool7616,0.5048624873161316,0.21789434552192688,0.030400218442082405,0.004653625655919313,0.8830207586288452
4236,WomenWhoStutter9718,0.036535680294036865,0.31512650847435,0.23170937597751617,0.82752925157547,0.032915301620960236
4237,StrongVoices23232,0.31023404002189636,0.06676097959280014,0.0007237751851789653,5.855076960870065e-05,0.031184431165456772
4238,StrongVoices283,0.006264031864702702,0.013902397826313972,0.0011240204330533743,0.001430333824828267,0.10908637940883636
4239,WomenWhoStutter81154,0.018500734120607376,0.07253585010766983,0.005565402563661337,0.651017427444458,0.21507614850997925
4240,HeStutters1893,0.03901943191885948,0.08963591605424881,0.0033640009351074696,0.0007037849281914532,0.02013583853840828
4241,HeStutters1024,0.00229782541282475,0.1045427918434143,0.03210608661174774,0.24165645241737366,0.021747950464487076
4242,WomenWhoStutter2719,0.1496838927268982,0.1060391515493393,0.044208139181137085,0.39379438757896423,0.044618427753448486
4243,WomenWhoStutter8741,0.016961591318249702,0.006224937736988068,0.0006964881322346628,0.0022817596327513456,0.00045193033292889595
4244,WomenWhoStutter97198,0.004943928215652704,0.13889180123806,0.014996212907135487,0.28079453110694885,0.5757021903991699
4245,StrongVoices2120,0.02430865354835987,0.4008110761642456,0.11353307962417603,0.005877888295799494,0.0045159002766013145
4246,StutterTalk160,0.002720017684623599,0.08069433271884918,0.01278960332274437,0.20108377933502197,0.07132980227470398
4247,HVSA2166,0.002773081185296178,0.015336108393967152,0.0044668084010481834,0.013010120019316673,0.0059170289896428585
4248,WomenWhoStutter96167,0.1622324436903,0.5158337354660034,0.4996955990791321,0.0036119355354458094,0.007427978329360485
4249,StrongVoices23139,0.007996019907295704,0.499251127243042,0.01199293415993452,0.00013897746975999326,0.0011674267007037997
4250,StutterTalk5318,0.4364106059074402,0.5035524368286133,0.4258233308792114,0.38027945160865784,0.2168261706829071
4251,WomenWhoStutter10128,0.0004230535705573857,0.012163006700575352,6.0910722822882235e-05,1.8950287994812243e-05,0.00044636474922299385
4252,StrongVoices10124,0.02384408377110958,0.5001163482666016,0.11718685179948807,0.005313711706548929,0.0413154698908329
4253,StrongVoices6168,0.607293426990509,0.16006892919540405,0.009059860371053219,0.00036810224992223084,0.30726197361946106
4254,StutterTalk1238,0.22414706647396088,0.06998293101787567,0.045212697237730026,0.06084228307008743,0.41784775257110596
4255,StutteringIsCool6218,0.1400953084230423,0.13191093504428864,0.036673594266176224,0.7525203824043274,0.3700200021266937
4256,StrongVoices2166,0.004670898430049419,0.07247824966907501,0.000755302666220814,0.0152998436242342,0.02224506437778473
4257,HVSA233,0.02511047013103962,0.45668870210647583,0.19718681275844574,0.038911931216716766,0.008385839872062206
4258,StrongVoices661,0.013489357195794582,0.29397907853126526,0.04620453342795372,0.31429433822631836,0.036181624978780746
4259,WomenWhoStutter9628,0.011251126416027546,0.18414559960365295,0.13070231676101685,0.9304555058479309,0.03761523962020874
4260,StutterTalk7288,0.0009902423480525613,0.015120096504688263,0.0023392809089273214,0.007781216874718666,0.0027589232195168734
4261,WomenWhoStutter10154,0.04981047287583351,0.29443469643592834,0.06139405071735382,0.011906895786523819,0.5736238956451416
4262,StutterTalk766,0.20768408477306366,0.2628549635410309,0.03297761455178261,0.006146618165075779,0.023735420778393745
4263,StutterTalk2655,0.019895168021321297,0.09445904940366745,0.006811142899096012,0.028774524107575417,0.044233161956071854
4264,HVSA285,0.0064017982222139835,0.09514005482196808,0.01062831562012434,0.27479708194732666,0.11817797273397446
4265,StrongVoices21,0.008127445355057716,0.4564502537250519,0.02355150319635868,0.0017042608233168721,0.015254457481205463
4266,StrongVoices120,0.10416493564844131,0.009622630663216114,0.0001783093757694587,5.761493957834318e-05,0.003867834573611617
4267,StrongVoices21177,0.2506616711616516,0.20950280129909515,0.014742306433618069,0.0011353683657944202,0.06219888851046562
4268,StrongVoices823,0.09515741467475891,0.14134502410888672,0.008249807171523571,0.0033080459106713533,0.005314957350492477
4269,WomenWhoStutter87114,0.4202919900417328,0.3692043423652649,0.14019274711608887,0.003241646569222212,0.6869068145751953
4270,HeStutters16174,0.09489599615335464,0.4308488368988037,0.4801066517829895,0.6603703498840332,0.28657791018486023
4271,HVSA2148,0.053460266441106796,0.24939973652362823,0.011707913130521774,0.016519669443368912,0.3652896285057068
4272,StutterTalk37180,0.08384168893098831,0.08079949766397476,0.009549124166369438,0.008268308825790882,0.9739781618118286
4273,MyStutteringLife038,0.2892478108406067,0.06229601427912712,0.1888609081506729,0.0033192180562764406,0.002136664465069771
4274,StutterTalk72152,0.10047044605016708,0.239050030708313,0.02988235466182232,0.06980293244123459,0.5490592122077942
4275,StutteringIsCool1436,0.3349985182285309,0.014767622575163841,0.0001383217313559726,2.980152021336835e-05,0.6603859663009644
4276,StrongVoices21155,0.6526880860328674,0.21592004597187042,0.07889930158853531,0.0008569761994294822,0.0038640352431684732
4277,HeStutters1877,0.3117200434207916,0.014507478103041649,0.001530796056613326,0.009556488133966923,0.008345318026840687
4278,StrongVoices1825,0.1617681086063385,0.19387079775333405,0.01945461332798004,0.01778317056596279,0.2213626354932785
4279,HVSA199,0.0091503681614995,0.39231786131858826,0.04189750924706459,0.0005949322367087007,0.005980888847261667
4280,StutteringIsCool80146,0.03175228089094162,0.351227730512619,0.6199321150779724,0.5719451904296875,0.418683797121048
4281,StrongVoices1839,0.3173978328704834,0.5042385458946228,0.22870738804340363,0.0009198493789881468,0.014256896451115608
4282,StrongVoices3412,0.010120040737092495,0.2851140797138214,0.02378011681139469,0.28304868936538696,0.006654032040387392
4283,StutteringIsCool4715,0.02975047193467617,0.2961868941783905,0.6700851917266846,0.27138081192970276,0.789056658744812
4284,WomenWhoStutter292,0.00742694828659296,0.20948810875415802,0.8819871544837952,0.00351750198751688,0.01044086366891861
4285,StrongVoices1412,0.0014997042017057538,0.043071821331977844,0.002391948364675045,0.0006811902276240289,0.0008517132373526692
4286,StutteringIsCool6132,0.010244332253932953,0.26348522305488586,0.03660586476325989,0.012578918598592281,0.011243866756558418
4287,StrongVoices2934,0.22024185955524445,0.011034839786589146,0.0007657635142095387,0.0003399123961571604,0.0024073997046798468
4288,StutterTalk1333,0.2108708620071411,0.36197179555892944,0.7302106022834778,0.07680337131023407,0.7702304720878601
4289,StutterTalk3829,0.14971329271793365,0.03044722229242325,0.0007734972750768065,0.00018251447181683034,0.016377680003643036
4290,HVSA2111,0.07810452580451965,0.3970584273338318,0.05020280182361603,0.011773486621677876,0.8201467990875244
4291,HVSA034,0.709291398525238,0.012868410907685757,0.0005555326351895928,5.992643491481431e-05,0.063121497631073
4292,StutterTalk5334,0.018452895805239677,0.112165667116642,0.008652877993881702,0.001689536846242845,0.0074675497598946095
4293,StutterTalk7236,0.1588025838136673,0.19209910929203033,0.06934761255979538,0.11565977334976196,0.012884478084743023
4294,StutterTalk4928,0.07671170681715012,0.18958978354930878,0.010327080264687538,0.23486414551734924,0.8196732401847839
4295,WomenWhoStutter6931,0.04526606574654579,0.5192214846611023,0.12778256833553314,0.0035124514251947403,0.0022082426585257053
4296,WomenWhoStutter9038,0.003584527410566807,0.22190138697624207,0.7204188704490662,0.306831419467926,0.018799832090735435
4297,StutteringIsCool34144,0.0030118850991129875,0.041802484542131424,0.009860241785645485,0.6061903238296509,0.01955750398337841
4298,StutterTalk103,0.0005895447102375329,0.0052185384556651115,0.00044434115989133716,0.0033295946195721626,0.0016875594155862927
4299,StrongVoices3215,0.10474801063537598,0.533076822757721,0.4589209258556366,0.0675060972571373,0.023737989366054535
4300,IStutterSoWhat070,0.003613641718402505,0.16716346144676208,0.004216817207634449,0.001442529959604144,0.008966845460236073
4301,StrongVoices196,0.4943508505821228,0.015110831707715988,0.003072657622396946,0.000676605268381536,0.003364317351952195
4302,StrongVoices3216,0.007133069913834333,0.10278961807489395,0.015480708330869675,0.04091554507613182,0.568960428237915
4303,StutteringIsCool4662,0.021846570074558258,0.04216236248612404,0.010063264518976212,0.017940929159522057,0.7524726390838623
4304,HeStutters11136,0.07428553700447083,0.29293519258499146,0.016005368903279305,0.0038691279478371143,0.4981221556663513
4305,IStutterSoWhat3126,0.00045052339555695653,0.008063447661697865,0.0006795371300540864,0.0018352370243519545,0.0005748990806750953
4306,WomenWhoStutter1057,0.03084641881287098,0.5725248456001282,0.46061965823173523,0.03703732788562775,0.02479858137667179
4307,StutterTalk72190,0.02523273043334484,0.3276333510875702,0.01553164329379797,0.01677973009645939,0.07428143918514252
4308,StutteringIsCool555,0.005914354231208563,0.05059272050857544,0.00040054446435533464,0.0015083065954968333,0.05361128970980644
4309,StutteringIsCool6023,0.002646580571308732,0.011289947666227818,0.0007134267361834645,5.253667040960863e-05,0.0002189235674450174
4310,StutterTalk1025,0.11774241179227829,0.047722335904836655,0.019830146804451942,0.46926000714302063,0.12068768590688705
4311,StutteringIsCool80178,0.6931702494621277,0.2121037393808365,0.05072997510433197,0.03528717905282974,0.05699342489242554
4312,WomenWhoStutter9771,0.0160842165350914,0.15736787021160126,0.06820335239171982,0.8527847528457642,0.7866119742393494
4313,StutterTalk6426,0.1019529402256012,0.3001970052719116,0.028252558782696724,0.014015587978065014,0.6131462454795837
4314,StutterTalk1830,0.009514977224171162,0.020393164828419685,0.0005883314297534525,7.437593740178272e-05,0.00046194344758987427
4315,WomenWhoStutter42112,0.0012838629772886634,0.005197961814701557,0.0005400365334935486,0.005018382333219051,0.0005426629795692861
4316,StutterTalk64180,0.12705840170383453,0.4682707190513611,0.3566018044948578,0.0022257131058722734,0.009265193715691566
4317,WomenWhoStutter21200,0.0005594879621639848,0.031361520290374756,0.00022950056882109493,6.635524914599955e-05,0.0006359669496305287
4318,StutterTalk25129,0.020875003188848495,0.3107110857963562,0.07030470669269562,0.0018785621505230665,0.0013491682475432754
4319,StrongVoices1113,0.009305127896368504,0.23071537911891937,0.871324360370636,0.0025804820470511913,0.007887009531259537
4320,HVSA085,0.5640518069267273,0.16733212769031525,0.005302158650010824,0.0003573480644263327,0.016421884298324585
4321,StutterTalk08,0.009486456401646137,0.20577339828014374,0.032029446214437485,0.11851814389228821,0.3618597984313965
4322,StutterTalk68154,0.005446897819638252,0.3509350121021271,0.045400965958833694,0.011610087938606739,0.2622296214103699
4323,HVSA052,0.1482567936182022,0.17014718055725098,0.01122154388576746,0.0037623941898345947,0.9030856490135193
4324,WomenWhoStutter21178,0.020276878029108047,0.18801438808441162,0.01374366506934166,0.00011697599256876856,0.007937265560030937
4325,HeStutters11150,0.0959823876619339,0.12030762434005737,0.005445774178951979,0.0014161424478515983,0.07090318202972412
4326,StutteringIsCool2322,0.5694247484207153,0.2614617943763733,0.2888059616088867,0.000774593383539468,0.0017451447201892734
4327,HeStutters16190,0.170577272772789,0.020753202959895134,0.0003340909315738827,5.8698806242318824e-05,0.0823499783873558
4328,StrongVoices44,0.012756960466504097,0.18412747979164124,0.005086555145680904,0.00013834889978170395,0.008298607543110847
4329,HeStutters11188,0.14029569923877716,0.07025937736034393,0.004342120140790939,0.001356467604637146,0.9159842729568481
4330,WomenWhoStutter6234,0.044674165546894073,0.16298788785934448,0.003768170950934291,0.0004049359995406121,0.924325704574585
4331,StrongVoices938,0.052839383482933044,0.01186145655810833,0.0011285018408671021,0.0012359915999695659,0.002896958263590932
4332,StrongVoices1053,0.7408124804496765,0.20559628307819366,0.020804591476917267,0.0003999518812634051,0.024391092360019684
4333,StrongVoices2936,0.026250960305333138,0.13969643414020538,0.004843685310333967,0.003611835651099682,0.6105337738990784
4334,WomenWhoStutter2160,0.061403051018714905,0.2414795160293579,0.8582147359848022,0.03838907182216644,0.1368228793144226
4335,HeStutters166,0.29922452569007874,0.419268935918808,0.04149002581834793,0.0010414152638986707,0.12024237215518951
4336,StutteringIsCool6514,0.6730284094810486,0.21052764356136322,0.31290528178215027,0.0005471553304232657,0.020853446796536446
4337,StrongVoices726,0.2448524534702301,0.026692839339375496,0.0017171785002574325,0.00012676542974077165,0.0033844730351120234
4338,StutterTalk540,0.8357555270195007,0.13501329720020294,0.38336020708084106,0.002234460087493062,0.006195972207933664
4339,WomenWhoStutter97190,0.0993632897734642,0.2538050413131714,0.05599645897746086,0.5628782510757446,0.014303067699074745
4340,StutterTalk418,0.005761680193245411,0.255185604095459,0.10314705967903137,0.2173721343278885,0.20113155245780945
4341,StrongVoices6106,0.10776719450950623,0.35343074798583984,0.19963930547237396,0.021463749930262566,0.012300647795200348
4342,StutteringIsCool4935,0.014774464070796967,0.043950196355581284,0.004342946689575911,0.003989371005445719,0.004257086664438248
4343,WomenWhoStutter3527,0.17173893749713898,0.1697733849287033,0.009715736843645573,0.0035877032205462456,0.8839896321296692
4344,WomenWhoStutter6830,0.005105506628751755,0.013138930313289165,0.00030995378619991243,0.00046724872663617134,0.013345418497920036
4345,StrongVoices10126,0.29826006293296814,0.06850477308034897,0.00598668260499835,0.00017987786850426346,0.003965453710407019
4346,StutterTalk64144,0.5448507070541382,0.3114960789680481,0.04221583157777786,0.0011957433307543397,0.030815977603197098
4347,StutteringIsCool80153,0.03234976530075073,0.2437250316143036,0.17104150354862213,0.05022318661212921,0.020823083817958832
4348,WomenWhoStutter30146,0.001033992855809629,0.012912155129015446,0.013994688168168068,0.030970517545938492,0.0027131291572004557
4349,WomenWhoStutter7633,0.018548104912042618,0.20722481608390808,0.01081697829067707,0.011410444974899292,0.4905453622341156
4350,HeStutters1631,0.008750395849347115,0.4052853584289551,0.7281529903411865,0.15054285526275635,0.02238757349550724
4351,WomenWhoStutter97178,0.005328451283276081,0.2707068920135498,0.060423269867897034,0.07816439867019653,0.005840885918587446
4352,WomenWhoStutter4618,0.048380184918642044,0.34386059641838074,0.046495746821165085,0.09616509079933167,0.8677791953086853
4353,StutteringIsCool8410,0.0003420973662286997,0.002822465030476451,0.00014757226745132357,1.799663778001559e-07,4.666930180974305e-06
4354,WomenWhoStutter6315,0.0026345541700720787,0.03623709827661514,0.00016521518409717828,0.00017546110029798,0.0011428572470322251
4355,StrongVoices3254,0.012161437422037125,0.3092951476573944,0.029895151033997536,0.04793348163366318,0.04032660275697708
4356,StutteringIsCool288,0.004568955861032009,0.22721120715141296,0.02769782952964306,0.0005362234660424292,0.0025654069613665342
4357,WomenWhoStutter62105,0.004687280394136906,0.08438058197498322,0.005196637939661741,0.04243391007184982,0.022284699603915215
4358,StutterTalk1539,0.027056043967604637,0.21698203682899475,0.13814449310302734,0.664020299911499,0.4514760673046112
4359,WomenWhoStutter62203,0.02764286659657955,0.282141774892807,0.22263774275779724,0.835577130317688,0.04996061697602272
4360,StrongVoices21126,0.13864228129386902,0.03156318888068199,0.0007429420948028564,0.0003513491537887603,0.07294003665447235
4361,HVSA0124,0.025027213618159294,0.23296082019805908,0.07604824006557465,0.22552251815795898,0.7313610911369324
4362,StrongVoices2931,0.19669272005558014,0.05462082847952843,0.0007784100598655641,1.6309220882249065e-05,0.0010823513148352504
4363,StrongVoices32172,0.2663624882698059,0.14413906633853912,0.021028829738497734,0.051858946681022644,0.007151180412620306
4364,StutteringIsCool3831,0.005581581965088844,0.06464537233114243,0.0006316882208921015,0.001605361234396696,0.00931398943066597
4365,WomenWhoStutter9736,0.0032951724715530872,0.25968873500823975,0.024896951392292976,0.0008289419929496944,0.010980120860040188
4366,WomenWhoStutter7927,0.17000296711921692,0.11173874139785767,0.010554736480116844,0.02153690718114376,0.029264945536851883
4367,StrongVoices23199,0.12296805530786514,0.2901943027973175,0.6271869540214539,0.00230862176977098,0.005311121698468924
4368,StutteringIsCool7039,0.0007004720973782241,0.031713228672742844,0.004549779463559389,0.0677986666560173,0.0010496200993657112
4369,StutterTalk420,0.06737452745437622,0.4083751142024994,0.641607940196991,0.48470044136047363,0.35953521728515625
4370,StutterTalk63157,0.35338839888572693,0.07127131521701813,0.008726381696760654,0.0035905882250517607,0.03272916004061699
4371,WomenWhoStutter1088,0.008418027311563492,0.42269760370254517,0.17401601374149323,0.0018248760607093573,0.0015892242081463337
4372,StutterTalk7268,0.3521190285682678,0.22502316534519196,0.017640629783272743,0.0003267487045377493,0.010346079245209694
4373,StrongVoices537,0.5445945262908936,0.15939480066299438,0.0014435797929763794,4.544518560578581e-06,0.025893157348036766
4374,StrongVoices2521,0.18855202198028564,0.393983393907547,0.17506492137908936,0.0029799246694892645,0.013087132014334202
4375,StutterTalk63115,0.007107171230018139,0.13481739163398743,0.014634203165769577,0.3768262565135956,0.15402087569236755
4376,MyStutteringLife1632,0.08767624199390411,0.0837743952870369,0.01430001575499773,0.18875251710414886,0.14232058823108673
4377,StrongVoices32168,0.019882896915078163,0.37865158915519714,0.010301385074853897,0.002307291142642498,0.011554515920579433
4378,StutterTalk737,0.03327430039644241,0.08336380124092102,0.006030242890119553,0.0016869570827111602,0.808570146560669
4379,WomenWhoStutter6261,0.2572317123413086,0.14654570817947388,0.00808828417211771,0.00072146684397012,0.007359197363257408
4380,StutteringIsCool80207,0.0019112799782305956,0.05281979218125343,0.028818868100643158,0.39499911665916443,0.1329180896282196
4381,StutterTalk690,0.03917961195111275,0.19501276314258575,0.002177853137254715,0.00019511912250891328,0.13058213889598846
4382,WomenWhoStutter6924,0.004587648902088404,0.04547901079058647,0.0005439664237201214,0.0004146339779254049,0.0013446349184960127
4383,StutterTalk1512,0.008625413291156292,0.21287722885608673,0.00700482027605176,0.007525546010583639,0.002796581946313381
4384,WomenWhoStutter86132,0.010537649504840374,0.22389556467533112,0.030929218977689743,0.2930861711502075,0.021356888115406036
4385,WomenWhoStutter97179,0.020143549889326096,0.21678279340267181,0.08653540909290314,0.8394744396209717,0.4068076014518738
4386,StrongVoices1079,0.591927707195282,0.4124023914337158,0.3529069125652313,0.07307423651218414,0.05788877606391907
4387,StutterTalk85,0.00010476493480382487,0.0036117294803261757,0.00011724188516382128,5.001526005798951e-05,1.9097748008789495e-05
4388,StutteringIsCool6920,0.18493437767028809,0.5025357007980347,0.3326018154621124,0.13957662880420685,0.6453415751457214
4389,StutteringIsCool175,0.006884187459945679,0.6118577122688293,0.05592670291662216,0.0005180579610168934,0.0010305915493518114
4390,StrongVoices2836,0.3956352472305298,0.13747538626194,0.00522600719705224,0.003962947521358728,0.8600558638572693
4391,StrongVoices3256,0.043847888708114624,0.18478670716285706,0.062179237604141235,0.42644572257995605,0.5662012696266174
4392,WomenWhoStutter4626,0.002365380059927702,0.03785420581698418,0.018112527206540108,0.42093485593795776,0.00356130744330585
4393,StutteringIsCool769,0.07677995413541794,0.07845409214496613,0.008045565336942673,0.011939781717956066,0.9089361429214478
4394,HVSA1148,0.15369193255901337,0.5128726363182068,0.23256942629814148,0.06484097242355347,0.23465204238891602
4395,StutterTalk1436,0.028669293969869614,0.3507809042930603,0.021690083667635918,0.010520023293793201,0.20999720692634583
4396,WomenWhoStutter2179,0.06227083504199982,0.3326379060745239,0.07011676579713821,0.29449111223220825,0.3842080533504486
4397,StutteringIsCool6931,0.02261567860841751,0.040304455906152725,0.00193818099796772,0.0001002701319521293,0.0013833948178216815
4398,HeStutters2214,0.6757799386978149,0.2268262505531311,0.09469319134950638,0.0004370005917735398,0.038950707763433456
4399,WomenWhoStutter7637,0.19045722484588623,0.32750752568244934,0.04439741000533104,0.0057330564595758915,0.023981865495443344
4400,MyStutteringLife51,0.04683634266257286,0.36716940999031067,0.4305311143398285,0.2714935839176178,0.14718973636627197
4401,StrongVoices3297,0.07677260786294937,0.560735285282135,0.17641465365886688,0.0023478541988879442,0.008216416463255882
4402,IStutterSoWhat3115,0.00809352658689022,0.21243521571159363,0.019934507086873055,0.0018447322072461247,0.4830850660800934
4403,MyStutteringLife187,0.21987284719944,0.124027781188488,0.0007131205056793988,1.646468081162311e-05,0.023386094719171524
4404,WomenWhoStutter431,0.1708691120147705,0.12470713257789612,0.006976366974413395,0.0007816654979251325,0.9590234756469727
4405,WomenWhoStutter1026,0.5103391408920288,0.36486107110977173,0.16093610227108002,0.11008241772651672,0.08769979327917099
4406,StutterTalk26172,0.023902278393507004,0.058427706360816956,0.004839269910007715,0.013445776887238026,0.0311326552182436
4407,StutterTalk64115,0.0072266170755028725,0.044361796230077744,0.000611815950833261,8.180620352504775e-05,0.0006054011173546314
4408,StrongVoices72,0.04318518564105034,0.024087801575660706,0.0010842687916010618,0.0006066053756512702,0.7089638113975525
4409,StutterTalk6413,0.6526159644126892,0.04284006357192993,0.0013401263859122992,3.149488475173712e-05,0.020566781982779503
4410,StutterTalk547,0.014487462118268013,0.19563493132591248,0.09500042349100113,0.9453268051147461,0.03372032195329666
4411,StutterTalk8024,5.9453024732647464e-05,0.07111887633800507,0.0022656044457107782,3.6397017538547516e-05,8.821614028420299e-05
4412,StrongVoices014,0.001432698918506503,0.056699685752391815,0.014061451889574528,0.0017268683295696974,0.0010179431410506368
4413,WomenWhoStutter10733,0.26272156834602356,0.07906534522771835,0.0010796665446832776,0.00023408715787809342,0.8370500802993774
4414,HeStutters1842,0.006883431226015091,0.024190006777644157,0.0021954732947051525,0.00847891066223383,0.07426664978265762
4415,IStutterSoWhat363,0.3709486126899719,0.037424445152282715,0.015496560372412205,0.06617572158575058,0.21829532086849213
4416,StrongVoices32140,0.0037998727057129145,0.02792513556778431,0.00018298739450983703,6.130961992312223e-05,0.002689837012439966
4417,StutteringIsCool337,0.44640403985977173,0.10844686627388,0.03906651958823204,0.008172644302248955,0.2701016962528229
4418,HVSA129,0.05029956251382828,0.44092488288879395,0.08400196582078934,0.0024253549054265022,0.00645556952804327
4419,StrongVoices6149,0.0011890692403540015,0.15594792366027832,0.030331935733556747,0.005445533897727728,0.0016008857637643814
4420,WomenWhoStutter2180,0.10106590390205383,0.5682698488235474,0.16761475801467896,0.0027675668243318796,0.011177192442119122
4421,StutteringIsCool6930,0.06357269734144211,0.1632288694381714,0.013570240698754787,0.003439442254602909,0.2217286378145218
4422,StutterTalk855,0.0005958601250313222,0.03827196732163429,0.012991445139050484,0.14826259016990662,0.0008758973563089967
4423,StutterTalk3789,0.1118350550532341,0.07289931178092957,0.00988071970641613,0.004124191589653492,0.9702610373497009
4424,StutteringIsCool385,0.0018748348811641335,0.007246211636811495,0.0011240076273679733,0.00945878867059946,0.0036223996430635452
4425,HVSA0122,0.01002376340329647,0.2747211754322052,0.2008361518383026,0.1593577116727829,0.052253928035497665
4426,MyStutteringLife1823,0.47712481021881104,0.24136434495449066,0.05453228950500488,0.5581778287887573,0.194315105676651
4427,StutteringIsCool80119,0.019538847729563713,0.10861645638942719,0.011601581238210201,0.006481799762696028,0.005807471927255392
4428,HeStutters18191,0.003404898103326559,0.09590522944927216,0.0020837897900491953,0.01646599732339382,0.1552410125732422
4429,StrongVoices79,0.01522594690322876,0.11494278162717819,0.008616158738732338,0.0009794869692996144,0.009165581315755844
4430,StrongVoices433,0.0012871748767793179,0.2764265835285187,0.007092679850757122,0.001957024447619915,0.030997484922409058
4431,StutterTalk148,0.013804974965751171,0.16376452147960663,0.025403641164302826,0.13579222559928894,0.3261074125766754
4432,WomenWhoStutter218,0.01712842844426632,0.052269984036684036,0.0016378759173676372,0.23049278557300568,0.8562850952148438
4433,StutterTalk2629,0.050872694700956345,0.1525798738002777,0.006422650534659624,0.0014846086269244552,0.5378902554512024
4434,StutterTalk4932,0.00547918351367116,0.07768119126558304,0.05443999916315079,0.8653702735900879,0.0957096591591835
4435,StutterTalk68182,0.03019431233406067,0.48788779973983765,0.2141629308462143,0.020557722076773643,0.033020298928022385
4436,StutteringIsCool34141,0.04362846165895462,0.28419554233551025,0.8041744232177734,0.17513243854045868,0.17505277693271637
4437,StutterTalk25111,0.023841513320803642,0.15893690288066864,0.004935188218951225,0.001241789199411869,0.6890140175819397
4438,IStutterSoWhat0123,0.5306728482246399,0.24581153690814972,0.12083517760038376,0.055173829197883606,0.05209916830062866
4439,StrongVoices32133,0.7472756505012512,0.1235029399394989,0.0064550526440143585,0.00026123589486815035,0.05729686841368675
4440,StrongVoices96,0.18248964846134186,0.4885326623916626,0.05072157457470894,0.0018671188736334443,0.04134399816393852
4441,StrongVoices273,0.6469892859458923,0.14263682067394257,0.019760040566325188,0.0002688616805244237,0.006131788715720177
4442,WomenWhoStutter14122,0.02669304423034191,0.008835303597152233,0.0006863601156510413,0.0005538672558031976,0.0008129428024403751
4443,StutterTalk1614,0.12220205366611481,0.4797365367412567,0.05892268195748329,0.02545478753745556,0.5424497723579407
4444,StutterTalk6483,0.019019542261958122,0.3203326463699341,0.7164983749389648,0.005848088767379522,0.0048643117770552635
4445,WomenWhoStutter42221,0.002934368560090661,0.007426017429679632,0.00022530760907102376,0.00034744880395010114,0.0007640800904482603
4446,WomenWhoStutter8679,0.10472574830055237,0.39939749240875244,0.022238733246922493,0.006365292239934206,0.8731487393379211
4447,StutteringIsCool34135,0.051922839134931564,0.04512795805931091,0.0018197264289483428,0.0006202978547662497,0.9511483311653137
4448,StutteringIsCool80192,0.270328164100647,0.09865783154964447,0.026461094617843628,0.8394147157669067,0.17203177511692047
4449,StrongVoices211,0.4926368296146393,0.17863653600215912,0.16683660447597504,0.6123237013816833,0.2053615152835846
4450,StrongVoices1214,0.07318101823329926,0.1873655468225479,0.013169459067285061,0.0033111022785305977,0.008368296548724174
4451,StrongVoices10175,0.5758634805679321,0.1730922907590866,0.010057789273560047,2.3312839402933605e-05,0.001513483002781868
4452,StutterTalk6464,0.013133046217262745,0.03333384916186333,0.003864339552819729,0.0010483050718903542,0.004247630946338177
4453,StrongVoices59,0.028271954506635666,0.21380481123924255,0.01169078890234232,5.1478429668350145e-05,0.0012168416287750006
4454,HeStutters2100,0.0016250205226242542,0.15946100652217865,0.03336604684591293,0.018593432381749153,0.0023258686996996403
4455,HeStutters1849,0.01814149133861065,0.19917477667331696,0.0571252815425396,0.9423471093177795,0.023620838299393654
4456,StrongVoices23236,0.24331068992614746,0.4960784912109375,0.08509097993373871,0.0035872156731784344,0.006365413777530193
4457,StutterTalk493,0.04006454721093178,0.08079663664102554,0.0018412522040307522,0.00010717016266426072,0.0011753096478059888
4458,StutterTalk2319,0.1316554695367813,0.0317065604031086,0.00016053310537245125,1.0338507308915723e-05,0.003789664478972554
4459,MyStutteringLife225,0.024325385689735413,0.19381378591060638,0.05473140627145767,0.008203638717532158,0.017380038276314735
4460,StutteringIsCool4710,0.0021868222393095493,0.21420803666114807,0.030192282050848007,0.13415348529815674,0.018355563282966614
4461,StutteringIsCool1435,0.09111179411411285,0.17637136578559875,0.01628302037715912,0.0004473574226722121,0.5294569730758667
4462,StutterTalk3224,0.06350798159837723,0.10912881791591644,0.0139128677546978,0.2847413718700409,0.006450500804930925
4463,StrongVoices21162,0.09438357502222061,0.27386337518692017,0.00753265805542469,0.0001930919970618561,0.019543522968888283
4464,StrongVoices32139,0.5676519870758057,0.4545882046222687,0.12396833300590515,0.0013186458963900805,0.01956944912672043
4465,StutterTalk64123,0.008168871514499187,0.018495112657546997,0.0013460994232445955,0.002298689214512706,0.006538072135299444
4466,WomenWhoStutter87175,0.0027159086894243956,0.05110548436641693,0.007248143199831247,0.0808480754494667,0.021174749359488487
4467,StrongVoices928,0.0012903043534606695,0.3352316617965698,0.014584744349122047,0.00020033335022162646,0.17834524810314178
4468,WomenWhoStutter8331,0.012247526086866856,0.2786661982536316,0.2412491738796234,0.6332306861877441,0.06543577462434769
4469,StrongVoices107,0.7701329588890076,0.26295942068099976,0.06974907964468002,0.01261456310749054,0.19073018431663513
4470,StutteringIsCool8010,0.2954960763454437,0.11718373745679855,0.013106206431984901,0.0010151047026738524,0.057494066655635834
4471,StutteringIsCool845,0.0002320007624803111,0.0011491270270198584,1.6484022125951014e-05,4.4241218688512163e-07,7.612688477820484e-06
4472,StutterTalk460,0.01826941780745983,0.14285480976104736,0.004679547622799873,0.004929824266582727,0.02096151001751423
4473,HeStutters1665,0.5187447667121887,0.10260419547557831,0.005626382306218147,5.917839735047892e-05,0.011097474955022335
4474,StutteringIsCool7323,0.0011436996283009648,0.02746507152915001,0.007862481288611889,0.011963802389800549,0.005002984311431646
4475,HeStutters5173,0.004794673062860966,0.17362883687019348,0.9409493803977966,0.001755524193868041,0.005729396361857653
4476,StutteringIsCool238,0.005099315196275711,0.2406785935163498,0.029757099226117134,0.014563273638486862,0.5451773405075073
4477,WomenWhoStutter7315,0.5312551259994507,0.2075095772743225,0.00684009026736021,0.0001870810956461355,0.44807446002960205
4478,WomenWhoStutter87,0.01029603835195303,0.13064752519130707,0.8616495132446289,0.002418807242065668,0.011677920818328857
4479,HVSA1157,0.02752690762281418,0.5015475153923035,0.5640183687210083,0.005694572813808918,0.05221477150917053
4480,StutterTalk2410,0.24320654571056366,0.27265727519989014,0.306618332862854,0.017015725374221802,0.017391066998243332
4481,WomenWhoStutter30181,0.0004226790915708989,0.008118596859276295,0.00021046563051640987,0.0001772514369804412,0.0005649425438605249
4482,StutteringIsCool1418,0.0015083769103512168,0.011277132667601109,0.006479671690613031,0.05545547604560852,0.12746179103851318
4483,StutteringIsCool2826,0.01573377288877964,0.3175402581691742,0.8473436236381531,0.008698488585650921,0.02981196530163288
4484,HeStutters16207,0.44067147374153137,0.09979312121868134,0.0483693964779377,0.8740434050559998,0.5117892026901245
4485,HeStutters238,0.029424330219626427,0.3402925133705139,0.03660152107477188,0.2641772925853729,0.34976351261138916
4486,HVSA3145,0.001977443927899003,0.054854314774274826,0.9549895524978638,0.009202511049807072,0.00644275639206171
4487,StrongVoices268,0.024074913933873177,0.08226625621318817,0.0013002915075048804,0.0005956690292805433,0.6790271997451782
4488,StrongVoices3237,0.01797614060342312,0.5694685578346252,0.16869866847991943,0.02274993434548378,0.037332672625780106
4489,StrongVoices258,0.04191869869828224,0.03779252618551254,0.004428912419825792,0.003437857376411557,0.3960103392601013
4490,WomenWhoStutter253,0.28630873560905457,0.3067494034767151,0.018854821100831032,0.00586511567234993,0.8938004970550537
4491,HeStutters2126,0.07389014214277267,0.3140454590320587,0.7347068190574646,0.0828142836689949,0.02134360373020172
4492,StutterTalk812,0.0012292272876948118,0.05439365282654762,0.01948513835668564,0.8669546246528625,0.09238476306200027
4493,StutterTalk26197,0.033455848693847656,0.2586343288421631,0.15316858887672424,0.00035129321622662246,0.000826052506454289
4494,StutterTalk1231,0.014003955759108067,0.005187202710658312,0.002080472419038415,0.03251691162586212,0.009502685628831387
4495,StutterTalk26190,0.004107293207198381,0.05868666619062424,0.02885485626757145,0.32720622420310974,0.3376398980617523
4496,StutteringIsCool135,0.009405069053173065,0.2747812271118164,0.11610782146453857,0.059476666152477264,0.12753544747829437
4497,HeStutters217,0.09040292352437973,0.08525915443897247,0.0020162707660347223,0.00039581433520652354,0.9821480512619019
4498,MyStutteringLife036,0.00012516099377535284,0.01750803180038929,0.0006154355360195041,0.0007125478587113321,0.0001587881415616721
4499,StrongVoices1816,0.06627298891544342,0.07019691169261932,0.0028379790019243956,0.0006293353508226573,0.003584285033866763
4500,StrongVoices317,0.060324810445308685,0.38568657636642456,0.04907960444688797,0.1718045324087143,0.43839964270591736
4501,StutterTalk868,0.016140449792146683,0.11759987473487854,0.027362121269106865,0.2524576187133789,0.770156741142273
4502,StutterTalk6393,0.03051682747900486,0.17428047955036163,0.019430121406912804,0.01156639400869608,0.8186215162277222
4503,IStutterSoWhat044,0.022857043892145157,0.04030486196279526,0.0011627969797700644,0.003290365217253566,0.560273289680481
4504,StutterTalk6344,0.24547404050827026,0.0420670248568058,0.011870871298015118,0.008169509470462799,0.012826386839151382
4505,StutterTalk1037,0.0026406918186694384,0.01976754516363144,0.000656035088468343,0.000315362645778805,0.00039645464858040214
4506,HVSA349,0.006854582112282515,0.16915036737918854,0.9082221984863281,0.001740223029628396,0.0029078838415443897
4507,StutterTalk8103,0.04317612200975418,0.01796324923634529,0.002264625858515501,0.001977420412003994,0.013260866515338421
4508,StutterTalk1224,0.047671958804130554,0.1753780096769333,0.010923528112471104,0.14942391216754913,0.027145031839609146
4509,StutterTalk26149,0.001777492929250002,0.08877858519554138,0.0038031102158129215,0.0021728654392063618,0.005524869542568922
4510,WomenWhoStutter30127,0.3615717887878418,0.046917300671339035,0.0037171959411352873,0.005802495870739222,0.038721051067113876
4511,HVSA21,0.008135729469358921,0.35268592834472656,0.7808898091316223,0.011149332858622074,0.016161704435944557
4512,StutteringIsCool136,0.00408484460785985,0.14508534967899323,0.016518644988536835,0.07312754541635513,0.1306276172399521
4513,StrongVoices42,0.7336385250091553,0.005261565558612347,0.0004573384067043662,8.413841715082526e-05,0.05449312925338745
4514,StutterTalk887,0.0013108686544001102,0.05051856115460396,0.001913374988362193,0.0002645605127327144,0.000740335148293525
4515,StutterTalk6493,0.23572275042533875,0.1408180147409439,0.07500040531158447,0.1952071189880371,0.01921176165342331
4516,HVSA2182,0.05162733048200607,0.45159968733787537,0.14380185306072235,0.08944108337163925,0.7330727577209473
4517,WomenWhoStutter10197,0.008321277797222137,0.10538961738348007,0.02446441538631916,0.5328311920166016,0.026447486132383347
4518,StutterTalk64196,0.7353546619415283,0.21166275441646576,0.36168816685676575,0.0018446373287588358,0.03039080835878849
4519,WomenWhoStutter8785,0.12467042356729507,0.25678715109825134,0.020757051184773445,0.0021964784245938063,0.1282380372285843
4520,StutteringIsCool8079,0.13454000651836395,0.09929117560386658,0.044757381081581116,0.010821367613971233,0.015038270503282547
4521,StutterTalk310,0.003985550720244646,0.34817153215408325,0.25020042061805725,0.0008413593750447035,0.007492737378925085
4522,StrongVoices89,0.32189011573791504,0.004479765892028809,0.0004555531486403197,0.0005527111934497952,0.08539707958698273
4523,StutteringIsCool80199,0.028660984709858894,0.23971429467201233,0.033988434821367264,0.7422473430633545,0.30906447768211365
4524,HVSA287,0.00806160643696785,0.083278588950634,0.00089334009680897,0.0003278111107647419,0.0027111161034554243
4525,StrongVoices15,0.0004164718557149172,0.01669083721935749,0.00017057846707757562,3.424467286095023e-05,0.00010733655653893948
4526,StutterTalk5313,0.07736610621213913,0.3464953899383545,0.11048059910535812,0.007631318643689156,0.9233934283256531
4527,WomenWhoStutter8728,0.019662898033857346,0.3665151000022888,0.36442801356315613,0.48763152956962585,0.2178325057029724
4528,HVSA2116,0.07311191409826279,0.13000530004501343,0.2728221118450165,0.16171205043792725,0.013929598964750767
4529,HVSA3141,0.04897364601492882,0.25886136293411255,0.19986724853515625,0.34190332889556885,0.9445735216140747
4530,WomenWhoStutter3028,0.0016141660744324327,0.005366512108594179,0.00018092557729687542,0.00017662854224909097,0.00036936262040399015
4531,StutterTalk6834,0.8172970414161682,0.02789994142949581,0.0027832016348838806,8.513726788805798e-05,0.9937485456466675
4532,StrongVoices822,0.004104661289602518,0.09988037496805191,0.008116684854030609,0.00410933792591095,0.012785510160028934
4533,StrongVoices914,0.161032035946846,0.45277926325798035,0.039973676204681396,0.005885179154574871,0.3973398804664612
4534,StutterTalk239,0.08844245970249176,0.4747762084007263,0.6195933818817139,0.0550277940928936,0.06649185717105865
4535,StutteringIsCool694,0.0073050279170274734,0.1792484074831009,0.0026106517761945724,0.002386026317253709,0.3516242206096649
4536,StrongVoices020,0.05689747631549835,0.25215718150138855,0.10097876191139221,0.0005196883575990796,0.0047927601262927055
4537,StutteringIsCool8076,0.3125237226486206,0.1763688623905182,0.02073465846478939,0.014926668256521225,0.8370595574378967
4538,StutterTalk25130,0.39362549781799316,0.12916594743728638,0.004930467344820499,0.0036530299112200737,0.007568547502160072
4539,WomenWhoStutter62142,0.1231505274772644,0.1866060495376587,0.08614083379507065,0.15012438595294952,0.9500045776367188
4540,StutteringIsCool7330,0.026722673326730728,0.03931787610054016,0.0031140921637415886,0.008939146064221859,0.013718447647988796
4541,StutterTalk25132,0.026349155232310295,0.06636466085910797,0.003013245528563857,0.0012057239655405283,0.017915096133947372
4542,WomenWhoStutter2194,0.021744899451732635,0.23528549075126648,0.03190811723470688,0.3966297507286072,0.44107845425605774
4543,HVSA1140,0.001327356556430459,0.04913649335503578,0.0009601502679288387,0.0010728861670941114,0.0010896391468122602
4544,StutteringIsCool8411,0.0003970266552641988,0.018459949642419815,0.0032116887159645557,1.7193304984175484e-06,1.385128780384548e-05
4545,StutterTalk2654,0.026036914438009262,0.0865294337272644,0.010458067059516907,0.018516283482313156,0.16972623765468597
4546,StutterTalk4922,0.19600924849510193,0.18521764874458313,0.028119105845689774,0.2742677628993988,0.9365962147712708
4547,StrongVoices2532,0.11845607310533524,0.06718467175960541,0.009969742968678474,0.0008408600697293878,0.003974162507802248
4548,MyStutteringLife3924,0.12133194506168365,0.5825793743133545,0.42755088210105896,0.01706683076918125,0.018017437309026718
4549,WomenWhoStutter35,0.42734238505363464,0.26220980286598206,0.027719035744667053,0.002547316253185272,0.7260375618934631
4550,StutteringIsCool1428,0.000784665928222239,0.031982406973838806,0.0025384677574038506,4.508903293753974e-05,0.00033540657022967935
4551,WomenWhoStutter1314,0.24754543602466583,0.26833122968673706,0.005307354498654604,0.0005420522065833211,0.18923789262771606
4552,HVSA3100,0.016103418543934822,0.6200224757194519,0.15363211929798126,0.0007301571313291788,0.0015253432793542743
4553,WomenWhoStutter5527,0.02914176881313324,0.17349663376808167,0.025915348902344704,0.006714788265526295,0.4464682936668396
4554,WomenWhoStutter2210,0.015813114121556282,0.21263687312602997,0.5075975656509399,0.06303179264068604,0.012705092318356037
4555,WomenWhoStutter1084,0.04143176227807999,0.5518069863319397,0.10889913886785507,0.0040712859481573105,0.005945365410298109
4556,StutterTalk64156,0.7950316071510315,0.02850886806845665,0.03601847216486931,0.03736297786235809,0.006418814416974783
4557,StutterTalk3741,0.034219127148389816,0.05442841723561287,0.017880162224173546,0.28726714849472046,0.7845407724380493
4558,StrongVoices2835,0.0023227203637361526,0.05165516212582588,0.0015534792328253388,0.003923945128917694,0.0021432472858577967
4559,StutterTalk63114,0.17121723294258118,0.015338332392275333,0.0005592458765022457,0.006784318946301937,0.0030611809343099594
4560,MyStutteringLife516,0.0057624890469014645,0.13593025505542755,0.9400089383125305,0.004288668278604746,0.011199834756553173
4561,StutterTalk7230,0.03698983043432236,0.08815887570381165,0.002874688245356083,0.0014930149773135781,0.009932896122336388
4562,StrongVoices698,0.3568522334098816,0.18707184493541718,0.006942312698811293,0.0005422253161668777,0.11254260689020157
4563,StrongVoices10176,0.0006724809645675123,0.08709394186735153,0.010772589594125748,0.0010852266568690538,0.0003323398996144533
4564,HVSA3170,0.377570778131485,0.3348218500614166,0.6646265387535095,0.01129554770886898,0.020490704104304314
4565,HeStutters5136,0.7554479241371155,0.13478457927703857,0.21581214666366577,0.00787393469363451,0.012764006853103638
4566,StrongVoices12,0.0003803483850788325,0.013033517636358738,0.0003098660381510854,0.000561974011361599,0.0011599233839660883
4567,StutteringIsCool7338,0.18214313685894012,0.04295458272099495,0.008176927454769611,0.005274109076708555,0.8956036567687988
4568,StutteringIsCool173,0.02496456354856491,0.46359220147132874,0.19180677831172943,0.2324986308813095,0.24800683557987213
4569,HVSA2157,0.00311423116363585,0.03131687641143799,0.0007850406691431999,0.0005281042540445924,0.0026051185559481382
4570,StutterTalk74,0.013993523083627224,0.007435622625052929,0.0009742178372107446,0.0034094511065632105,0.003014343325048685
4571,WomenWhoStutter9620,0.6139182448387146,0.19832496345043182,0.013526764698326588,8.009694283828139e-05,0.010814592242240906
4572,StutteringIsCool139,0.13977757096290588,0.14570753276348114,0.8970100283622742,0.0007640254916623235,0.013586366549134254
4573,WomenWhoStutter86136,0.18907848000526428,0.19175751507282257,0.023044805973768234,0.008171356283128262,0.7939251065254211
4574,WomenWhoStutter10726,0.04907245934009552,0.08293018490076065,0.010468503460288048,0.008673066273331642,0.43583178520202637
4575,StutterTalk25164,0.0018168609822168946,0.10233422368764877,0.0013862216146662831,0.0007686455501243472,0.0021169118117541075
4576,MyStutteringLife532,0.20643791556358337,0.33952733874320984,0.03937995061278343,0.004515550564974546,0.06736025959253311
4577,StutterTalk63100,0.01308146771043539,0.27771255373954773,0.4496448338031769,0.0003464857582002878,0.0035632995422929525
4578,WomenWhoStutter62172,0.004755876958370209,0.190515398979187,0.8126396536827087,0.39499184489250183,0.041766103357076645
4579,StutterTalk64172,0.2003237009048462,0.035229429602622986,0.0013475874438881874,9.489308285992593e-05,0.004243174567818642
4580,WomenWhoStutter21132,0.2484704554080963,0.09674237668514252,0.0648842453956604,0.2165040373802185,0.6543062329292297
4581,MyStutteringLife185,0.02980724535882473,0.20734480023384094,0.027968602254986763,0.008037216030061245,0.888502299785614
4582,StrongVoices23135,0.2056797593832016,0.2776224911212921,0.0062409997917711735,0.0002553453086875379,0.014233593828976154
4583,StutterTalk18,0.3023543655872345,0.2890349328517914,0.4112246632575989,0.04475041851401329,0.012671331875026226
4584,HeStutters129,0.01228369027376175,0.14346323907375336,0.08094047009944916,0.7757953405380249,0.8264661431312561
4585,StutteringIsCool2928,0.02944551780819893,0.19554294645786285,0.054383765906095505,0.14090067148208618,0.6344695091247559
4586,IStutterSoWhat056,0.025096390396356583,0.2104676216840744,0.00235319253988564,0.0008416633354499936,0.0065143657848238945
4587,MyStutteringLife1625,0.01795330084860325,0.15340211987495422,0.24155116081237793,0.5097160935401917,0.0977809876203537
4588,HVSA3149,0.0011394389439374208,0.11963195353746414,0.10916992276906967,0.7661679983139038,0.0015406616730615497
4589,StutterTalk6234,0.05143245682120323,0.12103630602359772,0.01596464216709137,0.9321336150169373,0.7672371864318848
4590,StrongVoices3219,0.0029533328488469124,0.19605380296707153,0.00302046537399292,0.0006194908637553453,0.0008709717658348382
4591,StutterTalk7633,0.01965589076280594,0.04153316095471382,0.004611228592693806,0.012724696658551693,0.7748739123344421
4592,IStutterSoWhat0103,0.313243567943573,0.5003504157066345,0.09286165982484818,0.033513326197862625,0.023310208693146706
4593,StutteringIsCool4725,0.058639176189899445,0.3896317481994629,0.15917883813381195,0.27893123030662537,0.5383278727531433
4594,HeStutters1235,0.06491857767105103,0.4917149543762207,0.049304623156785965,0.06509512662887573,0.0449008084833622
4595,IStutterSoWhat064,0.05559345707297325,0.2066284865140915,0.0019152015447616577,1.3511497854779009e-05,0.0004142803663853556
4596,MyStutteringLife3826,0.0749257430434227,0.4680839776992798,0.11993101984262466,0.03335064277052879,0.7133244276046753
4597,HVSA371,0.02886139787733555,0.24267815053462982,0.43222498893737793,0.07770709693431854,0.9569923281669617
4598,StrongVoices23270,0.2296559065580368,0.5102906823158264,0.4168325364589691,0.011022128164768219,0.3459677994251251
4599,WomenWhoStutter20,0.1330728679895401,0.14715620875358582,0.34326452016830444,0.7740539312362671,0.8031420111656189
4600,StrongVoices180,0.21729974448680878,0.06802554428577423,0.0007563351537100971,0.0004678214027080685,0.08629674464464188
4601,StutteringIsCool3724,0.6194229125976562,0.42954593896865845,0.21343457698822021,0.007463341578841209,0.01835470460355282
4602,MyStutteringLife2126,0.17048022150993347,0.15829572081565857,0.006377425044775009,0.0004312685632612556,0.0069569796323776245
4603,HVSA0111,0.11037620902061462,0.4821873903274536,0.415926456451416,0.02992248721420765,0.031710051000118256
4604,WomenWhoStutter42240,0.0008505064761266112,0.0015696387272328138,6.253617902984843e-05,0.00017490969912614673,0.00021871722128707916
4605,StrongVoices1097,0.6262681484222412,0.18327756226062775,0.028675425797700882,0.0002098074764944613,0.005593910347670317
4606,StrongVoices128,0.4154071807861328,0.17679959535598755,0.015488917008042336,0.02783377841114998,0.17444922029972076
4607,WomenWhoStutter2153,0.004428398795425892,0.19926424324512482,0.7857416868209839,0.6231435537338257,0.15419510006904602
4608,StrongVoices74,0.2720180153846741,0.3981240689754486,0.07936616986989975,0.043958451598882675,0.03408723697066307
4609,StrongVoices90,0.0027597134467214346,0.263916015625,0.00612478656694293,4.123464532312937e-05,0.0005524239386431873
4610,StutterTalk37183,0.018822912126779556,0.03870135545730591,0.004682624712586403,0.005590863525867462,0.008782876655459404
4611,StrongVoices23218,0.468732625246048,0.10994698107242584,0.01682332158088684,0.0021281871013343334,0.014933506958186626
4612,StrongVoices2331,0.0018943866016343236,0.05524357035756111,0.0021282860543578863,0.0006325027206912637,0.0006401772261597216
4613,WomenWhoStutter10235,0.027206523343920708,0.1348230540752411,0.005592891946434975,0.0028912932612001896,0.004930506926029921
4614,StutterTalk2314,0.3294340968132019,0.5210850238800049,0.04865704104304314,0.0014546154998242855,0.07918646186590195
4615,StutterTalk251,0.017345957458019257,0.05419899895787239,0.001985217910259962,0.001331375795416534,0.00443270243704319
4616,MyStutteringLife2534,0.01361923385411501,0.18386287987232208,0.010543831624090672,0.005039053503423929,0.2529533803462982
4617,HVSA067,0.09771682322025299,0.20744656026363373,0.01461491547524929,0.014078637585043907,0.961919903755188
4618,StrongVoices23237,0.061187174171209335,0.40412864089012146,0.03249778971076012,0.0015344686107710004,0.020475884899497032
4619,MyStutteringLife2133,0.4554383158683777,0.25944554805755615,0.04600241780281067,0.0003338881069794297,0.0028714819345623255
4620,WomenWhoStutter2145,0.06652705371379852,0.3059617280960083,0.08747288584709167,0.817031741142273,0.16275006532669067
4621,WomenWhoStutter1077,0.0023717868607491255,0.05940764769911766,0.0009083494078367949,0.0010731406509876251,0.015797678381204605
4622,StrongVoices214,0.17547953128814697,0.45489779114723206,0.1255931258201599,2.5814204491325654e-05,0.0038539040833711624
4623,StrongVoices32142,0.0030473871156573296,0.04605603963136673,0.0020107687450945377,0.001135756727308035,0.0007653641514480114
4624,HeStutters11202,0.12245922535657883,0.14808952808380127,0.008403864689171314,0.0008351578726433218,0.004688283894211054
4625,HVSA0121,0.20465901494026184,0.26596930623054504,0.14556963741779327,0.11786944419145584,0.5807021260261536
4626,StutteringIsCool7529,0.005680682137608528,0.26822805404663086,0.08157125115394592,0.000236392836086452,0.008315609768033028
4627,StutterTalk1533,0.005327111575752497,0.03168167918920517,0.004816732835024595,0.8553963899612427,0.016465982422232628
4628,StutterTalk3715,0.003228693502023816,0.12210483103990555,0.8054736852645874,0.25503915548324585,0.016441691666841507
4629,WomenWhoStutter3041,0.015195783227682114,0.23456357419490814,0.0037961541675031185,0.00018122426990885288,0.0008868262520991266
4630,StutteringIsCool132,0.023905841633677483,0.25321295857429504,0.30233949422836304,0.7914188504219055,0.09558100998401642
4631,StutterTalk64130,0.05748791992664337,0.2645798325538635,0.6377659440040588,0.0030946177430450916,0.008701124228537083
4632,WomenWhoStutter8646,0.001529910834506154,0.06402023136615753,0.0015937559073790908,0.0003810873022302985,0.0015108048683032393
4633,StrongVoices2168,0.0024821870028972626,0.3415907919406891,0.35839587450027466,0.02570614032447338,0.007625112775713205
4634,StutterTalk8022,8.293223800137639e-05,0.02029906027019024,0.0005397807690314949,7.288993401743937e-06,2.4810935428831726e-05
4635,StutteringIsCool80113,0.20550505816936493,0.45680519938468933,0.06353182345628738,0.04277472570538521,0.1371833235025406
4636,StrongVoices21137,0.19227686524391174,0.3170528709888458,0.08188387751579285,0.001991347409784794,0.005248437635600567
4637,HeStutters277,0.020045535638928413,0.09698974341154099,0.001108953612856567,0.0005613567191176116,0.4787656366825104
4638,StrongVoices2162,0.0008262410410679877,0.015186924487352371,0.0005396385677158833,0.0002880577521864325,0.0002597816346678883
4639,StutterTalk6435,0.3833969235420227,0.40742987394332886,0.10860699415206909,0.0014066443545743823,0.3220793306827545
4640,WomenWhoStutter7611,0.010690782219171524,0.14738208055496216,0.0042475322261452675,0.008728927001357079,0.012436247430741787
4641,StutterTalk2555,0.022439882159233093,0.3357532024383545,0.015561068430542946,0.00449650501832366,0.030561618506908417
4642,StutterTalk621,0.5053781867027283,0.028762059286236763,0.07122161984443665,0.5149635076522827,0.01596951298415661
4643,HeStutters5137,0.007855888456106186,0.2532832622528076,0.24885337054729462,0.7298303246498108,0.008969243615865707
4644,WomenWhoStutter489,0.25303155183792114,0.02682024985551834,0.008747583255171776,0.021230867132544518,0.052118223160505295
4645,WomenWhoStutter9763,0.09210140258073807,0.07243409007787704,0.002803530776873231,0.0006335947546176612,0.9586880803108215
4646,StutteringIsCool336,0.016514549031853676,0.2817310690879822,0.8463568091392517,0.021549997851252556,0.09518694132566452
4647,HeStutters219,0.1699465662240982,0.1553715169429779,0.001970251090824604,0.00016172810865100473,0.9806199073791504
4648,WomenWhoStutter21174,0.004600898828357458,0.0907299816608429,0.002660129452124238,0.0008307583630084991,0.0019786006305366755
4649,StutteringIsCool179,0.07248054444789886,0.19720757007598877,0.09104494750499725,0.8985425233840942,0.04064641520380974
4650,StrongVoices6108,0.7664124965667725,0.1873472034931183,0.015343359671533108,0.0026751284021884203,0.0792938694357872
4651,StrongVoices23242,0.08904635906219482,0.14870789647102356,0.05063576251268387,0.018653761595487595,0.9094603657722473
4652,StutteringIsCool34140,0.4624185264110565,0.14303600788116455,0.007844572886824608,0.001099881948903203,0.2528797388076782
4653,StutterTalk153,0.0025054095312952995,0.02862439677119255,0.019359804689884186,0.8378577828407288,0.10504170507192612
4654,StutterTalk64112,0.03235626593232155,0.04729318246245384,0.0028239714447408915,0.004161672666668892,0.0797865092754364
4655,StrongVoices23205,0.331913024187088,0.34647369384765625,0.040138307958841324,0.0004011325363535434,0.0033422827254980803
4656,HeStutters1667,0.37683242559432983,0.13284270465373993,0.008833324536681175,0.004014916252344847,0.9667699933052063
4657,StutteringIsCool445,0.01421270240098238,0.11450433731079102,0.016034096479415894,0.02857639081776142,0.6220248937606812
4658,WomenWhoStutter220,0.16974295675754547,0.4971180260181427,0.31937292218208313,0.201891228556633,0.062158405780792236
4659,HVSA38,0.051301032304763794,0.19130825996398926,0.9069662690162659,0.005100991576910019,0.016072168946266174
4660,WomenWhoStutter8731,0.4741256833076477,0.32201847434043884,0.03316323831677437,0.00042149011278524995,0.07385248690843582
4661,StutteringIsCool2915,3.694302722578868e-05,0.019643213599920273,0.0007348424405790865,0.0022222932893782854,0.000753688917029649
4662,StrongVoices21176,0.03220441937446594,0.0370771698653698,0.007301861885935068,0.006146594416350126,0.005593663547188044
4663,StutterTalk3817,0.0011361083015799522,0.051840171217918396,0.0033226993400603533,0.0006490570376627147,0.0004355768032837659
4664,WomenWhoStutter5535,0.012474870309233665,0.03410566598176956,0.0028437289875000715,0.001479113707318902,0.005232610274106264
4665,WomenWhoStutter9621,0.09363074600696564,0.05630094185471535,0.0020198682323098183,0.002717411145567894,0.9666791558265686
4666,StutterTalk4219,0.0009630390559323132,0.09145487844944,0.0009507829672656953,0.0005263689672574401,0.0007571320747956634
4667,HVSA021,0.05174817144870758,0.21684618294239044,0.15279462933540344,0.030438248068094254,0.03333299979567528
4668,StutterTalk5316,0.038443513214588165,0.4879799783229828,0.3830956816673279,0.16116689145565033,0.018186219036579132
4669,MyStutteringLife2117,0.2355138659477234,0.1480621099472046,0.002420400269329548,0.00011184788309037685,0.07354489713907242
4670,StutterTalk7621,0.04217340797185898,0.13807350397109985,0.01784178614616394,0.08068261295557022,0.7206090092658997
4671,StrongVoices132,0.02398546226322651,0.07341404259204865,0.005306075792759657,0.0037050731480121613,0.5876438617706299
4672,StutterTalk64116,0.6233616471290588,0.05445686727762222,0.012904949486255646,0.0010550381848588586,0.028065532445907593
4673,StutteringIsCool126,0.011721212416887283,0.05587754026055336,0.043255746364593506,0.8617058992385864,0.4270286560058594
4674,StrongVoices10174,0.011900120414793491,0.23357607424259186,0.49326062202453613,0.228406623005867,0.13098542392253876
4675,StutterTalk1026,0.002884242683649063,0.2883983552455902,0.0036027298774570227,0.0009095052373595536,0.006965896114706993
4676,StrongVoices43,0.002523775678128004,0.003223941195756197,1.8506951164454222e-05,3.2900825317483395e-06,0.00014061010733712465
4677,WomenWhoStutter96101,0.03296494111418724,0.5755380988121033,0.23737896978855133,0.005525060463696718,0.011291299015283585
4678,WomenWhoStutter96114,0.031195223331451416,0.3186197280883789,0.009856895543634892,0.011320390738546848,0.06520800292491913
4679,StutterTalk6037,0.5884084701538086,0.23050884902477264,0.05303603783249855,0.0015381199773401022,0.04414466395974159
4680,MyStutteringLife2122,0.32558709383010864,0.03984548896551132,0.0005761348875239491,8.107448593364097e-06,0.0017488003941252828
4681,StrongVoices1030,0.8306146264076233,0.012593768537044525,0.0008182469755411148,9.913732355926186e-05,0.11793278157711029
4682,HVSA335,0.02378935180604458,0.06908468157052994,0.8631619811058044,0.002227876568213105,0.004274955950677395
4683,WomenWhoStutter238,0.03289845585823059,0.2552661895751953,0.760060727596283,0.4938112199306488,0.11627769470214844
4684,WomenWhoStutter210,0.031360067427158356,0.22554469108581543,0.2894883155822754,0.8430564999580383,0.3548675775527954
4685,WomenWhoStutter30197,0.005645451135933399,0.01032355334609747,0.0010633670026436448,0.008294578641653061,0.0020162726286798716
4686,WomenWhoStutter62149,0.1364518254995346,0.14506320655345917,0.035646818578243256,0.18165279924869537,0.9155474901199341
4687,HeStutters16188,0.15236420929431915,0.32487624883651733,0.2015679031610489,0.8066224455833435,0.05403028056025505
4688,StrongVoices2195,0.036735713481903076,0.10495565086603165,0.0162733756005764,0.0032649608328938484,0.9075261354446411
4689,WomenWhoStutter8686,0.05338553339242935,0.19990412890911102,0.07968180626630783,0.8081446886062622,0.8249187469482422
4690,StrongVoices1931,0.0003600857453420758,0.0032837754115462303,7.59148970246315e-05,3.230412403354421e-05,6.561920599779114e-05
4691,HeStutters108,0.005858111195266247,0.047764383256435394,0.005198967643082142,0.012455053627490997,0.1769014298915863
4692,StutterTalk63162,0.012236825190484524,0.5204649567604065,0.2322150319814682,0.07113180309534073,0.1296035200357437
4693,HVSA2168,0.036574676632881165,0.28715792298316956,0.0311104878783226,0.2766025960445404,0.025848103687167168
4694,HeStutters1620,0.217707097530365,0.01388989295810461,0.00010375333658885211,1.1405331861169543e-05,0.0071195680648088455
4695,StutteringIsCool2720,0.019437870010733604,0.4167090058326721,0.43815574049949646,0.010089782066643238,0.011598598212003708
4696,StutterTalk68129,0.034508053213357925,0.4922269284725189,0.27151018381118774,0.12438558787107468,0.05243959650397301
4697,HVSA220,0.0059744371101260185,0.4472055435180664,0.174057275056839,0.0024056080728769302,0.009617337957024574
4698,StutterTalk1013,0.0639135092496872,0.0820666253566742,0.004503644071519375,0.0002226081705885008,0.5996208786964417
4699,WomenWhoStutter10515,0.32833853363990784,0.09144414961338043,0.005760975647717714,0.0054089720360934734,0.019576963037252426
4700,StutterTalk8139,0.0008287035161629319,0.023205412551760674,0.011540708132088184,0.008987687528133392,0.00045580530422739685
4701,HeStutters12130,0.010735506191849709,0.14868035912513733,0.006307810079306364,0.004431290552020073,0.2450433373451233
4702,StutteringIsCool34136,0.13590289652347565,0.30009889602661133,0.21360541880130768,0.3227452337741852,0.6693449020385742
4703,HVSA155,0.009362149983644485,0.20238341391086578,0.8908538818359375,0.08046835660934448,0.0781475231051445
4704,StrongVoices210,0.13361549377441406,0.25136658549308777,0.07513386011123657,0.020743679255247116,0.045338358730077744
4705,StutterTalk4914,0.001503690262325108,0.06540515273809433,0.0003835993993561715,6.597207539016381e-05,0.0013974746689200401
4706,HeStutters12121,0.031926218420267105,0.431225448846817,0.2698120176792145,0.0006038894644007087,0.002179240109398961
4707,StrongVoices23200,0.6103497743606567,0.2865624725818634,0.13184790313243866,0.0004087062843609601,0.017668364569544792
4708,StrongVoices23233,0.31329917907714844,0.10102128982543945,0.004077454563230276,0.14830215275287628,0.15834908187389374
4709,StutterTalk5138,0.0032802021596580744,0.06430000811815262,0.014145197346806526,0.23429524898529053,0.1007034033536911
4710,StutterTalk609,0.004527539946138859,0.25199803709983826,0.004967017564922571,0.0008733123540878296,0.003928146790713072
4711,StrongVoices1725,0.3258374035358429,0.5045998096466064,0.09331169724464417,0.0006524047930724919,0.006750885862857103
4712,StutterTalk342,0.002394840121269226,0.06781797111034393,0.0009031739318743348,0.0016822576289996505,0.02848793752491474
4713,HVSA215,0.01649307832121849,0.29543536901474,0.07381833344697952,0.3000718355178833,0.0652635395526886
4714,StutterTalk467,0.00118977390229702,0.12251657247543335,0.039336610585451126,0.6379706263542175,0.0432414747774601
4715,WomenWhoStutter2155,0.07274986803531647,0.14172764122486115,0.00903019867837429,0.026077600196003914,0.344162255525589
4716,MyStutteringLife216,0.011203638277947903,0.09193102270364761,0.001300000585615635,1.3892615243094042e-05,0.0003483662148937583
4717,StutteringIsCool6733,0.002246447606012225,0.02410157583653927,0.0028175762854516506,0.0013067226391285658,0.0012904985342174768
4718,WomenWhoStutter30195,0.007841240614652634,0.006269516423344612,0.0029544958379119635,0.01192975603044033,0.0017232553800567985
4719,StutterTalk3821,0.40190941095352173,0.3688226044178009,0.06323462724685669,0.0016873858403414488,0.5004516839981079
4720,StrongVoices21159,0.0014328245306387544,0.037491098046302795,0.0035108590964227915,0.10671041160821915,0.17951682209968567
4721,StutterTalk681,0.005443956237286329,0.13317829370498657,0.022447902709245682,0.041289519518613815,0.6101664900779724
4722,HVSA06,0.04403631389141083,0.2855622172355652,0.08286095410585403,0.7931755781173706,0.19531215727329254
4723,WomenWhoStutter42176,0.09098649024963379,0.29801657795906067,0.021962761878967285,0.001758720027282834,0.9041352272033691
4724,HeStutters16210,0.005316202994436026,0.14427727460861206,0.002369722817093134,0.0017836992628872395,0.023460542783141136
4725,StutteringIsCool5037,0.12328945845365524,0.2406516969203949,0.005915463902056217,0.00044829852413386106,0.9473207592964172
4726,WomenWhoStutter1072,0.03291643410921097,0.562345564365387,0.17231245338916779,0.10394692420959473,0.024882415309548378
4727,WomenWhoStutter97173,0.0266750305891037,0.3375641405582428,0.23022876679897308,0.4865688681602478,0.222010537981987
4728,WomenWhoStutter2739,0.5479249954223633,0.044964130967855453,0.003756372258067131,0.00010580805974313989,0.006651734933257103
4729,HeStutters1171,0.09652157127857208,0.3593500852584839,0.10929257422685623,0.3770163059234619,0.03519006818532944
4730,HeStutters1879,0.02102111466228962,0.07636956125497818,0.04267793521285057,0.2340513914823532,0.04377008229494095
4731,StrongVoices2178,0.0013680518604815006,0.31238695979118347,0.0013886833330616355,1.4287778867583256e-05,0.0002313392178621143
4732,StrongVoices2712,0.012817955575883389,0.32189005613327026,0.016397779807448387,0.007379990536719561,0.00979129783809185
4733,HeStutters11162,0.21124179661273956,0.33296433091163635,0.1822761446237564,0.8009099960327148,0.47079116106033325
4734,WomenWhoStutter2186,0.001555060618557036,0.03513670712709427,0.0004320779407862574,2.1989591914461926e-05,0.00019924940716009587
4735,IStutterSoWhat377,0.11942683905363083,0.07637248933315277,0.0018116995925083756,0.00014988913608249277,0.9404840469360352
4736,WomenWhoStutter2121,0.007514086551964283,0.12398304045200348,0.0036946956533938646,0.0054682837799191475,0.023479266092181206
4737,StrongVoices1031,0.01924128085374832,0.3431769013404846,0.013291498646140099,0.00044881438952870667,0.0062175230123102665
4738,StutterTalk6418,0.22679971158504486,0.14419011771678925,0.016858888790011406,0.004573564510792494,0.8927333354949951
4739,HVSA1160,0.4384396970272064,0.13128051161766052,0.005868908949196339,0.0005129571072757244,0.9243398904800415
4740,HVSA044,0.00858073029667139,0.3000648319721222,0.09033593535423279,0.41409263014793396,0.04648686200380325
4741,StrongVoices41,0.001514339353889227,0.01707245595753193,0.0012030412908643484,0.0008114312659017742,0.0008737334865145385
4742,StrongVoices23114,0.011120876297354698,0.5289157032966614,0.012081054970622063,0.00015210654237307608,0.0007809432572685182
4743,StutterTalk1836,0.012171638198196888,0.5744885206222534,0.04098809137940407,0.0019759265705943108,0.007065923418849707
4744,WomenWhoStutter86161,0.1207650676369667,0.09275306016206741,0.020139720290899277,0.8288401961326599,0.8195125460624695
4745,StrongVoices1723,0.8796494603157043,0.09916096925735474,0.006007458548992872,6.184309313539416e-05,0.006976719945669174
4746,HVSA0126,0.16464932262897491,0.02831546775996685,0.0007329785730689764,0.00026776810409501195,0.9833250045776367
4747,HeStutters12145,0.4653990864753723,0.28246772289276123,0.04244989529252052,0.003552432870492339,0.6542656421661377
4748,WomenWhoStutter8154,0.06775923073291779,0.14755438268184662,0.03071790561079979,0.6114127039909363,0.006644161883741617
4749,HeStutters1732,0.0036436649970710278,0.13013111054897308,0.000521577603649348,0.0006953675765544176,0.016351675614714622
4750,StutteringIsCool4727,0.2895061671733856,0.011739587411284447,0.0013796128332614899,0.0006145243532955647,0.0027644403744488955
4751,HeStutters554,0.0025460298638790846,0.3306517004966736,0.2505878508090973,0.00025103738880716264,0.002319033956155181
4752,StutterTalk149,0.06664574891328812,0.49468156695365906,0.3509536683559418,0.4595465064048767,0.11762905865907669
4753,StutterTalk72146,0.010088372975587845,0.08029770106077194,0.008434401825070381,0.00979323498904705,0.2598237991333008
4754,StrongVoices220,0.7461300492286682,0.14572705328464508,0.015911968424916267,0.0105972271412611,0.1925567239522934
4755,StrongVoices1024,0.003346982877701521,0.28271913528442383,0.05346556752920151,0.07349023967981339,0.040073417127132416
4756,HeStutters56,0.24161973595619202,0.3983035385608673,0.015039818361401558,0.0002621998137328774,0.007270458620041609
4757,StrongVoices2376,0.5609110593795776,0.03575276955962181,0.0016950380522757769,0.0005376944318413734,0.21032586693763733
4758,StutterTalk2310,0.09314002096652985,0.4059350788593292,0.04314996302127838,0.042519599199295044,0.23359812796115875
4759,StutteringIsCool5217,0.4906764328479767,0.19754263758659363,0.012882761657238007,0.003316026646643877,0.01581338234245777
4760,StrongVoices1820,0.019735153764486313,0.1099497601389885,0.02572723850607872,0.0135573148727417,0.007189681753516197
4761,StutterTalk64151,0.19225777685642242,0.29101505875587463,0.06321027129888535,0.004034416284412146,0.4878677427768707
4762,StutterTalk851,0.02609381265938282,0.241964191198349,0.015186053700745106,0.012466794811189175,0.7308908700942993
4763,HeStutters026,0.03619014844298363,0.0017206290503963828,2.869249692594167e-05,1.9034127035411075e-05,0.0002886735601350665
4764,StutterTalk798,0.01882086507976055,0.04876286908984184,0.007585327606648207,0.004948088899254799,0.0013721523573622108
4765,HVSA31,0.7915009260177612,0.10231330990791321,0.04043994098901749,5.870552558917552e-05,0.0003391803184058517
4766,WomenWhoStutter21142,0.252836674451828,0.24289989471435547,0.014347249642014503,0.0009544101194478571,0.004872584715485573
4767,StutterTalk01,0.18195688724517822,0.13274803757667542,0.004992816597223282,3.893329994753003e-05,0.0029075865168124437
4768,HVSA083,0.2179701030254364,0.2405858188867569,0.7473160028457642,0.005432945676147938,0.015515151433646679
4769,StutteringIsCool6022,0.0015514857368543744,0.017802439630031586,0.002550349337980151,0.0008805097313597798,0.0012135838624089956
4770,StutterTalk8157,0.012488188222050667,0.5239753723144531,0.5725366473197937,0.021865038201212883,0.038884904235601425
4771,StrongVoices289,0.037429794669151306,0.537630021572113,0.0642034187912941,0.004540896974503994,0.01628780923783779
4772,StrongVoices71,0.002268777694553137,0.2474883645772934,0.0011629803339019418,0.0002604110341053456,0.0024489942006766796
4773,WomenWhoStutter129,0.019171210005879402,0.15666738152503967,0.023180419579148293,0.7034116983413696,0.5371169447898865
4774,HeStutters1186,0.05413039028644562,0.10400927066802979,0.005582865793257952,0.0032145874574780464,0.35370057821273804
4775,HVSA244,0.0339503139257431,0.06521519273519516,0.006829696707427502,0.004881550092250109,0.005630382336676121
4776,StutterTalk3755,0.30001071095466614,0.3148205578327179,0.21182748675346375,0.02252849191427231,0.40940478444099426
4777,WomenWhoStutter3533,0.006302624009549618,0.26292091608047485,0.6620520949363708,0.0004448514664545655,0.009305018000304699
4778,StrongVoices2165,0.051238853484392166,0.3117895722389221,0.026023155078291893,0.001626128563657403,0.02347431145608425
4779,WomenWhoStutter5516,0.28936758637428284,0.09923946857452393,0.01360535342246294,0.07201874256134033,0.8830862641334534
4780,StrongVoices6201,0.0037350349593907595,0.501332700252533,0.017175830900669098,0.001549654291011393,0.0043398733250796795
4781,HeStutters1032,0.032098282128572464,0.07850916683673859,0.00733922328799963,0.005106858443468809,0.9504605531692505
4782,StutteringIsCool381,0.05075392127037048,0.1533515900373459,0.015262569300830364,0.008402597159147263,0.10358978807926178
4783,StutterTalk37181,0.2289663404226303,0.08230093121528625,0.009128146804869175,0.021672360599040985,0.8664024472236633
4784,StutteringIsCool7033,0.0037730487529188395,0.19059737026691437,0.8839262127876282,0.02833133190870285,0.0222364142537117
4785,WomenWhoStutter86106,0.09026088565587997,0.3705701231956482,0.036523353308439255,0.0429961271584034,0.7890686988830566
4786,StrongVoices2130,0.0011050355387851596,0.01497978251427412,0.0072565749287605286,4.887903924100101e-05,3.105470386799425e-05
4787,HeStutters120,0.0009186573443002999,0.1125839427113533,0.001839785953052342,0.005366784520447254,0.03842611610889435
4788,StutterTalk6371,0.03303654491901398,0.4424971640110016,0.6042964458465576,0.08156600594520569,0.0865696594119072
4789,StutterTalk728,0.0024513518437743187,0.5297088027000427,0.0319853238761425,3.773448770516552e-05,0.00014693943376187235
4790,WomenWhoStutter21,0.08004691451787949,0.37844598293304443,0.27260342240333557,0.046359650790691376,0.9249272346496582
4791,StutterTalk5911,0.0006150106783024967,0.006019477732479572,0.0008184813777916133,0.0013512121513485909,0.0004884718218818307
4792,HeStutters16159,0.4823039174079895,0.030815767124295235,0.003002055687829852,0.00012850559141952544,0.0014011501334607601
4793,HVSA075,0.02867071144282818,0.1336827427148819,0.0017251415411010385,0.017060119658708572,0.773917555809021
4794,WomenWhoStutter10725,0.09740632772445679,0.09058728069067001,0.005232272669672966,0.008852357044816017,0.8671790361404419
4795,WomenWhoStutter6824,0.151238352060318,0.05286458879709244,0.00058279640506953,7.684565935051069e-05,0.9890040755271912
4796,WomenWhoStutter8726,0.0007352192769758403,0.011782755143940449,0.0007788704824633896,0.015618263743817806,0.0053253029473125935
4797,HVSA012,0.05291685089468956,0.14674733579158783,0.0019869315437972546,0.0004761324671562761,0.6443389058113098
4798,StrongVoices10123,0.0105282012373209,0.035479117184877396,0.0010787165956571698,0.00043176545295864344,0.0019817263819277287
4799,StrongVoices143,0.00428456487134099,0.4015972316265106,0.03063671849668026,0.0008945133886300027,0.0029694156255573034
4800,StutterTalk6472,0.04447626695036888,0.16120661795139313,0.027222517877817154,0.0013226878363639116,0.01013869233429432
4801,StutterTalk26157,0.016916435211896896,0.03987336903810501,0.0011968890903517604,0.0013101608492434025,0.002353728748857975
4802,StrongVoices2394,0.06596469134092331,0.27927443385124207,0.005846154410392046,0.00017593470693100244,0.010402584448456764
4803,StutterTalk25103,0.005986438598483801,0.07030291110277176,0.017216617241501808,0.08077330142259598,0.06551044434309006
4804,HVSA018,0.053754426538944244,0.22561901807785034,0.09509817510843277,0.07556800544261932,0.5950964689254761
4805,StutterTalk8169,0.005464177578687668,0.007430095691233873,0.0037696592044085264,0.018099509179592133,0.00347656337544322
4806,StutteringIsCool176,0.14905503392219543,0.22994664311408997,0.0910656675696373,0.18107758462429047,0.9560887813568115
4807,StutterTalk646,0.025336191058158875,0.29217126965522766,0.057042382657527924,0.019324976950883865,0.0404035709798336
4808,HVSA1104,0.025736365467309952,0.0623517744243145,0.0167694129049778,0.866675078868866,0.15364108979701996
4809,WomenWhoStutter868,0.01053912565112114,0.08793023228645325,0.0014402816304937005,0.005707879550755024,0.8155457377433777
4810,StutteringIsCool1434,0.0005055697984062135,0.022343184798955917,0.000583623826969415,0.00013291691720951349,0.0019598205108195543
4811,StutterTalk4434,0.007102310191839933,0.16740459203720093,0.008033647201955318,0.0026551117189228535,0.8771432638168335
4812,IStutterSoWhat087,0.0063202762976288795,0.04029752314090729,0.013205978088080883,0.28308168053627014,0.0169768575578928
4813,HVSA082,0.009012005291879177,0.14659474790096283,0.054153621196746826,0.9657698273658752,0.03956643119454384
4814,HVSA011,0.0878281220793724,0.6160539984703064,0.16990287601947784,0.025379231199622154,0.09371499717235565
4815,StutterTalk291,0.001084382296539843,0.3256980776786804,0.005091753322631121,0.00025557621847838163,0.0006388564361259341
4816,StutterTalk4925,0.005060144700109959,0.01381565909832716,0.009320982731878757,0.3115082085132599,0.04725262522697449
4817,WomenWhoStutter10211,0.07869337499141693,0.3130784034729004,0.006308058276772499,0.00010606119758449495,0.001118576736189425
4818,StrongVoices732,0.039062097668647766,0.19653871655464172,0.003710657125338912,5.926091398578137e-05,0.0005203005275689065
4819,StutterTalk3836,0.011550727300345898,0.05753675103187561,0.007547473069280386,0.020640796050429344,0.004454340785741806
4820,WomenWhoStutter86158,0.07785946130752563,0.21333277225494385,0.006513005122542381,0.002662337850779295,0.9389274716377258
4821,StrongVoices10198,0.002421988407149911,0.24345792829990387,0.019268371164798737,0.007424038834869862,0.0016435111174359918
4822,HVSA257,0.02965128980576992,0.30534106492996216,0.025368645787239075,0.009602615609765053,0.011886229738593102
4823,HVSA258,0.6063665151596069,0.12166380137205124,0.5681465864181519,0.004423412960022688,0.007103568408638239
4824,WomenWhoStutter814,0.01392319519072771,0.23284101486206055,0.8948280215263367,0.07871216535568237,0.04095550626516342
4825,StrongVoices1227,0.07632334530353546,0.16499295830726624,0.0737687200307846,0.5078619718551636,0.0944194421172142
4826,StrongVoices1934,0.014915070496499538,0.41450169682502747,0.050033047795295715,0.000630808062851429,0.0310986191034317
4827,StutterTalk25133,0.012868070974946022,0.29764029383659363,0.05739472806453705,0.003975906874984503,0.8875112533569336
4828,StutterTalk3824,0.5510883927345276,0.26279425621032715,0.4535813629627228,0.001142243854701519,0.011708520352840424
4829,HVSA2199,0.07721967250108719,0.1885133683681488,0.029771951958537102,0.03432620316743851,0.016604159027338028
4830,StutterTalk6470,0.11309486627578735,0.05634363368153572,0.0016275538364425302,0.00013651921472046524,0.006899468135088682
4831,StutteringIsCool4926,0.011490186676383018,0.5999806523323059,0.18851423263549805,0.0021247973199933767,0.009910165332257748
4832,WomenWhoStutter697,0.008028781041502953,0.01267689187079668,0.0023665651679039,0.027398843318223953,0.006227114703506231
4833,StutterTalk7223,0.024208052083849907,0.3793308734893799,0.4203948378562927,0.009543745778501034,0.01869409717619419
4834,StutterTalk64133,0.780847430229187,0.04637491703033447,0.031883373856544495,0.0014403988607227802,0.01236849743872881
4835,StutterTalk6840,0.14832596480846405,0.21084223687648773,0.02902851067483425,0.013439091853797436,0.0427057221531868
4836,HVSA3105,0.016160763800144196,0.03330932930111885,0.0017158924601972103,9.541391773382202e-05,5.923198114032857e-05
4837,StutteringIsCool7523,0.022884609177708626,0.3678129315376282,0.19205231964588165,0.03138861805200577,0.7023530006408691
4838,StutterTalk372,0.0039186072535812855,0.004229402169585228,6.372939242282882e-05,3.689015284180641e-05,0.0006004534079693258
4839,WomenWhoStutter86114,0.09709710627794266,0.38908863067626953,0.01628459431231022,0.00500505743548274,0.7819949388504028
4840,StutterTalk591,0.0024656362365931273,0.03334561362862587,0.0059302933514118195,0.003855758812278509,0.0012682423694059253
4841,WomenWhoStutter145,0.026160212233662605,0.4361415207386017,0.5947547554969788,0.012417457066476345,0.013703764416277409
4842,StutterTalk169,0.016203198581933975,0.2634786367416382,0.032656725496053696,0.017940711230039597,0.1862586885690689
4843,StutterTalk2212,0.006980265956372023,0.02091229148209095,0.004204050172120333,0.03822184354066849,0.004036706406623125
4844,StutterTalk2515,0.023149512708187103,0.050734132528305054,0.016288993880152702,0.02396087720990181,0.02272440306842327
4845,WomenWhoStutter286,0.17580141127109528,0.5327266454696655,0.22874237596988678,0.0005119171692058444,0.022640839219093323
4846,IStutterSoWhat354,0.17533014714717865,0.035281311720609665,0.0013422914780676365,6.25836692051962e-05,0.002114938572049141
4847,WomenWhoStutter10149,0.0014224422629922628,0.010283670388162136,0.003004961647093296,0.0012617306783795357,0.0006374004879035056
4848,StutterTalk847,0.0005052491906099021,0.020371921360492706,0.003674835432320833,0.00971977412700653,0.0014208812499418855
4849,HVSA2152,0.04943251609802246,0.32186159491539,0.1610398143529892,0.6913136839866638,0.059277940541505814
4850,WomenWhoStutter97155,0.00958547554910183,0.27495983242988586,0.08499591052532196,0.007220280822366476,0.7316977977752686
4851,WomenWhoStutter5822,0.03162568062543869,0.23470154404640198,0.055270005017519,0.03453461080789566,0.8862821459770203
4852,HVSA07,0.09590426832437515,0.28459909558296204,0.2558026909828186,0.26543569564819336,0.082829050719738
4853,WomenWhoStutter632,0.2522239089012146,0.006028694100677967,0.00020077047520317137,0.00034430803498253226,0.35778069496154785
4854,StutteringIsCool46188,0.2448558658361435,0.0573635995388031,0.0023229781072586775,0.0009289546869695187,0.9884337782859802
4855,StrongVoices421,0.027323154732584953,0.018168356269598007,0.0001503701350884512,1.2746964785037562e-05,0.9703480005264282
4856,StutterTalk37166,0.07633653283119202,0.048643968999385834,0.02597799524664879,0.46589183807373047,0.011055980809032917
4857,StutterTalk3835,0.04257409647107124,0.17184285819530487,0.0073938812129199505,0.0014266702346503735,0.004735966678708792
4858,StutteringIsCool34159,0.03428121283650398,0.20003169775009155,0.017448704689741135,0.012599770911037922,0.4645475447177887
4859,StrongVoices3125,0.0018619904294610023,0.19969967007637024,0.0027055046521127224,0.00827968679368496,0.03553391247987747
4860,StutterTalk123,0.5765018463134766,0.025760391727089882,0.0028950003907084465,0.0003924411430489272,0.005535298492759466
4861,StutterTalk64106,0.8362675309181213,0.021689025685191154,0.005342335905879736,0.0003496770223136991,0.02619124762713909
4862,WomenWhoStutter8652,0.010353079065680504,0.12377438694238663,0.02390008606016636,0.8977268934249878,0.00969539675861597
4863,HVSA2172,0.053892917931079865,0.10784385353326797,0.020283827558159828,0.03854328393936157,0.5876088738441467
4864,HeStutters278,0.0066611082293093204,0.3079284727573395,0.0140831982716918,0.002312719589099288,0.005687376018613577
4865,StrongVoices3127,0.01458838302642107,0.06924477964639664,0.0025927298702299595,9.1331428848207e-05,0.002156251110136509
4866,StrongVoices278,0.002519698115065694,0.027906499803066254,0.0026212227530777454,0.0010053516598418355,0.0005634384579025209
4867,HVSA228,0.027264049276709557,0.2879466712474823,0.45366671681404114,0.0021706281695514917,0.0031948057003319263
4868,StutterTalk5523,0.046237763017416,0.14311183989048004,0.004524523392319679,0.0013406899524852633,0.07160411030054092
4869,StutteringIsCool4671,0.0009260145598091185,0.07230982184410095,0.003573979949578643,0.022180519998073578,0.005986850708723068
4870,HeStutters1246,0.013153430074453354,0.45508483052253723,0.02631041407585144,0.0013303497107699513,0.0075150285847485065
4871,HVSA196,0.007312224246561527,0.24414649605751038,0.02649056352674961,0.0012520357267931104,0.004531833343207836
4872,WomenWhoStutter6332,0.0021401308476924896,0.21066616475582123,0.5264608263969421,0.03413183614611626,0.011413613334298134
4873,StrongVoices23219,0.3761264979839325,0.2148182988166809,0.008537821471691132,0.0001032341388054192,0.010059697553515434
4874,WomenWhoStutter262,0.14246268570423126,0.08814334869384766,0.0005578566342592239,3.602937067626044e-05,0.9588736295700073
4875,WomenWhoStutter21209,0.05788790062069893,0.09691045433282852,0.009977595880627632,0.004175217822194099,0.014463401399552822
4876,HeStutters253,0.0006350027397274971,0.16695089638233185,0.007186135742813349,0.0009339537937194109,0.0005706814117729664
4877,StutterTalk122,0.012763279490172863,0.2841474711894989,0.004616633523255587,0.0034003446344286203,0.02709113620221615
4878,HVSA2151,0.022060450166463852,0.33702266216278076,0.24830284714698792,0.53439861536026,0.06418953090906143
4879,HVSA2183,0.022814981639385223,0.295097678899765,0.5069006681442261,0.05819977447390556,0.08006548881530762
4880,IStutterSoWhat061,0.0457146093249321,0.5774831771850586,0.02969685196876526,0.0016672243364155293,0.0601181797683239
4881,WomenWhoStutter62220,0.8905786871910095,0.007494443561881781,0.0012205045204609632,0.038138169795274734,0.8702600598335266
4882,MyStutteringLife215,0.4178619980812073,0.10189257562160492,0.005090705119073391,0.000273078097961843,0.004281376488506794
4883,StutteringIsCool2922,0.0005628646467812359,0.008688745088875294,0.0048646326176822186,0.014041653834283352,0.017886852845549583
4884,WomenWhoStutter2729,0.010067298077046871,0.2333502173423767,0.8821030855178833,0.16195863485336304,0.1875065714120865
4885,HeStutters1211,0.07183922082185745,0.4645458459854126,0.3067868649959564,0.22109147906303406,0.012538986280560493
4886,StrongVoices21108,0.04687216505408287,0.30003324151039124,0.03278366103768349,0.055906008929014206,0.028109606355428696
4887,MyStutteringLife1813,0.015479992143809795,0.039367325603961945,0.0016825420316308737,0.015946896746754646,0.6399390697479248
4888,StrongVoices240,0.011842467822134495,0.13663652539253235,0.05554273724555969,0.04145564138889313,0.018858186900615692
4889,HVSA063,0.004074611235409975,0.0653122290968895,0.0020262752659618855,0.006012634374201298,0.1921408474445343
4890,StrongVoices327,0.004776090383529663,0.21183981001377106,0.0028228301089257,0.0003977759915869683,0.001895940862596035
4891,StutterTalk649,0.7891528606414795,0.08105742931365967,0.019756723195314407,0.00448407419025898,0.011798139661550522
4892,MyStutteringLife1821,0.1725165843963623,0.12327419966459274,0.015096099115908146,0.062487948685884476,0.12309113889932632
4893,StutteringIsCool34180,0.24697215855121613,0.17368780076503754,0.014355450868606567,0.0015395178925246,0.9794419407844543
4894,StutterTalk37112,0.030266381800174713,0.0069991108030080795,0.002090461552143097,0.0024919132702052593,0.0009193916339427233
4895,StrongVoices3139,0.014135293662548065,0.0809163898229599,0.004833770450204611,0.0075883399695158005,0.48638126254081726
4896,HVSA3148,0.012187403626739979,0.06477885693311691,0.6437687277793884,0.7473477125167847,0.007658547721803188
4897,StutteringIsCool4425,0.19044257700443268,0.05404084920883179,0.0021682509686797857,0.0028296513482928276,0.9880658388137817
4898,StutteringIsCool2723,0.014998854137957096,0.12245864421129227,0.013752949424088001,0.0015765265561640263,0.003028210951015353
4899,StutteringIsCool6137,0.4093577563762665,0.3252403140068054,0.03633218631148338,0.0005319660413078964,0.008675694465637207
4900,WomenWhoStutter2738,0.1892540156841278,0.24678368866443634,0.023868001997470856,0.3046146035194397,0.01765970140695572
4901,StrongVoices2188,0.19377481937408447,0.08973517268896103,0.012883804738521576,0.6685734391212463,0.32284650206565857
4902,StutteringIsCool80144,0.0017294109566137195,0.16985775530338287,0.021150095388293266,0.008619067259132862,0.012948617339134216
4903,StrongVoices105,0.10126640647649765,0.30987846851348877,0.45733705163002014,0.01205088384449482,0.008556676097214222
4904,WomenWhoStutter2532,0.03970671072602272,0.03539396822452545,0.0022393385879695415,0.0021576271392405033,0.024263033643364906
4905,StrongVoices2010,0.7875239253044128,0.1369238942861557,0.3848837614059448,0.00030816762591712177,0.008900973945856094
4906,HeStutters1275,0.006856607738882303,0.046560630202293396,0.0015744526172056794,0.0005803547101095319,0.00309505476616323
4907,StrongVoices6166,0.14852499961853027,0.5170321464538574,0.028557410463690758,0.0006370045593939722,0.026835881173610687
4908,StrongVoices2123,0.009509298950433731,0.5051965713500977,0.014861674048006535,0.00023808203695807606,0.005231123883277178
4909,HVSA080,0.17830657958984375,0.5599480867385864,0.47368282079696655,0.2257043719291687,0.07677628844976425
4910,StutterTalk26116,0.000688236381392926,0.16184945404529572,0.004814602434635162,8.263226482085884e-05,0.00038204091833904386
4911,StrongVoices2523,0.03312593698501587,0.07802874594926834,0.00133092375472188,0.00016679886903148144,0.004941493738442659
4912,StrongVoices21154,0.004156306851655245,0.29300689697265625,0.004744780715554953,0.001449147122912109,0.008938981220126152
4913,StutterTalk64105,0.1035522073507309,0.2450452297925949,0.08679181337356567,0.0034489070530980825,0.008136117830872536
4914,WomenWhoStutter3079,0.0006508177611976862,0.012370186857879162,0.0005364670651033521,0.00046002669841982424,0.0004234366933815181
4915,StutterTalk5435,0.26736029982566833,0.10808534175157547,0.07051360607147217,0.008945264853537083,0.002091397764161229
4916,StutterTalk3794,0.2985144853591919,0.031034259125590324,0.0026826283428817987,0.003915444482117891,0.5982540249824524
4917,StrongVoices3439,0.02477351762354374,0.4212687611579895,0.07137444615364075,0.20868182182312012,0.055997930467128754
4918,StutteringIsCool2324,0.0003343359276186675,0.03890221193432808,0.003633387852460146,0.0007280063582584262,0.0012325752759352326
4919,WomenWhoStutter5837,0.06050683930516243,0.28880947828292847,0.022573726251721382,0.13306693732738495,0.8586846590042114
4920,WomenWhoStutter6217,0.01779327727854252,0.14712806046009064,0.006346975918859243,0.008571299724280834,0.07830632477998734
4921,HVSA048,0.02875394932925701,0.533787190914154,0.10308276116847992,0.016172973439097404,0.024325644597411156
4922,StutteringIsCool4629,0.0019870384130626917,0.20948426425457,0.0649300217628479,0.22730472683906555,0.03249372914433479
4923,StrongVoices2830,0.002483478980138898,0.15937456488609314,0.00029334542341530323,2.560545726737473e-05,0.0018031998770311475
4924,StutterTalk5431,0.04305748641490936,0.11884547770023346,0.0208730548620224,0.015223216265439987,0.6428162455558777
4925,StutterTalk7626,0.13335773348808289,0.3377153277397156,0.3915000855922699,0.031156625598669052,0.9174239635467529
4926,WomenWhoStutter827,0.021761927753686905,0.6386789679527283,0.4082050919532776,0.0034670180175453424,0.010781540535390377
4927,StrongVoices1034,0.17170876264572144,0.29511964321136475,0.0886177197098732,0.014521978795528412,0.5129335522651672
4928,StrongVoices32100,0.18467336893081665,0.43582165241241455,0.08224830031394958,0.16127105057239532,0.0504082553088665
4929,WomenWhoStutter1015,0.0070540327578783035,0.5668753385543823,0.0447714701294899,0.00034303468419238925,0.0043285684660077095
4930,StrongVoices1019,0.03477046266198158,0.15569767355918884,0.008781337179243565,0.002507639117538929,0.5667390823364258
4931,StrongVoices21164,0.035049837082624435,0.20307548344135284,0.014482391066849232,0.001014364999718964,0.0037259417586028576
4932,StutterTalk25139,0.10621363669633865,0.41269931197166443,0.22626566886901855,0.02186301164329052,0.8469935655593872
4933,StrongVoices249,0.009604697115719318,0.3088489770889282,0.019008297473192215,0.1165311187505722,0.433578759431839
4934,StutterTalk7717,0.009928803890943527,0.11921483278274536,0.05591205507516861,0.6092190146446228,0.47722503542900085
4935,MyStutteringLife222,0.24357092380523682,0.08676166832447052,0.0010376785648986697,6.666163972113281e-05,0.008431012742221355
4936,WomenWhoStutter2142,0.019396334886550903,0.29014939069747925,0.05066005513072014,0.11139191687107086,0.405110627412796
4937,WomenWhoStutter42144,0.019979408010840416,0.13060858845710754,0.02576531656086445,0.0687502771615982,0.043646734207868576
4938,StutterTalk6437,0.012771446257829666,0.1994592249393463,0.08328944444656372,0.45921701192855835,0.08004766702651978
4939,StutteringIsCool6425,0.023511214181780815,0.10709261149168015,0.030647244304418564,0.09179072827100754,0.10211972892284393
4940,StrongVoices716,0.2983594238758087,0.05298478528857231,0.0014328074175864458,7.373512926278636e-05,0.0052121044136583805
4941,WomenWhoStutter3321,0.03645062446594238,0.39795076847076416,0.06352297216653824,0.08510523289442062,0.3046892583370209
4942,StrongVoices21191,0.006384595762938261,0.049622856080532074,0.0027596107684075832,0.002719510579481721,0.004834378603845835
4943,StrongVoices2514,0.6332047581672668,0.03244158625602722,0.001540942583233118,0.0001577199436724186,0.030003229156136513
4944,HeStutters12146,0.007974637672305107,0.4467848837375641,0.02453572489321232,0.00024107989156618714,0.019795430824160576
4945,WomenWhoStutter4532,0.03157077357172966,0.04209255427122116,0.0020597775001078844,0.002733383094891906,0.8843442797660828
4946,StutterTalk1628,0.05481981113553047,0.34348800778388977,0.06433460116386414,0.009515327401459217,0.9032015204429626
4947,WomenWhoStutter10834,0.1426672637462616,0.15948113799095154,0.0293677169829607,0.1991296261548996,0.8941132426261902
4948,StutterTalk64143,0.13170769810676575,0.07159368693828583,0.0039145746268332005,0.001050520921126008,0.016145547851920128
4949,HVSA261,0.02199433743953705,0.5776692628860474,0.29978957772254944,0.006843158509582281,0.006046137772500515
4950,StutterTalk1229,0.10234767943620682,0.23701635003089905,0.05847223848104477,0.011759651824831963,0.3276895582675934
4951,StrongVoices1026,0.035142023116350174,0.16311228275299072,0.00638769194483757,0.00309813697822392,0.31477734446525574
4952,StutterTalk2916,0.3266831338405609,0.3209901750087738,0.06175151839852333,0.00018710573203861713,0.0066988226026296616
4953,HeStutters2101,0.007909211330115795,0.3805736005306244,0.712548553943634,0.0700562596321106,0.018709175288677216
4954,StutteringIsCool2729,0.03295234218239784,0.38252073526382446,0.040769804269075394,0.03850372135639191,0.32647788524627686
4955,HVSA2179,0.019760431721806526,0.25855669379234314,0.007186973001807928,0.023271869868040085,0.12197458744049072
4956,StutterTalk6479,0.0772320032119751,0.02651830017566681,0.001480213482864201,3.0626426450908184e-05,0.0007325919577851892
4957,StutterTalk68135,0.003445948474109173,0.06782478839159012,0.015404606238007545,0.014891122467815876,0.021520227193832397
4958,HVSA380,0.0014652537647634745,0.07762943208217621,0.8887534737586975,0.09461697190999985,0.0033900297712534666
4959,HVSA397,0.055126678198575974,0.1318913698196411,0.016852181404829025,0.002782207913696766,0.8619735240936279
4960,WomenWhoStutter2181,0.04893449693918228,0.5691400170326233,0.030972221866250038,0.009977868758141994,0.022102613002061844
4961,StrongVoices231,0.0003807855537161231,0.039617083966732025,0.0003173232835251838,0.00010598173685139045,0.00011188958887942135
4962,StrongVoices6181,0.0764363557100296,0.28101661801338196,0.002060954924672842,0.00011728157551260665,0.003517125966027379
4963,StutterTalk68149,0.025127917528152466,0.15171152353286743,0.011304679326713085,0.704059362411499,0.5695323944091797
4964,WomenWhoStutter6433,0.023256152868270874,0.14356358349323273,0.1503673940896988,0.7590616345405579,0.4037630259990692
4965,StutterTalk765,0.012436809949576855,0.4045531153678894,0.3065934181213379,0.020615441724658012,0.008528764359652996
4966,StrongVoices031,0.32369551062583923,0.37559372186660767,0.04514152184128761,0.0010682319989427924,0.006562703754752874
4967,WomenWhoStutter8655,0.0020981868728995323,0.020934181287884712,0.011922036297619343,0.9965998530387878,0.40930861234664917
4968,HVSA3101,0.039730582386255264,0.024514945223927498,0.007209484465420246,0.05665581673383713,0.0006521815666928887
4969,StrongVoices32191,0.018012994900345802,0.061733923852443695,0.003369743237271905,0.00031801589648239315,0.0012784602586179972
4970,StrongVoices825,0.48614612221717834,0.02719535306096077,0.0008992304210551083,2.9672490200027823e-05,0.002200647024437785
4971,MyStutteringLife2212,0.5881608128547668,0.316915363073349,0.03234370797872543,0.010078614577651024,0.1351500302553177
4972,StutterTalk4930,0.043092936277389526,0.05375909432768822,0.007911209017038345,0.02622697502374649,0.0051228366792202
4973,StrongVoices118,0.0005094064981676638,0.018531745299696922,0.00019462376076262444,0.0008934702491387725,0.00031575915636494756
4974,StrongVoices1732,0.00254631950519979,0.4800278842449188,0.01932838372886181,5.474358476931229e-05,0.0001861851051216945
4975,StutteringIsCool34171,0.6776906251907349,0.11974351853132248,0.05294186621904373,0.12463939189910889,0.0958137959241867
4976,WomenWhoStutter1455,0.01699075661599636,0.27114924788475037,0.01571686379611492,8.945871377363801e-05,0.0019877355080097914
4977,StutterTalk2219,0.8094877004623413,0.18275365233421326,0.15940497815608978,0.0099940849468112,0.7186525464057922
4978,StrongVoices2148,0.00588713213801384,0.13217079639434814,0.000729446648620069,3.098220258834772e-05,0.002614836674183607
4979,HVSA2158,0.07774310559034348,0.6456720232963562,0.2556627690792084,0.00519229331985116,0.007081583607941866
4980,StutteringIsCool5014,0.4091455042362213,0.020249459892511368,0.00025192886823788285,5.2042712923139334e-05,0.9657539129257202
4981,StutterTalk64176,0.16535525023937225,0.16395777463912964,0.008914408273994923,0.01469368301331997,0.8362407684326172
4982,StutterTalk72186,0.41057199239730835,0.3247741758823395,0.06580623239278793,0.0017679325537756085,0.019145740196108818
4983,HeStutters027,0.008769627660512924,0.3037359416484833,0.7544736266136169,0.12430751323699951,0.031247802078723907
4984,StrongVoices21133,0.01189020648598671,0.15344172716140747,0.007134961895644665,0.00514873256906867,0.1983308494091034
4985,HVSA2115,0.023942777886986732,0.5171937942504883,0.5399673581123352,0.06563282012939453,0.013314456678926945
4986,StutterTalk15,0.1661987602710724,0.29765844345092773,0.08625772595405579,0.6319987773895264,0.7674654722213745
4987,StrongVoices2827,0.005249944049865007,0.1418798714876175,0.002270149067044258,0.0017554606311023235,0.007415122352540493
4988,StrongVoices1710,0.004699795041233301,0.1186065673828125,0.0009615633171051741,0.00029819575138390064,0.007889927364885807
4989,StrongVoices721,0.20599408447742462,0.05207108333706856,0.0021387424785643816,0.0005903198616579175,0.10336048901081085
4990,StrongVoices179,0.1621486097574234,0.29393041133880615,0.011754793114960194,0.0004039948107674718,0.045439712703228
4991,WomenWhoStutter81175,0.012494806200265884,0.01010243408381939,0.0003114648279733956,0.0005748700350522995,0.02122306451201439
4992,StutterTalk13,0.06956302374601364,0.33221858739852905,0.12031778693199158,0.12943896651268005,0.5887518525123596
4993,HVSA1172,0.018931826576590538,0.3571869432926178,0.10399632155895233,0.3602123558521271,0.12567976117134094
4994,HeStutters2162,0.02116965502500534,0.17367389798164368,0.09474571794271469,0.05923495441675186,0.015084112994372845
4995,StrongVoices10173,0.02409006655216217,0.1780322939157486,0.05575976148247719,0.3580215573310852,0.06863231211900711
4996,StutterTalk6339,0.6184583902359009,0.4671005308628082,0.1988176852464676,0.027596231549978256,0.41395342350006104
4997,StrongVoices3245,0.05038457363843918,0.266172856092453,0.07292374223470688,0.01028774306178093,0.4308845102787018
4998,StutterTalk714,0.13527722656726837,0.334528386592865,0.17051847279071808,0.0385151281952858,0.015029557049274445
4999,HVSA35,0.0046471781097352505,0.1285763531923294,0.2809869349002838,0.9661928415298462,0.11246205866336823
5000,WomenWhoStutter108,0.015472899191081524,0.02888254076242447,0.00040234753396362066,0.000985834514722228,0.005027280654758215
5001,HVSA290,0.11982780694961548,0.3906351625919342,0.4326515793800354,0.09111743420362473,0.2793864905834198
5002,StutterTalk7736,0.1586770862340927,0.09189359843730927,0.011289914138615131,0.0027090643998235464,0.9839602112770081
5003,StutterTalk3019,0.029312634840607643,0.5117175579071045,0.23990853130817413,0.026777805760502815,0.5186457633972168
5004,StrongVoices127,0.1586119681596756,0.28706976771354675,0.01436149887740612,0.0028468999080359936,0.012840173207223415
5005,StutterTalk37179,0.043303005397319794,0.10022338479757309,0.010552086867392063,0.0025753385853022337,0.003492206335067749
5006,HVSA2150,0.05275141820311546,0.5935695767402649,0.3585418462753296,0.00431562215089798,0.012533171102404594
5007,StutteringIsCool4934,0.679621696472168,0.08196819573640823,0.0032507681753486395,0.00021778143127448857,0.010012119077146053
5008,StrongVoices1326,0.37307208776474,0.23679208755493164,0.4364188015460968,0.00040865858318284154,0.0061400881968438625
5009,HeStutters216,0.015038250014185905,0.016489297151565552,0.01380851399153471,0.9647721648216248,0.15117372572422028
5010,StutterTalk3222,0.0011053007328882813,0.04902023822069168,0.0004263935552444309,8.572169463150203e-05,0.00025227112928405404
5011,StrongVoices434,0.01729591190814972,0.048302337527275085,0.23383933305740356,0.005869974847882986,0.0013422946212813258
5012,HVSA272,0.2280445545911789,0.3728165030479431,0.05028083175420761,0.21503058075904846,0.28484341502189636
5013,WomenWhoStutter2163,0.07470440864562988,0.6369113922119141,0.20126397907733917,0.023852474987506866,0.025687532499432564
5014,StutteringIsCool80110,0.024819390848279,0.08943153917789459,0.013554094359278679,0.002471999963745475,0.004437232855707407
5015,StutterTalk64175,0.16503295302391052,0.15812627971172333,0.006003598216921091,0.0021384982392191887,0.8166781663894653
5016,StrongVoices21132,0.029025942087173462,0.04603266716003418,0.0018575001740828156,0.0017156277317553759,0.3562054932117462
5017,WomenWhoStutter14204,0.00526947807520628,0.1946510523557663,0.5152472853660583,0.2981676161289215,0.015704113990068436
5018,WomenWhoStutter97197,0.008225447498261929,0.3943655490875244,0.2762396037578583,0.3017478287220001,0.09175549447536469
5019,StrongVoices2369,0.5082935690879822,0.04837590828537941,0.0005317992763593793,9.36763626668835e-06,0.04444215074181557
5020,HVSA363,0.01316145434975624,0.22260276973247528,0.24072213470935822,0.19429944455623627,0.0025171248707920313
5021,StutteringIsCool1836,0.017059072852134705,0.31065723299980164,0.24276885390281677,0.25943851470947266,0.011601976118981838
5022,StrongVoices32134,0.018108073621988297,0.2889224886894226,0.022757316008210182,0.0012764794519171119,0.006705400068312883
5023,HVSA1143,0.03276504576206207,0.40506356954574585,0.7018181085586548,0.1366330087184906,0.31644299626350403
5024,HeStutters1817,0.0768292173743248,0.06536366045475006,0.0073156412690877914,0.005294260568916798,0.325271338224411
5025,StutteringIsCool124,0.1451108455657959,0.10201997309923172,0.008833386935293674,0.008093358017504215,0.9379652738571167
5026,HeStutters5193,0.02030782401561737,0.2916788160800934,0.016970746219158173,0.0017167315818369389,0.005008138250559568
5027,StrongVoices2155,0.0010621995897963643,0.015100203454494476,0.015805941075086594,0.4660825729370117,0.0008543956209905446
5028,WomenWhoStutter146,0.002047076588496566,0.5901089906692505,0.08895877748727798,0.0001029716368066147,0.00043137793545611203
5029,MyStutteringLife021,0.000794793653767556,0.05442114174365997,0.008745620027184486,0.01586778834462166,0.0006507175858132541
5030,StutterTalk3786,0.033654119819402695,0.2683418095111847,0.2673846483230591,0.5160611271858215,0.7072182297706604
5031,StrongVoices2172,0.03654663264751434,0.024390073493123055,0.001667261472903192,0.004181282594799995,0.015046600252389908
5032,StutterTalk5816,0.11299368739128113,0.1924452781677246,0.005514760501682758,0.000561602704692632,0.007343642879277468
5033,StrongVoices32126,0.06796803325414658,0.27822932600975037,0.007509916555136442,0.0009013565722852945,0.030609142035245895
5034,StutteringIsCool1736,0.0033098324202001095,0.052975933998823166,0.02764878235757351,0.9619153738021851,0.7687696218490601
5035,StutteringIsCool1422,0.05898253247141838,0.037280719727277756,0.10449860244989395,0.08042289316654205,0.042930807918310165
5036,StutteringIsCool848,0.0008216844289563596,0.002000402892008424,4.572298712446354e-05,4.965329480910441e-07,1.2097816579625942e-05
5037,StutteringIsCool7910,0.009972335770726204,0.30353784561157227,0.015134202316403389,0.001873875968158245,0.0036046013701707125
5038,StutterTalk8035,0.00015310388698708266,0.007344606798142195,0.00023917823273222893,0.0006164364167489111,0.00019932276336476207
5039,StrongVoices272,0.4279395639896393,0.10274877399206161,0.06364002078771591,0.1363755315542221,0.7474026083946228
5040,MyStutteringLife1932,0.005034651607275009,0.47887152433395386,0.033623483031988144,0.0010442009661346674,0.0024714507162570953
5041,StrongVoices10131,0.007588925305753946,0.37449368834495544,0.022670840844511986,0.009711511433124542,0.00781173724681139
5042,StutterTalk3797,0.004255086183547974,0.10229619592428207,0.002761682728305459,0.0002564270980656147,0.0002672503178473562
5043,HeStutters11204,0.004508897662162781,0.026861652731895447,0.006106995977461338,0.00798613578081131,0.008811521343886852
5044,StutteringIsCool463,0.00774976285174489,0.025339948013424873,0.006123413797467947,0.07584841549396515,0.12649673223495483
5045,WomenWhoStutter10531,0.01108936220407486,0.3691737949848175,0.05405403673648834,0.01318610180169344,0.08871688693761826
5046,HeStutters11156,0.0938754752278328,0.2910650074481964,0.02503383532166481,0.0300883948802948,0.8185703158378601
5047,WomenWhoStutter960,0.02043350785970688,0.11894407868385315,0.004646887071430683,0.001232630922459066,0.0036057198885828257
5048,StutteringIsCool2836,0.40818706154823303,0.4994449317455292,0.305162250995636,0.01097422931343317,0.03579786792397499
5049,StrongVoices2154,0.02247626520693302,0.5120266079902649,0.01778167299926281,6.188432598719373e-05,0.0035377012100070715
5050,StutteringIsCool80154,0.023697031661868095,0.06511065363883972,0.012644448317587376,0.01417088694870472,0.695045530796051
5051,HVSA279,0.7023643255233765,0.08857123553752899,0.01292443834245205,0.0004165161226410419,0.0034527634270489216
5052,StutterTalk6036,0.2074851542711258,0.12804177403450012,0.01586795225739479,0.007262461353093386,0.01944964937865734
5053,WomenWhoStutter2130,0.15788960456848145,0.48844853043556213,0.07167225331068039,0.012628468684852123,0.41845476627349854
5054,StrongVoices10189,0.4873639643192291,0.17134439945220947,0.06831085681915283,0.013129344210028648,0.029638148844242096
5055,WomenWhoStutter2113,0.1726738065481186,0.05612784996628761,0.00042918167309835553,2.5832005121628754e-05,0.988192617893219
5056,StutterTalk7927,0.1259988248348236,0.5002830028533936,0.2265983670949936,0.03382522985339165,0.7505971193313599
5057,StrongVoices2822,0.11734417080879211,0.2082691192626953,0.03174598142504692,0.011071836575865746,0.3418603241443634
5058,HVSA037,0.31153351068496704,0.2602032721042633,0.04240630567073822,0.05271592363715172,0.11950322240591049
5059,StutterTalk25143,0.055924948304891586,0.08694878965616226,0.03633767366409302,0.03444696590304375,0.011005262844264507
5060,HVSA24,0.18677130341529846,0.05070499703288078,0.02598433382809162,0.0013353696558624506,0.003112462582066655
5061,HeStutters12129,0.0967235192656517,0.2316356748342514,0.01358921080827713,0.0010674481745809317,0.8915672302246094
5062,StutterTalk37107,0.2823544442653656,0.025901561602950096,0.004334637429565191,0.010735728777945042,0.28512153029441833
5063,IStutterSoWhat3124,0.02503810077905655,0.41855695843696594,0.38604745268821716,0.019669171422719955,0.6478898525238037
5064,WomenWhoStutter97100,0.0023225259501487017,0.08766256272792816,0.010878119617700577,0.01010197214782238,0.13175907731056213
5065,StutterTalk689,0.12664121389389038,0.2267201691865921,0.0362970344722271,0.0035898599307984114,0.031767670065164566
5066,StutterTalk139,0.09747742861509323,0.4422573745250702,0.32337257266044617,0.01625739224255085,0.8766500949859619
5067,HVSA2186,0.08845379948616028,0.4483458995819092,0.044035639613866806,0.02509371191263199,0.14841030538082123
5068,StutterTalk3813,0.2769581377506256,0.02629881352186203,0.00029429615824483335,4.6986606321297586e-05,0.9887858629226685
5069,StutterTalk6466,0.17403925955295563,0.1209510862827301,0.013315188698470592,0.009044419974088669,0.039678458124399185
5070,HeStutters2118,0.014306066557765007,0.22581565380096436,0.04005999118089676,0.4733242988586426,0.1003461480140686
5071,StutteringIsCool167,0.04818955063819885,0.16381420195102692,0.4136910140514374,0.8063362836837769,0.46789979934692383
5072,StutterTalk7618,0.011317829601466656,0.4840150475502014,0.04831760376691818,0.0031637512147426605,0.0696251392364502
5073,StutterTalk1031,0.11228597164154053,0.07730691879987717,0.8910171389579773,0.0004979379591532052,0.011647498235106468
5074,WomenWhoStutter10737,0.007404240779578686,0.02450202964246273,0.0012731653405353427,0.0015797271626070142,0.0057961237616837025
5075,StrongVoices32174,0.2579919397830963,0.08183009922504425,0.002487822901457548,0.09748491644859314,0.09295644611120224
5076,StutterTalk2586,0.0048614018596708775,0.1867031455039978,0.015412891283631325,0.23315857350826263,0.22195777297019958
5077,MyStutteringLife14,0.0024411133490502834,0.1695556938648224,0.002584471134468913,0.00022006288054399192,0.0004708980268333107
5078,HVSA0106,0.33109694719314575,0.05213174968957901,0.0009979511378332973,0.0012118206359446049,0.6035937070846558
5079,WomenWhoStutter9764,0.06975281983613968,0.29726696014404297,0.16401062905788422,0.33167049288749695,0.9174882769584656
5080,StrongVoices437,0.0001250490895472467,0.0042236000299453735,6.440958532039076e-05,2.9893857572460547e-05,2.6604669983498752e-05
5081,StutteringIsCool230,0.00010003901115851477,0.00987797137349844,0.0058851540088653564,0.0003121643385384232,7.21612450433895e-05
5082,StutterTalk1411,0.009269720874726772,0.15606892108917236,0.008621251210570335,0.00010089943680213764,0.0034592407755553722
5083,HVSA30,0.016383349895477295,0.44371482729911804,0.16484394669532776,0.005479887593537569,0.0191311277449131
5084,StrongVoices2631,0.048459190875291824,0.6246050596237183,0.11700309813022614,0.00013178939116187394,0.0030229247640818357
5085,StutteringIsCool7939,0.02023489587008953,0.21757474541664124,0.003967256750911474,0.0002562782319728285,0.008382640779018402
5086,WomenWhoStutter495,0.14875786006450653,0.23835888504981995,0.11229146271944046,0.46785128116607666,0.2282901406288147
5087,WomenWhoStutter2113,0.012929591350257397,0.4532800018787384,0.17521551251411438,0.014104188419878483,0.01931264065206051
5088,StutteringIsCool46135,0.004219987895339727,0.1854850947856903,0.008133758790791035,0.00523895351216197,0.007875372655689716
5089,HVSA292,0.005215633660554886,0.24116477370262146,0.8947508931159973,0.02758772484958172,0.013716873712837696
5090,StrongVoices6104,0.4875815212726593,0.04070485010743141,0.00597081333398819,0.003377857618033886,0.1151893213391304
5091,StutterTalk8151,0.002123276237398386,0.01638905145227909,0.005191519856452942,0.020271101966500282,0.000504380906932056
5092,StutterTalk72119,0.011861635372042656,0.10003454238176346,0.027575861662626266,0.06759928166866302,0.009267360903322697
5093,HVSA0120,0.020644012838602066,0.33181875944137573,0.009600045159459114,0.0023213010281324387,0.04549647867679596
5094,StutteringIsCool1417,0.3521355986595154,0.05743591859936714,0.006423798389732838,0.0007687686011195183,0.960020124912262
5095,StutterTalk6356,0.04308420419692993,0.1393870711326599,0.002191184088587761,0.0010064797243103385,0.033872269093990326
5096,HeStutters16134,0.15005607903003693,0.016910092905163765,0.00023302830231841654,4.0281178371515125e-05,0.014107078313827515
5097,StutterTalk7926,0.511401891708374,0.021333016455173492,0.0015718362992629409,0.0013665062142536044,0.5548452734947205
5098,WomenWhoStutter96118,0.004381699953228235,0.011542378924787045,0.001008560648187995,0.00027025179588235915,0.00037129834527149796
5099,StutterTalk6497,0.20894137024879456,0.009191843681037426,0.00013632967602461576,1.1118438123958185e-05,0.004675267729908228
5100,HeStutters16185,0.02491268701851368,0.22919824719429016,0.05685825273394585,0.8346391916275024,0.01653311401605606
5101,StutteringIsCool4660,0.0007008056272752583,0.07512278109788895,0.0027502388693392277,0.01685006357729435,0.008778785355389118
5102,WomenWhoStutter292,0.142361119389534,0.28302279114723206,0.6943092346191406,0.13236777484416962,0.029645556584000587
5103,StutterTalk26181,0.005245626904070377,0.05249204859137535,0.008600889705121517,0.0021066651679575443,0.0022928984835743904
5104,HeStutters2139,0.47391846776008606,0.4868171811103821,0.11228164285421371,0.03273261711001396,0.058479610830545425
5105,WomenWhoStutter87115,0.04576478898525238,0.1610121876001358,0.020154578611254692,0.01375755574554205,0.3189777135848999
5106,WomenWhoStutter97128,0.010284465737640858,0.38342899084091187,0.697554349899292,0.11098971217870712,0.044854726642370224
5107,StutterTalk4627,0.0026966147124767303,0.07656834274530411,0.0020680613815784454,0.011239218525588512,0.3290753662586212
5108,StutterTalk542,0.022622477263212204,0.21888604760169983,0.20148134231567383,0.7777751684188843,0.3637150824069977
5109,WomenWhoStutter9611,0.005120392888784409,0.15877579152584076,0.05976846441626549,0.001717073260806501,0.0011721283663064241
5110,StrongVoices2634,0.0015766976866871119,0.03302379697561264,0.001947512268088758,0.0037230541929602623,0.0014172770315781236
5111,StrongVoices10106,0.0006431606598198414,0.05372244864702225,0.0014049974270164967,8.37699044495821e-05,0.0001273245143238455
5112,WomenWhoStutter87180,0.023560134693980217,0.08912663906812668,0.010547513142228127,0.02633870579302311,0.934103786945343
5113,WomenWhoStutter2210,0.42252832651138306,0.08771870285272598,0.005420425441116095,0.0015286962734535336,0.9556640982627869
5114,StutterTalk64169,0.002821994014084339,0.0011526374146342278,1.1444533811300062e-05,2.970675086544361e-05,0.0037000388838350773
5115,HeStutters164,0.4763697385787964,0.057808443903923035,0.0025676533114165068,0.007521401159465313,0.7813412547111511
5116,HeStutters1191,0.14792782068252563,0.20133373141288757,0.36446675658226013,0.08187226206064224,0.9629985094070435
5117,StutterTalk4912,0.18483056128025055,0.2673831284046173,0.0032451734878122807,4.773747059516609e-05,0.005055211018770933
5118,StrongVoices012,0.2799435555934906,0.010007224977016449,0.00013001619663555175,3.824112809525104e-06,0.000755604705773294
5119,WomenWhoStutter6276,0.0499330572783947,0.30515551567077637,0.17695271968841553,0.02068188041448593,0.02093128301203251
5120,StutterTalk641,0.061145950108766556,0.0016754262614995241,2.5576171537977643e-05,1.3089780622976832e-05,0.00172490905970335
5121,StutterTalk4610,0.0006423452869057655,0.03616161271929741,0.0025544962845742702,0.0022947480902075768,0.0024358124937862158
5122,HeStutters12189,0.005682549439370632,0.15559692680835724,0.007415929343551397,0.0014687840593978763,0.015981512144207954
5123,StutterTalk1213,0.002395909046754241,0.08537652343511581,0.014065168797969818,0.011997375637292862,0.04804166778922081
5124,WomenWhoStutter86163,0.008602394722402096,0.22054965794086456,0.0055808196775615215,0.0014170043868944049,0.0008822784293442965
5125,StutterTalk1633,0.07692492008209229,0.39808839559555054,0.4690694510936737,0.0851072445511818,0.8824455142021179
5126,WomenWhoStutter87195,0.4173823595046997,0.043414920568466187,0.012220276519656181,0.015658298507332802,0.03879503533244133
5127,StrongVoices23186,0.03832126408815384,0.32898399233818054,0.009386828169226646,0.0010722383158281446,0.005906270816922188
5128,StutterTalk7252,0.5192418098449707,0.4402160942554474,0.20631369948387146,0.17201873660087585,0.46339327096939087
5129,StutterTalk37148,0.0033761116210371256,0.0019373593386262655,5.084365329821594e-05,9.262670937459916e-05,0.0002691263798624277
5130,StrongVoices429,0.007802864536643028,0.31573402881622314,0.47963955998420715,0.5377331972122192,0.061642810702323914
5131,HeStutters1039,0.0002686269872356206,0.015972314402461052,0.003469547489657998,0.008140070363879204,0.00019923155196011066
5132,StutterTalk7258,0.03836954012513161,0.5555508732795715,0.2744104862213135,0.14076979458332062,0.06310000270605087
5133,WomenWhoStutter1310,0.39533108472824097,0.3109646439552307,0.053467873483896255,0.00043807332986034453,0.01195506937801838
5134,StutterTalk37184,0.011339128017425537,0.0762966126203537,0.013774476945400238,0.03579153120517731,0.008287318050861359
5135,StutterTalk7295,0.05049184337258339,0.41296854615211487,0.05253574624657631,0.027894457802176476,0.27451571822166443
5136,WomenWhoStutter2172,0.018496450036764145,0.10652686655521393,0.020571984350681305,0.18198052048683167,0.06376346945762634
5137,WomenWhoStutter5529,0.006878501735627651,0.02807164005935192,0.006569948513060808,0.005970739759504795,0.0033737653866410255
5138,HVSA37,0.0027599220629781485,0.1437465399503708,0.9283002018928528,0.052294377237558365,0.007875707931816578
5139,HeStutters2176,0.45383593440055847,0.0676359161734581,0.0009762699482962489,0.00023270389647223055,0.9620974063873291
5140,MyStutteringLife186,0.4997200071811676,0.20993219316005707,0.1731511950492859,0.8430570960044861,0.12338685244321823
5141,StutteringIsCool80105,0.08057592064142227,0.06532993167638779,0.001915344619192183,0.001118391752243042,0.04183221980929375
5142,WomenWhoStutter1217,0.07580888271331787,0.3999609351158142,0.517009437084198,0.34898242354393005,0.05682487413287163
5143,StrongVoices21144,0.4504545032978058,0.10194694995880127,0.0042145391926169395,0.000948843196965754,0.0030142185278236866
5144,StrongVoices6107,0.1015378013253212,0.056743115186691284,0.2578490674495697,0.010064652189612389,0.000626326713245362
5145,HeStutters732,0.5959457159042358,0.281221866607666,0.40393683314323425,0.05289074406027794,0.017861757427453995
5146,HeStutters18190,0.045928217470645905,0.05742186680436134,0.00347906700335443,0.006678743753582239,0.1174379289150238
5147,StutteringIsCool168,0.004340501967817545,0.35480648279190063,0.5367124676704407,0.18670502305030823,0.021067816764116287
5148,StutterTalk6427,0.78751140832901,0.20038801431655884,0.25265786051750183,0.013991687446832657,0.4773929715156555
5149,StrongVoices10122,0.2683303654193878,0.07728519290685654,0.005431420635432005,0.00032393637229688466,0.003072069026529789
5150,HVSA216,0.01158275455236435,0.47664961218833923,0.07152989506721497,0.03752587363123894,0.005723374895751476
5151,StrongVoices10159,0.1506274789571762,0.3483986556529999,0.018098611384630203,0.0008930523763410747,0.003560923272743821
5152,StutteringIsCool234,0.0033821656834334135,0.0060754576697945595,0.0013516504550352693,0.0044503649696707726,0.09599894285202026
5153,StutteringIsCool497,0.9551859498023987,0.030910899862647057,0.0023450148291885853,7.74758736952208e-05,0.009975913912057877
5154,StrongVoices3417,0.0015118495794013143,0.09265109151601791,0.04544506594538689,0.003061044029891491,0.0004612183547578752
5155,WomenWhoStutter295,0.03046691045165062,0.20291917026042938,0.0034705698490142822,0.00010075242607854307,0.006596045568585396
5156,StutterTalk7248,0.014044294133782387,0.3321329951286316,0.6913724541664124,0.018463153392076492,0.02775842696428299
5157,StrongVoices00,0.004218872170895338,0.11850994825363159,0.0012687873095273972,0.006827536504715681,0.04003237932920456
5158,WomenWhoStutter4220,0.0005874152993783355,0.012441430240869522,0.0005623734905384481,0.00016671270714141428,0.0007127647986635566
5159,StutterTalk859,0.09557666629552841,0.009756224229931831,0.0007135603809729218,0.0010533625027164817,0.261971116065979
5160,HeStutters1134,0.009639117866754532,0.04268842935562134,0.051327869296073914,0.8311246037483215,0.13369232416152954
5161,IStutterSoWhat3133,0.0017703366465866566,0.07473607361316681,0.05421607568860054,0.9603387713432312,0.029882259666919708
5162,StrongVoices2182,0.44709184765815735,0.11751815676689148,0.01432885229587555,0.020846476778388023,0.03048301674425602
5163,WomenWhoStutter1312,0.004577243234962225,0.23750488460063934,0.002408042084425688,5.3278527047950774e-05,0.001229368383064866
5164,HeStutters71,0.06641217321157455,0.4520643949508667,0.07351259142160416,0.015084687620401382,0.06545467674732208
5165,StutterTalk68113,0.0060709151439368725,0.18193428218364716,0.006633831653743982,0.0010891846613958478,0.0018045117612928152
5166,StutteringIsCool5523,0.0887819230556488,0.382708877325058,0.27190154790878296,0.006012760102748871,0.012809469364583492
5167,StutterTalk26189,0.08656200766563416,0.08108824491500854,0.0008057622471824288,9.618804324418306e-05,0.0033606516662985086
5168,StutteringIsCool4539,0.3658384680747986,0.4223361611366272,0.06053850054740906,0.0016845014179125428,0.04762982949614525
5169,StutterTalk878,0.044887956231832504,0.14591526985168457,0.026949739083647728,0.2167963832616806,0.9386500120162964
5170,StutterTalk5837,0.01843656413257122,0.31576207280158997,0.8161417841911316,0.032940756529569626,0.09492720663547516
5171,StrongVoices124,0.000646715285256505,0.020080724731087685,0.0003944156051147729,0.0004102821694687009,0.00025932284188456833
5172,WomenWhoStutter8336,0.0026052845641970634,0.04861892759799957,0.0013924244558438659,0.0012401078129187226,0.0024207239039242268
5173,WomenWhoStutter1327,0.009824436157941818,0.09785515069961548,0.005232061725109816,0.0003561477060429752,0.0017408767016604543
5174,StutterTalk4420,0.02984507381916046,0.3487430214881897,0.013236877508461475,0.016700435429811478,0.02049538865685463
5175,WomenWhoStutter4622,0.001945102121680975,0.03518647328019142,0.0008562791044823825,0.0015059191500768065,0.06904171407222748
5176,StutteringIsCool4631,0.46515077352523804,0.11614187806844711,0.001390198478475213,5.074294676887803e-05,0.919577956199646
5177,StutterTalk1237,0.215755894780159,0.02463655360043049,0.0004524064133875072,0.00016723426233511418,0.9071224927902222
5178,StutterTalk1011,0.15160857141017914,0.056503377854824066,0.00064224743982777,0.00014928563905414194,0.9798007011413574
5179,WomenWhoStutter302,0.0011049675522372127,0.033176910132169724,0.017309056594967842,0.9313588738441467,0.07766299694776535
5180,StrongVoices1023,0.003635756904259324,0.13275820016860962,0.01920917071402073,0.0068536922335624695,0.003880367847159505
5181,StutterTalk99,0.01050080731511116,0.06165703386068344,0.010179964825510979,0.006939150858670473,0.001364092924632132
5182,HeStutters1868,0.18752990663051605,0.10838636755943298,0.00986555963754654,0.17175500094890594,0.032256804406642914
5183,HVSA0101,0.005648822523653507,0.20638540387153625,0.09736088663339615,0.39289095997810364,0.28278985619544983
5184,StutterTalk763,0.31845900416374207,0.03131221979856491,0.016947105526924133,0.9649954438209534,0.19372116029262543
5185,StutteringIsCool46153,0.037943001836538315,0.19509188830852509,0.07927632331848145,0.34932443499565125,0.03620511293411255
5186,WomenWhoStutter1718,0.401231050491333,0.12443169951438904,0.04928922280669212,0.0008597148116678,0.009287035092711449
5187,StrongVoices2198,0.6925245523452759,0.10459563136100769,0.01696777157485485,0.09433744102716446,0.06768481433391571
5188,StutterTalk64159,0.22705891728401184,0.18219153583049774,0.0906929075717926,0.0032562422566115856,0.006565225776284933
5189,WomenWhoStutter2141,0.41198456287384033,0.1510753035545349,0.00949988141655922,0.014887483790516853,0.9495461583137512
5190,StrongVoices87,0.21880963444709778,0.020482029765844345,0.0025820177979767323,0.0008383610984310508,0.0039038979448378086
5191,StutteringIsCool34182,0.0055751195177435875,0.25653374195098877,0.027143508195877075,0.1571885049343109,0.31933972239494324
5192,WomenWhoStutter550,0.053975943475961685,0.08097618818283081,0.001846016850322485,0.0022363043390214443,0.9661275148391724
5193,HeStutters2120,0.019817672669887543,0.18298210203647614,0.022128399461507797,0.002763800323009491,0.006222923286259174
5194,StrongVoices21113,0.00486799469217658,0.22453293204307556,0.14377908408641815,0.19129739701747894,0.061446648091077805
5195,StutterTalk6431,0.13706567883491516,0.03271365165710449,0.05184556171298027,0.10702002793550491,0.024361910298466682
5196,StrongVoices2214,0.7489311099052429,0.04431584104895592,0.004631775431334972,0.00032723406911827624,0.33092430233955383
5197,HeStutters30,0.017406245693564415,0.30483534932136536,0.06665550917387009,0.01601480320096016,0.01683012954890728
5198,WomenWhoStutter220,0.5033692717552185,0.2150229513645172,0.03572949394583702,0.006445662118494511,0.9496889114379883
5199,WomenWhoStutter97153,0.01346875075250864,0.48507770895957947,0.05418999120593071,0.028292018920183182,0.028076525777578354
5200,StrongVoices32164,0.14509178698062897,0.25159093737602234,0.025540901347994804,0.11222635954618454,0.8688271045684814
5201,StutterTalk2320,0.01419695746153593,0.013045239262282848,0.0020000487565994263,0.0026769889518618584,0.012520684860646725
5202,StrongVoices21100,0.01882379688322544,0.03388090431690216,0.0037817619740962982,0.039510976523160934,0.005197747144848108
5203,HeStutters1845,0.04002836346626282,0.0655590295791626,0.017250366508960724,0.6180089712142944,0.8922273516654968
5204,StrongVoices2175,0.11559011787176132,0.20017684996128082,0.251769095659256,0.4274442195892334,0.09194215387105942
5205,StrongVoices3229,0.5964268445968628,0.1934623271226883,0.02113620564341545,0.00011007329885615036,0.08679599314928055
5206,MyStutteringLife2523,0.0008676262223161757,0.04238282889127731,0.0003453564131632447,6.281529931584373e-05,0.0002638488949742168
5207,StutterTalk346,0.561279296875,0.25278523564338684,0.1452018916606903,0.007245437242090702,0.786260724067688
5208,MyStutteringLife2526,0.03347254544496536,0.57392817735672,0.4230422377586365,0.010980679653584957,0.012457171455025673
5209,HeStutters11135,0.04235008358955383,0.3852134346961975,0.5921273827552795,0.09366723150014877,0.16998900473117828
5210,WomenWhoStutter10184,0.023123938590288162,0.057402756065130234,0.004201768897473812,0.003944245167076588,0.014315934851765633
5211,StrongVoices3295,0.9454013109207153,0.023321865126490593,0.0034297264646738768,0.00011625597107922658,0.004373777192085981
5212,StutteringIsCool3323,0.4836360216140747,0.11849945783615112,0.04764411598443985,0.01652400754392147,0.04072003439068794
5213,StrongVoices3266,0.02441977895796299,0.2665524482727051,0.004790302366018295,0.0003232404123991728,0.01232780609279871
5214,StutterTalk2639,0.029557297006249428,0.48377877473831177,0.09987504035234451,0.09907492250204086,0.15650777518749237
5215,StutterTalk244,0.2458043098449707,0.36636632680892944,0.03469729796051979,0.002522058552131057,0.9071016907691956
5216,StutterTalk6460,0.4259406328201294,0.04656124487519264,0.0036590429954230785,0.004668978974223137,0.025799594819545746
5217,StutterTalk138,0.15995684266090393,0.16709548234939575,0.011103803291916847,0.003451948519796133,0.9512273073196411
5218,StutteringIsCool46186,0.08772335201501846,0.04302741587162018,0.001344718737527728,0.00037758646067231894,0.9827792048454285
5219,StutterTalk7292,0.025071069598197937,0.34478384256362915,0.028250647708773613,0.2545274794101715,0.031805578619241714
5220,StrongVoices21130,0.0035517329815775156,0.18336719274520874,0.0028370667714625597,3.0087941922829486e-05,0.0006854811799712479
5221,StrongVoices32188,0.04405440017580986,0.1784484088420868,0.006270749028772116,0.0017582771833986044,0.015782123431563377
5222,StutterTalk131,0.22167904675006866,0.1555601954460144,0.00851341150701046,0.0010248188627883792,0.8214825987815857
5223,StutteringIsCool3719,0.014369262382388115,0.43395549058914185,0.7952114343643188,0.011715197935700417,0.017913158982992172
5224,StrongVoices125,0.002106467029079795,0.03055460937321186,0.0012043282622471452,0.00041800516191869974,0.0017134379595518112
5225,WomenWhoStutter8126,0.015392635017633438,0.12192273139953613,0.021177619695663452,0.9325445890426636,0.4336032569408417
5226,WomenWhoStutter526,0.0167920533567667,0.15660470724105835,0.04157920554280281,0.9333392977714539,0.1416158229112625
5227,WomenWhoStutter87161,0.08940517902374268,0.39324137568473816,0.04810728505253792,0.07750200480222702,0.05161134526133537
5228,StutteringIsCool7022,0.02691643126308918,0.24518629908561707,0.021161943674087524,0.0017881818348541856,0.005250867456197739
5229,MyStutteringLife2132,0.009441693313419819,0.12455245852470398,0.9202863574028015,0.0009700402733869851,0.009321877732872963
5230,WomenWhoStutter42114,0.029521435499191284,0.5351755619049072,0.42268574237823486,0.027331355959177017,0.013383765704929829
5231,WomenWhoStutter9720,0.19599434733390808,0.25451722741127014,0.19580771028995514,0.35217544436454773,0.9418491721153259
5232,StrongVoices6176,0.12265007942914963,0.10443320125341415,0.02038371004164219,0.0022983227390795946,0.0034268847666680813
5233,WomenWhoStutter4931,0.04325159266591072,0.18690751492977142,0.017729371786117554,0.009695809334516525,0.6708716154098511
5234,StutterTalk2420,0.08737310022115707,0.3001442849636078,0.015786554664373398,0.02610410749912262,0.8708891272544861
5235,StutteringIsCool2821,0.024805467575788498,0.5132055282592773,0.5587040185928345,0.017810853198170662,0.007582000456750393
5236,StutteringIsCool4636,0.06841772794723511,0.05162893235683441,0.016663484275341034,0.00932122953236103,0.20042826235294342
5237,WomenWhoStutter811,0.04874252527952194,0.38885608315467834,0.25632649660110474,0.7678706645965576,0.05405928194522858
5238,StutteringIsCool473,0.01413832325488329,0.31007441878318787,0.009446260519325733,0.0012654635356739163,0.19198568165302277
5239,StutterTalk3820,0.03918326646089554,0.04455583915114403,0.0013425779761746526,6.15068493061699e-05,0.0005249607493169606
5240,StrongVoices1717,0.9226464033126831,0.04058770835399628,0.0029239903669804335,4.6741570258745924e-05,0.007744546979665756
5241,HVSA05,0.12412530928850174,0.20232628285884857,0.0067391046322882175,0.008646857924759388,0.9080582857131958
5242,StutterTalk7221,0.05423150584101677,0.0769614428281784,0.005552578251808882,0.004166042432188988,0.02408445067703724
5243,MyStutteringLife2536,0.03158718720078468,0.622156023979187,0.22649362683296204,0.0005428660078905523,0.0015808942262083292
5244,HVSA2180,0.04138541966676712,0.3542296886444092,0.32590222358703613,0.6519289612770081,0.466152548789978
5245,StutterTalk371,0.02295985445380211,0.06470172107219696,0.010326876305043697,0.0023836030159145594,0.9659588932991028
5246,StutterTalk5115,0.007833265699446201,0.21149642765522003,0.01189493015408516,0.005653868429362774,0.04058103263378143
5247,StutterTalk72150,0.053083740174770355,0.01038778480142355,0.0012447928311303258,0.0006398835103027523,0.001001533935777843
5248,StutterTalk2213,0.004196526948362589,0.017495151609182358,0.01080834399908781,0.40275388956069946,0.3928089737892151
5249,StrongVoices2317,0.2444542795419693,0.26099205017089844,0.054875850677490234,0.0007044337689876556,0.005389283411204815
5250,HVSA240,0.26414477825164795,0.29487040638923645,0.033216752111911774,0.0008792467415332794,0.007329488638788462
5251,StutteringIsCool1412,0.00035991158802062273,0.001723370049148798,6.00481616856996e-05,1.0146146451006643e-05,3.460378138697706e-05
5252,HVSA319,0.0008536738459952176,0.10984238237142563,0.058232396841049194,0.0022041439078748226,0.0011546874884516
5253,HVSA288,0.01564338617026806,0.049075301736593246,0.0003527176158968359,0.00023571607016492635,0.03611203283071518
5254,StutteringIsCool7027,0.02371135540306568,0.0105717359110713,0.005594650749117136,0.0005251697148196399,9.727342694532126e-05
5255,StutterTalk7617,0.09517223387956619,0.3166652023792267,0.0682651475071907,0.015551749616861343,0.0059044817462563515
5256,HeStutters1028,0.4472753405570984,0.059759777039289474,0.002268859650939703,0.0004933674936182797,0.9870187044143677
5257,StutteringIsCool2727,0.0115111218765378,0.24135316908359528,0.008573309518396854,0.01757323555648327,0.09398612380027771
5258,StutterTalk6490,0.0016368133947253227,0.12421651929616928,0.005930380430072546,0.0024631358683109283,0.002470100298523903
5259,StrongVoices3226,0.15455511212348938,0.1565289944410324,0.0016120618674904108,0.00020423585374373943,0.9702229499816895
5260,WomenWhoStutter86152,0.2212262600660324,0.3144087791442871,0.5727667212486267,0.08141620457172394,0.029985403642058372
5261,MyStutteringLife387,0.011457201093435287,0.429341197013855,0.07014305889606476,0.000593803240917623,0.006658962927758694
5262,StutteringIsCool843,0.003045287448912859,0.033119745552539825,0.0008750419365242124,5.798623533337377e-06,0.0013072049478068948
5263,WomenWhoStutter5820,0.030714383348822594,0.0665704756975174,0.012019302695989609,0.05010491982102394,0.4254116117954254
5264,WomenWhoStutter10187,0.037919580936431885,0.5871816873550415,0.3015615940093994,0.011747794225811958,0.020554881542921066
5265,WomenWhoStutter6839,0.27484169602394104,0.4574461281299591,0.03890717029571533,0.0010737042175605893,0.00798802450299263
5266,StutterTalk2675,0.010665921494364738,0.16192695498466492,0.012609360739588737,0.0201411172747612,0.46894437074661255
5267,StutterTalk2685,0.007910026237368584,0.16947221755981445,0.008433591574430466,0.004316230770200491,0.008486093953251839
5268,HeStutters12175,0.002054754411801696,0.06195709481835365,0.0028276743832975626,0.0016997267957776785,0.023616746068000793
5269,StrongVoices2925,0.9210717082023621,0.003739306703209877,0.00031690849573351443,5.383902316680178e-05,0.010894211940467358
5270,WomenWhoStutter7920,0.015985893085598946,0.029803166165947914,0.00019176892237737775,4.434180482348893e-06,0.0002856848295778036
5271,StutteringIsCool24,0.05813804268836975,0.17125149071216583,0.0031100078485906124,0.00033183780033141375,0.9688263535499573
5272,HVSA298,0.06258701533079147,0.453593909740448,0.0652996301651001,0.008155719377100468,0.7885822653770447
5273,StutterTalk1531,0.5902823805809021,0.024080082774162292,0.003863690420985222,0.0021926099434494972,0.16182056069374084
5274,StutterTalk3711,0.016642997041344643,0.07862655818462372,0.022799385711550713,0.15185648202896118,0.5847043395042419
5275,WomenWhoStutter6290,0.01779826171696186,0.21598385274410248,0.009616997092962265,0.07624988257884979,0.4547695815563202
5276,HeStutters2165,0.018566442653536797,0.2830524146556854,0.7213969826698303,0.37006083130836487,0.08920933306217194
5277,StutterTalk64171,0.3559463620185852,0.09590907394886017,0.008053194731473923,0.0004046022368129343,0.9053425192832947
5278,StutterTalk3632,0.04786358401179314,0.22472122311592102,0.11869953572750092,0.014139865525066853,0.025137174874544144
5279,StrongVoices1429,0.0014412695309147239,0.02120254375040531,7.129142613848671e-05,8.309905297210207e-07,3.1957144528860226e-05
5280,StrongVoices519,0.8307138085365295,0.025689169764518738,0.0005670691607519984,6.720263627357781e-05,0.9782893061637878
5281,StutteringIsCool506,0.0031994113232940435,0.25073760747909546,0.0025392286479473114,3.244976687710732e-05,0.0004065128159709275
5282,StutteringIsCool564,0.0032005326356738806,0.1625138223171234,0.005912307184189558,0.0012572651030495763,0.019366979598999023
5283,StutterTalk68189,0.026991743594408035,0.6066848039627075,0.29519325494766235,0.01602940261363983,0.016149114817380905
5284,StutterTalk26129,0.02789483219385147,0.2529717683792114,0.04664156958460808,0.20743195712566376,0.21938113868236542
5285,StutteringIsCool6138,0.16348691284656525,0.4173419773578644,0.03361472859978676,0.004322834312915802,0.025168268010020256
5286,HVSA322,0.034466031938791275,0.27681148052215576,0.3093282878398895,0.08030620962381363,0.002021104795858264
5287,StutterTalk2656,0.3088310956954956,0.4042412042617798,0.06837666779756546,0.002419009804725647,0.020563162863254547
5288,StrongVoices21190,0.16565576195716858,0.09044338762760162,0.013265670277178288,0.001087395241484046,0.0122229540720582
5289,WomenWhoStutter900,0.0013365376507863402,0.012103019282221794,0.00031214350019581616,0.00039449328323826194,0.0007615260547026992
5290,StutteringIsCool7937,0.015768907964229584,0.4041511118412018,0.013900620862841606,0.015926938503980637,0.011737407185137272
5291,WomenWhoStutter1533,0.001130922231823206,0.006154587492346764,0.00039999440195970237,0.0007588344742543995,0.0024824123829603195
5292,StutterTalk158,0.01614178903400898,0.14433838427066803,0.027241654694080353,0.5956403017044067,0.24558581411838531
5293,HVSA234,0.014587019570171833,0.1433902382850647,0.08204929530620575,0.8376556038856506,0.005408053752034903
5294,WomenWhoStutter8198,0.3892837464809418,0.4704231321811676,0.07255061715841293,0.006618019193410873,0.027808258309960365
5295,StutterTalk3751,0.001984906382858753,0.05448349937796593,0.0024225322995334864,0.002146231010556221,0.0008602839661762118
5296,HeStutters1247,0.6369531750679016,0.06513427942991257,0.00925622507929802,5.251773472991772e-05,0.0010580633534118533
5297,WomenWhoStutter97169,0.029557865113019943,0.3077728748321533,0.324073851108551,0.48325827717781067,0.872458815574646
5298,StutteringIsCool2327,0.9040850400924683,0.10957901924848557,0.12454599142074585,0.002511418191716075,0.26260945200920105
5299,WomenWhoStutter3739,0.02707088552415371,0.18078435957431793,0.9188494086265564,0.0016642229165881872,0.026577237993478775
5300,StrongVoices23197,0.37914419174194336,0.03619930520653725,0.0005595935508608818,1.7260386812267825e-05,0.002396422903984785
5301,StrongVoices3435,0.02244703285396099,0.19713380932807922,0.11767338216304779,0.005357857793569565,0.0012704766122624278
5302,StrongVoices21103,0.026659509167075157,0.05749652162194252,0.0012726826826110482,0.00019580927619244903,0.005479045677930117
5303,StutterTalk2930,0.2793988883495331,0.09313800930976868,0.0033385755959898233,0.00018721797096077353,0.004336594603955746
5304,HVSA1167,0.5340619087219238,0.03730383515357971,0.001762164174579084,0.0003269072622060776,0.13832539319992065
5305,HVSA329,0.0162435881793499,0.5271583795547485,0.16417883336544037,0.0018064221367239952,0.0016788762295618653
5306,WomenWhoStutter3025,0.5991441607475281,0.12803666293621063,0.012590957805514336,9.822726860875264e-05,0.007154231425374746
5307,StrongVoices23104,0.0044086105190217495,0.31268611550331116,0.00398925319314003,0.0005264291539788246,0.0047212522476911545
5308,HVSA3106,0.139414981007576,0.2365434318780899,0.18815584480762482,0.002695954404771328,0.0014166326727718115
5309,StutterTalk2546,0.5244573950767517,0.030525866895914078,0.003906602505594492,0.00014882598770782351,0.001583405421115458
5310,StrongVoices10119,0.28738918900489807,0.41517624258995056,0.10687808692455292,0.023727869614958763,0.02635534107685089
5311,WomenWhoStutter538,0.32975712418556213,0.2193668633699417,0.036997240036726,0.015125087462365627,0.4165623188018799
5312,StutteringIsCool141,0.022483544424176216,0.3180197477340698,0.7289561033248901,0.14721187949180603,0.2769336700439453
5313,StrongVoices1052,0.34137994050979614,0.06371711194515228,0.002382084261626005,5.995426909066737e-05,0.0010073924204334617
5314,StutteringIsCool80188,0.0011851132148876786,0.12373337149620056,0.322508305311203,0.6768033504486084,0.008730226196348667
5315,HeStutters167,0.23390385508537292,0.07597357034683228,0.005644172430038452,0.012945101596415043,0.8541462421417236
5316,StutterTalk5137,0.007492655888199806,0.10583808273077011,0.10702476650476456,0.6187981963157654,0.022959815338253975
5317,StutterTalk72151,0.007924468256533146,0.2994684875011444,0.4318716824054718,0.8623292446136475,0.06695838272571564
5318,HVSA198,0.019433604553341866,0.23182545602321625,0.0032681217417120934,0.0030991574749350548,0.6531384587287903
5319,StutterTalk3416,0.07933337241411209,0.548611044883728,0.0725492462515831,0.005192470736801624,0.006700993049889803
5320,StutteringIsCool8133,0.5905668139457703,0.02251959964632988,0.0008509486215189099,1.0410076356492937e-05,0.002117432653903961
5321,StutteringIsCool6413,0.04486437141895294,0.303423672914505,0.5931081175804138,0.2817692756652832,0.23294809460639954
5322,HVSA366,0.0028707406017929316,0.07508468627929688,0.43532395362854004,0.0008668808732181787,0.0003534089482855052
5323,WomenWhoStutter8321,0.0340924970805645,0.11770574748516083,0.2007165104150772,0.8932124972343445,0.9146147966384888
5324,StrongVoices2322,0.3620723485946655,0.2845458984375,0.05394059419631958,0.00401341775432229,0.049223221838474274
5325,StrongVoices3426,0.10100205987691879,0.13293278217315674,0.04469359293580055,0.006480834912508726,0.0034854423720389605
5326,StutteringIsCool4321,0.6036052107810974,0.07060137391090393,0.002243022434413433,5.199141742195934e-05,0.0066369520500302315
5327,StutteringIsCool8030,0.12069525569677353,0.2131059765815735,0.004058574326336384,0.00027448972105048597,0.03143078461289406
5328,WomenWhoStutter30149,0.5680339932441711,0.19147169589996338,0.31895071268081665,0.004400572273880243,0.005923098418861628
5329,WomenWhoStutter6278,0.037436239421367645,0.32578837871551514,0.8060697913169861,0.038167525082826614,0.06509482115507126
5330,WomenWhoStutter288,0.4901246130466461,0.4542314410209656,0.0825452208518982,0.004511796869337559,0.018843570724129677
5331,StutterTalk37189,0.01533201802521944,0.022594360634684563,0.0070122601464390755,0.02785629965364933,0.04682902246713638
5332,StutteringIsCool4658,0.01405633706599474,0.056902989745140076,0.007643916644155979,0.017388980835676193,0.2056339830160141
5333,WomenWhoStutter2112,0.0034406257327646017,0.11719486862421036,0.0006705811829306185,0.0009152604034170508,0.006183046381920576
5334,StrongVoices211,0.00858770590275526,0.49064233899116516,0.011330482549965382,0.0001686452014837414,0.002453961642459035
5335,StutterTalk6881,0.03719557076692581,0.12099412828683853,0.0876351073384285,0.8795950412750244,0.9116324186325073
5336,StutteringIsCool4328,0.23904044926166534,0.3869422376155853,0.05232525244355202,0.002596053993329406,0.017330976203083992
5337,WomenWhoStutter331,0.45945146679878235,0.4441547989845276,0.041943568736314774,0.0004590697062667459,0.007639664690941572
5338,WomenWhoStutter2111,0.027094393968582153,0.2902301549911499,0.30576959252357483,0.021261200308799744,0.005380748305469751
5339,WomenWhoStutter3047,0.8882834911346436,0.022571520879864693,0.0022380007430911064,0.011454424820840359,0.05992868170142174
5340,StutteringIsCool690,0.03196923807263374,0.2166244387626648,0.08952415734529495,0.44084230065345764,0.2338218092918396
5341,WomenWhoStutter8645,0.0008336250321008265,0.1282813996076584,0.2662590742111206,0.9388985633850098,0.005233578383922577
5342,StutteringIsCool752,0.049772799015045166,0.1072821095585823,0.0038127112202346325,0.0010544469114392996,0.009179037064313889
5343,StutterTalk3826,0.034724850207567215,0.14289091527462006,0.01711862161755562,0.005058020353317261,0.025320086628198624
5344,WomenWhoStutter6238,0.003962213639169931,0.04052240028977394,0.00461092684417963,0.000707852013874799,0.002716006711125374
5345,WomenWhoStutter10521,0.017502790316939354,0.29860496520996094,0.03580281883478165,0.03762294352054596,0.04836510866880417
5346,WomenWhoStutter835,0.009232393465936184,0.2110314518213272,0.9025217890739441,0.004865043796598911,0.0105173634365201
5347,HeStutters16127,0.4201188087463379,0.2548710107803345,0.10748253017663956,0.14497174322605133,0.05324821174144745
5348,WomenWhoStutter3033,0.00043122906936332583,0.0022830357775092125,0.00017743255011737347,0.002430983353406191,0.00028049323009327054
5349,WomenWhoStutter96186,0.10954327136278152,0.48446252942085266,0.39421164989471436,0.0010871430858969688,0.009677127934992313
5350,HVSA028,0.03491531312465668,0.046793971210718155,0.006612197495996952,0.057769935578107834,0.18492263555526733
5351,WomenWhoStutter7335,0.07848209142684937,0.24235571920871735,0.07019922882318497,0.29164570569992065,0.9240919351577759
5352,StutteringIsCool750,0.17333535850048065,0.4379286766052246,0.17960044741630554,0.03517154976725578,0.07963801920413971
5353,StutterTalk7269,0.12010712176561356,0.04311664029955864,0.008342418819665909,0.05016592517495155,0.1754133552312851
5354,StutterTalk3793,0.4565507471561432,0.022555625066161156,0.0035887565463781357,0.010537411086261272,0.9850425720214844
5355,HeStutters1155,0.07752452045679092,0.20121078193187714,0.29026857018470764,0.5113710761070251,0.9661082625389099
5356,MyStutteringLife3939,0.09792719781398773,0.15867042541503906,0.003995093051344156,0.00014972942881286144,0.9844722151756287
5357,StutterTalk3788,0.48817989230155945,0.1356481909751892,0.009015497751533985,0.0008384210523217916,0.9333738684654236
5358,StrongVoices343,0.0007965246331878006,0.035140957683324814,0.006708929315209389,0.027983305975794792,0.002332434756681323
5359,StutteringIsCool7339,0.3978849947452545,0.029616523534059525,0.00026438981876708567,4.264128801878542e-05,0.9903625845909119
5360,StutteringIsCool34156,0.08334345370531082,0.025561602786183357,0.0023292135447263718,0.0019202405819669366,0.27241161465644836
5361,StutterTalk64128,0.02454265207052231,0.6445763111114502,0.06418043375015259,0.0014094742946326733,0.010669514536857605
5362,StrongVoices1226,0.0006907072965987027,0.012413760647177696,0.0002806339180096984,9.740830137161538e-05,0.0006712711183354259
5363,WomenWhoStutter42164,0.3304813802242279,0.01249665953218937,0.007343747653067112,0.0032825740054249763,0.000727555132471025
5364,StutterTalk884,0.02141541987657547,0.3608689308166504,0.13567809760570526,0.0642705112695694,0.6141719222068787
5365,StutterTalk1239,0.02736886590719223,0.15203462541103363,0.03747596591711044,0.7976799607276917,0.5962401032447815
5366,MyStutteringLife527,0.1281510442495346,0.3510685861110687,0.045798543840646744,0.01239505223929882,0.015944302082061768
5367,StrongVoices830,0.008027956821024418,0.36171722412109375,0.136352077126503,0.05693310126662254,0.012024116702377796
5368,StutterTalk3228,0.000575220794416964,0.0244852676987648,0.0003291768371127546,0.00014713122800458223,5.639501250698231e-05
5369,StutterTalk3726,0.010384834371507168,0.03288740664720535,0.007602731231600046,0.9892212152481079,0.2376479059457779
5370,StutterTalk866,0.0033469414338469505,0.07509805262088776,0.005361889023333788,0.00039833856862969697,0.0003500395978335291
5371,StrongVoices10166,0.06738053262233734,0.31806015968322754,0.11318068206310272,0.6809210777282715,0.8469652533531189
5372,StutterTalk5927,0.0016384490299969912,0.03528730943799019,0.0024176742881536484,0.04165259376168251,0.04531014710664749
5373,StutterTalk26194,0.13965271413326263,0.4355359971523285,0.2909180819988251,0.40378454327583313,0.13561435043811798
5374,StutterTalk26193,0.06928346306085587,0.2965505123138428,0.01039149146527052,0.016066795215010643,0.45619210600852966
5375,StutterTalk37120,0.0061968592926859856,0.08580902963876724,0.071764275431633,0.8681928515434265,0.010568165220320225
5376,WomenWhoStutter9699,0.013492969796061516,0.1619488000869751,0.0570959746837616,0.012425300665199757,0.027671027928590775
5377,StutteringIsCool8077,0.09753444790840149,0.1430283635854721,0.014234737493097782,0.01734384335577488,0.6004554033279419
5378,StutterTalk3622,0.0055995783768594265,0.3599488437175751,0.056967075914144516,0.0006943487678654492,0.0006850978243164718
5379,HVSA095,0.19479340314865112,0.6080643534660339,0.11744558066129684,0.014728973619639874,0.05304865166544914
5380,StutterTalk157,0.003176447469741106,0.0022337979171425104,0.00012941507156938314,6.053519973647781e-05,0.00014428296708501875
5381,WomenWhoStutter6938,0.1777322143316269,0.21387681365013123,0.01835617795586586,0.007568604312837124,0.1679869145154953
5382,HeStutters5129,0.20780867338180542,0.23715245723724365,0.7869141101837158,0.0003236098273191601,0.06944863498210907
5383,StutterTalk63128,0.1989879012107849,0.1294580101966858,0.03836114704608917,0.2712687849998474,0.14756464958190918
5384,StutterTalk8156,0.0019747691694647074,0.016669197008013725,0.0038218884728848934,0.006195373367518187,0.0005122722941450775
5385,StutteringIsCool152,0.017879007384181023,0.341897189617157,0.042624581605196,0.006425404921174049,0.7335121631622314
5386,StutterTalk37117,0.10677071660757065,0.1565667688846588,0.057773999869823456,0.012770382687449455,0.1467357724905014
5387,StutterTalk019,0.029649177566170692,0.05651743337512016,0.018413390964269638,0.10556857287883759,0.1561318039894104
5388,HVSA293,0.028505956754088402,0.36307448148727417,0.4998254179954529,0.13986444473266602,0.02259129099547863
5389,StrongVoices824,0.012730604968965054,0.05111435428261757,0.0170529093593359,0.08973929286003113,0.08601713925600052
5390,HVSA398,0.012990692630410194,0.23194946348667145,0.4974818229675293,0.00016172057075891644,0.0008570791105739772
5391,StutterTalk2640,0.004829165060073137,0.14816613495349884,0.08663183450698853,0.5638158321380615,0.07655059546232224
5392,WomenWhoStutter10234,0.005368146114051342,0.019894173368811607,0.002202284289523959,0.9925676584243774,0.13291053473949432
5393,StrongVoices2237,0.03679987043142319,0.02025345154106617,0.0060758744366467,0.002268941840156913,0.001533552072942257
5394,WomenWhoStutter62202,0.08683754503726959,0.12725730240345,0.010462024249136448,0.0703410729765892,0.022623782977461815
5395,StrongVoices284,0.025155941024422646,0.05363168194890022,0.0034976399037986994,0.0004046022368129343,0.002453740919008851
5396,HeStutters1630,0.164042666554451,0.1665036827325821,0.10119104385375977,0.36493349075317383,0.06737691164016724
5397,StrongVoices23215,0.5606186985969543,0.30645596981048584,0.03811173886060715,0.0004056644975207746,0.008057313971221447
5398,HeStutters1611,0.6178209781646729,0.16319876909255981,0.09293384850025177,0.46977049112319946,0.3177585303783417
5399,HVSA280,0.06904307752847672,0.15709730982780457,0.0041042715311050415,0.0007300979923456907,0.9220420122146606
5400,StutteringIsCool4661,0.0036105934996157885,0.08698112517595291,0.007237493991851807,0.01017808448523283,0.002291287761181593
5401,StutterTalk2523,0.5480178594589233,0.11736196279525757,0.006534427870064974,0.0002137752017006278,0.016583742573857307
5402,WomenWhoStutter10148,0.06637642532587051,0.22798770666122437,0.002595163881778717,0.0007636323571205139,0.045568402856588364
5403,WomenWhoStutter8740,0.4547085165977478,0.09813833981752396,0.02393340691924095,0.06710831075906754,0.032298218458890915
5404,StutterTalk26112,0.014328313060104847,0.19929933547973633,0.02489159069955349,0.08466199040412903,0.779190182685852
5405,StutterTalk6621,0.006618461571633816,0.15492871403694153,0.008037542924284935,0.001420206273905933,0.0014423157554119825
5406,StrongVoices21140,0.04641933739185333,0.26189124584198,0.8081737756729126,0.05880913883447647,0.10454316437244415
5407,StrongVoices120,0.019495097920298576,0.014689050614833832,0.0011592430528253317,0.00014689081581309438,0.0004610495234373957
5408,HVSA259,0.05179225653409958,0.48576849699020386,0.44191935658454895,0.004068904556334019,0.020889008417725563
5409,WomenWhoStutter97180,0.5339365005493164,0.4522855579853058,0.2761681377887726,0.0025740955024957657,0.07592926174402237
5410,StrongVoices32182,0.08269287645816803,0.051512595266103745,0.0022080966737121344,0.002667970722541213,0.06487055867910385
5411,HeStutters527,0.24396869540214539,0.012965661473572254,0.0005099939298816025,7.167569128796458e-05,0.000847561692353338
5412,StutterTalk7294,0.00046962336637079716,0.004690865520387888,0.0002799388603307307,0.0022655827924609184,0.0007626561564393342
5413,StutterTalk585,0.010946559719741344,0.1613878756761551,0.9303247332572937,0.04616871103644371,0.10441403836011887
5414,StutterTalk8105,0.004270044155418873,0.060429275035858154,0.001283839694224298,0.0001251041830983013,0.0024663961958140135
5415,StrongVoices23248,0.2020758092403412,0.5795670747756958,0.19111399352550507,0.001701665692962706,0.010977044701576233
5416,WomenWhoStutter1085,0.03872554376721382,0.44669440388679504,0.6960443258285522,0.1386791467666626,0.05984330177307129
5417,WomenWhoStutter3330,0.3090965449810028,0.19806607067584991,0.0110202357172966,0.00034310316550545394,0.06217426061630249
5418,StutterTalk25128,0.02211657539010048,0.23757527768611908,0.05372951179742813,0.03067401610314846,0.024578368291258812
5419,WomenWhoStutter4285,0.04836783930659294,0.04984058439731598,0.0014805715763941407,0.007637836039066315,0.03554800897836685
5420,StutterTalk856,0.006591573357582092,0.25190210342407227,0.03991326317191124,0.004640077240765095,0.8295120596885681
5421,WomenWhoStutter6432,0.035251714289188385,0.17762945592403412,0.8380724191665649,0.03352392092347145,0.032246965914964676
5422,StutterTalk8128,0.015279462561011314,0.07776934653520584,0.0017371252179145813,0.00017602094158064574,0.9709675312042236
5423,StrongVoices1237,0.03169313073158264,0.3915248513221741,0.02518315427005291,0.028528010472655296,0.027069998905062675
5424,StutteringIsCool3319,0.012828530743718147,0.09186907112598419,0.00029361320775933564,3.52681236108765e-05,0.017029225826263428
5425,StrongVoices1229,0.0015263778623193502,0.05599668622016907,0.001410942175425589,0.0014675824204459786,0.0006027150666341186
5426,StrongVoices32151,0.01370433159172535,0.46958425641059875,0.04803198203444481,0.035598281770944595,0.030366629362106323
5427,StrongVoices2378,0.06197093427181244,0.4028415381908417,0.017622878775000572,0.0024399023968726397,0.019136469811201096
5428,WomenWhoStutter532,0.1295667439699173,0.12654966115951538,0.13063183426856995,0.008235727436840534,0.026642242446541786
5429,StrongVoices23201,0.16311806440353394,0.423540860414505,0.5315500497817993,0.006728570442646742,0.04166452959179878
5430,HVSA327,0.03338230028748512,0.0975131168961525,0.2668980658054352,0.06533163785934448,0.0007552526076324284
5431,StutterTalk1520,0.056119248270988464,0.09033669531345367,0.01667746901512146,0.004478058777749538,0.013051822781562805
5432,IStutterSoWhat3110,0.00548239890486002,0.09264178574085236,0.012102961540222168,0.01029132679104805,0.007686759810894728
5433,StrongVoices3293,0.0026733644772320986,0.03763655573129654,0.0024185150396078825,0.04051373153924942,0.15638533234596252
5434,StrongVoices2323,0.03634676709771156,0.23879213631153107,0.003012127010151744,0.0006215773173607886,0.019076328724622726
5435,HeStutters1720,0.004090922884643078,0.012547354213893414,0.00461739394813776,0.13862839341163635,0.21314692497253418
5436,HVSA2188,0.08841151744127274,0.35505127906799316,0.03924594819545746,0.0009886303450912237,0.016715554520487785
5437,MyStutteringLife1836,0.11770530045032501,0.014450282789766788,0.0006660589133389294,0.000600189610850066,0.010491491295397282
5438,HeStutters18153,0.5632403492927551,0.2835877537727356,0.016519365832209587,0.00022884593636263162,0.005883564241230488
5439,StrongVoices2157,0.000753092288505286,0.06574659794569016,0.005939898081123829,0.0004413503047544509,0.0009223176748491824
5440,WomenWhoStutter62184,0.17553997039794922,0.2749129831790924,0.024019593372941017,0.017354566603899002,0.9044403433799744
5441,MyStutteringLife520,0.05888129398226738,0.36235857009887695,0.03990954905748367,0.00013512799341697246,0.002939987927675247
5442,StrongVoices32128,0.8124406933784485,0.17725427448749542,0.2838535010814667,0.06193302944302559,0.012285055592656136
5443,WomenWhoStutter87130,0.05122612789273262,0.14953242242336273,0.012979589402675629,0.04558204486966133,0.8279330134391785
5444,StrongVoices1918,0.006420678924769163,0.018491918221116066,0.0006603174842894077,0.00043222110252827406,0.007085520774126053
5445,StutterTalk1627,0.019937675446271896,0.265110582113266,0.8344367742538452,0.056187309324741364,0.04127959907054901
5446,StutterTalk64125,0.39471983909606934,0.18614454567432404,0.1118878647685051,0.12964190542697906,0.9404139518737793
5447,StrongVoices21180,0.024272209033370018,0.192154660820961,0.045827727764844894,0.04575197398662567,0.2731747031211853
5448,StutterTalk4936,0.3156208097934723,0.011240321211516857,0.0012484340695664287,0.00408521294593811,0.5343332886695862
5449,StutteringIsCool6113,0.0007750722579658031,0.42206865549087524,0.003975940868258476,3.225268665119074e-05,0.0008284074137918651
5450,StrongVoices218,0.004939273931086063,0.0335518978536129,0.0017430068692192435,0.005422631278634071,0.0008490934269502759
5451,StutterTalk64140,0.12710972130298615,0.08840338885784149,0.004652680363506079,0.001195272314362228,0.9340593814849854
5452,WomenWhoStutter9734,0.00420996081084013,0.2834928631782532,0.7960687875747681,0.2977979779243469,0.01882466860115528
5453,StutterTalk155,0.002727063139900565,0.0904078260064125,0.007077712565660477,0.007983261719346046,0.0014432382304221392
5454,MyStutteringLife1822,0.004121415317058563,0.024335233494639397,0.01183651015162468,0.27569279074668884,0.03489813208580017
5455,StrongVoices2310,0.41819116473197937,0.39778846502304077,0.07522519677877426,0.0025545014068484306,0.01863691210746765
5456,StrongVoices3424,0.2712306082248688,0.08096630871295929,0.0035446519032120705,6.884318281663582e-05,0.0018797365482896566
5457,HVSA3111,0.004402359016239643,0.09278880059719086,0.5278830528259277,0.17899207770824432,0.0010924366069957614
5458,StrongVoices231,0.5124367475509644,0.033890873193740845,0.0016747309127822518,0.0005043299170210958,0.4292345345020294
5459,StutteringIsCool34166,0.00499803526327014,0.09453951567411423,0.0004005255759693682,2.661098915268667e-05,0.0013846224173903465
5460,StutteringIsCool80111,0.010817203670740128,0.1766231507062912,0.1389508694410324,0.7172291278839111,0.4997203052043915
5461,StutterTalk5818,0.010348903015255928,0.2391461730003357,0.47081634402275085,0.7617936134338379,0.05323156341910362
5462,StutterTalk3823,0.673196017742157,0.03525185212492943,0.002006278373301029,0.00024594191927462816,0.03276048228144646
5463,StutteringIsCool3810,0.5269989371299744,0.2705659866333008,0.08144118636846542,0.0010805586352944374,0.00577677832916379
5464,MyStutteringLife3830,0.15365943312644958,0.10226547718048096,0.0022982913069427013,0.0011220104061067104,0.8480660319328308
5465,StrongVoices1235,0.025591295212507248,0.13442650437355042,0.003443831577897072,5.655916902469471e-05,0.00030814530327916145
5466,StrongVoices23208,0.037917736917734146,0.6210476160049438,0.12193021923303604,0.0016236271476373076,0.016293976455926895
5467,StrongVoices2810,0.003242768347263336,0.012800072319805622,0.00027849760954268277,1.9967543266830035e-05,6.839064008090645e-05
5468,StrongVoices21161,0.00961905438452959,0.3442431092262268,0.007388843689113855,0.0006770854233764112,0.002668604953214526
5469,IStutterSoWhat0110,0.004295099526643753,0.013546223752200603,0.0003019390569534153,0.0008192615932784975,0.00134120206348598
5470,WomenWhoStutter1024,0.002515162108466029,0.07270852476358414,0.00867394357919693,0.004349485971033573,0.01932457648217678
5471,StutterTalk7296,0.5302210450172424,0.298245906829834,0.09606742858886719,0.06814895570278168,0.6859652996063232
5472,StrongVoices32119,0.04326263442635536,0.33391517400741577,0.0022528779227286577,0.0004797646251972765,0.031185923144221306
5473,HeStutters310,0.07051434367895126,0.3430095911026001,0.0671294629573822,0.04326173663139343,0.035220347344875336
5474,StutterTalk8114,0.2106260359287262,0.0637383982539177,0.001446797396056354,0.0002218811132479459,0.9332566261291504
5475,StutteringIsCool46130,0.015282181091606617,0.27303293347358704,0.2869546413421631,0.2617438733577728,0.046572696417570114
5476,MyStutteringLife3819,0.016102157533168793,0.30733928084373474,0.12588681280612946,0.0038143759593367577,0.6074220538139343
5477,WomenWhoStutter3039,0.007405852898955345,0.1914006769657135,0.0026576484087854624,0.009334255009889603,0.005547743756324053
5478,HVSA2138,0.022771263495087624,0.03687463328242302,0.01241779513657093,0.01628483086824417,0.0038729121442884207
5479,StutterTalk6353,0.1208733394742012,0.31899160146713257,0.03703989088535309,0.028913144022226334,0.9202120304107666
5480,WomenWhoStutter1215,0.02759407088160515,0.4958416223526001,0.11460380256175995,0.25962814688682556,0.12039642035961151
5481,WomenWhoStutter8725,0.23199954628944397,0.041473377496004105,0.0010759978322312236,0.00010933965677395463,0.9561507701873779
5482,StutterTalk104,0.00169049808755517,0.010248910635709763,0.00015788139717187732,3.405096776987193e-06,3.780623592319898e-05
5483,StutterTalk2937,0.015803394839167595,0.09358517080545425,0.0020621437579393387,0.0004546553536783904,0.006886825896799564
5484,WomenWhoStutter1058,0.0007955892360769212,0.006155762821435928,0.0003142626374028623,0.0008067848975770175,0.003356515895575285
5485,StrongVoices3252,0.4285580515861511,0.21273447573184967,0.01638603024184704,0.0021401105914264917,0.23862913250923157
5486,WomenWhoStutter976,0.0027293311432003975,0.3019763231277466,0.015490327961742878,0.0011140215210616589,0.0024436854291707277
5487,StrongVoices32138,0.40140438079833984,0.38561052083969116,0.028102906420826912,0.0015488495118916035,0.043770741671323776
5488,WomenWhoStutter254,0.026135621592402458,0.04517284035682678,0.0013663747813552618,0.00035311744431965053,0.002356467070057988
5489,StutterTalk37116,0.0032008718699216843,0.03967045620083809,0.0007182111730799079,0.0004582547990139574,0.004660360515117645
5490,HeStutters1668,0.4941962659358978,0.05495584011077881,0.0034335325472056866,0.0003939693851862103,0.04871205613017082
5491,StrongVoices170,0.21135327219963074,0.45352035760879517,0.2776738405227661,0.01639747992157936,0.022734390571713448
5492,StutteringIsCool1416,0.31629979610443115,0.035440221428871155,0.009188960306346416,0.0011880169622600079,0.05152050778269768
5493,WomenWhoStutter2718,0.31951069831848145,0.2113289088010788,0.009518119506537914,0.00028121352079324424,0.011235658079385757
5494,WomenWhoStutter3053,0.16836267709732056,0.06382754445075989,0.007087667938321829,0.001973753562197089,0.007788606453686953
5495,StutterTalk64134,0.0714012011885643,0.23984314501285553,0.4199203550815582,0.02056889608502388,0.02640407718718052
5496,StrongVoices729,0.06424054503440857,0.057456135749816895,0.005884102080017328,0.017561351880431175,0.014086772687733173
5497,IStutterSoWhat3104,0.05451640859246254,0.3829500377178192,0.4483568072319031,0.5575739145278931,0.7780115604400635
5498,StutterTalk4926,0.018664304167032242,0.03345402330160141,0.001047974918037653,0.0002241146721644327,0.0009828264592215419
5499,StutterTalk3746,0.0034952161367982626,0.10560385882854462,0.03923405334353447,0.2084709256887436,0.5355557203292847
5500,WomenWhoStutter96149,0.02284354716539383,0.289390504360199,0.04526621848344803,0.16217707097530365,0.01165382843464613
5501,StutterTalk933,0.0019466003868728876,0.03450815752148628,0.05742400512099266,0.9178759455680847,0.04329646751284599
5502,StrongVoices215,0.006229511462152004,0.0369776152074337,0.05343672260642052,0.005530158989131451,0.0007529803551733494
5503,WomenWhoStutter97196,0.22966042160987854,0.12936502695083618,0.015440767630934715,0.009939834475517273,0.9711880683898926
5504,WomenWhoStutter2939,0.42063653469085693,0.07378039509057999,0.005597924813628197,0.007305726874619722,0.6864128708839417
5505,StrongVoices23254,0.18385644257068634,0.37461814284324646,0.27022576332092285,0.00299905170686543,0.006948959548026323
5506,StrongVoices013,0.0014749440597370267,0.09596815705299377,0.001334700151346624,5.988204793538898e-05,0.00040816646651364863
5507,HeStutters12154,0.3219210207462311,0.046487074345350266,0.059231825172901154,0.21322213113307953,0.006541742943227291
5508,StrongVoices84,0.04791611433029175,0.2938574552536011,0.06855349987745285,0.009222078137099743,0.009474031627178192
5509,StutterTalk5315,0.012529282830655575,0.3007901906967163,0.19498135149478912,0.8134311437606812,0.2904914319515228
5510,WomenWhoStutter6282,0.009369480423629284,0.1550898253917694,0.004581084009259939,0.006395346485078335,0.4659448266029358
5511,StrongVoices2184,0.15732038021087646,0.07231588661670685,0.0064661577343940735,0.004217806737869978,0.0611991249024868
5512,StrongVoices2338,0.1255405694246292,0.45586147904396057,0.03214943781495094,0.00029204977909103036,0.020665965974330902
5513,StrongVoices920,0.00014500570250675082,0.01671186462044716,0.00013347000640351325,0.0002133966190740466,0.000478745176224038
5514,HeStutters11187,0.2907322943210602,0.18806399405002594,0.07039458304643631,0.02622351609170437,0.028856510296463966
5515,WomenWhoStutter30178,0.09589340537786484,0.01399216242134571,0.0008131159702315927,0.0003630814317148179,0.001691982732154429
5516,StrongVoices2161,0.0014717704616487026,0.0024719410575926304,0.00019250244076829404,0.0005544072482734919,9.206479444401339e-05
5517,StutteringIsCool4536,0.648470401763916,0.030543792992830276,0.006558791268616915,0.0003499473095871508,0.012696589343249798
5518,HVSA2167,0.011909611523151398,0.3981781303882599,0.012595844455063343,0.0025402107276022434,0.012194023467600346
5519,StutterTalk5519,0.010937487706542015,0.015446046367287636,0.0017497644294053316,0.0010769853834062815,0.0015884905587881804
5520,StrongVoices2144,0.022709378972649574,0.05065879225730896,0.006361909210681915,0.003218761645257473,0.028959102928638458
5521,StutterTalk72142,0.049031034111976624,0.18961618840694427,0.7247009873390198,0.01639166660606861,0.03961627557873726
5522,StrongVoices1713,0.8375245928764343,0.19523541629314423,0.022509558126330376,0.006095008458942175,0.0592733696103096
5523,StrongVoices1115,0.6462694406509399,0.2541132867336273,0.01950809545814991,0.0027542728930711746,0.011582165956497192
5524,StrongVoices6210,0.012589417397975922,0.350301593542099,0.014453047886490822,0.00500975688919425,0.003629347076639533
5525,StutteringIsCool217,0.006197184789925814,0.09618086367845535,0.013290034607052803,0.9775493144989014,0.01694360002875328
5526,StutteringIsCool4026,0.07921766489744186,0.47449421882629395,0.1305791288614273,0.0071459002792835236,0.019398190081119537
5527,WomenWhoStutter30107,0.07488018274307251,0.5419283509254456,0.05459613725543022,0.0015905806794762611,0.03151090815663338
5528,StutteringIsCool34148,0.02205813303589821,0.07655061781406403,0.0046788970939815044,0.009401845745742321,0.39830029010772705
5529,StutterTalk7265,0.029956068843603134,0.13537071645259857,0.08990193158388138,0.8087804913520813,0.052559953182935715
5530,StutteringIsCool3334,0.4147346019744873,0.18343231081962585,0.02947845496237278,0.7499268054962158,0.13676515221595764
5531,HeStutters11103,0.09291638433933258,0.20311492681503296,0.007506640162318945,0.0018047187477350235,0.748620331287384
5532,HVSA1168,0.008933951146900654,0.11588750779628754,0.003082333831116557,0.006621957756578922,0.1535927951335907
5533,WomenWhoStutter4513,0.8625583648681641,0.04341509938240051,0.005758362356573343,0.0017656711861491203,0.055210985243320465
5534,IStutterSoWhat3144,0.0063509950414299965,0.11536794155836105,0.12704765796661377,0.4592032730579376,0.05706692114472389
5535,WomenWhoStutter151,0.13561281561851501,0.041063155978918076,0.001671471749432385,0.0008800241048447788,0.006539289373904467
5536,WomenWhoStutter8671,0.01956992596387863,0.11548293381929398,0.04039159417152405,0.8811027407646179,0.7172224521636963
5537,StutterTalk132,0.011779001913964748,0.2783815562725067,0.015479975380003452,0.0036566380877047777,0.02845378965139389
5538,HVSA2112,0.0063997660763561726,0.28925177454948425,0.8348625302314758,0.10706915706396103,0.01624268852174282
5539,StutterTalk7629,0.01268667820841074,0.43189480900764465,0.06238899752497673,0.27427297830581665,0.1980138123035431
5540,StutteringIsCool7512,0.1102726012468338,0.279941588640213,0.6896469593048096,0.015388783998787403,0.6312656998634338
5541,StrongVoices3243,0.06548722088336945,0.3549260199069977,0.10252685844898224,0.3531608283519745,0.5908937454223633
5542,StutterTalk8147,0.09532997012138367,0.030787017196416855,0.0025740722194314003,0.004713112022727728,0.2166004478931427
5543,HeStutters582,0.011099694296717644,0.17275646328926086,0.48614540696144104,0.8885061740875244,0.8214583396911621
5544,HVSA116,0.002951923757791519,0.486081063747406,0.2882908284664154,0.0006436383700929582,0.002121761441230774
5545,HeStutters029,0.01968325302004814,0.2950364053249359,0.07285618036985397,0.03153866529464722,0.5945162177085876
5546,StutterTalk7211,0.020786890760064125,0.03996653109788895,0.010750988498330116,0.3787180483341217,0.25694286823272705
5547,HeStutters1898,0.3969402015209198,0.17272289097309113,0.01871524751186371,0.017254488542675972,0.023897714912891388
5548,HeStutters039,0.06801017373800278,0.22526080906391144,0.03186841681599617,0.00048278458416461945,0.002358674304559827
5549,WomenWhoStutter2179,0.0007643987191841006,0.038492877036333084,0.00018889756756834686,5.504778528120369e-05,0.0002726685779634863
5550,HVSA2185,0.24415002763271332,0.44632309675216675,0.11908674985170364,0.05971771106123924,0.08289752155542374
5551,StrongVoices3291,0.009111613035202026,0.22385413944721222,0.009675469249486923,0.013865687884390354,0.1610095351934433
5552,StutterTalk7739,0.014195101335644722,0.285241961479187,0.5984720587730408,0.0010592722101137042,0.011168227531015873
5553,IStutterSoWhat0108,0.09538901597261429,0.2276935577392578,0.01689016819000244,0.0045995647087693214,0.008635494858026505
5554,StrongVoices3285,0.010643614456057549,0.1435178965330124,0.1282753348350525,0.5396015048027039,0.024540022015571594
5555,HeStutters11147,0.11269290000200272,0.41322898864746094,0.05521713197231293,0.09794116020202637,0.6858809590339661
5556,WomenWhoStutter3010,0.001962302951142192,0.015493614599108696,0.000680163677316159,6.441627920139581e-05,0.00018089092918671668
5557,MyStutteringLife015,0.08827856183052063,0.23975370824337006,0.05136411264538765,0.018237492069602013,0.020551610738039017
5558,StutterTalk882,0.04885615035891533,0.49718037247657776,0.7516049742698669,0.004003532230854034,0.03628425672650337
5559,StutterTalk5420,0.008323315531015396,0.048376016318798065,0.003922268282622099,0.050768956542015076,0.1672259122133255
5560,StrongVoices2517,0.4512782394886017,0.4130069315433502,0.025959597900509834,0.0006182680954225361,0.057786911725997925
5561,StutterTalk37103,0.18108615279197693,0.2055143266916275,0.01728896051645279,0.004332880023866892,0.02413468435406685
5562,StutterTalk3236,0.004094055388122797,0.22398367524147034,0.010168438777327538,0.01829615607857704,0.41561686992645264
5563,StrongVoices3255,0.1987239122390747,0.5145179033279419,0.13798092305660248,0.06502936780452728,0.08414923399686813
5564,StrongVoices730,0.1505996435880661,0.08211588114500046,0.007883051410317421,0.004238633904606104,0.9515326619148254
5565,WomenWhoStutter87142,0.017089281231164932,0.19127783179283142,0.10604415088891983,0.04509340971708298,0.016784269362688065
5566,StrongVoices23188,0.49390971660614014,0.47677478194236755,0.222686767578125,0.003402413334697485,0.04031386971473694
5567,StrongVoices3411,0.009237292222678661,0.599646270275116,0.008021325804293156,9.558813326293603e-05,0.0015698779607191682
5568,WomenWhoStutter30117,0.0014565311139449477,0.011245287023484707,0.001677054213359952,0.0032847339753061533,0.0016695259837433696
5569,MyStutteringLife388,0.02343626134097576,0.3575012981891632,0.0706661120057106,0.0033680605702102184,0.8577498197555542
5570,StutterTalk3616,0.06990732252597809,0.11829453706741333,0.009124546311795712,0.004015378188341856,0.010425419546663761
5571,StutterTalk6038,0.00034249728196300566,0.05951939895749092,0.0006648197304457426,9.83020436251536e-05,0.0004323956381995231
5572,WomenWhoStutter6923,0.01784229464828968,0.0018551623215898871,0.00010283711162628606,0.00040878637810237706,0.0008811249281279743
5573,StrongVoices23239,0.5025601983070374,0.40151742100715637,0.4455505907535553,0.005780643783509731,0.019392801448702812
5574,StrongVoices1929,0.7132627367973328,0.25306177139282227,0.11392374336719513,0.003538269316777587,0.1645784229040146
5575,StutterTalk37100,0.03759570047259331,0.11186836659908295,0.016836466267704964,0.05554356053471565,0.7109315991401672
5576,StrongVoices10121,0.5305331945419312,0.01939098909497261,0.0011389809660613537,1.3285010936670005e-05,0.0006754767964594066
5577,WomenWhoStutter1030,0.31624191999435425,0.1396363079547882,0.008353222161531448,0.00032553047640249133,0.013370808213949203
5578,StutterTalk17,0.016979005187749863,0.25839558243751526,0.10413750261068344,0.026141181588172913,0.7440655827522278
5579,WomenWhoStutter735,0.10296982526779175,0.028461482375860214,0.014627279713749886,0.6854162812232971,0.020991025492548943
5580,StrongVoices2833,0.1291782557964325,0.049088992178440094,0.004776366986334324,0.004602659493684769,0.015586845576763153
5581,StutterTalk64114,0.034263160079717636,0.3750193119049072,0.3770701289176941,0.17529070377349854,0.040128450840711594
5582,StutteringIsCool3817,0.010198084637522697,0.13856655359268188,0.016077691689133644,0.05192144587635994,0.03719985485076904
5583,StrongVoices535,0.43058353662490845,0.3047311305999756,0.04086406156420708,0.002843527588993311,0.02928430214524269
5584,StutterTalk7263,0.021228326484560966,0.4395710229873657,0.04377694055438042,0.03883235529065132,0.1813899278640747
5585,StrongVoices21187,0.3396243453025818,0.136551633477211,0.051302749663591385,0.010597302578389645,0.9566783308982849
5586,MyStutteringLife026,0.4733406901359558,0.16580410301685333,0.28227993845939636,0.11402629315853119,0.051621075719594955
5587,WomenWhoStutter4913,0.05151152238249779,0.51081782579422,0.25394952297210693,0.04909985512495041,0.011886867694556713
5588,HeStutters11126,0.03765038028359413,0.13343998789787292,0.002903183689340949,0.0014227723004296422,0.014196369796991348
5589,HeStutters2188,0.2133437693119049,0.37125009298324585,0.5432890057563782,0.0012835296802222729,0.01031870674341917
5590,StrongVoices728,0.8560317754745483,0.09021545946598053,0.006064275279641151,8.571024955017492e-05,0.022670332342386246
5591,StutterTalk2642,0.34782904386520386,0.029233960434794426,0.0022732107900083065,0.0007001493941061199,0.0044800592586398125
5592,StutterTalk3822,0.08507806807756424,0.11642800271511078,0.6349443197250366,0.014246989041566849,0.008826234377920628
5593,StutteringIsCool3339,0.40642818808555603,0.2629028260707855,0.07219022512435913,0.0077826716005802155,0.07844103127717972
5594,HeStutters5127,0.009203601628541946,0.14670534431934357,0.9060483574867249,0.005588199943304062,0.015213427133858204
5595,WomenWhoStutter2187,0.030024496838450432,0.2516421675682068,0.01779812015593052,0.006971175316721201,0.24647164344787598
5596,MyStutteringLife2515,0.01651029847562313,0.13966025412082672,0.008197379298508167,0.002638576552271843,0.018532956019043922
5597,StrongVoices1930,0.1329093724489212,0.05184216424822807,0.006208575330674648,0.00371151021681726,0.5805334448814392
5598,WomenWhoStutter4920,0.05147295072674751,0.3331374526023865,0.15567180514335632,0.7687092423439026,0.39971113204956055
5599,WomenWhoStutter432,0.015101906843483448,0.02829558216035366,0.0029219863936305046,0.00942491739988327,0.02811351604759693
5600,StrongVoices2199,0.03148309886455536,0.21892288327217102,0.10247315466403961,0.896787166595459,0.021665168926119804
5601,StutteringIsCool2923,0.016161998733878136,0.1862119883298874,0.16047197580337524,0.15112356841564178,0.6106363534927368
5602,WomenWhoStutter8324,0.5184689164161682,0.30566272139549255,0.16559259593486786,0.015318246558308601,0.5240095257759094
5603,StutterTalk162,0.012985913082957268,0.38323289155960083,0.49310988187789917,0.5985648036003113,0.17576855421066284
5604,WomenWhoStutter2820,0.0031187154818326235,0.00968236569315195,0.013160326518118382,0.24374103546142578,0.004532582126557827
5605,StutterTalk26158,0.2818898856639862,0.19145195186138153,0.0909089744091034,0.014590583741664886,0.1863984614610672
5606,WomenWhoStutter42136,0.23619292676448822,0.028756460174918175,0.013691067695617676,0.11555127054452896,0.07727121561765671
5607,StutterTalk711,0.004029230680316687,0.02785090170800686,0.023944320157170296,0.23168711364269257,0.007082747295498848
5608,HVSA2184,0.2606549561023712,0.2892643213272095,0.2945955693721771,0.005294525995850563,0.004656234756112099
5609,StrongVoices831,0.4849874675273895,0.05360621213912964,0.001887345570139587,0.000181339040864259,0.319862425327301
5610,StutteringIsCool8090,0.1308300942182541,0.020774833858013153,0.001583279576152563,0.003461125073954463,0.02445947378873825
5611,StutteringIsCool8095,0.020214291289448738,0.25815609097480774,0.009259701706469059,0.0010477583855390549,0.009676259942352772
5612,StutteringIsCool697,0.053342413157224655,0.06740890443325043,0.006005349103361368,0.13708101212978363,0.013583650812506676
5613,WomenWhoStutter10131,0.015587839297950268,0.5472729802131653,0.17602436244487762,0.0003897307615261525,0.0027894394006580114
5614,StutteringIsCool3328,0.18830257654190063,0.5063617825508118,0.16427379846572876,0.016525108367204666,0.5221729278564453
5615,HeStutters1634,0.7230916619300842,0.11104787141084671,0.02192385494709015,0.005277242045849562,0.04033956676721573
5616,StutterTalk2650,0.0012640083441510797,0.0465061329305172,0.011171171441674232,0.16921405494213104,0.007098978850990534
5617,StrongVoices21150,0.8405174016952515,0.18542052805423737,0.06168992444872856,0.0006109162932261825,0.5101525187492371
5618,StutterTalk68104,0.10173661261796951,0.5596460700035095,0.037342991679906845,0.005054956767708063,0.03953823447227478
5619,StutteringIsCool2828,0.15326513350009918,0.09740995615720749,0.01421193964779377,0.006550395395606756,0.9403101205825806
5620,HVSA017,0.08002360165119171,0.06915579736232758,0.004208435770124197,0.005511393304914236,0.1498236507177353
5621,StutteringIsCool46134,0.002016143174842,0.15766428411006927,0.0006979017634876072,0.0002725466911215335,0.002657384378835559
5622,HeStutters2166,0.02588299661874771,0.3482409119606018,0.6036360263824463,0.6367069482803345,0.12155462056398392
5623,HVSA0130,0.05351036787033081,0.3840188980102539,0.04858741909265518,0.01231359038501978,0.7550910115242004
5624,HeStutters12108,0.12012714147567749,0.346476674079895,0.14961963891983032,0.5983527898788452,0.2926315367221832
5625,StutterTalk136,0.09971386194229126,0.37970972061157227,0.09746884554624557,0.014409568160772324,0.861113429069519
5626,MyStutteringLife2129,0.023685893043875694,0.0316627137362957,0.00655154325067997,0.0006453293608501554,0.00042688220855779946
5627,StutteringIsCool3819,0.09367585927248001,0.40354812145233154,0.08382774144411087,0.03435027599334717,0.2382173389196396
5628,StrongVoices2179,0.08324010670185089,0.04133818671107292,0.0032778331078588963,0.0011238438310101628,0.022556202486157417
5629,WomenWhoStutter82,0.08845207840204239,0.6025301814079285,0.33623355627059937,0.014538735151290894,0.023256268352270126
5630,StutteringIsCool80114,0.04110104218125343,0.3400004506111145,0.4069846570491791,0.4116998314857483,0.695237398147583
5631,StutteringIsCool1419,0.000629010028205812,0.0317196361720562,0.0005779661005362868,0.00039187868242152035,0.006876029539853334
5632,StutterTalk4811,0.001160520245321095,0.05181509628891945,0.0009521110914647579,0.022998617962002754,0.009929295629262924
5633,StutterTalk68177,0.07447750866413116,0.508982241153717,0.023338066413998604,0.0024090379010885954,0.04705318436026573
5634,StutterTalk890,0.17492558062076569,0.11922985315322876,0.06156007945537567,0.6987051367759705,0.9010148644447327
5635,StutterTalk7257,0.0143978176638484,0.034361228346824646,0.016471002250909805,0.08149505406618118,0.025091182440519333
5636,StutteringIsCool80177,0.0023933493066579103,0.16427375376224518,0.22009828686714172,0.20095551013946533,0.021915661171078682
5637,StrongVoices23132,0.13199549913406372,0.1387280374765396,0.0014380683423951268,2.956788921437692e-05,0.006011776626110077
5638,StrongVoices23103,0.03569532930850983,0.5149506330490112,0.02900189347565174,0.0016185651766136289,0.011900878511369228
5639,WomenWhoStutter237,0.31350865960121155,0.4435761570930481,0.4404297471046448,0.02023555338382721,0.4664780795574188
5640,StrongVoices23142,0.22497807443141937,0.06700403988361359,0.004351947922259569,0.0018264089012518525,0.038262490183115005
5641,StrongVoices10113,0.10316330939531326,0.21357235312461853,0.0023083097767084837,5.1406314014457166e-05,0.9736741781234741
5642,StutteringIsCool8124,0.020974749699234962,0.04343999922275543,0.0014548974577337503,0.0005348233389668167,0.0011257354635745287
5643,StrongVoices1916,0.07052990794181824,0.27479106187820435,0.11885595321655273,0.5029572248458862,0.7729112505912781
5644,WomenWhoStutter2915,0.3785937428474426,0.13919807970523834,0.007439304143190384,0.0009036322589963675,0.8408207297325134
5645,StutterTalk1635,0.019577616825699806,0.034840673208236694,0.005449026357382536,0.009621812961995602,0.028293216601014137
5646,StrongVoices2511,0.01268918626010418,0.042788971215486526,0.001167049864307046,0.00021971127716824412,0.0015798460226505995
5647,HVSA015,0.03936339542269707,0.4329819679260254,0.2756980359554291,0.09278833866119385,0.04566861689090729
5648,WomenWhoStutter14152,0.0018975953571498394,0.013496809639036655,0.0009782727574929595,0.00025052428827621043,0.0005882540717720985
5649,StutterTalk647,0.2894957661628723,0.1865861415863037,0.03902171179652214,0.017371978610754013,0.09017959982156754
5650,WomenWhoStutter7324,0.04814069718122482,0.35749831795692444,0.08229144662618637,0.00945371575653553,0.020496968179941177
5651,StutteringIsCool3731,0.5935256481170654,0.15583744645118713,0.013981008902192116,0.0024306676350533962,0.01454367395490408
5652,WomenWhoStutter2182,0.4247662425041199,0.06939031183719635,0.0011611394584178925,1.0164034392801113e-05,0.004344425164163113
5653,WomenWhoStutter30174,0.01310406718403101,0.03592777997255325,0.01329256221652031,0.86182701587677,0.031379155814647675
5654,StutterTalk182,0.016980381682515144,0.30054691433906555,0.02647296153008938,0.03233915567398071,0.08226367086172104
5655,StutterTalk695,0.012339144945144653,0.1641598492860794,0.01763969473540783,0.07060103863477707,0.46523553133010864
5656,StrongVoices1917,0.3114604949951172,0.21530720591545105,0.017384858801960945,0.003707633353769779,0.0013790007214993238
5657,HVSA167,0.0501081645488739,0.5527620911598206,0.4853735864162445,0.009814412333071232,0.01778489537537098
5658,StutterTalk7237,0.1566808521747589,0.39904752373695374,0.7012584209442139,0.024502284824848175,0.07882536202669144
5659,HVSA160,0.014401850290596485,0.3348408341407776,0.689460813999176,0.038755036890506744,0.007308625616133213
5660,WomenWhoStutter2731,0.09234914183616638,0.4234939217567444,0.5941824913024902,0.21826785802841187,0.02335982397198677
5661,StrongVoices1415,0.06243633106350899,0.24150754511356354,0.10938315093517303,0.01862478256225586,0.010110502131283283
5662,StutterTalk2619,0.05130726471543312,0.023443512618541718,0.0013167797587811947,0.00016976309416349977,0.0015269898576661944
5663,HeStutters1227,0.6648938059806824,0.05147266015410423,0.0019849969539791346,0.00026970996987074614,0.16752687096595764
5664,StrongVoices1037,0.3949075937271118,0.045954618602991104,0.0003068240766879171,3.4645161122170975e-06,0.006455940194427967
5665,StutterTalk8170,0.03554099053144455,0.3215203583240509,0.051179416477680206,0.055313292890787125,0.12391647696495056
5666,StutteringIsCool163,0.2541867792606354,0.12514802813529968,0.025283386930823326,0.6122032403945923,0.5862269401550293
5667,HVSA2165,0.3923421800136566,0.47919973731040955,0.15465129911899567,0.02579701878130436,0.04516163468360901
5668,WomenWhoStutter9028,0.13641901314258575,0.2254701554775238,0.41882553696632385,0.7512127757072449,0.8611690402030945
5669,HVSA226,0.35132116079330444,0.24485328793525696,0.5258342027664185,0.004896268714219332,0.00294851534999907
5670,StrongVoices1434,0.8259461522102356,0.16611963510513306,0.03851325809955597,0.0014883391559123993,0.11720772832632065
5671,StutterTalk64149,0.7710561156272888,0.020449068397283554,0.0036063811276108027,0.0006582722417078912,0.032476942986249924
5672,StutterTalk6224,0.7652552127838135,0.01927921734750271,0.008490788750350475,0.00564283411949873,0.002775064902380109
5673,StutterTalk68163,0.0012323773698881269,0.13353341817855835,0.04458392411470413,0.2362269014120102,0.17576517164707184
5674,StutterTalk6214,0.04162357747554779,0.06778138875961304,0.006281181238591671,0.003717586398124695,0.0902269259095192
5675,StutterTalk770,0.0640110969543457,0.22077849507331848,0.05982591584324837,0.08401547372341156,0.023326782509684563
5676,WomenWhoStutter2133,0.013872470706701279,0.020129457116127014,0.006558496039360762,0.04916275665163994,0.41399839520454407
5677,StrongVoices3289,0.014181283302605152,0.4888119101524353,0.007955572567880154,0.00028822149033658206,0.03743790462613106
5678,StutterTalk6937,0.22134391963481903,0.05447867885231972,0.0017879419028759003,0.0025066195521503687,0.012674076482653618
5679,StutterTalk1310,0.0004083752864971757,0.0026432513259351254,5.882051482331008e-05,8.87058320131473e-07,7.970907972776331e-06
5680,StutterTalk385,0.6262837052345276,0.04405628517270088,0.006011859513819218,0.00034765969030559063,0.0073009696789085865
5681,StutterTalk814,0.005923578981310129,0.28491881489753723,0.10085505247116089,0.08552209287881851,0.6070690751075745
5682,WomenWhoStutter10173,0.22184064984321594,0.05420714244246483,0.010677359998226166,0.13157278299331665,0.008926206268370152
5683,StutterTalk3722,0.015303192660212517,0.052445247769355774,0.005001147743314505,0.0061053927056491375,0.3799731433391571
5684,HeStutters5157,0.004176821559667587,0.1651812046766281,0.34315231442451477,0.0008144896710291505,0.0007810988463461399
5685,StutteringIsCool5531,0.030336836352944374,0.2800263464450836,0.13700945675373077,0.24658121168613434,0.05786803737282753
5686,StrongVoices2221,0.01056088786572218,0.11812635511159897,0.02361276187002659,0.03556765615940094,0.024386810138821602
5687,StrongVoices21153,0.0863984003663063,0.29355588555336,0.027637869119644165,0.0017247316427528858,0.0059947241097688675
5688,StutterTalk2313,0.38458240032196045,0.06705102324485779,0.006319249514490366,0.002036758465692401,0.007472286932170391
5689,StutteringIsCool498,0.027316782623529434,0.31103986501693726,0.062371570616960526,0.0041627478785812855,0.008375992998480797
5690,StutteringIsCool34127,0.04704888537526131,0.042866505682468414,0.001980249071493745,0.0010486685205250978,0.44032394886016846
5691,StutteringIsCool8083,0.046731721609830856,0.0389021560549736,0.005041042808443308,0.9603177309036255,0.026250334456562996
5692,WomenWhoStutter3026,0.03370966389775276,0.02004322223365307,0.0009566798689775169,0.00013788860815111548,0.000757591042201966
5693,StutterTalk761,0.001065462944097817,0.10811322182416916,0.012023121118545532,0.004356931895017624,0.033874060958623886
5694,StutterTalk7923,0.08200546354055405,0.39963746070861816,0.06822258234024048,0.04063158482313156,0.8923446536064148
5695,MyStutteringLife3934,0.10059389472007751,0.42639392614364624,0.6267390847206116,0.09513822197914124,0.6277496814727783
5696,StrongVoices2135,0.03266116976737976,0.21213021874427795,0.004392463713884354,0.0027565029449760914,0.0052482555620372295
5697,StutteringIsCool2722,0.009983966127038002,0.2965543270111084,0.7936137914657593,0.014464917592704296,0.008273976854979992
5698,StrongVoices297,0.09392758458852768,0.17737828195095062,0.0462651289999485,0.0026313760317862034,0.0008652663673274219
5699,StrongVoices034,0.023272838443517685,0.17935825884342194,0.17492103576660156,0.0007855892181396484,0.000717192655429244
5700,MyStutteringLife3930,0.0076863449066877365,0.20275792479515076,0.22730295360088348,0.8607109189033508,0.02442164346575737
5701,WomenWhoStutter97107,0.1958712935447693,0.26735731959342957,0.04559079930186272,0.03113834373652935,0.007173494901508093
5702,StrongVoices21179,0.12767793238162994,0.0657682791352272,0.047216709703207016,0.27007755637168884,0.019438261166214943
5703,StutteringIsCool2333,0.006443964783102274,0.09834164381027222,0.4627384543418884,0.9430251121520996,0.12244203686714172
5704,StrongVoices21147,0.0938606709241867,0.08736605197191238,0.007167259231209755,0.0009360049734823406,0.047938648611307144
5705,StutteringIsCool34169,0.03702313080430031,0.2866319715976715,0.4324154555797577,0.11434664577245712,0.954321563243866
5706,StutterTalk6488,0.30457279086112976,0.08481042832136154,0.007187108974903822,0.0011590475914999843,0.0023214819375425577
5707,MyStutteringLife1832,0.020029518753290176,0.21677862107753754,0.02018209546804428,0.119046650826931,0.41157153248786926
5708,StutterTalk2637,0.0003097528824582696,0.01552040409296751,0.0006424019811674953,0.0008920157561078668,0.0010969990398734808
5709,StutterTalk2821,0.013470873236656189,0.26807060837745667,0.8891738057136536,0.025666818022727966,0.024762725457549095
5710,StutterTalk733,0.016942044720053673,0.2586808502674103,0.03846744820475578,0.015448452904820442,0.4920841157436371
5711,StutteringIsCool3818,0.11398626118898392,0.44782689213752747,0.4552527368068695,0.1918582320213318,0.7045440673828125
5712,StrongVoices1218,0.0069914269261062145,0.24717438220977783,0.0023122818674892187,0.00035998260136693716,0.004136455710977316
5713,StutteringIsCool4918,0.02261599339544773,0.09035574644804001,0.9494176506996155,0.002294896636158228,0.032652635127305984
5714,StutterTalk143,0.004884186666458845,0.06854479759931564,0.9385488629341125,0.022617369890213013,0.019146854057908058
5715,HeStutters16132,0.36349961161613464,0.04333220049738884,0.0029249165672808886,0.4950016140937805,0.34416449069976807
5716,HeStutters11134,0.020236989483237267,0.047718122601509094,0.0028896715957671404,0.0003140305052511394,0.00203672144562006
5717,IStutterSoWhat0128,0.0039052648935467005,0.18164251744747162,0.03821266070008278,0.0004711063811555505,0.0005987056065350771
5718,StrongVoices1939,0.7817626595497131,0.06086307018995285,0.006834728177636862,0.0029999613761901855,0.3072902262210846
5719,StutterTalk8038,0.0002627531357575208,0.018259910866618156,0.00018992881814483553,3.9939106500241905e-05,0.000534186779987067
5720,StutterTalk6469,0.2871434688568115,0.08946754038333893,0.0017635797848924994,0.00036582534085027874,0.7624785304069519
5721,HVSA236,0.21882954239845276,0.24138112366199493,0.030212264508008957,0.23856186866760254,0.43590572476387024
5722,StrongVoices21194,0.6371152400970459,0.07729128748178482,0.02027813345193863,0.0006263102404773235,0.005485121160745621
5723,StutteringIsCool2336,0.006890858057886362,0.006456153932958841,0.00612533837556839,0.014437638223171234,0.00039754778845235705
5724,HVSA169,0.06827393174171448,0.5279094576835632,0.6508812308311462,0.004737971816211939,0.011655641719698906
5725,HeStutters11161,0.6470344662666321,0.3807821571826935,0.1813441962003708,0.01650678925216198,0.13146011531352997
5726,StrongVoices6214,0.06503815203905106,0.5257161855697632,0.04443598538637161,0.0038863185327500105,0.014893883839249611
5727,StutterTalk3234,0.004171248525381088,0.13778862357139587,0.0044137765653431416,0.04742102324962616,0.21415843069553375
5728,StrongVoices21105,0.0008655050187371671,0.0611933097243309,0.0016525451792404056,5.9220230468781665e-05,0.00026658843853510916
5729,StrongVoices10219,0.6259804964065552,0.161655455827713,0.0017884866101667285,0.00015786274161655456,0.25833556056022644
5730,WomenWhoStutter6411,0.013413435779511929,0.1485859602689743,0.009540104307234287,0.026880977675318718,0.33115410804748535
5731,WomenWhoStutter8720,0.0009084342163987458,0.03217346966266632,0.014226737432181835,0.08081243187189102,0.0023478197399526834
5732,StutteringIsCool2724,0.02853708527982235,0.3073946237564087,0.754001796245575,0.07619745284318924,0.021761922165751457
5733,WomenWhoStutter2127,0.015804367139935493,0.5542622804641724,0.0321941152215004,0.0040589733980596066,0.024967040866613388
5734,HVSA1161,0.06325904279947281,0.37404224276542664,0.04073070362210274,0.021364010870456696,0.2190534919500351
5735,WomenWhoStutter42108,0.030187508091330528,0.04981004074215889,0.0012579892063513398,0.00023312827397603542,0.005341489799320698
5736,WomenWhoStutter767,0.7104767560958862,0.20530067384243011,0.019929472357034683,0.0005693478742614388,0.015740804374217987
5737,StrongVoices2170,0.06339780241250992,0.08168941736221313,0.007395260501652956,0.0025715113151818514,0.010135839693248272
5738,WomenWhoStutter265,0.35630351305007935,0.510991096496582,0.3021499216556549,0.00029915536288172007,0.010714678093791008
5739,StutterTalk7222,0.13968735933303833,0.140336811542511,0.005039268173277378,0.02835872210562229,0.055866118520498276
5740,StutteringIsCool4663,0.08424913138151169,0.4736095368862152,0.47344380617141724,0.2262178361415863,0.04321419820189476
5741,StutterTalk07,0.05370829254388809,0.034463852643966675,0.022596515715122223,0.2716655135154724,0.008698949590325356
5742,WomenWhoStutter5532,0.5392311811447144,0.17542694509029388,0.015841905027627945,0.0011998552363365889,0.21798104047775269
5743,StrongVoices431,0.0047594397328794,0.1700596958398819,0.0017556787934154272,0.0010682899737730622,0.003612661501392722
5744,StrongVoices915,0.007846702821552753,0.06246687099337578,0.004504670388996601,0.012733626179397106,0.6008155345916748
5745,StutterTalk126,0.043428510427474976,0.17352589964866638,0.030191930010914803,0.5261570811271667,0.7864938974380493
5746,StrongVoices2111,0.04611717909574509,0.03946290537714958,0.010508331470191479,0.004006390925496817,0.006928266957402229
5747,StutteringIsCool2833,0.002053265692666173,0.0223060492426157,0.0034926794469356537,0.020495671778917313,0.004226704128086567
5748,StutteringIsCool3320,0.025672124698758125,0.053960613906383514,0.06695028394460678,0.9713401198387146,0.35635992884635925
5749,HeStutters16189,0.38125425577163696,0.09444853663444519,0.00374765251763165,0.000987356761470437,0.0058237649500370026
5750,HeStutters16111,0.09559623152017593,0.10808725655078888,0.020062575116753578,0.01816844567656517,0.6088228821754456
5751,WomenWhoStutter62143,0.04112664982676506,0.2211964875459671,0.015872741118073463,0.031249992549419403,0.05743921175599098
5752,StrongVoices21181,0.029092486947774887,0.2806968688964844,0.018645666539669037,0.003572070272639394,0.0038458197377622128
5753,StrongVoices818,0.1912369728088379,0.4012439250946045,0.02429659478366375,0.0015134649584069848,0.00888446718454361
5754,WomenWhoStutter62101,0.01160519104450941,0.06485234200954437,0.002942938357591629,0.0007147922297008336,0.00998113863170147
5755,WomenWhoStutter2165,0.15844081342220306,0.1886315941810608,0.1827881634235382,0.024936217814683914,0.03503749147057533
5756,StutteringIsCool4533,0.2758027911186218,0.5310755968093872,0.13956402242183685,0.0016881403280422091,0.36397451162338257
5757,StutterTalk6432,0.05024433135986328,0.0029869910795241594,4.8566625991952606e-06,1.0250645487985821e-07,0.0003232182061765343
5758,WomenWhoStutter2167,0.01582186669111252,0.1112372949719429,0.0007513059535995126,0.0006870165234431624,0.6633644104003906
5759,StutterTalk698,0.03607374429702759,0.40105679631233215,0.648827850818634,0.009786611422896385,0.02747219242155552
5760,StutteringIsCool6424,0.08619777113199234,0.3019402027130127,0.34381067752838135,0.018289852887392044,0.7568914294242859
5761,WomenWhoStutter2198,0.07170788198709488,0.3300064206123352,0.08812851458787918,0.08124378323554993,0.5733580589294434
5762,HeStutters11102,0.005571951158344746,0.2100166529417038,0.054159387946128845,0.023904673755168915,0.021202975884079933
5763,StrongVoices2311,0.017016252502799034,0.25126269459724426,0.011186502873897552,0.0003653201856650412,0.004746249411255121
5764,StutterTalk1828,0.03853129595518112,0.4186736047267914,0.0640840232372284,0.06789310276508331,0.5367326736450195
5765,StutteringIsCool172,0.004659084137529135,0.12468954920768738,0.027958828955888748,0.9621891975402832,0.05108208581805229
5766,StrongVoices114,0.6198200583457947,0.17441798746585846,0.0307578444480896,0.0006510221865028143,0.6156195402145386
5767,WomenWhoStutter62153,0.0059906961396336555,0.15078012645244598,0.09511060267686844,0.0869441106915474,0.16731759905815125
5768,StutteringIsCool8093,0.3891502916812897,0.14836007356643677,0.10260627418756485,0.6221989989280701,0.6332077980041504
5769,StutteringIsCool691,0.0035683633759617805,0.31198978424072266,0.026816407218575478,0.018931342288851738,0.15891869366168976
5770,HVSA263,0.002818771405145526,0.03895796090364456,0.0004251981736160815,0.00021197446039877832,0.04782867804169655
5771,StutterTalk883,0.00014678077423013747,0.12354239821434021,0.15539683401584625,0.06365659087896347,0.010055504739284515
5772,HeStutters215,0.0070801712572574615,0.2994290888309479,0.730201780796051,0.02170822024345398,0.10328811407089233
5773,StrongVoices1811,0.020672006532549858,0.32290974259376526,0.11311211436986923,0.0010119379730895162,0.0044148764573037624
5774,StrongVoices124,0.08138448745012283,0.32342106103897095,0.009376546368002892,0.00027999249869026244,0.008796882815659046
5775,StutteringIsCool4642,0.009653977118432522,0.14177343249320984,0.037088677287101746,0.3121139407157898,0.6937962174415588
5776,HeStutters11168,0.027966266497969627,0.10038924217224121,0.0317118875682354,0.8306215405464172,0.9568827152252197
5777,WomenWhoStutter3042,0.10568062961101532,0.4938185214996338,0.08882150799036026,0.37618356943130493,0.06942485272884369
5778,StutteringIsCool1737,0.08796147257089615,0.31078407168388367,0.02594439871609211,0.011771373450756073,0.9378206729888916
5779,WomenWhoStutter480,0.09550890326499939,0.11258585005998611,0.0015222461661323905,4.858255124418065e-05,0.9834005236625671
5780,StrongVoices76,0.9082314372062683,0.019817281514406204,0.003620302304625511,0.035884156823158264,0.030980488285422325
5781,StutterTalk925,0.5530156493186951,0.01334770955145359,0.0009306715801358223,0.0002164627076126635,0.0280157420784235
5782,HVSA2190,0.051256824284791946,0.46438735723495483,0.16114848852157593,0.0210126880556345,0.3174527883529663
5783,WomenWhoStutter9774,0.10487668961286545,0.05985227972269058,0.0023467857390642166,0.0034961961209774017,0.8309447765350342
5784,StrongVoices3132,0.025035202503204346,0.3938133418560028,0.32212281227111816,0.030505703762173653,0.012232099659740925
5785,StutteringIsCool7324,0.12177867442369461,0.11112213134765625,0.004181163851171732,0.0007532185991294682,0.019139574840664864
5786,WomenWhoStutter2143,0.13556750118732452,0.5054768323898315,0.07509323209524155,0.01861678808927536,0.4632375240325928
5787,StutterTalk5836,0.014635675586760044,0.41246920824050903,0.13832999765872955,0.17253750562667847,0.20354130864143372
5788,StutteringIsCool46190,0.0023829545825719833,0.06258084625005722,0.002553782192990184,0.005968026351183653,0.014860004186630249
5789,StutterTalk68150,0.3033435344696045,0.15794263780117035,0.008250556886196136,0.0022204630076885223,0.028477922081947327
5790,StutteringIsCool6732,0.04329352080821991,0.2942889332771301,0.1295388638973236,0.8984397649765015,0.25178465247154236
5791,StutterTalk329,0.2836630642414093,0.27102288603782654,0.04292910546064377,0.0013851183466613293,0.9484214186668396
5792,HVSA031,0.02416503056883812,0.1972326636314392,0.011516706086695194,0.09510640799999237,0.5884392857551575
5793,StutterTalk113,0.07625049352645874,0.25140461325645447,0.3924053907394409,0.01877407543361187,0.015098096802830696
5794,WomenWhoStutter4612,0.030716534703969955,0.21288324892520905,0.017736855894327164,0.006810749415308237,0.008264242671430111
5795,WomenWhoStutter6249,0.010436562821269035,0.08947266638278961,0.006493201479315758,0.0030275958124548197,0.00975535437464714
5796,WomenWhoStutter1213,0.005636582151055336,0.004107824061065912,0.00012990107643418014,0.00034372933441773057,0.014830687083303928
5797,IStutterSoWhat3148,0.019250426441431046,0.0969715341925621,0.021840421482920647,0.7764793634414673,0.8567125201225281
5798,StutteringIsCool8096,0.0028960302006453276,0.23093274235725403,0.05074724927544594,0.22235746681690216,0.29393720626831055
5799,StutteringIsCool171,0.14368417859077454,0.12444156408309937,0.03064287081360817,0.04455628618597984,0.9856473207473755
5800,HVSA161,0.03651755675673485,0.257057249546051,0.0036293885204941034,0.0002793216845020652,0.0012698947684839368
5801,StutterTalk1228,0.008914660662412643,0.027668045833706856,0.0016277271788567305,0.00044287170749157667,0.5880634784698486
5802,HeStutters1625,0.5715734362602234,0.019701268523931503,0.0023089798633009195,0.0006115931901149452,0.0064517417922616005
5803,StutteringIsCool7621,0.02394156903028488,0.3940940797328949,0.020254462957382202,0.002026328118517995,0.025164924561977386
5804,StutterTalk813,0.04267125204205513,0.11830737441778183,0.02564915083348751,0.04154306650161743,0.9679705500602722
5805,StutterTalk339,0.023480083793401718,0.344668447971344,0.7772552371025085,0.016252053901553154,0.007809390779584646
5806,StrongVoices029,0.038358692079782486,0.0534977912902832,0.0028655121568590403,0.00015582330524921417,0.0021332784090191126
5807,StutteringIsCool80100,0.04718873277306557,0.17233997583389282,0.003670706879347563,0.0002913492207881063,0.8840450644493103
5808,HeStutters18129,0.1121191754937172,0.2957935631275177,0.0069402423687279224,0.0006576401647180319,0.12010673433542252
5809,StrongVoices3332,0.04088309407234192,0.3253190517425537,0.01180967502295971,0.002451948821544647,0.008097735233604908
5810,StutterTalk26124,0.047194093465805054,0.12100141495466232,0.0074998545460402966,0.004182347096502781,0.7488958239555359
5811,StutterTalk466,0.04322207346558571,0.24456320703029633,0.08270692825317383,0.2931045889854431,0.02572029083967209
5812,StrongVoices134,0.1515829861164093,0.303279846906662,0.016667751595377922,0.0008122044964693487,0.002985896309837699
5813,StutterTalk3810,0.10896124690771103,0.44076019525527954,0.046221934258937836,0.0044988663867115974,0.005844405852258205
5814,WomenWhoStutter4518,0.0056354277767241,0.2098936140537262,0.07268352806568146,0.20137102901935577,0.0034705749712884426
5815,WomenWhoStutter261,0.29678741097450256,0.16208450496196747,0.044498950242996216,0.1182626485824585,0.856784999370575
5816,WomenWhoStutter2510,0.028635915368795395,0.34174126386642456,0.025569014251232147,0.05068519338965416,0.02520996518433094
5817,StutterTalk2833,0.011288712732493877,0.28648680448532104,0.3003292381763458,0.8343396782875061,0.06641381978988647
5818,MyStutteringLife194,0.0018146175425499678,0.0822833999991417,0.005451693665236235,0.010949037969112396,0.0025157127529382706
5819,StutterTalk3798,0.35547858476638794,0.13320879638195038,0.014112889766693115,0.005405912175774574,0.39874714612960815
5820,WomenWhoStutter267,0.006447949912399054,0.2646629512310028,0.004098459612578154,0.000290042458800599,0.002980172634124756
5821,WomenWhoStutter30183,0.4469422399997711,0.03107304312288761,0.004229434300214052,0.047220077365636826,0.08933968842029572
5822,MyStutteringLife1824,0.0016370355151593685,0.03375297784805298,0.0016261131968349218,0.017005687579512596,0.005755073856562376
5823,WomenWhoStutter3317,0.00036954364622943103,0.008126495406031609,0.0003975805884692818,0.00044124494888819754,0.0001844071812229231
5824,WomenWhoStutter2185,0.01018080860376358,0.4289681315422058,0.752717912197113,0.016662532463669777,0.01068522036075592
5825,WomenWhoStutter8786,0.17059443891048431,0.41238659620285034,0.1434060037136078,0.019942259415984154,0.05549468845129013
5826,StutterTalk7638,0.005687708035111427,0.23475569486618042,0.006828858982771635,0.0036414754576981068,0.4685903489589691
5827,StutterTalk2643,0.026051737368106842,0.4656122326850891,0.044120948761701584,0.00909256562590599,0.012600939720869064
5828,StutterTalk8154,0.05702695623040199,0.04590846598148346,0.00887116976082325,0.008810896426439285,0.014869439415633678
5829,StutterTalk7216,0.0980309247970581,0.24488911032676697,0.010186967439949512,0.00030810179305262864,0.005155366379767656
5830,WomenWhoStutter272,0.03546743467450142,0.5391989350318909,0.132279634475708,0.13960592448711395,0.46452221274375916
5831,StutteringIsCool6031,0.0019063642248511314,0.01360288355499506,0.0007284397725015879,9.951618267223239e-05,0.00023784632503520697
5832,StrongVoices1222,0.05290675908327103,0.5798629522323608,0.14390018582344055,0.0013687079772353172,0.006773993838578463
5833,WomenWhoStutter7635,0.017882639542222023,0.029745887964963913,0.0014882314717397094,0.0007562051177956164,0.0028676397632807493
5834,WomenWhoStutter9673,0.006100411992520094,0.20249103009700775,0.0011934801004827023,5.553227674681693e-05,0.25224870443344116
5835,StrongVoices21129,0.03443208709359169,0.1498711258172989,0.0007344538462348282,0.00039034089422784746,0.125998392701149
5836,HeStutters5152,0.025189412757754326,0.5519707202911377,0.2257421761751175,0.001969824777916074,0.0049402909353375435
5837,WomenWhoStutter227,0.00066343042999506,0.02503088489174843,0.0003022253222297877,0.0006807732861489058,0.00458886194974184
5838,StutteringIsCool7337,0.0014681101310998201,0.018718043342232704,0.0007187483133748174,0.0004824372590519488,0.0009606219828128815
5839,HVSA2194,0.007332597393542528,0.14958332479000092,0.004450339823961258,0.00018043338786810637,0.0008850869489833713
5840,HVSA289,0.08483173698186874,0.3569100797176361,0.44641512632369995,0.6008065938949585,0.5302174687385559
5841,WomenWhoStutter5812,0.511708676815033,0.18820706009864807,0.10861682891845703,0.00500482926145196,0.009827902540564537
5842,StrongVoices6119,0.17970316112041473,0.4098140597343445,0.1021067202091217,0.012619363144040108,0.03776457533240318
5843,MyStutteringLife88,0.010875883512198925,0.1888452172279358,0.6192875504493713,0.01279081404209137,0.0027878533583134413
5844,HeStutters19146,0.05717017874121666,0.13057640194892883,0.014502604492008686,0.2646104097366333,0.9543588161468506
5845,StutterTalk7625,0.08222074806690216,0.05510113760828972,0.04208115488290787,0.25600728392601013,0.009511432610452175
5846,StrongVoices217,0.020283060148358345,0.025739599019289017,0.00730482442304492,0.000872704666107893,0.00022306897153612226
5847,StutterTalk1524,0.0028901277109980583,0.07604875415563583,0.010134371928870678,0.43358227610588074,0.026740996167063713
5848,StrongVoices194,0.4745705723762512,0.25356367230415344,0.44004639983177185,0.004654747899621725,0.02018374763429165
5849,StrongVoices122,0.011838313192129135,0.020774202421307564,0.00031677918741479516,0.00041920726653188467,0.18992844223976135
5850,HVSA2160,0.07847529649734497,0.13556207716464996,0.004111036192625761,0.00017031727475114167,0.003177568083629012
5851,StutteringIsCool6136,0.04667026922106743,0.28593680262565613,0.0033797267824411392,9.166787640424445e-05,0.008130813017487526
5852,HeStutters1876,0.07638448476791382,0.062269195914268494,0.0035683666355907917,0.014291173778474331,0.15805146098136902
5853,WomenWhoStutter30186,0.007145406678318977,0.3648555278778076,0.1566818356513977,0.0037933867424726486,0.004137870389968157
5854,WomenWhoStutter687,0.016865482553839684,0.13841348886489868,0.046660177409648895,0.018071243539452553,0.0067606098018586636
5855,StutterTalk531,0.011462327092885971,0.08833999931812286,0.0048342980444431305,0.013218081556260586,0.14413803815841675
5856,WomenWhoStutter62222,0.0077084824442863464,0.03463730588555336,0.0024313926696777344,0.0041600666008889675,0.0038834749720990658
5857,StutteringIsCool4722,0.006634085904806852,0.08127652853727341,0.043106451630592346,0.6211994886398315,0.8706510663032532
5858,StutteringIsCool4024,0.0023834477178752422,0.12005185335874557,0.075462706387043,5.078245158074424e-05,0.00021573950652964413
5859,StutterTalk768,0.03170444443821907,0.2193814516067505,0.4997388422489166,0.800041139125824,0.09715564548969269
5860,StutterTalk37108,0.052866216748952866,0.02598964236676693,0.0030645267106592655,0.1334390491247177,0.029742654412984848
5861,StutterTalk68137,0.003854733658954501,0.12157399952411652,0.023109206929802895,0.009520317427814007,0.003591784741729498
5862,StutterTalk3828,0.399982213973999,0.49429044127464294,0.3612404763698578,0.01681963913142681,0.6012138724327087
5863,HVSA1156,0.017102310433983803,0.04970383271574974,0.0528717078268528,0.27616962790489197,0.04638633504509926
5864,StutterTalk7235,0.07616584002971649,0.2111954241991043,0.03581233322620392,0.8404480814933777,0.5718872547149658
5865,StrongVoices2333,0.0005902236443944275,0.11001414060592651,0.00037602888187393546,1.1759675544453785e-05,0.00016671826597303152
5866,WomenWhoStutter2114,0.09819920361042023,0.07747450470924377,0.0018512011738494039,0.000686932704411447,0.011564944870769978
5867,StutterTalk8142,0.023550648242235184,0.26477929949760437,0.10655906051397324,0.19978027045726776,0.7794908881187439
5868,StrongVoices10199,0.04523023962974548,0.4745039939880371,0.17757192254066467,0.15033702552318573,0.03227802366018295
5869,StutterTalk3742,0.06139695644378662,0.29344770312309265,0.43366575241088867,0.511856198310852,0.5057646632194519
5870,StutterTalk1833,0.0008269791724160314,0.06610094755887985,0.00015006073226686567,6.475539703387767e-05,0.001787843881174922
5871,StrongVoices1114,0.4251037538051605,0.05029654875397682,0.0004723692254628986,4.769920269609429e-05,0.012381755746901035
5872,MyStutteringLife03,0.029667867347598076,0.30156391859054565,0.0042943102307617664,0.0019078718032687902,0.07799891382455826
5873,MyStutteringLife396,0.04380501061677933,0.43150362372398376,0.07111705094575882,0.04408574849367142,0.8550698757171631
5874,StutterTalk7718,0.026610400527715683,0.436250239610672,0.49491071701049805,0.006572937127202749,0.04792248457670212
5875,HVSA02,0.016052931547164917,0.1385466754436493,0.16708838939666748,0.2167922556400299,0.0195025447756052
5876,StrongVoices927,0.36926260590553284,0.09134400635957718,0.005753851495683193,0.00037311544292606413,0.01927425153553486
5877,HeStutters1998,0.07996038347482681,0.46865490078926086,0.08506389707326889,0.006495441775768995,0.4180096685886383
5878,WomenWhoStutter557,0.01733035035431385,0.05305774137377739,0.016889574006199837,0.014079464599490166,0.0039255619049072266
5879,StrongVoices1228,0.0010459906188771129,0.016263127326965332,0.0008931490010581911,0.0015120870666578412,0.0019624419510364532
5880,StrongVoices126,0.021585216745734215,0.060395497828722,0.0008848271681927145,0.0005778037011623383,0.0052185142412781715
5881,WomenWhoStutter21183,0.22131408751010895,0.07469341903924942,0.020308062434196472,0.006486865226179361,0.01042444072663784
5882,StutterTalk5329,0.04223755747079849,0.23352904617786407,0.009297974407672882,0.00416300306096673,0.16301342844963074
5883,StrongVoices2432,0.00025502368225716054,0.012857694178819656,2.6836865799850784e-05,3.3333250030409545e-05,0.0005069030448794365
5884,WomenWhoStutter1531,0.010234072804450989,0.13117638230323792,0.0031511830165982246,0.002090818714350462,0.008346356451511383
5885,StutterTalk25136,0.0011652857065200806,0.018709998577833176,0.0004914529272355139,0.00598704582080245,0.013409089297056198
5886,StrongVoices6143,0.2521342933177948,0.1099809780716896,0.001744661363773048,0.0002666051732376218,0.014823757112026215
5887,MyStutteringLife813,0.00031165435211732984,0.04944516345858574,0.00048440354294143617,5.021430479246192e-05,0.0005931858322583139
5888,StrongVoices32190,0.1362215131521225,0.35282477736473083,0.0025261766277253628,2.0683022739831358e-05,0.001546207582578063
5889,StutterTalk122,0.09698545187711716,0.0633138120174408,0.0023369009140878916,0.0002444347774144262,0.005294802598655224
5890,WomenWhoStutter1477,0.04063741862773895,0.5671820044517517,0.14048337936401367,0.0017296834848821163,0.008948791772127151
5891,MyStutteringLife52,0.09309498220682144,0.45480701327323914,0.13621309399604797,0.16664713621139526,0.5110480189323425
5892,WomenWhoStutter30175,0.001748715410940349,0.02352691814303398,0.0017548190662637353,0.006955105811357498,0.02894534170627594
5893,WomenWhoStutter2106,0.04745269566774368,0.14659333229064941,0.002138058887794614,0.012399797327816486,0.006246309727430344
5894,StrongVoices6145,0.03199521824717522,0.1859239786863327,0.003942606505006552,0.00019306180183775723,0.0015616026939824224
5895,StutterTalk2676,0.0031700129620730877,0.06788966059684753,0.011415094137191772,0.008172580972313881,0.003745000809431076
5896,StutterTalk26109,0.00042249358375556767,0.038413453847169876,0.0027925993781536818,0.003981277346611023,0.0006494762492366135
5897,StrongVoices3227,0.09060870856046677,0.3775249123573303,0.035146988928318024,0.008831893093883991,0.030430778861045837
5898,HVSA333,0.0016179080121219158,0.12960994243621826,0.9465632438659668,0.021773280575871468,0.009098905138671398
5899,StutteringIsCool4714,0.003744077403098345,0.10726884007453918,0.0570734478533268,0.008145785890519619,0.0027500337455421686
5900,StutterTalk7812,0.002560015767812729,0.48963460326194763,0.005326262209564447,0.00028779421700164676,0.0016833071131259203
5901,HVSA1183,0.019470611587166786,0.4976109564304352,0.35462141036987305,0.22889745235443115,0.0406678207218647
5902,WomenWhoStutter10812,0.005189639050513506,0.16559547185897827,0.0010747192427515984,7.297017145901918e-05,0.0006897557759657502
5903,WomenWhoStutter683,0.025853406637907028,0.17767997086048126,0.030924081802368164,0.1871001273393631,0.7439159154891968
5904,StutterTalk2657,0.011085639707744122,0.1727057695388794,0.03184092417359352,0.14235657453536987,0.038314204663038254
5905,StutterTalk1030,0.05647015944123268,0.11327328532934189,0.004519039299339056,0.0014763379003852606,0.13722531497478485
5906,WomenWhoStutter2120,0.0019164920086041093,0.01100426260381937,0.006895947270095348,0.4785342216491699,0.04607238247990608
5907,StutteringIsCool80141,0.8123746514320374,0.09219511598348618,0.2061416059732437,0.0792052298784256,0.24691560864448547
5908,StrongVoices21185,0.0008374945027753711,0.10073745995759964,0.0008420820813626051,0.00033535220427438617,0.12922005355358124
5909,IStutterSoWhat0107,0.06681149452924728,0.6165770292282104,0.20071741938591003,0.0036359194200485945,0.022460198029875755
5910,StrongVoices32112,0.16481193900108337,0.43785360455513,0.03563482314348221,0.0003054723783861846,0.002674794988706708
5911,MyStutteringLife024,0.018124908208847046,0.1662929207086563,0.050685469061136246,0.02337295189499855,0.016679417341947556
5912,StutterTalk2585,0.013251684606075287,0.12004205584526062,0.012668312527239323,0.021899092942476273,0.0076533593237400055
5913,StutterTalk463,0.08395812660455704,0.23024135828018188,0.014633068814873695,0.01274057012051344,0.03578057885169983
5914,WomenWhoStutter2188,0.10547800362110138,0.029247000813484192,0.0016646001022309065,0.00035105686401948333,0.0023811040446162224
5915,StutterTalk8159,0.005277362186461687,0.10473115742206573,0.027629293501377106,0.8875607252120972,0.07528702169656754
5916,StutteringIsCool1833,0.0004078875936102122,0.0007011432899162173,4.26841143053025e-06,8.527446198058897e-07,1.7144173398264684e-05
5917,StutterTalk1832,0.009642495773732662,0.1653054654598236,0.015588514506816864,0.5536695718765259,0.8324007987976074
5918,StutteringIsCool699,0.06203398108482361,0.25735801458358765,0.047830574214458466,0.004882722161710262,0.880888044834137
5919,HeStutters5182,0.0036450240295380354,0.08500853925943375,0.9532856941223145,0.001293441280722618,0.00566526735201478
5920,WomenWhoStutter97192,0.039952974766492844,0.32121288776397705,0.013702025637030602,0.027424778789281845,0.8143483400344849
5921,StutterTalk383,0.13190898299217224,0.20285357534885406,0.005354471504688263,0.00246158754453063,0.01029921229928732
5922,StutteringIsCool6417,0.07733595371246338,0.46189770102500916,0.6458724141120911,0.00836546067148447,0.34582483768463135
5923,StutterTalk337,0.018647177144885063,0.506330668926239,0.6518304347991943,0.07539177685976028,0.10605155676603317
5924,HVSA1162,0.0076898192055523396,0.14128102362155914,0.039179664105176926,0.23381289839744568,0.5866703391075134
5925,StrongVoices10213,0.021618949249386787,0.04436129331588745,0.002949370536953211,0.0003726192226167768,0.002756435889750719
5926,StrongVoices318,0.011892733164131641,0.07070605456829071,0.00470305047929287,0.01429082453250885,0.7447196245193481
5927,StutterTalk8027,0.00032822138746269047,0.12091551721096039,0.3821084797382355,0.33833038806915283,0.0006646227557212114
5928,StutterTalk7212,0.049824658781290054,0.3596012592315674,0.7568103671073914,0.009211458265781403,0.035071004182100296
5929,HeStutters16160,0.18098805844783783,0.06482064723968506,0.032363586127758026,0.06353361159563065,0.03665069863200188
5930,WomenWhoStutter3083,0.0010033203288912773,0.0529068186879158,0.00040746337617747486,5.6832373957149684e-05,0.0004317452840041369
5931,WomenWhoStutter87177,0.1443827897310257,0.35645192861557007,0.09107766300439835,0.04298098385334015,0.5633417963981628
5932,StutteringIsCool1834,0.20090380311012268,0.19144877791404724,0.016228027641773224,0.017272699624300003,0.9069452881813049
5933,StrongVoices13,0.0004616082878783345,0.048418235033750534,0.0015936989802867174,0.0013748371275141835,0.00033867062302306294
5934,WomenWhoStutter624,0.0062223514541983604,0.15660008788108826,0.312839150428772,0.4608527719974518,0.05210404470562935
5935,HVSA087,0.2104637324810028,0.1171417161822319,0.0025529321283102036,0.0002829729928635061,0.9287580847740173
5936,StutterTalk6459,0.6335537433624268,0.05015711113810539,0.005205600988119841,0.0007799908635206521,0.001780717633664608
5937,WomenWhoStutter833,0.004281600005924702,0.23398138582706451,0.4119361340999603,0.0002789653080981225,0.004919664468616247
5938,WomenWhoStutter4927,0.05548035725951195,0.5365462899208069,0.33091580867767334,0.09130410104990005,0.06715136021375656
5939,StutteringIsCool6736,0.015465868636965752,0.10699787735939026,0.019276505336165428,0.325839638710022,0.2594270706176758
5940,StutterTalk8131,0.049948811531066895,0.18479911983013153,0.0428244024515152,0.18189282715320587,0.15755340456962585
5941,StrongVoices23191,0.21586844325065613,0.3992880880832672,0.02566526271402836,0.006273501552641392,0.7416830658912659
5942,WomenWhoStutter259,0.24020731449127197,0.3698039948940277,0.028093375265598297,0.0002753696753643453,0.004854387138038874
5943,StutterTalk5823,0.037512846291065216,0.46394407749176025,0.45483967661857605,0.02307887002825737,0.028674500063061714
5944,StutterTalk3435,0.2444504350423813,0.44495251774787903,0.2295866161584854,0.002894551958888769,0.16572026908397675
5945,StutterTalk6354,0.0293378084897995,0.5110436677932739,0.0408363938331604,0.012345043942332268,0.09623559564352036
5946,StutterTalk68134,0.0013714671367779374,0.06268271803855896,0.0066523365676403046,0.009440158493816853,0.001606325968168676
5947,WomenWhoStutter62109,0.5203014016151428,0.05845872312784195,0.004549010656774044,0.0005164932808838785,0.010438572615385056
5948,StrongVoices21170,0.20398525893688202,0.3052414357662201,0.03034173883497715,0.0032741164322942495,0.7413057088851929
5949,WomenWhoStutter62218,0.01264403760433197,0.17763854563236237,0.0027155959978699684,0.006453181616961956,0.04474509507417679
5950,StutteringIsCool7913,0.05797350034117699,0.2974582016468048,0.005309313535690308,5.890831016586162e-05,0.002928141737356782
5951,StrongVoices6205,0.018404563888907433,0.33197635412216187,0.004417562857270241,0.00010502157965674996,0.003313173772767186
5952,StutterTalk64186,0.11159278452396393,0.02527247555553913,0.009452772326767445,0.016039054840803146,0.015600927174091339
5953,IStutterSoWhat3112,0.037959132343530655,0.07788007706403732,0.04788755998015404,0.9320669174194336,0.023469896987080574
5954,StutterTalk419,0.005611582193523645,0.2563028037548065,0.15661798417568207,0.8392649292945862,0.1598728746175766
5955,StutterTalk109,0.3737114369869232,0.4003678560256958,0.5778613686561584,0.3193863332271576,0.8144717812538147
5956,StrongVoices3111,0.005853061564266682,0.10158039629459381,0.00580699322745204,0.03260122612118721,0.015542387031018734
5957,StutterTalk3714,0.007903453893959522,0.03638215735554695,0.0012493313988670707,0.0017620702274143696,0.5846946239471436
5958,HVSA174,0.17153407633304596,0.14136601984500885,0.0176040418446064,0.0035672259982675314,0.11023469269275665
5959,StutterTalk726,0.010265796445310116,0.40576913952827454,0.20826877653598785,0.019117096439003944,0.014351599849760532
5960,StutterTalk26169,0.038854923099279404,0.3569470942020416,0.4757766127586365,0.1971871703863144,0.8928375840187073
5961,HVSA1179,0.11598636209964752,0.14836862683296204,0.014409608207643032,0.19261999428272247,0.9183565974235535
5962,StutterTalk220,0.06641803681850433,0.02391783334314823,0.001251069363206625,0.002541294787079096,0.041238050907850266
5963,StrongVoices687,0.6983639001846313,0.04847438260912895,0.003131492529064417,0.005643931217491627,0.08397984504699707
5964,WomenWhoStutter30115,0.014638252556324005,0.35467472672462463,0.07659633457660675,0.005532099865376949,0.03752649202942848
5965,HVSA291,0.0067599499598145485,0.14946416020393372,0.0750037282705307,0.06705011427402496,0.008050547912716866
5966,StutterTalk2620,0.024174489080905914,0.20503543317317963,0.005852867849171162,0.0002450744214002043,0.001379281748086214
5967,StutterTalk6481,0.0030272940639406443,0.003423667047172785,1.5153811546042562e-05,2.6204386358585907e-06,0.0004087497654836625
5968,HVSA0108,0.02708273008465767,0.21650372445583344,0.4871572256088257,0.2245694398880005,0.018608948215842247
5969,HeStutters575,0.08714599907398224,0.3053905665874481,0.04762369394302368,0.0061033908277750015,0.918297290802002
5970,HeStutters1710,0.01761527732014656,0.2605316638946533,0.06584827601909637,0.3187335133552551,0.5087988972663879
5971,StutterTalk1521,0.15633420646190643,0.14055578410625458,0.007190777454525232,0.10544544458389282,0.9146194458007812
5972,StrongVoices810,0.24513296782970428,0.30432647466659546,0.21904721856117249,0.08671901375055313,0.824916660785675
5973,WomenWhoStutter97189,0.016404585912823677,0.4071744382381439,0.08521223068237305,0.052335333079099655,0.00299866683781147
5974,StutterTalk7234,0.04169289767742157,0.4126451015472412,0.06366554647684097,0.19811847805976868,0.05312863737344742
5975,StutterTalk8110,0.00022322282893583179,0.007249422837048769,0.00059799529844895,0.00026787351816892624,9.149015386356041e-05
5976,WomenWhoStutter7610,0.607850968837738,0.22316674888134003,0.040529489517211914,0.13490629196166992,0.3395744562149048
5977,StrongVoices21106,0.08294790238142014,0.1612454354763031,0.056366533041000366,0.91753751039505,0.26532870531082153
5978,HVSA219,0.38852229714393616,0.2852020263671875,0.3868663012981415,0.004264586139470339,0.029638266190886497
5979,StrongVoices3238,0.8972794413566589,0.06287490576505661,0.07352860271930695,0.0013906691456213593,0.006958377081900835
5980,StutterTalk6476,0.027548717334866524,0.3009718656539917,0.14719776809215546,0.05698957294225693,0.3095662295818329
5981,StutterTalk286,0.06804926693439484,0.21961891651153564,0.016358762979507446,0.0007218471728265285,0.8821255564689636
5982,WomenWhoStutter3068,0.0010451249545440078,0.021478455513715744,0.010475197806954384,0.03699607402086258,0.0035026995465159416
5983,StutterTalk6622,0.00023654366668779403,0.01653650403022766,0.0010669321054592729,0.0004154874477535486,0.00021273718448355794
5984,StrongVoices285,0.10698762536048889,0.024578094482421875,0.001905454439111054,0.00029301922768354416,0.0015897501725703478
5985,StutteringIsCool116,0.0003544924547895789,0.01047519315034151,0.003566932864487171,0.08308514207601547,0.001960650784894824
5986,IStutterSoWhat0111,0.0020811378490179777,0.03153327852487564,0.0005740333581343293,0.0005449153250083327,0.000842423178255558
5987,StutterTalk6420,0.026020582765340805,0.326386034488678,0.05901879072189331,0.0017310945549979806,0.005834423936903477
5988,WomenWhoStutter296,0.158281147480011,0.15534774959087372,0.041773613542318344,0.4105234742164612,0.7835308313369751
5989,WomenWhoStutter1517,0.556602418422699,0.11277727037668228,0.007165118586272001,0.00013366066559683532,0.02736637182533741
5990,WomenWhoStutter820,0.017898080870509148,0.377315491437912,0.6382871270179749,0.4842137396335602,0.06903674453496933
5991,WomenWhoStutter3086,0.0009700958034954965,0.017700521275401115,0.0006109363748691976,0.006955421529710293,0.028222136199474335
5992,StutterTalk3771,0.38338616490364075,0.07723939418792725,0.0457196943461895,0.2330881655216217,0.9590815901756287
5993,StutterTalk16,0.05116022750735283,0.13847894966602325,0.022101763635873795,0.09660317003726959,0.8918647766113281
5994,StutteringIsCool7539,0.03594150394201279,0.23622822761535645,0.09036362916231155,0.043162956833839417,0.5712943077087402
5995,StutterTalk64107,0.5772033333778381,0.02692897990345955,0.0013261219719424844,0.00011540956620592624,0.0042062001302838326
5996,StrongVoices6202,0.05646505206823349,0.08618731796741486,0.02877235785126686,0.008503315038979053,0.0025194017216563225
5997,StrongVoices276,0.7143000960350037,0.3198830783367157,0.05154704675078392,5.682158734998666e-05,0.015610060654580593
5998,StutterTalk5522,0.024934614077210426,0.4274483919143677,0.007797992788255215,0.0009558220626786351,0.007075014989823103
5999,WomenWhoStutter6816,0.020538456737995148,0.07513584941625595,0.00023981921549420804,6.11736613791436e-05,0.2689836025238037
6000,StrongVoices936,0.0006631785654462874,0.17324556410312653,0.007247048895806074,0.004935668781399727,0.0034545212984085083
6001,HVSA2117,0.23469501733779907,0.5094286203384399,0.32297104597091675,0.01668660342693329,0.03530282527208328
6002,StutterTalk37133,0.06290655583143234,0.06876325607299805,0.007745000999420881,0.012042025104165077,0.9028329253196716
6003,HVSA2161,0.2477906346321106,0.46552574634552,0.5214217305183411,0.015503278002142906,0.05733206123113632
6004,StutteringIsCool2935,0.0014290007529780269,0.02363693341612816,0.04727937653660774,0.7092785835266113,0.004399383906275034
6005,WomenWhoStutter461,0.124239981174469,0.10892240703105927,0.006553356070071459,0.0038974243216216564,0.8852922320365906
6006,HeStutters161,0.544256865978241,0.054466236382722855,0.003118819324299693,0.000791054277215153,0.009327894076704979
6007,StutterTalk842,0.025960059836506844,0.07994251698255539,0.0074425931088626385,0.007503866218030453,0.9160044193267822
6008,StutterTalk163,0.04595601558685303,0.5016589164733887,0.6135210394859314,0.08940193057060242,0.2828882336616516
6009,StutteringIsCool3318,0.03914609178900719,0.5509841442108154,0.5589486360549927,0.039126843214035034,0.08607351779937744
6010,StrongVoices021,0.015992922708392143,0.09301913529634476,0.0007633232162334025,6.400260463124141e-05,0.001733022159896791
6011,HVSA3171,0.04482649266719818,0.1494695246219635,0.6826750636100769,0.001747110509313643,0.013142789714038372
6012,StutterTalk736,0.10102219879627228,0.014781628735363483,0.0004307381168473512,0.000304489309201017,0.010518942028284073
6013,StrongVoices816,0.005166250746697187,0.11051469296216965,0.0033552611712366343,0.0025201316457241774,0.010657662525773048
6014,StrongVoices2922,0.36344048380851746,0.01159842312335968,0.004354219418019056,0.001621146104298532,0.0009522271575406194
6015,StutterTalk548,0.08633996546268463,0.09729893505573273,0.005235021002590656,0.006272900849580765,0.7403327226638794
6016,StutterTalk25168,0.0021475888788700104,0.02611520327627659,0.008236736059188843,0.09378837049007416,0.02165941521525383
6017,WomenWhoStutter8735,0.026904838159680367,0.04806281998753548,0.007606297731399536,0.01580735668540001,0.018418308347463608
6018,WomenWhoStutter4533,0.00025070636183954775,0.002795703010633588,0.0001305328478338197,0.00018292039749212563,0.0003772136988118291
6019,WomenWhoStutter466,0.0007739371503703296,0.04114404693245888,0.007799019105732441,0.0014347032411023974,0.00031889029196463525
6020,StrongVoices2194,0.40453168749809265,0.0412423349916935,0.007664399221539497,0.0033202115446329117,0.25683510303497314
6021,StutteringIsCool156,0.0002867176372092217,0.06212133169174194,0.0013653230853378773,1.2180147678009234e-05,3.116057996521704e-05
6022,WomenWhoStutter96150,0.014315873384475708,0.3177659511566162,0.38697338104248047,0.8169357776641846,0.11033309251070023
6023,WomenWhoStutter1044,0.14490272104740143,0.1948605477809906,0.015340695157647133,0.1040637195110321,0.11513125896453857
6024,StrongVoices820,0.5509607791900635,0.3272859752178192,0.09355855733156204,0.0004991517052985728,0.030193647369742393
6025,StutteringIsCool34138,0.03289413079619408,0.08110634237527847,0.03242144361138344,0.28593799471855164,0.8540520668029785
6026,StrongVoices292,0.5820437669754028,0.01785351149737835,0.0035097983200103045,0.003911017440259457,0.016135133802890778
6027,StrongVoices23107,0.04155679792165756,0.43423783779144287,0.1694655418395996,0.012775667943060398,0.8482569456100464
6028,StutterTalk934,0.08864767104387283,0.022402100265026093,0.000732417858671397,0.00014518956595566124,0.017216818407177925
6029,WomenWhoStutter2146,0.007770529482513666,0.1122872531414032,0.0029234816320240498,0.0019175156485289335,0.46493107080459595
6030,WomenWhoStutter8337,0.008346767164766788,0.06853753328323364,0.002343886997550726,0.002937150187790394,0.003119714790955186
6031,StutterTalk1510,0.016507843509316444,0.4707193076610565,0.08298885077238083,0.008049995638430119,0.6330639719963074
6032,StutteringIsCool764,0.4145585894584656,0.08308909833431244,0.011225962080061436,0.0013288314221426845,0.20159465074539185
6033,WomenWhoStutter4329,0.838148295879364,0.08537741750478745,0.0030522081069648266,2.4981900423881598e-05,0.00996483489871025
6034,StrongVoices21168,0.002237678272649646,0.2155742049217224,0.010954022407531738,0.015556356869637966,0.2651686370372772
6035,StutteringIsCool8048,0.003086013486608863,0.009910487569868565,0.0005978297558613122,0.006841927766799927,0.1415969282388687
6036,StutterTalk1637,0.04349476844072342,0.3152366578578949,0.3761061131954193,0.4997612237930298,0.7857133150100708
6037,StutteringIsCool80203,0.09753304719924927,0.13228386640548706,0.022953415289521217,0.009013508446514606,0.07248581945896149
6038,WomenWhoStutter8318,0.027680380269885063,0.10334264487028122,0.003780009225010872,0.0003163195797242224,0.9253190755844116
6039,StutterTalk64152,0.11533322185277939,0.13363268971443176,0.013129152357578278,0.018326034769415855,0.3418470025062561
6040,StutterTalk26178,0.004501541145145893,0.029088029637932777,0.0006530570681206882,0.0003225022810511291,0.0010868152603507042
6041,StutterTalk112,0.10087969899177551,0.06528443843126297,0.014292423613369465,0.0058653270825743675,0.2620275616645813
6042,StutteringIsCool8011,0.018100734800100327,0.17568834125995636,0.7785306572914124,0.15774798393249512,0.02013850025832653
6043,StutterTalk3792,0.0737043097615242,0.08395344763994217,0.011970721185207367,0.008639839477837086,0.9319984912872314
6044,StrongVoices926,0.10869919508695602,0.19003428518772125,0.017479190602898598,0.011861506849527359,0.459758996963501
6045,StutterTalk72157,0.4916622042655945,0.38098981976509094,0.3719438314437866,0.39365899562835693,0.06646736711263657
6046,StutterTalk221,0.013697881251573563,0.07264672219753265,0.019093099981546402,0.4966764450073242,0.08577460050582886
6047,StrongVoices23140,0.42629295587539673,0.07086867094039917,0.008230474777519703,0.00028738786932080984,0.003263462334871292
6048,HVSA072,0.03336285054683685,0.49179452657699585,0.07337716966867447,0.016353975981473923,0.14377284049987793
6049,StrongVoices53,0.011807527393102646,0.4291110634803772,0.015426158905029297,0.002464808290824294,0.2374960333108902
6050,StutteringIsCool4633,0.01641410030424595,0.4170036017894745,0.17041225731372833,0.39034613966941833,0.422226220369339
6051,StutterTalk64177,0.07019423693418503,0.08216504752635956,0.009222867898643017,0.007938534952700138,0.014234905131161213
6052,WomenWhoStutter2125,0.0191486906260252,0.033760976046323776,0.0020786290988326073,0.004946640692651272,0.0619855597615242
6053,StutterTalk26156,0.0028057899326086044,0.08497928082942963,0.014788004569709301,0.1338624358177185,0.5850430130958557
6054,StutteringIsCool6939,0.0006589111872017384,0.029443735256791115,0.00036660805926658213,0.00013480728375725448,0.0011957507813349366
6055,StutteringIsCool2926,0.0008331977878697217,0.012045525014400482,0.0003480466839391738,6.315880455076694e-05,0.0008592178346589208
6056,StutterTalk4921,0.032295700162649155,0.29638874530792236,0.12896442413330078,0.8150545954704285,0.3130403459072113
6057,HVSA051,0.023653073236346245,0.4448041617870331,0.24784114956855774,0.10444682836532593,0.0788055956363678
6058,WomenWhoStutter228,0.03665020689368248,0.43910345435142517,0.3755113482475281,0.009889433160424232,0.009091840125620365
6059,StutteringIsCool8425,0.0006622062646783888,0.0021865738090127707,2.2787346097175032e-05,1.5292495447738474e-07,7.286324489541585e-06
6060,StutterTalk852,0.004741431679576635,0.0271208006888628,0.0007204908761195838,0.000313856900902465,0.617974042892456
6061,HVSA04,0.020987914875149727,0.34309130907058716,0.556117832660675,0.047263212502002716,0.6742966771125793
6062,StutteringIsCool3828,0.005764614325016737,0.11420326679944992,0.0017794448649510741,6.0376027249731123e-05,0.0010047551477327943
6063,IStutterSoWhat32,6.282469985308126e-05,0.024961309507489204,0.0014116114471107721,0.0006804566946811974,0.001032026018947363
6064,StrongVoices911,0.0006464656908065081,0.03404120355844498,0.004429523833096027,0.0032242508605122566,0.0009460796136409044
6065,HVSA3157,0.0016778141725808382,0.07058316469192505,0.95767742395401,0.032225001603364944,0.026015380397439003
6066,StrongVoices1730,0.001887297141365707,0.2442331612110138,0.007965664379298687,0.0015598357422277331,0.002071827184408903
6067,IStutterSoWhat3155,0.00029468670254573226,0.15944208204746246,0.014658095315098763,0.0006245116819627583,0.0008931191987358034
6068,StutterTalk841,0.0009314859635196626,0.003421487519517541,0.0012115107383579016,0.1093074381351471,0.00369065860286355
6069,WomenWhoStutter5813,0.07233943045139313,0.29572317004203796,0.027525179088115692,0.009459374472498894,0.537780225276947
6070,HeStutters581,0.0008684690110385418,0.043626077473163605,0.0006812171777710319,0.00021166486840229481,0.0014752678107470274
6071,HVSA26,0.014038274064660072,0.040033549070358276,0.001762592582963407,0.022447559982538223,0.05525004491209984
6072,WomenWhoStutter8784,0.017724713310599327,0.1859021931886673,0.23797275125980377,0.29282012581825256,0.012248029001057148
6073,WomenWhoStutter6811,0.03908718377351761,0.24129605293273926,0.27365604043006897,0.792097270488739,0.04449949786067009
6074,StutteringIsCool80183,0.43950799107551575,0.03658014535903931,0.0026891729794442654,0.004278539679944515,0.2806406617164612
6075,StutterTalk4924,0.047057706862688065,0.13833676278591156,0.01756473444402218,0.06252780556678772,0.17326679825782776
6076,WomenWhoStutter4834,0.0007426207303069532,0.0074044931679964066,0.0004899089690297842,0.0050346204079687595,0.021884050220251083
6077,HVSA296,0.054557252675294876,0.0393415205180645,0.0046739899553358555,0.0007463251822628081,0.0020296615548431873
6078,HeStutters596,0.003467762842774391,0.1147458478808403,0.33155372738838196,5.0147169531555846e-05,0.0006045828922651708
6079,StutteringIsCool4037,0.0074034761637449265,0.06322823464870453,0.017315829172730446,0.012749233283102512,0.23334954679012299
6080,WomenWhoStutter86159,0.5074569582939148,0.29807519912719727,0.0343000590801239,0.00654024351388216,0.5309892296791077
6081,WomenWhoStutter8629,0.018488556146621704,0.3524979054927826,0.01053723692893982,0.004212638363242149,0.006007310003042221
6082,WomenWhoStutter97171,0.01860351487994194,0.24739155173301697,0.8555989861488342,0.20006345212459564,0.5169066786766052
6083,HVSA0127,0.018354324623942375,0.39369162917137146,0.006839750334620476,0.0010005154181271791,0.09514094144105911
6084,StutteringIsCool1622,0.015429609455168247,0.5491180419921875,0.4194236993789673,0.1882036179304123,0.029597533866763115
6085,StutteringIsCool10,0.3830588161945343,0.0880022644996643,0.004786943085491657,0.0001810911053325981,0.8910846710205078
6086,StutterTalk68174,0.0026027716230601072,0.06925494968891144,0.048420414328575134,0.016879387199878693,0.0112148467451334
6087,HVSA3109,0.0017808242700994015,0.06759916990995407,0.8724356293678284,0.03672404587268829,0.0036373448092490435
6088,HVSA2142,0.014396300539374352,0.18460100889205933,0.1234879270195961,0.7804880738258362,0.0927572175860405
6089,StutteringIsCool4938,0.18604083359241486,0.019608285278081894,0.001578579074703157,0.0006026604678481817,0.0030431745108217
6090,WomenWhoStutter2138,0.0022199894301593304,0.1467067003250122,0.003054001834243536,0.0003188629343640059,0.002260109642520547
6091,WomenWhoStutter23,0.794836699962616,0.1165749728679657,0.09007212519645691,0.0006136347656138241,0.012246044352650642
6092,HeStutters030,0.11469387263059616,0.2513991594314575,0.08355056494474411,0.40942806005477905,0.06462933868169785
6093,StutterTalk152,0.12297867983579636,0.041630618274211884,0.006187865044921637,0.006305413320660591,0.02679090015590191
6094,WomenWhoStutter309,0.07982888072729111,0.17430338263511658,0.002981843426823616,0.0002121432771673426,0.0032837348990142345
6095,StutterTalk184,0.01066967099905014,0.07361304759979248,0.015670886263251305,0.13671405613422394,0.01920132339000702
6096,StrongVoices32167,0.6359490752220154,0.3127771317958832,0.4635445475578308,0.29792144894599915,0.30730897188186646
6097,StrongVoices2926,0.02108050137758255,0.2649269104003906,0.07493837177753448,0.03008611872792244,0.014452727511525154
6098,StutteringIsCool80172,0.003337000496685505,0.04678824916481972,0.033391956239938736,0.9567357897758484,0.029253358021378517
6099,StutterTalk6357,0.047911472618579865,0.21194913983345032,0.020328650251030922,0.017216060310602188,0.37636101245880127
6100,StutteringIsCool6217,0.029046500101685524,0.09812939912080765,0.007223114836961031,0.029264966025948524,0.028778987005352974
6101,StutteringIsCool4522,0.3478125333786011,0.14166267216205597,0.22469373047351837,0.7777953147888184,0.15676365792751312
6102,StrongVoices1033,0.07539311796426773,0.16998079419136047,0.0030637094751000404,0.0004265269380994141,0.12230275571346283
6103,IStutterSoWhat3151,0.5466580390930176,0.32388025522232056,0.5129395723342896,0.11414138227701187,0.19224953651428223
6104,StutterTalk268,0.26473909616470337,0.42664968967437744,0.08205421268939972,0.02863231860101223,0.7428396344184875
6105,HVSA066,0.06484910845756531,0.26185399293899536,0.026734184473752975,0.0916861891746521,0.9147072434425354
6106,StutterTalk5826,0.014749920926988125,0.19736221432685852,0.8582972884178162,0.1305689811706543,0.2061980664730072
6107,StutterTalk5423,0.007099493406713009,0.0783524215221405,0.08843713253736496,0.9256243109703064,0.5246630907058716
6108,StutterTalk68183,0.015165585093200207,0.16205476224422455,0.02949611097574234,0.18969102203845978,0.8897979855537415
6109,HVSA2119,0.04464561119675636,0.6161097884178162,0.13748128712177277,0.053076211363077164,0.02033219113945961
6110,StrongVoices1936,0.0008000085363164544,0.011340988799929619,0.0002694483264349401,0.0007997561478987336,0.006230140570551157
6111,StutterTalk312,0.0031167962588369846,0.33150702714920044,0.2181260585784912,0.0008670461247675121,0.005930560175329447
6112,WomenWhoStutter4930,0.0793585553765297,0.042102109640836716,0.002179692266508937,0.00038091515307314694,0.024077177047729492
6113,StutteringIsCool6211,0.00708550401031971,0.2385648488998413,0.38874778151512146,0.04897157847881317,0.043669041246175766
6114,StutteringIsCool849,0.0017270130338147283,0.050361912697553635,0.02038726769387722,1.0209373613179196e-06,1.1239845662203152e-05
6115,MyStutteringLife022,0.029804039746522903,0.2750055491924286,0.022383524104952812,0.008773508481681347,0.009282530285418034
6116,WomenWhoStutter62103,0.01215450745075941,0.05994604527950287,0.008360394276678562,0.020538941025733948,0.1395006775856018
6117,HVSA377,0.006243436597287655,0.05400722101330757,0.04184887930750847,0.8306077718734741,0.9287983179092407
6118,StrongVoices3326,0.0032722032628953457,0.2101343274116516,0.005217323545366526,0.004759801086038351,0.03566979244351387
6119,StutteringIsCool1838,0.30060622096061707,0.08517856150865555,0.020234735682606697,0.1596076488494873,0.013636784628033638
6120,StutterTalk6343,0.021680187433958054,0.1240176409482956,0.014015363529324532,0.0773477777838707,0.10436136275529861
6121,StrongVoices23245,0.5832217335700989,0.022638684138655663,0.0008971735369414091,5.661167233483866e-05,0.028122521936893463
6122,StutterTalk6835,0.010988994501531124,0.3852687478065491,0.008853025734424591,7.214150537038222e-05,0.004526475910097361
6123,StutteringIsCool4527,0.12856796383857727,0.18573586642742157,0.0160796158015728,0.0032046439591795206,0.49447551369667053
6124,StutterTalk68133,0.04391732066869736,0.2098081409931183,0.2665771245956421,0.17047010362148285,0.43023714423179626
6125,StutterTalk8186,0.10080510377883911,0.08527720719575882,0.005389457102864981,0.003429868258535862,0.5467348694801331
6126,WomenWhoStutter223,0.7976161241531372,0.009715547785162926,0.00020291305554565042,2.7911642973776907e-05,0.5606420636177063
6127,HVSA016,0.12055516988039017,0.34007880091667175,0.0042744907550513744,0.0013752293307334185,0.028080064803361893
6128,StrongVoices2816,0.5774717926979065,0.1581697165966034,0.00968215148895979,0.0014659167500212789,0.9493072032928467
6129,StutteringIsCool739,0.005814373027533293,0.03403026610612869,0.025775521993637085,0.22299699485301971,0.007728978060185909
6130,StrongVoices1210,0.005917671136558056,0.10002782940864563,0.038053736090660095,0.13191533088684082,0.011721007525920868
6131,WomenWhoStutter6274,0.14242467284202576,0.46210816502571106,0.15719227492809296,0.13055413961410522,0.4152190089225769
6132,HVSA029,0.04789981618523598,0.6244091391563416,0.10767383873462677,0.004261424299329519,0.04714206978678703
6133,StutterTalk723,0.001416959916241467,0.13871386647224426,0.08299753814935684,0.2490566372871399,0.04764380306005478
6134,WomenWhoStutter352,0.30480334162712097,0.3144485354423523,0.08433663845062256,0.008249792270362377,0.007023222744464874
6135,WomenWhoStutter21130,0.05261389911174774,0.420478492975235,0.40333840250968933,0.02426394820213318,0.01928265392780304
6136,StutterTalk7914,0.0026938964147120714,0.12098297476768494,0.0016009894898161292,0.0001660690177232027,0.0018535454291850328
6137,StutterTalk2311,0.00625207182019949,0.37166228890419006,0.11916904151439667,0.009394874796271324,0.36138513684272766
6138,HVSA250,0.11192410439252853,0.31192687153816223,0.2930343747138977,0.19082745909690857,0.4049508273601532
6139,StutterTalk64164,0.4699937403202057,0.04487675428390503,0.003563988720998168,0.003154018195345998,0.052713166922330856
6140,StrongVoices212,0.26943251490592957,0.5104144215583801,0.06446482986211777,0.0076018935069441795,0.13397316634655
6141,StrongVoices3225,0.06148920953273773,0.3251259922981262,0.05168193578720093,0.004788274876773357,0.9041077494621277
6142,HeStutters737,0.004240868147462606,0.02840033359825611,0.0004445803351700306,0.0003574143338482827,0.0022497624158859253
6143,StutterTalk1218,0.1247076690196991,0.1649034172296524,0.08050982654094696,0.0004170127213001251,0.00010963051317958161
6144,StrongVoices935,0.34060555696487427,0.11461398005485535,0.01828593574464321,0.001900452421978116,0.006300995592027903
6145,StutterTalk8117,0.04220234230160713,0.1206226721405983,0.17719507217407227,0.873875617980957,0.9437642693519592
6146,WomenWhoStutter97188,0.03282232582569122,0.4011153280735016,0.3959190547466278,0.6165333390235901,0.07696817070245743
6147,StutteringIsCool3820,0.01965964026749134,0.11724531650543213,0.004981851205229759,0.06196145713329315,0.42894378304481506
6148,StutterTalk6391,0.00830077100545168,0.599482536315918,0.1631205826997757,0.005431449040770531,0.02343526855111122
6149,StutterTalk10,0.015871310606598854,0.5332560539245605,0.5402656197547913,0.03313494846224785,0.01209439616650343
6150,StrongVoices1423,0.008337678387761116,0.23504063487052917,0.0061284215189516544,0.0059780883602797985,0.6598789095878601
6151,WomenWhoStutter10158,0.02759339101612568,0.06631828099489212,0.003097116481512785,0.0013024110812693834,0.8721339106559753
6152,HVSA061,0.3495206832885742,0.3755438029766083,0.0860246941447258,0.0065488568507134914,0.16533853113651276
6153,WomenWhoStutter42181,0.3253728747367859,0.05786365643143654,0.0024347733706235886,0.00015999564493540674,0.0209861658513546
6154,StrongVoices10210,0.07805196195840836,0.5547940731048584,0.23289816081523895,0.09907551109790802,0.05248591676354408
6155,StrongVoices2189,0.20944246649742126,0.21140074729919434,0.15577614307403564,0.05078417435288429,0.025863343849778175
6156,HeStutters5135,0.016546573489904404,0.19693097472190857,0.005963488016277552,0.0007259909762069583,0.7281589508056641
6157,StutterTalk305,0.21937617659568787,0.33944204449653625,0.012992899864912033,0.002640906721353531,0.013577538542449474
6158,StutterTalk26114,0.026039186865091324,0.2368236780166626,0.10532424598932266,0.2971855700016022,0.8787763118743896
6159,WomenWhoStutter1078,0.15792973339557648,0.02282320149242878,0.00908308383077383,0.09268837422132492,0.003015025518834591
6160,WomenWhoStutter739,0.041444484144449234,0.1683293581008911,0.0046737054362893105,0.0009715103660710156,0.004824249539524317
6161,StutterTalk1019,0.03289135545492172,0.03263898566365242,0.0019743447192013264,0.0039001351688057184,0.027132907882332802
6162,HVSA394,0.001271104789339006,0.08015237003564835,0.589931845664978,0.16108782589435577,0.0009239897481165826
6163,StrongVoices23159,0.14713357388973236,0.25692805647850037,0.15220241248607635,0.22199402749538422,0.35064494609832764
6164,HeStutters1140,0.007533003576099873,0.5830621123313904,0.07102923095226288,0.000395798881072551,0.005843998398631811
6165,IStutterSoWhat3136,0.042477671056985855,0.11614464223384857,0.0015685772523283958,0.00014639610890299082,0.9179266095161438
6166,StutteringIsCool803,0.0013404047349467874,0.032161321491003036,0.03449007496237755,0.4416404068470001,0.028553348034620285
6167,HVSA1113,0.016172079369425774,0.45086464285850525,0.4007120430469513,0.005878097377717495,0.47273650765419006
6168,WomenWhoStutter86160,0.08773737400770187,0.07182799279689789,0.005332488566637039,0.013856661505997181,0.03962737321853638
6169,HVSA098,0.03706042096018791,0.4060579240322113,0.013392924331128597,0.010790887288749218,0.10139186680316925
6170,StutterTalk7616,0.017591143026947975,0.2456740140914917,0.044058024883270264,0.05472220107913017,0.013992288149893284
6171,HeStutters12103,0.08940938115119934,0.015164290554821491,0.008343145251274109,0.011575769633054733,0.0006475778063759208
6172,StutterTalk3235,0.19896365702152252,0.1800745129585266,0.004860663786530495,0.0012279360089451075,0.028341013938188553
6173,WomenWhoStutter87132,0.03822195157408714,0.5293183326721191,0.2601830065250397,0.10560797899961472,0.00810045562684536
6174,IStutterSoWhat0105,0.01771911233663559,0.5454250574111938,0.2876645028591156,0.08511055260896683,0.03946646675467491
6175,WomenWhoStutter9615,0.010594538412988186,0.2642340660095215,0.06867322325706482,0.07421364635229111,0.2701343297958374
6176,StrongVoices3257,0.01618289388716221,0.12763004004955292,0.004749133717268705,0.011990652419626713,0.04966588318347931
6177,WomenWhoStutter1083,0.009326091967523098,0.356052964925766,0.046034444123506546,0.015880601480603218,0.027177229523658752
6178,IStutterSoWhat0115,0.05925701558589935,0.15752677619457245,0.007017497904598713,0.0028951065614819527,0.0507524274289608
6179,StrongVoices3210,0.27923569083213806,0.05441058427095413,0.00481198076158762,0.0019387269858270884,0.007481781765818596
6180,StrongVoices2324,0.10635736584663391,0.5813429951667786,0.10903194546699524,0.002409811597317457,0.03521260991692543
6181,MyStutteringLife1811,0.03374016657471657,0.06808699667453766,0.001436204882338643,0.001797388307750225,0.0073197707533836365
6182,HeStutters231,0.0023140967823565006,0.054361216723918915,0.02363422140479088,0.11123048514127731,0.009470371529459953
6183,StutterTalk1639,0.0059777903370559216,0.26411134004592896,0.5882326364517212,0.7429182529449463,0.09368903934955597
6184,WomenWhoStutter10713,0.005486323498189449,0.4434276521205902,0.028061166405677795,0.0005449666641652584,0.0017815246246755123
6185,StutteringIsCool34134,0.08450888842344284,0.5993931889533997,0.18579146265983582,0.03123975545167923,0.09256783872842789
6186,StutteringIsCool438,0.17751900851726532,0.04566914588212967,0.0017824099631980062,0.0006269191508181393,0.07108433544635773
6187,HVSA281,0.03467436134815216,0.14094801247119904,0.008337828330695629,0.0017618671990931034,0.6548505425453186
6188,StutterTalk1519,0.043915193527936935,0.6106646060943604,0.35645154118537903,0.0022682424169033766,0.07837028056383133
6189,WomenWhoStutter10823,0.02704937383532524,0.45864346623420715,0.16869869828224182,0.004141642712056637,0.004194979090243578
6190,WomenWhoStutter21137,0.28942421078681946,0.048815272748470306,0.0054563782177865505,0.0017627396155148745,0.011851088143885136
6191,HVSA341,0.017149634659290314,0.17543663084506989,0.8491448760032654,0.004130816552788019,0.00820493046194315
6192,StutteringIsCool5535,0.0177732203155756,0.012834209017455578,0.0005112861981615424,9.148326353169978e-05,0.00012332340702414513
6193,HeStutters11104,0.30681779980659485,0.23941466212272644,0.04196814075112343,0.00540650449693203,0.8434231281280518
6194,WomenWhoStutter81140,0.002159358700737357,0.07666007429361343,0.0022139118518680334,0.0009162997594103217,0.012966595590114594
6195,StutterTalk26176,0.0012451765360310674,0.013504271395504475,0.0009326239814981818,0.04478125646710396,0.025174371898174286
6196,WomenWhoStutter4632,0.009976531378924847,0.20933295786380768,0.07834191620349884,0.36394602060317993,0.12750142812728882
6197,StrongVoices2915,0.03820953145623207,0.1638936996459961,0.1245330199599266,0.1787251979112625,0.007603462319821119
6198,HVSA054,0.12612515687942505,0.1482071876525879,0.5299400687217712,0.011530366726219654,0.020179204642772675
6199,StutterTalk3425,0.06627574563026428,0.07796213030815125,0.009177749045193195,0.005187330301851034,0.9657043218612671
6200,WomenWhoStutter8214,0.18318526446819305,0.19280928373336792,0.03568308800458908,0.04946546256542206,0.9348427653312683
6201,StrongVoices108,0.0889398604631424,0.13259810209274292,0.0042667449451982975,0.0007554567418992519,0.002365813357755542
6202,IStutterSoWhat067,0.002185434801504016,0.03752455487847328,0.007574107963591814,0.05180919170379639,0.11906391382217407
6203,StutterTalk365,0.0024970865342766047,0.0047697871923446655,4.214018190396018e-05,8.683452961122384e-07,4.08596133638639e-05
6204,StutteringIsCool2820,0.00021948243374936283,0.009074118919670582,0.001832416863180697,0.03181198611855507,0.0028204501140862703
6205,HVSA334,0.001266987295821309,0.07978719472885132,0.07198229432106018,0.5262323021888733,0.003911405801773071
6206,WomenWhoStutter1077,0.035618022084236145,0.09073632955551147,0.0028260773979127407,0.00039578095311298966,0.00930050015449524
6207,StutterTalk12,0.8114187717437744,0.0420970618724823,0.0035459960345178843,0.0008649378432892263,0.9789784550666809
6208,WomenWhoStutter9735,0.010289495810866356,0.413404256105423,0.3492792844772339,0.04122376814484596,0.010530422441661358
6209,StutteringIsCool3834,0.002478074748069048,0.021334141492843628,0.003128585172817111,0.002607275266200304,0.04492617025971413
6210,WomenWhoStutter87135,0.06932879984378815,0.13742654025554657,0.009472684003412724,0.0034710087347775698,0.418031245470047
6211,MyStutteringLife814,0.03439641743898392,0.3680405020713806,0.03639870882034302,0.18877288699150085,0.2692077159881592
6212,WomenWhoStutter252,0.02970629185438156,0.02460033819079399,0.001750451629050076,0.000185197131941095,0.00031738620600663126
6213,WomenWhoStutter1476,0.3018038868904114,0.3171992301940918,0.23539933562278748,0.01724490150809288,0.8544634580612183
6214,WomenWhoStutter86108,0.2881447374820709,0.14463770389556885,0.42774149775505066,0.6243585348129272,0.9394318461418152
6215,StrongVoices6110,0.04635460302233696,0.4351746737957001,0.005019048694521189,0.0001290101936319843,0.013843856751918793
6216,StutterTalk6494,0.33779820799827576,0.09431294351816177,0.006972556002438068,0.00749900983646512,0.8332323431968689
6217,WomenWhoStutter97157,0.029133766889572144,0.5335429310798645,0.0459057092666626,0.0101688327267766,0.0033259729389101267
6218,MyStutteringLife2522,0.1686677187681198,0.13893817365169525,0.007836134172976017,6.017760097165592e-05,0.000563165987841785
6219,WomenWhoStutter96193,0.0023650052025914192,0.17963643372058868,0.38519927859306335,0.5589704513549805,0.00589274987578392
6220,WomenWhoStutter3023,0.3794061541557312,0.5036393404006958,0.31445926427841187,0.16116854548454285,0.06445691734552383
6221,HeStutters1010,6.549766840180382e-05,0.09158656001091003,0.0013977894559502602,0.00025402847677469254,0.03533343970775604
6222,StutterTalk64174,0.06260309368371964,0.1430521011352539,0.06838490068912506,0.12777237594127655,0.7694072127342224
6223,WomenWhoStutter3336,0.02816859632730484,0.5543720126152039,0.06417373567819595,0.0008366864058189094,0.005340190138667822
6224,StutterTalk5919,0.011203368194401264,0.024072805419564247,0.013669989071786404,0.8457619547843933,0.04249315708875656
6225,StutterTalk25134,0.04394754022359848,0.16502645611763,0.005928958300501108,0.0012422020081430674,0.9426135420799255
6226,StutterTalk881,0.12203740328550339,0.13545578718185425,0.009382236748933792,0.0048155211843550205,0.7722989916801453
6227,StutterTalk5839,0.11013131588697433,0.3440777659416199,0.7969468832015991,0.0877871960401535,0.5745589137077332
6228,StutteringIsCool1420,0.020074307918548584,0.06257543712854385,0.22650068998336792,0.31128689646720886,0.006248530000448227
6229,StutteringIsCool692,0.4628375768661499,0.004616372287273407,0.00016423726629000157,2.5805438781389967e-05,0.008921070955693722
6230,WomenWhoStutter62150,0.21465782821178436,0.06851426512002945,0.015632389113307,0.370846152305603,0.9403444528579712
6231,StutterTalk936,0.42272132635116577,0.01597175933420658,0.0002936624805442989,3.1630661396775395e-05,0.233228862285614
6232,WomenWhoStutter6253,0.012820707634091377,0.3497582972049713,0.6918893456459045,0.3983182907104492,0.1717739850282669
6233,StrongVoices2319,0.016289759427309036,0.25017496943473816,0.01989775151014328,0.0025933401193469763,0.006366658955812454
6234,HeStutters538,0.01429971307516098,0.19932465255260468,0.8698425889015198,0.00349837145768106,0.008077121339738369
6235,WomenWhoStutter9629,0.01716294139623642,0.30594515800476074,0.49036118388175964,0.7361171245574951,0.3824872672557831
6236,StrongVoices3249,0.5169985890388489,0.28990450501441956,0.12370143830776215,0.0027633088175207376,0.012501608580350876
6237,StutterTalk2337,0.009320816025137901,0.027285387739539146,0.010394616052508354,0.30169838666915894,0.021739721298217773
6238,HeStutters11166,0.0449148453772068,0.0894307941198349,0.023274755105376244,0.8090353608131409,0.8486503958702087
6239,StutterTalk6430,0.14627975225448608,0.09680089354515076,0.038020528852939606,0.003702164627611637,0.017434045672416687
6240,StutterTalk7254,0.09314629435539246,0.4746515452861786,0.1723022758960724,0.02486972138285637,0.5190542936325073
6241,StrongVoices411,0.0029087187722325325,0.07860735058784485,0.0013831431278958917,1.933215207827743e-05,0.0001293440000154078
6242,WomenWhoStutter1524,0.05130540207028389,0.3894529640674591,0.26567575335502625,0.764763593673706,0.024078169837594032
6243,StrongVoices833,0.031210316345095634,0.04514671862125397,0.00448895338922739,0.0032959154341369867,0.0029054349288344383
6244,StutteringIsCool34181,0.19125597178936005,0.0651991218328476,0.0022206867579370737,7.373133121291175e-05,0.0009890688816085458
6245,StutteringIsCool3822,0.22936759889125824,0.25921037793159485,0.015123100019991398,0.00362565228715539,0.02664453536272049
6246,StutterTalk6498,0.6342208981513977,0.1963162124156952,0.24503426253795624,0.03708339482545853,0.008706962689757347
6247,StrongVoices1011,0.0025681208353489637,0.04340231046080589,0.007597983814775944,0.07749948650598526,0.01082784216850996
6248,StutterTalk250,0.012116420082747936,0.28536456823349,0.15549026429653168,0.6817502379417419,0.061460983008146286
6249,WomenWhoStutter869,0.018016956746578217,0.16167978942394257,0.03388294205069542,0.5470733046531677,0.6469968557357788
6250,StutteringIsCool232,0.6786830425262451,0.051667504012584686,0.017889291048049927,0.0002877031220123172,0.014854643493890762
6251,MyStutteringLife01,0.15317465364933014,0.5697185397148132,0.16035525500774384,0.0606403723359108,0.29737094044685364
6252,StrongVoices2396,0.005504325497895479,0.3464891016483307,0.006029882933944464,0.0006204909295774996,0.003544379025697708
6253,StrongVoices929,0.05290581285953522,0.10966726392507553,0.009074917063117027,0.001011431566439569,0.0020402581430971622
6254,StutterTalk2237,0.023397846147418022,0.3217633366584778,0.5477506518363953,0.3284755051136017,0.04974669590592384
6255,StrongVoices2180,0.2522794008255005,0.5444338321685791,0.1653733104467392,0.0021302062086760998,0.021111568436026573
6256,StutterTalk64197,0.18928778171539307,0.09167372435331345,0.004139631520956755,0.00025502173230051994,0.010452121496200562
6257,WomenWhoStutter96144,0.013092170469462872,0.4480770528316498,0.08061836659908295,0.004818294197320938,0.012000649236142635
6258,StutterTalk1625,0.03707903251051903,0.27425074577331543,0.013815905898809433,0.0038139738608151674,0.01053699292242527
6259,StutteringIsCool2728,0.07356934249401093,0.4674545228481293,0.4508815407752991,0.0005212960531935096,0.008534097112715244
6260,StutterTalk5333,0.009099562652409077,0.1268785148859024,0.16807521879673004,0.04002118855714798,0.7807726860046387
6261,WomenWhoStutter1092,0.04171745479106903,0.04616134613752365,0.006295514293015003,0.07252513617277145,0.007658938877284527
6262,StrongVoices2171,0.0214832816272974,0.0018315064953640103,6.130605470389128e-05,2.851136014214717e-05,0.0001466039684601128
6263,StutteringIsCool695,0.06441523879766464,0.04150783643126488,0.013720558024942875,0.02751169539988041,0.1970195323228836
6264,StutterTalk4637,0.004345652647316456,0.04407300055027008,0.026916801929473877,0.778735876083374,0.3005320131778717
6265,WomenWhoStutter97151,0.02277335524559021,0.38576236367225647,0.681347131729126,0.26929351687431335,0.2970811426639557
6266,HVSA0115,0.04316540062427521,0.4010615646839142,0.29592379927635193,0.14731863141059875,0.8663065433502197
6267,WomenWhoStutter469,0.04279255494475365,0.4050479829311371,0.3126675486564636,0.05986607074737549,0.862494707107544
6268,HeStutters11189,0.05995169281959534,0.3871833384037018,0.17673464119434357,0.18693982064723969,0.05895073339343071
6269,WomenWhoStutter3081,0.06585920602083206,0.1979932337999344,0.05159667506814003,0.06227773800492287,0.47573524713516235
6270,StutterTalk26195,0.024029912427067757,0.21688757836818695,0.17107491195201874,0.9036394357681274,0.5053619146347046
6271,StutterTalk64168,0.5040232539176941,0.2391793131828308,0.05270727723836899,0.001862694276496768,0.007908548228442669
6272,WomenWhoStutter158,0.016808263957500458,0.07566636055707932,0.022981327027082443,0.15384235978126526,0.0052756802178919315
6273,WomenWhoStutter6434,0.17725792527198792,0.06637712568044662,0.0010553257307037711,0.000829231517855078,0.9539825320243835
6274,StrongVoices10187,0.011442816816270351,0.5414665937423706,0.05285468325018883,0.0006155604496598244,0.004895414225757122
6275,StutteringIsCool3835,0.04420474171638489,0.00859215296804905,0.0001331129897153005,3.239954821765423e-05,0.011615008115768433
6276,WomenWhoStutter10738,0.13911224901676178,0.05929873511195183,0.002888537012040615,0.0007949727005325258,0.02756914496421814
6277,StrongVoices2420,0.509512722492218,0.18425869941711426,0.007862444035708904,7.572928734589368e-05,0.009800432249903679
6278,WomenWhoStutter30142,0.0009983439231291413,0.002728305757045746,0.0003116992302238941,0.0007495643221773207,0.00011748910037567839
6279,StrongVoices195,0.2644602954387665,0.2856237292289734,0.3076520264148712,0.027302581816911697,0.4400317072868347
6280,StutterTalk1021,0.0004993272596038878,0.009730065241456032,6.437348201870918e-05,3.9911425119498745e-05,0.00018676722538657486
6281,HeStutters195,0.015081577934324741,0.173232302069664,0.004190746229141951,0.007103160955011845,0.252790629863739
6282,StrongVoices1212,0.4524519741535187,0.03854983299970627,0.0066658263094723225,0.0003338228561915457,0.005710868164896965
6283,StrongVoices1078,0.7292445302009583,0.16048191487789154,0.0435497872531414,0.0032425711397081614,0.17102250456809998
6284,StutterTalk8127,0.27758294343948364,0.08482945710420609,0.006630859337747097,0.0049812584184110165,0.9403984546661377
6285,StutterTalk2568,0.001534215989522636,0.09409788250923157,0.0047378637827932835,0.000617722631432116,0.0014460764359682798
6286,HeStutters5197,0.0023512612096965313,0.24986453354358673,0.2912404239177704,0.00020783691434189677,0.0010876189917325974
6287,WomenWhoStutter2217,0.11583863943815231,0.09631550312042236,0.022191273048520088,0.018102968111634254,0.015822600573301315
6288,StrongVoices2014,0.7403518557548523,0.26474234461784363,0.045463573187589645,0.0033147158101201057,0.015347734093666077
6289,StrongVoices17,0.03388437628746033,0.013499589636921883,0.0013334016548469663,0.0017607571789994836,0.00127432681620121
6290,WomenWhoStutter6322,0.14223803579807281,0.04694412276148796,0.0006426576874218881,8.347287075594068e-05,0.0075140115804970264
6291,StutterTalk730,0.006625860929489136,0.11311960965394974,0.8180553913116455,0.1925322562456131,0.01660127379000187
6292,HVSA153,0.0072614578530192375,0.5345161557197571,0.6078007221221924,0.0029853074811398983,0.004446673672646284
6293,StrongVoices10171,0.00423869164660573,0.4429963529109955,0.0026879904326051474,7.135910709621385e-05,0.0021334094926714897
6294,StrongVoices3135,0.01482395175844431,0.3337671160697937,0.14030829071998596,0.004313028883188963,0.00946730375289917
6295,StutterTalk3011,0.5146108269691467,0.00864945538341999,0.00012285111006349325,3.753927012439817e-05,0.7466749548912048
6296,StutterTalk7622,0.2714649736881256,0.18642403185367584,0.03327271342277527,0.00412370590493083,0.00605202978476882
6297,IStutterSoWhat3150,0.07549905776977539,0.5016487240791321,0.18253882229328156,0.037691980600357056,0.6843180060386658
6298,StutterTalk2625,0.047939740121364594,0.04408537596464157,0.012949800118803978,0.8736770749092102,0.7219389081001282
6299,HVSA0100,0.036366935819387436,0.19429771602153778,0.04753560945391655,0.0933276116847992,0.07658074051141739
6300,WomenWhoStutter8745,0.17562443017959595,0.028147287666797638,0.0026927615981549025,0.4762084484100342,0.0028409718070179224
6301,StutterTalk388,0.47447049617767334,0.12709172070026398,0.020949307829141617,0.2647897005081177,0.21684658527374268
6302,StrongVoices1728,0.057916875928640366,0.1430646777153015,0.8491612076759338,0.024848198518157005,0.08893205970525742
6303,HeStutters1150,0.012586607597768307,0.05131475627422333,0.013859651982784271,0.02263820916414261,0.02486346662044525
6304,StutterTalk8152,0.22515642642974854,0.1398947387933731,0.09541963785886765,0.7541984915733337,0.01576993055641651
6305,StrongVoices23192,0.10935109108686447,0.6226659417152405,0.15345749258995056,0.002560885390266776,0.04120778292417526
6306,StutteringIsCool125,0.10840959846973419,0.43012362718582153,0.5544620156288147,0.009989085607230663,0.03687823936343193
6307,HVSA232,0.025072891265153885,0.325787752866745,0.12327447533607483,0.0901191458106041,0.20864339172840118
6308,StutteringIsCool1839,0.07928451895713806,0.3689959943294525,0.6115128397941589,0.19994449615478516,0.6562294363975525
6309,StutterTalk7287,0.03656435385346413,0.3688143789768219,0.07009342312812805,0.16194473206996918,0.18515907227993011
6310,StutterTalk261,0.022992415353655815,0.12665659189224243,0.01006926130503416,0.0017898568185046315,0.7676297426223755
6311,HeStutters1156,0.11027735471725464,0.27163389325141907,0.01414963323622942,0.010725287720561028,0.02232198230922222
6312,StutterTalk3796,0.23620831966400146,0.31735214591026306,0.056677669286727905,0.18305553495883942,0.011130674742162228
6313,StutteringIsCool6215,0.0007007275125943124,0.14203104376792908,0.002534186467528343,1.0225342521152925e-05,0.0003600087366066873
6314,WomenWhoStutter1516,0.01452556997537613,0.3791506588459015,0.13181914389133453,0.013744154945015907,0.0047459835186600685
6315,StrongVoices1077,0.0565396249294281,0.35664018988609314,0.03117179311811924,0.04520540311932564,0.2401544451713562
6316,WomenWhoStutter30205,0.0077339536510407925,0.0030168117955327034,8.327100658789277e-05,5.2000541472807527e-05,0.0006870135548524559
6317,StutterTalk324,0.010936054401099682,0.15655116736888885,0.8839923143386841,0.08936992287635803,0.03591791167855263
6318,StrongVoices1022,0.3101671636104584,0.02445436641573906,0.0008098983089439571,0.0013823062181472778,0.9600473046302795
6319,StutteringIsCool80170,0.0060404264368116856,0.28376105427742004,0.003628822974860668,0.0009144924697466195,0.008683908730745316
6320,WomenWhoStutter246,0.0014867158606648445,0.037385135889053345,0.0005475105717778206,0.0003529237874317914,0.001248671906068921
6321,WomenWhoStutter30140,0.011383614502847195,0.030219756066799164,8.58965577208437e-05,7.648141945537645e-06,0.0012127512600272894
6322,StutterTalk3724,0.0128367580473423,0.1212061271071434,0.012515031732618809,0.9476767182350159,0.04890281334519386
6323,WomenWhoStutter42202,0.02525947242975235,0.15063317120075226,0.010402491316199303,0.4608590602874756,0.09235382825136185
6324,HVSA2120,0.05024323984980583,0.1484142690896988,0.03227439150214195,0.1900705248117447,0.7049187421798706
6325,WomenWhoStutter300,0.06595474481582642,0.3732324540615082,0.05042235180735588,0.019697608426213264,0.7464072108268738
6326,StutteringIsCool3836,0.0010968841379508376,0.09779821336269379,0.002393485978245735,0.0005472671473398805,0.0022093988955020905
6327,StutterTalk64204,0.1617116779088974,0.11057451367378235,0.008323564194142818,0.0005589688080362976,0.9606415033340454
6328,StrongVoices21189,0.0008586670155636966,0.03730536252260208,0.017041323706507683,0.13567429780960083,0.002045418368652463
6329,HVSA1112,0.05785534158349037,0.1539546400308609,0.045676637440919876,0.1322551816701889,0.04962766170501709
6330,WomenWhoStutter97181,0.19733235239982605,0.3621816635131836,0.2189246118068695,0.7389886379241943,0.3997570872306824
6331,StutterTalk128,0.0018964100163429976,0.08702345937490463,0.007817242294549942,0.00034093341673724353,0.0006461099837906659
6332,StutterTalk5121,0.0034221543464809656,0.274198979139328,0.0023769226390868425,0.0002632267714943737,0.0013248949544504285
6333,StrongVoices821,0.5931681990623474,0.034465622156858444,0.02149604819715023,0.037097733467817307,0.004708010237663984
6334,StutterTalk376,0.039153091609478,0.12969568371772766,0.01645072177052498,0.09016232192516327,0.8760204315185547
6335,StutterTalk387,0.11591532081365585,0.10017365962266922,0.12985806167125702,0.863332211971283,0.02040260285139084
6336,MyStutteringLife2214,0.7063875794410706,0.02257801592350006,0.0010058943880721927,0.00010427426605019718,0.003421694040298462
6337,StutteringIsCool34153,0.7829161882400513,0.012252678163349628,0.0036687825340777636,0.0031064199283719063,0.006612406577914953
6338,WomenWhoStutter21184,0.03946862742304802,0.16079698503017426,0.010108429938554764,0.0004023923829663545,0.0007645207224413753
6339,StrongVoices1225,0.3599327802658081,0.3457549214363098,0.047474320977926254,0.0021264036186039448,0.012248535640537739
6340,WomenWhoStutter217,0.03513682633638382,0.4520454406738281,0.014975884929299355,0.0014058012748137116,0.004904141649603844
6341,StutterTalk5819,0.01593918353319168,0.2576397657394409,0.8958752155303955,0.06108620762825012,0.16311386227607727
6342,StutterTalk2679,0.05393003299832344,0.25210970640182495,0.025742173194885254,0.00854222197085619,0.3738432228565216
6343,WomenWhoStutter9786,0.009174969978630543,0.3316137194633484,0.12888826429843903,0.31680408120155334,0.03404528647661209
6344,WomenWhoStutter3071,0.0002651294053066522,0.026244208216667175,0.00015097123105078936,8.397119017899968e-06,0.00011622127931332216
6345,StutterTalk5518,0.5428683757781982,0.24263407289981842,0.050230637192726135,0.0010010851547122002,0.004877173807471991
6346,StutterTalk364,0.4737055003643036,0.5421061515808105,0.3311847746372223,0.012265410274267197,0.012351523153483868
6347,StrongVoices219,0.030082836747169495,0.2980315089225769,0.07154776155948639,0.0025875607971102,0.004642374813556671
6348,HVSA157,0.14961323142051697,0.346079021692276,0.012661545537412167,0.00041077021160162985,0.9080264568328857
6349,StutteringIsCool4525,0.023045368492603302,0.20363961160182953,0.05831735581159592,0.28245916962623596,0.4556027054786682
6350,WomenWhoStutter2193,0.04457036778330803,0.44555070996284485,0.02535819076001644,0.002431271132081747,0.031210828572511673
6351,StutterTalk5535,0.39267197251319885,0.44040822982788086,0.44453921914100647,0.020656779408454895,0.03958489000797272
6352,StutteringIsCool215,0.06947845220565796,0.12221293896436691,0.06990363448858261,0.957039475440979,0.0824630856513977
6353,StutteringIsCool4016,0.0004889320698566735,0.07476066052913666,0.00280447187833488,8.32926161820069e-05,6.673204916296527e-05
6354,WomenWhoStutter153,0.0006216398905962706,0.003269128268584609,0.0012130666291341186,0.0033812334295362234,0.00034280974068678916
6355,WomenWhoStutter2152,0.16657918691635132,0.22846998274326324,0.26691991090774536,0.1993684023618698,0.9555831551551819
6356,HVSA1150,0.0019332359079271555,0.05134706571698189,0.0017222778405994177,0.006130861584097147,0.05085629224777222
6357,MyStutteringLife2135,0.2006646692752838,0.6041994094848633,0.3530029058456421,0.037766993045806885,0.025815442204475403
6358,WomenWhoStutter42279,0.008950157091021538,0.2125837653875351,0.18690162897109985,0.7786030173301697,0.6783450841903687
6359,StutteringIsCool798,0.013402794487774372,0.031886640936136246,0.0034810975193977356,0.0012695778859779239,0.0011344174854457378
6360,StrongVoices32184,0.050419922918081284,0.2528606355190277,0.009990707971155643,0.0025529658887535334,0.00977808516472578
6361,StutterTalk64136,0.21495606005191803,0.07909012585878372,0.0031662906985729933,0.0008020209497772157,0.020115051418542862
6362,MyStutteringLife2532,0.004201726987957954,0.12596389651298523,0.003266935469582677,0.0013134423643350601,0.0067774951457977295
6363,WomenWhoStutter149,0.5782768130302429,0.19006113708019257,0.028446178883314133,0.007444735616445541,0.6933062672615051
6364,WomenWhoStutter1440,0.12031621485948563,0.3732196092605591,0.7363010048866272,0.014585545286536217,0.025877654552459717
6365,StrongVoices2372,0.03422505781054497,0.5368679761886597,0.02533850632607937,0.0012120312312617898,0.008238427340984344
6366,StutterTalk2677,0.03130749985575676,0.06148184835910797,0.008608780801296234,0.001644988195039332,0.5335129499435425
6367,WomenWhoStutter21118,0.0015297572826966643,0.017711345106363297,0.0006947375950403512,0.00018108625954482704,0.00011328502296237275
6368,StrongVoices2160,0.007778088096529245,0.19770850241184235,0.0030055486131459475,0.0008094704826362431,0.011970213614404202
6369,StrongVoices6114,0.0030711637809872627,0.5006631016731262,0.014873435720801353,0.00031542847864329815,0.06115097180008888
6370,StrongVoices910,0.5080234408378601,0.09141805768013,0.014585292898118496,0.0007928684935905039,0.009713827632367611
6371,WomenWhoStutter10174,0.01020992174744606,0.04494138062000275,0.0009166914387606084,0.0007775201229378581,0.014975525438785553
6372,WomenWhoStutter97163,0.011924894526600838,0.23740018904209137,0.2980208992958069,0.3103870153427124,0.0423659011721611
6373,WomenWhoStutter97194,0.04844742640852928,0.3705623745918274,0.6753624677658081,0.059306222945451736,0.03850501775741577
6374,StutterTalk445,0.03793207183480263,0.2323826402425766,0.07452774792909622,0.17160183191299438,0.2531229853630066
6375,WomenWhoStutter30106,0.10384073108434677,0.022731389850378036,0.0019820283632725477,0.002488554222509265,0.004959171172231436
6376,StutteringIsCool80116,0.05447119101881981,0.16901428997516632,0.008628190495073795,0.004366142675280571,0.0434565395116806
6377,StutteringIsCool5528,0.0002862557885237038,0.0026253224350512028,2.3560280169476755e-05,1.0442900929774623e-05,0.00014258323062676936
6378,StrongVoices331,0.01474054902791977,0.18445640802383423,0.004677243065088987,0.0005200667073950171,0.002805262804031372
6379,StutterTalk1511,0.029171014204621315,0.07065850496292114,0.011125086806714535,0.4099193811416626,0.35699549317359924
6380,StrongVoices722,0.001300517120398581,0.05578090250492096,0.003135890932753682,0.0008346860995516181,0.00017593437223695219
6381,StutterTalk018,0.0020842240191996098,0.017620360478758812,0.0029764671344310045,0.004265005234628916,0.0019180923700332642
6382,StrongVoices32127,0.11361487209796906,0.5639590620994568,0.0541500560939312,0.005595115013420582,0.05310634523630142
6383,WomenWhoStutter4925,0.07138551026582718,0.03935820236802101,0.0018216860480606556,0.002585612004622817,0.008531426079571247
6384,StutterTalk2214,0.00047312225797213614,0.005257230252027512,0.0005438445950858295,0.001343333744443953,0.00045403128024190664
6385,StutterTalk2691,0.07978429645299911,0.5587758421897888,0.4667012691497803,0.12245374917984009,0.05436022952198982
6386,StrongVoices1043,0.007721755653619766,0.3588141202926636,0.009205467998981476,0.0006463314057327807,0.001566895516589284
6387,WomenWhoStutter287,0.047104429453611374,0.6119110584259033,0.17244167625904083,0.012025602161884308,0.019500093534588814
6388,IStutterSoWhat0104,0.0568292960524559,0.5364397764205933,0.4157855808734894,0.0029865195974707603,0.015314017422497272
6389,StutteringIsCool34126,0.01682431623339653,0.13415613770484924,0.03262457996606827,0.4492928385734558,0.29760050773620605
6390,StutterTalk25144,0.005136608146131039,0.20843325555324554,0.028525374829769135,0.36159566044807434,0.10823734104633331
6391,StrongVoices925,0.2872360944747925,0.5062171816825867,0.31018197536468506,0.0022007194347679615,0.010492849163711071
6392,WomenWhoStutter9630,0.0016672956990078092,0.03380630537867546,0.006840093061327934,0.006252335384488106,0.0018270437140017748
6393,StrongVoices10117,0.06423596292734146,0.3948799967765808,0.6146668195724487,0.0002563048619776964,0.00576092628762126
6394,WomenWhoStutter62156,0.07823993265628815,0.08868058025836945,0.0010302234441041946,0.005215595941990614,0.6614624857902527
6395,StutterTalk7240,0.5172474384307861,0.3013434410095215,0.04017259180545807,0.04335418716073036,0.25407135486602783
6396,StutteringIsCool8084,0.06068398058414459,0.07127480208873749,0.005402585491538048,0.002200579969212413,0.024557406082749367
6397,HVSA055,0.06027156487107277,0.4308314025402069,0.050136078149080276,0.0032525116112083197,0.5365562438964844
6398,StutterTalk71,0.002446533879265189,0.18902687728405,0.23386019468307495,0.018046628683805466,0.002817501313984394
6399,HVSA2129,0.010897135362029076,0.0037322433199733496,2.1682730221073143e-05,6.05030948008789e-07,0.0001086525444407016
6400,StrongVoices522,0.003980899229645729,0.09963196516036987,0.004222597926855087,6.075693090679124e-05,0.0007622016710229218
6401,WomenWhoStutter6247,0.02014162577688694,0.04641598090529442,0.023502474650740623,0.5177940726280212,0.06054139509797096
6402,StutteringIsCool80103,0.04687461256980896,0.3328685462474823,0.07614364475011826,0.6860843300819397,0.1579667031764984
6403,HeStutters1163,0.010453922674059868,0.15385837852954865,0.00905607733875513,0.013002668507397175,0.25358709692955017
6404,StutteringIsCool180,0.010108726099133492,0.07775408029556274,0.03825688362121582,0.7949826717376709,0.01578911766409874
6405,HVSA2136,0.0480988472700119,0.25943735241889954,0.1976875364780426,0.2873687744140625,0.026309868320822716
6406,StutteringIsCool1835,0.0335313156247139,0.2441927194595337,0.13066524267196655,0.05166555568575859,0.9232390522956848
6407,HeStutters19114,0.004813929088413715,0.2967163324356079,0.18551982939243317,9.796273661777377e-05,0.0002842270187102258
6408,IStutterSoWhat046,0.07028145343065262,0.16907818615436554,0.002897257450968027,0.0018005248857662082,0.07074472308158875
6409,StutterTalk6319,0.00826538447290659,0.3260014057159424,0.6196284294128418,0.013038543052971363,0.017341122031211853
6410,StrongVoices32201,0.033724959939718246,0.10125532746315002,0.002337405690923333,0.0007049011765047908,0.00975843146443367
6411,WomenWhoStutter2174,0.2740457355976105,0.15131264925003052,0.015000094659626484,0.0005181370070204139,0.005432121455669403
6412,StutteringIsCool768,0.0019810975063592196,0.041650012135505676,0.009676401503384113,0.009813972748816013,0.004572377540171146
6413,StrongVoices6204,0.15414054691791534,0.10008757561445236,0.006460379343479872,0.005923101678490639,0.8943286538124084
6414,StutterTalk311,0.013597317971289158,0.4552517533302307,0.4662930369377136,0.012986206449568272,0.04334060102701187
6415,WomenWhoStutter6280,0.04142259806394577,0.30512866377830505,0.012124120257794857,0.03620844706892967,0.65525221824646
6416,StutterTalk020,0.01640944369137287,0.12042105942964554,0.013639703392982483,0.01717694103717804,0.00535160256549716
6417,WomenWhoStutter86133,0.03525350242853165,0.31655144691467285,0.04264215752482414,0.032452505081892014,0.9019035696983337
6418,HVSA270,0.02140462026000023,0.13524365425109863,0.0043447185307741165,0.027577416971325874,0.0722031369805336
6419,WomenWhoStutter42138,0.0016105137765407562,0.25100821256637573,0.0057325782254338264,0.00011559019185369834,0.003333575092256069
6420,StutterTalk4814,0.00038109859451651573,0.028341177850961685,0.00021826621377840638,0.0003700533998198807,0.005423785652965307
6421,StrongVoices2815,0.1665356606245041,0.012521798722445965,0.002259477274492383,0.0012738032964989543,0.0027760034427046776
6422,StutteringIsCool335,0.08506438881158829,0.058662619441747665,0.016496628522872925,0.027783319354057312,0.07318468391895294
6423,StutterTalk1621,0.23360735177993774,0.057951636612415314,0.0031844552140682936,0.0024083491880446672,0.9723528623580933
6424,StutteringIsCool5013,0.32035449147224426,0.25181105732917786,0.02621874213218689,0.0004862021014560014,0.8805016875267029
6425,WomenWhoStutter5827,0.03205084800720215,0.18149568140506744,0.059815049171447754,0.059375736862421036,0.014509538188576698
6426,HeStutters1154,0.07206407189369202,0.4287869930267334,0.6475886106491089,0.025865813717246056,0.5697113871574402
6427,WomenWhoStutter8734,0.23010756075382233,0.08403337746858597,0.023545091971755028,0.08571814000606537,0.14955280721187592
6428,StutterTalk1616,0.034142132848501205,0.26480773091316223,0.025094978511333466,0.034120943397283554,0.12725003063678741
6429,WomenWhoStutter8311,0.02193787693977356,0.08745992183685303,0.0037463426124304533,0.0002427810541121289,0.31415581703186035
6430,StrongVoices23122,0.03156638145446777,0.5848938822746277,0.13373693823814392,0.030765103176236153,0.03171425312757492
6431,StutterTalk37176,0.1779843121767044,0.056078292429447174,0.016017772257328033,0.012711153365671635,0.07572919875383377
6432,WomenWhoStutter4625,0.02730105072259903,0.3528478145599365,0.07650317251682281,0.7211378216743469,0.06019092723727226
6433,StutteringIsCool177,0.019765568897128105,0.2711417078971863,0.7142902612686157,0.36779990792274475,0.4650722146034241
6434,WomenWhoStutter9755,0.013511337339878082,0.1239410787820816,0.10981350392103195,0.9683545827865601,0.20023098587989807
6435,StutteringIsCool2317,0.0011074756039306521,0.01229765173047781,0.013159912079572678,0.00653434731066227,0.0005060678813606501
6436,WomenWhoStutter339,0.33914831280708313,0.11198396980762482,0.021606912836432457,0.30842673778533936,0.19524121284484863
6437,HeStutters16135,0.18108844757080078,0.008681491017341614,0.0001563565747346729,5.98004407947883e-05,0.006864083930850029
6438,WomenWhoStutter21195,0.09082552045583725,0.31149178743362427,0.5646953582763672,0.012796897441148758,0.08510680496692657
6439,WomenWhoStutter256,0.2371070384979248,0.20037464797496796,0.006926967762410641,0.00037384891766123474,0.003455212339758873
6440,StrongVoices538,0.015981849282979965,0.4969359040260315,0.3988071382045746,0.004917416721582413,0.009889091365039349
6441,StrongVoices3315,0.006918657571077347,0.02429983764886856,0.0029424545355141163,0.00029522101976908743,0.0011686945799738169
6442,StrongVoices2145,0.12784501910209656,0.08426975458860397,0.006016322877258062,0.0027128856163471937,0.2980089485645294
6443,WomenWhoStutter245,0.04766743257641792,0.05635333061218262,0.0018496053526178002,0.008556084707379341,0.2898579239845276
6444,WomenWhoStutter128,0.03567558154463768,0.481951504945755,0.03663739189505577,0.0004881695203948766,0.0030334668699651957
6445,StrongVoices3260,0.3956524133682251,0.26149436831474304,0.019766543060541153,0.003307492472231388,0.022179128602147102
6446,HeStutters2186,0.025814129039645195,0.27837812900543213,0.10267814993858337,0.10467361658811569,0.8969640731811523
6447,StutterTalk63158,0.33858969807624817,0.19906644523143768,0.0022460459731519222,6.591063720406964e-05,0.06290009617805481
6448,StrongVoices2186,0.11717480421066284,0.30277398228645325,0.020722554996609688,0.005255992989987135,0.5087494850158691
6449,WomenWhoStutter284,0.005144089460372925,0.15448856353759766,0.0018984139896929264,0.0006613295990973711,0.025185508653521538
6450,HeStutters1913,0.4658687710762024,0.0067740133963525295,0.001765503897331655,0.006328061688691378,0.007811484858393669
6451,HeStutters1693,0.2148357629776001,0.5163646340370178,0.08775699883699417,0.002617534250020981,0.03279424086213112
6452,WomenWhoStutter87173,0.007573752664029598,0.139903724193573,0.005321137141436338,0.04939933121204376,0.0416283905506134
6453,StutteringIsCool4919,0.45220378041267395,0.4682873785495758,0.132773756980896,8.675671415403485e-05,0.007686079945415258
6454,WomenWhoStutter969,0.001442630309611559,0.09253475069999695,0.24137189984321594,0.9469695091247559,0.0283063855022192
6455,StutterTalk64100,0.30283209681510925,0.10928884893655777,0.0362590067088604,0.014188271015882492,0.012706061825156212
6456,StutteringIsCool5519,0.006602917332202196,0.4547058343887329,0.3399959206581116,0.0017405676189810038,0.007865405641496181
6457,IStutterSoWhat0127,0.22531405091285706,0.3560943901538849,0.4645116627216339,0.02550400421023369,0.12582728266716003
6458,HVSA2144,0.029803074896335602,0.1267208307981491,0.022824928164482117,0.7266509532928467,0.8901477456092834
6459,HeStutters163,0.24159234762191772,0.06178172677755356,0.0030423891730606556,0.0007649667095392942,0.02062622457742691
6460,WomenWhoStutter9766,0.009600262157619,0.3723641335964203,0.1362912803888321,0.056536201387643814,0.0036203418858349323
6461,HVSA3172,0.8088727593421936,0.07383833825588226,0.5617207288742065,0.002622263738885522,0.02213173359632492
6462,MyStutteringLife2128,0.008648306131362915,0.2501622140407562,0.005610172171145678,0.0005851271562278271,0.002967416075989604
6463,StutterTalk5932,0.002752328524366021,0.01808038353919983,0.004356611520051956,0.003439092542976141,0.0007160245440900326
6464,StutteringIsCool2731,0.21809393167495728,0.536973237991333,0.12957972288131714,0.003021061420440674,0.32221120595932007
6465,StutterTalk26155,0.002087704138830304,0.10339038819074631,0.005300336051732302,0.030396558344364166,0.13498586416244507
6466,StutteringIsCool6032,0.007060963194817305,0.192128524184227,0.0034604293759912252,0.0012757307849824429,0.010298453271389008
6467,WomenWhoStutter96195,0.023841984570026398,0.19285279512405396,0.0005772521253675222,3.616672256612219e-05,0.013022738508880138
6468,HVSA3124,0.7309389710426331,0.01289093866944313,0.0021155362483114004,0.0016523996600881219,0.8633117079734802
6469,StrongVoices1935,0.17274536192417145,0.12609894573688507,0.026533983647823334,0.007287424523383379,0.049280814826488495
6470,StutterTalk7637,0.7147752642631531,0.033162672072649,0.003517450299113989,0.00034600478829815984,0.9687544107437134
6471,HeStutters1013,0.32826393842697144,0.32845303416252136,0.18330280482769012,0.03777208924293518,0.8820162415504456
6472,WomenWhoStutter290,0.07775536179542542,0.19953365623950958,0.005808250978589058,0.0005388760473579168,0.6754037141799927
6473,StutteringIsCool4632,0.01869860291481018,0.26450487971305847,0.006465686019510031,0.0009532396798022091,0.8073142766952515
6474,StrongVoices630,0.02881229855120182,0.12087791413068771,0.012071452103555202,0.011295899748802185,0.5775168538093567
6475,StutterTalk6331,0.12551873922348022,0.17404983937740326,0.021864663809537888,0.004442508798092604,0.9722384214401245
6476,WomenWhoStutter26,0.2846337556838989,0.43002191185951233,0.030827457085251808,0.001180745312012732,0.03559111803770065
6477,StrongVoices32109,0.030879607424139977,0.2642221450805664,0.002768279053270817,6.426264735637233e-05,0.00215163710527122
6478,StutterTalk3710,0.8337070941925049,0.01613115333020687,0.0005682651535607874,4.9484806368127465e-05,0.01751314289867878
6479,HVSA3205,0.015307648107409477,0.15120312571525574,0.7738529443740845,0.015127374790608883,0.014251979067921638
6480,StutterTalk1525,0.004488328937441111,0.06362132728099823,0.0318719856441021,0.910582959651947,0.09911751747131348
6481,StutterTalk6450,0.13616614043712616,0.34117546677589417,0.045055098831653595,0.05378029868006706,0.7590691447257996
6482,StrongVoices710,0.003469313494861126,0.04751500114798546,0.01825426146388054,0.2835361659526825,0.004650031216442585
6483,StrongVoices191,0.034508172422647476,0.07630839198827744,0.02085842564702034,0.057703323662281036,0.0022019834723323584
6484,StutterTalk229,0.30808067321777344,0.08277452737092972,0.04026366025209427,0.588191568851471,0.02874142676591873
6485,WomenWhoStutter9014,0.005686081945896149,0.18279926478862762,0.44391441345214844,0.6665065884590149,0.03642057254910469
6486,HeStutters299,0.6012999415397644,0.09865795075893402,0.018464485183358192,0.008519668132066727,0.346732497215271
6487,StutterTalk64121,0.049430858343839645,0.2414243519306183,0.1818687915802002,0.12222020328044891,0.6940227150917053
6488,HVSA241,0.003918927628546953,0.3588484227657318,0.050982289016246796,9.937735012499616e-05,0.0007600119570270181
6489,StrongVoices3248,0.003338548820465803,0.25403937697410583,0.002714957110583782,0.00026496793725527823,0.0017814373131841421
6490,StrongVoices512,0.6857201457023621,0.22522659599781036,0.057100918143987656,0.0015607480891048908,0.08046120405197144
6491,WomenWhoStutter1322,0.5685288310050964,0.2760646939277649,0.009999433532357216,0.00038660483551211655,0.006657423917204142
6492,WomenWhoStutter86107,0.06557188183069229,0.20402084290981293,0.10689479112625122,0.8030404448509216,0.7754063606262207
6493,StrongVoices11,0.007257478777319193,0.20086614787578583,0.022295378148555756,0.0016879024915397167,0.0011332640424370766
6494,StrongVoices32108,0.5237157344818115,0.4090244174003601,0.261292040348053,0.41764774918556213,0.12586909532546997
6495,StutterTalk86,0.0016978192143142223,0.11609061807394028,0.3527664244174957,0.14488807320594788,0.0048152245581150055
6496,StrongVoices2163,0.0004732708912342787,0.0480499342083931,0.000714035821147263,0.0012809803010895848,0.0006469227373600006
6497,HeStutters11140,0.49922895431518555,0.25419995188713074,0.07569340616464615,0.2526933550834656,0.8582510948181152
6498,StrongVoices2185,0.2106592208147049,0.08525227010250092,0.00739262206479907,0.0008670633542351425,0.973427951335907
6499,StrongVoices23240,0.0049584489315748215,0.25357919931411743,0.021833188831806183,7.765820191707462e-05,0.000991198350675404
6500,HVSA092,0.068865567445755,0.4490959644317627,0.09206036478281021,0.08365461230278015,0.09162405878305435
6501,StrongVoices2725,0.05962786450982094,0.44155648350715637,0.15868215262889862,0.00030538474675267935,0.0020142165012657642
6502,WomenWhoStutter834,0.026363682001829147,0.12053162604570389,0.0797218531370163,0.6489257216453552,0.9652373790740967
6503,WomenWhoStutter87131,0.18562562763690948,0.2567023038864136,0.043803583830595016,0.29036757349967957,0.43977370858192444
6504,StutterTalk8102,0.0006210704450495541,0.039281878620386124,0.01937011443078518,0.16784442961215973,0.007462875451892614
6505,WomenWhoStutter81110,0.05829722061753273,0.1371934860944748,0.022207219153642654,0.13428720831871033,0.7103779911994934
6506,HVSA121,0.0009640087955631316,0.134377583861351,0.00033870647894218564,0.0012741661630570889,0.031260404735803604
6507,StutterTalk63169,0.0062948367558419704,0.3014466166496277,0.03699035942554474,0.3073033094406128,0.05278242006897926
6508,StutterTalk37169,0.06688262522220612,0.22325971722602844,0.0192894134670496,0.014738387428224087,0.8872727155685425
6509,StutterTalk2516,0.00017204563482664526,0.003146834671497345,0.0002246075018774718,0.0004580112872645259,0.00012802172568626702
6510,StrongVoices6113,0.03531201556324959,0.627040445804596,0.1974300593137741,0.00801167543977499,0.049148447811603546
6511,MyStutteringLife2110,0.0015794789651408792,0.03540477156639099,0.001970419893041253,0.0006606020033359528,0.0004099172365386039
6512,StrongVoices1427,0.0001377236912958324,0.004868572577834129,0.00030809445888735354,0.0016515008173882961,0.00026863315724767745
6513,StutteringIsCool34152,0.053552087396383286,0.5220912098884583,0.12175209075212479,0.09135638177394867,0.08479142934083939
6514,StutterTalk1214,0.346913605928421,0.05326489359140396,0.08331891149282455,0.04705685004591942,0.0024646795354783535
6515,StutterTalk11,0.07666116952896118,0.3688105642795563,0.1409013271331787,0.5102766156196594,0.15612831711769104
6516,HeStutters1139,0.01763482764363289,0.14666466414928436,0.06743285804986954,0.24789133667945862,0.02348405309021473
6517,StrongVoices10191,0.1439477503299713,0.03809976577758789,0.0012063276953995228,0.00012613182479981333,0.0018851201748475432
6518,HVSA382,0.4684639573097229,0.503963053226471,0.3929075598716736,0.014399657025933266,0.0397973470389843
6519,StutterTalk116,0.02622881717979908,0.32659828662872314,0.3940872848033905,0.16008004546165466,0.8797255754470825
6520,StrongVoices2169,0.10072236508131027,0.06463468819856644,0.021713631227612495,0.008795784786343575,0.013716369867324829
6521,StrongVoices3250,0.7577732801437378,0.2719176709651947,0.4217056632041931,0.006673275958746672,0.01532780658453703
6522,IStutterSoWhat33,0.009972990490496159,0.1584959328174591,0.8922386169433594,0.06588255614042282,0.07623013108968735
6523,HeStutters18140,0.18154500424861908,0.045166220515966415,0.0021501234732568264,0.0009615679155103862,0.21792978048324585
6524,StutterTalk8120,0.0008464721613563597,0.2791673541069031,0.04802368953824043,0.059239573776721954,0.0028718900866806507
6525,StutteringIsCool479,0.008641309104859829,0.18346263468265533,0.06518232077360153,0.36218827962875366,0.5715199112892151
6526,WomenWhoStutter96147,0.19672739505767822,0.5133979916572571,0.08660914748907089,0.006522316951304674,0.45519745349884033
6527,StutterTalk6841,0.02593390643596649,0.4746910333633423,0.6060478687286377,0.0967070460319519,0.04788951575756073
6528,StutterTalk2912,0.004319651983678341,0.07336989045143127,0.007153150625526905,0.009218580089509487,0.7419946193695068
6529,StutteringIsCool285,0.09119143337011337,0.3015406131744385,0.05321170762181282,0.011630170047283173,0.9224646091461182
6530,MyStutteringLife112,0.21658842265605927,0.45995625853538513,0.42659661173820496,0.4688394069671631,0.12092775106430054
6531,WomenWhoStutter977,0.07864747941493988,0.06429725885391235,0.000709373562131077,2.0209228750900365e-05,0.993120551109314
6532,StutteringIsCool7538,0.1489873081445694,0.061672814190387726,0.0012056889245286584,0.00012503490142989904,0.43802610039711
6533,WomenWhoStutter2128,0.0017988887848332524,0.08574246615171432,0.0003459457657299936,0.00020326800586190075,0.010550862178206444
6534,StrongVoices2718,0.35280489921569824,0.32318681478500366,0.07874910533428192,0.00024530585505999625,0.002903812099248171
6535,WomenWhoStutter21172,0.0008403537794947624,0.0018604579381644726,8.729347609914839e-05,0.00040672527393326163,0.0009502251050435007
6536,StrongVoices259,0.42676252126693726,0.2025858759880066,0.00909611489623785,0.00036910493508912623,0.520592987537384
6537,HVSA235,0.015001130290329456,0.06870195269584656,0.0024111138191074133,0.0004150531894993037,0.004820453468710184
6538,StrongVoices934,0.026313848793506622,0.6349154114723206,0.057321805506944656,9.700323425931856e-05,0.0005716831074096262
6539,HeStutters5139,0.01721188984811306,0.3708668649196625,0.5526741743087769,0.44567257165908813,0.03404763713479042
6540,StutterTalk8138,0.06674856692552567,0.37030506134033203,0.11757534742355347,0.030422762036323547,0.6437406539916992
6541,StutterTalk2238,0.0029785223305225372,0.014301078394055367,0.0013894618023186922,0.0036315065808594227,0.03729128837585449
6542,StutterTalk363,0.007541360799223185,0.3133113384246826,0.8202028870582581,0.09736855328083038,0.06909597665071487
6543,WomenWhoStutter86100,0.01168866828083992,0.1270795464515686,0.10542179644107819,0.9065321683883667,0.7981371283531189
6544,WomenWhoStutter2162,0.09086529910564423,0.4071608781814575,0.07052808254957199,0.26003849506378174,0.07974636554718018
6545,StutteringIsCool1413,0.0018982549663633108,0.05097891762852669,0.002564737107604742,0.0009168839897029102,0.021793870255351067
6546,WomenWhoStutter2162,0.4212189316749573,0.14956636726856232,0.010342501103878021,0.0003705080598592758,0.0029782350175082684
6547,HeStutters1897,0.18011310696601868,0.31316623091697693,0.020859668031334877,0.012129375711083412,0.8837546706199646
6548,WomenWhoStutter871,0.13679267466068268,0.13150906562805176,0.004751527216285467,0.00014850024308543652,0.004346929956227541
6549,WomenWhoStutter3089,0.020020077005028725,0.14605027437210083,0.013482068665325642,0.013890284113585949,0.9065486192703247
6550,StutterTalk168,0.07770539075136185,0.5669437646865845,0.13439735770225525,0.009811141528189182,0.019102152436971664
6551,StutterTalk5831,0.07132133841514587,0.3035006821155548,0.36842191219329834,0.023398905992507935,0.027448374778032303
6552,StutteringIsCool80206,0.004516062792390585,0.18440072238445282,0.1233556717634201,0.0082908496260643,0.001823903527110815
6553,WomenWhoStutter27,0.0023073600605130196,0.0917089506983757,0.0012098754523321986,7.612649642396718e-05,0.0010088474955409765
6554,WomenWhoStutter830,0.03903930261731148,0.40707850456237793,0.029059574007987976,0.007843890227377415,0.029750147834420204
6555,HVSA2126,0.27817678451538086,0.14967676997184753,0.019137127324938774,0.012501656077802181,0.49372702836990356
