,Clip,Prolongation,Block,SoundRep,WordRep,Interjection
0,FluencyBank_107_1,0.087890625,0.08251953125,0.01322174072265625,0.06829833984375,0.0738525390625
1,FluencyBank_107_2,0.257568359375,0.1593017578125,0.05419921875,0.11981201171875,0.1605224609375
2,FluencyBank_107_3,0.061309814453125,0.1077880859375,0.0272216796875,0.09912109375,0.779296875
3,FluencyBank_107_4,0.046112060546875,0.089599609375,0.022369384765625,0.2049560546875,0.65966796875
4,FluencyBank_107_5,0.045440673828125,0.09075927734375,0.05633544921875,0.1927490234375,0.1842041015625
5,FluencyBank_107_6,0.0699462890625,0.1531982421875,0.051544189453125,0.06585693359375,0.038909912109375
6,FluencyBank_107_7,0.1781005859375,0.09912109375,0.018096923828125,0.09588623046875,0.2352294921875
7,FluencyBank_107_8,0.047088623046875,0.08709716796875,0.0216217041015625,0.05633544921875,0.06793212890625
8,FluencyBank_107_9,0.034423828125,0.0850830078125,0.056121826171875,0.30029296875,0.10687255859375
9,FluencyBank_107_10,0.049407958984375,0.07122802734375,0.042816162109375,0.060211181640625,0.046630859375
10,FluencyBank_107_11,0.1556396484375,0.127197265625,0.06085205078125,0.0810546875,0.059539794921875
11,FluencyBank_107_12,0.239013671875,0.08477783203125,0.007755279541015625,0.0303802490234375,0.202392578125
12,FluencyBank_107_13,0.054107666015625,0.06634521484375,0.0216217041015625,0.06256103515625,0.1083984375
13,FluencyBank_107_14,0.118408203125,0.092529296875,0.04742431640625,0.2083740234375,0.10614013671875
14,FluencyBank_107_15,0.03790283203125,0.1546630859375,0.07977294921875,0.0726318359375,0.3671875
15,FluencyBank_107_16,0.06549072265625,0.06512451171875,0.01525115966796875,0.0352783203125,0.2086181640625
16,FluencyBank_107_17,0.030731201171875,0.0855712890625,0.033538818359375,0.0784912109375,0.151123046875
17,FluencyBank_107_18,0.1998291015625,0.0809326171875,0.00937652587890625,0.04620361328125,0.313720703125
18,FluencyBank_107_19,0.1478271484375,0.038177490234375,0.005405426025390625,0.056854248046875,0.3525390625
19,FluencyBank_107_20,0.07275390625,0.12286376953125,0.02947998046875,0.0489501953125,0.1976318359375
20,FluencyBank_107_21,0.083740234375,0.07476806640625,0.0153656005859375,0.03594970703125,0.057373046875
21,FluencyBank_107_22,0.204345703125,0.083740234375,0.01056671142578125,0.0189361572265625,0.7978515625
22,FluencyBank_107_23,0.4052734375,0.11981201171875,0.0258636474609375,0.063232421875,0.31591796875
23,FluencyBank_107_24,0.1737060546875,0.1767578125,0.11395263671875,0.1302490234375,0.1402587890625
24,FluencyBank_107_25,0.183837890625,0.1104736328125,0.03265380859375,0.12286376953125,0.10467529296875
25,FluencyBank_107_26,0.1654052734375,0.10650634765625,0.0574951171875,0.1561279296875,0.07965087890625
26,FluencyBank_107_27,0.110107421875,0.05877685546875,0.007843017578125,0.04913330078125,0.093017578125
27,FluencyBank_107_28,0.035614013671875,0.07904052734375,0.0316162109375,0.10357666015625,0.1524658203125
28,FluencyBank_107_29,0.048675537109375,0.0699462890625,0.0330810546875,0.10931396484375,0.087890625
29,FluencyBank_107_30,0.2646484375,0.10504150390625,0.011688232421875,0.0173797607421875,0.09234619140625
30,FluencyBank_107_31,0.046478271484375,0.08050537109375,0.027740478515625,0.1063232421875,0.1295166015625
31,FluencyBank_107_32,0.021942138671875,0.08758544921875,0.03179931640625,0.081787109375,0.2083740234375
32,FluencyBank_107_33,0.0228424072265625,0.063720703125,0.018402099609375,0.07318115234375,0.12744140625
33,FluencyBank_107_34,0.0310821533203125,0.0709228515625,0.0115509033203125,0.0272216796875,0.130615234375
34,FluencyBank_107_35,0.090576171875,0.0965576171875,0.0087127685546875,0.09637451171875,0.58642578125
35,FluencyBank_107_36,0.251953125,0.10357666015625,0.0206451416015625,0.1578369140625,0.74462890625
36,FluencyBank_107_37,0.10394287109375,0.1048583984375,0.0192413330078125,0.1014404296875,0.26806640625
37,FluencyBank_107_38,0.06915283203125,0.072509765625,0.0116424560546875,0.05242919921875,0.26953125
38,FluencyBank_107_39,0.1346435546875,0.0838623046875,0.017578125,0.036346435546875,0.18115234375
39,FluencyBank_107_40,0.0309600830078125,0.1329345703125,0.047698974609375,0.205322265625,0.427734375
40,FluencyBank_107_41,0.0455322265625,0.12493896484375,0.06695556640625,0.164306640625,0.06939697265625
41,FluencyBank_107_42,0.265869140625,0.2327880859375,0.1988525390625,0.0616455078125,0.16015625
42,FluencyBank_107_43,0.1826171875,0.06634521484375,0.011505126953125,0.0316162109375,0.2822265625
43,FluencyBank_107_44,0.162353515625,0.1190185546875,0.028106689453125,0.028106689453125,0.22802734375
44,FluencyBank_107_45,0.033721923828125,0.061431884765625,0.023651123046875,0.0390625,0.06683349609375
45,FluencyBank_107_46,0.0391845703125,0.07684326171875,0.0246124267578125,0.07305908203125,0.1143798828125
46,FluencyBank_107_47,0.0333251953125,0.056549072265625,0.0153045654296875,0.032470703125,0.07904052734375
47,FluencyBank_107_48,0.0184783935546875,0.06982421875,0.038543701171875,0.1378173828125,0.0792236328125
48,FluencyBank_107_49,0.302490234375,0.10504150390625,0.02069091796875,0.03302001953125,0.0816650390625
49,FluencyBank_107_50,0.477294921875,0.13134765625,0.02880859375,0.034088134765625,0.254638671875
50,FluencyBank_107_51,0.1517333984375,0.0975341796875,0.0141143798828125,0.06878662109375,0.83447265625
51,FluencyBank_107_52,0.2091064453125,0.143310546875,0.03131103515625,0.092041015625,0.9091796875
52,FluencyBank_107_53,0.056121826171875,0.07708740234375,0.0101318359375,0.0199432373046875,0.0150146484375
53,FluencyBank_107_54,0.06097412109375,0.052703857421875,0.0058441162109375,0.0256195068359375,0.06109619140625
54,FluencyBank_107_55,0.05108642578125,0.06512451171875,0.01029205322265625,0.052032470703125,0.13623046875
55,FluencyBank_107_56,0.10821533203125,0.1395263671875,0.023193359375,0.07598876953125,0.148193359375
56,FluencyBank_107_57,0.20849609375,0.06939697265625,0.01525115966796875,0.05340576171875,0.2178955078125
57,FluencyBank_107_58,0.0709228515625,0.11029052734375,0.015838623046875,0.0836181640625,0.340087890625
58,FluencyBank_107_59,0.040618896484375,0.06231689453125,0.013427734375,0.097412109375,0.1683349609375
59,FluencyBank_107_60,0.11859130859375,0.097412109375,0.01009368896484375,0.017242431640625,0.230224609375
60,FluencyBank_107_61,0.035400390625,0.1356201171875,0.0472412109375,0.10302734375,0.2293701171875
61,FluencyBank_107_62,0.0360107421875,0.08465576171875,0.036346435546875,0.0792236328125,0.063720703125
62,FluencyBank_107_63,0.023956298828125,0.071044921875,0.01483917236328125,0.06939697265625,0.168701171875
63,FluencyBank_107_64,0.09771728515625,0.1507568359375,0.0188751220703125,0.09234619140625,0.5341796875
64,FluencyBank_107_65,0.1295166015625,0.14111328125,0.029144287109375,0.10760498046875,0.8818359375
65,FluencyBank_107_66,0.0616455078125,0.06231689453125,0.0207977294921875,0.0738525390625,0.046722412109375
66,FluencyBank_107_67,0.1383056640625,0.073974609375,0.0160980224609375,0.0469970703125,0.04510498046875
67,FluencyBank_107_68,0.09930419921875,0.08709716796875,0.007518768310546875,0.037384033203125,0.1480712890625
68,FluencyBank_107_69,0.0831298828125,0.0948486328125,0.041534423828125,0.167724609375,0.1368408203125
69,FluencyBank_107_70,0.1282958984375,0.09844970703125,0.0154876708984375,0.1529541015625,0.427978515625
70,FluencyBank_107_71,0.10174560546875,0.08343505859375,0.022369384765625,0.10174560546875,0.12744140625
71,FluencyBank_107_72,0.134521484375,0.09619140625,0.0190582275390625,0.10107421875,0.10284423828125
72,FluencyBank_107_73,0.05224609375,0.11297607421875,0.0125732421875,0.038909912109375,0.10992431640625
73,FluencyBank_107_74,0.1041259765625,0.10284423828125,0.023101806640625,0.044525146484375,0.1259765625
74,FluencyBank_107_75,0.1583251953125,0.1417236328125,0.0253753662109375,0.102294921875,0.35205078125
75,FluencyBank_107_76,0.16845703125,0.0782470703125,0.018646240234375,0.033660888671875,0.27880859375
76,FluencyBank_107_77,0.049041748046875,0.09979248046875,0.0189361572265625,0.03521728515625,0.129638671875
77,FluencyBank_107_78,0.1263427734375,0.1094970703125,0.01287078857421875,0.01116180419921875,0.045013427734375
78,FluencyBank_107_79,0.064208984375,0.1864013671875,0.3837890625,0.314453125,0.08660888671875
79,FluencyBank_107_80,0.08587646484375,0.08599853515625,0.0341796875,0.1231689453125,0.09722900390625
80,FluencyBank_107_81,0.1981201171875,0.11578369140625,0.018341064453125,0.10284423828125,0.71826171875
81,FluencyBank_107_82,0.133544921875,0.0843505859375,0.00894927978515625,0.04083251953125,0.52734375
82,FluencyBank_107_83,0.11798095703125,0.08880615234375,0.021484375,0.048492431640625,0.06292724609375
83,FluencyBank_107_84,0.055938720703125,0.08062744140625,0.05718994140625,0.164794921875,0.10394287109375
84,FluencyBank_107_85,0.1483154296875,0.05145263671875,0.00766754150390625,0.055511474609375,0.12066650390625
85,FluencyBank_107_86,0.1300048828125,0.062103271484375,0.009124755859375,0.043212890625,0.1240234375
86,FluencyBank_107_87,0.0765380859375,0.07720947265625,0.016845703125,0.029815673828125,0.0330810546875
87,FluencyBank_107_88,0.0167236328125,0.12890625,0.040924072265625,0.08465576171875,0.0316162109375
88,FluencyBank_107_89,0.11737060546875,0.05633544921875,0.007518768310546875,0.0165252685546875,0.06268310546875
89,FluencyBank_107_90,0.07806396484375,0.07080078125,0.0199127197265625,0.06878662109375,0.09912109375
90,FluencyBank_107_91,0.045257568359375,0.07598876953125,0.01433563232421875,0.0289306640625,0.0880126953125
91,FluencyBank_107_92,0.0304412841796875,0.093017578125,0.0169830322265625,0.035491943359375,0.284912109375
92,FluencyBank_107_93,0.11065673828125,0.149658203125,0.048126220703125,0.07666015625,0.060516357421875
93,FluencyBank_107_94,0.07330322265625,0.0889892578125,0.0206451416015625,0.0305633544921875,0.054412841796875
94,FluencyBank_107_95,0.059539794921875,0.1041259765625,0.033905029296875,0.08648681640625,0.23388671875
95,FluencyBank_107_96,0.03521728515625,0.055938720703125,0.01395416259765625,0.078369140625,0.1820068359375
96,FluencyBank_109_0,0.47900390625,0.1187744140625,0.04400634765625,0.0163421630859375,0.1524658203125
97,FluencyBank_109_1,0.0206451416015625,0.13232421875,0.11456298828125,0.239013671875,0.12408447265625
98,FluencyBank_109_2,0.057586669921875,0.1571044921875,0.02838134765625,0.147216796875,0.68798828125
99,FluencyBank_109_3,0.0709228515625,0.1549072265625,0.08251953125,0.09503173828125,0.158447265625
100,FluencyBank_109_4,0.278076171875,0.1844482421875,0.1807861328125,0.163330078125,0.056121826171875
101,FluencyBank_109_5,0.07879638671875,0.0592041015625,0.0192718505859375,0.052703857421875,0.0743408203125
102,FluencyBank_109_6,0.047943115234375,0.0867919921875,0.0294189453125,0.04876708984375,0.035675048828125
103,FluencyBank_109_7,0.01363372802734375,0.06866455078125,0.01560211181640625,0.03228759765625,0.048126220703125
104,FluencyBank_109_8,0.55712890625,0.27880859375,0.366455078125,0.03948974609375,0.123046875
105,FluencyBank_109_9,0.440673828125,0.12274169921875,0.1094970703125,0.081787109375,0.5185546875
106,FluencyBank_109_10,0.5703125,0.1754150390625,0.1279296875,0.1087646484375,0.7578125
107,FluencyBank_109_11,0.71533203125,0.2440185546875,0.34521484375,0.12451171875,0.158203125
108,FluencyBank_109_12,0.08929443359375,0.139404296875,0.07122802734375,0.08331298828125,0.115966796875
109,FluencyBank_109_13,0.5712890625,0.1026611328125,0.06982421875,0.063232421875,0.62646484375
110,FluencyBank_109_14,0.43115234375,0.09027099609375,0.0401611328125,0.0254669189453125,0.2103271484375
111,FluencyBank_109_15,0.49462890625,0.202880859375,0.2091064453125,0.10858154296875,0.082275390625
112,FluencyBank_109_16,0.028594970703125,0.07989501953125,0.035614013671875,0.0310211181640625,0.07305908203125
113,FluencyBank_109_17,0.1014404296875,0.081787109375,0.06109619140625,0.01238250732421875,0.052032470703125
114,FluencyBank_109_18,0.1748046875,0.0966796875,0.0200958251953125,0.06597900390625,0.96337890625
115,FluencyBank_109_19,0.36376953125,0.0830078125,0.06512451171875,0.137451171875,0.79638671875
116,FluencyBank_109_20,0.0631103515625,0.103759765625,0.038330078125,0.140869140625,0.6533203125
117,FluencyBank_109_21,0.154296875,0.0794677734375,0.0190582275390625,0.09967041015625,0.8623046875
118,FluencyBank_109_22,0.488037109375,0.305908203125,0.384765625,0.2410888671875,0.337646484375
119,FluencyBank_109_23,0.2178955078125,0.1563720703125,0.080078125,0.1337890625,0.314208984375
120,FluencyBank_109_24,0.1995849609375,0.22119140625,0.1455078125,0.07598876953125,0.556640625
121,FluencyBank_109_25,0.2481689453125,0.13623046875,0.06512451171875,0.2315673828125,0.7607421875
122,FluencyBank_109_26,0.147216796875,0.1524658203125,0.1734619140625,0.517578125,0.345703125
123,FluencyBank_109_27,0.09930419921875,0.12115478515625,0.036346435546875,0.057708740234375,0.89453125
124,FluencyBank_109_28,0.257568359375,0.10540771484375,0.035888671875,0.057281494140625,0.88818359375
125,FluencyBank_109_29,0.059417724609375,0.10797119140625,0.044342041015625,0.1114501953125,0.0699462890625
126,FluencyBank_109_30,0.0313720703125,0.11199951171875,0.04913330078125,0.1751708984375,0.1629638671875
127,FluencyBank_109_31,0.0182647705078125,0.07879638671875,0.04803466796875,0.217529296875,0.151611328125
128,FluencyBank_109_32,0.373779296875,0.1634521484375,0.143798828125,0.1033935546875,0.2451171875
129,FluencyBank_109_33,0.28173828125,0.1929931640625,0.39892578125,0.042816162109375,0.07586669921875
130,FluencyBank_109_34,0.334228515625,0.1959228515625,0.10247802734375,0.053009033203125,0.908203125
131,FluencyBank_109_35,0.311279296875,0.1361083984375,0.0634765625,0.0592041015625,0.86474609375
132,FluencyBank_109_36,0.1607666015625,0.08929443359375,0.255859375,0.018585205078125,0.1749267578125
133,FluencyBank_109_37,0.18896484375,0.14208984375,0.03204345703125,0.040374755859375,0.9345703125
134,FluencyBank_109_38,0.17041015625,0.07781982421875,0.00955963134765625,0.018402099609375,0.943359375
135,FluencyBank_109_39,0.23193359375,0.08447265625,0.01242828369140625,0.02484130859375,0.94189453125
136,FluencyBank_109_40,0.022979736328125,0.306640625,0.423828125,0.21728515625,0.1407470703125
137,FluencyBank_109_41,0.03314208984375,0.185546875,0.0987548828125,0.10321044921875,0.045196533203125
138,FluencyBank_109_42,0.1094970703125,0.129150390625,0.018402099609375,0.06268310546875,0.89501953125
139,FluencyBank_109_43,0.1939697265625,0.06536865234375,0.011199951171875,0.040008544921875,0.9169921875
140,FluencyBank_109_44,0.2178955078125,0.270751953125,0.52880859375,0.130859375,0.08209228515625
141,FluencyBank_109_45,0.06304931640625,0.1531982421875,0.09320068359375,0.090576171875,0.0836181640625
142,FluencyBank_109_46,0.05780029296875,0.167236328125,0.034027099609375,0.2509765625,0.70654296875
143,FluencyBank_109_47,0.1761474609375,0.165283203125,0.10211181640625,0.087890625,0.1656494140625
144,FluencyBank_109_48,0.18408203125,0.10174560546875,0.026611328125,0.04132080078125,0.94775390625
145,FluencyBank_109_49,0.58837890625,0.165771484375,0.1544189453125,0.056243896484375,0.3564453125
146,FluencyBank_109_50,0.124755859375,0.1497802734375,0.0531005859375,0.1771240234375,0.7392578125
147,FluencyBank_109_51,0.09967041015625,0.1273193359375,0.10595703125,0.288330078125,0.092529296875
148,FluencyBank_109_52,0.11614990234375,0.153564453125,0.0526123046875,0.17578125,0.92626953125
149,FluencyBank_109_53,0.0869140625,0.1201171875,0.040374755859375,0.1981201171875,0.1253662109375
150,FluencyBank_109_54,0.1336669921875,0.13671875,0.081787109375,0.08868408203125,0.077392578125
151,FluencyBank_109_55,0.1685791015625,0.1041259765625,0.0271759033203125,0.06768798828125,0.96142578125
152,FluencyBank_109_56,0.10430908203125,0.09124755859375,0.0279541015625,0.1754150390625,0.712890625
153,FluencyBank_109_57,0.130126953125,0.1468505859375,0.040008544921875,0.08282470703125,0.8984375
154,FluencyBank_109_58,0.3291015625,0.3564453125,0.478515625,0.043609619140625,0.04132080078125
155,FluencyBank_109_59,0.0313720703125,0.142333984375,0.0849609375,0.234619140625,0.619140625
156,FluencyBank_109_60,0.65771484375,0.206787109375,0.23583984375,0.2181396484375,0.424072265625
157,FluencyBank_109_61,0.1278076171875,0.1480712890625,0.1878662109375,0.345947265625,0.218017578125
158,FluencyBank_109_62,0.0247039794921875,0.152587890625,0.1683349609375,0.1229248046875,0.0548095703125
159,FluencyBank_109_63,0.057373046875,0.119384765625,0.02880859375,0.02532958984375,0.022369384765625
160,FluencyBank_109_64,0.0262603759765625,0.0726318359375,0.01177978515625,0.03460693359375,0.0311431884765625
161,FluencyBank_109_65,0.198974609375,0.070556640625,0.01348114013671875,0.050811767578125,0.916015625
162,FluencyBank_109_66,0.0218658447265625,0.08526611328125,0.027740478515625,0.048583984375,0.048309326171875
163,FluencyBank_109_67,0.0244293212890625,0.06817626953125,0.0248870849609375,0.04840087890625,0.029083251953125
164,FluencyBank_109_68,0.036224365234375,0.10284423828125,0.02880859375,0.0190887451171875,0.0154876708984375
165,FluencyBank_109_69,0.41455078125,0.1773681640625,0.09979248046875,0.0254669189453125,0.73095703125
166,FluencyBank_109_70,0.087890625,0.316162109375,0.6416015625,0.57421875,0.24853515625
167,FluencyBank_109_71,0.5537109375,0.17138671875,0.259521484375,0.14990234375,0.07464599609375
168,FluencyBank_109_72,0.443603515625,0.2147216796875,0.3720703125,0.256103515625,0.15185546875
169,FluencyBank_109_73,0.1802978515625,0.08135986328125,0.0099334716796875,0.0699462890625,0.70458984375
170,FluencyBank_109_74,0.0238189697265625,0.14990234375,0.228515625,0.142578125,0.050811767578125
171,FluencyBank_109_75,0.1405029296875,0.1903076171875,0.412353515625,0.296142578125,0.1251220703125
172,FluencyBank_109_76,0.090087890625,0.040618896484375,0.0374755859375,0.00731658935546875,0.027374267578125
173,FluencyBank_109_77,0.13330078125,0.06878662109375,0.037200927734375,0.006565093994140625,0.0199127197265625
174,FluencyBank_109_78,0.44482421875,0.2919921875,0.54150390625,0.1395263671875,0.1124267578125
175,FluencyBank_109_79,0.200927734375,0.1015625,0.02191162109375,0.059661865234375,0.9033203125
176,FluencyBank_109_80,0.39453125,0.157958984375,0.155029296875,0.23095703125,0.8408203125
177,FluencyBank_109_81,0.78369140625,0.1900634765625,0.2098388671875,0.0810546875,0.10858154296875
178,FluencyBank_109_82,0.51708984375,0.2060546875,0.23974609375,0.240966796875,0.417236328125
179,FluencyBank_109_83,0.1849365234375,0.17236328125,0.08050537109375,0.1644287109375,0.763671875
180,FluencyBank_109_84,0.0816650390625,0.042816162109375,0.0234222412109375,0.054901123046875,0.2100830078125
181,FluencyBank_111_0,0.290283203125,0.1751708984375,0.0560302734375,0.07611083984375,0.91357421875
182,FluencyBank_111_1,0.058563232421875,0.10089111328125,0.044769287109375,0.04443359375,0.1717529296875
183,FluencyBank_111_2,0.09893798828125,0.1175537109375,0.0810546875,0.08465576171875,0.1898193359375
184,FluencyBank_111_3,0.2327880859375,0.1490478515625,0.044921875,0.0970458984375,0.050994873046875
185,FluencyBank_111_4,0.173583984375,0.1820068359375,0.1524658203125,0.058563232421875,0.0616455078125
186,FluencyBank_111_5,0.255126953125,0.173828125,0.0830078125,0.08270263671875,0.45849609375
187,FluencyBank_111_6,0.173583984375,0.21142578125,0.1312255859375,0.151611328125,0.402099609375
188,FluencyBank_111_7,0.2005615234375,0.1131591796875,0.0782470703125,0.024749755859375,0.10858154296875
189,FluencyBank_111_8,0.2437744140625,0.106689453125,0.138671875,0.2298583984375,0.159912109375
190,FluencyBank_111_9,0.0194549560546875,0.0634765625,0.03204345703125,0.07708740234375,0.07147216796875
191,FluencyBank_111_11,0.14794921875,0.08648681640625,0.0301513671875,0.11456298828125,0.1014404296875
192,FluencyBank_111_12,0.1417236328125,0.2171630859375,0.177001953125,0.1802978515625,0.1439208984375
193,FluencyBank_111_13,0.140869140625,0.187255859375,0.062225341796875,0.06915283203125,0.33154296875
194,FluencyBank_111_14,0.40576171875,0.0953369140625,0.049591064453125,0.1187744140625,0.3447265625
195,FluencyBank_111_15,0.02191162109375,0.150390625,0.1195068359375,0.11968994140625,0.04302978515625
196,FluencyBank_111_16,0.06610107421875,0.07598876953125,0.046630859375,0.1500244140625,0.13427734375
197,FluencyBank_111_17,0.1737060546875,0.1326904296875,0.2149658203125,0.1414794921875,0.10321044921875
198,FluencyBank_111_18,0.28369140625,0.132080078125,0.06280517578125,0.048858642578125,0.52392578125
199,FluencyBank_111_19,0.10577392578125,0.10125732421875,0.05889892578125,0.05792236328125,0.0809326171875
200,FluencyBank_111_20,0.057281494140625,0.13134765625,0.1239013671875,0.216552734375,0.11376953125
201,FluencyBank_111_21,0.591796875,0.2247314453125,0.2410888671875,0.0567626953125,0.12359619140625
202,FluencyBank_111_22,0.258056640625,0.2230224609375,0.2122802734375,0.1689453125,0.6767578125
203,FluencyBank_111_23,0.045013427734375,0.11737060546875,0.06744384765625,0.00818634033203125,0.0273284912109375
204,FluencyBank_111_24,0.1744384765625,0.1461181640625,0.1707763671875,0.052825927734375,0.139892578125
205,FluencyBank_111_25,0.0782470703125,0.1597900390625,0.0279083251953125,0.0743408203125,0.8232421875
206,FluencyBank_111_26,0.218505859375,0.142822265625,0.054290771484375,0.2005615234375,0.8505859375
207,FluencyBank_111_27,0.1737060546875,0.140869140625,0.077392578125,0.0316162109375,0.406982421875
208,FluencyBank_111_28,0.1585693359375,0.13427734375,0.11126708984375,0.0489501953125,0.434326171875
209,FluencyBank_111_29,0.325927734375,0.1429443359375,0.1280517578125,0.10797119140625,0.52587890625
210,FluencyBank_111_30,0.260498046875,0.18212890625,0.1922607421875,0.162109375,0.2044677734375
211,FluencyBank_111_31,0.047698974609375,0.10894775390625,0.09320068359375,0.04217529296875,0.057586669921875
212,FluencyBank_111_32,0.11199951171875,0.154541015625,0.1417236328125,0.046630859375,0.09619140625
213,FluencyBank_111_33,0.3701171875,0.1578369140625,0.1669921875,0.07489013671875,0.1929931640625
214,FluencyBank_111_34,0.05023193359375,0.2156982421875,0.2841796875,0.3203125,0.1605224609375
215,FluencyBank_111_35,0.378173828125,0.12261962890625,0.10614013671875,0.06622314453125,0.4296875
216,FluencyBank_111_36,0.0726318359375,0.06982421875,0.03289794921875,0.09088134765625,0.1473388671875
217,FluencyBank_111_37,0.326904296875,0.1290283203125,0.0802001953125,0.09844970703125,0.419677734375
218,FluencyBank_111_38,0.1427001953125,0.08331298828125,0.073974609375,0.0615234375,0.341796875
219,FluencyBank_111_39,0.5302734375,0.105224609375,0.1300048828125,0.0782470703125,0.2021484375
220,FluencyBank_111_40,0.07366943359375,0.13134765625,0.0885009765625,0.029754638671875,0.060089111328125
221,FluencyBank_111_41,0.1446533203125,0.11395263671875,0.09503173828125,0.00963592529296875,0.07476806640625
222,FluencyBank_111_42,0.029144287109375,0.09771728515625,0.039642333984375,0.01073455810546875,0.027069091796875
223,FluencyBank_111_43,0.358154296875,0.2305908203125,0.2420654296875,0.1868896484375,0.09588623046875
224,FluencyBank_111_44,0.1400146484375,0.131103515625,0.02288818359375,0.0323486328125,0.8671875
225,FluencyBank_111_45,0.14208984375,0.10052490234375,0.02386474609375,0.0312042236328125,0.07305908203125
226,FluencyBank_111_46,0.08416748046875,0.16650390625,0.038238525390625,0.1104736328125,0.75634765625
227,FluencyBank_111_47,0.2235107421875,0.240966796875,0.06793212890625,0.0537109375,0.319091796875
228,FluencyBank_111_48,0.239013671875,0.089599609375,0.0287628173828125,0.0386962890625,0.77685546875
229,FluencyBank_111_49,0.06951904296875,0.0703125,0.0253753662109375,0.08709716796875,0.06854248046875
230,FluencyBank_111_50,0.1640625,0.11553955078125,0.0802001953125,0.06878662109375,0.1380615234375
231,FluencyBank_111_51,0.097412109375,0.11065673828125,0.053314208984375,0.07159423828125,0.2218017578125
232,FluencyBank_111_52,0.13818359375,0.1611328125,0.07763671875,0.06707763671875,0.83056640625
233,FluencyBank_111_53,0.1810302734375,0.129150390625,0.06243896484375,0.08123779296875,0.4384765625
234,FluencyBank_111_54,0.051666259765625,0.1279296875,0.0273284912109375,0.1353759765625,0.37744140625
235,FluencyBank_111_55,0.208984375,0.15478515625,0.11920166015625,0.158203125,0.274169921875
236,FluencyBank_111_56,0.1746826171875,0.1895751953125,0.250244140625,0.265380859375,0.49658203125
237,FluencyBank_111_57,0.21630859375,0.2197265625,0.2149658203125,0.11260986328125,0.286376953125
238,FluencyBank_111_58,0.29248046875,0.10052490234375,0.03179931640625,0.0293731689453125,0.267333984375
239,FluencyBank_111_59,0.04327392578125,0.184326171875,0.0850830078125,0.2010498046875,0.08819580078125
240,FluencyBank_111_60,0.2130126953125,0.14501953125,0.118408203125,0.042816162109375,0.763671875
241,FluencyBank_111_61,0.11456298828125,0.08758544921875,0.0258026123046875,0.055938720703125,0.167236328125
242,FluencyBank_111_62,0.030853271484375,0.250244140625,0.1251220703125,0.044281005859375,0.11614990234375
243,FluencyBank_111_63,0.2091064453125,0.1607666015625,0.2120361328125,0.291748046875,0.427490234375
244,FluencyBank_111_64,0.1279296875,0.19677734375,0.36962890625,0.236328125,0.2469482421875
245,FluencyBank_111_65,0.10723876953125,0.08868408203125,0.09503173828125,0.053192138671875,0.1448974609375
246,FluencyBank_111_66,0.12493896484375,0.1571044921875,0.062225341796875,0.11614990234375,0.26806640625
247,FluencyBank_111_67,0.27783203125,0.129150390625,0.056549072265625,0.042877197265625,0.6875
248,FluencyBank_111_68,0.2384033203125,0.1583251953125,0.1939697265625,0.07574462890625,0.10992431640625
249,FluencyBank_111_69,0.0592041015625,0.1646728515625,0.1572265625,0.1417236328125,0.09332275390625
250,FluencyBank_111_70,0.16015625,0.27490234375,0.1951904296875,0.1884765625,0.476318359375
251,FluencyBank_111_71,0.026458740234375,0.11065673828125,0.09588623046875,0.302978515625,0.17529296875
252,FluencyBank_111_72,0.2059326171875,0.18701171875,0.17919921875,0.1177978515625,0.35400390625
253,FluencyBank_111_73,0.247314453125,0.1397705078125,0.1685791015625,0.042327880859375,0.434326171875
254,FluencyBank_111_74,0.414794921875,0.3046875,0.277099609375,0.053009033203125,0.138427734375
255,FluencyBank_111_75,0.2105712890625,0.171142578125,0.10540771484375,0.053985595703125,0.60205078125
256,FluencyBank_111_76,0.053497314453125,0.14453125,0.2037353515625,0.252685546875,0.12103271484375
257,FluencyBank_111_77,0.298828125,0.10015869140625,0.061187744140625,0.024993896484375,0.18359375
258,FluencyBank_111_78,0.09332275390625,0.1224365234375,0.1583251953125,0.0775146484375,0.1549072265625
259,FluencyBank_111_79,0.123779296875,0.1500244140625,0.06890869140625,0.05706787109375,0.0313720703125
260,FluencyBank_111_80,0.0838623046875,0.1837158203125,0.049591064453125,0.0243377685546875,0.0548095703125
261,FluencyBank_111_81,0.06915283203125,0.1683349609375,0.1019287109375,0.1873779296875,0.132568359375
262,FluencyBank_111_82,0.25341796875,0.1651611328125,0.1392822265625,0.07794189453125,0.1533203125
263,FluencyBank_111_83,0.0880126953125,0.1519775390625,0.0794677734375,0.260498046875,0.394287109375
264,FluencyBank_111_84,0.335205078125,0.1885986328125,0.267333984375,0.06292724609375,0.341552734375
265,FluencyBank_111_85,0.33154296875,0.227294921875,0.123779296875,0.0295867919921875,0.158935546875
266,FluencyBank_111_86,0.12176513671875,0.12548828125,0.1451416015625,0.23193359375,0.346435546875
267,FluencyBank_111_87,0.12359619140625,0.234375,0.1177978515625,0.05865478515625,0.685546875
268,FluencyBank_111_88,0.09136962890625,0.14501953125,0.058013916015625,0.148193359375,0.82568359375
269,FluencyBank_111_89,0.1273193359375,0.149658203125,0.1656494140625,0.1273193359375,0.44287109375
270,FluencyBank_111_90,0.388671875,0.1649169921875,0.13916015625,0.2489013671875,0.5693359375
271,FluencyBank_111_91,0.40869140625,0.1868896484375,0.2069091796875,0.06597900390625,0.451171875
272,FluencyBank_111_92,0.281494140625,0.09088134765625,0.048858642578125,0.029815673828125,0.232177734375
273,FluencyBank_111_93,0.120849609375,0.182373046875,0.1171875,0.139404296875,0.80712890625
274,FluencyBank_111_94,0.03582763671875,0.1689453125,0.1639404296875,0.2335205078125,0.1451416015625
275,FluencyBank_111_95,0.024658203125,0.1632080078125,0.1705322265625,0.1856689453125,0.058990478515625
276,FluencyBank_111_96,0.029754638671875,0.1405029296875,0.205322265625,0.1190185546875,0.03594970703125
277,FluencyBank_111_97,0.1416015625,0.09930419921875,0.03155517578125,0.05633544921875,0.2076416015625
278,FluencyBank_111_98,0.06707763671875,0.1805419921875,0.151123046875,0.12347412109375,0.0548095703125
279,FluencyBank_111_99,0.145263671875,0.119384765625,0.01422882080078125,0.0323486328125,0.444091796875
280,FluencyBank_111_100,0.18359375,0.12335205078125,0.046905517578125,0.042236328125,0.64306640625
281,FluencyBank_111_101,0.38037109375,0.1165771484375,0.0809326171875,0.05194091796875,0.375732421875
282,FluencyBank_111_102,0.049591064453125,0.06396484375,0.0253753662109375,0.08660888671875,0.1539306640625
283,FluencyBank_111_103,0.24560546875,0.253662109375,0.2276611328125,0.1993408203125,0.463623046875
284,FluencyBank_111_104,0.2078857421875,0.10052490234375,0.106689453125,0.16162109375,0.18994140625
285,FluencyBank_111_105,0.1702880859375,0.09075927734375,0.0460205078125,0.0782470703125,0.68212890625
286,FluencyBank_111_106,0.063232421875,0.155517578125,0.07684326171875,0.05194091796875,0.06622314453125
287,FluencyBank_111_107,0.1033935546875,0.2083740234375,0.1358642578125,0.1290283203125,0.444091796875
288,FluencyBank_111_108,0.1380615234375,0.277099609375,0.275634765625,0.297119140625,0.307373046875
289,FluencyBank_111_109,0.0282745361328125,0.122314453125,0.14990234375,0.0521240234375,0.07330322265625
290,FluencyBank_111_110,0.2220458984375,0.1578369140625,0.0880126953125,0.0784912109375,0.89306640625
291,FluencyBank_111_111,0.1239013671875,0.1279296875,0.04913330078125,0.06964111328125,0.87353515625
292,FluencyBank_111_112,0.10015869140625,0.10302734375,0.033477783203125,0.06280517578125,0.78515625
293,FluencyBank_111_113,0.075439453125,0.285888671875,0.071044921875,0.056976318359375,0.0328369140625
294,FluencyBank_111_114,0.10894775390625,0.10504150390625,0.0121917724609375,0.0289306640625,0.10467529296875
295,FluencyBank_111_115,0.2269287109375,0.150390625,0.10284423828125,0.04986572265625,0.0303802490234375
296,FluencyBank_111_116,0.12042236328125,0.07489013671875,0.0219879150390625,0.01983642578125,0.0343017578125
297,FluencyBank_111_117,0.18798828125,0.09368896484375,0.0526123046875,0.1624755859375,0.685546875
298,FluencyBank_111_118,0.2076416015625,0.216064453125,0.276611328125,0.22021484375,0.2374267578125
299,FluencyBank_111_119,0.222900390625,0.130126953125,0.07891845703125,0.1671142578125,0.52734375
300,FluencyBank_111_120,0.1998291015625,0.10302734375,0.043701171875,0.11474609375,0.341552734375
301,FluencyBank_111_121,0.08062744140625,0.12249755859375,0.035064697265625,0.050811767578125,0.83251953125
302,FluencyBank_111_122,0.042236328125,0.2318115234375,0.09136962890625,0.036773681640625,0.31640625
303,FluencyBank_111_123,0.040008544921875,0.158203125,0.2440185546875,0.2012939453125,0.1597900390625
304,FluencyBank_111_124,0.032958984375,0.15869140625,0.354248046875,0.5908203125,0.1993408203125
305,FluencyBank_111_125,0.1380615234375,0.196044921875,0.139892578125,0.227783203125,0.2381591796875
306,FluencyBank_111_126,0.37890625,0.1746826171875,0.0751953125,0.264404296875,0.204345703125
307,FluencyBank_111_127,0.0889892578125,0.2333984375,0.240478515625,0.07135009765625,0.206298828125
308,FluencyBank_111_128,0.1094970703125,0.14794921875,0.1177978515625,0.0323486328125,0.41845703125
309,FluencyBank_111_129,0.1961669921875,0.136962890625,0.1453857421875,0.36767578125,0.2255859375
310,FluencyBank_111_130,0.1590576171875,0.06475830078125,0.051849365234375,0.178466796875,0.1484375
311,FluencyBank_111_131,0.19873046875,0.319580078125,0.266845703125,0.19580078125,0.09503173828125
312,FluencyBank_111_132,0.1922607421875,0.1737060546875,0.1959228515625,0.1756591796875,0.1737060546875
313,FluencyBank_111_133,0.05242919921875,0.1563720703125,0.06964111328125,0.095703125,0.479736328125
314,FluencyBank_111_134,0.3505859375,0.10797119140625,0.06304931640625,0.1947021484375,0.7919921875
315,FluencyBank_111_135,0.537109375,0.0943603515625,0.06292724609375,0.0552978515625,0.1739501953125
316,FluencyBank_111_136,0.36181640625,0.1488037109375,0.11102294921875,0.1865234375,0.420166015625
317,FluencyBank_111_137,0.10797119140625,0.1217041015625,0.0850830078125,0.1737060546875,0.1431884765625
318,FluencyBank_111_138,0.06842041015625,0.1619873046875,0.17529296875,0.0235137939453125,0.07354736328125
319,FluencyBank_111_139,0.1573486328125,0.144287109375,0.044342041015625,0.05340576171875,0.93603515625
320,FluencyBank_111_140,0.047149658203125,0.126953125,0.0526123046875,0.03253173828125,0.02655029296875
321,FluencyBank_111_141,0.0290374755859375,0.2548828125,0.3173828125,0.190673828125,0.07330322265625
322,FluencyBank_111_142,0.17578125,0.081787109375,0.013275146484375,0.0127716064453125,0.78515625
323,FluencyBank_111_143,0.37060546875,0.1357421875,0.1285400390625,0.0810546875,0.48974609375
324,FluencyBank_111_144,0.4384765625,0.2105712890625,0.1951904296875,0.0236968994140625,0.0885009765625
325,FluencyBank_111_145,0.1993408203125,0.239013671875,0.27001953125,0.17626953125,0.70068359375
326,FluencyBank_111_146,0.1502685546875,0.1378173828125,0.16064453125,0.061431884765625,0.2271728515625
327,FluencyBank_111_147,0.2587890625,0.09893798828125,0.1513671875,0.0192718505859375,0.1134033203125
328,FluencyBank_111_148,0.150390625,0.1546630859375,0.1529541015625,0.08209228515625,0.1270751953125
329,FluencyBank_111_149,0.059112548828125,0.114990234375,0.078369140625,0.0273284912109375,0.046478271484375
330,FluencyBank_111_150,0.1707763671875,0.17724609375,0.154296875,0.2293701171875,0.70751953125
331,FluencyBank_111_151,0.089111328125,0.140625,0.1490478515625,0.251708984375,0.1915283203125
332,FluencyBank_111_152,0.08197021484375,0.109130859375,0.11517333984375,0.08831787109375,0.207275390625
333,FluencyBank_111_153,0.1805419921875,0.156494140625,0.172607421875,0.193359375,0.267333984375
334,FluencyBank_111_154,0.09136962890625,0.07330322265625,0.0965576171875,0.0457763671875,0.05975341796875
335,FluencyBank_111_155,0.1651611328125,0.08038330078125,0.09271240234375,0.10247802734375,0.2330322265625
336,FluencyBank_111_156,0.09368896484375,0.2103271484375,0.09368896484375,0.047088623046875,0.12744140625
337,FluencyBank_111_157,0.0943603515625,0.262939453125,0.350830078125,0.18896484375,0.2021484375
338,FluencyBank_111_158,0.24169921875,0.196044921875,0.10540771484375,0.043365478515625,0.299072265625
339,FluencyBank_111_159,0.216064453125,0.172607421875,0.126953125,0.166015625,0.343994140625
340,FluencyBank_111_160,0.0635986328125,0.09417724609375,0.0472412109375,0.05108642578125,0.11199951171875
341,FluencyBank_111_161,0.061981201171875,0.1395263671875,0.1187744140625,0.02386474609375,0.05780029296875
342,FluencyBank_111_162,0.08270263671875,0.1611328125,0.0948486328125,0.08538818359375,0.11962890625
343,FluencyBank_111_163,0.036834716796875,0.1453857421875,0.06768798828125,0.0704345703125,0.13818359375
344,FluencyBank_111_164,0.1181640625,0.11553955078125,0.079345703125,0.007175445556640625,0.1390380859375
345,FluencyBank_118_0,0.045257568359375,0.08929443359375,0.018096923828125,0.0328369140625,0.0303802490234375
346,FluencyBank_118_1,0.142578125,0.29443359375,0.3779296875,0.06695556640625,0.157958984375
347,FluencyBank_118_2,0.30322265625,0.1131591796875,0.053009033203125,0.044342041015625,0.03912353515625
348,FluencyBank_118_3,0.1893310546875,0.06463623046875,0.09075927734375,0.0171051025390625,0.06658935546875
349,FluencyBank_118_4,0.249755859375,0.0855712890625,0.08819580078125,0.01312255859375,0.046112060546875
350,FluencyBank_118_5,0.359130859375,0.051544189453125,0.01666259765625,0.05780029296875,0.32568359375
351,FluencyBank_118_6,0.2286376953125,0.09844970703125,0.0284881591796875,0.09222412109375,0.8369140625
352,FluencyBank_118_7,0.1885986328125,0.1954345703125,0.12261962890625,0.16162109375,0.310546875
353,FluencyBank_118_8,0.316162109375,0.2059326171875,0.109130859375,0.1685791015625,0.77197265625
354,FluencyBank_118_9,0.11395263671875,0.07147216796875,0.00809478759765625,0.048492431640625,0.04779052734375
355,FluencyBank_118_10,0.457275390625,0.1312255859375,0.06304931640625,0.1055908203125,0.07147216796875
356,FluencyBank_118_11,0.289306640625,0.3623046875,0.5966796875,0.07159423828125,0.07366943359375
357,FluencyBank_118_12,0.219482421875,0.289306640625,0.30029296875,0.0775146484375,0.09771728515625
358,FluencyBank_118_13,0.1341552734375,0.1627197265625,0.0310821533203125,0.041229248046875,0.272216796875
359,FluencyBank_118_14,0.061981201171875,0.1961669921875,0.07122802734375,0.149658203125,0.216552734375
360,FluencyBank_118_15,0.076416015625,0.1229248046875,0.0379638671875,0.052703857421875,0.0240020751953125
361,FluencyBank_118_16,0.11859130859375,0.1939697265625,0.1571044921875,0.16943359375,0.1470947265625
362,FluencyBank_118_17,0.07586669921875,0.1514892578125,0.07977294921875,0.2100830078125,0.533203125
363,FluencyBank_118_18,0.0885009765625,0.39306640625,0.1763916015625,0.1474609375,0.330322265625
364,FluencyBank_118_19,0.1473388671875,0.235595703125,0.127197265625,0.06231689453125,0.232177734375
365,FluencyBank_118_20,0.443603515625,0.2281494140625,0.3193359375,0.032470703125,0.350830078125
366,FluencyBank_118_21,0.3427734375,0.1405029296875,0.03436279296875,0.07080078125,0.1715087890625
367,FluencyBank_118_22,0.1571044921875,0.0849609375,0.0185394287109375,0.141357421875,0.88671875
368,FluencyBank_118_23,0.056854248046875,0.1177978515625,0.0196075439453125,0.0616455078125,0.385498046875
369,FluencyBank_118_24,0.2286376953125,0.05633544921875,0.0102081298828125,0.023956298828125,0.5380859375
370,FluencyBank_118_25,0.10394287109375,0.2386474609375,0.08270263671875,0.022979736328125,0.030792236328125
371,FluencyBank_118_26,0.491943359375,0.16357421875,0.105224609375,0.10931396484375,0.58056640625
372,FluencyBank_118_27,0.14599609375,0.287353515625,0.09844970703125,0.04486083984375,0.06109619140625
373,FluencyBank_118_28,0.355224609375,0.1236572265625,0.042327880859375,0.0635986328125,0.494384765625
374,FluencyBank_118_29,0.5341796875,0.11260986328125,0.0323486328125,0.0173797607421875,0.10052490234375
375,FluencyBank_118_30,0.056121826171875,0.1622314453125,0.047607421875,0.0810546875,0.04913330078125
376,FluencyBank_118_31,0.578125,0.1026611328125,0.0364990234375,0.04046630859375,0.08660888671875
377,FluencyBank_118_32,0.342529296875,0.2059326171875,0.07891845703125,0.07122802734375,0.270263671875
378,FluencyBank_118_33,0.493408203125,0.223388671875,0.18505859375,0.1300048828125,0.33642578125
379,FluencyBank_118_34,0.1619873046875,0.334716796875,0.085693359375,0.059967041015625,0.0794677734375
380,FluencyBank_118_35,0.30517578125,0.29296875,0.435791015625,0.0869140625,0.267333984375
381,FluencyBank_118_36,0.187744140625,0.04949951171875,0.01348114013671875,0.07464599609375,0.239501953125
382,FluencyBank_118_37,0.1466064453125,0.1104736328125,0.0310821533203125,0.05108642578125,0.9521484375
383,FluencyBank_118_38,0.0241851806640625,0.1368408203125,0.07879638671875,0.07318115234375,0.17333984375
384,FluencyBank_118_39,0.169921875,0.07275390625,0.03912353515625,0.18798828125,0.3154296875
385,FluencyBank_118_40,0.471435546875,0.1312255859375,0.24560546875,0.029876708984375,0.034027099609375
386,FluencyBank_118_41,0.0240020751953125,0.13427734375,0.0784912109375,0.00881195068359375,0.0163421630859375
387,FluencyBank_118_42,0.06634521484375,0.0633544921875,0.01016998291015625,0.0279083251953125,0.0341796875
388,FluencyBank_118_43,0.215576171875,0.12359619140625,0.0509033203125,0.130859375,0.196533203125
389,FluencyBank_118_44,0.232666015625,0.10595703125,0.024383544921875,0.03033447265625,0.077392578125
390,FluencyBank_118_45,0.3603515625,0.0994873046875,0.0328369140625,0.07977294921875,0.9208984375
391,FluencyBank_118_46,0.66796875,0.2021484375,0.357666015625,0.03326416015625,0.056549072265625
392,FluencyBank_118_47,0.267333984375,0.09967041015625,0.04168701171875,0.059326171875,0.95751953125
393,FluencyBank_118_48,0.486083984375,0.08587646484375,0.03955078125,0.044677734375,0.826171875
394,FluencyBank_118_49,0.0740966796875,0.09271240234375,0.0236053466796875,0.0321044921875,0.07196044921875
395,FluencyBank_118_50,0.0592041015625,0.13232421875,0.03265380859375,0.13525390625,0.80029296875
396,FluencyBank_118_51,0.046905517578125,0.263427734375,0.1488037109375,0.1837158203125,0.10614013671875
397,FluencyBank_118_52,0.186279296875,0.115966796875,0.034423828125,0.082275390625,0.95703125
398,FluencyBank_118_53,0.53125,0.246337890625,0.470703125,0.08990478515625,0.10687255859375
399,FluencyBank_118_54,0.06927490234375,0.1898193359375,0.055206298828125,0.141357421875,0.08331298828125
400,FluencyBank_118_55,0.170654296875,0.15234375,0.07159423828125,0.1048583984375,0.9443359375
401,FluencyBank_118_56,0.09912109375,0.0740966796875,0.0345458984375,0.13525390625,0.183349609375
402,FluencyBank_118_57,0.7001953125,0.2113037109375,0.375732421875,0.04376220703125,0.04931640625
403,FluencyBank_118_58,0.78271484375,0.1959228515625,0.27880859375,0.072265625,0.11029052734375
404,FluencyBank_118_59,0.0209197998046875,0.1702880859375,0.08758544921875,0.06719970703125,0.0345458984375
405,FluencyBank_118_60,0.109130859375,0.061187744140625,0.0115509033203125,0.033782958984375,0.0253753662109375
406,FluencyBank_118_61,0.052520751953125,0.0831298828125,0.0190887451171875,0.02880859375,0.0225067138671875
407,FluencyBank_118_62,0.09808349609375,0.1015625,0.1676025390625,0.0121002197265625,0.07421875
408,FluencyBank_118_63,0.06707763671875,0.07318115234375,0.05340576171875,0.1998291015625,0.1282958984375
409,FluencyBank_118_64,0.47509765625,0.251708984375,0.435791015625,0.095703125,0.0843505859375
410,FluencyBank_118_65,0.529296875,0.2115478515625,0.1380615234375,0.0457763671875,0.60546875
411,FluencyBank_118_66,0.65234375,0.0880126953125,0.0394287109375,0.058990478515625,0.0792236328125
412,FluencyBank_118_67,0.483642578125,0.267578125,0.13720703125,0.12103271484375,0.089599609375
413,FluencyBank_118_68,0.0469970703125,0.11676025390625,0.009124755859375,0.032470703125,0.08990478515625
414,FluencyBank_118_69,0.2032470703125,0.126220703125,0.03021240234375,0.1278076171875,0.374755859375
415,FluencyBank_118_70,0.1544189453125,0.1365966796875,0.0322265625,0.08038330078125,0.96826171875
416,FluencyBank_118_71,0.10089111328125,0.13916015625,0.0379638671875,0.0200653076171875,0.035064697265625
417,FluencyBank_118_72,0.470947265625,0.0970458984375,0.042388916015625,0.1217041015625,0.195556640625
418,FluencyBank_118_73,0.74755859375,0.18115234375,0.1705322265625,0.076416015625,0.1666259765625
419,FluencyBank_118_74,0.21240234375,0.134033203125,0.03265380859375,0.06719970703125,0.9482421875
420,FluencyBank_118_75,0.0548095703125,0.1007080078125,0.03143310546875,0.0548095703125,0.06304931640625
421,FluencyBank_118_76,0.1300048828125,0.309814453125,0.2481689453125,0.1434326171875,0.059661865234375
422,FluencyBank_118_77,0.114990234375,0.1083984375,0.0703125,0.2017822265625,0.06304931640625
423,FluencyBank_118_78,0.290771484375,0.2152099609375,0.319091796875,0.3515625,0.09320068359375
424,FluencyBank_118_79,0.1976318359375,0.1788330078125,0.1910400390625,0.11968994140625,0.0753173828125
425,FluencyBank_118_80,0.11358642578125,0.1195068359375,0.1341552734375,0.0496826171875,0.048309326171875
426,FluencyBank_118_81,0.06256103515625,0.11419677734375,0.08660888671875,0.17626953125,0.07763671875
427,FluencyBank_118_82,0.1121826171875,0.1883544921875,0.027587890625,0.04302978515625,0.0849609375
428,FluencyBank_118_83,0.059539794921875,0.1427001953125,0.0225372314453125,0.0150146484375,0.04931640625
429,FluencyBank_118_84,0.249267578125,0.126953125,0.0615234375,0.1689453125,0.0726318359375
430,FluencyBank_118_85,0.142333984375,0.167236328125,0.10284423828125,0.1563720703125,0.09808349609375
431,FluencyBank_118_86,0.057281494140625,0.1949462890625,0.1710205078125,0.319091796875,0.126708984375
432,FluencyBank_118_87,0.352783203125,0.255126953125,0.353759765625,0.09185791015625,0.50341796875
433,FluencyBank_118_88,0.310791015625,0.29541015625,0.607421875,0.045440673828125,0.12176513671875
434,FluencyBank_118_89,0.10089111328125,0.06304931640625,0.0083465576171875,0.047882080078125,0.082275390625
435,FluencyBank_118_90,0.06671142578125,0.087890625,0.022369384765625,0.06854248046875,0.031982421875
436,FluencyBank_118_91,0.1370849609375,0.15283203125,0.05645751953125,0.0943603515625,0.9609375
437,FluencyBank_118_92,0.32666015625,0.06109619140625,0.0164031982421875,0.03662109375,0.1546630859375
438,FluencyBank_118_93,0.138427734375,0.260009765625,0.054107666015625,0.1434326171875,0.3583984375
439,FluencyBank_118_94,0.280517578125,0.267333984375,0.406982421875,0.07159423828125,0.1322021484375
440,FluencyBank_118_95,0.11737060546875,0.07366943359375,0.2191162109375,0.0165863037109375,0.08038330078125
441,FluencyBank_118_96,0.1580810546875,0.06939697265625,0.10858154296875,0.010406494140625,0.040618896484375
442,FluencyBank_118_97,0.146240234375,0.1033935546875,0.322265625,0.04010009765625,0.09637451171875
443,FluencyBank_118_98,0.1678466796875,0.1702880859375,0.525390625,0.0823974609375,0.1278076171875
444,FluencyBank_118_99,0.04010009765625,0.29931640625,0.384521484375,0.059417724609375,0.05419921875
445,FluencyBank_118_100,0.030853271484375,0.25244140625,0.24169921875,0.060302734375,0.03594970703125
446,FluencyBank_118_101,0.052520751953125,0.314453125,0.2032470703125,0.07196044921875,0.150390625
447,FluencyBank_118_102,0.09930419921875,0.1260986328125,0.051666259765625,0.10687255859375,0.1026611328125
448,FluencyBank_118_103,0.343017578125,0.09283447265625,0.02655029296875,0.06610107421875,0.94921875
449,FluencyBank_118_104,0.2352294921875,0.1390380859375,0.052337646484375,0.080810546875,0.93115234375
450,FluencyBank_118_105,0.1636962890625,0.0987548828125,0.296875,0.05645751953125,0.0965576171875
451,FluencyBank_118_106,0.1351318359375,0.09857177734375,0.33544921875,0.06451416015625,0.07666015625
452,FluencyBank_118_107,0.1766357421875,0.10211181640625,0.34423828125,0.070068359375,0.08538818359375
453,FluencyBank_118_108,0.25390625,0.16015625,0.408447265625,0.1124267578125,0.216064453125
454,FluencyBank_118_109,0.127685546875,0.0635986328125,0.13037109375,0.019500732421875,0.055419921875
455,FluencyBank_118_110,0.5390625,0.06695556640625,0.021697998046875,0.0384521484375,0.395751953125
456,FluencyBank_118_111,0.58056640625,0.1673583984375,0.294921875,0.0699462890625,0.08599853515625
457,FluencyBank_118_112,0.424072265625,0.2359619140625,0.140869140625,0.03173828125,0.303466796875
458,FluencyBank_121_0,0.1917724609375,0.287841796875,0.427490234375,0.07489013671875,0.05340576171875
459,FluencyBank_121_1,0.076416015625,0.08197021484375,0.0521240234375,0.1240234375,0.4921875
460,FluencyBank_121_2,0.1646728515625,0.09124755859375,0.0222015380859375,0.06890869140625,0.91015625
461,FluencyBank_121_3,0.0296478271484375,0.0965576171875,0.047515869140625,0.33056640625,0.11517333984375
462,FluencyBank_121_4,0.343017578125,0.1392822265625,0.06549072265625,0.08990478515625,0.09844970703125
463,FluencyBank_121_5,0.2110595703125,0.1181640625,0.058349609375,0.232666015625,0.556640625
464,FluencyBank_121_6,0.1507568359375,0.10467529296875,0.05975341796875,0.134765625,0.116943359375
465,FluencyBank_121_7,0.2012939453125,0.0638427734375,0.03759765625,0.09283447265625,0.2467041015625
466,FluencyBank_121_8,0.1007080078125,0.0982666015625,0.08740234375,0.116943359375,0.1044921875
467,FluencyBank_121_9,0.09600830078125,0.2034912109375,0.130126953125,0.131103515625,0.054290771484375
468,FluencyBank_121_10,0.293701171875,0.063720703125,0.1334228515625,0.0171051025390625,0.0439453125
469,FluencyBank_121_11,0.52197265625,0.10125732421875,0.05560302734375,0.04620361328125,0.418701171875
470,FluencyBank_121_12,0.2109375,0.091552734375,0.05108642578125,0.215576171875,0.12493896484375
471,FluencyBank_121_13,0.1842041015625,0.10797119140625,0.075439453125,0.177490234375,0.1055908203125
472,FluencyBank_121_14,0.282958984375,0.1387939453125,0.11578369140625,0.02447509765625,0.2034912109375
473,FluencyBank_121_15,0.224853515625,0.1685791015625,0.08831787109375,0.05224609375,0.142578125
474,FluencyBank_121_16,0.298583984375,0.1939697265625,0.16015625,0.10504150390625,0.529296875
475,FluencyBank_121_17,0.10760498046875,0.1895751953125,0.033905029296875,0.1561279296875,0.54052734375
476,FluencyBank_121_18,0.2445068359375,0.272705078125,0.4013671875,0.1282958984375,0.1094970703125
477,FluencyBank_121_19,0.39990234375,0.151123046875,0.10760498046875,0.0850830078125,0.2093505859375
478,FluencyBank_121_20,0.205322265625,0.07501220703125,0.0212860107421875,0.0292510986328125,0.53759765625
479,FluencyBank_121_21,0.33642578125,0.10614013671875,0.0262603759765625,0.062103271484375,0.685546875
480,FluencyBank_121_22,0.239013671875,0.0975341796875,0.0117340087890625,0.02947998046875,0.81591796875
481,FluencyBank_121_23,0.267333984375,0.08123779296875,0.0230255126953125,0.038543701171875,0.93896484375
482,FluencyBank_121_24,0.1923828125,0.0701904296875,0.01450347900390625,0.0257568359375,0.040924072265625
483,FluencyBank_121_25,0.410400390625,0.14599609375,0.054595947265625,0.0290374755859375,0.270751953125
484,FluencyBank_121_26,0.08197021484375,0.1259765625,0.08447265625,0.0211639404296875,0.05877685546875
485,FluencyBank_121_27,0.021697998046875,0.06732177734375,0.034942626953125,0.1380615234375,0.302978515625
486,FluencyBank_121_28,0.14990234375,0.2149658203125,0.06939697265625,0.05194091796875,0.1341552734375
487,FluencyBank_121_29,0.13134765625,0.0965576171875,0.0258026123046875,0.0849609375,0.286865234375
488,FluencyBank_121_30,0.3818359375,0.237060546875,0.1865234375,0.06463623046875,0.34228515625
489,FluencyBank_121_31,0.33837890625,0.14208984375,0.04742431640625,0.04046630859375,0.65673828125
490,FluencyBank_121_32,0.063720703125,0.06878662109375,0.01678466796875,0.07861328125,0.404296875
491,FluencyBank_121_33,0.060302734375,0.1221923828125,0.014007568359375,0.056640625,0.041229248046875
492,FluencyBank_121_34,0.10125732421875,0.3642578125,0.44580078125,0.39404296875,0.1551513671875
493,FluencyBank_121_35,0.168212890625,0.13427734375,0.0261077880859375,0.0294189453125,0.53173828125
494,FluencyBank_121_36,0.046630859375,0.1744384765625,0.219482421875,0.31787109375,0.250244140625
495,FluencyBank_121_37,0.1268310546875,0.2440185546875,0.378173828125,0.45068359375,0.1143798828125
496,FluencyBank_121_38,0.2218017578125,0.118408203125,0.05419921875,0.11395263671875,0.445556640625
497,FluencyBank_121_39,0.226318359375,0.25634765625,0.5673828125,0.10321044921875,0.0850830078125
498,FluencyBank_121_40,0.1343994140625,0.185791015625,0.07159423828125,0.08819580078125,0.65673828125
499,FluencyBank_121_41,0.2044677734375,0.04510498046875,0.00981903076171875,0.04638671875,0.66748046875
500,FluencyBank_121_42,0.0251312255859375,0.11737060546875,0.10247802734375,0.376953125,0.2127685546875
501,FluencyBank_121_43,0.027587890625,0.10089111328125,0.06793212890625,0.1903076171875,0.08209228515625
502,FluencyBank_121_44,0.26953125,0.12890625,0.049591064453125,0.044921875,0.64306640625
503,FluencyBank_121_45,0.496826171875,0.224609375,0.276611328125,0.0809326171875,0.10968017578125
504,FluencyBank_121_46,0.5556640625,0.1279296875,0.1019287109375,0.0775146484375,0.53955078125
505,FluencyBank_121_47,0.343994140625,0.184326171875,0.296875,0.034423828125,0.058135986328125
506,FluencyBank_121_48,0.2147216796875,0.1341552734375,0.06756591796875,0.06683349609375,0.57373046875
507,FluencyBank_121_49,0.257568359375,0.2132568359375,0.1697998046875,0.03790283203125,0.424560546875
508,FluencyBank_121_50,0.110107421875,0.1187744140625,0.015716552734375,0.0272216796875,0.05126953125
509,FluencyBank_121_51,0.32177734375,0.1026611328125,0.051177978515625,0.06280517578125,0.2325439453125
510,FluencyBank_121_52,0.2265625,0.1700439453125,0.07666015625,0.055419921875,0.52490234375
511,FluencyBank_121_53,0.16259765625,0.08831787109375,0.0228424072265625,0.045684814453125,0.326904296875
512,FluencyBank_121_54,0.224609375,0.135009765625,0.05987548828125,0.06573486328125,0.6416015625
513,FluencyBank_121_55,0.06866455078125,0.07977294921875,0.11517333984375,0.0872802734375,0.10089111328125
514,FluencyBank_121_56,0.037109375,0.052703857421875,0.0531005859375,0.02801513671875,0.054107666015625
515,FluencyBank_121_57,0.26123046875,0.123779296875,0.050506591796875,0.056121826171875,0.1329345703125
516,FluencyBank_121_58,0.0322265625,0.11163330078125,0.06304931640625,0.03204345703125,0.040252685546875
517,FluencyBank_121_59,0.045684814453125,0.1810302734375,0.1993408203125,0.1329345703125,0.06842041015625
518,FluencyBank_121_60,0.2313232421875,0.12493896484375,0.019561767578125,0.011688232421875,0.10247802734375
519,FluencyBank_121_61,0.2454833984375,0.1717529296875,0.03326416015625,0.035675048828125,0.163818359375
520,FluencyBank_121_62,0.1015625,0.1217041015625,0.03643798828125,0.05780029296875,0.33349609375
521,FluencyBank_121_63,0.11181640625,0.17431640625,0.1524658203125,0.1458740234375,0.435302734375
522,FluencyBank_121_64,0.269775390625,0.14599609375,0.0762939453125,0.097412109375,0.79931640625
523,FluencyBank_121_65,0.1771240234375,0.125244140625,0.025665283203125,0.047943115234375,0.8134765625
524,FluencyBank_121_66,0.309326171875,0.11932373046875,0.050811767578125,0.0582275390625,0.3193359375
525,FluencyBank_121_67,0.296142578125,0.07135009765625,0.00997161865234375,0.0174407958984375,0.2413330078125
526,FluencyBank_121_68,0.404052734375,0.341552734375,0.363525390625,0.3125,0.2447509765625
527,FluencyBank_121_69,0.08880615234375,0.1041259765625,0.0165863037109375,0.059112548828125,0.159912109375
528,FluencyBank_121_70,0.380126953125,0.1644287109375,0.126220703125,0.038177490234375,0.0938720703125
529,FluencyBank_121_71,0.1114501953125,0.240234375,0.240478515625,0.2371826171875,0.1796875
530,FluencyBank_121_72,0.08209228515625,0.1434326171875,0.2034912109375,0.478759765625,0.2421875
531,FluencyBank_121_73,0.484619140625,0.30078125,0.402587890625,0.11578369140625,0.12249755859375
532,FluencyBank_121_74,0.191650390625,0.280517578125,0.328857421875,0.10595703125,0.301025390625
533,FluencyBank_121_75,0.191162109375,0.12493896484375,0.018646240234375,0.0153045654296875,0.27685546875
534,FluencyBank_121_76,0.1898193359375,0.0460205078125,0.01898193359375,0.0182342529296875,0.7001953125
535,FluencyBank_121_77,0.23681640625,0.1685791015625,0.1165771484375,0.1015625,0.151611328125
536,FluencyBank_121_78,0.0258026123046875,0.08270263671875,0.0268096923828125,0.07891845703125,0.0755615234375
537,FluencyBank_121_79,0.0880126953125,0.1175537109375,0.0247955322265625,0.0102081298828125,0.044769287109375
538,FluencyBank_121_80,0.7294921875,0.1610107421875,0.1473388671875,0.035888671875,0.0738525390625
539,FluencyBank_121_81,0.11962890625,0.1873779296875,0.06475830078125,0.04248046875,0.6005859375
540,FluencyBank_121_82,0.234619140625,0.1669921875,0.0560302734375,0.03533935546875,0.0211181640625
541,FluencyBank_121_83,0.18701171875,0.1676025390625,0.09808349609375,0.080810546875,0.0301055908203125
542,FluencyBank_121_84,0.1572265625,0.1776123046875,0.09503173828125,0.0192413330078125,0.1783447265625
543,FluencyBank_121_85,0.12042236328125,0.295654296875,0.383056640625,0.301025390625,0.41259765625
544,FluencyBank_121_86,0.1473388671875,0.134033203125,0.01029205322265625,0.01287078857421875,0.45703125
545,FluencyBank_121_87,0.25,0.2264404296875,0.158935546875,0.055419921875,0.393310546875
546,FluencyBank_121_88,0.20068359375,0.144287109375,0.043853759765625,0.0276947021484375,0.73876953125
547,FluencyBank_121_89,0.07598876953125,0.2117919921875,0.51513671875,0.09893798828125,0.05975341796875
548,FluencyBank_121_90,0.0966796875,0.190673828125,0.474609375,0.1236572265625,0.08154296875
549,FluencyBank_121_91,0.34228515625,0.1842041015625,0.10614013671875,0.13623046875,0.26220703125
550,FluencyBank_121_92,0.27783203125,0.2034912109375,0.1436767578125,0.06695556640625,0.08770751953125
551,FluencyBank_121_93,0.52880859375,0.2073974609375,0.14111328125,0.11419677734375,0.1181640625
552,FluencyBank_121_94,0.265625,0.1683349609375,0.060638427734375,0.0287017822265625,0.2451171875
553,FluencyBank_121_95,0.2354736328125,0.1007080078125,0.1259765625,0.047882080078125,0.20166015625
554,FluencyBank_121_96,0.07183837890625,0.1239013671875,0.0310211181640625,0.105224609375,0.0509033203125
555,FluencyBank_121_97,0.1966552734375,0.1617431640625,0.08447265625,0.1419677734375,0.27197265625
556,FluencyBank_121_98,0.2100830078125,0.2315673828125,0.07708740234375,0.020721435546875,0.08819580078125
557,FluencyBank_121_99,0.048126220703125,0.062225341796875,0.05572509765625,0.04534912109375,0.1026611328125
558,FluencyBank_121_100,0.0203399658203125,0.1298828125,0.1494140625,0.2401123046875,0.20166015625
559,FluencyBank_121_101,0.09967041015625,0.08050537109375,0.036285400390625,0.09619140625,0.57763671875
560,FluencyBank_121_102,0.0482177734375,0.2191162109375,0.3994140625,0.13427734375,0.1357421875
561,FluencyBank_121_103,0.3134765625,0.090087890625,0.018096923828125,0.0211639404296875,0.30224609375
562,FluencyBank_121_104,0.341796875,0.258544921875,0.242431640625,0.0816650390625,0.223388671875
563,FluencyBank_121_105,0.45654296875,0.10284423828125,0.02001953125,0.00905609130859375,0.1317138671875
564,FluencyBank_121_106,0.1280517578125,0.208984375,0.243408203125,0.296142578125,0.18310546875
565,FluencyBank_121_107,0.10357666015625,0.22509765625,0.4541015625,0.1302490234375,0.1883544921875
566,FluencyBank_121_108,0.4775390625,0.04620361328125,0.0171051025390625,0.05194091796875,0.253173828125
567,FluencyBank_121_109,0.2237548828125,0.08526611328125,0.045196533203125,0.072265625,0.81689453125
568,FluencyBank_121_110,0.280517578125,0.1539306640625,0.10821533203125,0.021820068359375,0.1634521484375
569,FluencyBank_121_111,0.359130859375,0.373291015625,0.1708984375,0.105224609375,0.05560302734375
570,FluencyBank_121_112,0.0970458984375,0.2919921875,0.62353515625,0.346435546875,0.171630859375
571,FluencyBank_121_113,0.4619140625,0.1488037109375,0.21435546875,0.0457763671875,0.1373291015625
572,FluencyBank_121_114,0.406494140625,0.126953125,0.10174560546875,0.0305633544921875,0.32861328125
573,FluencyBank_121_115,0.15283203125,0.1705322265625,0.081787109375,0.0282135009765625,0.148193359375
574,FluencyBank_121_116,0.2103271484375,0.1414794921875,0.053009033203125,0.0104522705078125,0.1026611328125
575,FluencyBank_121_117,0.1187744140625,0.139892578125,0.10760498046875,0.0295867919921875,0.05718994140625
576,FluencyBank_121_118,0.0836181640625,0.07208251953125,0.075439453125,0.06634521484375,0.2093505859375
577,FluencyBank_121_119,0.042236328125,0.0938720703125,0.046478271484375,0.03424072265625,0.1397705078125
578,FluencyBank_121_120,0.11260986328125,0.1790771484375,0.06939697265625,0.018585205078125,0.0782470703125
579,FluencyBank_121_121,0.299560546875,0.116943359375,0.0194244384765625,0.0082855224609375,0.132568359375
580,FluencyBank_121_122,0.2039794921875,0.06890869140625,0.0156707763671875,0.036224365234375,0.09967041015625
581,FluencyBank_121_123,0.07879638671875,0.1614990234375,0.08404541015625,0.04345703125,0.045867919921875
582,FluencyBank_121_124,0.1737060546875,0.1343994140625,0.046539306640625,0.02215576171875,0.140380859375
583,FluencyBank_121_125,0.1015625,0.217529296875,0.327880859375,0.1175537109375,0.1163330078125
584,FluencyBank_121_126,0.1510009765625,0.267578125,0.314697265625,0.0775146484375,0.119384765625
585,FluencyBank_121_127,0.05059814453125,0.1007080078125,0.09283447265625,0.028106689453125,0.04400634765625
586,FluencyBank_121_128,0.13525390625,0.2080078125,0.26953125,0.08282470703125,0.2318115234375
587,FluencyBank_121_129,0.14501953125,0.142822265625,0.132080078125,0.279541015625,0.67919921875
588,FluencyBank_121_130,0.06964111328125,0.2059326171875,0.2919921875,0.34814453125,0.107421875
589,FluencyBank_121_131,0.0546875,0.12841796875,0.12054443359375,0.529296875,0.352294921875
590,FluencyBank_121_132,0.07159423828125,0.08831787109375,0.025177001953125,0.05145263671875,0.12890625
591,FluencyBank_121_133,0.107421875,0.1588134765625,0.1497802734375,0.04376220703125,0.041473388671875
592,FluencyBank_121_134,0.097900390625,0.1402587890625,0.1033935546875,0.021453857421875,0.0482177734375
593,FluencyBank_121_135,0.322998046875,0.1444091796875,0.04327392578125,0.0220794677734375,0.1787109375
594,FluencyBank_121_136,0.192138671875,0.11376953125,0.1171875,0.0121917724609375,0.0574951171875
595,FluencyBank_121_137,0.2366943359375,0.17138671875,0.1361083984375,0.0205230712890625,0.1201171875
596,FluencyBank_121_138,0.2384033203125,0.1912841796875,0.1007080078125,0.046478271484375,0.1597900390625
597,FluencyBank_121_139,0.10125732421875,0.1483154296875,0.250244140625,0.097412109375,0.058135986328125
598,FluencyBank_121_140,0.1800537109375,0.0970458984375,0.07171630859375,0.06903076171875,0.284423828125
599,FluencyBank_121_141,0.055511474609375,0.058990478515625,0.02606201171875,0.1807861328125,0.1175537109375
600,FluencyBank_121_142,0.587890625,0.14990234375,0.1485595703125,0.043609619140625,0.0869140625
601,FluencyBank_132_0,0.2213134765625,0.160888671875,0.0567626953125,0.09771728515625,0.712890625
602,FluencyBank_132_1,0.4443359375,0.1337890625,0.0251312255859375,0.027069091796875,0.71875
603,FluencyBank_132_2,0.09600830078125,0.205322265625,0.056243896484375,0.2235107421875,0.43408203125
604,FluencyBank_132_3,0.105224609375,0.23779296875,0.1719970703125,0.35595703125,0.1890869140625
605,FluencyBank_132_4,0.139892578125,0.2379150390625,0.330810546875,0.3291015625,0.446044921875
606,FluencyBank_132_5,0.2349853515625,0.29443359375,0.1873779296875,0.16259765625,0.56787109375
607,FluencyBank_132_6,0.040374755859375,0.1697998046875,0.146484375,0.3134765625,0.1124267578125
608,FluencyBank_132_7,0.0394287109375,0.1929931640625,0.0816650390625,0.1358642578125,0.06396484375
609,FluencyBank_132_8,0.187255859375,0.275390625,0.331298828125,0.43212890625,0.271728515625
610,FluencyBank_132_9,0.1510009765625,0.1070556640625,0.044097900390625,0.1414794921875,0.73193359375
611,FluencyBank_132_10,0.1124267578125,0.188232421875,0.0302734375,0.178955078125,0.75146484375
612,FluencyBank_132_11,0.265380859375,0.191162109375,0.0364990234375,0.10894775390625,0.4267578125
613,FluencyBank_132_12,0.2333984375,0.1700439453125,0.02655029296875,0.077392578125,0.70361328125
614,FluencyBank_132_13,0.103759765625,0.230224609375,0.1165771484375,0.351806640625,0.45654296875
615,FluencyBank_132_14,0.07330322265625,0.1331787109375,0.03790283203125,0.249755859375,0.1402587890625
616,FluencyBank_132_15,0.173583984375,0.186279296875,0.06781005859375,0.093994140625,0.92236328125
617,FluencyBank_132_16,0.208984375,0.115966796875,0.043701171875,0.10015869140625,0.91650390625
618,FluencyBank_132_17,0.163818359375,0.133056640625,0.035736083984375,0.094482421875,0.11199951171875
619,FluencyBank_132_18,0.398193359375,0.1279296875,0.029754638671875,0.07489013671875,0.68359375
620,FluencyBank_132_19,0.37353515625,0.157470703125,0.0966796875,0.29150390625,0.810546875
621,FluencyBank_132_20,0.2166748046875,0.1368408203125,0.0239105224609375,0.08929443359375,0.775390625
622,FluencyBank_132_21,0.5791015625,0.181884765625,0.123779296875,0.289794921875,0.6337890625
623,FluencyBank_132_22,0.22021484375,0.329833984375,0.324462890625,0.55029296875,0.1480712890625
624,FluencyBank_132_23,0.169921875,0.10894775390625,0.034942626953125,0.128173828125,0.06536865234375
625,FluencyBank_132_24,0.070068359375,0.2890625,0.093017578125,0.140869140625,0.053314208984375
626,FluencyBank_132_25,0.60009765625,0.2257080078125,0.2122802734375,0.181884765625,0.256103515625
627,FluencyBank_132_26,0.1727294921875,0.244140625,0.08538818359375,0.2470703125,0.77783203125
628,FluencyBank_132_27,0.26611328125,0.144775390625,0.052520751953125,0.1583251953125,0.09686279296875
629,FluencyBank_132_28,0.28271484375,0.1026611328125,0.0219879150390625,0.06280517578125,0.48681640625
630,FluencyBank_132_29,0.133056640625,0.08270263671875,0.0313720703125,0.045867919921875,0.43212890625
631,FluencyBank_132_30,0.09552001953125,0.19677734375,0.059967041015625,0.1387939453125,0.5888671875
632,FluencyBank_132_31,0.051177978515625,0.1033935546875,0.0194244384765625,0.08709716796875,0.056640625
633,FluencyBank_132_32,0.09185791015625,0.163818359375,0.045684814453125,0.2352294921875,0.08343505859375
634,FluencyBank_132_33,0.1669921875,0.194580078125,0.10894775390625,0.135986328125,0.04132080078125
635,FluencyBank_132_34,0.150146484375,0.1912841796875,0.060516357421875,0.154052734375,0.0966796875
636,FluencyBank_132_35,0.154541015625,0.2288818359375,0.08062744140625,0.173583984375,0.8203125
637,FluencyBank_132_36,0.265869140625,0.1717529296875,0.055938720703125,0.09503173828125,0.923828125
638,FluencyBank_132_37,0.1669921875,0.1844482421875,0.03155517578125,0.06500244140625,0.056549072265625
639,FluencyBank_132_38,0.441162109375,0.20166015625,0.1488037109375,0.31298828125,0.09857177734375
640,FluencyBank_132_39,0.171142578125,0.20947265625,0.06982421875,0.1453857421875,0.0869140625
641,FluencyBank_132_40,0.022674560546875,0.1666259765625,0.1124267578125,0.349609375,0.137939453125
642,FluencyBank_132_41,0.0938720703125,0.320068359375,0.387451171875,0.11737060546875,0.059112548828125
643,FluencyBank_132_42,0.15771484375,0.2176513671875,0.07891845703125,0.055419921875,0.092529296875
644,FluencyBank_132_43,0.0792236328125,0.1492919921875,0.046295166015625,0.0872802734375,0.057373046875
645,FluencyBank_132_44,0.191162109375,0.355224609375,0.54638671875,0.52587890625,0.1939697265625
646,FluencyBank_132_45,0.220703125,0.2939453125,0.438232421875,0.6259765625,0.2265625
647,FluencyBank_132_46,0.313720703125,0.2335205078125,0.265380859375,0.3759765625,0.219482421875
648,FluencyBank_132_47,0.02655029296875,0.1529541015625,0.04876708984375,0.17626953125,0.423828125
649,FluencyBank_132_48,0.05780029296875,0.130126953125,0.0765380859375,0.3134765625,0.2998046875
650,FluencyBank_132_49,0.2264404296875,0.217529296875,0.15234375,0.2406005859375,0.8076171875
651,FluencyBank_132_50,0.097900390625,0.1912841796875,0.200439453125,0.56787109375,0.484619140625
652,FluencyBank_132_51,0.1829833984375,0.2120361328125,0.048858642578125,0.1678466796875,0.8271484375
653,FluencyBank_132_52,0.2880859375,0.135009765625,0.0271148681640625,0.12359619140625,0.8310546875
654,FluencyBank_132_53,0.08868408203125,0.256103515625,0.310302734375,0.54931640625,0.3671875
655,FluencyBank_132_54,0.08831787109375,0.320068359375,0.137451171875,0.157958984375,0.09893798828125
656,FluencyBank_132_55,0.08447265625,0.2176513671875,0.05145263671875,0.246337890625,0.164794921875
657,FluencyBank_132_56,0.1048583984375,0.2110595703125,0.10125732421875,0.21533203125,0.2374267578125
658,FluencyBank_132_57,0.0723876953125,0.1953125,0.180419921875,0.47265625,0.459228515625
659,FluencyBank_132_58,0.31201171875,0.37890625,0.421875,0.1810302734375,0.097412109375
660,FluencyBank_132_59,0.13134765625,0.17822265625,0.0259552001953125,0.04876708984375,0.1131591796875
661,FluencyBank_132_60,0.034088134765625,0.135498046875,0.048492431640625,0.056640625,0.02044677734375
662,FluencyBank_132_61,0.07794189453125,0.06951904296875,0.01374053955078125,0.04296875,0.0290374755859375
663,FluencyBank_132_62,0.06951904296875,0.1611328125,0.05865478515625,0.173095703125,0.06842041015625
664,FluencyBank_132_63,0.28857421875,0.1602783203125,0.09893798828125,0.2156982421875,0.47998046875
665,FluencyBank_132_64,0.1019287109375,0.2049560546875,0.042724609375,0.07806396484375,0.346435546875
666,FluencyBank_132_65,0.0217742919921875,0.1019287109375,0.159423828125,0.403564453125,0.145751953125
667,FluencyBank_132_66,0.0187225341796875,0.11065673828125,0.038909912109375,0.1942138671875,0.06732177734375
668,FluencyBank_132_67,0.1171875,0.160888671875,0.1444091796875,0.26953125,0.15576171875
669,FluencyBank_132_68,0.13720703125,0.174560546875,0.11199951171875,0.277099609375,0.82861328125
670,FluencyBank_132_69,0.114990234375,0.284423828125,0.1806640625,0.4111328125,0.41943359375
671,FluencyBank_132_70,0.11419677734375,0.218505859375,0.135986328125,0.32861328125,0.51123046875
672,FluencyBank_132_71,0.1866455078125,0.1304931640625,0.041229248046875,0.10858154296875,0.93505859375
673,FluencyBank_132_72,0.043701171875,0.10968017578125,0.052825927734375,0.1590576171875,0.0872802734375
674,FluencyBank_132_73,0.09515380859375,0.1282958984375,0.09893798828125,0.2044677734375,0.1773681640625
675,FluencyBank_132_74,0.07159423828125,0.1767578125,0.168701171875,0.386474609375,0.385009765625
676,FluencyBank_132_75,0.0867919921875,0.1580810546875,0.0894775390625,0.41357421875,0.3740234375
677,FluencyBank_132_76,0.18212890625,0.2685546875,0.3056640625,0.490234375,0.34814453125
678,FluencyBank_132_77,0.11163330078125,0.1693115234375,0.06549072265625,0.2900390625,0.4072265625
679,FluencyBank_132_78,0.1358642578125,0.133056640625,0.0994873046875,0.50537109375,0.378173828125
680,FluencyBank_132_79,0.071044921875,0.14697265625,0.04083251953125,0.196044921875,0.156982421875
681,FluencyBank_132_80,0.04302978515625,0.1717529296875,0.118408203125,0.480712890625,0.313720703125
682,FluencyBank_132_81,0.1251220703125,0.16650390625,0.06097412109375,0.1761474609375,0.5615234375
683,FluencyBank_132_82,0.076416015625,0.1201171875,0.035614013671875,0.1300048828125,0.5107421875
684,FluencyBank_132_83,0.03460693359375,0.07489013671875,0.02532958984375,0.056640625,0.165283203125
685,FluencyBank_132_84,0.281494140625,0.1431884765625,0.027435302734375,0.0618896484375,0.52294921875
686,FluencyBank_132_85,0.11676025390625,0.09039306640625,0.07586669921875,0.1351318359375,0.6787109375
687,FluencyBank_132_86,0.049041748046875,0.1429443359375,0.11297607421875,0.294189453125,0.06756591796875
688,FluencyBank_132_87,0.080078125,0.07666015625,0.0199432373046875,0.07171630859375,0.04351806640625
689,FluencyBank_132_88,0.150634765625,0.138916015625,0.0229339599609375,0.06396484375,0.071044921875
690,FluencyBank_132_89,0.1572265625,0.262939453125,0.323974609375,0.2213134765625,0.1240234375
691,FluencyBank_132_90,0.11920166015625,0.29248046875,0.1312255859375,0.39306640625,0.16064453125
692,FluencyBank_132_91,0.19189453125,0.1627197265625,0.076416015625,0.2088623046875,0.06756591796875
693,FluencyBank_132_92,0.1973876953125,0.21533203125,0.048492431640625,0.1124267578125,0.5224609375
694,FluencyBank_132_93,0.1500244140625,0.21630859375,0.07275390625,0.0755615234375,0.2252197265625
695,FluencyBank_132_94,0.1661376953125,0.12408447265625,0.03582763671875,0.06439208984375,0.6640625
696,FluencyBank_132_95,0.05780029296875,0.2347412109375,0.06658935546875,0.1767578125,0.4140625
697,FluencyBank_132_96,0.10894775390625,0.14111328125,0.08477783203125,0.413818359375,0.430419921875
698,FluencyBank_132_97,0.08465576171875,0.1998291015625,0.1258544921875,0.388671875,0.6552734375
699,FluencyBank_132_98,0.2391357421875,0.1077880859375,0.033203125,0.0262603759765625,0.4091796875
700,FluencyBank_132_99,0.146728515625,0.1737060546875,0.0264129638671875,0.07354736328125,0.38623046875
701,FluencyBank_147_0,0.20068359375,0.140869140625,0.06085205078125,0.05560302734375,0.19287109375
702,FluencyBank_147_1,0.2744140625,0.1488037109375,0.15087890625,0.06658935546875,0.5556640625
703,FluencyBank_147_2,0.034698486328125,0.13330078125,0.13037109375,0.10052490234375,0.037384033203125
704,FluencyBank_147_3,0.370361328125,0.17138671875,0.047698974609375,0.1270751953125,0.62255859375
705,FluencyBank_147_4,0.52197265625,0.1309814453125,0.051544189453125,0.077392578125,0.708984375
706,FluencyBank_147_5,0.38916015625,0.259521484375,0.47900390625,0.24560546875,0.3466796875
707,FluencyBank_147_6,0.240478515625,0.1444091796875,0.1280517578125,0.0181884765625,0.0214080810546875
708,FluencyBank_147_7,0.2022705078125,0.26416015625,0.11614990234375,0.0139007568359375,0.0161590576171875
709,FluencyBank_147_8,0.2286376953125,0.2413330078125,0.2734375,0.2413330078125,0.68603515625
710,FluencyBank_147_9,0.57421875,0.2459716796875,0.325927734375,0.2305908203125,0.1240234375
711,FluencyBank_147_10,0.1812744140625,0.29296875,0.4384765625,0.490478515625,0.5224609375
712,FluencyBank_147_11,0.12744140625,0.45263671875,0.368408203125,0.302490234375,0.24169921875
713,FluencyBank_147_12,0.204833984375,0.15869140625,0.051666259765625,0.1190185546875,0.89599609375
714,FluencyBank_147_13,0.51708984375,0.1231689453125,0.1483154296875,0.1390380859375,0.28515625
715,FluencyBank_147_14,0.257080078125,0.218505859375,0.1683349609375,0.1248779296875,0.85693359375
716,FluencyBank_147_15,0.15380859375,0.1988525390625,0.0723876953125,0.085693359375,0.8740234375
717,FluencyBank_147_16,0.0384521484375,0.1329345703125,0.05108642578125,0.0850830078125,0.059967041015625
718,FluencyBank_147_17,0.2347412109375,0.2264404296875,0.1837158203125,0.157470703125,0.10247802734375
719,FluencyBank_147_18,0.14794921875,0.2447509765625,0.08929443359375,0.1524658203125,0.64794921875
720,FluencyBank_147_19,0.3544921875,0.1513671875,0.060089111328125,0.034759521484375,0.08331298828125
721,FluencyBank_147_20,0.156982421875,0.27587890625,0.53955078125,0.1187744140625,0.053497314453125
722,FluencyBank_147_21,0.1455078125,0.10321044921875,0.02655029296875,0.01751708984375,0.54541015625
723,FluencyBank_147_22,0.0258636474609375,0.11297607421875,0.057373046875,0.13134765625,0.1651611328125
724,FluencyBank_147_23,0.2352294921875,0.1339111328125,0.052825927734375,0.072509765625,0.556640625
725,FluencyBank_147_24,0.237060546875,0.301025390625,0.233154296875,0.164794921875,0.451171875
726,FluencyBank_147_25,0.32666015625,0.1590576171875,0.06671142578125,0.040679931640625,0.6103515625
727,FluencyBank_147_26,0.177001953125,0.269287109375,0.15576171875,0.08709716796875,0.462890625
728,FluencyBank_147_27,0.118408203125,0.15966796875,0.1800537109375,0.07159423828125,0.09124755859375
729,FluencyBank_147_28,0.2022705078125,0.220458984375,0.168701171875,0.08404541015625,0.53076171875
730,FluencyBank_147_29,0.382080078125,0.143798828125,0.11163330078125,0.079345703125,0.65380859375
731,FluencyBank_147_30,0.1866455078125,0.142578125,0.15625,0.057586669921875,0.48828125
732,FluencyBank_147_31,0.05572509765625,0.12359619140625,0.10577392578125,0.0328369140625,0.1478271484375
733,FluencyBank_147_32,0.1229248046875,0.080810546875,0.01934814453125,0.07318115234375,0.372802734375
734,FluencyBank_147_33,0.0535888671875,0.1187744140625,0.042236328125,0.13818359375,0.44873046875
735,FluencyBank_147_34,0.041473388671875,0.1976318359375,0.07965087890625,0.09039306640625,0.407958984375
736,FluencyBank_147_35,0.06256103515625,0.1905517578125,0.276123046875,0.1063232421875,0.11920166015625
737,FluencyBank_147_36,0.0274810791015625,0.188720703125,0.13671875,0.085693359375,0.08447265625
738,FluencyBank_147_37,0.38623046875,0.17431640625,0.1378173828125,0.1396484375,0.07794189453125
739,FluencyBank_147_38,0.7314453125,0.15771484375,0.1605224609375,0.1885986328125,0.2298583984375
740,FluencyBank_147_39,0.04400634765625,0.1982421875,0.1529541015625,0.267333984375,0.10968017578125
741,FluencyBank_147_40,0.2318115234375,0.2117919921875,0.09222412109375,0.1795654296875,0.361328125
742,FluencyBank_147_41,0.337890625,0.1015625,0.042877197265625,0.091064453125,0.1295166015625
743,FluencyBank_147_42,0.1456298828125,0.39306640625,0.59912109375,0.486328125,0.418212890625
744,FluencyBank_147_43,0.2022705078125,0.3759765625,0.6767578125,0.44482421875,0.34619140625
745,FluencyBank_147_44,0.1466064453125,0.1849365234375,0.058013916015625,0.1456298828125,0.87646484375
746,FluencyBank_147_45,0.10821533203125,0.0816650390625,0.01090240478515625,0.019500732421875,0.050140380859375
747,FluencyBank_147_46,0.362060546875,0.1104736328125,0.04296875,0.105224609375,0.06951904296875
748,FluencyBank_147_47,0.44873046875,0.1588134765625,0.08282470703125,0.2105712890625,0.71484375
749,FluencyBank_147_48,0.42333984375,0.11517333984375,0.04876708984375,0.170654296875,0.51025390625
750,FluencyBank_147_49,0.347412109375,0.1407470703125,0.044921875,0.152587890625,0.1529541015625
751,FluencyBank_147_50,0.0709228515625,0.351806640625,0.5615234375,0.45947265625,0.309326171875
752,FluencyBank_147_51,0.51220703125,0.257568359375,0.4287109375,0.1954345703125,0.1190185546875
753,FluencyBank_147_52,0.158447265625,0.1639404296875,0.037811279296875,0.110107421875,0.880859375
754,FluencyBank_147_53,0.5546875,0.27978515625,0.26220703125,0.080810546875,0.07330322265625
755,FluencyBank_147_54,0.1044921875,0.3095703125,0.2119140625,0.2293701171875,0.255615234375
756,FluencyBank_147_55,0.509765625,0.07708740234375,0.01678466796875,0.10107421875,0.204833984375
757,FluencyBank_147_56,0.2744140625,0.12841796875,0.06439208984375,0.2022705078125,0.66796875
758,FluencyBank_147_57,0.2100830078125,0.1434326171875,0.0548095703125,0.12451171875,0.353759765625
759,FluencyBank_147_58,0.060211181640625,0.06256103515625,0.0278472900390625,0.14306640625,0.1134033203125
760,FluencyBank_147_59,0.2138671875,0.08740234375,0.0179901123046875,0.02423095703125,0.1505126953125
761,FluencyBank_147_60,0.341064453125,0.1756591796875,0.1282958984375,0.06683349609375,0.85595703125
762,FluencyBank_147_61,0.0289306640625,0.1602783203125,0.0309600830078125,0.05499267578125,0.082275390625
763,FluencyBank_147_62,0.26171875,0.080810546875,0.0272216796875,0.02880859375,0.371337890625
764,FluencyBank_147_63,0.62841796875,0.1756591796875,0.1998291015625,0.280029296875,0.1181640625
765,FluencyBank_147_64,0.30224609375,0.11737060546875,0.0304412841796875,0.01374053955078125,0.06085205078125
766,FluencyBank_147_65,0.1077880859375,0.0775146484375,0.0210418701171875,0.08465576171875,0.1077880859375
767,FluencyBank_147_66,0.2427978515625,0.25634765625,0.2474365234375,0.1524658203125,0.1094970703125
768,FluencyBank_147_67,0.303955078125,0.2149658203125,0.15673828125,0.1787109375,0.82958984375
769,FluencyBank_147_68,0.1370849609375,0.1947021484375,0.06939697265625,0.125244140625,0.77490234375
770,FluencyBank_147_69,0.330078125,0.1383056640625,0.0582275390625,0.09722900390625,0.88427734375
771,FluencyBank_147_70,0.25927734375,0.1455078125,0.041839599609375,0.05718994140625,0.92041015625
772,FluencyBank_147_71,0.5361328125,0.1749267578125,0.09320068359375,0.09173583984375,0.712890625
773,FluencyBank_147_72,0.65625,0.2132568359375,0.129150390625,0.07159423828125,0.1639404296875
774,FluencyBank_147_73,0.047882080078125,0.137451171875,0.04876708984375,0.07574462890625,0.383544921875
775,FluencyBank_147_74,0.298583984375,0.11456298828125,0.036346435546875,0.046722412109375,0.3154296875
776,FluencyBank_147_75,0.077392578125,0.1915283203125,0.2186279296875,0.499267578125,0.52880859375
777,FluencyBank_147_76,0.072265625,0.2142333984375,0.25732421875,0.4765625,0.46533203125
778,FluencyBank_147_77,0.14208984375,0.270751953125,0.1517333984375,0.0634765625,0.07275390625
779,FluencyBank_147_78,0.144287109375,0.078369140625,0.217529296875,0.0165863037109375,0.0965576171875
780,FluencyBank_147_79,0.427734375,0.058563232421875,0.023773193359375,0.0299835205078125,0.2078857421875
781,FluencyBank_147_80,0.3125,0.08770751953125,0.06231689453125,0.10992431640625,0.2137451171875
782,FluencyBank_147_81,0.042877197265625,0.175537109375,0.06817626953125,0.1368408203125,0.301025390625
783,FluencyBank_147_82,0.4072265625,0.2001953125,0.22119140625,0.036346435546875,0.07171630859375
784,FluencyBank_147_83,0.41015625,0.12359619140625,0.3115234375,0.0225830078125,0.06842041015625
785,FluencyBank_147_84,0.1070556640625,0.298828125,0.50146484375,0.1368408203125,0.38330078125
786,FluencyBank_147_85,0.2286376953125,0.06817626953125,0.01971435546875,0.0171051025390625,0.048858642578125
787,FluencyBank_147_86,0.521484375,0.255615234375,0.392822265625,0.265380859375,0.11083984375
788,FluencyBank_147_87,0.490966796875,0.292236328125,0.414794921875,0.148193359375,0.1015625
789,FluencyBank_147_88,0.422119140625,0.184326171875,0.12286376953125,0.0207672119140625,0.07781982421875
790,FluencyBank_147_89,0.2005615234375,0.1190185546875,0.0582275390625,0.1422119140625,0.70556640625
791,FluencyBank_147_90,0.23388671875,0.11993408203125,0.0384521484375,0.06292724609375,0.8583984375
792,FluencyBank_147_91,0.042083740234375,0.171142578125,0.0823974609375,0.255615234375,0.19775390625
793,FluencyBank_147_92,0.10858154296875,0.2744140625,0.346435546875,0.455322265625,0.26806640625
794,FluencyBank_147_93,0.1915283203125,0.1912841796875,0.07122802734375,0.07342529296875,0.755859375
795,FluencyBank_147_94,0.08209228515625,0.2398681640625,0.25634765625,0.266357421875,0.732421875
796,FluencyBank_147_95,0.2132568359375,0.329345703125,0.362060546875,0.242919921875,0.16455078125
797,FluencyBank_147_96,0.31640625,0.227783203125,0.0635986328125,0.07763671875,0.67236328125
798,FluencyBank_147_97,0.396240234375,0.28515625,0.253662109375,0.2646484375,0.33447265625
799,FluencyBank_147_98,0.49609375,0.11279296875,0.050506591796875,0.0738525390625,0.64990234375
800,FluencyBank_147_99,0.379638671875,0.19482421875,0.1357421875,0.06646728515625,0.06488037109375
801,FluencyBank_147_100,0.1163330078125,0.153564453125,0.08758544921875,0.1614990234375,0.6337890625
802,FluencyBank_147_101,0.418701171875,0.109130859375,0.028594970703125,0.11358642578125,0.33935546875
803,FluencyBank_147_102,0.063720703125,0.1871337890625,0.1331787109375,0.1927490234375,0.10650634765625
804,FluencyBank_147_103,0.248046875,0.219970703125,0.1702880859375,0.2105712890625,0.75732421875
805,FluencyBank_147_104,0.1431884765625,0.1519775390625,0.034820556640625,0.04351806640625,0.024932861328125
806,FluencyBank_147_105,0.58837890625,0.09234619140625,0.046539306640625,0.019195556640625,0.13525390625
807,FluencyBank_147_106,0.48828125,0.1414794921875,0.06732177734375,0.0202178955078125,0.3154296875
808,FluencyBank_147_107,0.1419677734375,0.1396484375,0.0268096923828125,0.02801513671875,0.08587646484375
809,FluencyBank_173_1,0.1729736328125,0.1527099609375,0.046112060546875,0.07794189453125,0.8583984375
810,FluencyBank_173_2,0.449462890625,0.09967041015625,0.0177764892578125,0.05340576171875,0.78466796875
811,FluencyBank_173_3,0.0615234375,0.180419921875,0.029754638671875,0.1680908203125,0.335205078125
812,FluencyBank_173_4,0.12176513671875,0.1282958984375,0.048583984375,0.4326171875,0.5146484375
813,FluencyBank_173_5,0.1439208984375,0.2393798828125,0.0592041015625,0.07708740234375,0.08599853515625
814,FluencyBank_173_6,0.2103271484375,0.216064453125,0.033203125,0.061431884765625,0.039276123046875
815,FluencyBank_173_7,0.2362060546875,0.232666015625,0.040679931640625,0.1708984375,0.06646728515625
816,FluencyBank_173_8,0.1343994140625,0.1646728515625,0.0457763671875,0.1278076171875,0.1842041015625
817,FluencyBank_173_9,0.04534912109375,0.18408203125,0.050811767578125,0.0751953125,0.11065673828125
818,FluencyBank_173_10,0.2000732421875,0.287109375,0.17724609375,0.2105712890625,0.5810546875
819,FluencyBank_173_11,0.052520751953125,0.2474365234375,0.1422119140625,0.326416015625,0.240234375
820,FluencyBank_173_12,0.51708984375,0.283447265625,0.2113037109375,0.123046875,0.0943603515625
821,FluencyBank_173_13,0.252197265625,0.197021484375,0.04742431640625,0.04803466796875,0.044189453125
822,FluencyBank_173_14,0.10595703125,0.1796875,0.053009033203125,0.1636962890625,0.865234375
823,FluencyBank_173_15,0.246337890625,0.11083984375,0.044586181640625,0.2130126953125,0.5556640625
824,FluencyBank_173_16,0.2330322265625,0.162109375,0.06610107421875,0.1422119140625,0.77587890625
825,FluencyBank_173_17,0.1163330078125,0.1357421875,0.045013427734375,0.1253662109375,0.8916015625
826,FluencyBank_173_18,0.102294921875,0.218994140625,0.11199951171875,0.1627197265625,0.09930419921875
827,FluencyBank_173_19,0.39404296875,0.34033203125,0.2705078125,0.2037353515625,0.1646728515625
828,FluencyBank_173_20,0.07586669921875,0.173828125,0.08154296875,0.372314453125,0.199951171875
829,FluencyBank_173_21,0.162109375,0.29248046875,0.382080078125,0.52197265625,0.1593017578125
830,FluencyBank_173_22,0.17236328125,0.1873779296875,0.1121826171875,0.07452392578125,0.8828125
831,FluencyBank_173_23,0.239013671875,0.2122802734375,0.052703857421875,0.1033935546875,0.33837890625
832,FluencyBank_173_24,0.15869140625,0.20556640625,0.08209228515625,0.0782470703125,0.66455078125
833,FluencyBank_173_25,0.188232421875,0.2142333984375,0.060302734375,0.07171630859375,0.7666015625
834,FluencyBank_173_26,0.1873779296875,0.254638671875,0.0552978515625,0.06585693359375,0.08123779296875
835,FluencyBank_173_27,0.29443359375,0.09722900390625,0.051177978515625,0.163818359375,0.2166748046875
836,FluencyBank_173_28,0.11737060546875,0.12548828125,0.0210113525390625,0.057373046875,0.30419921875
837,FluencyBank_173_29,0.27001953125,0.12646484375,0.030792236328125,0.044189453125,0.236328125
838,FluencyBank_173_30,0.03985595703125,0.34375,0.6015625,0.260986328125,0.07147216796875
839,FluencyBank_173_31,0.0293121337890625,0.1536865234375,0.019500732421875,0.035736083984375,0.05389404296875
840,FluencyBank_173_32,0.092529296875,0.3505859375,0.092041015625,0.056976318359375,0.070068359375
841,FluencyBank_173_33,0.048583984375,0.26953125,0.0816650390625,0.048126220703125,0.052032470703125
842,FluencyBank_173_34,0.07305908203125,0.155517578125,0.053497314453125,0.09912109375,0.4150390625
843,FluencyBank_173_35,0.1390380859375,0.29248046875,0.09368896484375,0.025177001953125,0.023193359375
844,FluencyBank_173_36,0.033966064453125,0.20068359375,0.046722412109375,0.1121826171875,0.1163330078125
845,FluencyBank_173_37,0.07696533203125,0.1650390625,0.06854248046875,0.22900390625,0.59130859375
846,FluencyBank_173_38,0.12176513671875,0.132568359375,0.0264129638671875,0.248046875,0.427001953125
847,FluencyBank_173_39,0.0369873046875,0.08416748046875,0.00847625732421875,0.050811767578125,0.1510009765625
848,FluencyBank_173_40,0.336669921875,0.2337646484375,0.15771484375,0.27294921875,0.1300048828125
849,FluencyBank_173_41,0.161865234375,0.25341796875,0.21337890625,0.33837890625,0.08447265625
850,FluencyBank_173_42,0.64404296875,0.18359375,0.092041015625,0.12445068359375,0.11456298828125
851,FluencyBank_173_43,0.2978515625,0.133544921875,0.053314208984375,0.1510009765625,0.865234375
852,FluencyBank_173_44,0.2139892578125,0.11358642578125,0.0394287109375,0.092041015625,0.90380859375
853,FluencyBank_173_45,0.02691650390625,0.10821533203125,0.015716552734375,0.037322998046875,0.0386962890625
854,FluencyBank_173_46,0.228271484375,0.0489501953125,0.0162811279296875,0.048675537109375,0.1295166015625
855,FluencyBank_173_47,0.322265625,0.11859130859375,0.036163330078125,0.058013916015625,0.92724609375
856,FluencyBank_173_48,0.14990234375,0.1229248046875,0.05242919921875,0.408203125,0.615234375
857,FluencyBank_173_49,0.18310546875,0.1700439453125,0.037200927734375,0.033966064453125,0.07489013671875
858,FluencyBank_173_50,0.2230224609375,0.12890625,0.056854248046875,0.1689453125,0.79296875
859,FluencyBank_173_51,0.1820068359375,0.115966796875,0.050994873046875,0.1602783203125,0.92919921875
860,FluencyBank_173_52,0.1131591796875,0.2447509765625,0.2822265625,0.619140625,0.3076171875
861,FluencyBank_173_53,0.287353515625,0.23095703125,0.218017578125,0.2386474609375,0.468505859375
862,FluencyBank_173_54,0.0299835205078125,0.1446533203125,0.021942138671875,0.03173828125,0.035888671875
863,FluencyBank_173_55,0.05059814453125,0.1048583984375,0.052032470703125,0.220703125,0.303955078125
864,FluencyBank_173_56,0.14404296875,0.1812744140625,0.1026611328125,0.421142578125,0.55078125
865,FluencyBank_173_57,0.3251953125,0.19873046875,0.093994140625,0.154296875,0.806640625
866,FluencyBank_173_58,0.266845703125,0.1414794921875,0.2220458984375,0.48388671875,0.2802734375
867,FluencyBank_173_59,0.1395263671875,0.1873779296875,0.0325927734375,0.11968994140625,0.0751953125
868,FluencyBank_173_60,0.0574951171875,0.07611083984375,0.0144500732421875,0.05419921875,0.095703125
869,FluencyBank_173_61,0.3427734375,0.1611328125,0.260498046875,0.04010009765625,0.055419921875
870,FluencyBank_173_62,0.1910400390625,0.078369140625,0.01049041748046875,0.061981201171875,0.81884765625
871,FluencyBank_173_63,0.1790771484375,0.175537109375,0.08709716796875,0.3603515625,0.81787109375
872,FluencyBank_173_64,0.265380859375,0.159423828125,0.06951904296875,0.085693359375,0.041778564453125
873,FluencyBank_173_65,0.1279296875,0.1917724609375,0.381103515625,0.09075927734375,0.042724609375
874,FluencyBank_173_66,0.1007080078125,0.280517578125,0.5576171875,0.13037109375,0.0504150390625
875,FluencyBank_173_67,0.1417236328125,0.11456298828125,0.08343505859375,0.034698486328125,0.455078125
876,FluencyBank_173_68,0.2132568359375,0.097412109375,0.046722412109375,0.03216552734375,0.062103271484375
877,FluencyBank_173_69,0.224365234375,0.08740234375,0.09234619140625,0.024658203125,0.09332275390625
878,FluencyBank_173_70,0.054595947265625,0.07208251953125,0.115966796875,0.028106689453125,0.07879638671875
879,FluencyBank_173_73,0.288818359375,0.382568359375,0.50390625,0.086181640625,0.10968017578125
880,FluencyBank_173_74,0.47265625,0.392333984375,0.302490234375,0.10614013671875,0.06109619140625
881,FluencyBank_173_75,0.1717529296875,0.2144775390625,0.056976318359375,0.136962890625,0.68603515625
882,FluencyBank_173_76,0.150146484375,0.266845703125,0.1654052734375,0.2298583984375,0.52880859375
883,FluencyBank_173_77,0.2012939453125,0.1922607421875,0.05194091796875,0.07861328125,0.9169921875
884,FluencyBank_173_78,0.149169921875,0.1666259765625,0.03802490234375,0.07720947265625,0.9296875
885,FluencyBank_178_1,0.036224365234375,0.1400146484375,0.037384033203125,0.042572021484375,0.037811279296875
886,FluencyBank_178_2,0.056854248046875,0.0953369140625,0.014007568359375,0.09930419921875,0.09136962890625
887,FluencyBank_178_3,0.107421875,0.13818359375,0.0238189697265625,0.038116455078125,0.1256103515625
888,FluencyBank_178_4,0.07452392578125,0.11419677734375,0.035400390625,0.06927490234375,0.427978515625
889,FluencyBank_178_5,0.383056640625,0.178466796875,0.09844970703125,0.159912109375,0.37646484375
890,FluencyBank_178_6,0.04376220703125,0.11279296875,0.037811279296875,0.25341796875,0.12127685546875
891,FluencyBank_178_7,0.058135986328125,0.1087646484375,0.0120086669921875,0.02276611328125,0.1077880859375
892,FluencyBank_178_8,0.244873046875,0.0987548828125,0.03460693359375,0.04052734375,0.9169921875
893,FluencyBank_178_9,0.2293701171875,0.10614013671875,0.05572509765625,0.16943359375,0.1318359375
894,FluencyBank_178_10,0.142822265625,0.0975341796875,0.058013916015625,0.0207977294921875,0.0880126953125
895,FluencyBank_178_11,0.182373046875,0.114990234375,0.3583984375,0.0269622802734375,0.1202392578125
896,FluencyBank_178_12,0.5107421875,0.0836181640625,0.053497314453125,0.026611328125,0.5576171875
897,FluencyBank_178_13,0.046112060546875,0.29345703125,0.58984375,0.179931640625,0.06256103515625
898,FluencyBank_178_14,0.1416015625,0.08587646484375,0.230712890625,0.0236053466796875,0.10321044921875
899,FluencyBank_178_15,0.1207275390625,0.32568359375,0.1446533203125,0.1436767578125,0.125244140625
900,FluencyBank_178_16,0.1798095703125,0.11376953125,0.019378662109375,0.081787109375,0.69921875
901,FluencyBank_178_17,0.247802734375,0.10174560546875,0.015899658203125,0.07080078125,0.40625
902,FluencyBank_178_18,0.2454833984375,0.125732421875,0.04620361328125,0.1708984375,0.587890625
903,FluencyBank_178_19,0.158935546875,0.09552001953125,0.01450347900390625,0.03662109375,0.74560546875
904,FluencyBank_178_20,0.1434326171875,0.1329345703125,0.040374755859375,0.027740478515625,0.086181640625
905,FluencyBank_178_21,0.0616455078125,0.1181640625,0.040679931640625,0.081787109375,0.058013916015625
906,FluencyBank_178_22,0.1358642578125,0.146240234375,0.026458740234375,0.036224365234375,0.248046875
907,FluencyBank_178_23,0.080078125,0.086181640625,0.0217742919921875,0.08526611328125,0.2337646484375
908,FluencyBank_178_24,0.11737060546875,0.120361328125,0.0237274169921875,0.0509033203125,0.69970703125
909,FluencyBank_178_25,0.0889892578125,0.1478271484375,0.0323486328125,0.07318115234375,0.09722900390625
910,FluencyBank_178_26,0.0723876953125,0.12139892578125,0.02276611328125,0.030731201171875,0.75146484375
911,FluencyBank_178_27,0.2015380859375,0.1400146484375,0.368896484375,0.0247955322265625,0.0982666015625
912,FluencyBank_178_28,0.1044921875,0.235595703125,0.45166015625,0.1285400390625,0.408935546875
913,FluencyBank_178_29,0.1015625,0.279541015625,0.1326904296875,0.1697998046875,0.283935546875
914,FluencyBank_178_30,0.0709228515625,0.11553955078125,0.0279083251953125,0.03704833984375,0.28662109375
915,FluencyBank_178_31,0.061431884765625,0.171630859375,0.05340576171875,0.106689453125,0.42919921875
916,FluencyBank_178_32,0.1895751953125,0.1063232421875,0.341796875,0.0310211181640625,0.10302734375
917,FluencyBank_178_33,0.1685791015625,0.097412109375,0.294189453125,0.0181884765625,0.07135009765625
918,FluencyBank_178_36,0.131103515625,0.220703125,0.29638671875,0.0379638671875,0.1087646484375
919,FluencyBank_178_37,0.1878662109375,0.094482421875,0.0162811279296875,0.040679931640625,0.1500244140625
920,FluencyBank_178_38,0.08758544921875,0.12841796875,0.030670166015625,0.0222015380859375,0.070556640625
921,FluencyBank_178_39,0.09979248046875,0.13623046875,0.06610107421875,0.0802001953125,0.1619873046875
922,FluencyBank_178_40,0.1478271484375,0.2235107421875,0.1551513671875,0.11083984375,0.397705078125
923,FluencyBank_178_41,0.7236328125,0.240478515625,0.2359619140625,0.06658935546875,0.102294921875
924,FluencyBank_178_42,0.09503173828125,0.16748046875,0.05511474609375,0.107421875,0.106689453125
925,FluencyBank_178_43,0.271240234375,0.10723876953125,0.06561279296875,0.1290283203125,0.90771484375
926,FluencyBank_178_44,0.082275390625,0.10992431640625,0.050811767578125,0.1373291015625,0.8037109375
927,FluencyBank_178_45,0.73876953125,0.2076416015625,0.304931640625,0.055511474609375,0.136474609375
928,FluencyBank_178_46,0.168212890625,0.1788330078125,0.15673828125,0.1851806640625,0.88330078125
929,FluencyBank_178_47,0.74365234375,0.12359619140625,0.2130126953125,0.0244293212890625,0.130615234375
930,FluencyBank_178_48,0.69287109375,0.2021484375,0.288818359375,0.10052490234375,0.089111328125
931,FluencyBank_178_49,0.188232421875,0.105224609375,0.03125,0.11517333984375,0.8603515625
932,FluencyBank_178_50,0.1033935546875,0.1365966796875,0.09844970703125,0.2305908203125,0.68701171875
933,FluencyBank_178_51,0.054412841796875,0.1063232421875,0.07147216796875,0.05291748046875,0.0635986328125
934,FluencyBank_178_52,0.1041259765625,0.126953125,0.150390625,0.0394287109375,0.5595703125
935,FluencyBank_178_53,0.333740234375,0.08758544921875,0.03790283203125,0.0316162109375,0.81982421875
936,FluencyBank_178_54,0.32763671875,0.327392578125,0.3876953125,0.219970703125,0.3271484375
937,FluencyBank_178_55,0.5478515625,0.2099609375,0.152587890625,0.1739501953125,0.316162109375
938,FluencyBank_178_56,0.2230224609375,0.093505859375,0.04913330078125,0.06597900390625,0.052032470703125
939,FluencyBank_178_57,0.272705078125,0.1627197265625,0.08331298828125,0.0537109375,0.19580078125
940,FluencyBank_178_58,0.1903076171875,0.1326904296875,0.0225830078125,0.06512451171875,0.9091796875
941,FluencyBank_178_59,0.3427734375,0.1800537109375,0.10174560546875,0.03125,0.06781005859375
942,FluencyBank_178_60,0.2093505859375,0.13330078125,0.03912353515625,0.06646728515625,0.61572265625
943,FluencyBank_178_61,0.2529296875,0.10125732421875,0.0230712890625,0.020172119140625,0.53076171875
944,FluencyBank_178_62,0.08978271484375,0.256591796875,0.36376953125,0.135498046875,0.27734375
945,FluencyBank_178_63,0.26123046875,0.241455078125,0.5126953125,0.1177978515625,0.077392578125
946,FluencyBank_178_64,0.1639404296875,0.130126953125,0.0256195068359375,0.0264129638671875,0.1868896484375
947,FluencyBank_178_65,0.3017578125,0.1177978515625,0.106689453125,0.0316162109375,0.13232421875
948,FluencyBank_178_66,0.1373291015625,0.2939453125,0.389892578125,0.150634765625,0.10089111328125
949,FluencyBank_178_67,0.062103271484375,0.1358642578125,0.1175537109375,0.29150390625,0.15576171875
950,FluencyBank_178_68,0.03704833984375,0.0863037109375,0.027740478515625,0.0792236328125,0.053985595703125
951,FluencyBank_178_69,0.040618896484375,0.1436767578125,0.06695556640625,0.296142578125,0.150390625
952,FluencyBank_178_70,0.035552978515625,0.1385498046875,0.07977294921875,0.205078125,0.1512451171875
953,FluencyBank_178_71,0.331787109375,0.148681640625,0.1783447265625,0.063720703125,0.348876953125
954,FluencyBank_178_72,0.1678466796875,0.08978271484375,0.052520751953125,0.058135986328125,0.8154296875
955,FluencyBank_178_73,0.370361328125,0.154541015625,0.07318115234375,0.0631103515625,0.095703125
956,FluencyBank_178_74,0.056121826171875,0.07464599609375,0.039947509765625,0.07611083984375,0.132080078125
957,FluencyBank_178_75,0.165771484375,0.1630859375,0.0850830078125,0.08740234375,0.74169921875
958,FluencyBank_178_76,0.08587646484375,0.14990234375,0.057708740234375,0.042388916015625,0.03753662109375
959,FluencyBank_178_77,0.18896484375,0.1263427734375,0.027374267578125,0.0271148681640625,0.76318359375
960,FluencyBank_178_78,0.3935546875,0.076416015625,0.0252685546875,0.049591064453125,0.88134765625
961,FluencyBank_178_79,0.2474365234375,0.07904052734375,0.0137939453125,0.04681396484375,0.296630859375
962,FluencyBank_178_80,0.191162109375,0.154052734375,0.1026611328125,0.0240020751953125,0.058349609375
963,FluencyBank_178_81,0.1622314453125,0.194091796875,0.252197265625,0.058563232421875,0.70458984375
964,FluencyBank_178_82,0.75634765625,0.167236328125,0.322998046875,0.0728759765625,0.11102294921875
965,FluencyBank_178_83,0.046112060546875,0.1259765625,0.036895751953125,0.015838623046875,0.019866943359375
966,FluencyBank_178_84,0.393310546875,0.10577392578125,0.043701171875,0.12066650390625,0.90966796875
967,FluencyBank_178_85,0.09283447265625,0.10894775390625,0.037261962890625,0.0489501953125,0.12548828125
968,FluencyBank_178_86,0.145751953125,0.09368896484375,0.01433563232421875,0.044586181640625,0.33740234375
969,FluencyBank_178_87,0.224609375,0.08270263671875,0.027374267578125,0.01332855224609375,0.1070556640625
970,FluencyBank_178_88,0.25,0.1351318359375,0.138916015625,0.02044677734375,0.1134033203125
971,FluencyBank_178_89,0.13818359375,0.1578369140625,0.049957275390625,0.07611083984375,0.375732421875
972,FluencyBank_178_90,0.106689453125,0.12408447265625,0.1700439453125,0.08135986328125,0.1676025390625
973,FluencyBank_178_91,0.173583984375,0.124755859375,0.3994140625,0.0521240234375,0.11517333984375
974,FluencyBank_178_92,0.294921875,0.15576171875,0.2413330078125,0.2115478515625,0.355224609375
975,FluencyBank_178_93,0.053314208984375,0.157470703125,0.35791015625,0.1422119140625,0.05718994140625
976,FluencyBank_178_94,0.0287017822265625,0.1837158203125,0.41357421875,0.2958984375,0.10577392578125
977,FluencyBank_178_95,0.027740478515625,0.107421875,0.04217529296875,0.1458740234375,0.1363525390625
978,FluencyBank_178_96,0.05499267578125,0.1231689453125,0.0231475830078125,0.0201416015625,0.3193359375
979,FluencyBank_178_97,0.13623046875,0.150634765625,0.0261993408203125,0.019012451171875,0.45361328125
980,FluencyBank_178_98,0.1419677734375,0.1033935546875,0.060089111328125,0.02215576171875,0.05145263671875
981,FluencyBank_178_99,0.1441650390625,0.0738525390625,0.01061248779296875,0.040985107421875,0.132568359375
982,FluencyBank_178_100,0.141845703125,0.155029296875,0.0567626953125,0.08770751953125,0.8525390625
983,FluencyBank_178_101,0.021820068359375,0.09600830078125,0.0836181640625,0.10992431640625,0.07598876953125
984,FluencyBank_178_102,0.033599853515625,0.080078125,0.0784912109375,0.126220703125,0.1446533203125
985,FluencyBank_178_103,0.15234375,0.1041259765625,0.154541015625,0.0247955322265625,0.09893798828125
986,FluencyBank_178_104,0.06744384765625,0.14013671875,0.041229248046875,0.059326171875,0.054595947265625
987,FluencyBank_178_105,0.44775390625,0.1737060546875,0.1434326171875,0.075439453125,0.277587890625
988,FluencyBank_178_106,0.11102294921875,0.1591796875,0.1177978515625,0.129638671875,0.2158203125
989,FluencyBank_178_107,0.14453125,0.09979248046875,0.04595947265625,0.09771728515625,0.1502685546875
990,FluencyBank_178_108,0.0618896484375,0.203369140625,0.3818359375,0.1187744140625,0.06829833984375
991,FluencyBank_178_109,0.10211181640625,0.32763671875,0.6005859375,0.17626953125,0.06927490234375
992,FluencyBank_178_110,0.1414794921875,0.1693115234375,0.078369140625,0.093994140625,0.50634765625
993,FluencyBank_178_111,0.239013671875,0.15478515625,0.11920166015625,0.1710205078125,0.87451171875
994,FluencyBank_178_112,0.1748046875,0.198974609375,0.1055908203125,0.059539794921875,0.64990234375
995,FluencyBank_178_113,0.057586669921875,0.07696533203125,0.011871337890625,0.04779052734375,0.307861328125
996,FluencyBank_178_114,0.58935546875,0.22265625,0.316162109375,0.048675537109375,0.09930419921875
997,FluencyBank_178_115,0.2445068359375,0.1302490234375,0.060516357421875,0.0250396728515625,0.6435546875
998,FluencyBank_178_116,0.060089111328125,0.10540771484375,0.0548095703125,0.08465576171875,0.0379638671875
999,FluencyBank_178_117,0.06427001953125,0.07489013671875,0.01483917236328125,0.0469970703125,0.1514892578125
1000,FluencyBank_178_118,0.1611328125,0.1279296875,0.12548828125,0.0360107421875,0.09930419921875
1001,FluencyBank_178_119,0.037689208984375,0.059661865234375,0.1356201171875,0.03289794921875,0.06488037109375
1002,FluencyBank_178_120,0.07598876953125,0.1998291015625,0.2012939453125,0.06964111328125,0.0552978515625
1003,FluencyBank_178_121,0.0548095703125,0.1492919921875,0.051544189453125,0.0765380859375,0.04327392578125
1004,FluencyBank_178_122,0.05126953125,0.1312255859375,0.1353759765625,0.07611083984375,0.0369873046875
1005,FluencyBank_178_123,0.04107666015625,0.05633544921875,0.150390625,0.034423828125,0.03790283203125
1006,FluencyBank_178_124,0.091064453125,0.136474609375,0.1041259765625,0.0521240234375,0.04510498046875
1007,FluencyBank_178_125,0.2359619140625,0.1309814453125,0.433349609375,0.0457763671875,0.10174560546875
1008,FluencyBank_178_126,0.01116180419921875,0.0290374755859375,0.01312255859375,0.0240478515625,0.03948974609375
1009,FluencyBank_178_127,0.329833984375,0.16015625,0.1640625,0.02691650390625,0.1363525390625
1010,FluencyBank_178_128,0.1181640625,0.1375732421875,0.03656005859375,0.089111328125,0.12042236328125
1011,FluencyBank_178_129,0.1976318359375,0.0982666015625,0.338623046875,0.0222015380859375,0.062103271484375
1012,FluencyBank_178_130,0.1851806640625,0.09637451171875,0.277587890625,0.0242767333984375,0.10723876953125
1013,FluencyBank_178_131,0.12939453125,0.08447265625,0.268310546875,0.0273284912109375,0.11279296875
1014,FluencyBank_178_132,0.06756591796875,0.216064453125,0.2135009765625,0.02215576171875,0.0259552001953125
1015,FluencyBank_178_133,0.0802001953125,0.33935546875,0.38330078125,0.06964111328125,0.041778564453125
1016,FluencyBank_178_134,0.53564453125,0.28759765625,0.36865234375,0.08123779296875,0.10858154296875
1017,FluencyBank_178_135,0.08648681640625,0.362060546875,0.60693359375,0.1795654296875,0.0872802734375
1018,FluencyBank_178_136,0.10015869140625,0.1964111328125,0.284912109375,0.059539794921875,0.033843994140625
1019,FluencyBank_178_137,0.0374755859375,0.1402587890625,0.11102294921875,0.026153564453125,0.02447509765625
1020,FluencyBank_178_138,0.28515625,0.23095703125,0.224853515625,0.20703125,0.1834716796875
1021,FluencyBank_178_139,0.1939697265625,0.11798095703125,0.040985107421875,0.034820556640625,0.045196533203125
1022,FluencyBank_178_140,0.259033203125,0.080078125,0.030670166015625,0.082275390625,0.406982421875
1023,FluencyBank_178_141,0.042724609375,0.091552734375,0.0457763671875,0.0137939453125,0.03253173828125
1024,FluencyBank_178_142,0.237548828125,0.1019287109375,0.248046875,0.02886962890625,0.0855712890625
1025,FluencyBank_178_143,0.10858154296875,0.10284423828125,0.053985595703125,0.045440673828125,0.09515380859375
1026,FluencyBank_178_144,0.06744384765625,0.10467529296875,0.02886962890625,0.1556396484375,0.1878662109375
1027,FluencyBank_178_145,0.06085205078125,0.171875,0.176513671875,0.06085205078125,0.063720703125
1028,FluencyBank_178_146,0.052825927734375,0.11614990234375,0.1143798828125,0.07122802734375,0.10394287109375
1029,FluencyBank_178_147,0.134521484375,0.090087890625,0.165771484375,0.0289764404296875,0.07135009765625
1030,FluencyBank_178_148,0.048858642578125,0.11065673828125,0.193603515625,0.03436279296875,0.06500244140625
1031,FluencyBank_178_149,0.172607421875,0.0999755859375,0.026763916015625,0.0535888671875,0.78662109375
1032,FluencyBank_178_150,0.76806640625,0.2022705078125,0.230712890625,0.08038330078125,0.05072021484375
1033,FluencyBank_178_151,0.4091796875,0.22119140625,0.2149658203125,0.1658935546875,0.72265625
1034,FluencyBank_178_152,0.030670166015625,0.08880615234375,0.03204345703125,0.0982666015625,0.0582275390625
1035,FluencyBank_178_153,0.1041259765625,0.1729736328125,0.05450439453125,0.02606201171875,0.254638671875
1036,FluencyBank_178_154,0.246337890625,0.10797119140625,0.04400634765625,0.04217529296875,0.87353515625
1037,FluencyBank_178_155,0.28759765625,0.1463623046875,0.13037109375,0.1754150390625,0.2059326171875
1038,FluencyBank_178_156,0.072509765625,0.13671875,0.1512451171875,0.061767578125,0.09967041015625
1039,FluencyBank_178_157,0.0374755859375,0.1259765625,0.175537109375,0.044189453125,0.046112060546875
1040,FluencyBank_178_158,0.2430419921875,0.092529296875,0.230224609375,0.015960693359375,0.07720947265625
1041,FluencyBank_178_159,0.2122802734375,0.308349609375,0.52197265625,0.4306640625,0.2005615234375
1042,FluencyBank_178_160,0.61181640625,0.244873046875,0.51806640625,0.062225341796875,0.057373046875
1043,FluencyBank_178_161,0.09027099609375,0.08929443359375,0.033782958984375,0.1094970703125,0.4111328125
1044,FluencyBank_178_162,0.1551513671875,0.1026611328125,0.0709228515625,0.041778564453125,0.09075927734375
1045,FluencyBank_178_163,0.1470947265625,0.08477783203125,0.0160980224609375,0.042388916015625,0.19873046875
1046,FluencyBank_178_164,0.193115234375,0.177978515625,0.2462158203125,0.216552734375,0.08831787109375
1047,FluencyBank_178_165,0.17041015625,0.1414794921875,0.046295166015625,0.090576171875,0.69287109375
1048,FluencyBank_178_166,0.07122802734375,0.1649169921875,0.0869140625,0.1900634765625,0.42626953125
1049,FluencyBank_178_167,0.0239105224609375,0.057586669921875,0.01374053955078125,0.023193359375,0.1444091796875
1050,FluencyBank_178_168,0.191162109375,0.09283447265625,0.11199951171875,0.01085662841796875,0.20849609375
1051,FluencyBank_178_169,0.188720703125,0.11260986328125,0.023284912109375,0.06768798828125,0.74072265625
1052,FluencyBank_178_170,0.0753173828125,0.06536865234375,0.00766754150390625,0.06622314453125,0.70166015625
1053,FluencyBank_179_0,0.0765380859375,0.1983642578125,0.11181640625,0.163818359375,0.321044921875
1054,FluencyBank_179_1,0.04010009765625,0.07891845703125,0.019500732421875,0.17236328125,0.427734375
1055,FluencyBank_179_2,0.035614013671875,0.138916015625,0.044677734375,0.1395263671875,0.10931396484375
1056,FluencyBank_179_3,0.090576171875,0.11395263671875,0.058563232421875,0.11578369140625,0.10504150390625
1057,FluencyBank_179_4,0.09771728515625,0.1776123046875,0.11474609375,0.1915283203125,0.1392822265625
1058,FluencyBank_179_5,0.042877197265625,0.1756591796875,0.14208984375,0.33837890625,0.12939453125
1059,FluencyBank_179_6,0.03155517578125,0.10540771484375,0.07208251953125,0.1876220703125,0.1756591796875
1060,FluencyBank_179_7,0.11163330078125,0.1724853515625,0.1121826171875,0.178955078125,0.1351318359375
1061,FluencyBank_179_8,0.064208984375,0.1883544921875,0.0965576171875,0.219970703125,0.79052734375
1062,FluencyBank_179_9,0.17333984375,0.10577392578125,0.0217437744140625,0.10430908203125,0.900390625
1063,FluencyBank_179_10,0.0863037109375,0.110107421875,0.12127685546875,0.303955078125,0.239013671875
1064,FluencyBank_179_11,0.06427001953125,0.252685546875,0.1673583984375,0.1866455078125,0.2181396484375
1065,FluencyBank_179_12,0.1485595703125,0.27490234375,0.1710205078125,0.09503173828125,0.172119140625
1066,FluencyBank_179_13,0.06634521484375,0.1734619140625,0.1922607421875,0.27392578125,0.30029296875
1067,FluencyBank_179_14,0.248046875,0.1529541015625,0.06610107421875,0.138916015625,0.53662109375
1068,FluencyBank_179_15,0.08599853515625,0.1676025390625,0.04193115234375,0.11517333984375,0.438720703125
1069,FluencyBank_179_16,0.0704345703125,0.2078857421875,0.0582275390625,0.1668701171875,0.57568359375
1070,FluencyBank_179_17,0.06231689453125,0.134521484375,0.050994873046875,0.144775390625,0.10015869140625
1071,FluencyBank_179_18,0.1312255859375,0.2080078125,0.038330078125,0.09979248046875,0.10125732421875
1072,FluencyBank_179_19,0.08331298828125,0.2139892578125,0.29833984375,0.62646484375,0.49462890625
1073,FluencyBank_179_20,0.2459716796875,0.133056640625,0.09417724609375,0.359130859375,0.78515625
1074,FluencyBank_179_21,0.2587890625,0.147705078125,0.129638671875,0.169677734375,0.75634765625
1075,FluencyBank_179_22,0.42822265625,0.10931396484375,0.062225341796875,0.0880126953125,0.8447265625
1076,FluencyBank_179_23,0.0279541015625,0.09588623046875,0.046905517578125,0.259521484375,0.15625
1077,FluencyBank_179_24,0.158203125,0.09912109375,0.021575927734375,0.06512451171875,0.9111328125
1078,FluencyBank_179_25,0.193603515625,0.1435546875,0.0537109375,0.1339111328125,0.8681640625
1079,FluencyBank_179_26,0.03326416015625,0.08038330078125,0.0214080810546875,0.140869140625,0.146728515625
1080,FluencyBank_179_27,0.040924072265625,0.07135009765625,0.029876708984375,0.1529541015625,0.36474609375
1081,FluencyBank_179_28,0.2298583984375,0.1728515625,0.1265869140625,0.309326171875,0.7265625
1082,FluencyBank_179_29,0.07965087890625,0.146728515625,0.06475830078125,0.216796875,0.2012939453125
1083,FluencyBank_179_30,0.1263427734375,0.1669921875,0.032470703125,0.1376953125,0.80224609375
1084,FluencyBank_179_31,0.04296875,0.1202392578125,0.021209716796875,0.056640625,0.26220703125
1085,FluencyBank_179_32,0.11065673828125,0.145751953125,0.04052734375,0.13818359375,0.78564453125
1086,FluencyBank_179_33,0.149658203125,0.140380859375,0.047607421875,0.06866455078125,0.8046875
1087,FluencyBank_179_34,0.06695556640625,0.147216796875,0.036895751953125,0.1087646484375,0.77734375
1088,FluencyBank_179_35,0.08062744140625,0.056121826171875,0.03289794921875,0.1309814453125,0.1055908203125
1089,FluencyBank_179_36,0.1365966796875,0.11798095703125,0.07342529296875,0.2100830078125,0.36376953125
1090,FluencyBank_179_37,0.2193603515625,0.1678466796875,0.09271240234375,0.324951171875,0.63330078125
1091,FluencyBank_179_38,0.10211181640625,0.17822265625,0.0982666015625,0.227294921875,0.7333984375
1092,FluencyBank_179_39,0.435546875,0.1165771484375,0.06536865234375,0.0869140625,0.7724609375
1093,FluencyBank_179_40,0.1390380859375,0.323486328125,0.44189453125,0.321044921875,0.32763671875
1094,FluencyBank_179_41,0.311279296875,0.042388916015625,0.0180511474609375,0.059326171875,0.2044677734375
1095,FluencyBank_179_42,0.1361083984375,0.140869140625,0.049407958984375,0.309326171875,0.6083984375
1096,FluencyBank_179_43,0.396240234375,0.059967041015625,0.0279541015625,0.048858642578125,0.5400390625
1097,FluencyBank_179_44,0.1744384765625,0.07879638671875,0.043853759765625,0.232177734375,0.365234375
1098,FluencyBank_179_45,0.03515625,0.09893798828125,0.021820068359375,0.08416748046875,0.08050537109375
1099,FluencyBank_179_46,0.062225341796875,0.12322998046875,0.07708740234375,0.381591796875,0.263671875
1100,FluencyBank_179_47,0.2421875,0.244873046875,0.2198486328125,0.471435546875,0.57763671875
1101,FluencyBank_179_48,0.09979248046875,0.1514892578125,0.171875,0.1990966796875,0.1708984375
1102,FluencyBank_179_49,0.09503173828125,0.12127685546875,0.037322998046875,0.047698974609375,0.038330078125
1103,FluencyBank_179_50,0.140869140625,0.07861328125,0.0164031982421875,0.030914306640625,0.7099609375
1104,FluencyBank_179_51,0.61279296875,0.1114501953125,0.0836181640625,0.031982421875,0.66259765625
1105,FluencyBank_179_52,0.038543701171875,0.07879638671875,0.021575927734375,0.1063232421875,0.093505859375
1106,FluencyBank_179_53,0.021484375,0.10504150390625,0.0706787109375,0.25732421875,0.2493896484375
1107,FluencyBank_179_54,0.090576171875,0.1497802734375,0.277587890625,0.3046875,0.3291015625
1108,FluencyBank_179_55,0.06695556640625,0.051177978515625,0.01953125,0.0762939453125,0.318603515625
1109,FluencyBank_179_56,0.23681640625,0.14208984375,0.13232421875,0.356201171875,0.58447265625
1110,FluencyBank_179_57,0.1239013671875,0.26123046875,0.2103271484375,0.32275390625,0.33056640625
1111,FluencyBank_179_58,0.08465576171875,0.2303466796875,0.254638671875,0.53076171875,0.36669921875
1112,FluencyBank_179_59,0.365966796875,0.12408447265625,0.0301055908203125,0.07977294921875,0.92919921875
1113,FluencyBank_179_60,0.307373046875,0.11297607421875,0.023284912109375,0.08209228515625,0.92578125
1114,FluencyBank_179_61,0.26904296875,0.1397705078125,0.08929443359375,0.1373291015625,0.097900390625
1115,FluencyBank_179_62,0.163818359375,0.1925048828125,0.07122802734375,0.1275634765625,0.86865234375
1116,FluencyBank_179_63,0.425048828125,0.10992431640625,0.03643798828125,0.04400634765625,0.791015625
1117,FluencyBank_179_64,0.043212890625,0.09466552734375,0.0238189697265625,0.133544921875,0.1263427734375
1118,FluencyBank_179_65,0.04376220703125,0.1510009765625,0.045257568359375,0.1153564453125,0.2232666015625
1119,FluencyBank_179_66,0.2093505859375,0.1934814453125,0.06439208984375,0.2421875,0.87548828125
1120,FluencyBank_179_67,0.06866455078125,0.1357421875,0.0999755859375,0.1485595703125,0.296875
1121,FluencyBank_179_68,0.09967041015625,0.1390380859375,0.054412841796875,0.16162109375,0.474609375
1122,FluencyBank_179_69,0.04559326171875,0.09368896484375,0.026153564453125,0.116943359375,0.1624755859375
1123,FluencyBank_179_70,0.11614990234375,0.07489013671875,0.0256195068359375,0.0751953125,0.1307373046875
1124,FluencyBank_179_71,0.2098388671875,0.09136962890625,0.0229339599609375,0.0855712890625,0.72705078125
1125,FluencyBank_179_72,0.097900390625,0.1431884765625,0.1361083984375,0.36474609375,0.2469482421875
1126,FluencyBank_179_73,0.1175537109375,0.2135009765625,0.48046875,0.3759765625,0.25
1127,FluencyBank_179_74,0.1546630859375,0.0703125,0.021484375,0.05224609375,0.228515625
1128,FluencyBank_179_75,0.10321044921875,0.0699462890625,0.070556640625,0.278564453125,0.3935546875
1129,FluencyBank_179_76,0.07965087890625,0.2103271484375,0.35986328125,0.33544921875,0.11029052734375
1130,FluencyBank_179_77,0.019683837890625,0.06890869140625,0.0292510986328125,0.1378173828125,0.06597900390625
1131,FluencyBank_179_79,0.04345703125,0.11456298828125,0.037200927734375,0.0894775390625,0.06964111328125
1132,FluencyBank_179_80,0.1202392578125,0.25537109375,0.2276611328125,0.356689453125,0.483154296875
1133,FluencyBank_179_81,0.4052734375,0.08831787109375,0.04681396484375,0.09234619140625,0.63671875
1134,FluencyBank_179_82,0.0738525390625,0.08038330078125,0.0279541015625,0.1163330078125,0.263671875
1135,FluencyBank_179_83,0.14990234375,0.177001953125,0.163330078125,0.31103515625,0.369140625
1136,FluencyBank_179_84,0.0455322265625,0.152587890625,0.05877685546875,0.143798828125,0.426025390625
1137,FluencyBank_179_85,0.02484130859375,0.1329345703125,0.093505859375,0.2183837890625,0.2166748046875
1138,FluencyBank_179_86,0.11419677734375,0.26513671875,0.1636962890625,0.325439453125,0.1658935546875
1139,FluencyBank_179_87,0.1055908203125,0.251953125,0.08416748046875,0.227783203125,0.6865234375
1140,FluencyBank_193_0,0.465087890625,0.2939453125,0.27587890625,0.07366943359375,0.040374755859375
1141,FluencyBank_193_1,0.07861328125,0.06878662109375,0.1429443359375,0.023773193359375,0.1041259765625
1142,FluencyBank_193_2,0.62890625,0.06939697265625,0.03607177734375,0.0235137939453125,0.6796875
1143,FluencyBank_193_3,0.035888671875,0.1414794921875,0.06109619140625,0.06805419921875,0.14501953125
1144,FluencyBank_193_4,0.366943359375,0.2440185546875,0.1966552734375,0.102294921875,0.74462890625
1145,FluencyBank_193_5,0.25048828125,0.1761474609375,0.09222412109375,0.08740234375,0.650390625
1146,FluencyBank_193_6,0.35009765625,0.1171875,0.1622314453125,0.0299224853515625,0.1983642578125
1147,FluencyBank_193_7,0.2330322265625,0.1444091796875,0.1199951171875,0.1580810546875,0.87841796875
1148,FluencyBank_193_8,0.426513671875,0.1470947265625,0.294677734375,0.041473388671875,0.11474609375
1149,FluencyBank_193_9,0.2208251953125,0.102294921875,0.10968017578125,0.0582275390625,0.30615234375
1150,FluencyBank_193_10,0.07452392578125,0.058349609375,0.1015625,0.03753662109375,0.1195068359375
1151,FluencyBank_193_11,0.264892578125,0.1387939453125,0.1251220703125,0.2313232421875,0.55078125
1152,FluencyBank_193_12,0.09771728515625,0.0633544921875,0.09844970703125,0.02838134765625,0.13330078125
1153,FluencyBank_193_13,0.1556396484375,0.0994873046875,0.0743408203125,0.02337646484375,0.0391845703125
1154,FluencyBank_193_14,0.094482421875,0.11993408203125,0.1019287109375,0.01332855224609375,0.052520751953125
1155,FluencyBank_193_15,0.0975341796875,0.1973876953125,0.236328125,0.03912353515625,0.03448486328125
1156,FluencyBank_193_16,0.10650634765625,0.1807861328125,0.2347412109375,0.052337646484375,0.058349609375
1157,FluencyBank_193_17,0.128662109375,0.12359619140625,0.04345703125,0.03155517578125,0.70361328125
1158,FluencyBank_193_18,0.05865478515625,0.1529541015625,0.07763671875,0.072265625,0.61865234375
1159,FluencyBank_193_19,0.7939453125,0.1766357421875,0.2451171875,0.039947509765625,0.0753173828125
1160,FluencyBank_193_20,0.806640625,0.1798095703125,0.2135009765625,0.10052490234375,0.08251953125
1161,FluencyBank_193_21,0.205810546875,0.239501953125,0.1815185546875,0.2086181640625,0.83984375
1162,FluencyBank_193_22,0.1373291015625,0.2445068359375,0.402587890625,0.423828125,0.57958984375
1163,FluencyBank_193_23,0.04620361328125,0.177978515625,0.42431640625,0.0751953125,0.05511474609375
1164,FluencyBank_193_24,0.376708984375,0.203125,0.370849609375,0.2220458984375,0.190673828125
1165,FluencyBank_193_25,0.0794677734375,0.314208984375,0.66796875,0.13134765625,0.050811767578125
1166,FluencyBank_193_26,0.04302978515625,0.310302734375,0.646484375,0.23876953125,0.061981201171875
1167,FluencyBank_193_27,0.059326171875,0.280029296875,0.48974609375,0.0863037109375,0.116943359375
1168,FluencyBank_193_28,0.346435546875,0.370849609375,0.59033203125,0.0701904296875,0.06549072265625
1169,FluencyBank_193_29,0.61376953125,0.2398681640625,0.1044921875,0.09124755859375,0.20556640625
1170,FluencyBank_193_30,0.138671875,0.1993408203125,0.2119140625,0.51953125,0.37060546875
1171,FluencyBank_193_31,0.04351806640625,0.296630859375,0.716796875,0.166259765625,0.0604248046875
1172,FluencyBank_193_32,0.180419921875,0.315185546875,0.30029296875,0.2269287109375,0.6484375
1173,FluencyBank_193_33,0.08282470703125,0.254150390625,0.50537109375,0.247314453125,0.183349609375
1174,FluencyBank_193_34,0.0706787109375,0.2430419921875,0.52880859375,0.198974609375,0.0560302734375
1175,FluencyBank_193_35,0.242431640625,0.318115234375,0.60302734375,0.1392822265625,0.1143798828125
1176,FluencyBank_193_36,0.1348876953125,0.3603515625,0.68359375,0.281494140625,0.10723876953125
1177,FluencyBank_193_37,0.230712890625,0.13134765625,0.0374755859375,0.110107421875,0.9306640625
1178,FluencyBank_193_38,0.1773681640625,0.184326171875,0.1114501953125,0.029815673828125,0.39599609375
1179,FluencyBank_193_39,0.2335205078125,0.20654296875,0.092041015625,0.129638671875,0.83935546875
1180,FluencyBank_193_40,0.1544189453125,0.153076171875,0.06243896484375,0.0250396728515625,0.02001953125
1181,FluencyBank_193_41,0.03228759765625,0.2509765625,0.4033203125,0.048492431640625,0.04345703125
1182,FluencyBank_193_42,0.298583984375,0.1705322265625,0.092041015625,0.094482421875,0.8759765625
1183,FluencyBank_193_43,0.134521484375,0.30419921875,0.70263671875,0.395263671875,0.2310791015625
1184,FluencyBank_193_44,0.054107666015625,0.349365234375,0.693359375,0.326416015625,0.1353759765625
1185,FluencyBank_193_45,0.2156982421875,0.335205078125,0.4765625,0.04803466796875,0.050506591796875
1186,FluencyBank_193_46,0.0889892578125,0.114990234375,0.1416015625,0.0966796875,0.1630859375
1187,FluencyBank_193_47,0.19482421875,0.14990234375,0.05145263671875,0.260498046875,0.810546875
1188,FluencyBank_193_48,0.035614013671875,0.20947265625,0.289306640625,0.0230255126953125,0.0180206298828125
1189,FluencyBank_193_49,0.08819580078125,0.09027099609375,0.220703125,0.0203704833984375,0.1041259765625
1190,FluencyBank_193_50,0.10107421875,0.306396484375,0.2406005859375,0.024383544921875,0.0323486328125
1191,FluencyBank_193_51,0.1650390625,0.3701171875,0.62890625,0.2322998046875,0.073974609375
1192,FluencyBank_193_52,0.5166015625,0.23828125,0.42919921875,0.080078125,0.06268310546875
1193,FluencyBank_193_53,0.18212890625,0.329833984375,0.57421875,0.2486572265625,0.12322998046875
1194,FluencyBank_193_54,0.42724609375,0.1094970703125,0.0369873046875,0.0246124267578125,0.037109375
1195,FluencyBank_193_55,0.254638671875,0.09185791015625,0.17236328125,0.00908660888671875,0.076416015625
1196,FluencyBank_193_56,0.110107421875,0.251220703125,0.05718994140625,0.07342529296875,0.1702880859375
1197,FluencyBank_193_57,0.254150390625,0.2359619140625,0.09234619140625,0.12890625,0.8994140625
1198,FluencyBank_193_58,0.2607421875,0.324462890625,0.0762939453125,0.0150146484375,0.021240234375
1199,FluencyBank_193_59,0.38232421875,0.333251953125,0.5478515625,0.152587890625,0.10504150390625
1200,FluencyBank_193_60,0.0703125,0.235107421875,0.501953125,0.10247802734375,0.09136962890625
1201,FluencyBank_193_61,0.17578125,0.311279296875,0.41650390625,0.09637451171875,0.10467529296875
1202,FluencyBank_193_62,0.166259765625,0.2264404296875,0.59130859375,0.1007080078125,0.09722900390625
1203,FluencyBank_193_63,0.55810546875,0.219970703125,0.14404296875,0.176513671875,0.1529541015625
1204,FluencyBank_193_64,0.0333251953125,0.169921875,0.43359375,0.0823974609375,0.04345703125
1205,FluencyBank_193_65,0.28369140625,0.1495361328125,0.058013916015625,0.06982421875,0.91357421875
1206,FluencyBank_193_66,0.042022705078125,0.279541015625,0.59375,0.090087890625,0.038116455078125
1207,FluencyBank_193_67,0.333740234375,0.1448974609375,0.04327392578125,0.07977294921875,0.9287109375
1208,FluencyBank_193_68,0.1253662109375,0.266357421875,0.41357421875,0.32666015625,0.53955078125
1209,FluencyBank_193_69,0.0809326171875,0.35986328125,0.70458984375,0.1453857421875,0.08135986328125
1210,FluencyBank_193_70,0.269287109375,0.25,0.127685546875,0.09600830078125,0.875
1211,FluencyBank_193_71,0.174072265625,0.282958984375,0.463134765625,0.154052734375,0.1214599609375
1212,FluencyBank_193_72,0.09686279296875,0.07763671875,0.07586669921875,0.04681396484375,0.06817626953125
1213,FluencyBank_193_73,0.423828125,0.1358642578125,0.1702880859375,0.03338623046875,0.1746826171875
1214,FluencyBank_193_74,0.046478271484375,0.2216796875,0.58203125,0.09332275390625,0.048858642578125
1215,FluencyBank_193_75,0.08526611328125,0.25634765625,0.41650390625,0.28515625,0.32275390625
1216,FluencyBank_193_76,0.468017578125,0.20849609375,0.39697265625,0.08404541015625,0.125244140625
1217,FluencyBank_193_77,0.64306640625,0.202392578125,0.2197265625,0.1890869140625,0.26416015625
1218,FluencyBank_193_78,0.094482421875,0.2298583984375,0.2374267578125,0.1644287109375,0.032958984375
1219,FluencyBank_193_79,0.079345703125,0.1700439453125,0.29736328125,0.43798828125,0.1905517578125
1220,FluencyBank_193_80,0.404052734375,0.2276611328125,0.5341796875,0.07708740234375,0.047515869140625
1221,FluencyBank_193_81,0.07183837890625,0.059112548828125,0.051544189453125,0.01094818115234375,0.1746826171875
1222,FluencyBank_193_82,0.2293701171875,0.09039306640625,0.1517333984375,0.029754638671875,0.173583984375
1223,FluencyBank_193_83,0.25244140625,0.07122802734375,0.10015869140625,0.01116180419921875,0.08404541015625
1224,FluencyBank_193_84,0.16650390625,0.229736328125,0.2347412109375,0.043701171875,0.060302734375
1225,FluencyBank_193_85,0.5380859375,0.1422119140625,0.27392578125,0.025665283203125,0.1214599609375
1226,FluencyBank_193_86,0.0889892578125,0.227783203125,0.1678466796875,0.163818359375,0.2047119140625
1227,FluencyBank_193_87,0.05572509765625,0.2216796875,0.229248046875,0.0207672119140625,0.020599365234375
1228,FluencyBank_193_88,0.3076171875,0.09844970703125,0.0330810546875,0.03912353515625,0.1610107421875
1229,FluencyBank_193_89,0.16357421875,0.130859375,0.0740966796875,0.046478271484375,0.8857421875
1230,FluencyBank_193_90,0.044769287109375,0.261474609375,0.309814453125,0.028656005859375,0.032958984375
1231,FluencyBank_193_91,0.2259521484375,0.26611328125,0.41357421875,0.51953125,0.286865234375
1232,FluencyBank_193_92,0.165283203125,0.2900390625,0.1796875,0.09503173828125,0.163818359375
1233,FluencyBank_193_93,0.2607421875,0.222900390625,0.314697265625,0.11163330078125,0.2486572265625
1234,FluencyBank_193_94,0.314453125,0.09271240234375,0.06573486328125,0.0137939453125,0.0850830078125
1235,FluencyBank_193_95,0.2095947265625,0.29296875,0.60107421875,0.0994873046875,0.11932373046875
1236,FluencyBank_193_96,0.1007080078125,0.2186279296875,0.1849365234375,0.056854248046875,0.07159423828125
1237,FluencyBank_193_97,0.08197021484375,0.344970703125,0.11102294921875,0.05389404296875,0.08660888671875
1238,FluencyBank_193_98,0.09503173828125,0.1259765625,0.138671875,0.015777587890625,0.04840087890625
1239,FluencyBank_193_99,0.34130859375,0.05877685546875,0.07452392578125,0.00945281982421875,0.08819580078125
1240,FluencyBank_193_100,0.151123046875,0.06927490234375,0.10052490234375,0.0207672119140625,0.0889892578125
1241,FluencyBank_193_101,0.5244140625,0.097412109375,0.037811279296875,0.03594970703125,0.82568359375
1242,FluencyBank_193_102,0.65234375,0.089111328125,0.041534423828125,0.037109375,0.360595703125
1243,FluencyBank_193_103,0.1163330078125,0.17041015625,0.32080078125,0.1253662109375,0.057708740234375
1244,FluencyBank_193_104,0.18505859375,0.20556640625,0.292724609375,0.09027099609375,0.06964111328125
1245,FluencyBank_193_105,0.12841796875,0.09124755859375,0.10858154296875,0.036712646484375,0.09552001953125
1246,FluencyBank_193_106,0.1845703125,0.0943603515625,0.0173797607421875,0.0401611328125,0.8125
1247,FluencyBank_193_107,0.2109375,0.15771484375,0.1650390625,0.30078125,0.393798828125
1248,FluencyBank_193_108,0.09912109375,0.266357421875,0.1358642578125,0.2359619140625,0.63916015625
1249,FluencyBank_193_109,0.033721923828125,0.2430419921875,0.414794921875,0.37451171875,0.08599853515625
1250,FluencyBank_193_110,0.076416015625,0.329345703125,0.437744140625,0.372314453125,0.193359375
1251,FluencyBank_193_111,0.2298583984375,0.1490478515625,0.11578369140625,0.0256195068359375,0.7294921875
1252,FluencyBank_193_112,0.0816650390625,0.1236572265625,0.161376953125,0.0099334716796875,0.052825927734375
1253,FluencyBank_193_113,0.132568359375,0.2919921875,0.4326171875,0.1649169921875,0.089111328125
1254,FluencyBank_193_114,0.1317138671875,0.1650390625,0.1407470703125,0.07611083984375,0.08526611328125
1255,FluencyBank_193_116,0.45849609375,0.344970703125,0.45068359375,0.1683349609375,0.253173828125
1256,FluencyBank_193_117,0.29248046875,0.2259521484375,0.1414794921875,0.2120361328125,0.88134765625
1257,FluencyBank_193_118,0.10125732421875,0.35791015625,0.69873046875,0.08819580078125,0.06982421875
1258,FluencyBank_193_119,0.0863037109375,0.330810546875,0.712890625,0.259033203125,0.1497802734375
1259,FluencyBank_193_120,0.09967041015625,0.12127685546875,0.08465576171875,0.0233306884765625,0.276123046875
1260,FluencyBank_193_121,0.1019287109375,0.09515380859375,0.045440673828125,0.02191162109375,0.0640869140625
1261,FluencyBank_218_1,0.036712646484375,0.08990478515625,0.0106964111328125,0.023956298828125,0.052337646484375
1262,FluencyBank_218_2,0.0239105224609375,0.047882080078125,0.006122589111328125,0.021575927734375,0.062225341796875
1263,FluencyBank_218_3,0.13134765625,0.1964111328125,0.1492919921875,0.437255859375,0.40576171875
1264,FluencyBank_218_4,0.09075927734375,0.39697265625,0.2327880859375,0.279296875,0.1737060546875
1265,FluencyBank_218_5,0.05023193359375,0.10321044921875,0.048492431640625,0.1905517578125,0.1761474609375
1266,FluencyBank_218_6,0.0279083251953125,0.13037109375,0.039276123046875,0.06231689453125,0.025665283203125
1267,FluencyBank_218_7,0.038330078125,0.2152099609375,0.081787109375,0.15185546875,0.064208984375
1268,FluencyBank_218_8,0.143310546875,0.1763916015625,0.045684814453125,0.07342529296875,0.94140625
1269,FluencyBank_218_9,0.2027587890625,0.318603515625,0.216796875,0.1683349609375,0.7216796875
1270,FluencyBank_218_10,0.1131591796875,0.244873046875,0.30029296875,0.54150390625,0.63330078125
1271,FluencyBank_218_11,0.0274810791015625,0.2083740234375,0.1934814453125,0.1593017578125,0.042236328125
1272,FluencyBank_218_12,0.0301513671875,0.30224609375,0.1358642578125,0.1456298828125,0.0390625
1273,FluencyBank_218_13,0.46240234375,0.190673828125,0.08062744140625,0.0401611328125,0.178955078125
1274,FluencyBank_218_14,0.375,0.12213134765625,0.021575927734375,0.0439453125,0.484619140625
1275,FluencyBank_218_15,0.060516357421875,0.14306640625,0.041473388671875,0.15478515625,0.533203125
1276,FluencyBank_218_16,0.03302001953125,0.2122802734375,0.09857177734375,0.345458984375,0.303955078125
1277,FluencyBank_218_17,0.1724853515625,0.190673828125,0.03662109375,0.1619873046875,0.1397705078125
1278,FluencyBank_218_18,0.12451171875,0.28076171875,0.0706787109375,0.18896484375,0.09185791015625
1279,FluencyBank_218_19,0.0170440673828125,0.097900390625,0.019866943359375,0.03533935546875,0.10595703125
1280,FluencyBank_218_20,0.0802001953125,0.2125244140625,0.08404541015625,0.056121826171875,0.1536865234375
1281,FluencyBank_218_21,0.0247955322265625,0.250732421875,0.093505859375,0.140625,0.14599609375
1282,FluencyBank_218_22,0.75537109375,0.162353515625,0.1556396484375,0.0310211181640625,0.09637451171875
1283,FluencyBank_218_23,0.1165771484375,0.1324462890625,0.01983642578125,0.0252227783203125,0.09417724609375
1284,FluencyBank_218_24,0.453857421875,0.1624755859375,0.043609619140625,0.09271240234375,0.097900390625
1285,FluencyBank_218_25,0.137939453125,0.186279296875,0.018768310546875,0.04132080078125,0.10504150390625
1286,FluencyBank_218_26,0.0322265625,0.12115478515625,0.026458740234375,0.07611083984375,0.053314208984375
1287,FluencyBank_218_27,0.0753173828125,0.1766357421875,0.029083251953125,0.1981201171875,0.17236328125
1288,FluencyBank_218_28,0.150390625,0.19775390625,0.0282135009765625,0.11199951171875,0.1551513671875
1289,FluencyBank_218_29,0.3173828125,0.1273193359375,0.025177001953125,0.0439453125,0.76123046875
1290,FluencyBank_218_30,0.08209228515625,0.0872802734375,0.01751708984375,0.0192413330078125,0.1492919921875
1291,FluencyBank_218_31,0.396728515625,0.10089111328125,0.0234222412109375,0.04840087890625,0.6982421875
1292,FluencyBank_218_32,0.259033203125,0.0885009765625,0.015716552734375,0.041839599609375,0.7685546875
1293,FluencyBank_218_33,0.1749267578125,0.1341552734375,0.029541015625,0.07080078125,0.11981201171875
1294,FluencyBank_218_34,0.203369140625,0.0546875,0.005001068115234375,0.0136871337890625,0.1558837890625
1295,FluencyBank_218_35,0.0296478271484375,0.0970458984375,0.023193359375,0.04986572265625,0.054901123046875
1296,FluencyBank_218_36,0.06634521484375,0.2342529296875,0.06964111328125,0.287841796875,0.59521484375
1297,FluencyBank_218_37,0.1302490234375,0.11676025390625,0.01036834716796875,0.02337646484375,0.07763671875
1298,FluencyBank_218_38,0.0216522216796875,0.10687255859375,0.0237274169921875,0.033782958984375,0.0322265625
1299,FluencyBank_218_39,0.1600341796875,0.10284423828125,0.035400390625,0.03302001953125,0.63134765625
1300,FluencyBank_218_40,0.17041015625,0.1624755859375,0.0728759765625,0.05987548828125,0.82421875
1301,FluencyBank_218_41,0.06475830078125,0.260498046875,0.1827392578125,0.364013671875,0.304443359375
1302,FluencyBank_218_42,0.097412109375,0.359619140625,0.159423828125,0.058349609375,0.044097900390625
1303,FluencyBank_218_43,0.0728759765625,0.293701171875,0.2257080078125,0.343994140625,0.091064453125
1304,FluencyBank_218_44,0.0191650390625,0.08929443359375,0.042388916015625,0.15380859375,0.135009765625
1305,FluencyBank_218_45,0.0167236328125,0.08587646484375,0.0121002197265625,0.07501220703125,0.11181640625
1306,FluencyBank_218_46,0.187255859375,0.1800537109375,0.07696533203125,0.095703125,0.3271484375
1307,FluencyBank_218_47,0.05499267578125,0.057708740234375,0.009124755859375,0.015960693359375,0.1434326171875
1308,FluencyBank_218_48,0.038238525390625,0.1591796875,0.0280609130859375,0.0775146484375,0.1868896484375
1309,FluencyBank_218_49,0.12890625,0.1802978515625,0.029815673828125,0.06622314453125,0.036895751953125
1310,FluencyBank_218_50,0.11968994140625,0.1654052734375,0.07489013671875,0.1265869140625,0.794921875
1311,FluencyBank_218_51,0.033477783203125,0.093505859375,0.0162200927734375,0.057708740234375,0.236572265625
1312,FluencyBank_218_52,0.026763916015625,0.10394287109375,0.017578125,0.1044921875,0.5029296875
1313,FluencyBank_218_53,0.033843994140625,0.2000732421875,0.07421875,0.27587890625,0.43603515625
1314,FluencyBank_218_54,0.06097412109375,0.160400390625,0.01107025146484375,0.0272674560546875,0.042327880859375
1315,FluencyBank_218_55,0.1495361328125,0.2294921875,0.1143798828125,0.1761474609375,0.90380859375
1316,FluencyBank_218_56,0.1346435546875,0.31787109375,0.09039306640625,0.142578125,0.08648681640625
1317,FluencyBank_218_57,0.2076416015625,0.08282470703125,0.00963592529296875,0.045440673828125,0.80517578125
1318,FluencyBank_218_58,0.09600830078125,0.2138671875,0.040985107421875,0.029541015625,0.476806640625
1319,FluencyBank_218_59,0.06915283203125,0.10504150390625,0.04376220703125,0.0153045654296875,0.45947265625
1320,FluencyBank_218_60,0.046630859375,0.09320068359375,0.04779052734375,0.01384735107421875,0.3447265625
1321,FluencyBank_218_61,0.39013671875,0.1417236328125,0.134765625,0.0411376953125,0.1390380859375
1322,FluencyBank_218_62,0.6064453125,0.1063232421875,0.036895751953125,0.018096923828125,0.267333984375
1323,FluencyBank_218_63,0.1483154296875,0.1121826171875,0.0305633544921875,0.06268310546875,0.102294921875
1324,FluencyBank_218_64,0.0379638671875,0.1844482421875,0.049041748046875,0.1181640625,0.1295166015625
1325,FluencyBank_218_65,0.268798828125,0.09271240234375,0.007724761962890625,0.03515625,0.77490234375
1326,FluencyBank_218_66,0.401123046875,0.126953125,0.2374267578125,0.0191650390625,0.09893798828125
1327,FluencyBank_218_67,0.0521240234375,0.0701904296875,0.006744384765625,0.05450439453125,0.34716796875
1328,FluencyBank_218_68,0.03338623046875,0.036895751953125,0.00284576416015625,0.01507568359375,0.056640625
1329,FluencyBank_218_69,0.033599853515625,0.0301055908203125,0.0030879974365234375,0.015777587890625,0.07806396484375
1330,FluencyBank_218_70,0.1658935546875,0.251953125,0.10797119140625,0.1805419921875,0.7880859375
1331,FluencyBank_218_71,0.278564453125,0.19091796875,0.11920166015625,0.307861328125,0.53173828125
1332,FluencyBank_218_72,0.1473388671875,0.1474609375,0.03912353515625,0.07080078125,0.92041015625
1333,FluencyBank_218_73,0.1993408203125,0.1915283203125,0.09893798828125,0.301513671875,0.8173828125
1334,FluencyBank_218_74,0.083740234375,0.2998046875,0.2413330078125,0.316162109375,0.64453125
1335,FluencyBank_218_75,0.04803466796875,0.389404296875,0.287841796875,0.174560546875,0.1063232421875
1336,FluencyBank_218_76,0.08709716796875,0.448486328125,0.4033203125,0.324951171875,0.1602783203125
1337,FluencyBank_218_77,0.39453125,0.26953125,0.234619140625,0.09320068359375,0.1776123046875
1338,FluencyBank_218_79,0.261474609375,0.1346435546875,0.031494140625,0.1114501953125,0.8857421875
1339,FluencyBank_218_80,0.0546875,0.1279296875,0.0185089111328125,0.0631103515625,0.190673828125
1340,FluencyBank_218_81,0.1334228515625,0.2076416015625,0.0299835205078125,0.05975341796875,0.0726318359375
1341,FluencyBank_218_82,0.077392578125,0.1549072265625,0.057373046875,0.11981201171875,0.76318359375
1342,FluencyBank_218_83,0.0706787109375,0.184326171875,0.042724609375,0.040618896484375,0.0261993408203125
1343,FluencyBank_218_84,0.18505859375,0.120849609375,0.0222015380859375,0.0251312255859375,0.7578125
1344,FluencyBank_218_85,0.1683349609375,0.1871337890625,0.079345703125,0.1309814453125,0.9267578125
1345,FluencyBank_218_86,0.309814453125,0.080810546875,0.01238250732421875,0.061767578125,0.8837890625
1346,FluencyBank_218_87,0.03662109375,0.10174560546875,0.015960693359375,0.0203704833984375,0.07196044921875
1347,FluencyBank_219_0,0.058013916015625,0.1925048828125,0.03326416015625,0.051666259765625,0.03179931640625
1348,FluencyBank_219_1,0.10107421875,0.30810546875,0.139892578125,0.254638671875,0.28369140625
1349,FluencyBank_219_2,0.033660888671875,0.1221923828125,0.0938720703125,0.035552978515625,0.042236328125
1350,FluencyBank_219_3,0.08740234375,0.2081298828125,0.1697998046875,0.0243377685546875,0.11279296875
1351,FluencyBank_219_4,0.14111328125,0.1982421875,0.0287628173828125,0.118408203125,0.56396484375
1352,FluencyBank_219_5,0.024383544921875,0.09912109375,0.0254669189453125,0.04559326171875,0.035675048828125
1353,FluencyBank_219_6,0.08929443359375,0.1748046875,0.223876953125,0.42138671875,0.32958984375
1354,FluencyBank_219_7,0.1436767578125,0.27197265625,0.1893310546875,0.229248046875,0.61572265625
1355,FluencyBank_219_8,0.2127685546875,0.2315673828125,0.11456298828125,0.1163330078125,0.90283203125
1356,FluencyBank_219_9,0.2783203125,0.325927734375,0.39306640625,0.399169921875,0.272216796875
1357,FluencyBank_219_10,0.093017578125,0.3330078125,0.0709228515625,0.0203399658203125,0.07989501953125
1358,FluencyBank_219_11,0.233154296875,0.258544921875,0.102294921875,0.087890625,0.7314453125
1359,FluencyBank_219_12,0.1015625,0.29248046875,0.05645751953125,0.08990478515625,0.160888671875
1360,FluencyBank_219_13,0.055938720703125,0.126953125,0.0224151611328125,0.07794189453125,0.67529296875
1361,FluencyBank_219_14,0.1153564453125,0.185302734375,0.046905517578125,0.06866455078125,0.853515625
1362,FluencyBank_219_15,0.043853759765625,0.26953125,0.1253662109375,0.09722900390625,0.047515869140625
1363,FluencyBank_219_16,0.1964111328125,0.333251953125,0.1282958984375,0.051666259765625,0.043365478515625
1364,FluencyBank_219_17,0.031494140625,0.1260986328125,0.035614013671875,0.047882080078125,0.03131103515625
1365,FluencyBank_219_18,0.0401611328125,0.156494140625,0.06304931640625,0.035491943359375,0.0321044921875
1366,FluencyBank_219_19,0.0287017822265625,0.10723876953125,0.0143890380859375,0.06854248046875,0.08050537109375
1367,FluencyBank_219_20,0.1419677734375,0.20068359375,0.07147216796875,0.182373046875,0.86572265625
1368,FluencyBank_219_21,0.027374267578125,0.1285400390625,0.04779052734375,0.1893310546875,0.0943603515625
1369,FluencyBank_219_22,0.07720947265625,0.130126953125,0.035675048828125,0.047607421875,0.78466796875
1370,FluencyBank_219_23,0.0880126953125,0.1903076171875,0.0255126953125,0.01971435546875,0.021209716796875
1371,FluencyBank_219_24,0.0633544921875,0.259521484375,0.062225341796875,0.0416259765625,0.06982421875
1372,FluencyBank_219_25,0.056549072265625,0.274658203125,0.07611083984375,0.0616455078125,0.193115234375
1373,FluencyBank_219_26,0.042327880859375,0.1903076171875,0.046630859375,0.0809326171875,0.06475830078125
1374,FluencyBank_219_27,0.03204345703125,0.137451171875,0.034088134765625,0.0548095703125,0.056243896484375
1375,FluencyBank_219_28,0.11517333984375,0.2666015625,0.080810546875,0.146240234375,0.1922607421875
1376,FluencyBank_219_29,0.1649169921875,0.394287109375,0.4921875,0.471923828125,0.2578125
1377,FluencyBank_219_30,0.405517578125,0.24853515625,0.1396484375,0.092529296875,0.62744140625
1378,FluencyBank_219_31,0.14453125,0.2822265625,0.27099609375,0.1646728515625,0.08990478515625
1379,FluencyBank_219_32,0.0297088623046875,0.2322998046875,0.155517578125,0.18701171875,0.102294921875
1380,FluencyBank_219_33,0.12213134765625,0.374755859375,0.2890625,0.1724853515625,0.06109619140625
1381,FluencyBank_219_34,0.049224853515625,0.12646484375,0.03240966796875,0.0552978515625,0.400390625
1382,FluencyBank_219_35,0.1114501953125,0.1253662109375,0.07501220703125,0.07720947265625,0.64892578125
1383,FluencyBank_219_36,0.09417724609375,0.1611328125,0.11859130859375,0.10595703125,0.55419921875
1384,FluencyBank_219_37,0.182373046875,0.1607666015625,0.04302978515625,0.038543701171875,0.8388671875
1385,FluencyBank_219_38,0.1083984375,0.1297607421875,0.0237274169921875,0.030853271484375,0.61474609375
1386,FluencyBank_219_39,0.06915283203125,0.114990234375,0.01433563232421875,0.038330078125,0.1041259765625
1387,FluencyBank_219_40,0.042327880859375,0.1397705078125,0.015960693359375,0.036285400390625,0.0604248046875
1388,FluencyBank_219_41,0.14111328125,0.2142333984375,0.07965087890625,0.1666259765625,0.229248046875
1389,FluencyBank_219_42,0.40673828125,0.21728515625,0.187255859375,0.041839599609375,0.042236328125
1390,FluencyBank_219_43,0.07989501953125,0.32275390625,0.64208984375,0.08465576171875,0.0823974609375
1391,FluencyBank_219_44,0.1041259765625,0.237060546875,0.1412353515625,0.053009033203125,0.28515625
1392,FluencyBank_219_45,0.059112548828125,0.20068359375,0.047515869140625,0.10430908203125,0.173583984375
1393,FluencyBank_219_46,0.62353515625,0.34716796875,0.445556640625,0.134765625,0.10321044921875
1394,FluencyBank_219_47,0.53076171875,0.1739501953125,0.08831787109375,0.063232421875,0.054107666015625
1395,FluencyBank_219_48,0.1683349609375,0.166259765625,0.044281005859375,0.03204345703125,0.033905029296875
1396,FluencyBank_219_49,0.0743408203125,0.237548828125,0.0282135009765625,0.043121337890625,0.056121826171875
1397,FluencyBank_219_50,0.0706787109375,0.218505859375,0.06781005859375,0.11395263671875,0.1893310546875
1398,FluencyBank_219_51,0.11083984375,0.223388671875,0.10821533203125,0.0313720703125,0.029541015625
1399,FluencyBank_219_52,0.0313720703125,0.133056640625,0.036712646484375,0.044189453125,0.1295166015625
1400,FluencyBank_219_53,0.053192138671875,0.240234375,0.0970458984375,0.035491943359375,0.060638427734375
1401,FluencyBank_219_54,0.29248046875,0.150634765625,0.04302978515625,0.0207672119140625,0.59814453125
1402,FluencyBank_219_55,0.23974609375,0.1474609375,0.038177490234375,0.05780029296875,0.90087890625
1403,FluencyBank_219_56,0.037322998046875,0.097412109375,0.0173797607421875,0.0200958251953125,0.13232421875
1404,FluencyBank_219_57,0.212890625,0.252685546875,0.05877685546875,0.0225830078125,0.05645751953125
1405,FluencyBank_219_58,0.1778564453125,0.1104736328125,0.047149658203125,0.2156982421875,0.81396484375
1406,FluencyBank_219_59,0.04534912109375,0.1842041015625,0.0238189697265625,0.048583984375,0.1868896484375
1407,FluencyBank_219_60,0.262451171875,0.2264404296875,0.449951171875,0.2113037109375,0.06768798828125
1408,FluencyBank_219_61,0.1083984375,0.294921875,0.363525390625,0.313720703125,0.1505126953125
1409,FluencyBank_219_62,0.026611328125,0.1175537109375,0.10687255859375,0.400390625,0.12176513671875
1410,FluencyBank_219_63,0.049591064453125,0.1700439453125,0.09283447265625,0.10992431640625,0.0794677734375
1411,FluencyBank_219_64,0.032470703125,0.08282470703125,0.046630859375,0.04986572265625,0.140380859375
1412,FluencyBank_219_65,0.0161590576171875,0.1571044921875,0.10687255859375,0.126953125,0.1153564453125
1413,FluencyBank_219_66,0.019012451171875,0.15283203125,0.06890869140625,0.12432861328125,0.148193359375
1414,FluencyBank_219_67,0.0171051025390625,0.114990234375,0.09722900390625,0.1710205078125,0.2027587890625
1415,FluencyBank_219_68,0.0260009765625,0.173095703125,0.1285400390625,0.1810302734375,0.20849609375
1416,FluencyBank_219_69,0.050048828125,0.2705078125,0.021240234375,0.0227203369140625,0.06903076171875
1417,FluencyBank_219_70,0.054290771484375,0.208984375,0.031982421875,0.07135009765625,0.1651611328125
1418,FluencyBank_219_71,0.05389404296875,0.2335205078125,0.09600830078125,0.047943115234375,0.07891845703125
1419,FluencyBank_219_72,0.0784912109375,0.208984375,0.278564453125,0.2861328125,0.09368896484375
1420,FluencyBank_219_73,0.0169219970703125,0.09686279296875,0.06634521484375,0.11029052734375,0.0704345703125
1421,FluencyBank_219_74,0.040252685546875,0.2098388671875,0.064208984375,0.251220703125,0.342529296875
1422,FluencyBank_219_75,0.07318115234375,0.1934814453125,0.11199951171875,0.09912109375,0.15185546875
1423,FluencyBank_219_76,0.054107666015625,0.1705322265625,0.037811279296875,0.03533935546875,0.10211181640625
1424,FluencyBank_219_77,0.03759765625,0.1904296875,0.049957275390625,0.04638671875,0.1181640625
1425,FluencyBank_219_78,0.15771484375,0.14892578125,0.0496826171875,0.0182647705078125,0.034698486328125
1426,FluencyBank_219_79,0.1094970703125,0.241455078125,0.0203399658203125,0.0264129638671875,0.09075927734375
1427,FluencyBank_219_80,0.2313232421875,0.1566162109375,0.036224365234375,0.047332763671875,0.306640625
1428,FluencyBank_219_81,0.1070556640625,0.204833984375,0.0604248046875,0.1885986328125,0.08050537109375
1429,FluencyBank_219_82,0.063232421875,0.25634765625,0.07611083984375,0.274658203125,0.25732421875
1430,FluencyBank_219_83,0.0210418701171875,0.07720947265625,0.0066680908203125,0.014556884765625,0.1209716796875
1431,FluencyBank_219_84,0.03948974609375,0.2081298828125,0.036712646484375,0.058135986328125,0.09075927734375
1432,FluencyBank_219_85,0.047515869140625,0.2548828125,0.097900390625,0.07122802734375,0.08868408203125
1433,FluencyBank_219_86,0.035736083984375,0.091064453125,0.046905517578125,0.08758544921875,0.2459716796875
1434,FluencyBank_219_87,0.07476806640625,0.19873046875,0.0823974609375,0.265380859375,0.287353515625
1435,FluencyBank_219_88,0.120849609375,0.1407470703125,0.058349609375,0.10247802734375,0.52197265625
1436,FluencyBank_219_89,0.06719970703125,0.1827392578125,0.1424560546875,0.06951904296875,0.049957275390625
1437,FluencyBank_219_90,0.1666259765625,0.1640625,0.03515625,0.0269622802734375,0.1346435546875
1438,FluencyBank_219_91,0.063232421875,0.08404541015625,0.009857177734375,0.048126220703125,0.63037109375
1439,FluencyBank_219_92,0.054412841796875,0.2032470703125,0.08978271484375,0.0384521484375,0.0271759033203125
1440,FluencyBank_219_93,0.1236572265625,0.351318359375,0.6513671875,0.53857421875,0.2181396484375
1441,FluencyBank_219_94,0.050048828125,0.2183837890625,0.05242919921875,0.10467529296875,0.038116455078125
1442,FluencyBank_219_95,0.08251953125,0.28662109375,0.11578369140625,0.10821533203125,0.1014404296875
1443,FluencyBank_219_96,0.27197265625,0.1475830078125,0.0229339599609375,0.0889892578125,0.49755859375
1444,FluencyBank_219_97,0.034820556640625,0.1951904296875,0.038238525390625,0.044525146484375,0.04046630859375
1445,FluencyBank_219_98,0.04327392578125,0.2247314453125,0.07861328125,0.0838623046875,0.06939697265625
1446,FluencyBank_219_99,0.0192413330078125,0.15966796875,0.042083740234375,0.06268310546875,0.0321044921875
1447,FluencyBank_219_100,0.1529541015625,0.229736328125,0.0843505859375,0.164306640625,0.58154296875
1448,FluencyBank_219_101,0.10614013671875,0.37109375,0.34228515625,0.1312255859375,0.0775146484375
1449,FluencyBank_219_102,0.21044921875,0.150390625,0.0970458984375,0.12335205078125,0.05023193359375
1450,FluencyBank_219_103,0.091552734375,0.2335205078125,0.06304931640625,0.0938720703125,0.042083740234375
1451,FluencyBank_219_104,0.03179931640625,0.132568359375,0.042236328125,0.037322998046875,0.028594970703125
1452,FluencyBank_219_105,0.410400390625,0.2998046875,0.310302734375,0.07806396484375,0.08660888671875
1453,FluencyBank_219_106,0.049591064453125,0.147705078125,0.00971221923828125,0.033782958984375,0.0738525390625
1454,FluencyBank_219_107,0.1165771484375,0.203125,0.020965576171875,0.07489013671875,0.10321044921875
1455,FluencyBank_219_108,0.05572509765625,0.2822265625,0.109130859375,0.05572509765625,0.04083251953125
1456,FluencyBank_219_109,0.2191162109375,0.311279296875,0.2890625,0.11614990234375,0.058441162109375
1457,FluencyBank_219_110,0.018829345703125,0.1297607421875,0.034759521484375,0.0225067138671875,0.01763916015625
1458,FluencyBank_219_111,0.1177978515625,0.1524658203125,0.03240966796875,0.042877197265625,0.039947509765625
1459,FluencyBank_219_112,0.07122802734375,0.1893310546875,0.058349609375,0.07305908203125,0.7802734375
1460,FluencyBank_219_113,0.10650634765625,0.227783203125,0.287109375,0.492431640625,0.41845703125
1461,FluencyBank_219_114,0.07183837890625,0.254150390625,0.1458740234375,0.07794189453125,0.07879638671875
1462,FluencyBank_219_115,0.438720703125,0.32568359375,0.296142578125,0.126953125,0.058349609375
1463,FluencyBank_219_116,0.09722900390625,0.11083984375,0.01229095458984375,0.002590179443359375,0.0213623046875
1464,FluencyBank_219_118,0.06927490234375,0.254150390625,0.08880615234375,0.235595703125,0.76318359375
1465,FluencyBank_219_119,0.02044677734375,0.189208984375,0.08587646484375,0.0982666015625,0.07452392578125
1466,FluencyBank_219_120,0.07342529296875,0.287109375,0.09466552734375,0.10430908203125,0.2548828125
1467,FluencyBank_219_121,0.54541015625,0.330078125,0.362060546875,0.060302734375,0.08416748046875
1468,FluencyBank_219_122,0.035400390625,0.2076416015625,0.05126953125,0.0948486328125,0.05059814453125
1469,FluencyBank_219_123,0.07794189453125,0.310791015625,0.318359375,0.347412109375,0.328369140625
1470,FluencyBank_219_124,0.151123046875,0.2393798828125,0.076416015625,0.0784912109375,0.04296875
1471,FluencyBank_219_125,0.0863037109375,0.195556640625,0.03216552734375,0.06597900390625,0.1766357421875
1472,FluencyBank_230_0,0.06939697265625,0.182373046875,0.0261077880859375,0.056549072265625,0.2347412109375
1473,FluencyBank_230_1,0.02423095703125,0.1688232421875,0.10015869140625,0.1392822265625,0.04620361328125
1474,FluencyBank_230_2,0.11798095703125,0.194580078125,0.1131591796875,0.03314208984375,0.052703857421875
1475,FluencyBank_230_3,0.06744384765625,0.2298583984375,0.15625,0.30322265625,0.25537109375
1476,FluencyBank_230_4,0.12188720703125,0.138427734375,0.01525115966796875,0.06768798828125,0.58935546875
1477,FluencyBank_230_5,0.06304931640625,0.072509765625,0.00806427001953125,0.033599853515625,0.04107666015625
1478,FluencyBank_230_6,0.0869140625,0.220703125,0.036712646484375,0.008575439453125,0.057281494140625
1479,FluencyBank_230_7,0.1444091796875,0.1177978515625,0.0169219970703125,0.0271759033203125,0.83642578125
1480,FluencyBank_230_8,0.495849609375,0.12646484375,0.048675537109375,0.01056671142578125,0.05242919921875
1481,FluencyBank_230_9,0.42822265625,0.2095947265625,0.3779296875,0.0310211181640625,0.040374755859375
1482,FluencyBank_230_10,0.0390625,0.1087646484375,0.0306243896484375,0.03662109375,0.0160980224609375
1483,FluencyBank_230_11,0.0273284912109375,0.07977294921875,0.018768310546875,0.0235137939453125,0.051177978515625
1484,FluencyBank_230_12,0.0616455078125,0.20947265625,0.04327392578125,0.01282501220703125,0.021209716796875
1485,FluencyBank_230_13,0.1282958984375,0.1048583984375,0.043365478515625,0.0177154541015625,0.3427734375
1486,FluencyBank_230_14,0.1546630859375,0.1820068359375,0.0292510986328125,0.00981903076171875,0.0306243896484375
1487,FluencyBank_230_15,0.12420654296875,0.06671142578125,0.029541015625,0.00763702392578125,0.68115234375
1488,FluencyBank_230_16,0.1580810546875,0.218505859375,0.033843994140625,0.011871337890625,0.018402099609375
1489,FluencyBank_230_17,0.06085205078125,0.1627197265625,0.02423095703125,0.0205230712890625,0.033477783203125
1490,FluencyBank_230_18,0.109130859375,0.1356201171875,0.034423828125,0.0094146728515625,0.023773193359375
1491,FluencyBank_230_19,0.021820068359375,0.11102294921875,0.014556884765625,0.03125,0.0284423828125
1492,FluencyBank_230_20,0.042083740234375,0.178466796875,0.07122802734375,0.03448486328125,0.0259552001953125
1493,FluencyBank_230_21,0.0631103515625,0.266357421875,0.2490234375,0.1094970703125,0.2264404296875
1494,FluencyBank_230_22,0.1195068359375,0.142822265625,0.043365478515625,0.0118255615234375,0.351318359375
1495,FluencyBank_230_23,0.06915283203125,0.2083740234375,0.464111328125,0.039642333984375,0.053314208984375
1496,FluencyBank_230_24,0.033905029296875,0.09771728515625,0.0251312255859375,0.00981903076171875,0.0189056396484375
1497,FluencyBank_230_27,0.035614013671875,0.312255859375,0.1375732421875,0.09417724609375,0.0287628173828125
1498,FluencyBank_230_28,0.042327880859375,0.1829833984375,0.03173828125,0.02288818359375,0.0416259765625
1499,FluencyBank_230_29,0.17431640625,0.1533203125,0.054595947265625,0.0460205078125,0.9189453125
1500,FluencyBank_230_30,0.24072265625,0.3330078125,0.040985107421875,0.06475830078125,0.05450439453125
1501,FluencyBank_230_31,0.053985595703125,0.2239990234375,0.057708740234375,0.06744384765625,0.07330322265625
1502,FluencyBank_230_32,0.0293731689453125,0.308349609375,0.2039794921875,0.093017578125,0.056640625
1503,FluencyBank_230_33,0.12188720703125,0.1280517578125,0.017913818359375,0.00945281982421875,0.0255126953125
1504,FluencyBank_230_34,0.09857177734375,0.15625,0.0301513671875,0.048492431640625,0.0810546875
1505,FluencyBank_230_35,0.2354736328125,0.39501953125,0.20166015625,0.05877685546875,0.03521728515625
1506,FluencyBank_230_36,0.04248046875,0.19091796875,0.02056884765625,0.058563232421875,0.3505859375
1507,FluencyBank_230_37,0.58349609375,0.310546875,0.1485595703125,0.038543701171875,0.055419921875
1508,FluencyBank_230_38,0.038970947265625,0.08709716796875,0.0225830078125,0.047882080078125,0.05560302734375
1509,FluencyBank_230_39,0.0567626953125,0.254638671875,0.10821533203125,0.0301055908203125,0.0266571044921875
1510,FluencyBank_230_40,0.030792236328125,0.171630859375,0.03704833984375,0.10015869140625,0.0631103515625
1511,FluencyBank_230_41,0.02447509765625,0.110107421875,0.0142822265625,0.028594970703125,0.27978515625
1512,FluencyBank_230_42,0.04803466796875,0.20166015625,0.06982421875,0.06805419921875,0.0299835205078125
1513,FluencyBank_230_43,0.04595947265625,0.1624755859375,0.06243896484375,0.0182647705078125,0.0211181640625
1514,FluencyBank_230_44,0.08477783203125,0.17626953125,0.033203125,0.12115478515625,0.84423828125
1515,FluencyBank_230_45,0.0836181640625,0.2186279296875,0.0230712890625,0.024932861328125,0.03802490234375
1516,FluencyBank_230_46,0.2099609375,0.1719970703125,0.03955078125,0.0548095703125,0.94482421875
1517,FluencyBank_230_47,0.3125,0.11474609375,0.046295166015625,0.0843505859375,0.66259765625
1518,FluencyBank_230_48,0.053192138671875,0.10357666015625,0.0261077880859375,0.050994873046875,0.1429443359375
1519,FluencyBank_230_49,0.10894775390625,0.182373046875,0.0546875,0.07574462890625,0.058441162109375
1520,FluencyBank_230_50,0.026611328125,0.1533203125,0.0225067138671875,0.03582763671875,0.035400390625
1521,FluencyBank_230_51,0.08404541015625,0.1474609375,0.020599365234375,0.0184783935546875,0.0167236328125
1522,FluencyBank_230_52,0.04010009765625,0.35302734375,0.12445068359375,0.1248779296875,0.18701171875
1523,FluencyBank_230_53,0.159423828125,0.12890625,0.024749755859375,0.0094146728515625,0.050048828125
1524,FluencyBank_230_54,0.23974609375,0.15283203125,0.2430419921875,0.02288818359375,0.036712646484375
1525,FluencyBank_230_55,0.041534423828125,0.22607421875,0.08868408203125,0.01525115966796875,0.020599365234375
1526,FluencyBank_230_56,0.103759765625,0.30419921875,0.12188720703125,0.2099609375,0.11102294921875
1527,FluencyBank_230_57,0.0701904296875,0.279296875,0.048126220703125,0.0170440673828125,0.030731201171875
1528,FluencyBank_230_58,0.33984375,0.13232421875,0.04620361328125,0.016021728515625,0.62451171875
1529,FluencyBank_230_59,0.385498046875,0.179931640625,0.0792236328125,0.01422882080078125,0.027740478515625
1530,FluencyBank_230_60,0.256103515625,0.2890625,0.092041015625,0.040985107421875,0.02880859375
1531,FluencyBank_230_61,0.025421142578125,0.1209716796875,0.0469970703125,0.08929443359375,0.0328369140625
1532,FluencyBank_230_62,0.097900390625,0.2127685546875,0.0300445556640625,0.0223236083984375,0.037811279296875
1533,FluencyBank_230_63,0.167724609375,0.185302734375,0.0287017822265625,0.01406097412109375,0.06585693359375
1534,FluencyBank_230_64,0.0325927734375,0.215576171875,0.125732421875,0.05059814453125,0.023956298828125
1535,FluencyBank_230_65,0.12646484375,0.1915283203125,0.09637451171875,0.012237548828125,0.054107666015625
1536,FluencyBank_230_66,0.1439208984375,0.41748046875,0.38720703125,0.0816650390625,0.0352783203125
1537,FluencyBank_230_67,0.417724609375,0.2047119140625,0.06732177734375,0.0190887451171875,0.06500244140625
1538,FluencyBank_230_68,0.09967041015625,0.1669921875,0.12274169921875,0.00626373291015625,0.04052734375
1539,FluencyBank_230_69,0.124755859375,0.2130126953125,0.05499267578125,0.09979248046875,0.9296875
1540,FluencyBank_230_70,0.134765625,0.160888671875,0.0496826171875,0.03515625,0.904296875
1541,FluencyBank_230_71,0.0496826171875,0.302490234375,0.144775390625,0.07275390625,0.06512451171875
1542,FluencyBank_230_72,0.06268310546875,0.32177734375,0.25732421875,0.11456298828125,0.1209716796875
1543,FluencyBank_230_73,0.0297088623046875,0.167724609375,0.062103271484375,0.1866455078125,0.1357421875
1544,FluencyBank_230_74,0.0263519287109375,0.10302734375,0.03167724609375,0.10247802734375,0.10125732421875
1545,FluencyBank_230_75,0.1923828125,0.1607666015625,0.021575927734375,0.0200653076171875,0.1341552734375
1546,FluencyBank_230_76,0.344482421875,0.341064453125,0.263916015625,0.055816650390625,0.037322998046875
1547,FluencyBank_230_77,0.06561279296875,0.1673583984375,0.046905517578125,0.0236968994140625,0.07989501953125
1548,FluencyBank_230_78,0.093017578125,0.2232666015625,0.11419677734375,0.20654296875,0.1195068359375
1549,FluencyBank_230_79,0.10284423828125,0.2410888671875,0.06268310546875,0.00963592529296875,0.01934814453125
1550,FluencyBank_230_80,0.06256103515625,0.1424560546875,0.05975341796875,0.030731201171875,0.05450439453125
1551,FluencyBank_230_81,0.07147216796875,0.13818359375,0.085693359375,0.060638427734375,0.03607177734375
1552,FluencyBank_230_82,0.0701904296875,0.4052734375,0.349853515625,0.1961669921875,0.16162109375
1553,FluencyBank_230_83,0.10430908203125,0.1864013671875,0.0469970703125,0.090087890625,0.91064453125
1554,FluencyBank_230_84,0.05450439453125,0.1949462890625,0.054595947265625,0.09088134765625,0.0816650390625
1555,FluencyBank_230_85,0.11083984375,0.1494140625,0.0274810791015625,0.0224609375,0.1314697265625
1556,FluencyBank_230_86,0.1326904296875,0.178466796875,0.0863037109375,0.0219879150390625,0.05242919921875
1557,FluencyBank_230_87,0.06256103515625,0.1044921875,0.03265380859375,0.026153564453125,0.302001953125
1558,FluencyBank_230_88,0.2020263671875,0.12347412109375,0.06756591796875,0.2117919921875,0.13134765625
1559,FluencyBank_230_89,0.456787109375,0.06622314453125,0.0243377685546875,0.007785797119140625,0.07708740234375
1560,FluencyBank_230_90,0.07183837890625,0.1666259765625,0.07989501953125,0.01450347900390625,0.0279541015625
1561,FluencyBank_230_91,0.0948486328125,0.133056640625,0.0323486328125,0.0174407958984375,0.0289764404296875
1562,FluencyBank_230_92,0.333740234375,0.1900634765625,0.18603515625,0.0144500732421875,0.03302001953125
1563,FluencyBank_230_93,0.188232421875,0.291259765625,0.07965087890625,0.0218658447265625,0.020965576171875
1564,FluencyBank_230_94,0.153076171875,0.097900390625,0.0292510986328125,0.014007568359375,0.07763671875
1565,FluencyBank_230_95,0.140869140625,0.154052734375,0.05072021484375,0.0092315673828125,0.0191192626953125
1566,FluencyBank_230_96,0.1114501953125,0.205810546875,0.091064453125,0.04083251953125,0.06982421875
1567,FluencyBank_230_97,0.0701904296875,0.189697265625,0.09271240234375,0.037689208984375,0.03533935546875
1568,FluencyBank_230_98,0.08868408203125,0.095703125,0.0099334716796875,0.06719970703125,0.91943359375
1569,FluencyBank_230_99,0.145263671875,0.127197265625,0.040679931640625,0.051849365234375,0.93359375
1570,FluencyBank_230_100,0.060211181640625,0.2122802734375,0.1983642578125,0.0290374755859375,0.040252685546875
1571,FluencyBank_230_101,0.1673583984375,0.14501953125,0.030914306640625,0.040313720703125,0.94580078125
1572,FluencyBank_230_102,0.1475830078125,0.12286376953125,0.03167724609375,0.01422882080078125,0.4111328125
1573,FluencyBank_230_103,0.0215301513671875,0.2314453125,0.1285400390625,0.09222412109375,0.040771484375
1574,FluencyBank_230_104,0.044769287109375,0.344970703125,0.322265625,0.236572265625,0.094482421875
1575,FluencyBank_230_105,0.060638427734375,0.27294921875,0.247802734375,0.505859375,0.1787109375
1576,FluencyBank_230_106,0.396484375,0.1353759765625,0.10125732421875,0.007785797119140625,0.021575927734375
1577,FluencyBank_230_107,0.136474609375,0.176513671875,0.037750244140625,0.00395965576171875,0.01450347900390625
1578,FluencyBank_230_108,0.0816650390625,0.267333984375,0.04486083984375,0.03424072265625,0.053192138671875
1579,FluencyBank_230_109,0.1143798828125,0.315185546875,0.090087890625,0.02069091796875,0.0194244384765625
1580,FluencyBank_230_110,0.015899658203125,0.1201171875,0.0809326171875,0.280517578125,0.2427978515625
1581,FluencyBank_230_111,0.03643798828125,0.30810546875,0.217529296875,0.07330322265625,0.08477783203125
1582,FluencyBank_230_112,0.325927734375,0.35986328125,0.1683349609375,0.03790283203125,0.03948974609375
1583,FluencyBank_230_113,0.1473388671875,0.1865234375,0.1181640625,0.08209228515625,0.88037109375
1584,FluencyBank_230_114,0.034820556640625,0.25,0.185302734375,0.31884765625,0.09912109375
1585,FluencyBank_230_115,0.11676025390625,0.11376953125,0.01678466796875,0.01177978515625,0.03533935546875
1586,FluencyBank_230_116,0.1549072265625,0.226318359375,0.20703125,0.0311431884765625,0.346435546875
1587,FluencyBank_230_117,0.127685546875,0.184814453125,0.0802001953125,0.037109375,0.1070556640625
1588,FluencyBank_230_118,0.44189453125,0.2314453125,0.11798095703125,0.02484130859375,0.08343505859375
1589,FluencyBank_230_119,0.2138671875,0.10357666015625,0.028106689453125,0.01142120361328125,0.7802734375
1590,FluencyBank_230_120,0.1763916015625,0.15966796875,0.047149658203125,0.01129150390625,0.2880859375
1591,FluencyBank_230_121,0.056243896484375,0.2197265625,0.081787109375,0.10723876953125,0.3369140625
1592,FluencyBank_230_122,0.11163330078125,0.1778564453125,0.0809326171875,0.01983642578125,0.021484375
1593,FluencyBank_230_123,0.04443359375,0.08868408203125,0.005428314208984375,0.00989532470703125,0.0316162109375
1594,FluencyBank_230_124,0.06707763671875,0.270263671875,0.116943359375,0.1531982421875,0.2398681640625
1595,FluencyBank_230_125,0.035491943359375,0.2059326171875,0.06890869140625,0.026702880859375,0.024932861328125
1596,FluencyBank_230_126,0.1319580078125,0.3154296875,0.1671142578125,0.284912109375,0.70458984375
1597,FluencyBank_230_127,0.040985107421875,0.305908203125,0.16455078125,0.029083251953125,0.0386962890625
1598,FluencyBank_230_128,0.050994873046875,0.262939453125,0.103759765625,0.020965576171875,0.028106689453125
1599,FluencyBank_230_129,0.106689453125,0.2447509765625,0.0792236328125,0.1624755859375,0.056976318359375
1600,FluencyBank_230_130,0.46875,0.1810302734375,0.23583984375,0.00955963134765625,0.08660888671875
1601,FluencyBank_230_131,0.2330322265625,0.0823974609375,0.07501220703125,0.012237548828125,0.181640625
1602,FluencyBank_230_132,0.08331298828125,0.1231689453125,0.058563232421875,0.0120086669921875,0.0330810546875
1603,FluencyBank_230_133,0.04443359375,0.18798828125,0.1378173828125,0.0517578125,0.0482177734375
1604,FluencyBank_230_134,0.1456298828125,0.3173828125,0.0880126953125,0.054107666015625,0.048583984375
1605,FluencyBank_230_135,0.61376953125,0.237548828125,0.080810546875,0.035614013671875,0.04046630859375
1606,FluencyBank_230_136,0.1640625,0.2325439453125,0.2401123046875,0.040008544921875,0.06463623046875
1607,FluencyBank_230_137,0.234619140625,0.15673828125,0.059967041015625,0.017852783203125,0.1007080078125
1608,FluencyBank_230_138,0.154541015625,0.060302734375,0.00582122802734375,0.01049041748046875,0.06451416015625
1609,FluencyBank_230_139,0.08331298828125,0.200439453125,0.0293731689453125,0.05633544921875,0.2337646484375
1610,FluencyBank_230_140,0.11260986328125,0.1650390625,0.019500732421875,0.06451416015625,0.6181640625
1611,FluencyBank_230_141,0.051666259765625,0.18310546875,0.03131103515625,0.034820556640625,0.022979736328125
1612,FluencyBank_230_142,0.055206298828125,0.33740234375,0.357421875,0.466552734375,0.2197265625
1613,FluencyBank_230_143,0.2347412109375,0.2034912109375,0.029815673828125,0.015899658203125,0.052520751953125
1614,FluencyBank_230_144,0.046905517578125,0.2047119140625,0.2421875,0.533203125,0.259033203125
1615,FluencyBank_230_145,0.4443359375,0.2413330078125,0.1756591796875,0.037109375,0.0272216796875
1616,FluencyBank_230_146,0.2083740234375,0.1556396484375,0.0816650390625,0.04534912109375,0.1744384765625
1617,FluencyBank_230_147,0.1834716796875,0.1484375,0.01214599609375,0.002590179443359375,0.032958984375
1618,FluencyBank_230_148,0.279296875,0.2105712890625,0.08154296875,0.016845703125,0.0615234375
1619,FluencyBank_230_149,0.04840087890625,0.1470947265625,0.08709716796875,0.387451171875,0.2476806640625
1620,FluencyBank_230_150,0.056549072265625,0.1329345703125,0.08819580078125,0.09088134765625,0.0416259765625
1621,FluencyBank_230_151,0.251953125,0.2305908203125,0.135009765625,0.0391845703125,0.2420654296875
1622,FluencyBank_230_152,0.06805419921875,0.309326171875,0.312255859375,0.0312042236328125,0.018402099609375
1623,FluencyBank_230_153,0.11181640625,0.1365966796875,0.05780029296875,0.0121002197265625,0.07684326171875
1624,FluencyBank_230_154,0.467041015625,0.193359375,0.1571044921875,0.07879638671875,0.48974609375
1625,FluencyBank_230_155,0.048492431640625,0.06744384765625,0.0191650390625,0.02838134765625,0.049041748046875
1626,FluencyBank_230_156,0.06085205078125,0.36474609375,0.337646484375,0.048858642578125,0.0751953125
1627,FluencyBank_230_157,0.1988525390625,0.2198486328125,0.044281005859375,0.016845703125,0.14990234375
1628,FluencyBank_230_158,0.22509765625,0.2432861328125,0.1224365234375,0.01512908935546875,0.0316162109375
1629,FluencyBank_230_159,0.052032470703125,0.272216796875,0.260986328125,0.1224365234375,0.04949951171875
1630,FluencyBank_230_160,0.109130859375,0.2861328125,0.0843505859375,0.017303466796875,0.0205230712890625
1631,FluencyBank_230_161,0.029541015625,0.242431640625,0.48876953125,0.2900390625,0.09136962890625
1632,FluencyBank_230_162,0.475341796875,0.218017578125,0.2197265625,0.05194091796875,0.06561279296875
1633,FluencyBank_230_163,0.2005615234375,0.15087890625,0.045684814453125,0.029876708984375,0.89306640625
1634,FluencyBank_230_164,0.0782470703125,0.11065673828125,0.0726318359375,0.007518768310546875,0.07598876953125
1635,FluencyBank_230_165,0.26318359375,0.16064453125,0.1634521484375,0.01763916015625,0.2900390625
1636,FluencyBank_230_166,0.07159423828125,0.197021484375,0.0560302734375,0.012481689453125,0.0245208740234375
1637,FluencyBank_230_167,0.05108642578125,0.16064453125,0.13037109375,0.126220703125,0.05889892578125
1638,FluencyBank_230_168,0.1417236328125,0.242919921875,0.1280517578125,0.015777587890625,0.038970947265625
1639,FluencyBank_230_169,0.09136962890625,0.2421875,0.0509033203125,0.0386962890625,0.06243896484375
1640,FluencyBank_230_170,0.052703857421875,0.26416015625,0.020599365234375,0.025177001953125,0.0303802490234375
1641,FluencyBank_230_171,0.24169921875,0.1851806640625,0.0341796875,0.0303802490234375,0.048309326171875
1642,FluencyBank_230_172,0.04510498046875,0.1390380859375,0.0966796875,0.50341796875,0.54443359375
1643,FluencyBank_230_173,0.0253753662109375,0.1014404296875,0.0222015380859375,0.02447509765625,0.018157958984375
1644,FluencyBank_230_174,0.061981201171875,0.1788330078125,0.034027099609375,0.2158203125,0.3935546875
1645,FluencyBank_230_175,0.1239013671875,0.12548828125,0.0306243896484375,0.008514404296875,0.01312255859375
1646,FluencyBank_230_176,0.08062744140625,0.150390625,0.0321044921875,0.040008544921875,0.0224151611328125
1647,FluencyBank_230_177,0.058135986328125,0.1385498046875,0.03448486328125,0.04248046875,0.267822265625
1648,FluencyBank_985_0,0.0948486328125,0.2147216796875,0.155517578125,0.007038116455078125,0.019989013671875
1649,FluencyBank_985_1,0.135498046875,0.18701171875,0.03460693359375,0.1622314453125,0.177490234375
1650,FluencyBank_985_2,0.171875,0.323486328125,0.182373046875,0.1600341796875,0.110107421875
1651,FluencyBank_985_3,0.186279296875,0.06939697265625,0.00803375244140625,0.01512908935546875,0.325927734375
1652,FluencyBank_985_4,0.07464599609375,0.21630859375,0.2548828125,0.4306640625,0.1488037109375
1653,FluencyBank_985_5,0.0141143798828125,0.1630859375,0.171142578125,0.04083251953125,0.056854248046875
1654,FluencyBank_985_6,0.051666259765625,0.29052734375,0.324462890625,0.234375,0.049224853515625
1655,FluencyBank_985_7,0.0703125,0.1463623046875,0.0953369140625,0.142333984375,0.036895751953125
1656,FluencyBank_985_8,0.372314453125,0.218505859375,0.1656494140625,0.040374755859375,0.03912353515625
1657,FluencyBank_985_9,0.033477783203125,0.1658935546875,0.095703125,0.08416748046875,0.131591796875
1658,FluencyBank_985_10,0.0413818359375,0.12042236328125,0.063232421875,0.0099334716796875,0.0287628173828125
1659,FluencyBank_985_11,0.05072021484375,0.08758544921875,0.009521484375,0.0029582977294921875,0.015838623046875
1660,FluencyBank_985_12,0.237060546875,0.1883544921875,0.07366943359375,0.090087890625,0.055206298828125
1661,FluencyBank_985_13,0.81787109375,0.13330078125,0.09979248046875,0.037811279296875,0.06658935546875
1662,FluencyBank_985_14,0.03875732421875,0.1739501953125,0.015838623046875,0.00800323486328125,0.0269622802734375
1663,FluencyBank_985_15,0.024932861328125,0.28857421875,0.1795654296875,0.1551513671875,0.097900390625
1664,FluencyBank_985_16,0.0616455078125,0.33544921875,0.437744140625,0.46484375,0.184814453125
1665,FluencyBank_985_17,0.0285491943359375,0.134765625,0.0191650390625,0.035003662109375,0.07080078125
1666,FluencyBank_985_18,0.23974609375,0.134521484375,0.0301055908203125,0.051666259765625,0.050506591796875
1667,FluencyBank_985_19,0.123779296875,0.0740966796875,0.18310546875,0.0194549560546875,0.08447265625
1668,FluencyBank_985_20,0.102294921875,0.105224609375,0.1187744140625,0.10821533203125,0.40625
1669,FluencyBank_985_21,0.11614990234375,0.10687255859375,0.026458740234375,0.06634521484375,0.0872802734375
1670,FluencyBank_985_22,0.15966796875,0.07080078125,0.1810302734375,0.015960693359375,0.09600830078125
1671,FluencyBank_985_23,0.10284423828125,0.071044921875,0.2298583984375,0.019683837890625,0.06781005859375
1672,FluencyBank_985_24,0.560546875,0.06781005859375,0.04052734375,0.021331787109375,0.429931640625
1673,FluencyBank_985_25,0.03582763671875,0.21728515625,0.23193359375,0.0238189697265625,0.03033447265625
1674,FluencyBank_985_26,0.2890625,0.278076171875,0.14794921875,0.1475830078125,0.0631103515625
1675,FluencyBank_985_27,0.1602783203125,0.1773681640625,0.035736083984375,0.02752685546875,0.0201416015625
1676,FluencyBank_985_28,0.226318359375,0.13916015625,0.0177764892578125,0.01282501220703125,0.03662109375
1677,FluencyBank_985_29,0.040252685546875,0.2305908203125,0.1822509765625,0.23095703125,0.1134033203125
1678,FluencyBank_985_30,0.080810546875,0.11553955078125,0.01953125,0.04876708984375,0.40625
1679,FluencyBank_985_31,0.026458740234375,0.1583251953125,0.1044921875,0.197021484375,0.4306640625
1680,FluencyBank_985_32,0.27197265625,0.1044921875,0.014556884765625,0.0238189697265625,0.03125
1681,FluencyBank_985_33,0.2156982421875,0.2330322265625,0.0615234375,0.0994873046875,0.1224365234375
1682,FluencyBank_985_34,0.294921875,0.25634765625,0.31591796875,0.1983642578125,0.1048583984375
1683,FluencyBank_985_35,0.2939453125,0.25146484375,0.31298828125,0.071044921875,0.044281005859375
1684,FluencyBank_985_36,0.1239013671875,0.1444091796875,0.01306915283203125,0.0231475830078125,0.041778564453125
1685,FluencyBank_985_37,0.11126708984375,0.2425537109375,0.154296875,0.39453125,0.37353515625
1686,FluencyBank_985_38,0.08404541015625,0.2978515625,0.63671875,0.056243896484375,0.0726318359375
1687,FluencyBank_985_39,0.05780029296875,0.1536865234375,0.04010009765625,0.153564453125,0.072265625
1688,FluencyBank_985_40,0.061187744140625,0.159912109375,0.12286376953125,0.2298583984375,0.27392578125
1689,FluencyBank_985_41,0.0701904296875,0.22802734375,0.0830078125,0.1181640625,0.054412841796875
1690,FluencyBank_985_42,0.054107666015625,0.1488037109375,0.04052734375,0.08447265625,0.1163330078125
1691,FluencyBank_985_43,0.154052734375,0.08526611328125,0.035675048828125,0.0125274658203125,0.043701171875
1692,FluencyBank_985_44,0.06597900390625,0.1905517578125,0.11932373046875,0.25439453125,0.11920166015625
1693,FluencyBank_985_45,0.0740966796875,0.1810302734375,0.1314697265625,0.038818359375,0.24365234375
1694,FluencyBank_985_46,0.386962890625,0.1640625,0.1312255859375,0.1248779296875,0.62744140625
1695,FluencyBank_985_47,0.037811279296875,0.29345703125,0.30224609375,0.1951904296875,0.11981201171875
1696,FluencyBank_985_48,0.40283203125,0.187744140625,0.07330322265625,0.0401611328125,0.0268096923828125
1697,FluencyBank_985_49,0.0546875,0.206787109375,0.124755859375,0.0869140625,0.45849609375
1698,FluencyBank_985_50,0.08270263671875,0.06536865234375,0.03179931640625,0.1121826171875,0.055511474609375
1699,FluencyBank_985_51,0.37939453125,0.1912841796875,0.1439208984375,0.3017578125,0.09417724609375
1700,FluencyBank_985_52,0.314208984375,0.1658935546875,0.078369140625,0.058349609375,0.044281005859375
1701,FluencyBank_985_53,0.348876953125,0.1517333984375,0.026702880859375,0.0163421630859375,0.0196380615234375
1702,FluencyBank_985_54,0.151123046875,0.1412353515625,0.07965087890625,0.10107421875,0.081787109375
1703,FluencyBank_985_55,0.04840087890625,0.0867919921875,0.015899658203125,0.039276123046875,0.0251312255859375
1704,FluencyBank_985_56,0.1007080078125,0.120849609375,0.06695556640625,0.08929443359375,0.0246124267578125
1705,FluencyBank_985_57,0.110107421875,0.1527099609375,0.046539306640625,0.03204345703125,0.0792236328125
1706,FluencyBank_985_58,0.092041015625,0.191650390625,0.0199127197265625,0.035888671875,0.18408203125
1707,FluencyBank_985_59,0.1771240234375,0.14208984375,0.0215301513671875,0.043121337890625,0.179443359375
1708,FluencyBank_985_60,0.091064453125,0.2469482421875,0.5361328125,0.0496826171875,0.1258544921875
1709,FluencyBank_985_61,0.36376953125,0.1343994140625,0.02056884765625,0.0231475830078125,0.06549072265625
1710,FluencyBank_985_62,0.4384765625,0.22509765625,0.23779296875,0.036163330078125,0.13232421875
1711,FluencyBank_985_63,0.293701171875,0.1597900390625,0.1282958984375,0.00763702392578125,0.080078125
1712,FluencyBank_985_64,0.124755859375,0.1927490234375,0.4248046875,0.01332855224609375,0.072265625
1713,FluencyBank_985_65,0.1175537109375,0.07720947265625,0.272216796875,0.0212860107421875,0.040008544921875
1714,FluencyBank_985_66,0.06744384765625,0.138427734375,0.030670166015625,0.058441162109375,0.040618896484375
1715,FluencyBank_985_67,0.1248779296875,0.10467529296875,0.050506591796875,0.04986572265625,0.0496826171875
1716,FluencyBank_985_68,0.133056640625,0.234375,0.498291015625,0.0546875,0.134765625
1717,FluencyBank_985_69,0.0295867919921875,0.1998291015625,0.1884765625,0.1134033203125,0.04132080078125
1718,FluencyBank_985_70,0.368408203125,0.180419921875,0.0235137939453125,0.01142120361328125,0.058990478515625
1719,FluencyBank_985_71,0.06097412109375,0.31591796875,0.40283203125,0.480712890625,0.14599609375
1720,FluencyBank_985_72,0.0323486328125,0.1317138671875,0.012054443359375,0.029144287109375,0.027374267578125
1721,FluencyBank_985_73,0.1826171875,0.164794921875,0.09912109375,0.26611328125,0.7275390625
1722,FluencyBank_985_74,0.1163330078125,0.046630859375,0.00878143310546875,0.042083740234375,0.8837890625
1723,FluencyBank_985_75,0.65380859375,0.09515380859375,0.0867919921875,0.0604248046875,0.27099609375
1724,FluencyBank_985_76,0.01934814453125,0.0704345703125,0.0391845703125,0.142578125,0.281982421875
1725,FluencyBank_985_77,0.0526123046875,0.181640625,0.02191162109375,0.0284423828125,0.038238525390625
1726,FluencyBank_985_78,0.07080078125,0.224365234375,0.0567626953125,0.0709228515625,0.18603515625
1727,FluencyBank_985_79,0.07476806640625,0.1551513671875,0.025177001953125,0.044586181640625,0.05511474609375
1728,FluencyBank_985_80,0.06304931640625,0.139892578125,0.0258636474609375,0.044769287109375,0.02886962890625
1729,FluencyBank_985_81,0.24072265625,0.08740234375,0.04248046875,0.046539306640625,0.053192138671875
1730,FluencyBank_985_82,0.046478271484375,0.272216796875,0.08526611328125,0.100341796875,0.1007080078125
1731,FluencyBank_985_83,0.3115234375,0.153076171875,0.0289764404296875,0.044281005859375,0.0775146484375
1732,FluencyBank_985_84,0.2440185546875,0.144287109375,0.09722900390625,0.036895751953125,0.047882080078125
1733,FluencyBank_985_85,0.22607421875,0.1181640625,0.06597900390625,0.0775146484375,0.0885009765625
1734,FluencyBank_985_86,0.10858154296875,0.1513671875,0.0257110595703125,0.0755615234375,0.10723876953125
1735,FluencyBank_985_87,0.296142578125,0.1187744140625,0.015960693359375,0.040985107421875,0.15576171875
1736,FluencyBank_985_88,0.56591796875,0.1044921875,0.0384521484375,0.060089111328125,0.46630859375
1737,FluencyBank_985_89,0.7314453125,0.181640625,0.092529296875,0.09075927734375,0.06707763671875
1738,FluencyBank_985_90,0.2005615234375,0.321533203125,0.376220703125,0.1837158203125,0.06597900390625
1739,FluencyBank_985_91,0.298828125,0.31298828125,0.386474609375,0.1893310546875,0.06951904296875
1740,FluencyBank_985_92,0.12139892578125,0.08831787109375,0.0169219970703125,0.033966064453125,0.0219879150390625
1741,FluencyBank_985_93,0.3525390625,0.1280517578125,0.043365478515625,0.10894775390625,0.494384765625
1742,FluencyBank_985_94,0.103759765625,0.162109375,0.06304931640625,0.033843994140625,0.025909423828125
1743,FluencyBank_985_95,0.1131591796875,0.1375732421875,0.0299224853515625,0.07305908203125,0.0401611328125
1744,FluencyBank_985_96,0.056640625,0.133056640625,0.04010009765625,0.107421875,0.0802001953125
1745,FluencyBank_985_97,0.0582275390625,0.250244140625,0.274658203125,0.4501953125,0.3291015625
1746,FluencyBank_985_98,0.157470703125,0.17236328125,0.08251953125,0.03839111328125,0.59423828125
1747,FluencyBank_985_99,0.62890625,0.089111328125,0.044525146484375,0.06658935546875,0.1646728515625
1748,FluencyBank_985_100,0.04595947265625,0.254150390625,0.1246337890625,0.1456298828125,0.1063232421875
1749,FluencyBank_985_101,0.07598876953125,0.274658203125,0.393310546875,0.2147216796875,0.12493896484375
1750,FluencyBank_985_102,0.0279083251953125,0.2303466796875,0.341064453125,0.1181640625,0.0938720703125
1751,FluencyBank_985_103,0.2496337890625,0.359619140625,0.361328125,0.11376953125,0.047607421875
1752,FluencyBank_985_104,0.449462890625,0.259765625,0.171875,0.037689208984375,0.01898193359375
1753,FluencyBank_985_105,0.14306640625,0.2156982421875,0.2032470703125,0.371826171875,0.11798095703125
1754,FluencyBank_985_106,0.1529541015625,0.1055908203125,0.0139007568359375,0.042816162109375,0.0616455078125
1755,FluencyBank_985_107,0.08331298828125,0.27685546875,0.24658203125,0.52001953125,0.405517578125
1756,FluencyBank_985_108,0.0333251953125,0.25048828125,0.184814453125,0.07720947265625,0.093505859375
1757,FluencyBank_985_109,0.1600341796875,0.22216796875,0.09515380859375,0.3935546875,0.33740234375
1758,FluencyBank_985_110,0.0755615234375,0.05224609375,0.0186920166015625,0.06744384765625,0.09600830078125
1759,FluencyBank_985_111,0.0728759765625,0.2293701171875,0.09124755859375,0.0240936279296875,0.024658203125
1760,FluencyBank_985_112,0.1446533203125,0.08416748046875,0.027740478515625,0.06793212890625,0.06781005859375
1761,FluencyBank_985_113,0.1290283203125,0.10302734375,0.040252685546875,0.032958984375,0.06951904296875
1762,FluencyBank_985_114,0.2012939453125,0.122314453125,0.0261993408203125,0.0260009765625,0.03204345703125
1763,FluencyBank_985_115,0.2330322265625,0.11456298828125,0.015899658203125,0.05718994140625,0.0809326171875
1764,FluencyBank_985_116,0.1719970703125,0.12042236328125,0.07989501953125,0.203857421875,0.043212890625
1765,FluencyBank_985_117,0.0171051025390625,0.198974609375,0.1094970703125,0.1048583984375,0.08154296875
1766,FluencyBank_985_118,0.092529296875,0.1697998046875,0.1153564453125,0.219970703125,0.06439208984375
1767,FluencyBank_985_119,0.396484375,0.300537109375,0.477294921875,0.07421875,0.08526611328125
1768,FluencyBank_985_120,0.0215301513671875,0.293212890625,0.219482421875,0.09722900390625,0.06854248046875
1769,FluencyBank_985_121,0.05645751953125,0.1285400390625,0.043853759765625,0.0560302734375,0.1295166015625
1770,FluencyBank_985_122,0.2374267578125,0.1334228515625,0.086181640625,0.2191162109375,0.06549072265625
1771,FluencyBank_985_123,0.0244293212890625,0.295166015625,0.134033203125,0.03875732421875,0.0269622802734375
1772,FluencyBank_985_124,0.201171875,0.11260986328125,0.0310821533203125,0.07763671875,0.04248046875
1773,FluencyBank_985_125,0.07464599609375,0.142822265625,0.05340576171875,0.2059326171875,0.09234619140625
1774,FluencyBank_985_126,0.433349609375,0.12042236328125,0.05865478515625,0.02484130859375,0.017852783203125
1775,FluencyBank_985_127,0.023284912109375,0.202392578125,0.25146484375,0.472412109375,0.12249755859375
1776,FluencyBank_985_128,0.0218658447265625,0.109130859375,0.042816162109375,0.0938720703125,0.14794921875
1777,FluencyBank_985_129,0.0548095703125,0.2239990234375,0.2293701171875,0.376708984375,0.193115234375
1778,FluencyBank_985_130,0.0258636474609375,0.230712890625,0.158447265625,0.0751953125,0.057708740234375
1779,FluencyBank_985_131,0.457763671875,0.1131591796875,0.04486083984375,0.05645751953125,0.2242431640625
1780,FluencyBank_985_132,0.0843505859375,0.2232666015625,0.0633544921875,0.08868408203125,0.2064208984375
1781,FluencyBank_985_133,0.1632080078125,0.16015625,0.0293731689453125,0.01363372802734375,0.06854248046875
1782,FluencyBank_985_134,0.1634521484375,0.19580078125,0.10931396484375,0.047607421875,0.023468017578125
1783,FluencyBank_985_135,0.034088134765625,0.28564453125,0.259521484375,0.171875,0.11859130859375
1784,FluencyBank_985_136,0.1492919921875,0.25244140625,0.06536865234375,0.042022705078125,0.02880859375
1785,FluencyBank_985_137,0.058990478515625,0.09222412109375,0.038818359375,0.09686279296875,0.042327880859375
1786,FluencyBank_985_138,0.06982421875,0.137451171875,0.039642333984375,0.0938720703125,0.10760498046875
1787,FluencyBank_985_139,0.051666259765625,0.215576171875,0.0966796875,0.0592041015625,0.021331787109375
1788,FluencyBank_985_140,0.5576171875,0.08929443359375,0.0413818359375,0.027587890625,0.05975341796875
1789,FluencyBank_985_141,0.1685791015625,0.0966796875,0.0156707763671875,0.05059814453125,0.0343017578125
1790,FluencyBank_985_142,0.060638427734375,0.1925048828125,0.07135009765625,0.0217437744140625,0.03125
1791,FluencyBank_985_143,0.1187744140625,0.1531982421875,0.046295166015625,0.060760498046875,0.345947265625
1792,FluencyBank_985_144,0.1923828125,0.1693115234375,0.451416015625,0.039703369140625,0.1568603515625
1793,FluencyBank_985_145,0.1365966796875,0.2193603515625,0.4501953125,0.52001953125,0.1685791015625
1794,FluencyBank_985_146,0.04083251953125,0.28271484375,0.06903076171875,0.08465576171875,0.127197265625
1795,FluencyBank_985_147,0.176513671875,0.173095703125,0.090087890625,0.05511474609375,0.0309600830078125
1796,FluencyBank_985_148,0.037200927734375,0.1756591796875,0.185546875,0.41748046875,0.132568359375
1797,FluencyBank_985_149,0.172607421875,0.12054443359375,0.0830078125,0.058990478515625,0.050811767578125
1798,FluencyBank_985_150,0.6162109375,0.129150390625,0.1663818359375,0.057586669921875,0.11859130859375
1799,FluencyBank_985_151,0.0855712890625,0.1763916015625,0.260498046875,0.41357421875,0.1201171875
1800,FluencyBank_985_152,0.0238189697265625,0.1356201171875,0.091064453125,0.08282470703125,0.03607177734375
1801,FluencyBank_985_153,0.028106689453125,0.206298828125,0.2001953125,0.079345703125,0.08880615234375
1802,FluencyBank_985_154,0.1265869140625,0.2705078125,0.11578369140625,0.07763671875,0.03594970703125
1803,FluencyBank_985_155,0.12274169921875,0.415771484375,0.298583984375,0.1441650390625,0.06707763671875
1804,FluencyBank_985_156,0.1949462890625,0.1446533203125,0.0843505859375,0.290283203125,0.11419677734375
1805,FluencyBank_985_157,0.0274810791015625,0.236328125,0.1904296875,0.172119140625,0.1368408203125
1806,FluencyBank_985_158,0.053314208984375,0.1898193359375,0.2039794921875,0.30419921875,0.11737060546875
1807,FluencyBank_985_159,0.2490234375,0.17578125,0.05450439453125,0.08758544921875,0.0816650390625
1808,FluencyBank_985_160,0.09075927734375,0.343017578125,0.56005859375,0.469970703125,0.160400390625
1809,FluencyBank_985_161,0.1805419921875,0.263916015625,0.267333984375,0.030914306640625,0.0200653076171875
1810,FluencyBank_985_162,0.146484375,0.180419921875,0.05792236328125,0.0548095703125,0.0193023681640625
1811,FluencyBank_985_163,0.09185791015625,0.1689453125,0.050506591796875,0.2880859375,0.568359375
1812,FluencyBank_985_164,0.2298583984375,0.10595703125,0.01751708984375,0.09124755859375,0.08770751953125
1813,FluencyBank_985_165,0.10931396484375,0.2335205078125,0.1436767578125,0.2763671875,0.16015625
1814,FluencyBank_985_166,0.030670166015625,0.2340087890625,0.10821533203125,0.0230712890625,0.019866943359375
1815,FluencyBank_985_167,0.06695556640625,0.29296875,0.216552734375,0.093505859375,0.0439453125
1816,FluencyBank_985_168,0.093505859375,0.1844482421875,0.039276123046875,0.0247039794921875,0.0162200927734375
1817,FluencyBank_985_169,0.17626953125,0.12347412109375,0.03173828125,0.04193115234375,0.0247039794921875
1818,FluencyBank_985_170,0.0880126953125,0.178955078125,0.1904296875,0.52392578125,0.1580810546875
1819,FluencyBank_985_171,0.1429443359375,0.11279296875,0.041839599609375,0.10650634765625,0.097412109375
1820,FluencyBank_985_172,0.177490234375,0.1473388671875,0.0384521484375,0.077392578125,0.07781982421875
1821,FluencyBank_985_173,0.1416015625,0.264892578125,0.366943359375,0.256103515625,0.177490234375
1822,FluencyBank_985_174,0.39208984375,0.203857421875,0.1171875,0.09552001953125,0.26123046875
1823,FluencyBank_985_175,0.17919921875,0.0751953125,0.146240234375,0.01107025146484375,0.089599609375
1824,FluencyBank_985_176,0.72216796875,0.115966796875,0.1343994140625,0.044281005859375,0.087890625
1825,FluencyBank_985_177,0.498046875,0.1312255859375,0.07208251953125,0.0455322265625,0.1488037109375
1826,FluencyBank_985_178,0.023956298828125,0.2301025390625,0.224609375,0.0236968994140625,0.03155517578125
1827,FluencyBank_985_179,0.5078125,0.156494140625,0.1904296875,0.07977294921875,0.09912109375
1828,FluencyBank_985_180,0.06109619140625,0.18310546875,0.2301025390625,0.4970703125,0.158935546875
1829,FluencyBank_985_181,0.06805419921875,0.138916015625,0.0279083251953125,0.00878143310546875,0.07305908203125
1830,FluencyBank_985_182,0.120849609375,0.10540771484375,0.1597900390625,0.012725830078125,0.10467529296875
1831,FluencyBank_985_183,0.054595947265625,0.188720703125,0.15283203125,0.19580078125,0.12115478515625
1832,FluencyBank_985_184,0.058135986328125,0.26806640625,0.310546875,0.0203704833984375,0.0278472900390625
1833,FluencyBank_985_185,0.0316162109375,0.2447509765625,0.355712890625,0.0220794677734375,0.027008056640625
1834,FluencyBank_985_186,0.06231689453125,0.1502685546875,0.05450439453125,0.227294921875,0.49658203125
1835,FluencyBank_985_187,0.206298828125,0.11279296875,0.048858642578125,0.080810546875,0.05987548828125
1836,FluencyBank_985_188,0.07598876953125,0.29345703125,0.12286376953125,0.10858154296875,0.09368896484375
1837,FluencyBank_985_189,0.5078125,0.15283203125,0.1260986328125,0.166259765625,0.11676025390625
1838,FluencyBank_985_190,0.295654296875,0.12359619140625,0.152587890625,0.223388671875,0.090087890625
1839,FluencyBank_985_191,0.04803466796875,0.1624755859375,0.0305633544921875,0.024383544921875,0.0235137939453125
1840,FluencyBank_985_192,0.309814453125,0.15673828125,0.05224609375,0.1837158203125,0.2254638671875
1841,FluencyBank_985_193,0.07354736328125,0.236328125,0.420166015625,0.18701171875,0.08880615234375
1842,FluencyBank_985_194,0.08477783203125,0.1346435546875,0.058563232421875,0.04400634765625,0.045867919921875
1843,FluencyBank_985_195,0.06951904296875,0.17919921875,0.15869140625,0.180419921875,0.66064453125
