,Clip,Prolongation,Block,SoundRep,WordRep,Interjection
0,StrongVoices_3_17,0.083740234375,0.0616455078125,0.045196533203125,0.0302734375,0.059661865234375
1,StrongVoices_6_179,0.128662109375,0.20166015625,0.031982421875,0.03289794921875,0.05145263671875
2,StutterTalk_72_147,0.08990478515625,0.35546875,0.092041015625,0.092041015625,0.187744140625
3,WomenWhoStutter_62_102,0.33984375,0.1077880859375,0.0240478515625,0.08154296875,0.381103515625
4,StrongVoices_1_12,0.1153564453125,0.192138671875,0.0838623046875,0.03143310546875,0.039642333984375
5,StutterTalk_72_145,0.12261962890625,0.32373046875,0.06951904296875,0.0285491943359375,0.0325927734375
6,HVSA_2_108,0.05572509765625,0.374755859375,0.6328125,0.360107421875,0.14013671875
7,HVSA_2_66,0.06561279296875,0.28369140625,0.11737060546875,0.1201171875,0.65185546875
8,StutterTalk_18_23,0.029876708984375,0.125244140625,0.0401611328125,0.1590576171875,0.06475830078125
9,StrongVoices_32_31,0.12066650390625,0.1201171875,0.033721923828125,0.027069091796875,0.056121826171875
10,StrongVoices_14_22,0.09771728515625,0.273193359375,0.07275390625,0.032470703125,0.66845703125
11,StrongVoices_1_0,0.031494140625,0.1221923828125,0.034759521484375,0.177001953125,0.189697265625
12,StrongVoices_23_174,0.1240234375,0.327880859375,0.0816650390625,0.0192718505859375,0.50537109375
13,WomenWhoStutter_2_107,0.035064697265625,0.10540771484375,0.0231475830078125,0.043121337890625,0.03704833984375
14,StutterTalk_26_108,0.04376220703125,0.1134033203125,0.0282745361328125,0.0137939453125,0.0110321044921875
15,StutteringIsCool_55_36,0.0299835205078125,0.0496826171875,0.0059814453125,0.01306915283203125,0.0330810546875
16,StutterTalk_34_1,0.090087890625,0.089599609375,0.0192718505859375,0.09234619140625,0.24658203125
17,StutterTalk_25_22,0.133056640625,0.124755859375,0.0283355712890625,0.07879638671875,0.03216552734375
18,StutterTalk_15_0,0.056976318359375,0.0631103515625,0.00766754150390625,0.03326416015625,0.19580078125
19,StutterTalk_12_21,0.083740234375,0.080810546875,0.052825927734375,0.06842041015625,0.0709228515625
20,StrongVoices_10_188,0.344482421875,0.1600341796875,0.037261962890625,0.012969970703125,0.32666015625
21,HeStutters_5_151,0.06109619140625,0.27685546875,0.1190185546875,0.10247802734375,0.1439208984375
22,StutteringIsCool_80_18,0.1600341796875,0.06719970703125,0.01132965087890625,0.1041259765625,0.52294921875
23,StutterTalk_9_27,0.0179901123046875,0.053802490234375,0.01666259765625,0.072509765625,0.12213134765625
24,StrongVoices_7_33,0.1279296875,0.2208251953125,0.06109619140625,0.041839599609375,0.060302734375
25,WomenWhoStutter_68_22,0.1644287109375,0.28564453125,0.047332763671875,0.05389404296875,0.1796875
26,StrongVoices_32_152,0.8154296875,0.1397705078125,0.1231689453125,0.05572509765625,0.07135009765625
27,WomenWhoStutter_96_145,0.034759521484375,0.1553955078125,0.1529541015625,0.2255859375,0.052703857421875
28,MyStutteringLife_18_12,0.1900634765625,0.178466796875,0.023193359375,0.093994140625,0.481689453125
29,MyStutteringLife_19_33,0.071044921875,0.16259765625,0.0215301513671875,0.011199951171875,0.021942138671875
30,StutterTalk_15_32,0.056976318359375,0.08343505859375,0.045684814453125,0.2044677734375,0.1868896484375
31,StutteringIsCool_75_10,0.0266571044921875,0.256103515625,0.1632080078125,0.187255859375,0.2481689453125
32,WomenWhoStutter_2_116,0.10797119140625,0.072509765625,0.00763702392578125,0.023101806640625,0.91796875
33,WomenWhoStutter_87_48,0.052703857421875,0.296630859375,0.07501220703125,0.1529541015625,0.54541015625
34,StrongVoices_8_8,0.251953125,0.1165771484375,0.036163330078125,0.04327392578125,0.39794921875
35,WomenWhoStutter_10_195,0.1597900390625,0.368896484375,0.11676025390625,0.035003662109375,0.0285491943359375
36,StrongVoices_2_9,0.0982666015625,0.1822509765625,0.032470703125,0.0234222412109375,0.037811279296875
37,HVSA_1_147,0.705078125,0.09637451171875,0.05987548828125,0.0197906494140625,0.08538818359375
38,WomenWhoStutter_68_28,0.042633056640625,0.128173828125,0.06292724609375,0.27880859375,0.10894775390625
39,StutterTalk_16_20,0.037322998046875,0.2509765625,0.3134765625,0.270263671875,0.08135986328125
40,WomenWhoStutter_14_66,0.056121826171875,0.2110595703125,0.0863037109375,0.06451416015625,0.047332763671875
41,StutterTalk_31_3,0.01306915283203125,0.0943603515625,0.01395416259765625,0.03515625,0.0273284912109375
42,StutteringIsCool_29_29,0.0261993408203125,0.09808349609375,0.04296875,0.04595947265625,0.06634521484375
43,WomenWhoStutter_2_67,0.122314453125,0.168212890625,0.0401611328125,0.22021484375,0.703125
44,WomenWhoStutter_30_55,0.04595947265625,0.1202392578125,0.038116455078125,0.0280609130859375,0.03173828125
45,StutterTalk_32_33,0.042572021484375,0.32177734375,0.053314208984375,0.07501220703125,0.086181640625
46,WomenWhoStutter_83_25,0.406494140625,0.06463623046875,0.01666259765625,0.044342041015625,0.72509765625
47,HVSA_0_41,0.495361328125,0.171142578125,0.0517578125,0.03704833984375,0.04559326171875
48,StrongVoices_32_40,0.212890625,0.181640625,0.023956298828125,0.0230255126953125,0.0276947021484375
49,StutteringIsCool_80_97,0.08123779296875,0.1639404296875,0.07861328125,0.08282470703125,0.0330810546875
50,MyStutteringLife_38_20,0.11260986328125,0.12420654296875,0.0292510986328125,0.116943359375,0.88623046875
51,StutteringIsCool_76_6,0.49267578125,0.0965576171875,0.03955078125,0.08587646484375,0.75341796875
52,StutterTalk_69_10,0.294921875,0.25732421875,0.16650390625,0.09320068359375,0.05224609375
53,StutteringIsCool_16_9,0.45703125,0.1376953125,0.08062744140625,0.10357666015625,0.31689453125
54,StrongVoices_32_28,0.403076171875,0.33447265625,0.1895751953125,0.1533203125,0.253662109375
55,HeStutters_5_35,0.0310211181640625,0.164306640625,0.1470947265625,0.1175537109375,0.037200927734375
56,WomenWhoStutter_86_165,0.334716796875,0.1446533203125,0.0323486328125,0.06793212890625,0.9619140625
57,WomenWhoStutter_83_9,0.30908203125,0.048858642578125,0.0699462890625,0.056243896484375,0.06646728515625
58,StrongVoices_32_115,0.1285400390625,0.13427734375,0.0115509033203125,0.035064697265625,0.056640625
59,StrongVoices_0_33,0.1553955078125,0.2286376953125,0.03265380859375,0.009124755859375,0.0225372314453125
60,StutterTalk_72_90,0.6328125,0.1954345703125,0.05499267578125,0.052825927734375,0.09808349609375
61,WomenWhoStutter_42_76,0.1650390625,0.2081298828125,0.08709716796875,0.037689208984375,0.114990234375
62,StutterTalk_8_132,0.0616455078125,0.07611083984375,0.0240936279296875,0.043212890625,0.12322998046875
63,WomenWhoStutter_2_124,0.2105712890625,0.0943603515625,0.0299835205078125,0.0299224853515625,0.461669921875
64,StutterTalk_26_78,0.0245208740234375,0.0970458984375,0.01483917236328125,0.05792236328125,0.13720703125
65,WomenWhoStutter_42_258,0.06695556640625,0.277587890625,0.07318115234375,0.0469970703125,0.189697265625
66,StutterTalk_8_48,0.06878662109375,0.10302734375,0.05511474609375,0.036834716796875,0.0364990234375
67,HVSA_2_30,0.039703369140625,0.2158203125,0.273193359375,0.09637451171875,0.1171875
68,StrongVoices_18_14,0.0755615234375,0.153076171875,0.0299835205078125,0.0830078125,0.19189453125
69,StutteringIsCool_34_154,0.051666259765625,0.140869140625,0.09552001953125,0.2890625,0.151611328125
70,HVSA_2_71,0.109130859375,0.1468505859375,0.04620361328125,0.060211181640625,0.8232421875
71,StutteringIsCool_46_39,0.04296875,0.056549072265625,0.0104522705078125,0.039703369140625,0.047698974609375
72,StrongVoices_28_34,0.2142333984375,0.156982421875,0.0413818359375,0.03179931640625,0.5244140625
73,StutterTalk_12_4,0.2108154296875,0.09912109375,0.1397705078125,0.0849609375,0.43994140625
74,StutteringIsCool_38_3,0.2218017578125,0.150634765625,0.0265045166015625,0.03448486328125,0.1685791015625
75,HeStutters_11_138,0.138916015625,0.058563232421875,0.0171051025390625,0.1405029296875,0.82958984375
76,StutterTalk_42_37,0.01358795166015625,0.216064453125,0.053985595703125,0.0164642333984375,0.0293121337890625
77,StutteringIsCool_34_137,0.21044921875,0.229736328125,0.308349609375,0.1546630859375,0.198486328125
78,StutterTalk_22_25,0.039337158203125,0.18359375,0.0855712890625,0.1177978515625,0.1171875
79,WomenWhoStutter_87_49,0.044769287109375,0.1859130859375,0.06854248046875,0.07666015625,0.62841796875
80,StrongVoices_32_71,0.487060546875,0.298095703125,0.060760498046875,0.0616455078125,0.07318115234375
81,StutterTalk_26_95,0.0210418701171875,0.1719970703125,0.0222015380859375,0.05419921875,0.058013916015625
82,StrongVoices_17_19,0.1312255859375,0.1591796875,0.03985595703125,0.03021240234375,0.026611328125
83,WomenWhoStutter_15_27,0.044586181640625,0.2451171875,0.093994140625,0.1358642578125,0.201171875
84,HeStutters_2_89,0.097412109375,0.2462158203125,0.03955078125,0.1363525390625,0.703125
85,StutteringIsCool_28_6,0.0219879150390625,0.06982421875,0.027008056640625,0.04742431640625,0.06097412109375
86,StutterTalk_37_190,0.07183837890625,0.0802001953125,0.027069091796875,0.04986572265625,0.030670166015625
87,WomenWhoStutter_97_167,0.10467529296875,0.33642578125,0.421630859375,0.1605224609375,0.06396484375
88,WomenWhoStutter_10_54,0.06805419921875,0.268798828125,0.1258544921875,0.053009033203125,0.057281494140625
89,HVSA_2_29,0.07330322265625,0.1121826171875,0.07586669921875,0.1890869140625,0.04052734375
90,IStutterSoWhat_0_60,0.087890625,0.2059326171875,0.0567626953125,0.046905517578125,0.059539794921875
91,HeStutters_11_190,0.073974609375,0.2161865234375,0.086181640625,0.05865478515625,0.0411376953125
92,WomenWhoStutter_2_74,0.126953125,0.276611328125,0.0253753662109375,0.06243896484375,0.32177734375
93,WomenWhoStutter_52_17,0.477294921875,0.1558837890625,0.049774169921875,0.02508544921875,0.0268096923828125
94,StutterTalk_8_99,0.134033203125,0.173828125,0.09588623046875,0.10931396484375,0.380126953125
95,IStutterSoWhat_3_64,0.1044921875,0.149658203125,0.164794921875,0.2235107421875,0.387451171875
96,StrongVoices_34_31,0.326171875,0.126953125,0.10211181640625,0.0489501953125,0.87841796875
97,StrongVoices_3_33,0.2445068359375,0.17431640625,0.036285400390625,0.0531005859375,0.07501220703125
98,StrongVoices_17_24,0.035400390625,0.271240234375,0.11279296875,0.01422882080078125,0.02838134765625
99,HVSA_1_155,0.0341796875,0.25,0.09320068359375,0.0943603515625,0.285400390625
100,MyStutteringLife_8_38,0.1273193359375,0.43212890625,0.53076171875,0.32373046875,0.3837890625
101,WomenWhoStutter_52_33,0.05889892578125,0.12451171875,0.01009368896484375,0.034759521484375,0.06622314453125
102,StrongVoices_4_20,0.1524658203125,0.22607421875,0.049774169921875,0.03265380859375,0.023101806640625
103,HeStutters_2_57,0.13623046875,0.169677734375,0.0341796875,0.049224853515625,0.034881591796875
104,WomenWhoStutter_25_2,0.09271240234375,0.34228515625,0.144775390625,0.053985595703125,0.35986328125
105,HVSA_0_3,0.2259521484375,0.08709716796875,0.0222015380859375,0.0521240234375,0.61669921875
106,StutterTalk_26_62,0.0413818359375,0.1231689453125,0.0284423828125,0.08660888671875,0.154052734375
107,StutteringIsCool_2_23,0.1844482421875,0.305419921875,0.1224365234375,0.0282745361328125,0.0169219970703125
108,StrongVoices_2_37,0.2274169921875,0.11859130859375,0.06903076171875,0.04345703125,0.0229339599609375
109,StutteringIsCool_49_10,0.1417236328125,0.0965576171875,0.040252685546875,0.01666259765625,0.0455322265625
110,HeStutters_11_127,0.39697265625,0.16162109375,0.035888671875,0.048675537109375,0.12744140625
111,StrongVoices_28_1,0.447509765625,0.1131591796875,0.0321044921875,0.00881195068359375,0.08477783203125
112,StutteringIsCool_80_75,0.0775146484375,0.127197265625,0.04083251953125,0.11029052734375,0.76904296875
113,StutterTalk_26_51,0.06915283203125,0.40771484375,0.12890625,0.203125,0.196533203125
114,WomenWhoStutter_30_19,0.2359619140625,0.1114501953125,0.07159423828125,0.012969970703125,0.034088134765625
115,StutterTalk_8_137,0.103759765625,0.15234375,0.156005859375,0.1484375,0.783203125
116,WomenWhoStutter_2_49,0.234375,0.09283447265625,0.0156707763671875,0.0144500732421875,0.06671142578125
117,WomenWhoStutter_42_129,0.11126708984375,0.10247802734375,0.0108184814453125,0.01554107666015625,0.03192138671875
118,WomenWhoStutter_30_51,0.3193359375,0.149658203125,0.059417724609375,0.04052734375,0.04296875
119,StutterTalk_22_24,0.1331787109375,0.042236328125,0.0092315673828125,0.059539794921875,0.1270751953125
120,StutterTalk_64_67,0.429443359375,0.1669921875,0.09515380859375,0.01450347900390625,0.0284423828125
121,StutteringIsCool_80_23,0.0232391357421875,0.1015625,0.04046630859375,0.02191162109375,0.0129241943359375
122,StrongVoices_32_94,0.130615234375,0.1993408203125,0.08447265625,0.1864013671875,0.2255859375
123,StutterTalk_12_19,0.452880859375,0.05865478515625,0.033843994140625,0.04486083984375,0.80322265625
124,StrongVoices_23_68,0.32568359375,0.281005859375,0.06256103515625,0.0127716064453125,0.0313720703125
125,StutterTalk_29_7,0.02801513671875,0.1431884765625,0.015716552734375,0.058990478515625,0.061767578125
126,StrongVoices_26_23,0.313232421875,0.40771484375,0.1392822265625,0.0251312255859375,0.04913330078125
127,StutterTalk_8_67,0.10174560546875,0.1788330078125,0.06304931640625,0.050994873046875,0.41748046875
128,StrongVoices_10_70,0.0728759765625,0.0855712890625,0.0304412841796875,0.03271484375,0.050323486328125
129,StutterTalk_8_171,0.1007080078125,0.1922607421875,0.2005615234375,0.1614990234375,0.8408203125
130,WomenWhoStutter_21_164,0.60498046875,0.158935546875,0.14013671875,0.2347412109375,0.313232421875
131,StutterTalk_37_20,0.2125244140625,0.061309814453125,0.024993896484375,0.1190185546875,0.38330078125
132,WomenWhoStutter_10_9,0.055511474609375,0.09912109375,0.009857177734375,0.021209716796875,0.1343994140625
133,StutterTalk_26_171,0.045196533203125,0.17236328125,0.033966064453125,0.0174407958984375,0.0247039794921875
134,StutterTalk_15_1,0.018646240234375,0.10052490234375,0.02947998046875,0.126220703125,0.122314453125
135,WomenWhoStutter_2_213,0.25,0.2437744140625,0.10321044921875,0.11981201171875,0.64990234375
136,StrongVoices_5_21,0.200927734375,0.373779296875,0.049957275390625,0.02044677734375,0.1727294921875
137,WomenWhoStutter_69_12,0.32958984375,0.19482421875,0.06524658203125,0.07476806640625,0.353759765625
138,HVSA_0_36,0.09979248046875,0.273193359375,0.1229248046875,0.3369140625,0.17919921875
139,StutteringIsCool_23_35,0.09417724609375,0.1593017578125,0.11419677734375,0.027587890625,0.2330322265625
140,HVSA_3_146,0.1280517578125,0.40478515625,0.29638671875,0.097900390625,0.14990234375
141,HVSA_2_13,0.2418212890625,0.18994140625,0.0640869140625,0.039947509765625,0.12432861328125
142,StutteringIsCool_34_176,0.216552734375,0.229248046875,0.03912353515625,0.02069091796875,0.324951171875
143,StrongVoices_13_31,0.12127685546875,0.08990478515625,0.0171051025390625,0.0413818359375,0.0638427734375
144,WomenWhoStutter_26_35,0.51611328125,0.265380859375,0.260498046875,0.08740234375,0.0439453125
145,StutterTalk_59_23,0.06719970703125,0.268310546875,0.11737060546875,0.2469482421875,0.30908203125
146,HVSA_0_27,0.057281494140625,0.2139892578125,0.06585693359375,0.06805419921875,0.09771728515625
147,StrongVoices_4_38,0.0740966796875,0.264404296875,0.162109375,0.12115478515625,0.05419921875
148,StutterTalk_64_191,0.08209228515625,0.12213134765625,0.0457763671875,0.1265869140625,0.55126953125
149,HVSA_2_12,0.10577392578125,0.2239990234375,0.1033935546875,0.09967041015625,0.07879638671875
150,WomenWhoStutter_2_184,0.1812744140625,0.38720703125,0.2352294921875,0.05499267578125,0.1668701171875
151,StrongVoices_32_92,0.293701171875,0.1209716796875,0.015777587890625,0.027435302734375,0.192138671875
152,StutteringIsCool_73_31,0.12066650390625,0.2384033203125,0.136474609375,0.274658203125,0.7177734375
153,StrongVoices_1_23,0.045440673828125,0.10760498046875,0.0274810791015625,0.032958984375,0.0295867919921875
154,StrongVoices_10_17,0.0810546875,0.201171875,0.1558837890625,0.0703125,0.047515869140625
155,StutterTalk_64_53,0.06097412109375,0.08538818359375,0.0164642333984375,0.0831298828125,0.6796875
156,IStutterSoWhat_0_100,0.173583984375,0.2274169921875,0.0894775390625,0.263427734375,0.73974609375
157,WomenWhoStutter_97_57,0.09222412109375,0.2020263671875,0.0204925537109375,0.093505859375,0.525390625
158,StutteringIsCool_28_11,0.123779296875,0.1070556640625,0.0144500732421875,0.015899658203125,0.029144287109375
159,StutterTalk_48_16,0.03948974609375,0.1551513671875,0.04510498046875,0.2247314453125,0.13623046875
160,StutterTalk_26_180,0.3486328125,0.2459716796875,0.0709228515625,0.047943115234375,0.344482421875
161,StutterTalk_30_4,0.081787109375,0.3525390625,0.266845703125,0.0604248046875,0.273681640625
162,HVSA_3_39,0.08251953125,0.286376953125,0.2095947265625,0.08154296875,0.05975341796875
163,WomenWhoStutter_2_21,0.184326171875,0.39208984375,0.1282958984375,0.055511474609375,0.2039794921875
164,HeStutters_3_28,0.03912353515625,0.1334228515625,0.0177764892578125,0.10687255859375,0.06829833984375
165,StutterTalk_63_14,0.08740234375,0.32177734375,0.0765380859375,0.02203369140625,0.06817626953125
166,StutteringIsCool_14_30,0.08197021484375,0.058349609375,0.05572509765625,0.082275390625,0.07342529296875
167,StutterTalk_22_18,0.297607421875,0.1429443359375,0.057281494140625,0.0704345703125,0.9287109375
168,HVSA_0_114,0.03985595703125,0.1224365234375,0.0439453125,0.05072021484375,0.081787109375
169,WomenWhoStutter_46_16,0.07208251953125,0.087890625,0.0263519287109375,0.060302734375,0.09466552734375
170,HeStutters_12_164,0.2391357421875,0.1175537109375,0.11676025390625,0.3330078125,0.9091796875
171,StutterTalk_26_159,0.33642578125,0.1998291015625,0.09283447265625,0.02447509765625,0.029144287109375
172,WomenWhoStutter_21_165,0.2587890625,0.15478515625,0.11614990234375,0.0095977783203125,0.11474609375
173,StutterTalk_37_113,0.61181640625,0.1947021484375,0.2017822265625,0.143798828125,0.07330322265625
174,HeStutters_19_126,0.035675048828125,0.09857177734375,0.03289794921875,0.309814453125,0.1978759765625
175,StutteringIsCool_70_24,0.07977294921875,0.080078125,0.011962890625,0.0142822265625,0.0635986328125
176,StrongVoices_2_26,0.4609375,0.3525390625,0.33447265625,0.061187744140625,0.2064208984375
177,StutteringIsCool_80_91,0.157470703125,0.10577392578125,0.050140380859375,0.13037109375,0.3408203125
178,StutterTalk_26_34,0.5126953125,0.1190185546875,0.048675537109375,0.045684814453125,0.0699462890625
179,StrongVoices_21_142,0.0743408203125,0.097900390625,0.0384521484375,0.25048828125,0.402099609375
180,WomenWhoStutter_10_33,0.329833984375,0.2098388671875,0.04296875,0.048492431640625,0.044769287109375
181,StutteringIsCool_37_25,0.5234375,0.2349853515625,0.17431640625,0.041229248046875,0.050506591796875
182,HeStutters_16_186,0.052703857421875,0.1422119140625,0.043701171875,0.274169921875,0.2083740234375
183,WomenWhoStutter_90_39,0.041473388671875,0.28955078125,0.320068359375,0.2352294921875,0.1812744140625
184,StrongVoices_32_169,0.476318359375,0.196044921875,0.0823974609375,0.0120086669921875,0.055816650390625
185,WomenWhoStutter_2_195,0.202880859375,0.2103271484375,0.0743408203125,0.2017822265625,0.1015625
186,StrongVoices_32_146,0.10284423828125,0.244873046875,0.035888671875,0.0889892578125,0.199462890625
187,WomenWhoStutter_62_170,0.179931640625,0.178466796875,0.0164642333984375,0.034088134765625,0.75244140625
188,MyStutteringLife_5_4,0.1915283203125,0.15673828125,0.0289764404296875,0.036224365234375,0.8427734375
189,StutteringIsCool_28_29,0.14599609375,0.12445068359375,0.0237274169921875,0.043609619140625,0.205078125
190,StrongVoices_23_202,0.11199951171875,0.4150390625,0.33203125,0.037811279296875,0.0240936279296875
191,WomenWhoStutter_68_31,0.114990234375,0.439453125,0.25439453125,0.17578125,0.0843505859375
192,WomenWhoStutter_30_141,0.060302734375,0.14404296875,0.01483917236328125,0.10540771484375,0.25048828125
193,WomenWhoStutter_79_29,0.10430908203125,0.247314453125,0.0965576171875,0.04083251953125,0.037109375
194,StrongVoices_6_178,0.28076171875,0.3447265625,0.10394287109375,0.07794189453125,0.1502685546875
195,StutterTalk_38_25,0.02337646484375,0.09332275390625,0.0330810546875,0.12939453125,0.148193359375
196,StrongVoices_9_19,0.12347412109375,0.07989501953125,0.019683837890625,0.024658203125,0.07366943359375
197,StutterTalk_64_113,0.0189056396484375,0.08154296875,0.107421875,0.1114501953125,0.0390625
198,HeStutters_18_96,0.228515625,0.10302734375,0.0203399658203125,0.1087646484375,0.810546875
199,StutterTalk_68_181,0.0321044921875,0.1048583984375,0.0196075439453125,0.08062744140625,0.16064453125
200,WomenWhoStutter_108_30,0.21142578125,0.1585693359375,0.144287109375,0.0287017822265625,0.0274810791015625
201,WomenWhoStutter_10_159,0.242919921875,0.1265869140625,0.01898193359375,0.04083251953125,0.94189453125
202,WomenWhoStutter_97_91,0.2049560546875,0.287841796875,0.09088134765625,0.1925048828125,0.65625
203,WomenWhoStutter_58_18,0.1134033203125,0.26318359375,0.125732421875,0.115966796875,0.1292724609375
204,WomenWhoStutter_2_150,0.06707763671875,0.1865234375,0.046478271484375,0.01678466796875,0.1622314453125
205,HVSA_1_89,0.08038330078125,0.468505859375,0.54541015625,0.0943603515625,0.092041015625
206,WomenWhoStutter_30_14,0.1400146484375,0.09222412109375,0.01422882080078125,0.0054473876953125,0.00841522216796875
207,HeStutters_19_12,0.0823974609375,0.1121826171875,0.08154296875,0.48388671875,0.277587890625
208,StrongVoices_0_2,0.1451416015625,0.296875,0.105224609375,0.0284881591796875,0.038818359375
209,StutterTalk_14_22,0.36328125,0.0823974609375,0.06658935546875,0.2470703125,0.86962890625
210,StutterTalk_26_170,0.0306243896484375,0.1324462890625,0.0163421630859375,0.038909912109375,0.2462158203125
211,StutterTalk_34_22,0.2119140625,0.2132568359375,0.05291748046875,0.028594970703125,0.242919921875
212,StrongVoices_21_119,0.355712890625,0.1549072265625,0.09124755859375,0.06243896484375,0.1209716796875
213,StutterTalk_37_8,0.03216552734375,0.1856689453125,0.3505859375,0.1175537109375,0.059112548828125
214,StutteringIsCool_79_11,0.2294921875,0.1334228515625,0.09588623046875,0.00812530517578125,0.04595947265625
215,StrongVoices_6_200,0.55908203125,0.22802734375,0.10302734375,0.07421875,0.0548095703125
216,StutterTalk_76_0,0.1513671875,0.1448974609375,0.0296478271484375,0.043853759765625,0.96142578125
217,StutterTalk_79_15,0.025665283203125,0.06268310546875,0.009521484375,0.0135345458984375,0.046722412109375
218,StutterTalk_64_179,0.1727294921875,0.11798095703125,0.03240966796875,0.09027099609375,0.94775390625
219,WomenWhoStutter_43_22,0.53369140625,0.15625,0.0635986328125,0.1707763671875,0.387451171875
220,StrongVoices_17_18,0.42236328125,0.3251953125,0.279052734375,0.243408203125,0.1627197265625
221,StrongVoices_8_0,0.127685546875,0.31201171875,0.0574951171875,0.019012451171875,0.169677734375
222,StutterTalk_30_9,0.06854248046875,0.216552734375,0.1279296875,0.1055908203125,0.11279296875
223,StrongVoices_32_153,0.11376953125,0.0775146484375,0.01146697998046875,0.012969970703125,0.01490020751953125
224,IStutterSoWhat_0_63,0.06878662109375,0.1494140625,0.041534423828125,0.055419921875,0.033477783203125
225,WomenWhoStutter_97_3,0.1070556640625,0.2127685546875,0.028106689453125,0.052825927734375,0.448486328125
226,MyStutteringLife_8_15,0.051361083984375,0.22216796875,0.02484130859375,0.0196075439453125,0.04638671875
227,WomenWhoStutter_97_106,0.06695556640625,0.343505859375,0.533203125,0.1998291015625,0.08404541015625
228,StrongVoices_1_9,0.10577392578125,0.224853515625,0.132568359375,0.04534912109375,0.03759765625
229,HeStutters_5_5,0.08929443359375,0.2088623046875,0.2137451171875,0.097900390625,0.0836181640625
230,StutterTalk_62_15,0.2042236328125,0.09979248046875,0.05145263671875,0.185302734375,0.1798095703125
231,StutterTalk_9_17,0.64990234375,0.1534423828125,0.07159423828125,0.0703125,0.1171875
232,WomenWhoStutter_14_23,0.1439208984375,0.109130859375,0.0248870849609375,0.0567626953125,0.05059814453125
233,HeStutters_11_93,0.0121002197265625,0.06793212890625,0.0174407958984375,0.0526123046875,0.049774169921875
234,StrongVoices_12_30,0.0311431884765625,0.1387939453125,0.048309326171875,0.05450439453125,0.04949951171875
235,HeStutters_10_4,0.09771728515625,0.2327880859375,0.2017822265625,0.1695556640625,0.0472412109375
236,HeStutters_16_98,0.147705078125,0.2440185546875,0.10467529296875,0.2587890625,0.194580078125
237,StutterTalk_64_29,0.23193359375,0.08831787109375,0.03228759765625,0.0257110595703125,0.06781005859375
238,HeStutters_11_124,0.06695556640625,0.1810302734375,0.043365478515625,0.139892578125,0.0938720703125
239,WomenWhoStutter_27_25,0.03985595703125,0.2548828125,0.05877685546875,0.0218658447265625,0.022979736328125
240,WomenWhoStutter_13_29,0.388916015625,0.2059326171875,0.04742431640625,0.03955078125,0.07904052734375
241,WomenWhoStutter_21_17,0.202880859375,0.2259521484375,0.050811767578125,0.06097412109375,0.2005615234375
242,WomenWhoStutter_3_21,0.08538818359375,0.1549072265625,0.01525115966796875,0.00634002685546875,0.021240234375
243,StrongVoices_23_168,0.259521484375,0.247314453125,0.09619140625,0.02484130859375,0.02655029296875
244,StrongVoices_2_34,0.16650390625,0.2467041015625,0.05450439453125,0.019378662109375,0.02880859375
245,StutteringIsCool_33_31,0.0345458984375,0.1644287109375,0.1302490234375,0.052337646484375,0.0728759765625
246,StutteringIsCool_23_8,0.0268096923828125,0.06939697265625,0.0240020751953125,0.07147216796875,0.1334228515625
247,HeStutters_11_52,0.050323486328125,0.241455078125,0.12493896484375,0.27392578125,0.123779296875
248,HVSA_2_77,0.06939697265625,0.1033935546875,0.05194091796875,0.1019287109375,0.1412353515625
249,WomenWhoStutter_2_50,0.284912109375,0.26953125,0.1707763671875,0.1258544921875,0.0496826171875
250,HeStutters_11_159,0.077392578125,0.306640625,0.075439453125,0.036285400390625,0.07806396484375
251,StutterTalk_16_6,0.1829833984375,0.320556640625,0.1007080078125,0.0987548828125,0.0634765625
252,WomenWhoStutter_30_43,0.1019287109375,0.08050537109375,0.0235595703125,0.0214080810546875,0.0309600830078125
253,StrongVoices_10_71,0.11297607421875,0.135498046875,0.018768310546875,0.027740478515625,0.08135986328125
254,StutterTalk_1_34,0.156494140625,0.11993408203125,0.0167236328125,0.12744140625,0.421875
255,StrongVoices_32_181,0.2315673828125,0.3662109375,0.187255859375,0.0333251953125,0.295166015625
256,StutteringIsCool_1_8,0.038177490234375,0.05889892578125,0.0142822265625,0.06854248046875,0.0784912109375
257,StutterTalk_34_28,0.092529296875,0.1435546875,0.01751708984375,0.09124755859375,0.10089111328125
258,StutterTalk_64_19,0.1822509765625,0.129150390625,0.04681396484375,0.259765625,0.880859375
259,StutteringIsCool_34_184,0.0703125,0.1903076171875,0.1597900390625,0.1431884765625,0.063720703125
260,WomenWhoStutter_102_15,0.275634765625,0.1976318359375,0.0254669189453125,0.0411376953125,0.1697998046875
261,StutteringIsCool_79_34,0.2822265625,0.2822265625,0.08819580078125,0.0295867919921875,0.07861328125
262,StutterTalk_26_58,0.136962890625,0.199951171875,0.0509033203125,0.1939697265625,0.5673828125
263,StrongVoices_0_38,0.1361083984375,0.271728515625,0.034759521484375,0.01267242431640625,0.0411376953125
264,StutteringIsCool_23_32,0.10504150390625,0.158447265625,0.01507568359375,0.0177154541015625,0.5849609375
265,StutterTalk_77_14,0.134521484375,0.11968994140625,0.0231475830078125,0.025909423828125,0.2335205078125
266,StutterTalk_25_28,0.0872802734375,0.1328125,0.05499267578125,0.274658203125,0.326904296875
267,StutterTalk_37_40,0.0953369140625,0.10858154296875,0.07879638671875,0.316162109375,0.52978515625
268,HVSA_2_22,0.388671875,0.385986328125,0.313232421875,0.1302490234375,0.1602783203125
269,WomenWhoStutter_10_156,0.033843994140625,0.257080078125,0.0699462890625,0.073974609375,0.374267578125
270,StrongVoices_14_19,0.302001953125,0.0728759765625,0.04217529296875,0.09637451171875,0.206787109375
271,WomenWhoStutter_2_117,0.033538818359375,0.10858154296875,0.0282745361328125,0.260498046875,0.6767578125
272,HVSA_1_75,0.09136962890625,0.395751953125,0.173583984375,0.02691650390625,0.0279541015625
273,StutterTalk_12_25,0.275390625,0.1458740234375,0.0953369140625,0.09124755859375,0.7177734375
274,HVSA_1_87,0.06243896484375,0.07464599609375,0.04052734375,0.07366943359375,0.2147216796875
275,WomenWhoStutter_43_32,0.0265045166015625,0.07159423828125,0.01229095458984375,0.07135009765625,0.05889892578125
276,WomenWhoStutter_14_116,0.1295166015625,0.2255859375,0.05291748046875,0.0374755859375,0.037384033203125
277,StutterTalk_60_6,0.09844970703125,0.36572265625,0.11798095703125,0.0230712890625,0.07476806640625
278,StrongVoices_23_29,0.304443359375,0.1837158203125,0.042388916015625,0.0141143798828125,0.015960693359375
279,StrongVoices_21_122,0.051849365234375,0.1544189453125,0.0460205078125,0.058013916015625,0.06719970703125
280,StutteringIsCool_69_12,0.0125274658203125,0.09136962890625,0.04302978515625,0.2386474609375,0.3544921875
281,StrongVoices_31_1,0.2216796875,0.11163330078125,0.0310211181640625,0.01507568359375,0.0310821533203125
282,HeStutters_11_72,0.05865478515625,0.042724609375,0.004505157470703125,0.04010009765625,0.389404296875
283,WomenWhoStutter_63_31,0.295654296875,0.07574462890625,0.0245208740234375,0.0863037109375,0.1771240234375
284,StutteringIsCool_81_27,0.035736083984375,0.1871337890625,0.10760498046875,0.03173828125,0.11859130859375
285,StrongVoices_10_120,0.1943359375,0.133056640625,0.06524658203125,0.0259552001953125,0.0104522705078125
286,StutterTalk_25_182,0.04132080078125,0.1915283203125,0.034698486328125,0.0300445556640625,0.041778564453125
287,StrongVoices_21_131,0.04681396484375,0.1883544921875,0.039794921875,0.0728759765625,0.1485595703125
288,WomenWhoStutter_81_128,0.08978271484375,0.16015625,0.042572021484375,0.03912353515625,0.0300445556640625
289,StrongVoices_0_8,0.173828125,0.287841796875,0.07989501953125,0.042816162109375,0.12322998046875
290,StutterTalk_8_168,0.04803466796875,0.1705322265625,0.2919921875,0.07366943359375,0.05499267578125
291,StutterTalk_37_28,0.59326171875,0.1383056640625,0.047607421875,0.023468017578125,0.133056640625
292,StrongVoices_21_178,0.038604736328125,0.171142578125,0.0273284912109375,0.0169219970703125,0.038543701171875
293,StutteringIsCool_80_5,0.12335205078125,0.109130859375,0.0156707763671875,0.0169830322265625,0.20751953125
294,StutterTalk_63_55,0.05877685546875,0.1412353515625,0.0279541015625,0.049774169921875,0.0809326171875
295,WomenWhoStutter_21_5,0.285400390625,0.1993408203125,0.097412109375,0.0244293212890625,0.39794921875
296,WomenWhoStutter_81_124,0.04083251953125,0.2247314453125,0.09930419921875,0.05572509765625,0.06732177734375
297,StutteringIsCool_37_29,0.07977294921875,0.393798828125,0.137939453125,0.06536865234375,0.1007080078125
298,WomenWhoStutter_14_22,0.2144775390625,0.0751953125,0.0141754150390625,0.051361083984375,0.86328125
299,StrongVoices_21_47,0.2340087890625,0.2108154296875,0.0816650390625,0.040985107421875,0.10968017578125
300,StutteringIsCool_61_9,0.07794189453125,0.313720703125,0.11102294921875,0.0137939453125,0.08831787109375
301,StrongVoices_0_11,0.09234619140625,0.2015380859375,0.038604736328125,0.006191253662109375,0.016845703125
302,StutterTalk_63_46,0.1512451171875,0.34521484375,0.1295166015625,0.0831298828125,0.333984375
303,HeStutters_12_212,0.060302734375,0.340576171875,0.09515380859375,0.0255584716796875,0.0234222412109375
304,WomenWhoStutter_97_200,0.115966796875,0.17822265625,0.038818359375,0.10211181640625,0.92919921875
305,WomenWhoStutter_86_25,0.027587890625,0.10540771484375,0.035888671875,0.230224609375,0.1427001953125
306,WomenWhoStutter_2_196,0.2213134765625,0.17822265625,0.087890625,0.0615234375,0.576171875
307,HVSA_2_9,0.11614990234375,0.27587890625,0.396728515625,0.26953125,0.1400146484375
308,StutteringIsCool_55_2,0.06842041015625,0.10504150390625,0.02423095703125,0.018341064453125,0.03253173828125
309,StrongVoices_28_32,0.159912109375,0.0701904296875,0.012237548828125,0.0137939453125,0.0239105224609375
310,WomenWhoStutter_8_8,0.06561279296875,0.41845703125,0.658203125,0.183837890625,0.11358642578125
311,StutteringIsCool_34_179,0.1651611328125,0.1334228515625,0.03875732421875,0.11102294921875,0.1435546875
312,StutteringIsCool_38_15,0.0809326171875,0.2418212890625,0.297119140625,0.23095703125,0.11578369140625
313,StutterTalk_49_35,0.0321044921875,0.2301025390625,0.1820068359375,0.161376953125,0.132080078125
314,HVSA_0_30,0.10931396484375,0.2303466796875,0.06280517578125,0.1087646484375,0.11358642578125
315,WomenWhoStutter_86_142,0.327880859375,0.1834716796875,0.03802490234375,0.0838623046875,0.8486328125
316,StutterTalk_59_3,0.028594970703125,0.1656494140625,0.1070556640625,0.492919921875,0.21142578125
317,StutterTalk_12_5,0.05242919921875,0.09124755859375,0.06256103515625,0.185546875,0.09466552734375
318,StrongVoices_10_56,0.033660888671875,0.127197265625,0.044342041015625,0.07781982421875,0.701171875
319,HeStutters_18_26,0.312744140625,0.1549072265625,0.033905029296875,0.0831298828125,0.25244140625
320,StrongVoices_10_104,0.0831298828125,0.2418212890625,0.312255859375,0.197265625,0.1094970703125
321,StrongVoices_6_31,0.166259765625,0.380126953125,0.046905517578125,0.01282501220703125,0.037322998046875
322,StutterTalk_0_16,0.140869140625,0.15673828125,0.01384735107421875,0.038604736328125,0.1553955078125
323,HVSA_0_96,0.05194091796875,0.205078125,0.0987548828125,0.035552978515625,0.045440673828125
324,StrongVoices_1_35,0.045196533203125,0.1719970703125,0.07977294921875,0.10723876953125,0.08770751953125
325,StutteringIsCool_29_25,0.0287628173828125,0.0836181640625,0.035736083984375,0.07763671875,0.0634765625
326,WomenWhoStutter_21_34,0.19775390625,0.06622314453125,0.01085662841796875,0.0083160400390625,0.019866943359375
327,StutterTalk_46_8,0.08660888671875,0.0640869140625,0.034423828125,0.0304412841796875,0.0197906494140625
328,StutterTalk_77_34,0.035552978515625,0.10894775390625,0.00878143310546875,0.01666259765625,0.05792236328125
329,WomenWhoStutter_76_8,0.06732177734375,0.2147216796875,0.022247314453125,0.0504150390625,0.0751953125
330,WomenWhoStutter_14_126,0.20849609375,0.1304931640625,0.01229095458984375,0.0101318359375,0.141845703125
331,HeStutters_2_111,0.035400390625,0.120361328125,0.0293121337890625,0.05975341796875,0.0290374755859375
332,StutterTalk_64_118,0.1939697265625,0.300048828125,0.451904296875,0.2237548828125,0.09619140625
333,WomenWhoStutter_8_6,0.058135986328125,0.35205078125,0.457763671875,0.0460205078125,0.027008056640625
334,StutterTalk_26_81,0.058013916015625,0.09466552734375,0.01374053955078125,0.03240966796875,0.04052734375
335,HeStutters_12_79,0.08209228515625,0.294921875,0.15625,0.06500244140625,0.0184326171875
336,WomenWhoStutter_21_61,0.09332275390625,0.30712890625,0.07763671875,0.10247802734375,0.06732177734375
337,StrongVoices_10_10,0.560546875,0.1954345703125,0.06805419921875,0.0210418701171875,0.10992431640625
338,HeStutters_16_158,0.08038330078125,0.249755859375,0.10394287109375,0.1807861328125,0.06951904296875
339,StutteringIsCool_38_23,0.0965576171875,0.473388671875,0.420166015625,0.114990234375,0.042083740234375
340,HVSA_0_77,0.357177734375,0.2103271484375,0.059661865234375,0.01302337646484375,0.0872802734375
341,StutterTalk_63_105,0.198974609375,0.2191162109375,0.0850830078125,0.2362060546875,0.255615234375
342,StutteringIsCool_27_21,0.03790283203125,0.396240234375,0.298095703125,0.200927734375,0.159423828125
343,HVSA_2_130,0.0943603515625,0.1273193359375,0.024658203125,0.09722900390625,0.230712890625
344,StutteringIsCool_17_8,0.32958984375,0.11163330078125,0.06646728515625,0.1678466796875,0.607421875
345,StutterTalk_18_1,0.031982421875,0.1978759765625,0.0196075439453125,0.01363372802734375,0.06439208984375
346,StutteringIsCool_23_7,0.09332275390625,0.09222412109375,0.0784912109375,0.135986328125,0.050994873046875
347,HeStutters_19_43,0.274169921875,0.15771484375,0.0202484130859375,0.0640869140625,0.92431640625
348,WomenWhoStutter_2_176,0.107421875,0.2088623046875,0.09722900390625,0.200927734375,0.43994140625
349,HVSA_3_96,0.047332763671875,0.0869140625,0.03436279296875,0.0631103515625,0.08868408203125
350,StutterTalk_26_83,0.05706787109375,0.12042236328125,0.0092315673828125,0.0156707763671875,0.08770751953125
351,StutteringIsCool_17_39,0.0276336669921875,0.10723876953125,0.01242828369140625,0.027069091796875,0.2496337890625
352,WomenWhoStutter_69_14,0.33203125,0.21533203125,0.1495361328125,0.09600830078125,0.0526123046875
353,StutteringIsCool_55_13,0.1490478515625,0.0726318359375,0.05499267578125,0.1187744140625,0.61669921875
354,StrongVoices_26_28,0.027801513671875,0.169677734375,0.022796630859375,0.0262603759765625,0.0241851806640625
355,StrongVoices_12_5,0.255615234375,0.1697998046875,0.03155517578125,0.01287078857421875,0.020721435546875
356,HeStutters_18_99,0.49462890625,0.272705078125,0.10357666015625,0.040771484375,0.06744384765625
357,MyStutteringLife_39_0,0.0863037109375,0.07330322265625,0.062103271484375,0.0509033203125,0.0352783203125
358,StutteringIsCool_2_2,0.133544921875,0.3330078125,0.64794921875,0.306396484375,0.13134765625
359,WomenWhoStutter_37_21,0.025665283203125,0.379150390625,0.380615234375,0.136474609375,0.08465576171875
360,StrongVoices_7_3,0.1124267578125,0.1466064453125,0.033203125,0.029083251953125,0.040679931640625
361,StutteringIsCool_73_35,0.06658935546875,0.1461181640625,0.1468505859375,0.47509765625,0.5625
362,StrongVoices_25_34,0.0849609375,0.2158203125,0.05389404296875,0.05108642578125,0.09173583984375
363,WomenWhoStutter_2_186,0.0863037109375,0.370361328125,0.3857421875,0.033782958984375,0.080078125
364,StutterTalk_69_22,0.1988525390625,0.2142333984375,0.03460693359375,0.0180206298828125,0.1246337890625
365,StutterTalk_37_165,0.09637451171875,0.09722900390625,0.02685546875,0.06243896484375,0.0809326171875
366,StutterTalk_64_157,0.05145263671875,0.08740234375,0.0264129638671875,0.0360107421875,0.06903076171875
367,StrongVoices_1_8,0.2366943359375,0.31494140625,0.07720947265625,0.012725830078125,0.0345458984375
368,HeStutters_16_12,0.044586181640625,0.047882080078125,0.005218505859375,0.038970947265625,0.1378173828125
369,StutterTalk_15_22,0.337890625,0.12261962890625,0.090087890625,0.2330322265625,0.1572265625
370,StutterTalk_8_172,0.03125,0.128662109375,0.1044921875,0.263916015625,0.34423828125
371,StrongVoices_33_34,0.1553955078125,0.095703125,0.0089874267578125,0.00669097900390625,0.0546875
372,WomenWhoStutter_82_5,0.1663818359375,0.1395263671875,0.0120086669921875,0.036773681640625,0.80712890625
373,StrongVoices_28_24,0.33447265625,0.06561279296875,0.0496826171875,0.114990234375,0.6494140625
374,StutterTalk_64_141,0.0251312255859375,0.1915283203125,0.1734619140625,0.041534423828125,0.04217529296875
375,HeStutters_10_6,0.3935546875,0.172607421875,0.0235137939453125,0.06085205078125,0.385009765625
376,HeStutters_16_17,0.27392578125,0.09283447265625,0.010406494140625,0.042633056640625,0.466064453125
377,StutteringIsCool_23_39,0.0191192626953125,0.10125732421875,0.0965576171875,0.326904296875,0.0810546875
378,StutterTalk_8_158,0.1551513671875,0.11553955078125,0.054107666015625,0.064208984375,0.75634765625
379,IStutterSoWhat_0_125,0.37939453125,0.12432861328125,0.034027099609375,0.0301513671875,0.88427734375
380,StutterTalk_64_42,0.216796875,0.07666015625,0.0325927734375,0.1275634765625,0.77392578125
381,WomenWhoStutter_10_0,0.089111328125,0.0849609375,0.01332855224609375,0.01267242431640625,0.021820068359375
382,StutteringIsCool_73_7,0.03436279296875,0.05633544921875,0.0182342529296875,0.06658935546875,0.10052490234375
383,StrongVoices_28_14,0.09515380859375,0.1298828125,0.0313720703125,0.02655029296875,0.194580078125
384,IStutterSoWhat_0_126,0.325927734375,0.1500244140625,0.0504150390625,0.05877685546875,0.9638671875
385,WomenWhoStutter_21_16,0.1912841796875,0.1358642578125,0.034088134765625,0.01763916015625,0.02423095703125
386,StutteringIsCool_33_4,0.0304412841796875,0.1435546875,0.05340576171875,0.046478271484375,0.2322998046875
387,HVSA_0_53,0.4072265625,0.2191162109375,0.08990478515625,0.138916015625,0.252685546875
388,WomenWhoStutter_10_172,0.05780029296875,0.4482421875,0.313720703125,0.185302734375,0.2083740234375
389,WomenWhoStutter_2_154,0.08587646484375,0.1949462890625,0.281005859375,0.08282470703125,0.12176513671875
390,StrongVoices_32_44,0.14111328125,0.19482421875,0.0169219970703125,0.023284912109375,0.059417724609375
391,WomenWhoStutter_42_15,0.1302490234375,0.089599609375,0.01229095458984375,0.031982421875,0.1270751953125
392,StutterTalk_52_13,0.06500244140625,0.305908203125,0.093505859375,0.056640625,0.07696533203125
393,WomenWhoStutter_12_37,0.2265625,0.1298828125,0.0245208740234375,0.036163330078125,0.302490234375
394,StutteringIsCool_70_20,0.0284423828125,0.04168701171875,0.01262664794921875,0.02606201171875,0.03582763671875
395,StutterTalk_58_22,0.09124755859375,0.29443359375,0.703125,0.3046875,0.1531982421875
396,IStutterSoWhat_3_86,0.2054443359375,0.309326171875,0.34765625,0.152099609375,0.29150390625
397,StutterTalk_34_3,0.07080078125,0.287841796875,0.2000732421875,0.2181396484375,0.1529541015625
398,StutterTalk_64_201,0.07196044921875,0.2059326171875,0.342529296875,0.38037109375,0.0880126953125
399,StrongVoices_32_173,0.09173583984375,0.1585693359375,0.01812744140625,0.0236053466796875,0.045684814453125
400,StrongVoices_2_20,0.049041748046875,0.140380859375,0.0200653076171875,0.052703857421875,0.060760498046875
401,HeStutters_3_22,0.1312255859375,0.0728759765625,0.011199951171875,0.105224609375,0.5751953125
402,HeStutters_10_35,0.134521484375,0.240478515625,0.0318603515625,0.0535888671875,0.13916015625
403,WomenWhoStutter_8_17,0.05877685546875,0.327392578125,0.3095703125,0.042236328125,0.02691650390625
404,StutteringIsCool_28_18,0.06280517578125,0.22509765625,0.042083740234375,0.0247039794921875,0.1387939453125
405,WomenWhoStutter_35_31,0.03326416015625,0.251953125,0.51123046875,0.09088134765625,0.049957275390625
406,StutteringIsCool_65_12,0.0723876953125,0.106689453125,0.1524658203125,0.07891845703125,0.1351318359375
407,StrongVoices_4_12,0.09027099609375,0.17236328125,0.0258026123046875,0.08135986328125,0.401611328125
408,WomenWhoStutter_35_10,0.36962890625,0.175537109375,0.07135009765625,0.06536865234375,0.7802734375
409,StutterTalk_49_0,0.251953125,0.089111328125,0.0167236328125,0.0312042236328125,0.96240234375
410,HeStutters_11_22,0.040924072265625,0.130126953125,0.044586181640625,0.0143890380859375,0.02947998046875
411,HeStutters_16_91,0.07147216796875,0.1402587890625,0.052520751953125,0.2137451171875,0.30517578125
412,StutteringIsCool_34_130,0.2286376953125,0.31884765625,0.14453125,0.0177154541015625,0.057586669921875
413,StrongVoices_23_214,0.2039794921875,0.33447265625,0.322998046875,0.056854248046875,0.072509765625
414,StrongVoices_21_197,0.165283203125,0.4150390625,0.1329345703125,0.034759521484375,0.0849609375
415,StrongVoices_23_67,0.10394287109375,0.3818359375,0.09417724609375,0.0224609375,0.039703369140625
416,StutterTalk_16_12,0.09417724609375,0.17431640625,0.018646240234375,0.017913818359375,0.0704345703125
417,StrongVoices_23_95,0.1810302734375,0.1942138671875,0.027069091796875,0.00864410400390625,0.08648681640625
418,StutterTalk_26_2,0.11029052734375,0.10504150390625,0.061187744140625,0.09332275390625,0.61865234375
419,StutteringIsCool_64_10,0.144287109375,0.267333984375,0.07171630859375,0.029541015625,0.169677734375
420,WomenWhoStutter_46_39,0.1224365234375,0.1988525390625,0.05340576171875,0.060302734375,0.7216796875
421,StrongVoices_23_134,0.2178955078125,0.144287109375,0.0316162109375,0.0119171142578125,0.04510498046875
422,WomenWhoStutter_26_25,0.11083984375,0.0982666015625,0.0296478271484375,0.08599853515625,0.03033447265625
423,StutteringIsCool_27_26,0.0953369140625,0.261962890625,0.66845703125,0.183837890625,0.07763671875
424,HeStutters_2_151,0.06427001953125,0.1385498046875,0.036895751953125,0.086181640625,0.03875732421875
425,StrongVoices_23_127,0.1708984375,0.2802734375,0.04840087890625,0.0083465576171875,0.0482177734375
426,WomenWhoStutter_97_13,0.0259552001953125,0.115966796875,0.029541015625,0.06256103515625,0.037384033203125
427,StutterTalk_26_22,0.054107666015625,0.11920166015625,0.017242431640625,0.0191650390625,0.0196075439453125
428,StutterTalk_3_6,0.0738525390625,0.408203125,0.235107421875,0.0517578125,0.120849609375
429,WomenWhoStutter_82_6,0.184326171875,0.2401123046875,0.0457763671875,0.127685546875,0.0792236328125
430,WomenWhoStutter_10_135,0.02191162109375,0.26611328125,0.1470947265625,0.04486083984375,0.0699462890625
431,StutteringIsCool_34_142,0.23974609375,0.1376953125,0.0295867919921875,0.05072021484375,0.955078125
432,StutterTalk_48_20,0.042877197265625,0.35400390625,0.307861328125,0.12548828125,0.173583984375
433,HVSA_2_21,0.1866455078125,0.11358642578125,0.058135986328125,0.2069091796875,0.5546875
434,HeStutters_12_126,0.06622314453125,0.1971435546875,0.05291748046875,0.1466064453125,0.1876220703125
435,HVSA_1_110,0.0794677734375,0.223876953125,0.02630615234375,0.006389617919921875,0.10321044921875
436,HVSA_0_26,0.061187744140625,0.232666015625,0.205322265625,0.07794189453125,0.08404541015625
437,StutterTalk_72_14,0.0640869140625,0.249267578125,0.035064697265625,0.033905029296875,0.03265380859375
438,StrongVoices_1_31,0.04052734375,0.11456298828125,0.04052734375,0.039703369140625,0.0316162109375
439,HeStutters_18_128,0.25732421875,0.083740234375,0.0154266357421875,0.08648681640625,0.57666015625
440,StutterTalk_22_8,0.123046875,0.0709228515625,0.01348114013671875,0.0401611328125,0.90771484375
441,IStutterSoWhat_3_7,0.13916015625,0.361328125,0.406982421875,0.0823974609375,0.259521484375
442,HeStutters_18_148,0.1558837890625,0.1695556640625,0.038604736328125,0.06744384765625,0.1019287109375
443,StrongVoices_32_61,0.4052734375,0.203369140625,0.0292510986328125,0.034881591796875,0.0416259765625
444,StrongVoices_9_2,0.301513671875,0.32373046875,0.08770751953125,0.048309326171875,0.11578369140625
445,StutterTalk_72_98,0.06915283203125,0.28271484375,0.04876708984375,0.060211181640625,0.0810546875
446,WomenWhoStutter_62_36,0.10723876953125,0.219482421875,0.034820556640625,0.08770751953125,0.132080078125
447,StrongVoices_21_138,0.06964111328125,0.154052734375,0.04193115234375,0.03802490234375,0.1781005859375
448,StutterTalk_12_23,0.20556640625,0.203369140625,0.2220458984375,0.07354736328125,0.1351318359375
449,StutterTalk_63_137,0.054290771484375,0.261962890625,0.1446533203125,0.0975341796875,0.2486572265625
450,WomenWhoStutter_87_47,0.02484130859375,0.2763671875,0.2998046875,0.26025390625,0.25830078125
451,StrongVoices_32_51,0.66162109375,0.2322998046875,0.2841796875,0.09979248046875,0.043212890625
452,StutterTalk_78_29,0.3544921875,0.2139892578125,0.174072265625,0.019012451171875,0.044677734375
453,MyStutteringLife_1_2,0.049774169921875,0.07452392578125,0.0222930908203125,0.0182952880859375,0.00989532470703125
454,WomenWhoStutter_33_35,0.402587890625,0.17919921875,0.023773193359375,0.0162200927734375,0.5078125
455,WomenWhoStutter_86_84,0.77587890625,0.1798095703125,0.313720703125,0.1265869140625,0.350341796875
456,HeStutters_5_19,0.020416259765625,0.29443359375,0.66162109375,0.12432861328125,0.0869140625
457,MyStutteringLife_18_10,0.10992431640625,0.093017578125,0.01483917236328125,0.0177154541015625,0.0369873046875
458,StutterTalk_58_20,0.041534423828125,0.1263427734375,0.1302490234375,0.123046875,0.165283203125
459,StrongVoices_26_20,0.13330078125,0.1527099609375,0.0229339599609375,0.0248870849609375,0.1087646484375
460,StutteringIsCool_38_6,0.1143798828125,0.1884765625,0.040924072265625,0.05865478515625,0.15673828125
461,StutterTalk_64_146,0.179443359375,0.1859130859375,0.196044921875,0.0180206298828125,0.01490020751953125
462,HeStutters_12_156,0.0894775390625,0.135498046875,0.0740966796875,0.048309326171875,0.0299835205078125
463,HeStutters_11_160,0.08758544921875,0.3544921875,0.1409912109375,0.06109619140625,0.06304931640625
464,StutterTalk_68_185,0.03240966796875,0.257080078125,0.03424072265625,0.021331787109375,0.05145263671875
465,WomenWhoStutter_30_95,0.07574462890625,0.2176513671875,0.070556640625,0.0328369140625,0.2060546875
466,StrongVoices_7_31,0.05889892578125,0.157958984375,0.047698974609375,0.03253173828125,0.042633056640625
467,WomenWhoStutter_105_4,0.312255859375,0.261962890625,0.14697265625,0.091552734375,0.1512451171875
468,HVSA_2_18,0.14599609375,0.16455078125,0.10968017578125,0.060760498046875,0.61376953125
469,StrongVoices_32_200,0.1707763671875,0.197021484375,0.0295867919921875,0.0379638671875,0.10992431640625
470,StutteringIsCool_80_1,0.09893798828125,0.364501953125,0.513671875,0.55517578125,0.22265625
471,StutteringIsCool_44_38,0.134521484375,0.195556640625,0.043365478515625,0.07684326171875,0.052337646484375
472,MyStutteringLife_39_31,0.043853759765625,0.292724609375,0.1600341796875,0.0726318359375,0.110107421875
473,StutterTalk_23_31,0.03955078125,0.17529296875,0.058349609375,0.09222412109375,0.041473388671875
474,HeStutters_5_8,0.07781982421875,0.140380859375,0.1019287109375,0.12066650390625,0.037109375
475,StutteringIsCool_34_143,0.1868896484375,0.22509765625,0.05975341796875,0.0894775390625,0.8251953125
476,HeStutters_12_152,0.080810546875,0.147705078125,0.1448974609375,0.08868408203125,0.0360107421875
477,StrongVoices_33_23,0.455810546875,0.2176513671875,0.06964111328125,0.01751708984375,0.0567626953125
478,StrongVoices_6_169,0.477783203125,0.292236328125,0.1656494140625,0.045684814453125,0.252685546875
479,StutteringIsCool_46_35,0.1435546875,0.08251953125,0.0083465576171875,0.011688232421875,0.0305023193359375
480,StutterTalk_7_5,0.033966064453125,0.103759765625,0.0199432373046875,0.03643798828125,0.0247039794921875
481,StutterTalk_64_187,0.21435546875,0.1260986328125,0.12200927734375,0.19677734375,0.207275390625
482,StutteringIsCool_14_38,0.25244140625,0.10687255859375,0.1171875,0.1434326171875,0.433837890625
483,IStutterSoWhat_3_46,0.0276336669921875,0.28857421875,0.4326171875,0.2113037109375,0.1121826171875
484,StutteringIsCool_43_26,0.09552001953125,0.06842041015625,0.00867462158203125,0.01238250732421875,0.0203704833984375
485,HeStutters_2_34,0.04351806640625,0.164306640625,0.06231689453125,0.161376953125,0.09136962890625
486,StrongVoices_6_65,0.06304931640625,0.2374267578125,0.034698486328125,0.030853271484375,0.04803466796875
487,StrongVoices_14_9,0.6025390625,0.169921875,0.087890625,0.0496826171875,0.03155517578125
488,StutteringIsCool_45_9,0.0999755859375,0.236328125,0.0304412841796875,0.0160980224609375,0.07684326171875
489,WomenWhoStutter_82_11,0.093994140625,0.46875,0.227294921875,0.01953125,0.028106689453125
490,StrongVoices_23_247,0.369873046875,0.2239990234375,0.07122802734375,0.01116180419921875,0.0343017578125
491,StutterTalk_62_6,0.015899658203125,0.06536865234375,0.027069091796875,0.04443359375,0.0285491943359375
492,StrongVoices_12_31,0.1363525390625,0.08135986328125,0.0164642333984375,0.0489501953125,0.76318359375
493,StrongVoices_7_0,0.05242919921875,0.216064453125,0.1195068359375,0.173095703125,0.058990478515625
494,StrongVoices_25_29,0.58642578125,0.10595703125,0.04010009765625,0.02752685546875,0.55712890625
495,StrongVoices_10_163,0.59814453125,0.1358642578125,0.050140380859375,0.03948974609375,0.17333984375
496,StutterTalk_10_23,0.25634765625,0.08819580078125,0.0316162109375,0.06915283203125,0.092041015625
497,MyStutteringLife_5_3,0.0762939453125,0.17236328125,0.05242919921875,0.11517333984375,0.060302734375
498,StrongVoices_23_234,0.18505859375,0.4228515625,0.1041259765625,0.01554107666015625,0.05706787109375
499,StrongVoices_2_23,0.3798828125,0.206787109375,0.042633056640625,0.024383544921875,0.2890625
500,WomenWhoStutter_30_57,0.038177490234375,0.15869140625,0.020843505859375,0.01267242431640625,0.060760498046875
501,StrongVoices_21_53,0.06781005859375,0.1224365234375,0.03179931640625,0.034423828125,0.08416748046875
502,StutterTalk_79_28,0.24072265625,0.09234619140625,0.01898193359375,0.0099334716796875,0.03240966796875
503,StutteringIsCool_17_20,0.060089111328125,0.0889892578125,0.0147857666015625,0.07489013671875,0.06671142578125
504,HeStutters_18_131,0.07989501953125,0.1563720703125,0.0136871337890625,0.01094818115234375,0.064208984375
505,WomenWhoStutter_48_8,0.075439453125,0.1427001953125,0.033721923828125,0.055206298828125,0.1573486328125
506,WomenWhoStutter_2_93,0.363037109375,0.1805419921875,0.057708740234375,0.02001953125,0.07135009765625
507,WomenWhoStutter_42_19,0.430419921875,0.1375732421875,0.0574951171875,0.08831787109375,0.1273193359375
508,StutterTalk_64_5,0.11981201171875,0.3115234375,0.63623046875,0.2880859375,0.298095703125
509,WomenWhoStutter_21_57,0.1954345703125,0.300537109375,0.26806640625,0.06243896484375,0.06231689453125
510,StutterTalk_37_175,0.2197265625,0.230712890625,0.1976318359375,0.1556396484375,0.0863037109375
511,HeStutters_11_198,0.12890625,0.41162109375,0.57666015625,0.159912109375,0.128173828125
512,WomenWhoStutter_81_109,0.276611328125,0.264892578125,0.14599609375,0.0212860107421875,0.08038330078125
513,StutterTalk_8_106,0.0970458984375,0.2445068359375,0.2252197265625,0.13818359375,0.35400390625
514,MyStutteringLife_0_12,0.0193023681640625,0.092041015625,0.044189453125,0.07196044921875,0.09088134765625
515,StutterTalk_77_38,0.313720703125,0.250244140625,0.0953369140625,0.1190185546875,0.045684814453125
516,StutterTalk_9_8,0.0489501953125,0.0869140625,0.025665283203125,0.063720703125,0.026458740234375
517,StrongVoices_9_13,0.18505859375,0.100341796875,0.027435302734375,0.00919342041015625,0.03607177734375
518,HeStutters_2_21,0.04559326171875,0.254638671875,0.07208251953125,0.202392578125,0.215576171875
519,WomenWhoStutter_14_114,0.037750244140625,0.1759033203125,0.05865478515625,0.2315673828125,0.07318115234375
520,StrongVoices_5_30,0.12158203125,0.220703125,0.0180511474609375,0.012725830078125,0.0328369140625
521,WomenWhoStutter_2_144,0.313232421875,0.08416748046875,0.0164642333984375,0.0199127197265625,0.69091796875
522,HeStutters_2_14,0.037811279296875,0.1978759765625,0.07904052734375,0.103759765625,0.089111328125
523,WomenWhoStutter_105_38,0.1231689453125,0.366943359375,0.12200927734375,0.0560302734375,0.37451171875
524,StrongVoices_21_128,0.09771728515625,0.196533203125,0.07781982421875,0.11920166015625,0.06622314453125
525,HeStutters_12_210,0.0582275390625,0.16064453125,0.0352783203125,0.1513671875,0.10394287109375
526,StutterTalk_64_80,0.07318115234375,0.1165771484375,0.05877685546875,0.042633056640625,0.73974609375
527,StrongVoices_32_75,0.440673828125,0.13916015625,0.0229339599609375,0.010986328125,0.2998046875
528,StutterTalk_72_62,0.043212890625,0.33935546875,0.1334228515625,0.07904052734375,0.1536865234375
529,StrongVoices_28_18,0.290771484375,0.247314453125,0.05792236328125,0.0296478271484375,0.0535888671875
530,WomenWhoStutter_86_17,0.081787109375,0.11419677734375,0.0282135009765625,0.2047119140625,0.892578125
531,StutterTalk_63_160,0.53662109375,0.1929931640625,0.04913330078125,0.033477783203125,0.0850830078125
532,WomenWhoStutter_86_16,0.09234619140625,0.124755859375,0.061187744140625,0.2257080078125,0.7646484375
533,StutteringIsCool_1_22,0.6259765625,0.244384765625,0.127197265625,0.0299835205078125,0.169921875
534,StrongVoices_21_186,0.06903076171875,0.1033935546875,0.0509033203125,0.08758544921875,0.055206298828125
535,StutterTalk_63_111,0.0970458984375,0.355224609375,0.208984375,0.037750244140625,0.268798828125
536,StrongVoices_0_18,0.498779296875,0.1748046875,0.047882080078125,0.0282135009765625,0.033538818359375
537,WomenWhoStutter_64_6,0.1937255859375,0.1361083984375,0.10052490234375,0.18798828125,0.72412109375
538,StrongVoices_23_253,0.07696533203125,0.427734375,0.31591796875,0.07159423828125,0.03607177734375
539,WomenWhoStutter_97_183,0.259521484375,0.379150390625,0.256103515625,0.148193359375,0.12939453125
540,StrongVoices_2_10,0.06109619140625,0.1409912109375,0.058563232421875,0.040008544921875,0.0173797607421875
541,StutteringIsCool_50_9,0.0855712890625,0.42431640625,0.06707763671875,0.02191162109375,0.09088134765625
542,StutterTalk_49_34,0.04400634765625,0.08538818359375,0.017303466796875,0.03338623046875,0.030792236328125
543,StutteringIsCool_75_5,0.1649169921875,0.218017578125,0.08270263671875,0.077392578125,0.07708740234375
544,StutterTalk_72_56,0.04376220703125,0.302978515625,0.09088134765625,0.0885009765625,0.09979248046875
545,WomenWhoStutter_42_123,0.08538818359375,0.274658203125,0.10992431640625,0.124755859375,0.056976318359375
546,StutterTalk_25_131,0.1153564453125,0.173583984375,0.020843505859375,0.00905609130859375,0.0173797607421875
547,StutterTalk_64_23,0.2105712890625,0.0982666015625,0.1131591796875,0.01374053955078125,0.015960693359375
548,StutteringIsCool_34_123,0.097412109375,0.1279296875,0.061187744140625,0.31396484375,0.452392578125
549,StrongVoices_32_70,0.26806640625,0.306396484375,0.057708740234375,0.011199951171875,0.0255584716796875
550,HeStutters_11_49,0.0252227783203125,0.40234375,0.190673828125,0.0863037109375,0.08050537109375
551,StutterTalk_8_60,0.1015625,0.282470703125,0.30126953125,0.041229248046875,0.1383056640625
552,StrongVoices_4_22,0.1788330078125,0.1517333984375,0.03753662109375,0.07147216796875,0.9453125
553,HVSA_2_131,0.07574462890625,0.19091796875,0.2254638671875,0.1943359375,0.1669921875
554,StutterTalk_37_39,0.048492431640625,0.109130859375,0.047882080078125,0.29052734375,0.44921875
555,HeStutters_18_18,0.1263427734375,0.168212890625,0.02337646484375,0.08709716796875,0.12420654296875
556,StrongVoices_10_125,0.271484375,0.290771484375,0.156982421875,0.038543701171875,0.264404296875
557,StutteringIsCool_64_16,0.328857421875,0.2113037109375,0.0460205078125,0.041473388671875,0.763671875
558,StrongVoices_5_29,0.190673828125,0.25537109375,0.033599853515625,0.0209197998046875,0.2022705078125
559,StutterTalk_26_130,0.029754638671875,0.332763671875,0.32958984375,0.10992431640625,0.036285400390625
560,WomenWhoStutter_96_113,0.1500244140625,0.16455078125,0.05419921875,0.27587890625,0.31298828125
561,HeStutters_3_38,0.0305023193359375,0.2802734375,0.0838623046875,0.06793212890625,0.06634521484375
562,StrongVoices_21_143,0.0816650390625,0.160400390625,0.03643798828125,0.0838623046875,0.415771484375
563,StutteringIsCool_77_28,0.25634765625,0.517578125,0.5048828125,0.07696533203125,0.07330322265625
564,StrongVoices_23_187,0.487060546875,0.286865234375,0.1646728515625,0.01512908935546875,0.10089111328125
565,HeStutters_17_26,0.224365234375,0.1746826171875,0.050048828125,0.0204925537109375,0.455322265625
566,StutterTalk_77_30,0.23974609375,0.28125,0.17333984375,0.0970458984375,0.2034912109375
567,WomenWhoStutter_10_31,0.07171630859375,0.1964111328125,0.04949951171875,0.06982421875,0.08868408203125
568,StutterTalk_7_13,0.212890625,0.442138671875,0.1231689453125,0.0704345703125,0.296630859375
569,StutterTalk_26_115,0.1507568359375,0.36767578125,0.322509765625,0.51123046875,0.30419921875
570,StutteringIsCool_80_108,0.18896484375,0.09808349609375,0.03753662109375,0.18994140625,0.755859375
571,StutterTalk_59_4,0.02606201171875,0.093017578125,0.0224609375,0.040313720703125,0.0299835205078125
572,StutterTalk_62_19,0.0235595703125,0.1134033203125,0.04052734375,0.08197021484375,0.150146484375
573,StutterTalk_1_15,0.08587646484375,0.206787109375,0.135498046875,0.406982421875,0.5380859375
574,StutteringIsCool_75_25,0.09173583984375,0.391357421875,0.4228515625,0.07904052734375,0.042236328125
575,WomenWhoStutter_81_97,0.1224365234375,0.268310546875,0.053985595703125,0.044677734375,0.034881591796875
576,HeStutters_11_33,0.1444091796875,0.199951171875,0.040618896484375,0.06304931640625,0.77685546875
577,HVSA_0_117,0.047943115234375,0.310791015625,0.2333984375,0.1014404296875,0.093505859375
578,StrongVoices_1_13,0.030670166015625,0.2135009765625,0.058135986328125,0.039947509765625,0.046905517578125
579,WomenWhoStutter_87_160,0.11029052734375,0.34375,0.185546875,0.08740234375,0.140869140625
580,StutterTalk_49_37,0.086181640625,0.393310546875,0.2020263671875,0.14892578125,0.252197265625
581,StutterTalk_51_34,0.02215576171875,0.1500244140625,0.06463623046875,0.10247802734375,0.2139892578125
582,WomenWhoStutter_96_187,0.056640625,0.171630859375,0.178955078125,0.1298828125,0.037750244140625
583,HeStutters_18_203,0.08538818359375,0.200439453125,0.1829833984375,0.218994140625,0.07611083984375
584,StutterTalk_10_2,0.049224853515625,0.08038330078125,0.0200958251953125,0.11083984375,0.07598876953125
585,WomenWhoStutter_97_168,0.047943115234375,0.2098388671875,0.060760498046875,0.1351318359375,0.3369140625
586,WomenWhoStutter_49_35,0.13427734375,0.259765625,0.053802490234375,0.0616455078125,0.07135009765625
587,StrongVoices_32_141,0.71533203125,0.1951904296875,0.217041015625,0.072265625,0.0582275390625
588,WomenWhoStutter_30_37,0.43603515625,0.242919921875,0.1387939453125,0.024658203125,0.017303466796875
589,StutterTalk_22_23,0.0287628173828125,0.1282958984375,0.041839599609375,0.2083740234375,0.1246337890625
590,StutterTalk_15_29,0.06280517578125,0.1033935546875,0.03460693359375,0.06597900390625,0.10723876953125
591,StrongVoices_10_139,0.2425537109375,0.2430419921875,0.07989501953125,0.0279541015625,0.051177978515625
592,WomenWhoStutter_87_144,0.09039306640625,0.4111328125,0.460205078125,0.06982421875,0.05389404296875
593,HeStutters_11_112,0.14892578125,0.1246337890625,0.03759765625,0.06768798828125,0.943359375
594,StutterTalk_40_3,0.08135986328125,0.156982421875,0.0240478515625,0.0131683349609375,0.0295867919921875
595,WomenWhoStutter_102_7,0.51416015625,0.1536865234375,0.08038330078125,0.052337646484375,0.6494140625
596,StrongVoices_32_170,0.039703369140625,0.25830078125,0.1539306640625,0.0831298828125,0.315673828125
597,StutteringIsCool_38_33,0.039337158203125,0.047698974609375,0.01422882080078125,0.0230712890625,0.0241851806640625
598,StutteringIsCool_46_95,0.03656005859375,0.1993408203125,0.1619873046875,0.089599609375,0.06396484375
599,StrongVoices_17_15,0.0740966796875,0.227783203125,0.0182342529296875,0.0187225341796875,0.07720947265625
600,StrongVoices_13_33,0.1343994140625,0.182373046875,0.045684814453125,0.0170440673828125,0.0252685546875
601,IStutterSoWhat_0_71,0.0762939453125,0.172607421875,0.0296478271484375,0.1044921875,0.2225341796875
602,MyStutteringLife_19_31,0.1602783203125,0.131103515625,0.03607177734375,0.06243896484375,0.051177978515625
603,HVSA_0_103,0.2042236328125,0.29150390625,0.082275390625,0.153564453125,0.1329345703125
604,StrongVoices_14_10,0.25732421875,0.2120361328125,0.08447265625,0.03265380859375,0.12359619140625
605,StutteringIsCool_79_36,0.09136962890625,0.408935546875,0.4560546875,0.2322998046875,0.06744384765625
606,StrongVoices_6_203,0.10540771484375,0.280029296875,0.058990478515625,0.0268096923828125,0.037322998046875
607,StutterTalk_72_15,0.11962890625,0.21484375,0.04010009765625,0.01056671142578125,0.025421142578125
608,StrongVoices_10_86,0.0386962890625,0.1844482421875,0.1240234375,0.0245208740234375,0.055816650390625
609,StrongVoices_19_9,0.230224609375,0.1622314453125,0.040252685546875,0.037811279296875,0.495361328125
610,HeStutters_11_167,0.35546875,0.202392578125,0.047698974609375,0.0635986328125,0.253662109375
611,StutterTalk_64_102,0.1134033203125,0.17431640625,0.12359619140625,0.206787109375,0.56103515625
612,StutteringIsCool_33_3,0.07305908203125,0.1796875,0.1815185546875,0.03302001953125,0.037200927734375
613,HeStutters_11_99,0.09588623046875,0.244140625,0.052337646484375,0.11474609375,0.7109375
614,StutterTalk_26_7,0.08929443359375,0.34912109375,0.05126953125,0.047149658203125,0.157958984375
615,StutteringIsCool_34_125,0.1629638671875,0.19482421875,0.094482421875,0.050140380859375,0.07879638671875
616,HeStutters_2_187,0.284423828125,0.2393798828125,0.1470947265625,0.313232421875,0.57080078125
617,WomenWhoStutter_30_8,0.31494140625,0.326416015625,0.1563720703125,0.11962890625,0.09844970703125
618,StutterTalk_64_109,0.08740234375,0.146240234375,0.01934814453125,0.0244293212890625,0.142822265625
619,StutterTalk_3_8,0.262451171875,0.306884765625,0.25390625,0.011962890625,0.08709716796875
620,StutterTalk_1_21,0.0177154541015625,0.1707763671875,0.0830078125,0.035614013671875,0.0360107421875
621,MyStutteringLife_1_36,0.09808349609375,0.1939697265625,0.033599853515625,0.0280609130859375,0.077392578125
622,StutterTalk_63_30,0.28466796875,0.090576171875,0.013275146484375,0.060516357421875,0.66064453125
623,StrongVoices_2_21,0.07476806640625,0.172119140625,0.024932861328125,0.0187225341796875,0.10107421875
624,WomenWhoStutter_107_34,0.09619140625,0.0872802734375,0.01666259765625,0.00937652587890625,0.0296478271484375
625,StutterTalk_37_178,0.041839599609375,0.06707763671875,0.01214599609375,0.046722412109375,0.05194091796875
626,IStutterSoWhat_0_59,0.0236053466796875,0.10321044921875,0.0224609375,0.0394287109375,0.057373046875
627,StrongVoices_10_9,0.4716796875,0.196044921875,0.10650634765625,0.035675048828125,0.022247314453125
628,StutteringIsCool_1_38,0.372314453125,0.2359619140625,0.12890625,0.126953125,0.482666015625
629,StrongVoices_6_123,0.063720703125,0.2001953125,0.047149658203125,0.037384033203125,0.059661865234375
630,StutterTalk_12_26,0.1458740234375,0.1163330078125,0.174560546875,0.298583984375,0.82666015625
631,StrongVoices_9_18,0.1700439453125,0.251220703125,0.042816162109375,0.0982666015625,0.475341796875
632,StutterTalk_72_187,0.1756591796875,0.27099609375,0.0728759765625,0.153076171875,0.5986328125
633,HVSA_2_78,0.040924072265625,0.08831787109375,0.040374755859375,0.197021484375,0.300048828125
634,StutterTalk_26_87,0.234619140625,0.31591796875,0.0313720703125,0.03656005859375,0.166259765625
635,HeStutters_16_71,0.23681640625,0.2509765625,0.161865234375,0.082275390625,0.07354736328125
636,HVSA_0_35,0.1630859375,0.321533203125,0.1444091796875,0.06280517578125,0.1759033203125
637,WomenWhoStutter_97_129,0.11968994140625,0.1561279296875,0.10723876953125,0.1326904296875,0.0546875
638,StrongVoices_21_115,0.0343017578125,0.0792236328125,0.00930023193359375,0.0189361572265625,0.045257568359375
639,HeStutters_12_70,0.09075927734375,0.320068359375,0.46044921875,0.1553955078125,0.04681396484375
640,IStutterSoWhat_3_20,0.11358642578125,0.132568359375,0.16748046875,0.237060546875,0.7939453125
641,WomenWhoStutter_30_12,0.04010009765625,0.284423828125,0.1746826171875,0.044586181640625,0.023956298828125
642,StrongVoices_12_32,0.196533203125,0.1795654296875,0.028656005859375,0.0213623046875,0.281982421875
643,MyStutteringLife_1_11,0.04302978515625,0.1534423828125,0.027374267578125,0.010528564453125,0.05499267578125
644,HeStutters_11_18,0.428466796875,0.1251220703125,0.0250396728515625,0.01678466796875,0.038604736328125
645,WomenWhoStutter_35_29,0.0867919921875,0.20751953125,0.08062744140625,0.09979248046875,0.09271240234375
646,StrongVoices_21_158,0.060638427734375,0.06634521484375,0.011688232421875,0.05194091796875,0.09320068359375
647,WomenWhoStutter_22_13,0.070068359375,0.2998046875,0.2127685546875,0.37060546875,0.0633544921875
648,MyStutteringLife_21_20,0.045867919921875,0.3203125,0.320068359375,0.058441162109375,0.047607421875
649,HeStutters_19_111,0.08526611328125,0.228515625,0.0287628173828125,0.1636962890625,0.25634765625
650,StutterTalk_64_16,0.03607177734375,0.12139892578125,0.0276947021484375,0.07122802734375,0.03582763671875
651,StrongVoices_21_107,0.03253173828125,0.07147216796875,0.026763916015625,0.030792236328125,0.0305023193359375
652,StutterTalk_1_10,0.0282135009765625,0.1259765625,0.07781982421875,0.3134765625,0.189208984375
653,WomenWhoStutter_87_134,0.080078125,0.19580078125,0.038818359375,0.10284423828125,0.87646484375
654,WomenWhoStutter_64_37,0.1419677734375,0.303955078125,0.27197265625,0.1292724609375,0.4609375
655,WomenWhoStutter_96_189,0.02606201171875,0.2880859375,0.161865234375,0.05865478515625,0.028594970703125
656,StutterTalk_34_36,0.11676025390625,0.229248046875,0.05877685546875,0.047698974609375,0.06610107421875
657,StutterTalk_66_9,0.11456298828125,0.274658203125,0.118408203125,0.0282745361328125,0.039947509765625
658,StutteringIsCool_80_33,0.26318359375,0.2115478515625,0.1446533203125,0.0192413330078125,0.130126953125
659,StutterTalk_26_96,0.043853759765625,0.18212890625,0.0245208740234375,0.020599365234375,0.0379638671875
660,StutteringIsCool_38_39,0.34375,0.239501953125,0.07708740234375,0.1063232421875,0.8896484375
661,StutteringIsCool_80_94,0.1007080078125,0.097412109375,0.0322265625,0.04327392578125,0.036773681640625
662,HeStutters_10_36,0.042083740234375,0.034942626953125,0.0094146728515625,0.114990234375,0.1580810546875
663,WomenWhoStutter_62_155,0.03582763671875,0.059539794921875,0.01312255859375,0.035552978515625,0.10858154296875
664,StutteringIsCool_40_23,0.05560302734375,0.11517333984375,0.116943359375,0.0261077880859375,0.041229248046875
665,StutterTalk_3_34,0.10614013671875,0.230712890625,0.2010498046875,0.253173828125,0.34716796875
666,StutteringIsCool_70_34,0.04510498046875,0.05560302734375,0.0222930908203125,0.050140380859375,0.1124267578125
667,StutterTalk_64_91,0.244384765625,0.19189453125,0.1343994140625,0.25244140625,0.464111328125
668,HeStutters_12_153,0.11578369140625,0.240966796875,0.1259765625,0.282470703125,0.0982666015625
669,StrongVoices_7_18,0.01812744140625,0.26416015625,0.18408203125,0.1849365234375,0.04803466796875
670,StrongVoices_5_18,0.28955078125,0.235107421875,0.0517578125,0.051177978515625,0.09124755859375
671,StutterTalk_78_7,0.10302734375,0.14013671875,0.17529296875,0.08819580078125,0.09808349609375
672,StrongVoices_32_67,0.377197265625,0.10992431640625,0.011688232421875,0.038116455078125,0.07196044921875
673,StutterTalk_25_5,0.026458740234375,0.252197265625,0.056854248046875,0.051361083984375,0.039337158203125
674,StrongVoices_14_7,0.163818359375,0.1998291015625,0.1258544921875,0.07574462890625,0.41650390625
675,StutteringIsCool_64_11,0.08770751953125,0.17333984375,0.0271759033203125,0.047149658203125,0.66650390625
676,HeStutters_19_154,0.2088623046875,0.189208984375,0.10723876953125,0.21142578125,0.07806396484375
677,WomenWhoStutter_86_81,0.169189453125,0.1884765625,0.034820556640625,0.1177978515625,0.56640625
678,StutterTalk_49_31,0.06890869140625,0.05242919921875,0.022369384765625,0.0202178955078125,0.0185089111328125
679,HeStutters_11_92,0.080810546875,0.1339111328125,0.04327392578125,0.035552978515625,0.021209716796875
680,StrongVoices_6_67,0.120849609375,0.183837890625,0.019561767578125,0.026458740234375,0.036895751953125
681,StutterTalk_72_67,0.06304931640625,0.36669921875,0.1746826171875,0.092041015625,0.2078857421875
682,StutterTalk_51_1,0.04193115234375,0.2342529296875,0.047088623046875,0.0196075439453125,0.01483917236328125
683,StrongVoices_6_189,0.5517578125,0.1903076171875,0.043701171875,0.03265380859375,0.450439453125
684,StutterTalk_10_35,0.08758544921875,0.08197021484375,0.0360107421875,0.10211181640625,0.020599365234375
685,StrongVoices_23_21,0.356201171875,0.1927490234375,0.043701171875,0.01433563232421875,0.1094970703125
686,StutteringIsCool_69_3,0.046295166015625,0.1678466796875,0.09185791015625,0.2509765625,0.2327880859375
687,StutterTalk_12_1,0.0816650390625,0.0615234375,0.040313720703125,0.06719970703125,0.07183837890625
688,HeStutters_12_211,0.08477783203125,0.34130859375,0.32373046875,0.1544189453125,0.118408203125
689,StrongVoices_0_30,0.0872802734375,0.16650390625,0.04046630859375,0.04010009765625,0.048492431640625
690,WomenWhoStutter_108_21,0.05633544921875,0.23193359375,0.1942138671875,0.22607421875,0.2310791015625
691,WomenWhoStutter_73_14,0.125732421875,0.185546875,0.0855712890625,0.365966796875,0.185546875
692,WomenWhoStutter_25_1,0.06719970703125,0.167724609375,0.028656005859375,0.018157958984375,0.0265045166015625
693,WomenWhoStutter_79_12,0.2362060546875,0.102294921875,0.0189361572265625,0.0379638671875,0.60205078125
694,StutteringIsCool_80_2,0.042633056640625,0.05718994140625,0.021697998046875,0.11029052734375,0.057281494140625
695,StutteringIsCool_34_165,0.140625,0.3271484375,0.1236572265625,0.040985107421875,0.455810546875
696,WomenWhoStutter_30_24,0.026611328125,0.0894775390625,0.0190582275390625,0.029754638671875,0.0482177734375
697,WomenWhoStutter_62_62,0.1187744140625,0.1470947265625,0.07354736328125,0.26171875,0.362060546875
698,StrongVoices_21_134,0.280517578125,0.26123046875,0.123779296875,0.100341796875,0.17529296875
699,WomenWhoStutter_107_31,0.1761474609375,0.15283203125,0.0182342529296875,0.033721923828125,0.10992431640625
700,HeStutters_18_36,0.1654052734375,0.32373046875,0.1397705078125,0.227783203125,0.07965087890625
701,IStutterSoWhat_3_78,0.100341796875,0.146484375,0.1087646484375,0.34814453125,0.50390625
702,StrongVoices_10_180,0.12359619140625,0.1942138671875,0.046722412109375,0.0220794677734375,0.0411376953125
703,StrongVoices_21_193,0.041534423828125,0.23779296875,0.078369140625,0.0782470703125,0.07720947265625
704,StutterTalk_60_5,0.1239013671875,0.1519775390625,0.0201416015625,0.0994873046875,0.82470703125
705,StutterTalk_25_47,0.011962890625,0.189208984375,0.11737060546875,0.1331787109375,0.1737060546875
706,StutteringIsCool_40_3,0.03448486328125,0.1309814453125,0.06805419921875,0.0310211181640625,0.0293731689453125
707,StrongVoices_29_6,0.06683349609375,0.06561279296875,0.0147857666015625,0.0225830078125,0.03326416015625
708,StutteringIsCool_15_32,0.036895751953125,0.0574951171875,0.00867462158203125,0.015960693359375,0.0284423828125
709,HeStutters_11_186,0.1773681640625,0.276123046875,0.315185546875,0.06622314453125,0.25146484375
710,StrongVoices_32_150,0.384765625,0.1737060546875,0.036834716796875,0.038970947265625,0.05572509765625
711,StutterTalk_12_36,0.2208251953125,0.10992431640625,0.1661376953125,0.061309814453125,0.11962890625
712,StrongVoices_10_103,0.1015625,0.33349609375,0.2005615234375,0.07171630859375,0.08587646484375
713,StutterTalk_7_24,0.05389404296875,0.181640625,0.042022705078125,0.0165252685546875,0.01934814453125
714,MyStutteringLife_0_32,0.06842041015625,0.126953125,0.0966796875,0.1248779296875,0.08599853515625
715,MyStutteringLife_0_35,0.325927734375,0.2176513671875,0.09039306640625,0.036285400390625,0.05194091796875
716,StrongVoices_32_176,0.272216796875,0.285888671875,0.029083251953125,0.042022705078125,0.07861328125
717,HVSA_0_91,0.28271484375,0.26611328125,0.44140625,0.0723876953125,0.0582275390625
718,HeStutters_2_138,0.046722412109375,0.1990966796875,0.232177734375,0.1993408203125,0.07421875
719,StutterTalk_37_90,0.06756591796875,0.1666259765625,0.10504150390625,0.10357666015625,0.0391845703125
720,StrongVoices_32_99,0.18408203125,0.16650390625,0.0384521484375,0.01306915283203125,0.0087432861328125
721,StutterTalk_26_35,0.024383544921875,0.11419677734375,0.0131683349609375,0.0231475830078125,0.035400390625
722,StutterTalk_69_26,0.52783203125,0.1514892578125,0.0206451416015625,0.033203125,0.2900390625
723,StrongVoices_23_204,0.369140625,0.267822265625,0.05194091796875,0.01129150390625,0.06597900390625
724,HeStutters_12_163,0.2325439453125,0.160888671875,0.12408447265625,0.1124267578125,0.0869140625
725,StutterTalk_59_12,0.0699462890625,0.1263427734375,0.0199127197265625,0.114990234375,0.05194091796875
726,WomenWhoStutter_27_5,0.296630859375,0.3828125,0.1534423828125,0.0830078125,0.053497314453125
727,StutterTalk_16_5,0.295654296875,0.1429443359375,0.035888671875,0.028594970703125,0.038330078125
728,WomenWhoStutter_87_29,0.03314208984375,0.31591796875,0.3203125,0.2490234375,0.26708984375
729,StrongVoices_21_36,0.1070556640625,0.166015625,0.037200927734375,0.0219879150390625,0.1668701171875
730,MyStutteringLife_0_18,0.037261962890625,0.11102294921875,0.01214599609375,0.0127716064453125,0.0574951171875
731,WomenWhoStutter_30_27,0.09600830078125,0.4599609375,0.413330078125,0.09930419921875,0.09637451171875
732,StutteringIsCool_40_19,0.10504150390625,0.06500244140625,0.0256195068359375,0.0135345458984375,0.05633544921875
733,HeStutters_11_125,0.07452392578125,0.230224609375,0.10125732421875,0.11358642578125,0.07452392578125
734,HVSA_0_68,0.3427734375,0.07696533203125,0.023101806640625,0.0161590576171875,0.30908203125
735,WomenWhoStutter_14_18,0.275634765625,0.27880859375,0.1318359375,0.07366943359375,0.056854248046875
736,StutteringIsCool_29_31,0.024932861328125,0.06732177734375,0.04779052734375,0.146728515625,0.229248046875
737,HeStutters_18_53,0.034088134765625,0.0701904296875,0.0240936279296875,0.140869140625,0.0765380859375
738,StrongVoices_25_6,0.1788330078125,0.132080078125,0.0283355712890625,0.042877197265625,0.08599853515625
739,HeStutters_17_27,0.19287109375,0.1163330078125,0.0222015380859375,0.052825927734375,0.9013671875
740,StutterTalk_64_44,0.08990478515625,0.139892578125,0.0482177734375,0.092529296875,0.312255859375
741,StutterTalk_8_80,0.255126953125,0.1424560546875,0.0738525390625,0.090576171875,0.92431640625
742,HeStutters_16_211,0.3447265625,0.340087890625,0.3779296875,0.0509033203125,0.1971435546875
743,HeStutters_2_125,0.3720703125,0.34716796875,0.275634765625,0.35400390625,0.26806640625
744,WomenWhoStutter_97_177,0.1885986328125,0.161376953125,0.040924072265625,0.196044921875,0.42529296875
745,StutteringIsCool_80_123,0.03759765625,0.224365234375,0.048583984375,0.138671875,0.219482421875
746,StrongVoices_10_211,0.03143310546875,0.224609375,0.0282135009765625,0.02191162109375,0.0703125
747,WomenWhoStutter_2_44,0.1455078125,0.10858154296875,0.0177764892578125,0.033843994140625,0.11962890625
748,StutterTalk_72_13,0.13720703125,0.2109375,0.0312042236328125,0.0616455078125,0.059539794921875
749,StutterTalk_49_39,0.0271759033203125,0.1514892578125,0.0364990234375,0.057281494140625,0.1434326171875
750,StutterTalk_63_161,0.038238525390625,0.05865478515625,0.0117340087890625,0.02386474609375,0.03271484375
751,HeStutters_2_37,0.09967041015625,0.1263427734375,0.023773193359375,0.14306640625,0.1094970703125
752,StrongVoices_2_33,0.255615234375,0.25634765625,0.05511474609375,0.05126953125,0.043212890625
753,StrongVoices_19_7,0.1937255859375,0.054595947265625,0.0082855224609375,0.03265380859375,0.15673828125
754,StrongVoices_25_24,0.1224365234375,0.2413330078125,0.058135986328125,0.027587890625,0.1478271484375
755,StutterTalk_16_31,0.2015380859375,0.1756591796875,0.271484375,0.439208984375,0.64208984375
756,HVSA_0_118,0.04595947265625,0.189697265625,0.04949951171875,0.09600830078125,0.66796875
757,WomenWhoStutter_30_151,0.04534912109375,0.08831787109375,0.020294189453125,0.0104522705078125,0.011199951171875
758,HeStutters_11_53,0.042388916015625,0.175537109375,0.037811279296875,0.09588623046875,0.052032470703125
759,StrongVoices_14_11,0.09930419921875,0.184814453125,0.036163330078125,0.0192718505859375,0.0207977294921875
760,HVSA_2_99,0.06658935546875,0.348876953125,0.47265625,0.281494140625,0.2333984375
761,HVSA_3_44,0.06622314453125,0.1578369140625,0.0850830078125,0.040771484375,0.10894775390625
762,HeStutters_2_157,0.0343017578125,0.1480712890625,0.048583984375,0.1490478515625,0.0726318359375
763,HVSA_2_94,0.063720703125,0.09466552734375,0.0182647705078125,0.10968017578125,0.27099609375
764,StutterTalk_64_137,0.07147216796875,0.1781005859375,0.06695556640625,0.012725830078125,0.027801513671875
765,StutteringIsCool_61_12,0.1611328125,0.22265625,0.06463623046875,0.043212890625,0.6328125
766,WomenWhoStutter_63_24,0.1387939453125,0.090087890625,0.01554107666015625,0.026611328125,0.060089111328125
767,IStutterSoWhat_0_102,0.1181640625,0.05975341796875,0.0224151611328125,0.0341796875,0.1673583984375
768,StrongVoices_23_182,0.372802734375,0.2281494140625,0.07366943359375,0.0153045654296875,0.0187225341796875
769,StrongVoices_10_115,0.303466796875,0.1607666015625,0.02337646484375,0.007122039794921875,0.1837158203125
770,HeStutters_5_41,0.0982666015625,0.1591796875,0.023773193359375,0.01751708984375,0.0260009765625
771,WomenWhoStutter_21_12,0.162353515625,0.1402587890625,0.039947509765625,0.017303466796875,0.01262664794921875
772,HVSA_3_123,0.693359375,0.1451416015625,0.07196044921875,0.038818359375,0.263671875
773,StrongVoices_8_37,0.083740234375,0.171630859375,0.036834716796875,0.026763916015625,0.05291748046875
774,WomenWhoStutter_86_104,0.0209197998046875,0.1610107421875,0.08447265625,0.1297607421875,0.07708740234375
775,StrongVoices_19_22,0.497314453125,0.1290283203125,0.047882080078125,0.118408203125,0.587890625
776,HVSA_0_112,0.126708984375,0.188232421875,0.1483154296875,0.052032470703125,0.08331298828125
777,StutterTalk_72_185,0.124755859375,0.28564453125,0.19482421875,0.1368408203125,0.08135986328125
778,StrongVoices_21_3,0.0867919921875,0.258056640625,0.057373046875,0.046630859375,0.2137451171875
779,StutterTalk_8_133,0.022247314453125,0.10467529296875,0.07781982421875,0.0810546875,0.0526123046875
780,StutterTalk_72_183,0.090087890625,0.271728515625,0.228515625,0.06951904296875,0.054107666015625
781,StrongVoices_14_30,0.27099609375,0.08447265625,0.026763916015625,0.04559326171875,0.1317138671875
782,StutterTalk_63_92,0.11260986328125,0.10467529296875,0.01282501220703125,0.032470703125,0.06536865234375
783,StrongVoices_8_1,0.446533203125,0.17822265625,0.056243896484375,0.0106964111328125,0.03656005859375
784,StutteringIsCool_79_31,0.0823974609375,0.43505859375,0.361328125,0.10992431640625,0.2352294921875
785,HVSA_1_68,0.1165771484375,0.304931640625,0.1951904296875,0.0121002197265625,0.05108642578125
786,WomenWhoStutter_30_113,0.301513671875,0.152099609375,0.12274169921875,0.05889892578125,0.04083251953125
787,StutteringIsCool_70_36,0.062103271484375,0.04559326171875,0.00734710693359375,0.021820068359375,0.04876708984375
788,WomenWhoStutter_10_116,0.40478515625,0.2139892578125,0.0855712890625,0.011871337890625,0.24169921875
789,WomenWhoStutter_76_18,0.03277587890625,0.09515380859375,0.0125274658203125,0.051361083984375,0.044097900390625
790,HVSA_1_144,0.26513671875,0.228271484375,0.181396484375,0.018768310546875,0.046905517578125
791,MyStutteringLife_0_33,0.050994873046875,0.1246337890625,0.057586669921875,0.0273284912109375,0.02215576171875
792,WomenWhoStutter_108_38,0.091064453125,0.216552734375,0.0243377685546875,0.03216552734375,0.6025390625
793,WomenWhoStutter_76_38,0.12493896484375,0.1605224609375,0.06634521484375,0.1434326171875,0.1251220703125
794,StutterTalk_3_19,0.07354736328125,0.36083984375,0.259765625,0.35791015625,0.2088623046875
795,StrongVoices_12_1,0.056854248046875,0.2425537109375,0.024566650390625,0.0153045654296875,0.046478271484375
796,StrongVoices_28_8,0.271240234375,0.2393798828125,0.07147216796875,0.08831787109375,0.33056640625
797,StutterTalk_16_13,0.385498046875,0.202880859375,0.3173828125,0.1104736328125,0.04803466796875
798,StutterTalk_16_1,0.043212890625,0.29931640625,0.1395263671875,0.061187744140625,0.10302734375
799,HVSA_0_19,0.06805419921875,0.418212890625,0.415283203125,0.09637451171875,0.09368896484375
800,StutterTalk_64_15,0.316162109375,0.25341796875,0.046295166015625,0.10595703125,0.455322265625
801,StutterTalk_64_12,0.1224365234375,0.08599853515625,0.047607421875,0.089599609375,0.089111328125
802,StutterTalk_58_34,0.01512908935546875,0.09173583984375,0.04840087890625,0.078369140625,0.12286376953125
803,HVSA_0_57,0.13525390625,0.06304931640625,0.0068511962890625,0.0364990234375,0.404541015625
804,HVSA_0_78,0.02532958984375,0.243408203125,0.11993408203125,0.01229095458984375,0.03704833984375
805,StrongVoices_23_116,0.289306640625,0.2232666015625,0.0455322265625,0.010009765625,0.02752685546875
806,StrongVoices_23_60,0.2064208984375,0.27978515625,0.06292724609375,0.023468017578125,0.06256103515625
807,StutterTalk_64_17,0.047332763671875,0.1187744140625,0.042083740234375,0.133056640625,0.077392578125
808,StutterTalk_25_41,0.027008056640625,0.08587646484375,0.0272216796875,0.009674072265625,0.008575439453125
809,IStutterSoWhat_3_66,0.1015625,0.376953125,0.223876953125,0.07305908203125,0.73828125
810,HVSA_2_198,0.063720703125,0.157470703125,0.1488037109375,0.2117919921875,0.090576171875
811,HVSA_1_181,0.12432861328125,0.10821533203125,0.0169219970703125,0.01512908935546875,0.445068359375
812,StrongVoices_32_12,0.348876953125,0.41015625,0.267333984375,0.1427001953125,0.0975341796875
813,WomenWhoStutter_68_8,0.2015380859375,0.1470947265625,0.0253753662109375,0.07666015625,0.5146484375
814,HVSA_3_143,0.12213134765625,0.255859375,0.432373046875,0.141845703125,0.07501220703125
815,HeStutters_16_209,0.08819580078125,0.3818359375,0.35791015625,0.1578369140625,0.09857177734375
816,WomenWhoStutter_30_135,0.027069091796875,0.1033935546875,0.0264129638671875,0.052703857421875,0.0765380859375
817,HeStutters_12_165,0.1654052734375,0.10284423828125,0.0160980224609375,0.0401611328125,0.0701904296875
818,StutterTalk_59_7,0.0266571044921875,0.10052490234375,0.05126953125,0.22802734375,0.0943603515625
819,StrongVoices_22_24,0.030853271484375,0.059326171875,0.017578125,0.0830078125,0.32177734375
820,WomenWhoStutter_21_153,0.1480712890625,0.307861328125,0.10357666015625,0.0289306640625,0.0782470703125
821,HeStutters_12_64,0.33935546875,0.2391357421875,0.143798828125,0.023101806640625,0.36376953125
822,StutterTalk_38_9,0.1751708984375,0.10687255859375,0.020294189453125,0.09588623046875,0.87451171875
823,StrongVoices_23_210,0.2342529296875,0.3193359375,0.324951171875,0.0709228515625,0.10540771484375
824,WomenWhoStutter_10_40,0.1666259765625,0.26171875,0.0472412109375,0.04803466796875,0.12188720703125
825,StutterTalk_38_32,0.10797119140625,0.202880859375,0.05645751953125,0.092529296875,0.36865234375
826,StrongVoices_10_40,0.36767578125,0.124755859375,0.0229339599609375,0.0115509033203125,0.08868408203125
827,StutterTalk_79_10,0.034820556640625,0.04779052734375,0.0083770751953125,0.0294189453125,0.032958984375
828,StutterTalk_64_183,0.153076171875,0.1500244140625,0.050323486328125,0.131591796875,0.904296875
829,HVSA_3_206,0.1402587890625,0.164306640625,0.083740234375,0.11297607421875,0.05194091796875
830,MyStutteringLife_16_36,0.1429443359375,0.36669921875,0.185546875,0.1600341796875,0.07421875
831,StrongVoices_8_3,0.430908203125,0.258056640625,0.1041259765625,0.02801513671875,0.021209716796875
832,StutteringIsCool_80_109,0.09368896484375,0.180419921875,0.1439208984375,0.20166015625,0.7109375
833,StutterTalk_26_52,0.0765380859375,0.134033203125,0.07330322265625,0.0345458984375,0.0197906494140625
834,WomenWhoStutter_14_8,0.227783203125,0.1455078125,0.03265380859375,0.04681396484375,0.045196533203125
835,StutterTalk_77_15,0.09124755859375,0.20166015625,0.04620361328125,0.08416748046875,0.058563232421875
836,StutterTalk_25_21,0.048858642578125,0.18701171875,0.0139007568359375,0.01560211181640625,0.04327392578125
837,HeStutters_16_64,0.409423828125,0.0987548828125,0.03204345703125,0.11102294921875,0.2069091796875
838,StutterTalk_34_14,0.07806396484375,0.2327880859375,0.034820556640625,0.04345703125,0.1070556640625
839,StrongVoices_6_174,0.5166015625,0.0640869140625,0.01467132568359375,0.0269622802734375,0.56494140625
840,StutterTalk_76_35,0.0190582275390625,0.1309814453125,0.0189361572265625,0.029541015625,0.048858642578125
841,WomenWhoStutter_97_88,0.2191162109375,0.158447265625,0.03173828125,0.100341796875,0.408447265625
842,StutterTalk_10_5,0.05194091796875,0.2255859375,0.0894775390625,0.02752685546875,0.01678466796875
843,StutterTalk_49_13,0.2239990234375,0.1412353515625,0.0252227783203125,0.06695556640625,0.1497802734375
844,StutterTalk_58_30,0.0217437744140625,0.0953369140625,0.057586669921875,0.1934814453125,0.1651611328125
845,StrongVoices_32_90,0.0616455078125,0.1573486328125,0.05718994140625,0.0592041015625,0.146484375
846,StutteringIsCool_80_47,0.047149658203125,0.070068359375,0.036895751953125,0.0784912109375,0.0300445556640625
847,WomenWhoStutter_14_159,0.11578369140625,0.173095703125,0.0193023681640625,0.02044677734375,0.037750244140625
848,StutterTalk_52_11,0.10357666015625,0.152587890625,0.0192718505859375,0.0701904296875,0.2255859375
849,StrongVoices_8_5,0.087890625,0.277099609375,0.148681640625,0.06695556640625,0.1239013671875
850,StutterTalk_7_16,0.0709228515625,0.138671875,0.06256103515625,0.041473388671875,0.0310821533203125
851,StutterTalk_26_191,0.462158203125,0.1993408203125,0.0706787109375,0.036712646484375,0.07794189453125
852,StutteringIsCool_40_27,0.484619140625,0.11474609375,0.0548095703125,0.029205322265625,0.1431884765625
853,StutteringIsCool_1_4,0.0537109375,0.3701171875,0.324462890625,0.06243896484375,0.11474609375
854,WomenWhoStutter_21_14,0.1395263671875,0.1800537109375,0.1337890625,0.026763916015625,0.03204345703125
855,WomenWhoStutter_13_16,0.126220703125,0.1207275390625,0.0165252685546875,0.01490020751953125,0.4853515625
856,StutterTalk_26_100,0.0802001953125,0.0966796875,0.03656005859375,0.11083984375,0.159912109375
857,MyStutteringLife_39_25,0.1083984375,0.1104736328125,0.027374267578125,0.0255126953125,0.0282745361328125
858,WomenWhoStutter_86_1,0.16845703125,0.09637451171875,0.018798828125,0.1070556640625,0.888671875
859,HVSA_2_8,0.329833984375,0.278564453125,0.640625,0.2109375,0.10614013671875
860,StrongVoices_17_12,0.07965087890625,0.200439453125,0.038330078125,0.01483917236328125,0.0257110595703125
861,StutteringIsCool_37_32,0.295654296875,0.310546875,0.2349853515625,0.041473388671875,0.038909912109375
862,StutterTalk_64_47,0.060211181640625,0.1536865234375,0.040374755859375,0.1605224609375,0.2998046875
863,StrongVoices_21_156,0.08282470703125,0.11126708984375,0.01233673095703125,0.03289794921875,0.110107421875
864,StutterTalk_30_34,0.0843505859375,0.233154296875,0.051544189453125,0.008575439453125,0.07476806640625
865,StutteringIsCool_80_88,0.03240966796875,0.11358642578125,0.033721923828125,0.058135986328125,0.07342529296875
866,StutterTalk_25_156,0.11083984375,0.0794677734375,0.01348114013671875,0.042633056640625,0.038116455078125
867,HeStutters_5_122,0.0863037109375,0.199462890625,0.10595703125,0.35791015625,0.54296875
868,StutterTalk_25_66,0.039947509765625,0.144775390625,0.01242828369140625,0.018341064453125,0.048126220703125
869,MyStutteringLife_5_8,0.035064697265625,0.3154296875,0.30419921875,0.0999755859375,0.05194091796875
870,StrongVoices_23_18,0.486328125,0.3720703125,0.205078125,0.03955078125,0.06732177734375
871,StutterTalk_8_54,0.2080078125,0.17724609375,0.11553955078125,0.335693359375,0.78564453125
872,StutterTalk_77_6,0.11029052734375,0.1873779296875,0.1165771484375,0.320068359375,0.734375
873,IStutterSoWhat_0_68,0.46435546875,0.1588134765625,0.05126953125,0.05499267578125,0.08477783203125
874,WomenWhoStutter_30_200,0.06427001953125,0.10321044921875,0.014007568359375,0.030914306640625,0.05780029296875
875,StutterTalk_8_64,0.0240936279296875,0.09930419921875,0.0850830078125,0.09222412109375,0.0966796875
876,StutteringIsCool_45_31,0.185302734375,0.17919921875,0.04302978515625,0.046905517578125,0.044921875
877,HeStutters_18_41,0.0313720703125,0.1611328125,0.11920166015625,0.415771484375,0.1375732421875
878,StutterTalk_7_31,0.070556640625,0.18701171875,0.054595947265625,0.050323486328125,0.042388916015625
879,StutterTalk_51_0,0.02685546875,0.2017822265625,0.2371826171875,0.188720703125,0.05242919921875
880,WomenWhoStutter_86_15,0.1221923828125,0.1798095703125,0.044586181640625,0.1600341796875,0.75537109375
881,WomenWhoStutter_58_5,0.25732421875,0.3154296875,0.1048583984375,0.08404541015625,0.072509765625
882,StrongVoices_32_193,0.1217041015625,0.2685546875,0.0330810546875,0.0265045166015625,0.041839599609375
883,StutteringIsCool_56_20,0.03533935546875,0.11199951171875,0.0224151611328125,0.0251312255859375,0.059967041015625
884,StutterTalk_77_13,0.4873046875,0.296875,0.2386474609375,0.054107666015625,0.109130859375
885,StrongVoices_10_21,0.08123779296875,0.1044921875,0.029754638671875,0.076416015625,0.056854248046875
886,StutterTalk_37_27,0.041778564453125,0.228515625,0.400634765625,0.09283447265625,0.08660888671875
887,StutterTalk_16_22,0.2001953125,0.1982421875,0.164794921875,0.06744384765625,0.036163330078125
888,StutterTalk_26_53,0.150634765625,0.302490234375,0.075439453125,0.04681396484375,0.380615234375
889,StrongVoices_23_2,0.266845703125,0.09368896484375,0.08270263671875,0.275390625,0.83935546875
890,StrongVoices_25_4,0.0880126953125,0.1190185546875,0.0154266357421875,0.01107025146484375,0.0127716064453125
891,StrongVoices_6_124,0.206298828125,0.277587890625,0.036773681640625,0.0070648193359375,0.052520751953125
892,StutterTalk_64_68,0.2281494140625,0.105224609375,0.11199951171875,0.021820068359375,0.018157958984375
893,WomenWhoStutter_10_160,0.045013427734375,0.0706787109375,0.0496826171875,0.11932373046875,0.050323486328125
894,StrongVoices_31_33,0.08526611328125,0.21337890625,0.03131103515625,0.0521240234375,0.10577392578125
895,StutterTalk_76_32,0.05242919921875,0.21337890625,0.0726318359375,0.01473236083984375,0.021484375
896,StutterTalk_76_30,0.450439453125,0.13037109375,0.0379638671875,0.07421875,0.75537109375
897,HeStutters_12_26,0.10540771484375,0.378662109375,0.3662109375,0.045440673828125,0.044586181640625
898,StutteringIsCool_80_102,0.0294189453125,0.1434326171875,0.287109375,0.26611328125,0.33056640625
899,IStutterSoWhat_3_158,0.6708984375,0.21435546875,0.265625,0.0775146484375,0.07366943359375
900,StrongVoices_32_120,0.275146484375,0.11676025390625,0.01406097412109375,0.0203704833984375,0.244384765625
901,StrongVoices_6_146,0.0703125,0.32568359375,0.060302734375,0.026763916015625,0.056640625
902,WomenWhoStutter_64_12,0.0537109375,0.2467041015625,0.355712890625,0.313720703125,0.5458984375
903,WomenWhoStutter_26_5,0.08331298828125,0.10821533203125,0.014617919921875,0.04595947265625,0.0517578125
904,StutterTalk_32_37,0.0257568359375,0.10211181640625,0.01107025146484375,0.0191650390625,0.06732177734375
905,StrongVoices_32_196,0.1356201171875,0.09417724609375,0.033599853515625,0.1734619140625,0.7861328125
906,StrongVoices_10_18,0.57861328125,0.1702880859375,0.0352783203125,0.019012451171875,0.3076171875
907,StutterTalk_72_99,0.03875732421875,0.370849609375,0.1971435546875,0.11614990234375,0.0965576171875
908,StutteringIsCool_62_23,0.04345703125,0.1282958984375,0.0274810791015625,0.06268310546875,0.11456298828125
909,StrongVoices_21_101,0.16943359375,0.27587890625,0.057708740234375,0.03662109375,0.0894775390625
910,StrongVoices_21_192,0.277587890625,0.1422119140625,0.033203125,0.0394287109375,0.0706787109375
911,StutterTalk_72_97,0.06951904296875,0.1689453125,0.01763916015625,0.0153656005859375,0.0279541015625
912,WomenWhoStutter_58_34,0.0743408203125,0.203857421875,0.07666015625,0.190673828125,0.1331787109375
913,WomenWhoStutter_69_13,0.297607421875,0.194580078125,0.0310211181640625,0.0235595703125,0.359375
914,StutteringIsCool_33_36,0.1385498046875,0.1258544921875,0.03790283203125,0.0616455078125,0.869140625
915,HVSA_3_125,0.09857177734375,0.2042236328125,0.089599609375,0.06744384765625,0.0726318359375
916,HVSA_0_69,0.06854248046875,0.177001953125,0.06097412109375,0.118408203125,0.12158203125
917,WomenWhoStutter_46_11,0.0264129638671875,0.16748046875,0.1748046875,0.242431640625,0.1094970703125
918,StrongVoices_23_243,0.20947265625,0.318603515625,0.08209228515625,0.0743408203125,0.568359375
919,HVSA_2_53,0.1451416015625,0.0953369140625,0.06646728515625,0.314208984375,0.265380859375
920,StrongVoices_9_9,0.08038330078125,0.05633544921875,0.0102081298828125,0.01495361328125,0.364501953125
921,StutterTalk_26_4,0.085693359375,0.1910400390625,0.0482177734375,0.0582275390625,0.0775146484375
922,WomenWhoStutter_30_159,0.044586181640625,0.1658935546875,0.02838134765625,0.0115966796875,0.035064697265625
923,WomenWhoStutter_97_176,0.07476806640625,0.312255859375,0.2012939453125,0.2095947265625,0.7392578125
924,StutterTalk_69_3,0.62646484375,0.1171875,0.0552978515625,0.03448486328125,0.04681396484375
925,MyStutteringLife_8_2,0.04913330078125,0.1973876953125,0.041473388671875,0.01094818115234375,0.035491943359375
926,MyStutteringLife_8_22,0.135498046875,0.218505859375,0.053985595703125,0.014617919921875,0.0262603759765625
927,StutterTalk_38_39,0.2310791015625,0.1678466796875,0.075439453125,0.100341796875,0.96240234375
928,StrongVoices_23_151,0.79052734375,0.2203369140625,0.271240234375,0.053009033203125,0.116943359375
929,StutterTalk_8_45,0.06866455078125,0.2359619140625,0.2440185546875,0.2398681640625,0.341552734375
930,StutterTalk_38_31,0.16943359375,0.1134033203125,0.01934814453125,0.040771484375,0.93017578125
931,HeStutters_12_155,0.09857177734375,0.1229248046875,0.0282745361328125,0.029083251953125,0.327880859375
932,StutterTalk_8_11,0.07464599609375,0.263916015625,0.416748046875,0.292236328125,0.281005859375
933,HeStutters_18_136,0.359130859375,0.061431884765625,0.0180511474609375,0.0280609130859375,0.0751953125
934,StutterTalk_37_121,0.265380859375,0.07879638671875,0.036773681640625,0.228515625,0.90478515625
935,StutteringIsCool_49_20,0.206787109375,0.1661376953125,0.0283355712890625,0.0782470703125,0.29150390625
936,StutteringIsCool_34_124,0.1083984375,0.306640625,0.07342529296875,0.06597900390625,0.63427734375
937,StutterTalk_26_152,0.06915283203125,0.446533203125,0.1700439453125,0.06231689453125,0.0509033203125
938,StrongVoices_8_28,0.09857177734375,0.33203125,0.07122802734375,0.01322174072265625,0.09844970703125
939,StutterTalk_68_82,0.0386962890625,0.1639404296875,0.0284423828125,0.02880859375,0.06939697265625
940,StutteringIsCool_81_8,0.1124267578125,0.1292724609375,0.04876708984375,0.0252227783203125,0.022979736328125
941,StutterTalk_80_16,0.01666259765625,0.09857177734375,0.035614013671875,0.05511474609375,0.034088134765625
942,WomenWhoStutter_76_25,0.0810546875,0.1273193359375,0.018341064453125,0.0537109375,0.10015869140625
943,StutterTalk_64_138,0.1749267578125,0.26220703125,0.135986328125,0.02630615234375,0.07183837890625
944,StrongVoices_0_25,0.087890625,0.26611328125,0.10302734375,0.04534912109375,0.039642333984375
945,WomenWhoStutter_97_2,0.0634765625,0.12286376953125,0.040008544921875,0.2294921875,0.2427978515625
946,HeStutters_11_157,0.248291015625,0.217529296875,0.04168701171875,0.0885009765625,0.1304931640625
947,HeStutters_17_21,0.1124267578125,0.169189453125,0.033477783203125,0.03277587890625,0.035003662109375
948,StutteringIsCool_28_7,0.178955078125,0.29736328125,0.385498046875,0.15673828125,0.70068359375
949,HVSA_0_45,0.1331787109375,0.220458984375,0.0489501953125,0.0301513671875,0.04876708984375
950,HeStutters_16_66,0.4140625,0.124755859375,0.03302001953125,0.07354736328125,0.34326171875
951,StutterTalk_8_164,0.06890869140625,0.2493896484375,0.267333984375,0.23681640625,0.3056640625
952,StutteringIsCool_15_17,0.0189056396484375,0.1668701171875,0.021820068359375,0.0164642333984375,0.04486083984375
953,HVSA_2_2,0.163818359375,0.17578125,0.056976318359375,0.1285400390625,0.80859375
954,WomenWhoStutter_5_31,0.04052734375,0.1883544921875,0.06304931640625,0.0222015380859375,0.056121826171875
955,WomenWhoStutter_52_1,0.1007080078125,0.129638671875,0.0217742919921875,0.01519012451171875,0.0299835205078125
956,WomenWhoStutter_10_161,0.0248870849609375,0.2314453125,0.1746826171875,0.051361083984375,0.04486083984375
957,WomenWhoStutter_15_4,0.0546875,0.3134765625,0.269775390625,0.04876708984375,0.033905029296875
958,StutteringIsCool_2_16,0.14111328125,0.22802734375,0.2509765625,0.0765380859375,0.1324462890625
959,StutteringIsCool_60_21,0.07696533203125,0.0953369140625,0.06915283203125,0.054412841796875,0.06427001953125
960,StutterTalk_8_70,0.027069091796875,0.102294921875,0.0231475830078125,0.01507568359375,0.2391357421875
961,StrongVoices_7_36,0.06768798828125,0.345458984375,0.357177734375,0.09619140625,0.07977294921875
962,StutterTalk_37_12,0.035003662109375,0.094482421875,0.032470703125,0.1514892578125,0.051849365234375
963,StrongVoices_23_213,0.159423828125,0.33251953125,0.09124755859375,0.01009368896484375,0.0849609375
964,IStutterSoWhat_3_153,0.05108642578125,0.1903076171875,0.301513671875,0.127685546875,0.1458740234375
965,StutterTalk_79_13,0.044921875,0.09600830078125,0.0120086669921875,0.06097412109375,0.08282470703125
966,StrongVoices_6_57,0.51708984375,0.16162109375,0.03533935546875,0.042327880859375,0.68701171875
967,StrongVoices_21_104,0.0271759033203125,0.06646728515625,0.018157958984375,0.0313720703125,0.0289306640625
968,StutterTalk_25_161,0.047882080078125,0.127685546875,0.044525146484375,0.0207977294921875,0.01971435546875
969,StutteringIsCool_33_25,0.0457763671875,0.04595947265625,0.0181884765625,0.02337646484375,0.01519012451171875
970,StutterTalk_12_0,0.08831787109375,0.07611083984375,0.0311431884765625,0.057708740234375,0.1451416015625
971,HeStutters_11_24,0.291259765625,0.32958984375,0.08251953125,0.057708740234375,0.375
972,StutterTalk_14_7,0.035675048828125,0.25244140625,0.08447265625,0.07666015625,0.285888671875
973,HVSA_2_60,0.049591064453125,0.151611328125,0.143798828125,0.4365234375,0.10858154296875
974,IStutterSoWhat_0_55,0.1611328125,0.09124755859375,0.0119171142578125,0.01107025146484375,0.329833984375
975,WomenWhoStutter_86_98,0.24658203125,0.1787109375,0.039642333984375,0.081787109375,0.90185546875
976,StutterTalk_37_44,0.0531005859375,0.1600341796875,0.11456298828125,0.11456298828125,0.1571044921875
977,IStutterSoWhat_3_0,0.268798828125,0.302001953125,0.250244140625,0.044525146484375,0.08465576171875
978,WomenWhoStutter_86_166,0.347900390625,0.09771728515625,0.031494140625,0.1695556640625,0.9130859375
979,StutterTalk_72_66,0.5791015625,0.32421875,0.2230224609375,0.10357666015625,0.2139892578125
980,MyStutteringLife_5_13,0.19482421875,0.25048828125,0.181884765625,0.025665283203125,0.060638427734375
981,StutterTalk_8_123,0.276611328125,0.1708984375,0.08587646484375,0.061187744140625,0.6728515625
982,StrongVoices_32_88,0.305908203125,0.1912841796875,0.03607177734375,0.042816162109375,0.08062744140625
983,StutteringIsCool_2_22,0.05560302734375,0.1365966796875,0.05126953125,0.042816162109375,0.0526123046875
984,StrongVoices_28_38,0.384033203125,0.2445068359375,0.048492431640625,0.00930023193359375,0.06866455078125
985,HVSA_0_22,0.05889892578125,0.3837890625,0.1668701171875,0.0182342529296875,0.050994873046875
986,StutterTalk_53_2,0.06304931640625,0.185791015625,0.1629638671875,0.07318115234375,0.81787109375
987,StutterTalk_30_31,0.086181640625,0.35888671875,0.1475830078125,0.049041748046875,0.1943359375
988,MyStutteringLife_8_9,0.129638671875,0.286376953125,0.044097900390625,0.0120086669921875,0.03790283203125
989,StrongVoices_27_26,0.176513671875,0.21337890625,0.05291748046875,0.02630615234375,0.206298828125
990,WomenWhoStutter_21_134,0.0823974609375,0.10467529296875,0.0173797607421875,0.01177978515625,0.0836181640625
991,HVSA_1_151,0.0189361572265625,0.26708984375,0.3798828125,0.09686279296875,0.07354736328125
992,StutterTalk_14_16,0.4765625,0.06451416015625,0.0325927734375,0.11553955078125,0.88232421875
993,WomenWhoStutter_87_89,0.08709716796875,0.1995849609375,0.0740966796875,0.156982421875,0.91064453125
994,WomenWhoStutter_96_119,0.1456298828125,0.1871337890625,0.055511474609375,0.2314453125,0.7744140625
995,StutterTalk_52_0,0.10247802734375,0.181884765625,0.059967041015625,0.07904052734375,0.362060546875
996,WomenWhoStutter_14_74,0.0278472900390625,0.1536865234375,0.052520751953125,0.04400634765625,0.08978271484375
997,StrongVoices_17_7,0.1181640625,0.438720703125,0.1949462890625,0.0184783935546875,0.07208251953125
998,HeStutters_16_13,0.79296875,0.11859130859375,0.09808349609375,0.0360107421875,0.09771728515625
999,StutterTalk_64_82,0.09271240234375,0.105224609375,0.0537109375,0.06805419921875,0.56201171875
1000,WomenWhoStutter_10_46,0.1851806640625,0.385498046875,0.47607421875,0.043853759765625,0.0548095703125
1001,StutterTalk_64_154,0.18505859375,0.1383056640625,0.0582275390625,0.07135009765625,0.07159423828125
1002,StrongVoices_10_116,0.187744140625,0.147705078125,0.031494140625,0.056640625,0.447021484375
1003,HVSA_2_173,0.10821533203125,0.2152099609375,0.0889892578125,0.157470703125,0.19482421875
1004,StrongVoices_31_34,0.07708740234375,0.1893310546875,0.07708740234375,0.059326171875,0.2998046875
1005,WomenWhoStutter_97_148,0.06805419921875,0.34130859375,0.5498046875,0.1624755859375,0.1087646484375
1006,StutteringIsCool_38_26,0.04931640625,0.1551513671875,0.0726318359375,0.045196533203125,0.021820068359375
1007,WomenWhoStutter_86_137,0.27734375,0.092529296875,0.0305633544921875,0.09320068359375,0.85107421875
1008,WomenWhoStutter_17_22,0.15576171875,0.235595703125,0.053802490234375,0.0276947021484375,0.027374267578125
1009,StutterTalk_18_18,0.0300445556640625,0.1314697265625,0.0701904296875,0.250244140625,0.09271240234375
1010,WomenWhoStutter_49_8,0.06634521484375,0.09283447265625,0.0290374755859375,0.138671875,0.2509765625
1011,WomenWhoStutter_37_11,0.134521484375,0.307373046875,0.1033935546875,0.017913818359375,0.0256195068359375
1012,StrongVoices_32_65,0.31396484375,0.1416015625,0.024993896484375,0.0297088623046875,0.02423095703125
1013,StutteringIsCool_1_6,0.2161865234375,0.247314453125,0.077392578125,0.035736083984375,0.058563232421875
1014,StutterTalk_8_141,0.09039306640625,0.1444091796875,0.1422119140625,0.08062744140625,0.263671875
1015,HVSA_2_192,0.08062744140625,0.1414794921875,0.08978271484375,0.10321044921875,0.021820068359375
1016,StrongVoices_21_163,0.201171875,0.184814453125,0.1063232421875,0.072265625,0.281982421875
1017,MyStutteringLife_5_17,0.04327392578125,0.434814453125,0.5830078125,0.185546875,0.07080078125
1018,StutteringIsCool_1_37,0.045867919921875,0.1988525390625,0.1563720703125,0.1981201171875,0.095703125
1019,HeStutters_2_22,0.0360107421875,0.08599853515625,0.0182342529296875,0.053314208984375,0.06695556640625
1020,WomenWhoStutter_49_37,0.285888671875,0.06854248046875,0.00955963134765625,0.0268096923828125,0.1759033203125
1021,WomenWhoStutter_62_16,0.060211181640625,0.1507568359375,0.021453857421875,0.046539306640625,0.1654052734375
1022,StrongVoices_4_39,0.0999755859375,0.1812744140625,0.09967041015625,0.01751708984375,0.02685546875
1023,StrongVoices_23_74,0.50341796875,0.14697265625,0.0325927734375,0.0272216796875,0.441650390625
1024,HeStutters_12_137,0.02947998046875,0.1094970703125,0.034423828125,0.05706787109375,0.02001953125
1025,StutterTalk_16_15,0.1636962890625,0.1492919921875,0.033599853515625,0.030853271484375,0.043212890625
1026,WomenWhoStutter_62_198,0.0188751220703125,0.1834716796875,0.17529296875,0.223388671875,0.1044921875
1027,WomenWhoStutter_14_21,0.2135009765625,0.08819580078125,0.017578125,0.07318115234375,0.9189453125
1028,StutteringIsCool_81_38,0.1541748046875,0.0775146484375,0.0118255615234375,0.02203369140625,0.7548828125
1029,StutteringIsCool_33_12,0.048126220703125,0.0831298828125,0.01495361328125,0.01312255859375,0.081787109375
1030,IStutterSoWhat_0_69,0.3974609375,0.143798828125,0.0728759765625,0.07208251953125,0.66796875
1031,StutteringIsCool_33_29,0.097900390625,0.1954345703125,0.1259765625,0.07305908203125,0.69189453125
1032,StrongVoices_6_148,0.038818359375,0.345703125,0.0548095703125,0.045867919921875,0.114990234375
1033,WomenWhoStutter_10_157,0.146728515625,0.312255859375,0.053314208984375,0.021484375,0.05072021484375
1034,StrongVoices_21_81,0.2100830078125,0.2047119140625,0.10052490234375,0.0574951171875,0.144287109375
1035,WomenWhoStutter_87_137,0.09283447265625,0.281005859375,0.31689453125,0.576171875,0.303955078125
1036,StrongVoices_23_64,0.0869140625,0.42529296875,0.1453857421875,0.0274810791015625,0.134521484375
1037,StutterTalk_64_126,0.0258026123046875,0.0618896484375,0.00530242919921875,0.02386474609375,0.06597900390625
1038,StutterTalk_53_32,0.012054443359375,0.26904296875,0.1376953125,0.061309814453125,0.0546875
1039,StutteringIsCool_61_8,0.1019287109375,0.250732421875,0.03326416015625,0.00861358642578125,0.040313720703125
1040,StutteringIsCool_46_194,0.05975341796875,0.1876220703125,0.0303802490234375,0.036224365234375,0.049224853515625
1041,StutterTalk_25_127,0.08660888671875,0.2298583984375,0.043212890625,0.0255584716796875,0.0247039794921875
1042,StrongVoices_21_195,0.0699462890625,0.1783447265625,0.0240936279296875,0.03240966796875,0.336669921875
1043,WomenWhoStutter_30_111,0.04052734375,0.0753173828125,0.01049041748046875,0.01287078857421875,0.0255126953125
1044,StrongVoices_13_34,0.081787109375,0.46923828125,0.460205078125,0.1463623046875,0.06781005859375
1045,IStutterSoWhat_0_53,0.118408203125,0.330322265625,0.064208984375,0.01666259765625,0.10821533203125
1046,StutterTalk_72_51,0.41455078125,0.325927734375,0.5009765625,0.1884765625,0.1748046875
1047,StutteringIsCool_46_109,0.01560211181640625,0.08587646484375,0.0294189453125,0.046539306640625,0.0179901123046875
1048,WomenWhoStutter_96_35,0.145263671875,0.2335205078125,0.1416015625,0.12158203125,0.11474609375
1049,StutterTalk_64_117,0.034881591796875,0.2421875,0.2354736328125,0.1134033203125,0.06463623046875
1050,HVSA_3_155,0.143798828125,0.23681640625,0.2998046875,0.083740234375,0.08062744140625
1051,WomenWhoStutter_69_1,0.2119140625,0.160888671875,0.034027099609375,0.0325927734375,0.052825927734375
1052,StrongVoices_6_180,0.270751953125,0.2430419921875,0.051666259765625,0.0153045654296875,0.0312042236328125
1053,HVSA_1_103,0.053985595703125,0.276611328125,0.137451171875,0.032958984375,0.042327880859375
1054,StutteringIsCool_62_32,0.2083740234375,0.265380859375,0.036346435546875,0.0257568359375,0.06829833984375
1055,StutterTalk_68_75,0.0171051025390625,0.1356201171875,0.020843505859375,0.00864410400390625,0.03424072265625
1056,StutterTalk_1_9,0.1617431640625,0.505859375,0.469482421875,0.206298828125,0.25830078125
1057,HVSA_1_38,0.257568359375,0.21240234375,0.129150390625,0.0240478515625,0.356201171875
1058,HeStutters_2_97,0.0894775390625,0.300048828125,0.144775390625,0.1094970703125,0.0631103515625
1059,StrongVoices_6_175,0.09637451171875,0.1630859375,0.039703369140625,0.061981201171875,0.07183837890625
1060,HeStutters_2_135,0.070556640625,0.329833984375,0.052703857421875,0.0191650390625,0.1566162109375
1061,WomenWhoStutter_2_85,0.14990234375,0.3564453125,0.255615234375,0.06695556640625,0.1546630859375
1062,StrongVoices_33_33,0.12188720703125,0.380126953125,0.2410888671875,0.1224365234375,0.125732421875
1063,HVSA_3_64,0.051177978515625,0.260986328125,0.477783203125,0.29150390625,0.178955078125
1064,WomenWhoStutter_58_25,0.06304931640625,0.287841796875,0.07318115234375,0.03228759765625,0.052337646484375
1065,StrongVoices_32_113,0.023101806640625,0.260009765625,0.06781005859375,0.03948974609375,0.042022705078125
1066,StrongVoices_12_6,0.2354736328125,0.2381591796875,0.03033447265625,0.017181396484375,0.60205078125
1067,WomenWhoStutter_108_5,0.326904296875,0.144775390625,0.03790283203125,0.01751708984375,0.03607177734375
1068,StutteringIsCool_84_36,0.030670166015625,0.07196044921875,0.017303466796875,0.015960693359375,0.03753662109375
1069,StutterTalk_64_167,0.33251953125,0.1131591796875,0.030670166015625,0.06549072265625,0.75634765625
1070,StutteringIsCool_80_49,0.144287109375,0.40234375,0.2037353515625,0.04510498046875,0.0726318359375
1071,WomenWhoStutter_108_31,0.037811279296875,0.1837158203125,0.06744384765625,0.1019287109375,0.03643798828125
1072,StutteringIsCool_38_2,0.1417236328125,0.10504150390625,0.04107666015625,0.12261962890625,0.2230224609375
1073,StutterTalk_16_19,0.0618896484375,0.396240234375,0.54296875,0.35888671875,0.14990234375
1074,HeStutters_2_182,0.049957275390625,0.08990478515625,0.01049041748046875,0.053009033203125,0.06658935546875
1075,IStutterSoWhat_0_66,0.446044921875,0.08526611328125,0.04931640625,0.10211181640625,0.94482421875
1076,StrongVoices_23_176,0.1798095703125,0.26123046875,0.04351806640625,0.01560211181640625,0.051177978515625
1077,StutterTalk_0_5,0.1337890625,0.1422119140625,0.0154266357421875,0.0233306884765625,0.041473388671875
1078,HeStutters_11_106,0.07781982421875,0.1959228515625,0.0187225341796875,0.05560302734375,0.59033203125
1079,StutterTalk_64_150,0.028167724609375,0.06304931640625,0.0243377685546875,0.0975341796875,0.097900390625
1080,StrongVoices_32_156,0.64599609375,0.215576171875,0.2744140625,0.041778564453125,0.050811767578125
1081,HVSA_3_74,0.0269622802734375,0.162353515625,0.229248046875,0.247314453125,0.134521484375
1082,StutterTalk_76_12,0.1346435546875,0.1739501953125,0.034698486328125,0.0810546875,0.94580078125
1083,StrongVoices_6_62,0.7734375,0.129638671875,0.0604248046875,0.0328369140625,0.365234375
1084,StutterTalk_59_36,0.0238189697265625,0.169921875,0.0552978515625,0.09039306640625,0.056976318359375
1085,StrongVoices_2_8,0.477783203125,0.1812744140625,0.1739501953125,0.0391845703125,0.39599609375
1086,StutterTalk_38_18,0.07708740234375,0.08270263671875,0.01358795166015625,0.0517578125,0.49853515625
1087,StutteringIsCool_80_145,0.37646484375,0.258056640625,0.130126953125,0.03607177734375,0.1441650390625
1088,StrongVoices_32_187,0.20849609375,0.23876953125,0.02606201171875,0.0112457275390625,0.04486083984375
1089,StrongVoices_10_192,0.10321044921875,0.172607421875,0.0439453125,0.0240020751953125,0.2362060546875
1090,StrongVoices_32_147,0.435302734375,0.27783203125,0.30419921875,0.07305908203125,0.0306243896484375
1091,StutterTalk_28_37,0.07318115234375,0.1905517578125,0.089599609375,0.027069091796875,0.045684814453125
1092,StutterTalk_8_116,0.04534912109375,0.1370849609375,0.1422119140625,0.14453125,0.2076416015625
1093,WomenWhoStutter_87_164,0.11419677734375,0.338623046875,0.1715087890625,0.11199951171875,0.10687255859375
1094,StutteringIsCool_69_6,0.0255126953125,0.206298828125,0.2386474609375,0.1697998046875,0.274658203125
1095,StutterTalk_37_118,0.12548828125,0.246337890625,0.2379150390625,0.10687255859375,0.064208984375
1096,WomenWhoStutter_12_32,0.226806640625,0.1502685546875,0.01358795166015625,0.042388916015625,0.2418212890625
1097,StutterTalk_44_15,0.059661865234375,0.11920166015625,0.015838623046875,0.0180511474609375,0.027435302734375
1098,WomenWhoStutter_86_154,0.3154296875,0.1705322265625,0.06512451171875,0.161865234375,0.95556640625
1099,StutterTalk_8_46,0.07586669921875,0.1639404296875,0.0831298828125,0.052032470703125,0.42138671875
1100,StutterTalk_26_160,0.0751953125,0.124755859375,0.041534423828125,0.053314208984375,0.034027099609375
1101,WomenWhoStutter_10_193,0.178955078125,0.1163330078125,0.022369384765625,0.0321044921875,0.84765625
1102,StutterTalk_68_6,0.08660888671875,0.1492919921875,0.0276336669921875,0.100341796875,0.151611328125
1103,StutterTalk_54_14,0.10894775390625,0.1954345703125,0.1494140625,0.40283203125,0.25927734375
1104,StutteringIsCool_46_104,0.0765380859375,0.192138671875,0.04132080078125,0.03985595703125,0.34912109375
1105,StutterTalk_29_9,0.015899658203125,0.22802734375,0.12176513671875,0.0616455078125,0.057708740234375
1106,StrongVoices_7_5,0.042633056640625,0.1904296875,0.037750244140625,0.1177978515625,0.2476806640625
1107,HVSA_0_133,0.07861328125,0.350830078125,0.2216796875,0.286865234375,0.1787109375
1108,StrongVoices_21_15,0.1041259765625,0.27294921875,0.07122802734375,0.036163330078125,0.0526123046875
1109,MyStutteringLife_0_16,0.6123046875,0.10430908203125,0.03704833984375,0.03253173828125,0.1591796875
1110,HeStutters_12_80,0.03875732421875,0.30859375,0.2359619140625,0.0457763671875,0.037689208984375
1111,HeStutters_12_109,0.0823974609375,0.250244140625,0.1114501953125,0.09979248046875,0.061767578125
1112,StrongVoices_21_42,0.458251953125,0.1619873046875,0.061431884765625,0.08978271484375,0.73828125
1113,StutteringIsCool_23_14,0.06109619140625,0.049224853515625,0.04132080078125,0.0703125,0.351806640625
1114,WomenWhoStutter_2_119,0.0850830078125,0.1514892578125,0.034027099609375,0.01433563232421875,0.043853759765625
1115,StutteringIsCool_23_9,0.025665283203125,0.10052490234375,0.058990478515625,0.0169830322265625,0.03448486328125
1116,StrongVoices_28_26,0.1634521484375,0.1826171875,0.03662109375,0.0186920166015625,0.128173828125
1117,HVSA_1_41,0.1055908203125,0.29150390625,0.056640625,0.01395416259765625,0.216064453125
1118,MyStutteringLife_16_2,0.56298828125,0.1922607421875,0.0567626953125,0.0212860107421875,0.027374267578125
1119,StutterTalk_49_4,0.08135986328125,0.12548828125,0.01312255859375,0.033599853515625,0.08343505859375
1120,StutterTalk_38_4,0.0352783203125,0.14111328125,0.0185089111328125,0.0567626953125,0.09857177734375
1121,HeStutters_11_139,0.71533203125,0.1273193359375,0.0634765625,0.045684814453125,0.52294921875
1122,HVSA_2_49,0.1175537109375,0.169921875,0.0728759765625,0.1375732421875,0.051666259765625
1123,HVSA_3_202,0.03656005859375,0.20556640625,0.382568359375,0.178955078125,0.1448974609375
1124,StrongVoices_21_77,0.1590576171875,0.1229248046875,0.02532958984375,0.054901123046875,0.078369140625
1125,HVSA_3_91,0.33544921875,0.28369140625,0.402099609375,0.2467041015625,0.1370849609375
1126,StutterTalk_49_10,0.02001953125,0.06805419921875,0.0215301513671875,0.1549072265625,0.1429443359375
1127,StutterTalk_3_25,0.167724609375,0.187744140625,0.0953369140625,0.0740966796875,0.9287109375
1128,WomenWhoStutter_3_22,0.161865234375,0.336669921875,0.162109375,0.17529296875,0.189697265625
1129,HeStutters_11_170,0.286865234375,0.1373291015625,0.06927490234375,0.03704833984375,0.34130859375
1130,HVSA_2_159,0.04400634765625,0.11578369140625,0.057586669921875,0.1566162109375,0.11517333984375
1131,WomenWhoStutter_37_38,0.033966064453125,0.166015625,0.049774169921875,0.012725830078125,0.0236968994140625
1132,MyStutteringLife_18_34,0.285888671875,0.0982666015625,0.0144500732421875,0.034942626953125,0.056121826171875
1133,WomenWhoStutter_30_199,0.04351806640625,0.09075927734375,0.0227203369140625,0.010986328125,0.03265380859375
1134,MyStutteringLife_25_16,0.041473388671875,0.10284423828125,0.0245208740234375,0.034759521484375,0.0504150390625
1135,WomenWhoStutter_86_127,0.1922607421875,0.1982421875,0.03448486328125,0.136962890625,0.89892578125
1136,StrongVoices_8_17,0.135498046875,0.26611328125,0.051177978515625,0.024566650390625,0.09552001953125
1137,StutteringIsCool_84_24,0.05645751953125,0.10504150390625,0.040374755859375,0.012969970703125,0.02532958984375
1138,IStutterSoWhat_3_147,0.061431884765625,0.1622314453125,0.1622314453125,0.43017578125,0.2076416015625
1139,WomenWhoStutter_87_162,0.440673828125,0.2315673828125,0.142578125,0.0217437744140625,0.153564453125
1140,StrongVoices_10_214,0.305419921875,0.316650390625,0.20556640625,0.06939697265625,0.0289764404296875
1141,StutteringIsCool_2_9,0.035400390625,0.193115234375,0.043853759765625,0.0352783203125,0.057708740234375
1142,WomenWhoStutter_46_37,0.1427001953125,0.11065673828125,0.021331787109375,0.12347412109375,0.640625
1143,StutteringIsCool_69_25,0.11419677734375,0.1519775390625,0.011688232421875,0.017852783203125,0.1527099609375
1144,WomenWhoStutter_42_3,0.10650634765625,0.106689453125,0.0154876708984375,0.0156707763671875,0.0313720703125
1145,WomenWhoStutter_30_7,0.406982421875,0.1800537109375,0.06964111328125,0.0258026123046875,0.1419677734375
1146,StutterTalk_64_48,0.0235137939453125,0.0872802734375,0.015960693359375,0.10247802734375,0.19287109375
1147,StutterTalk_48_31,0.0279541015625,0.1546630859375,0.063232421875,0.1800537109375,0.08538818359375
1148,StutterTalk_37_106,0.0194549560546875,0.047515869140625,0.01395416259765625,0.07208251953125,0.035736083984375
1149,MyStutteringLife_38_34,0.258544921875,0.1898193359375,0.06500244140625,0.10821533203125,0.9384765625
1150,WomenWhoStutter_68_29,0.045257568359375,0.2109375,0.0765380859375,0.188720703125,0.10394287109375
1151,StrongVoices_23_128,0.2286376953125,0.347900390625,0.0872802734375,0.0232391357421875,0.0802001953125
1152,IStutterSoWhat_3_40,0.146484375,0.352783203125,0.7177734375,0.263671875,0.12359619140625
1153,HeStutters_5_126,0.06427001953125,0.264404296875,0.1378173828125,0.2410888671875,0.58740234375
1154,StutterTalk_8_101,0.09466552734375,0.07708740234375,0.01433563232421875,0.0207672119140625,0.421142578125
1155,StutterTalk_30_15,0.0537109375,0.2496337890625,0.054290771484375,0.036163330078125,0.1070556640625
1156,StutterTalk_63_106,0.029205322265625,0.143310546875,0.05059814453125,0.1573486328125,0.1358642578125
1157,StrongVoices_32_129,0.09722900390625,0.268310546875,0.09600830078125,0.045257568359375,0.123046875
1158,StutteringIsCool_18_1,0.0743408203125,0.0843505859375,0.019866943359375,0.12213134765625,0.8798828125
1159,StutterTalk_64_45,0.0775146484375,0.07794189453125,0.00679779052734375,0.05059814453125,0.295654296875
1160,HVSA_0_90,0.7822265625,0.23828125,0.220458984375,0.079345703125,0.110107421875
1161,HeStutters_3_4,0.0709228515625,0.2763671875,0.037322998046875,0.06866455078125,0.126708984375
1162,StutterTalk_64_92,0.0802001953125,0.321044921875,0.0751953125,0.04681396484375,0.1214599609375
1163,StrongVoices_10_81,0.1512451171875,0.306640625,0.07183837890625,0.0254669189453125,0.128662109375
1164,StutterTalk_8_88,0.09124755859375,0.27001953125,0.42578125,0.1710205078125,0.25830078125
1165,WomenWhoStutter_2_89,0.0273284912109375,0.1190185546875,0.0181884765625,0.04779052734375,0.06427001953125
1166,StrongVoices_28_0,0.262451171875,0.10723876953125,0.0118255615234375,0.0174407958984375,0.266357421875
1167,HeStutters_7_2,0.2802734375,0.283935546875,0.11260986328125,0.0263519287109375,0.0360107421875
1168,HeStutters_18_59,0.181396484375,0.19482421875,0.09893798828125,0.058349609375,0.88037109375
1169,StutterTalk_13_29,0.0240936279296875,0.1334228515625,0.0855712890625,0.038116455078125,0.038238525390625
1170,StutterTalk_55_38,0.03753662109375,0.09722900390625,0.0192413330078125,0.0191192626953125,0.0192718505859375
1171,StutteringIsCool_16_6,0.028167724609375,0.1441650390625,0.037384033203125,0.02191162109375,0.0254669189453125
1172,HVSA_2_74,0.092529296875,0.287841796875,0.265380859375,0.046905517578125,0.03125
1173,StutteringIsCool_62_37,0.35498046875,0.12359619140625,0.061431884765625,0.1458740234375,0.41259765625
1174,StutterTalk_26_49,0.042633056640625,0.092041015625,0.0210113525390625,0.05023193359375,0.0263519287109375
1175,IStutterSoWhat_3_109,0.033203125,0.335693359375,0.6474609375,0.141357421875,0.0751953125
1176,HVSA_2_76,0.09173583984375,0.1356201171875,0.062103271484375,0.0384521484375,0.10430908203125
1177,IStutterSoWhat_3_122,0.046722412109375,0.1422119140625,0.0268096923828125,0.10430908203125,0.1055908203125
1178,HVSA_2_100,0.09600830078125,0.2432861328125,0.252197265625,0.1485595703125,0.12432861328125
1179,StrongVoices_3_10,0.307373046875,0.52978515625,0.2012939453125,0.08197021484375,0.1630859375
1180,WomenWhoStutter_2_211,0.1639404296875,0.2440185546875,0.06573486328125,0.154296875,0.11517333984375
1181,WomenWhoStutter_87_27,0.0843505859375,0.1890869140625,0.04302978515625,0.029541015625,0.09600830078125
1182,StutterTalk_34_5,0.08929443359375,0.26318359375,0.07366943359375,0.0236968994140625,0.055419921875
1183,StutteringIsCool_64_7,0.0279541015625,0.1483154296875,0.049224853515625,0.281982421875,0.23876953125
1184,WomenWhoStutter_90_36,0.0293731689453125,0.25341796875,0.45703125,0.289794921875,0.135009765625
1185,StutterTalk_68_165,0.4638671875,0.143798828125,0.045867919921875,0.0391845703125,0.71630859375
1186,StutteringIsCool_2_11,0.06817626953125,0.1834716796875,0.2149658203125,0.3076171875,0.1044921875
1187,StutterTalk_68_32,0.039276123046875,0.284423828125,0.1636962890625,0.1490478515625,0.089599609375
1188,StutteringIsCool_29_20,0.058441162109375,0.07763671875,0.030853271484375,0.058441162109375,0.10107421875
1189,StrongVoices_21_111,0.029144287109375,0.17333984375,0.047332763671875,0.037109375,0.03143310546875
1190,IStutterSoWhat_0_45,0.0521240234375,0.2451171875,0.31689453125,0.37548828125,0.130126953125
1191,WomenWhoStutter_5_6,0.12274169921875,0.150634765625,0.020843505859375,0.0147857666015625,0.042083740234375
1192,StrongVoices_10_98,0.55810546875,0.15771484375,0.03790283203125,0.0144500732421875,0.1553955078125
1193,HeStutters_16_15,0.2384033203125,0.1202392578125,0.053497314453125,0.261474609375,0.292724609375
1194,StrongVoices_14_14,0.10968017578125,0.0703125,0.05645751953125,0.037750244140625,0.1026611328125
1195,HVSA_1_56,0.05780029296875,0.38232421875,0.52197265625,0.044677734375,0.0352783203125
1196,HeStutters_11_12,0.0391845703125,0.1165771484375,0.0831298828125,0.258056640625,0.09136962890625
1197,StutterTalk_64_63,0.10107421875,0.136962890625,0.077392578125,0.017303466796875,0.0170440673828125
1198,WomenWhoStutter_97_165,0.09075927734375,0.310791015625,0.237548828125,0.2012939453125,0.7509765625
1199,HeStutters_17_23,0.102294921875,0.30908203125,0.133544921875,0.0369873046875,0.0328369140625
1200,StutteringIsCool_46_191,0.1676025390625,0.1524658203125,0.050140380859375,0.0171051025390625,0.1300048828125
1201,HVSA_2_147,0.05865478515625,0.20166015625,0.232177734375,0.11395263671875,0.1805419921875
1202,StutterTalk_72_9,0.07318115234375,0.12249755859375,0.0289764404296875,0.0180206298828125,0.0170440673828125
1203,WomenWhoStutter_30_176,0.1773681640625,0.176513671875,0.02508544921875,0.0289764404296875,0.02752685546875
1204,StrongVoices_23_165,0.161376953125,0.278564453125,0.05126953125,0.0139007568359375,0.0582275390625
1205,WomenWhoStutter_21_6,0.054107666015625,0.1744384765625,0.0999755859375,0.043365478515625,0.0391845703125
1206,StutterTalk_64_162,0.314453125,0.07501220703125,0.055816650390625,0.252685546875,0.5234375
1207,HeStutters_5_42,0.09332275390625,0.12646484375,0.0352783203125,0.045867919921875,0.017181396484375
1208,WomenWhoStutter_81_73,0.1844482421875,0.1309814453125,0.01142120361328125,0.072265625,0.60693359375
1209,StutteringIsCool_34_174,0.398681640625,0.1544189453125,0.017303466796875,0.00881195068359375,0.1348876953125
1210,WomenWhoStutter_2_110,0.0173797607421875,0.140869140625,0.0238189697265625,0.08123779296875,0.06817626953125
1211,WomenWhoStutter_2_4,0.1397705078125,0.1663818359375,0.0869140625,0.2138671875,0.322265625
1212,StutterTalk_63_116,0.093017578125,0.22265625,0.07159423828125,0.18359375,0.281005859375
1213,StutterTalk_76_24,0.20654296875,0.1514892578125,0.04534912109375,0.07720947265625,0.0364990234375
1214,StutterTalk_64_21,0.02203369140625,0.09600830078125,0.025421142578125,0.11297607421875,0.044677734375
1215,StutteringIsCool_46_152,0.06707763671875,0.1805419921875,0.016845703125,0.01433563232421875,0.09503173828125
1216,HeStutters_5_154,0.0948486328125,0.244384765625,0.295166015625,0.1463623046875,0.6591796875
1217,WomenWhoStutter_21_80,0.050323486328125,0.076416015625,0.009124755859375,0.024383544921875,0.0177154541015625
1218,StutterTalk_34_31,0.10614013671875,0.1766357421875,0.03021240234375,0.141845703125,0.2371826171875
1219,WomenWhoStutter_46_19,0.360595703125,0.168212890625,0.027435302734375,0.02801513671875,0.333251953125
1220,StutterTalk_80_21,0.0287017822265625,0.1217041015625,0.0369873046875,0.01483917236328125,0.016845703125
1221,StrongVoices_21_56,0.1259765625,0.252685546875,0.02886962890625,0.0162200927734375,0.268798828125
1222,WomenWhoStutter_96_14,0.1331787109375,0.341796875,0.1278076171875,0.141357421875,0.65380859375
1223,StutterTalk_42_36,0.053802490234375,0.1845703125,0.01132965087890625,0.0386962890625,0.1939697265625
1224,StutterTalk_37_164,0.1739501953125,0.102294921875,0.06732177734375,0.26123046875,0.5380859375
1225,StutterTalk_78_24,0.156494140625,0.3701171875,0.2271728515625,0.05877685546875,0.10052490234375
1226,HVSA_2_73,0.08282470703125,0.26123046875,0.2470703125,0.166259765625,0.1007080078125
1227,HeStutters_18_83,0.07318115234375,0.1295166015625,0.0143890380859375,0.10107421875,0.9189453125
1228,HVSA_2_145,0.03192138671875,0.190673828125,0.15673828125,0.1534423828125,0.17724609375
1229,StutterTalk_7_12,0.05126953125,0.08404541015625,0.00908660888671875,0.02386474609375,0.0192413330078125
1230,StutterTalk_37_185,0.0706787109375,0.06427001953125,0.0247955322265625,0.1341552734375,0.1610107421875
1231,StutteringIsCool_61_35,0.493408203125,0.1190185546875,0.020721435546875,0.017578125,0.1856689453125
1232,WomenWhoStutter_25_36,0.09515380859375,0.061187744140625,0.01146697998046875,0.01056671142578125,0.056640625
1233,StutteringIsCool_38_38,0.082275390625,0.0966796875,0.01056671142578125,0.0224151611328125,0.09893798828125
1234,HVSA_2_65,0.03192138671875,0.181396484375,0.30322265625,0.29296875,0.0823974609375
1235,HeStutters_16_22,0.279541015625,0.09503173828125,0.0269622802734375,0.1295166015625,0.79248046875
1236,StrongVoices_32_111,0.1363525390625,0.155029296875,0.0257110595703125,0.0156707763671875,0.0251312255859375
1237,IStutterSoWhat_0_124,0.265380859375,0.1561279296875,0.0272674560546875,0.03131103515625,0.05450439453125
1238,StutteringIsCool_46_64,0.0171051025390625,0.17919921875,0.04296875,0.11474609375,0.056121826171875
1239,HeStutters_5_192,0.1177978515625,0.3046875,0.0982666015625,0.23876953125,0.1602783203125
1240,HeStutters_16_97,0.30029296875,0.242431640625,0.2724609375,0.38134765625,0.194580078125
1241,StutterTalk_64_99,0.1976318359375,0.1260986328125,0.0295867919921875,0.1436767578125,0.267578125
1242,WomenWhoStutter_86_144,0.017242431640625,0.1334228515625,0.01395416259765625,0.075439453125,0.1387939453125
1243,HeStutters_5_117,0.035736083984375,0.360595703125,0.59619140625,0.178466796875,0.103759765625
1244,WomenWhoStutter_14_113,0.073974609375,0.2080078125,0.056243896484375,0.239501953125,0.8515625
1245,HeStutters_17_11,0.10467529296875,0.20654296875,0.038238525390625,0.0304412841796875,0.0243377685546875
1246,StutterTalk_18_9,0.1175537109375,0.33251953125,0.061187744140625,0.034942626953125,0.04742431640625
1247,StutteringIsCool_80_122,0.0640869140625,0.049774169921875,0.00818634033203125,0.036163330078125,0.04132080078125
1248,WomenWhoStutter_46_17,0.04681396484375,0.12359619140625,0.0265045166015625,0.0836181640625,0.8388671875
1249,StrongVoices_34_38,0.149658203125,0.14501953125,0.021942138671875,0.04132080078125,0.9375
1250,StrongVoices_19_32,0.58251953125,0.1593017578125,0.09857177734375,0.0154876708984375,0.04742431640625
1251,HVSA_0_47,0.1063232421875,0.1558837890625,0.043212890625,0.08477783203125,0.07366943359375
1252,WomenWhoStutter_13_35,0.19775390625,0.2215576171875,0.0567626953125,0.054107666015625,0.053802490234375
1253,WomenWhoStutter_87_90,0.2132568359375,0.20947265625,0.09320068359375,0.14306640625,0.86962890625
1254,StrongVoices_21_183,0.07598876953125,0.290283203125,0.0726318359375,0.0496826171875,0.146484375
1255,WomenWhoStutter_14_11,0.04302978515625,0.222412109375,0.10797119140625,0.1114501953125,0.0305633544921875
1256,WomenWhoStutter_79_31,0.05419921875,0.0723876953125,0.01024627685546875,0.04534912109375,0.048675537109375
1257,StutteringIsCool_14_21,0.047943115234375,0.04638671875,0.03759765625,0.0831298828125,0.166015625
1258,WomenWhoStutter_62_64,0.1807861328125,0.1748046875,0.0182342529296875,0.0247039794921875,0.047698974609375
1259,StutterTalk_31_0,0.059967041015625,0.1953125,0.0306243896484375,0.05633544921875,0.03533935546875
1260,StutteringIsCool_80_80,0.09637451171875,0.175537109375,0.044097900390625,0.02886962890625,0.15771484375
1261,StrongVoices_27_14,0.2427978515625,0.2130126953125,0.0316162109375,0.062103271484375,0.0701904296875
1262,WomenWhoStutter_14_7,0.1580810546875,0.171630859375,0.038604736328125,0.0299224853515625,0.0177764892578125
1263,WomenWhoStutter_37_14,0.110107421875,0.31787109375,0.18408203125,0.044281005859375,0.0272216796875
1264,WomenWhoStutter_76_32,0.23681640625,0.1783447265625,0.090576171875,0.408203125,0.5576171875
1265,StrongVoices_19_20,0.1468505859375,0.080078125,0.01374053955078125,0.047149658203125,0.1436767578125
1266,StrongVoices_28_37,0.09124755859375,0.08477783203125,0.012481689453125,0.048126220703125,0.366455078125
1267,StrongVoices_12_34,0.0305023193359375,0.0843505859375,0.01763916015625,0.0258026123046875,0.0181884765625
1268,StutterTalk_39_36,0.0455322265625,0.13671875,0.01302337646484375,0.005161285400390625,0.0266571044921875
1269,WomenWhoStutter_86_54,0.1063232421875,0.17041015625,0.041534423828125,0.24072265625,0.8505859375
1270,StutterTalk_64_203,0.046539306640625,0.1326904296875,0.262451171875,0.0333251953125,0.06829833984375
1271,WomenWhoStutter_21_171,0.237548828125,0.22900390625,0.1131591796875,0.01363372802734375,0.0213623046875
1272,WomenWhoStutter_30_169,0.042022705078125,0.08050537109375,0.0164031982421875,0.01507568359375,0.018341064453125
1273,MyStutteringLife_21_16,0.12261962890625,0.173828125,0.041473388671875,0.1519775390625,0.837890625
1274,HeStutters_17_5,0.203857421875,0.2078857421875,0.05987548828125,0.03759765625,0.8447265625
1275,StutterTalk_63_7,0.10302734375,0.31103515625,0.08880615234375,0.049407958984375,0.25341796875
1276,HVSA_1_40,0.257080078125,0.1063232421875,0.032958984375,0.0143890380859375,0.0457763671875
1277,WomenWhoStutter_22_18,0.19677734375,0.152099609375,0.034759521484375,0.076416015625,0.5888671875
1278,StrongVoices_22_25,0.08648681640625,0.0535888671875,0.00821685791015625,0.046905517578125,0.1639404296875
1279,WomenWhoStutter_79_22,0.11456298828125,0.237060546875,0.07305908203125,0.04620361328125,0.230712890625
1280,StutterTalk_14_30,0.371337890625,0.1307373046875,0.052703857421875,0.045196533203125,0.427734375
1281,StutterTalk_66_17,0.1273193359375,0.1536865234375,0.04052734375,0.0345458984375,0.0254669189453125
1282,StutterTalk_54_33,0.25927734375,0.10687255859375,0.043121337890625,0.147705078125,0.93017578125
1283,HVSA_0_81,0.0391845703125,0.090087890625,0.043212890625,0.1387939453125,0.31005859375
1284,StrongVoices_31_12,0.0509033203125,0.11932373046875,0.00955963134765625,0.015838623046875,0.0753173828125
1285,StrongVoices_23_241,0.23193359375,0.33984375,0.1744384765625,0.015716552734375,0.05645751953125
1286,StrongVoices_32_3,0.2724609375,0.279296875,0.059417724609375,0.0165252685546875,0.1556396484375
1287,StutterTalk_54_32,0.0287017822265625,0.0816650390625,0.033966064453125,0.2264404296875,0.11102294921875
1288,StutterTalk_26_177,0.09185791015625,0.04595947265625,0.006389617919921875,0.046630859375,0.693359375
1289,StutterTalk_23_32,0.06756591796875,0.1224365234375,0.0147857666015625,0.04510498046875,0.059417724609375
1290,HVSA_1_138,0.0537109375,0.1572265625,0.10540771484375,0.034942626953125,0.05706787109375
1291,StutteringIsCool_33_33,0.07879638671875,0.1302490234375,0.07965087890625,0.04595947265625,0.042877197265625
1292,StrongVoices_28_19,0.25439453125,0.1370849609375,0.017578125,0.0121917724609375,0.06109619140625
1293,StutterTalk_58_25,0.057586669921875,0.0489501953125,0.011871337890625,0.0318603515625,0.060302734375
1294,StrongVoices_21_40,0.0849609375,0.1309814453125,0.034759521484375,0.140869140625,0.69775390625
1295,StutterTalk_8_104,0.041839599609375,0.1177978515625,0.034759521484375,0.034881591796875,0.23681640625
1296,StutteringIsCool_1_14,0.0279083251953125,0.073974609375,0.013275146484375,0.0316162109375,0.06451416015625
1297,WomenWhoStutter_20_38,0.09027099609375,0.0816650390625,0.027801513671875,0.1312255859375,0.131591796875
1298,StutterTalk_60_10,0.09368896484375,0.2467041015625,0.034423828125,0.0472412109375,0.58056640625
1299,WomenWhoStutter_22_2,0.1300048828125,0.1773681640625,0.0280609130859375,0.0546875,0.36328125
1300,StrongVoices_8_19,0.318603515625,0.23388671875,0.08929443359375,0.01406097412109375,0.2548828125
1301,WomenWhoStutter_30_130,0.421875,0.2149658203125,0.120849609375,0.054595947265625,0.060302734375
1302,HeStutters_5_62,0.1236572265625,0.230224609375,0.057373046875,0.0880126953125,0.9619140625
1303,WomenWhoStutter_35_5,0.199951171875,0.2425537109375,0.07305908203125,0.036163330078125,0.043121337890625
1304,StutterTalk_0_34,0.08050537109375,0.09600830078125,0.0290374755859375,0.039337158203125,0.03021240234375
1305,StrongVoices_5_11,0.1318359375,0.244384765625,0.035064697265625,0.02001953125,0.0289764404296875
1306,StrongVoices_12_13,0.04376220703125,0.134033203125,0.0165863037109375,0.038604736328125,0.0762939453125
1307,StutteringIsCool_33_1,0.0948486328125,0.07135009765625,0.036834716796875,0.1397705078125,0.129638671875
1308,StrongVoices_23_211,0.05023193359375,0.228271484375,0.0306243896484375,0.00841522216796875,0.062225341796875
1309,StutteringIsCool_23_20,0.193359375,0.09552001953125,0.05072021484375,0.1611328125,0.2470703125
1310,StutterTalk_64_165,0.156005859375,0.07330322265625,0.0192413330078125,0.146728515625,0.67724609375
1311,WomenWhoStutter_96_177,0.451904296875,0.230224609375,0.08929443359375,0.09893798828125,0.059967041015625
1312,WomenWhoStutter_87_91,0.09124755859375,0.106689453125,0.021331787109375,0.06597900390625,0.89111328125
1313,StutteringIsCool_1_17,0.0243377685546875,0.1343994140625,0.0254669189453125,0.039794921875,0.07598876953125
1314,StrongVoices_32_186,0.2059326171875,0.2188720703125,0.0302734375,0.0240936279296875,0.05450439453125
1315,StrongVoices_19_0,0.0322265625,0.06463623046875,0.01395416259765625,0.042022705078125,0.08660888671875
1316,WomenWhoStutter_90_7,0.04327392578125,0.2413330078125,0.132568359375,0.22509765625,0.154296875
1317,WomenWhoStutter_15_38,0.12841796875,0.1187744140625,0.0150146484375,0.09185791015625,0.4541015625
1318,StutteringIsCool_46_138,0.10125732421875,0.14208984375,0.0225372314453125,0.0232391357421875,0.2529296875
1319,StrongVoices_32_2,0.137451171875,0.11260986328125,0.079345703125,0.01348114013671875,0.03216552734375
1320,HeStutters_5_57,0.0880126953125,0.20947265625,0.06695556640625,0.1131591796875,0.08599853515625
1321,HeStutters_2_85,0.1519775390625,0.2724609375,0.06903076171875,0.11920166015625,0.04742431640625
1322,StutterTalk_59_5,0.284912109375,0.2017822265625,0.131103515625,0.1480712890625,0.08758544921875
1323,StrongVoices_10_41,0.09808349609375,0.142578125,0.01146697998046875,0.03289794921875,0.07305908203125
1324,HVSA_2_17,0.04302978515625,0.2496337890625,0.1845703125,0.14111328125,0.054595947265625
1325,HVSA_0_76,0.2432861328125,0.07196044921875,0.012237548828125,0.0261077880859375,0.767578125
1326,MyStutteringLife_8_16,0.10089111328125,0.2095947265625,0.0202484130859375,0.00812530517578125,0.103759765625
1327,StrongVoices_28_23,0.336669921875,0.1939697265625,0.02337646484375,0.01036834716796875,0.1446533203125
1328,StutteringIsCool_80_140,0.1439208984375,0.38037109375,0.184814453125,0.038543701171875,0.07696533203125
1329,StutterTalk_78_37,0.19189453125,0.1253662109375,0.0247039794921875,0.0552978515625,0.9267578125
1330,StutteringIsCool_38_13,0.043701171875,0.11358642578125,0.04010009765625,0.15673828125,0.1143798828125
1331,HVSA_0_40,0.42333984375,0.09466552734375,0.0289764404296875,0.1395263671875,0.475830078125
1332,StutteringIsCool_77_13,0.0537109375,0.1014404296875,0.0136871337890625,0.005039215087890625,0.1436767578125
1333,StrongVoices_6_15,0.06817626953125,0.1610107421875,0.018829345703125,0.077392578125,0.06109619140625
1334,WomenWhoStutter_69_33,0.23388671875,0.05499267578125,0.01473236083984375,0.1644287109375,0.541015625
1335,StrongVoices_6_147,0.158447265625,0.216552734375,0.1300048828125,0.045684814453125,0.03643798828125
1336,StrongVoices_14_16,0.183837890625,0.19287109375,0.0194244384765625,0.00867462158203125,0.369140625
1337,WomenWhoStutter_87_138,0.2152099609375,0.08526611328125,0.0108184814453125,0.0384521484375,0.78369140625
1338,WomenWhoStutter_97_161,0.042236328125,0.312255859375,0.274169921875,0.2037353515625,0.35693359375
1339,StutteringIsCool_29_34,0.0256195068359375,0.040985107421875,0.01302337646484375,0.03033447265625,0.060516357421875
1340,StrongVoices_23_137,0.67138671875,0.139404296875,0.0560302734375,0.01137542724609375,0.2130126953125
1341,StutterTalk_16_38,0.10302734375,0.293701171875,0.1827392578125,0.040618896484375,0.05072021484375
1342,StutteringIsCool_1_7,0.01422882080078125,0.07452392578125,0.02276611328125,0.020294189453125,0.02044677734375
1343,StutteringIsCool_55_12,0.0276336669921875,0.310791015625,0.263916015625,0.11279296875,0.05108642578125
1344,StrongVoices_5_4,0.1734619140625,0.2083740234375,0.041839599609375,0.01363372802734375,0.024139404296875
1345,WomenWhoStutter_12_35,0.268310546875,0.3486328125,0.1771240234375,0.0245208740234375,0.205322265625
1346,StrongVoices_25_18,0.1253662109375,0.1356201171875,0.033721923828125,0.023101806640625,0.02423095703125
1347,StutterTalk_63_1,0.06549072265625,0.054595947265625,0.0341796875,0.03912353515625,0.0223236083984375
1348,StutterTalk_22_5,0.033966064453125,0.129150390625,0.1177978515625,0.267822265625,0.06982421875
1349,StrongVoices_10_54,0.409423828125,0.11676025390625,0.041229248046875,0.01214599609375,0.216552734375
1350,HeStutters_5_7,0.09979248046875,0.27587890625,0.2252197265625,0.08062744140625,0.090087890625
1351,StrongVoices_6_64,0.09075927734375,0.1416015625,0.0210418701171875,0.0199432373046875,0.0287017822265625
1352,WomenWhoStutter_97_85,0.06475830078125,0.256591796875,0.1998291015625,0.32568359375,0.453857421875
1353,StutterTalk_24_1,0.06622314453125,0.47509765625,0.2386474609375,0.0401611328125,0.1094970703125
1354,StrongVoices_23_63,0.2225341796875,0.2237548828125,0.06805419921875,0.023284912109375,0.028594970703125
1355,HVSA_0_116,0.070556640625,0.1676025390625,0.056640625,0.219482421875,0.720703125
1356,HeStutters_2_204,0.07159423828125,0.319091796875,0.1290283203125,0.11614990234375,0.0312042236328125
1357,HVSA_2_155,0.033966064453125,0.1114501953125,0.049041748046875,0.141845703125,0.11126708984375
1358,StutterTalk_8_118,0.2120361328125,0.25439453125,0.286376953125,0.17626953125,0.60693359375
1359,StutteringIsCool_67_30,0.05450439453125,0.1739501953125,0.0192718505859375,0.038238525390625,0.82177734375
1360,StutterTalk_72_85,0.1639404296875,0.3388671875,0.353515625,0.2496337890625,0.131591796875
1361,StutterTalk_77_8,0.07806396484375,0.1629638671875,0.05224609375,0.224609375,0.220458984375
1362,WomenWhoStutter_10_56,0.1810302734375,0.2021484375,0.0217742919921875,0.016845703125,0.182861328125
1363,StrongVoices_21_13,0.33544921875,0.220458984375,0.1044921875,0.06982421875,0.0360107421875
1364,HVSA_3_23,0.07476806640625,0.20751953125,0.1507568359375,0.036285400390625,0.0323486328125
1365,HVSA_2_143,0.06585693359375,0.11260986328125,0.06829833984375,0.38037109375,0.59033203125
1366,StutteringIsCool_37_23,0.27392578125,0.255859375,0.0635986328125,0.0251312255859375,0.06829833984375
1367,WomenWhoStutter_76_20,0.0225830078125,0.1143798828125,0.0301055908203125,0.08062744140625,0.041229248046875
1368,HeStutters_12_73,0.03790283203125,0.272705078125,0.1512451171875,0.13671875,0.046539306640625
1369,StutterTalk_7_3,0.083740234375,0.36865234375,0.32275390625,0.3759765625,0.2427978515625
1370,HeStutters_18_50,0.053192138671875,0.35986328125,0.154541015625,0.160888671875,0.1153564453125
1371,StutterTalk_72_83,0.09283447265625,0.1531982421875,0.0284881591796875,0.047515869140625,0.11199951171875
1372,StrongVoices_1_38,0.041534423828125,0.2059326171875,0.1312255859375,0.1014404296875,0.0301513671875
1373,WomenWhoStutter_87_32,0.0212860107421875,0.2017822265625,0.08819580078125,0.076416015625,0.17431640625
1374,StutterTalk_80_6,0.0384521484375,0.1630859375,0.056243896484375,0.047698974609375,0.034088134765625
1375,StutterTalk_64_25,0.06256103515625,0.21142578125,0.035400390625,0.085693359375,0.263671875
1376,StutteringIsCool_34_168,0.31298828125,0.1578369140625,0.051361083984375,0.05889892578125,0.9501953125
1377,StutteringIsCool_28_27,0.01560211181640625,0.1634521484375,0.04302978515625,0.02386474609375,0.0526123046875
1378,HeStutters_16_54,0.2998046875,0.0889892578125,0.03460693359375,0.130126953125,0.1927490234375
1379,StutterTalk_8_163,0.1790771484375,0.2469482421875,0.27099609375,0.1318359375,0.58544921875
1380,StutterTalk_64_62,0.09979248046875,0.1849365234375,0.1734619140625,0.053985595703125,0.444091796875
1381,WomenWhoStutter_17_24,0.1270751953125,0.369140625,0.10577392578125,0.0283355712890625,0.03759765625
1382,StrongVoices_6_27,0.1781005859375,0.1910400390625,0.021331787109375,0.04638671875,0.880859375
1383,WomenWhoStutter_62_113,0.1849365234375,0.16943359375,0.11395263671875,0.140869140625,0.4111328125
1384,StrongVoices_31_0,0.0251312255859375,0.1475830078125,0.034698486328125,0.045684814453125,0.037200927734375
1385,StutterTalk_22_2,0.04327392578125,0.31640625,0.197265625,0.250244140625,0.10211181640625
1386,StutterTalk_8_7,0.0242767333984375,0.07159423828125,0.0219879150390625,0.0457763671875,0.090087890625
1387,StutterTalk_59_6,0.11920166015625,0.11260986328125,0.0167236328125,0.061309814453125,0.0469970703125
1388,StrongVoices_32_79,0.103759765625,0.21044921875,0.046112060546875,0.04345703125,0.2099609375
1389,StrongVoices_3_8,0.0880126953125,0.392578125,0.060211181640625,0.0236968994140625,0.261962890625
1390,MyStutteringLife_1_14,0.06866455078125,0.3798828125,0.1922607421875,0.0233306884765625,0.07464599609375
1391,StrongVoices_32_41,0.1407470703125,0.2337646484375,0.0216217041015625,0.007965087890625,0.030731201171875
1392,StrongVoices_12_39,0.0413818359375,0.07965087890625,0.00803375244140625,0.0121002197265625,0.023651123046875
1393,StrongVoices_26_17,0.73046875,0.09893798828125,0.07135009765625,0.044097900390625,0.1307373046875
1394,StutterTalk_26_10,0.040924072265625,0.0965576171875,0.01666259765625,0.13330078125,0.2247314453125
1395,StutteringIsCool_67_39,0.1397705078125,0.1461181640625,0.030792236328125,0.11279296875,0.8984375
1396,WomenWhoStutter_97_1,0.1790771484375,0.2293701171875,0.05108642578125,0.036712646484375,0.056976318359375
1397,HeStutters_7_17,0.1683349609375,0.3173828125,0.095703125,0.023101806640625,0.072265625
1398,StutterTalk_32_39,0.09320068359375,0.1943359375,0.015838623046875,0.01137542724609375,0.0635986328125
1399,IStutterSoWhat_0_54,0.12127685546875,0.06890869140625,0.013427734375,0.0224609375,0.06927490234375
1400,StrongVoices_1_21,0.08660888671875,0.12432861328125,0.0135345458984375,0.00916290283203125,0.0457763671875
1401,HVSA_2_181,0.05511474609375,0.33154296875,0.291259765625,0.1983642578125,0.1912841796875
1402,MyStutteringLife_25_28,0.12335205078125,0.1087646484375,0.018768310546875,0.014007568359375,0.05645751953125
1403,StrongVoices_19_14,0.1949462890625,0.06707763671875,0.0171051025390625,0.02001953125,0.035064697265625
1404,StutterTalk_26_94,0.052825927734375,0.346923828125,0.044189453125,0.016845703125,0.06085205078125
1405,StutteringIsCool_33_35,0.033203125,0.182861328125,0.2327880859375,0.50146484375,0.295654296875
1406,HVSA_0_1,0.140625,0.0987548828125,0.016021728515625,0.07781982421875,0.6806640625
1407,StutterTalk_49_23,0.2010498046875,0.322998046875,0.2255859375,0.448486328125,0.228515625
1408,StutteringIsCool_81_2,0.06097412109375,0.056854248046875,0.0143890380859375,0.0106964111328125,0.02001953125
1409,StutterTalk_18_34,0.0245208740234375,0.154052734375,0.033538818359375,0.03533935546875,0.046539306640625
1410,StrongVoices_14_25,0.12408447265625,0.10968017578125,0.0299224853515625,0.0141143798828125,0.016845703125
1411,HVSA_2_14,0.515625,0.2161865234375,0.37744140625,0.06719970703125,0.09552001953125
1412,StrongVoices_11_8,0.120849609375,0.2115478515625,0.06817626953125,0.1507568359375,0.26513671875
1413,StutterTalk_9_35,0.302490234375,0.26513671875,0.30908203125,0.377685546875,0.240966796875
1414,StrongVoices_17_33,0.255859375,0.255615234375,0.039276123046875,0.027008056640625,0.0740966796875
1415,MyStutteringLife_38_6,0.034423828125,0.0738525390625,0.0259552001953125,0.090576171875,0.042572021484375
1416,WomenWhoStutter_17_32,0.153564453125,0.2188720703125,0.026763916015625,0.0185089111328125,0.205322265625
1417,StrongVoices_8_15,0.0294189453125,0.1697998046875,0.1287841796875,0.06280517578125,0.08587646484375
1418,WomenWhoStutter_81_127,0.1636962890625,0.45263671875,0.299072265625,0.03582763671875,0.042724609375
1419,StrongVoices_21_182,0.12347412109375,0.306884765625,0.204345703125,0.1187744140625,0.2021484375
1420,StutterTalk_72_155,0.0394287109375,0.33984375,0.0970458984375,0.0552978515625,0.08929443359375
1421,StutteringIsCool_38_30,0.038543701171875,0.1341552734375,0.094482421875,0.0726318359375,0.127197265625
1422,StutterTalk_8_145,0.08282470703125,0.17724609375,0.165283203125,0.10504150390625,0.1636962890625
1423,HeStutters_18_130,0.34814453125,0.12158203125,0.038970947265625,0.09722900390625,0.259033203125
1424,StutterTalk_37_182,0.0252685546875,0.047607421875,0.009857177734375,0.09222412109375,0.1590576171875
1425,StutteringIsCool_80_101,0.173095703125,0.151123046875,0.03790283203125,0.018829345703125,0.0250396728515625
1426,StutterTalk_72_10,0.0293121337890625,0.1463623046875,0.02838134765625,0.03582763671875,0.0751953125
1427,StutterTalk_76_11,0.056243896484375,0.072509765625,0.0129241943359375,0.09075927734375,0.1251220703125
1428,WomenWhoStutter_83_32,0.23779296875,0.16650390625,0.04638671875,0.094482421875,0.250244140625
1429,StutterTalk_26_36,0.0210418701171875,0.07318115234375,0.0201416015625,0.04931640625,0.05889892578125
1430,HVSA_2_162,0.06732177734375,0.364501953125,0.20947265625,0.11199951171875,0.138916015625
1431,StutteringIsCool_64_29,0.0894775390625,0.2393798828125,0.09808349609375,0.291259765625,0.12890625
1432,StutteringIsCool_44_4,0.1666259765625,0.1309814453125,0.0364990234375,0.09686279296875,0.2420654296875
1433,HeStutters_11_163,0.0222930908203125,0.0943603515625,0.0225067138671875,0.127197265625,0.10760498046875
1434,MyStutteringLife_5_34,0.047882080078125,0.27392578125,0.07708740234375,0.028106689453125,0.07763671875
1435,WomenWhoStutter_37_12,0.07763671875,0.318359375,0.0709228515625,0.034423828125,0.2000732421875
1436,StutterTalk_16_34,0.06671142578125,0.1806640625,0.091552734375,0.048583984375,0.71044921875
1437,StrongVoices_19_10,0.288818359375,0.064208984375,0.0341796875,0.125244140625,0.5966796875
1438,StutterTalk_15_18,0.23583984375,0.36328125,0.1392822265625,0.052337646484375,0.0775146484375
1439,IStutterSoWhat_3_120,0.288818359375,0.335205078125,0.338623046875,0.38232421875,0.2119140625
1440,StutterTalk_26_98,0.237548828125,0.2161865234375,0.07318115234375,0.25439453125,0.3759765625
1441,StutterTalk_69_6,0.07806396484375,0.1788330078125,0.02001953125,0.02801513671875,0.09271240234375
1442,StrongVoices_6_60,0.09893798828125,0.08209228515625,0.011199951171875,0.019989013671875,0.0229339599609375
1443,StrongVoices_21_157,0.0213623046875,0.06597900390625,0.0222015380859375,0.06658935546875,0.0257110595703125
1444,HeStutters_2_170,0.047882080078125,0.14013671875,0.0535888671875,0.1231689453125,0.04248046875
1445,MyStutteringLife_38_39,0.287841796875,0.089599609375,0.026153564453125,0.0188751220703125,0.060760498046875
1446,StutteringIsCool_81_32,0.1527099609375,0.05975341796875,0.021820068359375,0.027587890625,0.037811279296875
1447,StutterTalk_62_32,0.31787109375,0.07708740234375,0.03216552734375,0.04949951171875,0.2303466796875
1448,WomenWhoStutter_102_29,0.04052734375,0.2130126953125,0.03656005859375,0.03436279296875,0.06768798828125
1449,StrongVoices_23_203,0.2252197265625,0.364013671875,0.0863037109375,0.0305023193359375,0.10052490234375
1450,HeStutters_12_71,0.03167724609375,0.24853515625,0.422607421875,0.150146484375,0.034759521484375
1451,IStutterSoWhat_3_145,0.251708984375,0.1512451171875,0.03216552734375,0.06549072265625,0.154541015625
1452,StutterTalk_8_2,0.061767578125,0.1864013671875,0.1746826171875,0.038818359375,0.2147216796875
1453,StutteringIsCool_23_38,0.0889892578125,0.1163330078125,0.044586181640625,0.08990478515625,0.04443359375
1454,MyStutteringLife_0_27,0.169921875,0.1845703125,0.18115234375,0.06781005859375,0.053802490234375
1455,StutterTalk_1_29,0.378662109375,0.10821533203125,0.0295867919921875,0.08416748046875,0.2122802734375
1456,StutterTalk_8_15,0.06427001953125,0.043701171875,0.023101806640625,0.0165252685546875,0.053497314453125
1457,StutterTalk_8_115,0.2467041015625,0.1392822265625,0.125244140625,0.1639404296875,0.8115234375
1458,StrongVoices_6_121,0.28662109375,0.2529296875,0.1329345703125,0.193603515625,0.2020263671875
1459,WomenWhoStutter_12_12,0.05072021484375,0.058441162109375,0.015960693359375,0.0125732421875,0.00997161865234375
1460,IStutterSoWhat_3_12,0.14306640625,0.1329345703125,0.021240234375,0.04779052734375,0.95703125
1461,StutterTalk_37_128,0.1263427734375,0.09124755859375,0.06451416015625,0.330078125,0.2218017578125
1462,MyStutteringLife_0_30,0.06695556640625,0.1436767578125,0.06097412109375,0.08880615234375,0.08880615234375
1463,StrongVoices_21_152,0.31005859375,0.367919921875,0.252685546875,0.06610107421875,0.2386474609375
1464,StrongVoices_23_61,0.2440185546875,0.301513671875,0.0386962890625,0.01406097412109375,0.166015625
1465,StrongVoices_5_23,0.1632080078125,0.3935546875,0.08270263671875,0.0413818359375,0.1949462890625
1466,StutteringIsCool_14_31,0.06109619140625,0.07501220703125,0.04779052734375,0.07489013671875,0.46484375
1467,StutterTalk_59_24,0.02386474609375,0.24853515625,0.17626953125,0.1329345703125,0.13818359375
1468,WomenWhoStutter_33_6,0.1041259765625,0.2281494140625,0.0401611328125,0.036895751953125,0.787109375
1469,StrongVoices_23_62,0.172119140625,0.537109375,0.263427734375,0.045684814453125,0.2059326171875
1470,StrongVoices_33_22,0.2467041015625,0.186279296875,0.021697998046875,0.007175445556640625,0.0379638671875
1471,StrongVoices_21_184,0.052032470703125,0.1077880859375,0.0229339599609375,0.07452392578125,0.06109619140625
1472,StutteringIsCool_80_184,0.1539306640625,0.1246337890625,0.02606201171875,0.0154876708984375,0.010528564453125
1473,HVSA_0_105,0.465576171875,0.1951904296875,0.0535888671875,0.0200653076171875,0.023773193359375
1474,StutteringIsCool_46_189,0.078369140625,0.159423828125,0.028106689453125,0.10302734375,0.935546875
1475,StrongVoices_32_5,0.380126953125,0.1470947265625,0.0312042236328125,0.0272216796875,0.050140380859375
1476,StrongVoices_23_92,0.24169921875,0.2005615234375,0.06268310546875,0.016021728515625,0.015716552734375
1477,StrongVoices_3_14,0.410400390625,0.2666015625,0.06683349609375,0.03131103515625,0.040679931640625
1478,StutterTalk_37_105,0.047607421875,0.126953125,0.07781982421875,0.1187744140625,0.057586669921875
1479,WomenWhoStutter_48_24,0.0809326171875,0.162109375,0.107421875,0.03662109375,0.0509033203125
1480,HeStutters_19_147,0.0751953125,0.306640625,0.08135986328125,0.041839599609375,0.30322265625
1481,HeStutters_17_6,0.039947509765625,0.200439453125,0.12139892578125,0.1925048828125,0.061767578125
1482,HeStutters_11_206,0.10052490234375,0.26513671875,0.059112548828125,0.1033935546875,0.0889892578125
1483,WomenWhoStutter_62_154,0.0316162109375,0.1412353515625,0.051177978515625,0.1978759765625,0.1343994140625
1484,WomenWhoStutter_2_16,0.10931396484375,0.32470703125,0.0823974609375,0.0227203369140625,0.08740234375
1485,StrongVoices_21_127,0.11968994140625,0.17333984375,0.0258636474609375,0.0765380859375,0.06695556640625
1486,StutterTalk_1_35,0.046295166015625,0.362060546875,0.17822265625,0.2117919921875,0.10577392578125
1487,WomenWhoStutter_12_25,0.0894775390625,0.116943359375,0.01029205322265625,0.023651123046875,0.71435546875
1488,StutteringIsCool_38_9,0.52783203125,0.1610107421875,0.04620361328125,0.03265380859375,0.315185546875
1489,HeStutters_5_56,0.0704345703125,0.079345703125,0.0121002197265625,0.09808349609375,0.328125
1490,StrongVoices_0_17,0.1751708984375,0.317138671875,0.08465576171875,0.022796630859375,0.1480712890625
1491,StrongVoices_11_28,0.027801513671875,0.11920166015625,0.0305633544921875,0.055816650390625,0.044677734375
1492,StutterTalk_78_27,0.12890625,0.229248046875,0.0292510986328125,0.05242919921875,0.5556640625
1493,WomenWhoStutter_10_122,0.040313720703125,0.1639404296875,0.044677734375,0.01666259765625,0.0217742919921875
1494,StutterTalk_49_5,0.268798828125,0.333740234375,0.08447265625,0.027008056640625,0.036224365234375
1495,HVSA_3_31,0.556640625,0.1834716796875,0.17431640625,0.042083740234375,0.1475830078125
1496,StrongVoices_8_2,0.11065673828125,0.274658203125,0.0704345703125,0.0302734375,0.12286376953125
1497,StutterTalk_8_100,0.03204345703125,0.06890869140625,0.026458740234375,0.01953125,0.0794677734375
1498,StrongVoices_7_25,0.1844482421875,0.1878662109375,0.023773193359375,0.0199127197265625,0.060516357421875
1499,StrongVoices_25_31,0.44677734375,0.2020263671875,0.07275390625,0.0173797607421875,0.10467529296875
1500,WomenWhoStutter_86_143,0.115966796875,0.1632080078125,0.033599853515625,0.132568359375,0.94384765625
1501,StrongVoices_10_96,0.12548828125,0.240234375,0.2216796875,0.09912109375,0.0953369140625
1502,WomenWhoStutter_35_16,0.136962890625,0.31787109375,0.411865234375,0.025421142578125,0.05291748046875
1503,StutterTalk_7_18,0.0504150390625,0.06622314453125,0.00841522216796875,0.0165252685546875,0.0196075439453125
1504,HVSA_3_208,0.07696533203125,0.2310791015625,0.29150390625,0.381591796875,0.204345703125
1505,WomenWhoStutter_2_108,0.343994140625,0.1795654296875,0.04559326171875,0.0154266357421875,0.02838134765625
1506,StutteringIsCool_1_10,0.019500732421875,0.08343505859375,0.0163421630859375,0.028594970703125,0.06500244140625
1507,StutterTalk_18_25,0.02447509765625,0.1632080078125,0.09686279296875,0.206787109375,0.134521484375
1508,HeStutters_17_9,0.0987548828125,0.09136962890625,0.0273284912109375,0.027801513671875,0.03021240234375
1509,StrongVoices_19_12,0.3134765625,0.044586181640625,0.00582122802734375,0.0215301513671875,0.69140625
1510,StutteringIsCool_80_99,0.059661865234375,0.06744384765625,0.0236968994140625,0.03314208984375,0.0258636474609375
1511,StutterTalk_59_9,0.0169830322265625,0.092529296875,0.0360107421875,0.1807861328125,0.07879638671875
1512,HVSA_0_56,0.1376953125,0.1910400390625,0.21435546875,0.2215576171875,0.1693115234375
1513,HeStutters_18_154,0.401611328125,0.08526611328125,0.01433563232421875,0.051666259765625,0.0582275390625
1514,WomenWhoStutter_108_27,0.044525146484375,0.10089111328125,0.01812744140625,0.0282745361328125,0.06109619140625
1515,StutteringIsCool_44_24,0.06842041015625,0.13525390625,0.0318603515625,0.142578125,0.4267578125
1516,MyStutteringLife_5_21,0.053192138671875,0.34033203125,0.2127685546875,0.04510498046875,0.0191650390625
1517,MyStutteringLife_16_0,0.0272674560546875,0.29736328125,0.43017578125,0.09857177734375,0.056976318359375
1518,HeStutters_5_175,0.057708740234375,0.24072265625,0.458740234375,0.02276611328125,0.06463623046875
1519,StrongVoices_10_160,0.3388671875,0.351318359375,0.3974609375,0.2900390625,0.24658203125
1520,StutterTalk_29_8,0.020172119140625,0.1033935546875,0.0121002197265625,0.046630859375,0.07684326171875
1521,StrongVoices_29_16,0.08709716796875,0.1405029296875,0.03985595703125,0.103759765625,0.09979248046875
1522,StutteringIsCool_81_1,0.08123779296875,0.047607421875,0.0101318359375,0.06439208984375,0.0709228515625
1523,StutteringIsCool_84_35,0.037109375,0.054290771484375,0.0225067138671875,0.0180206298828125,0.0299224853515625
1524,HVSA_0_97,0.06292724609375,0.1954345703125,0.04595947265625,0.04046630859375,0.1143798828125
1525,MyStutteringLife_5_6,0.010528564453125,0.194091796875,0.11517333984375,0.153076171875,0.1199951171875
1526,StrongVoices_23_209,0.1414794921875,0.1943359375,0.04296875,0.0101318359375,0.03948974609375
1527,StrongVoices_12_36,0.08929443359375,0.1893310546875,0.0261077880859375,0.0200653076171875,0.0256195068359375
1528,WomenWhoStutter_102_39,0.033477783203125,0.122314453125,0.0216522216796875,0.059112548828125,0.23095703125
1529,StutteringIsCool_56_17,0.051177978515625,0.06805419921875,0.0170440673828125,0.0272674560546875,0.033477783203125
1530,HeStutters_19_77,0.09466552734375,0.1468505859375,0.0202178955078125,0.052337646484375,0.84228515625
1531,StrongVoices_7_20,0.12103271484375,0.44970703125,0.26123046875,0.02276611328125,0.0802001953125
1532,StrongVoices_10_190,0.58056640625,0.2437744140625,0.06744384765625,0.034027099609375,0.41015625
1533,WomenWhoStutter_28_27,0.1558837890625,0.1077880859375,0.0206451416015625,0.06597900390625,0.156005859375
1534,StutterTalk_64_132,0.29296875,0.2135009765625,0.19189453125,0.191650390625,0.2230224609375
1535,StutterTalk_8_63,0.219482421875,0.2802734375,0.322509765625,0.3115234375,0.5517578125
1536,StrongVoices_10_128,0.40478515625,0.2216796875,0.058563232421875,0.02691650390625,0.09552001953125
1537,HVSA_1_166,0.051666259765625,0.243408203125,0.10968017578125,0.0229339599609375,0.06817626953125
1538,StrongVoices_7_24,0.10015869140625,0.1177978515625,0.0633544921875,0.080078125,0.07305908203125
1539,IStutterSoWhat_0_38,0.154052734375,0.1964111328125,0.070068359375,0.12188720703125,0.239013671875
1540,StutterTalk_8_50,0.1163330078125,0.11126708984375,0.038909912109375,0.1019287109375,0.732421875
1541,MyStutteringLife_25_10,0.14501953125,0.2451171875,0.06585693359375,0.03607177734375,0.904296875
1542,StrongVoices_6_0,0.11676025390625,0.147216796875,0.01473236083984375,0.024139404296875,0.1328125
1543,StutterTalk_10_34,0.091552734375,0.08270263671875,0.0225067138671875,0.0843505859375,0.11474609375
1544,StrongVoices_6_101,0.67578125,0.25390625,0.2294921875,0.035400390625,0.06683349609375
1545,StrongVoices_21_136,0.24853515625,0.2076416015625,0.09967041015625,0.05242919921875,0.73046875
1546,StutterTalk_14_5,0.1378173828125,0.12188720703125,0.038604736328125,0.08648681640625,0.9482421875
1547,StutterTalk_13_23,0.1077880859375,0.1827392578125,0.05572509765625,0.2235107421875,0.2198486328125
1548,StrongVoices_23_133,0.1348876953125,0.378173828125,0.09857177734375,0.0143890380859375,0.2103271484375
1549,StutterTalk_64_148,0.109130859375,0.07977294921875,0.0190887451171875,0.1849365234375,0.474609375
1550,WomenWhoStutter_81_47,0.07080078125,0.05572509765625,0.0162811279296875,0.1761474609375,0.139892578125
1551,WomenWhoStutter_2_75,0.09271240234375,0.152099609375,0.043365478515625,0.0792236328125,0.0709228515625
1552,MyStutteringLife_25_24,0.1153564453125,0.22265625,0.0287017822265625,0.01009368896484375,0.037261962890625
1553,HeStutters_5_60,0.332275390625,0.258544921875,0.0546875,0.052032470703125,0.3916015625
1554,StrongVoices_0_24,0.0751953125,0.2213134765625,0.0953369140625,0.022796630859375,0.046478271484375
1555,WomenWhoStutter_42_204,0.274658203125,0.347412109375,0.27490234375,0.10760498046875,0.072265625
1556,WomenWhoStutter_87_2,0.0323486328125,0.22021484375,0.12890625,0.044342041015625,0.05023193359375
1557,WomenWhoStutter_108_0,0.1397705078125,0.2322998046875,0.04931640625,0.019378662109375,0.0638427734375
1558,StutterTalk_8_126,0.041534423828125,0.19482421875,0.3037109375,0.1988525390625,0.1602783203125
1559,HVSA_2_197,0.29931640625,0.17333984375,0.04779052734375,0.160888671875,0.44580078125
1560,HeStutters_16_2,0.290771484375,0.12274169921875,0.038909912109375,0.1390380859375,0.465576171875
1561,WomenWhoStutter_30_98,0.1903076171875,0.1964111328125,0.152587890625,0.0280609130859375,0.0186920166015625
1562,StutterTalk_52_22,0.13671875,0.3017578125,0.1495361328125,0.0455322265625,0.03436279296875
1563,StutterTalk_64_193,0.07696533203125,0.10858154296875,0.09600830078125,0.12139892578125,0.081787109375
1564,HVSA_3_6,0.10357666015625,0.28759765625,0.473876953125,0.188720703125,0.09967041015625
1565,WomenWhoStutter_22_4,0.061187744140625,0.2371826171875,0.105224609375,0.029815673828125,0.0252227783203125
1566,StutteringIsCool_1_20,0.468994140625,0.1649169921875,0.02288818359375,0.0261077880859375,0.1483154296875
1567,WomenWhoStutter_30_124,0.039947509765625,0.10089111328125,0.0115966796875,0.01036834716796875,0.0181884765625
1568,StutterTalk_30_26,0.06396484375,0.448974609375,0.346435546875,0.290771484375,0.1947021484375
1569,StrongVoices_10_14,0.2239990234375,0.1104736328125,0.0322265625,0.086181640625,0.71240234375
1570,StutterTalk_72_156,0.090087890625,0.159912109375,0.037750244140625,0.0889892578125,0.08343505859375
1571,StutterTalk_18_19,0.08831787109375,0.1124267578125,0.029144287109375,0.031494140625,0.0169219970703125
1572,HVSA_1_169,0.2103271484375,0.1739501953125,0.039947509765625,0.025909423828125,0.91455078125
1573,HVSA_2_31,0.05450439453125,0.2161865234375,0.309326171875,0.4296875,0.2271728515625
1574,HeStutters_12_59,0.110107421875,0.199951171875,0.05389404296875,0.0394287109375,0.06524658203125
1575,StutterTalk_25_167,0.059112548828125,0.1680908203125,0.11859130859375,0.1937255859375,0.08526611328125
1576,StutterTalk_68_119,0.143798828125,0.28125,0.21142578125,0.038970947265625,0.177001953125
1577,HeStutters_12_125,0.048675537109375,0.1900634765625,0.076416015625,0.1591796875,0.72265625
1578,StutteringIsCool_38_29,0.055938720703125,0.08599853515625,0.01406097412109375,0.01560211181640625,0.050048828125
1579,WomenWhoStutter_49_23,0.07965087890625,0.404296875,0.48583984375,0.1905517578125,0.0496826171875
1580,WomenWhoStutter_63_13,0.131591796875,0.2459716796875,0.07720947265625,0.1639404296875,0.0894775390625
1581,WomenWhoStutter_10_194,0.11065673828125,0.16650390625,0.043121337890625,0.02215576171875,0.0217437744140625
1582,WomenWhoStutter_105_2,0.019561767578125,0.1512451171875,0.026611328125,0.018829345703125,0.059326171875
1583,WomenWhoStutter_55_1,0.1505126953125,0.157470703125,0.1651611328125,0.13720703125,0.24560546875
1584,WomenWhoStutter_76_29,0.1217041015625,0.1649169921875,0.042816162109375,0.0276336669921875,0.022369384765625
1585,StutterTalk_58_4,0.06671142578125,0.1590576171875,0.0965576171875,0.286376953125,0.4345703125
1586,WomenWhoStutter_87_140,0.0302734375,0.277099609375,0.20556640625,0.11376953125,0.1292724609375
1587,StutteringIsCool_29_33,0.103759765625,0.1695556640625,0.0830078125,0.10211181640625,0.13330078125
1588,WomenWhoStutter_17_28,0.046478271484375,0.0753173828125,0.01560211181640625,0.0233306884765625,0.01554107666015625
1589,HeStutters_11_32,0.049957275390625,0.375244140625,0.27001953125,0.18310546875,0.1614990234375
1590,HeStutters_2_206,0.06890869140625,0.185546875,0.0303802490234375,0.03948974609375,0.036773681640625
1591,StutterTalk_60_18,0.06793212890625,0.24072265625,0.0762939453125,0.16015625,0.794921875
1592,HVSA_1_152,0.0177764892578125,0.2288818359375,0.1591796875,0.1326904296875,0.080078125
1593,HeStutters_17_22,0.08135986328125,0.318603515625,0.06829833984375,0.0173797607421875,0.06109619140625
1594,HVSA_3_204,0.1468505859375,0.1177978515625,0.08868408203125,0.052520751953125,0.135009765625
1595,WomenWhoStutter_96_57,0.1331787109375,0.2587890625,0.1087646484375,0.138427734375,0.7900390625
1596,StrongVoices_11_35,0.432373046875,0.1041259765625,0.0268096923828125,0.0302734375,0.9228515625
1597,StutteringIsCool_80_186,0.145263671875,0.058990478515625,0.0099334716796875,0.06646728515625,0.3779296875
1598,HVSA_2_3,0.0975341796875,0.11676025390625,0.053497314453125,0.1463623046875,0.497802734375
1599,StutterTalk_22_32,0.024139404296875,0.33740234375,0.1378173828125,0.06622314453125,0.08599853515625
1600,MyStutteringLife_19_23,0.1121826171875,0.229248046875,0.029541015625,0.031982421875,0.03607177734375
1601,StutterTalk_37_23,0.037322998046875,0.1063232421875,0.05865478515625,0.2176513671875,0.106689453125
1602,StutteringIsCool_46_0,0.188232421875,0.1077880859375,0.0247955322265625,0.055938720703125,0.9638671875
1603,StutterTalk_8_153,0.05194091796875,0.1680908203125,0.1630859375,0.0894775390625,0.119384765625
1604,StrongVoices_21_87,0.446044921875,0.09320068359375,0.06622314453125,0.041778564453125,0.267822265625
1605,WomenWhoStutter_69_4,0.1339111328125,0.0831298828125,0.019683837890625,0.1318359375,0.90625
1606,WomenWhoStutter_86_138,0.1190185546875,0.249267578125,0.044769287109375,0.15576171875,0.2137451171875
1607,WomenWhoStutter_90_8,0.1380615234375,0.234619140625,0.123779296875,0.18603515625,0.92431640625
1608,WomenWhoStutter_81_7,0.273193359375,0.082275390625,0.0216217041015625,0.0082550048828125,0.0784912109375
1609,MyStutteringLife_8_0,0.05108642578125,0.28759765625,0.1864013671875,0.354248046875,0.165771484375
1610,WomenWhoStutter_96_22,0.02606201171875,0.2059326171875,0.1864013671875,0.2113037109375,0.06781005859375
1611,IStutterSoWhat_3_44,0.04296875,0.11993408203125,0.06304931640625,0.05242919921875,0.08197021484375
1612,WomenWhoStutter_14_78,0.09039306640625,0.242919921875,0.243408203125,0.059326171875,0.04840087890625
1613,StutterTalk_64_161,0.603515625,0.2181396484375,0.284423828125,0.1397705078125,0.127197265625
1614,StutterTalk_26_23,0.042327880859375,0.08343505859375,0.0150146484375,0.034820556640625,0.025909423828125
1615,WomenWhoStutter_21_23,0.135009765625,0.145751953125,0.0301513671875,0.0316162109375,0.039703369140625
1616,WomenWhoStutter_49_6,0.0633544921875,0.1590576171875,0.0394287109375,0.0284423828125,0.05389404296875
1617,StutteringIsCool_1_3,0.057708740234375,0.1802978515625,0.053009033203125,0.0153656005859375,0.0301055908203125
1618,StrongVoices_7_37,0.122314453125,0.092529296875,0.0160980224609375,0.04345703125,0.04351806640625
1619,HVSA_3_92,0.10284423828125,0.20703125,0.2763671875,0.2039794921875,0.533203125
1620,StrongVoices_32_161,0.6435546875,0.1422119140625,0.08740234375,0.020843505859375,0.054107666015625
1621,StutteringIsCool_34_128,0.51416015625,0.241455078125,0.1566162109375,0.05023193359375,0.6865234375
1622,StrongVoices_8_35,0.0843505859375,0.2027587890625,0.1026611328125,0.077392578125,0.12158203125
1623,WomenWhoStutter_96_10,0.020294189453125,0.155029296875,0.10284423828125,0.05645751953125,0.03228759765625
1624,HeStutters_18_206,0.12445068359375,0.1434326171875,0.0838623046875,0.1810302734375,0.50634765625
1625,StrongVoices_10_156,0.32763671875,0.393310546875,0.41162109375,0.2021484375,0.279052734375
1626,WomenWhoStutter_30_157,0.10211181640625,0.06671142578125,0.010986328125,0.0079345703125,0.01009368896484375
1627,HeStutters_16_10,0.039276123046875,0.08465576171875,0.01953125,0.072265625,0.046539306640625
1628,StrongVoices_32_135,0.057373046875,0.1448974609375,0.046630859375,0.03582763671875,0.04107666015625
1629,StrongVoices_9_17,0.06243896484375,0.1903076171875,0.01861572265625,0.027069091796875,0.0849609375
1630,HVSA_2_177,0.1470947265625,0.277587890625,0.42333984375,0.08587646484375,0.2137451171875
1631,IStutterSoWhat_0_62,0.1351318359375,0.1195068359375,0.0209197998046875,0.0219879150390625,0.034881591796875
1632,HeStutters_2_140,0.0782470703125,0.322998046875,0.3916015625,0.1246337890625,0.07183837890625
1633,StutterTalk_8_49,0.0252227783203125,0.10992431640625,0.042388916015625,0.078369140625,0.1405029296875
1634,WomenWhoStutter_28_17,0.1490478515625,0.1634521484375,0.020172119140625,0.00919342041015625,0.03607177734375
1635,StrongVoices_0_23,0.396728515625,0.1820068359375,0.2042236328125,0.0567626953125,0.0269622802734375
1636,HeStutters_18_48,0.038970947265625,0.279541015625,0.2420654296875,0.240234375,0.1949462890625
1637,StrongVoices_23_217,0.1083984375,0.445068359375,0.4208984375,0.1435546875,0.19091796875
1638,IStutterSoWhat_0_106,0.08770751953125,0.2474365234375,0.033843994140625,0.01812744140625,0.0264129638671875
1639,StrongVoices_4_19,0.0278472900390625,0.2120361328125,0.059417724609375,0.0816650390625,0.091064453125
1640,WomenWhoStutter_97_170,0.085693359375,0.29052734375,0.24365234375,0.2064208984375,0.806640625
1641,WomenWhoStutter_87_139,0.0863037109375,0.12274169921875,0.0411376953125,0.1614990234375,0.91845703125
1642,StutterTalk_37_131,0.052032470703125,0.128662109375,0.24169921875,0.0880126953125,0.055816650390625
1643,WomenWhoStutter_20_8,0.035736083984375,0.26904296875,0.274169921875,0.2005615234375,0.034942626953125
1644,StutteringIsCool_79_26,0.0699462890625,0.383544921875,0.44775390625,0.080078125,0.10015869140625
1645,StutterTalk_68_10,0.06646728515625,0.2347412109375,0.0304412841796875,0.0194244384765625,0.58935546875
1646,StutterTalk_79_37,0.0328369140625,0.133056640625,0.0162200927734375,0.03839111328125,0.1510009765625
1647,StutteringIsCool_80_167,0.09173583984375,0.1358642578125,0.103759765625,0.1973876953125,0.1383056640625
1648,WomenWhoStutter_97_4,0.042236328125,0.2080078125,0.178955078125,0.187744140625,0.2298583984375
1649,IStutterSoWhat_0_99,0.2337646484375,0.134033203125,0.03875732421875,0.09515380859375,0.923828125
1650,HVSA_2_114,0.0374755859375,0.306640625,0.16015625,0.1834716796875,0.08416748046875
1651,StutteringIsCool_49_32,0.63232421875,0.126708984375,0.051361083984375,0.02508544921875,0.12646484375
1652,StutteringIsCool_38_4,0.03143310546875,0.2108154296875,0.07891845703125,0.1982421875,0.1689453125
1653,StutterTalk_37_125,0.037322998046875,0.11029052734375,0.04351806640625,0.2039794921875,0.106689453125
1654,StutterTalk_64_89,0.102294921875,0.239501953125,0.2127685546875,0.1181640625,0.1790771484375
1655,MyStutteringLife_25_5,0.0217742919921875,0.26904296875,0.143310546875,0.0413818359375,0.0753173828125
1656,StrongVoices_9_16,0.1439208984375,0.050506591796875,0.014007568359375,0.0147857666015625,0.0309600830078125
1657,StutteringIsCool_43_19,0.03802490234375,0.1351318359375,0.0723876953125,0.1478271484375,0.22900390625
1658,WomenWhoStutter_2_101,0.1656494140625,0.1651611328125,0.0306243896484375,0.05511474609375,0.09619140625
1659,WomenWhoStutter_76_22,0.050140380859375,0.1163330078125,0.0117340087890625,0.0360107421875,0.044189453125
1660,StutteringIsCool_34_170,0.14501953125,0.12054443359375,0.017181396484375,0.07196044921875,0.51953125
1661,WomenWhoStutter_12_7,0.08416748046875,0.246337890625,0.089599609375,0.049774169921875,0.042633056640625
1662,StrongVoices_18_32,0.0616455078125,0.25732421875,0.08978271484375,0.037200927734375,0.029205322265625
1663,IStutterSoWhat_3_82,0.07305908203125,0.28173828125,0.734375,0.484375,0.157470703125
1664,WomenWhoStutter_8_5,0.05987548828125,0.326904296875,0.07794189453125,0.02685546875,0.312744140625
1665,HVSA_2_42,0.0311431884765625,0.148681640625,0.103759765625,0.09417724609375,0.10577392578125
1666,WomenWhoStutter_86_14,0.1739501953125,0.2548828125,0.036773681640625,0.0161590576171875,0.1988525390625
1667,HeStutters_11_31,0.32177734375,0.17822265625,0.10821533203125,0.11358642578125,0.8798828125
1668,StutteringIsCool_14_23,0.05340576171875,0.076416015625,0.07342529296875,0.11932373046875,0.10052490234375
1669,WomenWhoStutter_30_126,0.060089111328125,0.070556640625,0.0083465576171875,0.00847625732421875,0.027740478515625
1670,WomenWhoStutter_22_25,0.09930419921875,0.1328125,0.06256103515625,0.12115478515625,0.06829833984375
1671,StutterTalk_3_16,0.077392578125,0.282958984375,0.058563232421875,0.02276611328125,0.1153564453125
1672,StrongVoices_6_66,0.128173828125,0.357421875,0.05889892578125,0.017913818359375,0.1729736328125
1673,WomenWhoStutter_97_199,0.0762939453125,0.1708984375,0.25341796875,0.258056640625,0.079345703125
1674,HVSA_2_0,0.033477783203125,0.11358642578125,0.07330322265625,0.1492919921875,0.2120361328125
1675,StrongVoices_32_148,0.5185546875,0.286376953125,0.07476806640625,0.03875732421875,0.033477783203125
1676,StrongVoices_23_198,0.1767578125,0.277099609375,0.053985595703125,0.011871337890625,0.03875732421875
1677,MyStutteringLife_0_25,0.05340576171875,0.123779296875,0.1134033203125,0.05242919921875,0.029754638671875
1678,StutterTalk_26_74,0.0574951171875,0.1295166015625,0.01332855224609375,0.054290771484375,0.296875
1679,WomenWhoStutter_87_116,0.1708984375,0.2225341796875,0.08758544921875,0.14013671875,0.6259765625
1680,StutterTalk_38_37,0.138427734375,0.217529296875,0.070556640625,0.07080078125,0.251953125
1681,StrongVoices_14_33,0.05633544921875,0.204345703125,0.08135986328125,0.0994873046875,0.423583984375
1682,StutterTalk_77_12,0.07183837890625,0.26025390625,0.05792236328125,0.08343505859375,0.81201171875
1683,StrongVoices_32_62,0.033782958984375,0.082275390625,0.016021728515625,0.0185089111328125,0.042236328125
1684,StutterTalk_28_32,0.042724609375,0.37841796875,0.1190185546875,0.06280517578125,0.0548095703125
1685,StrongVoices_32_82,0.0938720703125,0.184814453125,0.04779052734375,0.0574951171875,0.09173583984375
1686,HeStutters_18_199,0.09466552734375,0.357421875,0.1121826171875,0.080810546875,0.0966796875
1687,StutterTalk_63_95,0.06268310546875,0.302001953125,0.37158203125,0.10797119140625,0.05340576171875
1688,HeStutters_18_58,0.047332763671875,0.123779296875,0.046295166015625,0.1868896484375,0.286376953125
1689,StutterTalk_26_183,0.0224609375,0.082275390625,0.0141143798828125,0.0309600830078125,0.0197601318359375
1690,HeStutters_5_28,0.1070556640625,0.29345703125,0.1536865234375,0.04779052734375,0.027374267578125
1691,StutteringIsCool_80_168,0.247802734375,0.051177978515625,0.007122039794921875,0.0258636474609375,0.7119140625
1692,StutteringIsCool_73_0,0.246337890625,0.08526611328125,0.039337158203125,0.07275390625,0.305419921875
1693,WomenWhoStutter_62_91,0.1087646484375,0.135498046875,0.02337646484375,0.11859130859375,0.92041015625
1694,HeStutters_2_88,0.05499267578125,0.2232666015625,0.11737060546875,0.10687255859375,0.044921875
1695,StrongVoices_9_12,0.352294921875,0.16650390625,0.048675537109375,0.034698486328125,0.368408203125
1696,HVSA_2_55,0.1683349609375,0.2330322265625,0.1424560546875,0.22021484375,0.12451171875
1697,StutterTalk_49_38,0.1474609375,0.1702880859375,0.129150390625,0.181640625,0.8828125
1698,StutterTalk_24_0,0.091552734375,0.072265625,0.0369873046875,0.0266571044921875,0.016021728515625
1699,StrongVoices_14_21,0.04779052734375,0.0631103515625,0.0269622802734375,0.022247314453125,0.0706787109375
1700,StutterTalk_31_20,0.28076171875,0.2340087890625,0.1883544921875,0.279541015625,0.1273193359375
1701,StrongVoices_23_106,0.270263671875,0.3046875,0.06488037109375,0.01348114013671875,0.1265869140625
1702,WomenWhoStutter_21_63,0.06951904296875,0.2293701171875,0.046295166015625,0.01029205322265625,0.061767578125
1703,StrongVoices_6_127,0.05572509765625,0.289794921875,0.08477783203125,0.044281005859375,0.0293121337890625
1704,IStutterSoWhat_3_79,0.1221923828125,0.230712890625,0.1650390625,0.05389404296875,0.07452392578125
1705,HeStutters_5_40,0.05877685546875,0.1495361328125,0.0276947021484375,0.01983642578125,0.01395416259765625
1706,StutteringIsCool_16_4,0.06927490234375,0.13037109375,0.0863037109375,0.2186279296875,0.427978515625
1707,WomenWhoStutter_42_82,0.1190185546875,0.1240234375,0.03155517578125,0.0222930908203125,0.06475830078125
1708,WomenWhoStutter_86_105,0.1510009765625,0.224365234375,0.278564453125,0.63037109375,0.44091796875
1709,StrongVoices_4_9,0.3974609375,0.2044677734375,0.09503173828125,0.012237548828125,0.083740234375
1710,StrongVoices_34_32,0.2149658203125,0.14453125,0.0283355712890625,0.0237274169921875,0.0261077880859375
1711,WomenWhoStutter_2_171,0.035552978515625,0.29833984375,0.0482177734375,0.038909912109375,0.06488037109375
1712,StutteringIsCool_62_8,0.039794921875,0.406982421875,0.1961669921875,0.04217529296875,0.08270263671875
1713,StrongVoices_21_67,0.1319580078125,0.458251953125,0.1195068359375,0.0215301513671875,0.12841796875
1714,IStutterSoWhat_3_6,0.029876708984375,0.089599609375,0.044586181640625,0.0170440673828125,0.0174407958984375
1715,StrongVoices_23_80,0.455810546875,0.125732421875,0.06597900390625,0.01302337646484375,0.044342041015625
1716,HVSA_2_127,0.2310791015625,0.267822265625,0.299560546875,0.04510498046875,0.08880615234375
1717,StrongVoices_32_192,0.1224365234375,0.09368896484375,0.00803375244140625,0.0330810546875,0.74609375
1718,HVSA_2_169,0.18115234375,0.20703125,0.1767578125,0.1884765625,0.1646728515625
1719,StutterTalk_15_15,0.06732177734375,0.10321044921875,0.03424072265625,0.2352294921875,0.6064453125
1720,HeStutters_5_61,0.10894775390625,0.415283203125,0.381591796875,0.34228515625,0.1514892578125
1721,StutterTalk_64_155,0.53564453125,0.1492919921875,0.08038330078125,0.1392822265625,0.1982421875
1722,WomenWhoStutter_69_37,0.2310791015625,0.1981201171875,0.2012939453125,0.35400390625,0.413330078125
1723,WomenWhoStutter_14_10,0.12115478515625,0.2044677734375,0.037689208984375,0.029541015625,0.03607177734375
1724,StutterTalk_72_153,0.1253662109375,0.38525390625,0.198486328125,0.04248046875,0.3935546875
1725,WomenWhoStutter_30_191,0.08709716796875,0.2191162109375,0.35205078125,0.21142578125,0.578125
1726,StutteringIsCool_1_34,0.15087890625,0.203369140625,0.3564453125,0.1971435546875,0.09979248046875
1727,StrongVoices_25_10,0.1650390625,0.185302734375,0.026763916015625,0.018341064453125,0.0210418701171875
1728,StrongVoices_22_9,0.03582763671875,0.0457763671875,0.00847625732421875,0.022674560546875,0.02752685546875
1729,HVSA_2_48,0.2322998046875,0.09857177734375,0.030914306640625,0.1368408203125,0.276611328125
1730,WomenWhoStutter_96_168,0.049774169921875,0.3193359375,0.45166015625,0.28173828125,0.4072265625
1731,HVSA_2_193,0.06097412109375,0.070556640625,0.042724609375,0.08209228515625,0.0254669189453125
1732,StutterTalk_8_86,0.048858642578125,0.1802978515625,0.1248779296875,0.029541015625,0.251220703125
1733,StutterTalk_34_20,0.2467041015625,0.27197265625,0.0220794677734375,0.0185394287109375,0.06805419921875
1734,StutterTalk_10_33,0.1370849609375,0.2366943359375,0.047607421875,0.11395263671875,0.0872802734375
1735,StutterTalk_46_14,0.354736328125,0.156494140625,0.0894775390625,0.19775390625,0.6552734375
1736,WomenWhoStutter_14_123,0.10595703125,0.12188720703125,0.04083251953125,0.09967041015625,0.20263671875
1737,StutteringIsCool_1_13,0.044586181640625,0.150146484375,0.0631103515625,0.285400390625,0.2078857421875
1738,WomenWhoStutter_81_77,0.39892578125,0.252197265625,0.12158203125,0.061431884765625,0.72119140625
1739,StutterTalk_80_13,0.031494140625,0.09271240234375,0.019866943359375,0.017303466796875,0.03985595703125
1740,IStutterSoWhat_3_43,0.134765625,0.2034912109375,0.0616455078125,0.22021484375,0.252197265625
1741,IStutterSoWhat_3_111,0.08038330078125,0.169189453125,0.046722412109375,0.038970947265625,0.072265625
1742,StrongVoices_32_185,0.296142578125,0.406982421875,0.2122802734375,0.07965087890625,0.09912109375
1743,WomenWhoStutter_79_5,0.07196044921875,0.19287109375,0.04107666015625,0.185546875,0.3623046875
1744,StutteringIsCool_56_14,0.07489013671875,0.252197265625,0.13623046875,0.06243896484375,0.0240020751953125
1745,StutterTalk_68_173,0.079345703125,0.184326171875,0.0552978515625,0.045440673828125,0.2861328125
1746,HVSA_2_75,0.0863037109375,0.262939453125,0.298828125,0.05511474609375,0.0269622802734375
1747,WomenWhoStutter_37_30,0.2086181640625,0.2469482421875,0.232666015625,0.021484375,0.15380859375
1748,WomenWhoStutter_87_36,0.06536865234375,0.091064453125,0.0164031982421875,0.036346435546875,0.8349609375
1749,WomenWhoStutter_89_15,0.11798095703125,0.1739501953125,0.0209197998046875,0.024139404296875,0.2548828125
1750,StrongVoices_8_39,0.044342041015625,0.1754150390625,0.10577392578125,0.04986572265625,0.132568359375
1751,WomenWhoStutter_2_202,0.2286376953125,0.2064208984375,0.0278472900390625,0.06475830078125,0.64453125
1752,WomenWhoStutter_97_101,0.07196044921875,0.162353515625,0.1015625,0.20751953125,0.2110595703125
1753,StutteringIsCool_29_30,0.06396484375,0.048492431640625,0.033538818359375,0.09722900390625,0.230224609375
1754,StutteringIsCool_29_17,0.10125732421875,0.178466796875,0.12493896484375,0.06549072265625,0.08868408203125
1755,StutteringIsCool_70_35,0.0167236328125,0.047943115234375,0.0153656005859375,0.04595947265625,0.06085205078125
1756,WomenWhoStutter_81_187,0.20947265625,0.11676025390625,0.0185089111328125,0.0894775390625,0.06085205078125
1757,StrongVoices_32_163,0.254150390625,0.307373046875,0.034027099609375,0.01129150390625,0.1864013671875
1758,StutterTalk_37_7,0.038238525390625,0.15087890625,0.1302490234375,0.07611083984375,0.0460205078125
1759,StrongVoices_32_18,0.06927490234375,0.0953369140625,0.01495361328125,0.025909423828125,0.187255859375
1760,StutterTalk_8_94,0.1214599609375,0.25927734375,0.339599609375,0.30517578125,0.62109375
1761,StutterTalk_72_29,0.07904052734375,0.239501953125,0.0258636474609375,0.04010009765625,0.1436767578125
1762,WomenWhoStutter_2_47,0.046478271484375,0.2276611328125,0.049591064453125,0.06439208984375,0.0411376953125
1763,StutterTalk_7_6,0.20263671875,0.26904296875,0.077392578125,0.0167236328125,0.10430908203125
1764,StrongVoices_32_9,0.1737060546875,0.192138671875,0.029144287109375,0.0244293212890625,0.0268096923828125
1765,StutterTalk_31_4,0.09173583984375,0.062103271484375,0.0225372314453125,0.02215576171875,0.0246124267578125
1766,StutterTalk_38_11,0.146240234375,0.09466552734375,0.0203704833984375,0.1094970703125,0.8759765625
1767,StrongVoices_21_139,0.2425537109375,0.11920166015625,0.04534912109375,0.0885009765625,0.2379150390625
1768,StrongVoices_25_0,0.08648681640625,0.275146484375,0.06829833984375,0.0271759033203125,0.03839111328125
1769,StutterTalk_8_39,0.2481689453125,0.1544189453125,0.18115234375,0.07464599609375,0.341552734375
1770,HeStutters_5_4,0.07977294921875,0.185546875,0.048583984375,0.2322998046875,0.685546875
1771,StutteringIsCool_75_11,0.089599609375,0.359619140625,0.437744140625,0.1500244140625,0.2305908203125
1772,MyStutteringLife_5_22,0.0261077880859375,0.3232421875,0.1629638671875,0.040008544921875,0.05291748046875
1773,WomenWhoStutter_81_5,0.431884765625,0.2108154296875,0.2010498046875,0.07989501953125,0.070556640625
1774,StutterTalk_64_198,0.100341796875,0.132568359375,0.03216552734375,0.1143798828125,0.1591796875
1775,WomenWhoStutter_14_49,0.080078125,0.1827392578125,0.0313720703125,0.01560211181640625,0.02288818359375
1776,StutteringIsCool_75_13,0.163330078125,0.1929931640625,0.029083251953125,0.012237548828125,0.020843505859375
1777,WomenWhoStutter_87_4,0.08587646484375,0.07684326171875,0.02215576171875,0.0164642333984375,0.0285491943359375
1778,StrongVoices_22_17,0.1285400390625,0.3095703125,0.2880859375,0.07806396484375,0.1708984375
1779,WomenWhoStutter_105_1,0.2418212890625,0.2447509765625,0.0282745361328125,0.0169830322265625,0.07476806640625
1780,HVSA_0_10,0.09368896484375,0.1304931640625,0.05023193359375,0.055419921875,0.1634521484375
1781,StrongVoices_10_130,0.292724609375,0.2459716796875,0.10968017578125,0.037200927734375,0.1104736328125
1782,HVSA_2_95,0.06085205078125,0.263916015625,0.259521484375,0.0765380859375,0.04376220703125
1783,StutteringIsCool_43_16,0.140625,0.10614013671875,0.0706787109375,0.107421875,0.328125
1784,StrongVoices_21_141,0.0765380859375,0.2237548828125,0.325439453125,0.10577392578125,0.166015625
1785,HeStutters_18_40,0.03167724609375,0.1278076171875,0.0304412841796875,0.0537109375,0.021209716796875
1786,HVSA_0_119,0.1014404296875,0.406005859375,0.070556640625,0.03521728515625,0.1309814453125
1787,StutterTalk_55_36,0.11260986328125,0.1346435546875,0.01094818115234375,0.0189361572265625,0.042633056640625
1788,StutterTalk_76_14,0.097900390625,0.33544921875,0.044342041015625,0.0244293212890625,0.240966796875
1789,StrongVoices_10_99,0.023651123046875,0.08447265625,0.0287628173828125,0.08197021484375,0.073974609375
1790,HVSA_2_191,0.04046630859375,0.1658935546875,0.1617431640625,0.2607421875,0.07977294921875
1791,StutteringIsCool_1_27,0.093017578125,0.1671142578125,0.1427001953125,0.0970458984375,0.0546875
1792,HeStutters_12_76,0.1947021484375,0.07183837890625,0.020416259765625,0.0070648193359375,0.012481689453125
1793,IStutterSoWhat_0_89,0.12322998046875,0.298583984375,0.057586669921875,0.019561767578125,0.126953125
1794,StutteringIsCool_75_8,0.127685546875,0.198486328125,0.03125,0.060302734375,0.09283447265625
1795,StutteringIsCool_45_14,0.365234375,0.3466796875,0.224853515625,0.08868408203125,0.142822265625
1796,MyStutteringLife_0_31,0.2109375,0.279296875,0.1551513671875,0.0311431884765625,0.04620361328125
1797,WomenWhoStutter_102_21,0.115966796875,0.2039794921875,0.0232391357421875,0.0219879150390625,0.109130859375
1798,StutterTalk_15_17,0.45263671875,0.137939453125,0.08331298828125,0.07586669921875,0.240966796875
1799,StrongVoices_6_182,0.305908203125,0.15966796875,0.03155517578125,0.00661468505859375,0.0215301513671875
1800,StutterTalk_64_41,0.093017578125,0.08758544921875,0.20166015625,0.1307373046875,0.06268310546875
1801,StutterTalk_51_8,0.014007568359375,0.132568359375,0.0290374755859375,0.09320068359375,0.10125732421875
1802,HVSA_3_20,0.164794921875,0.40576171875,0.374267578125,0.06549072265625,0.090087890625
1803,StutteringIsCool_81_31,0.07574462890625,0.052032470703125,0.01078033447265625,0.0165252685546875,0.134033203125
1804,StutterTalk_1_33,0.08404541015625,0.1995849609375,0.070556640625,0.1744384765625,0.431640625
1805,HeStutters_2_18,0.10858154296875,0.0816650390625,0.0185394287109375,0.042083740234375,0.027008056640625
1806,IStutterSoWhat_3_99,0.102294921875,0.2099609375,0.56005859375,0.1463623046875,0.06829833984375
1807,WomenWhoStutter_2_173,0.08209228515625,0.142822265625,0.010009765625,0.01495361328125,0.6767578125
1808,WomenWhoStutter_87_136,0.035003662109375,0.336181640625,0.26806640625,0.1474609375,0.215576171875
1809,StutteringIsCool_37_30,0.28369140625,0.1851806640625,0.1417236328125,0.0640869140625,0.1363525390625
1810,HVSA_0_134,0.1925048828125,0.10577392578125,0.0170440673828125,0.048492431640625,0.97265625
1811,StrongVoices_17_14,0.10174560546875,0.1688232421875,0.05511474609375,0.018768310546875,0.0153656005859375
1812,StrongVoices_21_38,0.11199951171875,0.08648681640625,0.0202484130859375,0.08587646484375,0.290771484375
1813,StrongVoices_21_118,0.063720703125,0.1611328125,0.0197906494140625,0.014556884765625,0.02752685546875
1814,StutterTalk_25_69,0.045013427734375,0.250244140625,0.04595947265625,0.017181396484375,0.0188751220703125
1815,MyStutteringLife_38_31,0.37158203125,0.12432861328125,0.0188751220703125,0.0279083251953125,0.94384765625
1816,StrongVoices_13_32,0.5234375,0.233154296875,0.049224853515625,0.029083251953125,0.0263519287109375
1817,StutterTalk_40_36,0.037750244140625,0.32666015625,0.0889892578125,0.0284423828125,0.05645751953125
1818,WomenWhoStutter_97_12,0.04052734375,0.2322998046875,0.376220703125,0.06597900390625,0.12054443359375
1819,WomenWhoStutter_2_66,0.2191162109375,0.2509765625,0.08050537109375,0.036285400390625,0.5576171875
1820,StrongVoices_26_25,0.176513671875,0.10394287109375,0.027587890625,0.0325927734375,0.6337890625
1821,WomenWhoStutter_30_198,0.241455078125,0.145751953125,0.022247314453125,0.01507568359375,0.791015625
1822,StutteringIsCool_67_35,0.06982421875,0.102294921875,0.06683349609375,0.1917724609375,0.423828125
1823,StrongVoices_32_84,0.11798095703125,0.115966796875,0.01934814453125,0.0343017578125,0.393798828125
1824,StutterTalk_24_8,0.06805419921875,0.23388671875,0.0709228515625,0.03948974609375,0.027435302734375
1825,HVSA_1_39,0.57177734375,0.1256103515625,0.08740234375,0.0191650390625,0.54443359375
1826,HeStutters_18_5,0.280517578125,0.11102294921875,0.0517578125,0.2037353515625,0.306884765625
1827,StrongVoices_21_169,0.038330078125,0.1317138671875,0.08465576171875,0.325439453125,0.10595703125
1828,StrongVoices_21_196,0.1845703125,0.1177978515625,0.02056884765625,0.028167724609375,0.036163330078125
1829,StutterTalk_62_37,0.053009033203125,0.0809326171875,0.06097412109375,0.0531005859375,0.12432861328125
1830,StrongVoices_23_42,0.06890869140625,0.3759765625,0.174560546875,0.02801513671875,0.030731201171875
1831,StutterTalk_12_33,0.1470947265625,0.11199951171875,0.050994873046875,0.1583251953125,0.45068359375
1832,StutteringIsCool_16_14,0.2138671875,0.1041259765625,0.02691650390625,0.0633544921875,0.73046875
1833,StrongVoices_33_35,0.173828125,0.173583984375,0.03594970703125,0.01142120361328125,0.06939697265625
1834,StutterTalk_26_11,0.0299224853515625,0.167724609375,0.057708740234375,0.0258636474609375,0.024749755859375
1835,StrongVoices_21_149,0.2841796875,0.156982421875,0.10968017578125,0.04559326171875,0.03656005859375
1836,StrongVoices_32_160,0.215576171875,0.281982421875,0.027008056640625,0.01073455810546875,0.07574462890625
1837,HVSA_2_104,0.03985595703125,0.151123046875,0.2015380859375,0.428955078125,0.07781982421875
1838,IStutterSoWhat_3_13,0.14501953125,0.141357421875,0.029754638671875,0.06280517578125,0.974609375
1839,StutteringIsCool_80_107,0.1488037109375,0.1143798828125,0.02691650390625,0.00847625732421875,0.0162811279296875
1840,StutteringIsCool_43_34,0.0439453125,0.1568603515625,0.2049560546875,0.090087890625,0.1298828125
1841,StrongVoices_18_5,0.03253173828125,0.0869140625,0.059417724609375,0.0247955322265625,0.0248870849609375
1842,WomenWhoStutter_87_30,0.14697265625,0.1165771484375,0.027587890625,0.038909912109375,0.92529296875
1843,StutteringIsCool_23_34,0.279296875,0.1279296875,0.038604736328125,0.04595947265625,0.87548828125
1844,HVSA_2_122,0.139892578125,0.07305908203125,0.0312042236328125,0.125244140625,0.13671875
1845,StrongVoices_32_1,0.72119140625,0.1297607421875,0.0743408203125,0.038818359375,0.038177490234375
1846,StutterTalk_58_29,0.05108642578125,0.147705078125,0.13330078125,0.242919921875,0.0775146484375
1847,StrongVoices_4_14,0.01146697998046875,0.10467529296875,0.027435302734375,0.05572509765625,0.0416259765625
1848,StutterTalk_26_84,0.080078125,0.254638671875,0.038116455078125,0.007904052734375,0.03143310546875
1849,WomenWhoStutter_30_103,0.06939697265625,0.1351318359375,0.0170440673828125,0.0212860107421875,0.041778564453125
1850,StutterTalk_7_38,0.124755859375,0.1658935546875,0.01322174072265625,0.0160980224609375,0.0416259765625
1851,StutterTalk_8_146,0.07763671875,0.1964111328125,0.04296875,0.04345703125,0.1806640625
1852,StutterTalk_8_136,0.2197265625,0.1866455078125,0.1446533203125,0.089599609375,0.81201171875
1853,StutterTalk_8_92,0.25830078125,0.139892578125,0.092041015625,0.07708740234375,0.8232421875
1854,StrongVoices_25_22,0.047332763671875,0.2421875,0.035064697265625,0.0137939453125,0.046295166015625
1855,StrongVoices_10_101,0.361572265625,0.10797119140625,0.021087646484375,0.014617919921875,0.5625
1856,HVSA_1_105,0.048675537109375,0.2705078125,0.07708740234375,0.0241851806640625,0.08538818359375
1857,WomenWhoStutter_81_28,0.11968994140625,0.2203369140625,0.06451416015625,0.06475830078125,0.034027099609375
1858,StutteringIsCool_34_167,0.1324462890625,0.275390625,0.06597900390625,0.062103271484375,0.0823974609375
1859,StutterTalk_25_27,0.07806396484375,0.1041259765625,0.0156707763671875,0.027008056640625,0.042388916015625
1860,HeStutters_11_38,0.05877685546875,0.2646484375,0.272705078125,0.380859375,0.126953125
1861,HeStutters_12_61,0.08599853515625,0.1790771484375,0.0230712890625,0.0218658447265625,0.046539306640625
1862,StrongVoices_10_82,0.365966796875,0.168701171875,0.021942138671875,0.0261077880859375,0.380126953125
1863,StutterTalk_77_31,0.160888671875,0.446533203125,0.3095703125,0.042236328125,0.06524658203125
1864,WomenWhoStutter_27_28,0.09173583984375,0.2230224609375,0.0232391357421875,0.0202178955078125,0.1622314453125
1865,StutterTalk_72_17,0.033538818359375,0.149658203125,0.015777587890625,0.017852783203125,0.037689208984375
1866,HeStutters_10_37,0.270263671875,0.187744140625,0.202880859375,0.1983642578125,0.58642578125
1867,StutterTalk_63_156,0.28759765625,0.310302734375,0.0867919921875,0.01898193359375,0.21533203125
1868,StutterTalk_49_16,0.095703125,0.0567626953125,0.013427734375,0.0121917724609375,0.01049041748046875
1869,WomenWhoStutter_8_11,0.0751953125,0.290771484375,0.39404296875,0.0386962890625,0.06610107421875
1870,StutterTalk_29_13,0.215576171875,0.120361328125,0.033203125,0.048583984375,0.03662109375
1871,StrongVoices_9_33,0.04949951171875,0.1383056640625,0.060516357421875,0.053009033203125,0.10894775390625
1872,StrongVoices_7_11,0.03228759765625,0.0792236328125,0.0235595703125,0.024749755859375,0.007232666015625
1873,WomenWhoStutter_63_21,0.3818359375,0.09912109375,0.02069091796875,0.07171630859375,0.442138671875
1874,StrongVoices_0_6,0.2017822265625,0.156005859375,0.0504150390625,0.0531005859375,0.0161590576171875
1875,StrongVoices_29_14,0.28515625,0.2724609375,0.2037353515625,0.01312255859375,0.06622314453125
1876,StrongVoices_10_76,0.06622314453125,0.171630859375,0.061187744140625,0.1121826171875,0.325439453125
1877,StutterTalk_79_5,0.0318603515625,0.1728515625,0.0472412109375,0.1796875,0.38037109375
1878,WomenWhoStutter_22_35,0.12432861328125,0.408935546875,0.65380859375,0.56103515625,0.305908203125
1879,StrongVoices_32_30,0.288330078125,0.09619140625,0.0160980224609375,0.0184326171875,0.12213134765625
1880,StutterTalk_25_24,0.10302734375,0.22802734375,0.034423828125,0.015899658203125,0.0279541015625
1881,StrongVoices_32_68,0.333984375,0.237548828125,0.044921875,0.0269622802734375,0.0401611328125
1882,StutteringIsCool_45_37,0.134765625,0.194580078125,0.05792236328125,0.03533935546875,0.290771484375
1883,HeStutters_11_82,0.08599853515625,0.299560546875,0.2001953125,0.493896484375,0.26513671875
1884,StutteringIsCool_80_205,0.227294921875,0.28466796875,0.177978515625,0.06622314453125,0.061981201171875
1885,StutteringIsCool_43_37,0.039947509765625,0.331787109375,0.2010498046875,0.04931640625,0.09619140625
1886,WomenWhoStutter_83_12,0.40185546875,0.2379150390625,0.048675537109375,0.0203399658203125,0.181640625
1887,StutteringIsCool_73_10,0.051361083984375,0.0794677734375,0.008880615234375,0.040985107421875,0.3515625
1888,StutteringIsCool_80_78,0.26806640625,0.200439453125,0.1802978515625,0.1282958984375,0.5576171875
1889,HeStutters_2_215,0.09686279296875,0.12335205078125,0.010986328125,0.048858642578125,0.85791015625
1890,WomenWhoStutter_52_8,0.271240234375,0.1937255859375,0.06878662109375,0.1094970703125,0.6728515625
1891,StutterTalk_12_32,0.26513671875,0.2044677734375,0.302001953125,0.0982666015625,0.11083984375
1892,WomenWhoStutter_30_136,0.23876953125,0.1636962890625,0.0855712890625,0.021240234375,0.509765625
1893,StutterTalk_18_11,0.0948486328125,0.09320068359375,0.007289886474609375,0.023193359375,0.04296875
1894,StrongVoices_6_191,0.2459716796875,0.20654296875,0.03131103515625,0.0196380615234375,0.0287017822265625
1895,StutterTalk_64_56,0.203857421875,0.140869140625,0.0285491943359375,0.15478515625,0.51220703125
1896,StutterTalk_37_87,0.045440673828125,0.0701904296875,0.0283355712890625,0.1605224609375,0.1370849609375
1897,WomenWhoStutter_42_77,0.10467529296875,0.338134765625,0.0943603515625,0.0284423828125,0.045440673828125
1898,StutteringIsCool_73_18,0.1865234375,0.1163330078125,0.0243377685546875,0.046722412109375,0.401123046875
1899,StutterTalk_64_55,0.1275634765625,0.195556640625,0.03021240234375,0.06719970703125,0.090576171875
1900,WomenWhoStutter_73_29,0.10247802734375,0.09124755859375,0.0102081298828125,0.09088134765625,0.244384765625
1901,StrongVoices_14_4,0.262939453125,0.17919921875,0.0287017822265625,0.01116180419921875,0.07330322265625
1902,StrongVoices_32_69,0.64892578125,0.1826171875,0.14404296875,0.033721923828125,0.022796630859375
1903,MyStutteringLife_16_31,0.27001953125,0.0943603515625,0.06475830078125,0.2191162109375,0.10504150390625
1904,StutterTalk_66_5,0.048126220703125,0.1121826171875,0.0121917724609375,0.01934814453125,0.08331298828125
1905,StutterTalk_8_53,0.0615234375,0.13623046875,0.048858642578125,0.23388671875,0.440185546875
1906,StrongVoices_4_36,0.053192138671875,0.10577392578125,0.035064697265625,0.060211181640625,0.07464599609375
1907,MyStutteringLife_19_7,0.1278076171875,0.097412109375,0.018341064453125,0.03314208984375,0.040008544921875
1908,StutterTalk_38_6,0.130615234375,0.412353515625,0.2496337890625,0.04046630859375,0.09222412109375
1909,WomenWhoStutter_96_188,0.03265380859375,0.291015625,0.2193603515625,0.131591796875,0.2349853515625
1910,StrongVoices_10_36,0.59375,0.2203369140625,0.082275390625,0.01322174072265625,0.1033935546875
1911,StrongVoices_1_17,0.16259765625,0.1883544921875,0.11798095703125,0.059417724609375,0.03704833984375
1912,WomenWhoStutter_69_18,0.5439453125,0.13671875,0.0304412841796875,0.03253173828125,0.223876953125
1913,StutteringIsCool_73_22,0.263916015625,0.11456298828125,0.0235595703125,0.127685546875,0.521484375
1914,HeStutters_5_65,0.058990478515625,0.2294921875,0.12322998046875,0.1458740234375,0.07806396484375
1915,WomenWhoStutter_17_38,0.183837890625,0.1358642578125,0.0210113525390625,0.02685546875,0.03289794921875
1916,WomenWhoStutter_58_30,0.0855712890625,0.2861328125,0.034423828125,0.027008056640625,0.36572265625
1917,StrongVoices_4_0,0.1788330078125,0.19189453125,0.029815673828125,0.0509033203125,0.354248046875
1918,WomenWhoStutter_87_42,0.05633544921875,0.266357421875,0.094482421875,0.045867919921875,0.0794677734375
1919,StutterTalk_64_131,0.1163330078125,0.244140625,0.366943359375,0.196044921875,0.5791015625
1920,StutterTalk_49_11,0.1729736328125,0.0885009765625,0.0236968994140625,0.1083984375,0.1444091796875
1921,StutterTalk_37_115,0.0810546875,0.110107421875,0.0289764404296875,0.163330078125,0.178955078125
1922,StutteringIsCool_27_3,0.060638427734375,0.15625,0.29931640625,0.0504150390625,0.0723876953125
1923,HeStutters_19_161,0.06756591796875,0.2100830078125,0.013427734375,0.03179931640625,0.058135986328125
1924,StrongVoices_23_216,0.199462890625,0.1629638671875,0.0177764892578125,0.005489349365234375,0.082275390625
1925,StutterTalk_77_26,0.2017822265625,0.352294921875,0.14892578125,0.011505126953125,0.05126953125
1926,StutteringIsCool_23_21,0.028167724609375,0.2125244140625,0.07135009765625,0.12841796875,0.06427001953125
1927,StutteringIsCool_64_31,0.05126953125,0.281494140625,0.0999755859375,0.2105712890625,0.427001953125
1928,StutteringIsCool_38_32,0.164306640625,0.1541748046875,0.0225830078125,0.07696533203125,0.97412109375
1929,WomenWhoStutter_42_81,0.0287017822265625,0.0948486328125,0.03302001953125,0.134521484375,0.09466552734375
1930,StutteringIsCool_33_22,0.1622314453125,0.18115234375,0.09967041015625,0.11932373046875,0.0982666015625
1931,StutteringIsCool_77_16,0.12274169921875,0.391357421875,0.278564453125,0.0222930908203125,0.06805419921875
1932,StutterTalk_69_14,0.091064453125,0.259521484375,0.1646728515625,0.0115966796875,0.0313720703125
1933,HeStutters_11_164,0.06732177734375,0.152099609375,0.04486083984375,0.045440673828125,0.051177978515625
1934,StrongVoices_2_39,0.06536865234375,0.273193359375,0.11859130859375,0.0869140625,0.1898193359375
1935,StutterTalk_55_39,0.01898193359375,0.073974609375,0.009674072265625,0.06915283203125,0.2347412109375
1936,HeStutters_16_16,0.27197265625,0.11676025390625,0.06707763671875,0.281494140625,0.089111328125
1937,StutteringIsCool_46_178,0.0546875,0.21533203125,0.08538818359375,0.317138671875,0.14697265625
1938,StutterTalk_26_97,0.01519012451171875,0.160888671875,0.04248046875,0.036163330078125,0.0269622802734375
1939,StutteringIsCool_1_33,0.244140625,0.205078125,0.07891845703125,0.033843994140625,0.02838134765625
1940,StutteringIsCool_56_23,0.08251953125,0.40478515625,0.26806640625,0.07720947265625,0.2841796875
1941,HeStutters_18_78,0.2366943359375,0.14599609375,0.028594970703125,0.06927490234375,0.94482421875
1942,WomenWhoStutter_2_161,0.1513671875,0.364990234375,0.093505859375,0.03240966796875,0.07275390625
1943,HeStutters_18_155,0.1278076171875,0.372314453125,0.1644287109375,0.1121826171875,0.0489501953125
1944,IStutterSoWhat_3_85,0.123779296875,0.307861328125,0.12408447265625,0.042388916015625,0.295654296875
1945,HVSA_2_64,0.0970458984375,0.102294921875,0.06781005859375,0.2445068359375,0.11993408203125
1946,StutteringIsCool_33_11,0.051849365234375,0.12646484375,0.011871337890625,0.0411376953125,0.156494140625
1947,HeStutters_12_88,0.2237548828125,0.1531982421875,0.0953369140625,0.0222015380859375,0.01861572265625
1948,StutterTalk_8_65,0.051544189453125,0.2142333984375,0.141845703125,0.12261962890625,0.257568359375
1949,StutterTalk_34_38,0.06671142578125,0.295654296875,0.080078125,0.04510498046875,0.04638671875
1950,HeStutters_2_72,0.2568359375,0.19091796875,0.06573486328125,0.13134765625,0.047332763671875
1951,WomenWhoStutter_62_213,0.318115234375,0.1773681640625,0.0582275390625,0.06549072265625,0.0830078125
1952,StrongVoices_23_105,0.39208984375,0.2427978515625,0.0330810546875,0.01306915283203125,0.1590576171875
1953,StrongVoices_10_165,0.369873046875,0.11419677734375,0.0391845703125,0.017913818359375,0.13671875
1954,StrongVoices_27_13,0.313232421875,0.11419677734375,0.03521728515625,0.0284881591796875,0.0245208740234375
1955,StutterTalk_64_11,0.08709716796875,0.2919921875,0.3466796875,0.057373046875,0.11932373046875
1956,StrongVoices_23_115,0.2646484375,0.240966796875,0.0535888671875,0.045867919921875,0.91650390625
1957,MyStutteringLife_22_7,0.054290771484375,0.28369140625,0.15869140625,0.060516357421875,0.1263427734375
1958,MyStutteringLife_21_34,0.17919921875,0.28955078125,0.205810546875,0.02386474609375,0.04638671875
1959,WomenWhoStutter_12_21,0.09027099609375,0.2349853515625,0.047698974609375,0.054412841796875,0.057281494140625
1960,HeStutters_11_123,0.146728515625,0.22265625,0.04876708984375,0.12103271484375,0.55908203125
1961,StutterTalk_22_10,0.1455078125,0.049957275390625,0.03582763671875,0.0728759765625,0.53515625
1962,StutterTalk_37_4,0.030792236328125,0.1282958984375,0.075439453125,0.2197265625,0.118408203125
1963,StutteringIsCool_23_28,0.15869140625,0.06890869140625,0.0300445556640625,0.026153564453125,0.27783203125
1964,StutterTalk_72_64,0.046539306640625,0.13037109375,0.0283355712890625,0.1434326171875,0.14501953125
1965,StutterTalk_37_35,0.6337890625,0.2191162109375,0.163818359375,0.0548095703125,0.1474609375
1966,StutterTalk_12_6,0.07464599609375,0.052703857421875,0.00800323486328125,0.04132080078125,0.06622314453125
1967,WomenWhoStutter_86_76,0.0885009765625,0.134033203125,0.01560211181640625,0.1954345703125,0.375732421875
1968,StutteringIsCool_64_26,0.1597900390625,0.1693115234375,0.0240936279296875,0.00971221923828125,0.1405029296875
1969,StutteringIsCool_80_139,0.306396484375,0.2724609375,0.1453857421875,0.0948486328125,0.378662109375
1970,WomenWhoStutter_76_39,0.07159423828125,0.11419677734375,0.0181884765625,0.04376220703125,0.034759521484375
1971,StutteringIsCool_80_112,0.095703125,0.13232421875,0.0489501953125,0.145263671875,0.11297607421875
1972,WomenWhoStutter_105_27,0.38037109375,0.1788330078125,0.035736083984375,0.0257110595703125,0.02606201171875
1973,StutteringIsCool_65_3,0.030853271484375,0.052337646484375,0.01146697998046875,0.00847625732421875,0.018798828125
1974,StrongVoices_23_166,0.51025390625,0.224853515625,0.060302734375,0.0260009765625,0.33349609375
1975,StrongVoices_23_16,0.298095703125,0.2315673828125,0.07366943359375,0.009521484375,0.0258636474609375
1976,StutterTalk_37_47,0.0855712890625,0.12176513671875,0.06500244140625,0.1458740234375,0.33984375
1977,WomenWhoStutter_8_31,0.0269622802734375,0.2218017578125,0.1278076171875,0.0469970703125,0.07977294921875
1978,StutterTalk_80_17,0.0163421630859375,0.1026611328125,0.04345703125,0.0301513671875,0.025177001953125
1979,StrongVoices_7_39,0.171142578125,0.168701171875,0.021575927734375,0.0243377685546875,0.055511474609375
1980,StutterTalk_76_31,0.20654296875,0.2374267578125,0.026153564453125,0.093505859375,0.80712890625
1981,HVSA_0_99,0.2294921875,0.1553955078125,0.06683349609375,0.2452392578125,0.357666015625
1982,StutterTalk_80_23,0.0204925537109375,0.06781005859375,0.015777587890625,0.0199432373046875,0.0189361572265625
1983,StutteringIsCool_69_11,0.09808349609375,0.09600830078125,0.0167236328125,0.01111602783203125,0.01422882080078125
1984,StutteringIsCool_80_85,0.49755859375,0.07080078125,0.0220794677734375,0.0504150390625,0.1661376953125
1985,HVSA_0_25,0.29638671875,0.274169921875,0.329833984375,0.08416748046875,0.10894775390625
1986,StutterTalk_49_7,0.11456298828125,0.33447265625,0.0948486328125,0.251953125,0.447021484375
1987,StrongVoices_22_22,0.12451171875,0.0762939453125,0.037109375,0.109130859375,0.08123779296875
1988,WomenWhoStutter_2_109,0.2685546875,0.16455078125,0.0279541015625,0.040008544921875,0.0863037109375
1989,WomenWhoStutter_97_75,0.061309814453125,0.2393798828125,0.24560546875,0.134033203125,0.0489501953125
1990,StutteringIsCool_75_7,0.06500244140625,0.1533203125,0.042236328125,0.0165863037109375,0.0173797607421875
1991,StutterTalk_64_77,0.0850830078125,0.0966796875,0.06280517578125,0.3828125,0.251953125
1992,HeStutters_11_57,0.14599609375,0.26904296875,0.1837158203125,0.103759765625,0.10797119140625
1993,HeStutters_16_5,0.12274169921875,0.177001953125,0.10125732421875,0.224365234375,0.325439453125
1994,StutterTalk_25_126,0.038604736328125,0.1868896484375,0.03253173828125,0.03271484375,0.1961669921875
1995,StrongVoices_28_25,0.12445068359375,0.06683349609375,0.018829345703125,0.022674560546875,0.03643798828125
1996,HVSA_2_103,0.050323486328125,0.1787109375,0.22607421875,0.414306640625,0.11358642578125
1997,StutteringIsCool_40_39,0.09808349609375,0.1444091796875,0.09136962890625,0.11676025390625,0.47119140625
1998,StutterTalk_76_34,0.059112548828125,0.420654296875,0.25537109375,0.0546875,0.092041015625
1999,StrongVoices_23_34,0.52880859375,0.16943359375,0.046295166015625,0.0169219970703125,0.06536865234375
2000,HeStutters_16_131,0.463134765625,0.08062744140625,0.044677734375,0.042388916015625,0.06280517578125
2001,StrongVoices_21_64,0.0863037109375,0.0953369140625,0.0180511474609375,0.057586669921875,0.2193603515625
2002,StutteringIsCool_67_29,0.02752685546875,0.07501220703125,0.0197601318359375,0.0836181640625,0.08447265625
2003,StutterTalk_64_178,0.26806640625,0.120361328125,0.044189453125,0.09808349609375,0.09466552734375
2004,StutterTalk_16_18,0.13720703125,0.16259765625,0.030670166015625,0.06488037109375,0.480712890625
2005,StrongVoices_7_34,0.0220794677734375,0.09075927734375,0.01560211181640625,0.0526123046875,0.048492431640625
2006,WomenWhoStutter_107_1,0.048126220703125,0.347412109375,0.130615234375,0.055206298828125,0.085693359375
2007,StutterTalk_14_37,0.016845703125,0.070068359375,0.035736083984375,0.1671142578125,0.07574462890625
2008,StutterTalk_64_101,0.08465576171875,0.2109375,0.271728515625,0.380126953125,0.105224609375
2009,StutteringIsCool_23_23,0.1727294921875,0.276611328125,0.1229248046875,0.06756591796875,0.06854248046875
2010,StutteringIsCool_1_31,0.06805419921875,0.181884765625,0.058441162109375,0.061767578125,0.2027587890625
2011,WomenWhoStutter_3_39,0.412841796875,0.10577392578125,0.0269622802734375,0.020294189453125,0.217529296875
2012,StutteringIsCool_1_28,0.468017578125,0.136474609375,0.1134033203125,0.08587646484375,0.1663818359375
2013,StrongVoices_18_2,0.062103271484375,0.1273193359375,0.006191253662109375,0.021453857421875,0.2391357421875
2014,StutterTalk_38_1,0.05450439453125,0.2138671875,0.10931396484375,0.2354736328125,0.2093505859375
2015,StutterTalk_10_29,0.11474609375,0.10968017578125,0.04193115234375,0.015716552734375,0.0125274658203125
2016,StutterTalk_15_9,0.095703125,0.1531982421875,0.04986572265625,0.0987548828125,0.03021240234375
2017,StutterTalk_22_6,0.0284423828125,0.134033203125,0.2064208984375,0.142333984375,0.140869140625
2018,WomenWhoStutter_8_16,0.0809326171875,0.432373046875,0.6611328125,0.090087890625,0.1094970703125
2019,StutterTalk_38_34,0.31396484375,0.1439208984375,0.038970947265625,0.09619140625,0.857421875
2020,StutteringIsCool_55_24,0.0293731689453125,0.12445068359375,0.0304412841796875,0.0295867919921875,0.70703125
2021,StutterTalk_34_37,0.03662109375,0.298095703125,0.1435546875,0.04742431640625,0.04486083984375
2022,HVSA_1_76,0.043212890625,0.3056640625,0.1298828125,0.03448486328125,0.0360107421875
2023,StutteringIsCool_52_9,0.50927734375,0.1419677734375,0.035888671875,0.01861572265625,0.089599609375
2024,WomenWhoStutter_62_217,0.57666015625,0.2027587890625,0.2301025390625,0.08062744140625,0.044677734375
2025,WomenWhoStutter_73_37,0.08831787109375,0.19580078125,0.036712646484375,0.06744384765625,0.171875
2026,StutterTalk_25_11,0.189697265625,0.09136962890625,0.044342041015625,0.02191162109375,0.006824493408203125
2027,HeStutters_2_177,0.1558837890625,0.1834716796875,0.19287109375,0.1922607421875,0.2294921875
2028,StutterTalk_7_17,0.0482177734375,0.29248046875,0.0802001953125,0.0640869140625,0.2225341796875
2029,StutteringIsCool_80_134,0.12408447265625,0.281005859375,0.1385498046875,0.0994873046875,0.7138671875
2030,StutteringIsCool_23_16,0.157958984375,0.061431884765625,0.048675537109375,0.070068359375,0.380126953125
2031,StutterTalk_37_104,0.150146484375,0.216064453125,0.23193359375,0.14013671875,0.0938720703125
2032,HVSA_1_43,0.06427001953125,0.325927734375,0.426025390625,0.023468017578125,0.0535888671875
2033,HVSA_2_56,0.26318359375,0.1475830078125,0.093505859375,0.254150390625,0.499755859375
2034,StutteringIsCool_79_9,0.06793212890625,0.17822265625,0.030914306640625,0.059967041015625,0.578125
2035,StutterTalk_62_33,0.018157958984375,0.086181640625,0.0216522216796875,0.07611083984375,0.09332275390625
2036,WomenWhoStutter_52_37,0.185791015625,0.249755859375,0.107421875,0.09283447265625,0.0287628173828125
2037,WomenWhoStutter_73_36,0.15625,0.1463623046875,0.023193359375,0.040374755859375,0.06231689453125
2038,WomenWhoStutter_2_41,0.2349853515625,0.11376953125,0.050994873046875,0.10504150390625,0.89404296875
2039,WomenWhoStutter_68_23,0.2919921875,0.23583984375,0.042877197265625,0.041473388671875,0.6669921875
2040,StutterTalk_60_23,0.2274169921875,0.155029296875,0.0221099853515625,0.12054443359375,0.69775390625
2041,StrongVoices_0_37,0.09600830078125,0.26513671875,0.054901123046875,0.00974273681640625,0.05059814453125
2042,MyStutteringLife_16_30,0.040679931640625,0.274169921875,0.1273193359375,0.0394287109375,0.054901123046875
2043,StutteringIsCool_60_17,0.12176513671875,0.0975341796875,0.07806396484375,0.1312255859375,0.1549072265625
2044,WomenWhoStutter_97_154,0.026153564453125,0.10992431640625,0.050140380859375,0.2105712890625,0.10430908203125
2045,StutteringIsCool_2_39,0.07159423828125,0.1190185546875,0.0284881591796875,0.0259552001953125,0.036285400390625
2046,StutteringIsCool_40_4,0.11163330078125,0.160400390625,0.181396484375,0.03240966796875,0.03192138671875
2047,HVSA_1_184,0.052337646484375,0.432861328125,0.3681640625,0.1485595703125,0.1494140625
2048,StutterTalk_64_65,0.055938720703125,0.1412353515625,0.02838134765625,0.027069091796875,0.102294921875
2049,StutteringIsCool_67_31,0.0237274169921875,0.10992431640625,0.03521728515625,0.06695556640625,0.2349853515625
2050,WomenWhoStutter_30_46,0.1500244140625,0.38134765625,0.5341796875,0.07684326171875,0.05889892578125
2051,StutterTalk_30_8,0.131103515625,0.281494140625,0.080810546875,0.1124267578125,0.2322998046875
2052,StutterTalk_1_23,0.13671875,0.18603515625,0.033905029296875,0.05792236328125,0.08270263671875
2053,StutteringIsCool_70_19,0.07763671875,0.11798095703125,0.0794677734375,0.0304412841796875,0.0241851806640625
2054,StutterTalk_9_10,0.11376953125,0.0762939453125,0.0104522705078125,0.04107666015625,0.048126220703125
2055,WomenWhoStutter_21_84,0.05072021484375,0.07611083984375,0.0244293212890625,0.01983642578125,0.08050537109375
2056,StrongVoices_10_149,0.0316162109375,0.2127685546875,0.09844970703125,0.085693359375,0.1048583984375
2057,StrongVoices_23_93,0.4423828125,0.14990234375,0.0546875,0.035003662109375,0.7666015625
2058,HVSA_2_69,0.05792236328125,0.342529296875,0.4892578125,0.255615234375,0.2322998046875
2059,HVSA_2_123,0.0258636474609375,0.1544189453125,0.403076171875,0.1983642578125,0.0792236328125
2060,StutterTalk_64_163,0.044097900390625,0.1998291015625,0.2093505859375,0.0863037109375,0.06097412109375
2061,StutteringIsCool_34_163,0.349609375,0.222900390625,0.1639404296875,0.0966796875,0.11737060546875
2062,StutteringIsCool_33_14,0.37158203125,0.20068359375,0.075439453125,0.0289764404296875,0.021942138671875
2063,HeStutters_11_95,0.09893798828125,0.39404296875,0.5107421875,0.140869140625,0.12261962890625
2064,MyStutteringLife_22_10,0.034027099609375,0.1578369140625,0.043212890625,0.0203399658203125,0.019012451171875
2065,HVSA_0_74,0.047882080078125,0.2481689453125,0.1905517578125,0.14453125,0.2099609375
2066,HeStutters_2_134,0.040771484375,0.314697265625,0.13818359375,0.1114501953125,0.06744384765625
2067,MyStutteringLife_16_34,0.49951171875,0.1715087890625,0.08331298828125,0.0213623046875,0.03643798828125
2068,WomenWhoStutter_22_36,0.345703125,0.1339111328125,0.0274810791015625,0.035552978515625,0.423583984375
2069,WomenWhoStutter_89_27,0.089599609375,0.349609375,0.2264404296875,0.336669921875,0.165771484375
2070,StrongVoices_14_20,0.14453125,0.08978271484375,0.044769287109375,0.035675048828125,0.1959228515625
2071,WomenWhoStutter_30_73,0.055816650390625,0.159423828125,0.07183837890625,0.030792236328125,0.017913818359375
2072,StutterTalk_26_182,0.0274810791015625,0.11395263671875,0.040252685546875,0.0738525390625,0.030914306640625
2073,WomenWhoStutter_10_55,0.2032470703125,0.333740234375,0.353271484375,0.06097412109375,0.04083251953125
2074,IStutterSoWhat_0_122,0.02947998046875,0.10858154296875,0.00894927978515625,0.036163330078125,0.1300048828125
2075,HVSA_1_163,0.027374267578125,0.1368408203125,0.08282470703125,0.06475830078125,0.09075927734375
2076,StrongVoices_6_58,0.53662109375,0.39306640625,0.39111328125,0.1383056640625,0.093017578125
2077,HVSA_1_64,0.09088134765625,0.34423828125,0.1971435546875,0.028106689453125,0.397705078125
2078,WomenWhoStutter_2_105,0.1622314453125,0.2386474609375,0.1239013671875,0.0489501953125,0.322509765625
2079,WomenWhoStutter_89_1,0.0823974609375,0.20751953125,0.046722412109375,0.1436767578125,0.73681640625
2080,HVSA_2_163,0.102294921875,0.2193603515625,0.06427001953125,0.1392822265625,0.62158203125
2081,StrongVoices_28_6,0.320068359375,0.08990478515625,0.0255126953125,0.0194244384765625,0.046478271484375
2082,StutterTalk_37_109,0.234619140625,0.09686279296875,0.05633544921875,0.1827392578125,0.43212890625
2083,StrongVoices_23_158,0.312255859375,0.1893310546875,0.0312042236328125,0.019378662109375,0.0999755859375
2084,StutteringIsCool_18_2,0.172607421875,0.09368896484375,0.04534912109375,0.156494140625,0.87353515625
2085,WomenWhoStutter_76_21,0.1646728515625,0.242431640625,0.0279541015625,0.045013427734375,0.12493896484375
2086,WomenWhoStutter_37_3,0.114990234375,0.1658935546875,0.030792236328125,0.00757598876953125,0.047882080078125
2087,WomenWhoStutter_2_48,0.157470703125,0.491455078125,0.47119140625,0.245849609375,0.110107421875
2088,StutteringIsCool_69_21,0.0258026123046875,0.286376953125,0.1007080078125,0.135009765625,0.410888671875
2089,StrongVoices_14_2,0.01238250732421875,0.090576171875,0.047607421875,0.03875732421875,0.034759521484375
2090,StrongVoices_10_129,0.04620361328125,0.2384033203125,0.05706787109375,0.0221099853515625,0.092529296875
2091,WomenWhoStutter_15_22,0.08587646484375,0.1041259765625,0.0154876708984375,0.030731201171875,0.0460205078125
2092,StutterTalk_16_26,0.11920166015625,0.110107421875,0.058135986328125,0.05194091796875,0.034881591796875
2093,StrongVoices_19_38,0.1343994140625,0.056976318359375,0.0204925537109375,0.1796875,0.76611328125
2094,StutterTalk_58_13,0.0170440673828125,0.09417724609375,0.0273284912109375,0.10687255859375,0.1177978515625
2095,StutterTalk_15_4,0.08404541015625,0.1214599609375,0.04931640625,0.118408203125,0.814453125
2096,StrongVoices_32_96,0.024993896484375,0.0999755859375,0.1177978515625,0.1544189453125,0.180419921875
2097,HVSA_1_182,0.229248046875,0.378662109375,0.234619140625,0.024383544921875,0.037200927734375
2098,StutteringIsCool_40_28,0.1424560546875,0.1497802734375,0.0546875,0.015716552734375,0.0255126953125
2099,WomenWhoStutter_86_56,0.0299835205078125,0.11578369140625,0.017181396484375,0.05889892578125,0.049591064453125
2100,StrongVoices_32_7,0.11614990234375,0.11859130859375,0.019866943359375,0.0582275390625,0.1337890625
2101,MyStutteringLife_19_2,0.06890869140625,0.2452392578125,0.1461181640625,0.0439453125,0.07159423828125
2102,StutterTalk_12_16,0.0401611328125,0.041778564453125,0.01374053955078125,0.010528564453125,0.1351318359375
2103,StutterTalk_18_3,0.07696533203125,0.269775390625,0.0975341796875,0.10394287109375,0.63525390625
2104,HVSA_2_164,0.10821533203125,0.1517333984375,0.04217529296875,0.07476806640625,0.08477783203125
2105,HeStutters_18_0,0.11993408203125,0.15869140625,0.036895751953125,0.039642333984375,0.0836181640625
2106,StutteringIsCool_23_11,0.037322998046875,0.1436767578125,0.090576171875,0.05865478515625,0.218017578125
2107,StutteringIsCool_14_33,0.03912353515625,0.1280517578125,0.1591796875,0.044281005859375,0.052703857421875
2108,StutteringIsCool_80_86,0.0631103515625,0.1473388671875,0.06658935546875,0.031982421875,0.02880859375
2109,WomenWhoStutter_52_22,0.391357421875,0.2410888671875,0.07464599609375,0.06927490234375,0.498291015625
2110,MyStutteringLife_8_30,0.04443359375,0.1705322265625,0.055938720703125,0.0217742919921875,0.041534423828125
2111,StutterTalk_42_5,0.1014404296875,0.2076416015625,0.050506591796875,0.0261993408203125,0.6435546875
2112,StutterTalk_37_13,0.30517578125,0.1597900390625,0.058441162109375,0.04742431640625,0.204833984375
2113,StutterTalk_31_14,0.425537109375,0.1417236328125,0.08331298828125,0.10211181640625,0.10992431640625
2114,StutteringIsCool_69_28,0.0987548828125,0.07794189453125,0.01116180419921875,0.070068359375,0.68994140625
2115,IStutterSoWhat_3_45,0.156982421875,0.2135009765625,0.1231689453125,0.042022705078125,0.1259765625
2116,StrongVoices_21_96,0.30029296875,0.11737060546875,0.08978271484375,0.14111328125,0.282470703125
2117,WomenWhoStutter_96_115,0.0439453125,0.36083984375,0.377197265625,0.1190185546875,0.224609375
2118,StutterTalk_25_67,0.039276123046875,0.240478515625,0.0394287109375,0.02203369140625,0.0262603759765625
2119,WomenWhoStutter_14_150,0.03759765625,0.07611083984375,0.03790283203125,0.10125732421875,0.023284912109375
2120,StrongVoices_10_162,0.271484375,0.326171875,0.079345703125,0.06903076171875,0.31591796875
2121,WomenWhoStutter_87_37,0.022247314453125,0.26904296875,0.2451171875,0.064208984375,0.04840087890625
2122,WomenWhoStutter_5_39,0.052520751953125,0.469970703125,0.4501953125,0.1015625,0.055419921875
2123,StrongVoices_34_2,0.014007568359375,0.107421875,0.03594970703125,0.0765380859375,0.060089111328125
2124,HeStutters_11_45,0.044677734375,0.11993408203125,0.038909912109375,0.0982666015625,0.11578369140625
2125,StrongVoices_32_64,0.265625,0.27685546875,0.06573486328125,0.04296875,0.0469970703125
2126,IStutterSoWhat_3_118,0.74169921875,0.1795654296875,0.323486328125,0.08343505859375,0.0863037109375
2127,StrongVoices_23_180,0.185791015625,0.4033203125,0.1884765625,0.04840087890625,0.0364990234375
2128,StrongVoices_23_117,0.227783203125,0.29931640625,0.0582275390625,0.034698486328125,0.7587890625
2129,StrongVoices_23_181,0.11297607421875,0.2379150390625,0.052337646484375,0.018096923828125,0.29931640625
2130,HeStutters_12_110,0.07720947265625,0.2476806640625,0.10595703125,0.1778564453125,0.10577392578125
2131,WomenWhoStutter_86_26,0.1427001953125,0.24072265625,0.033905029296875,0.134765625,0.59619140625
2132,MyStutteringLife_22_24,0.0638427734375,0.22119140625,0.1942138671875,0.322998046875,0.703125
2133,HeStutters_2_205,0.0567626953125,0.1949462890625,0.0823974609375,0.261474609375,0.1885986328125
2134,StrongVoices_23_255,0.333740234375,0.197021484375,0.03302001953125,0.010528564453125,0.11126708984375
2135,StutterTalk_26_151,0.258056640625,0.193359375,0.0966796875,0.04779052734375,0.0269622802734375
2136,StrongVoices_23_120,0.53076171875,0.2337646484375,0.10089111328125,0.0401611328125,0.33251953125
2137,HVSA_2_97,0.0738525390625,0.147705078125,0.0999755859375,0.13037109375,0.64697265625
2138,WomenWhoStutter_97_150,0.034698486328125,0.10052490234375,0.0258026123046875,0.04168701171875,0.04302978515625
2139,StrongVoices_4_26,0.04559326171875,0.1422119140625,0.0194244384765625,0.0177154541015625,0.0180511474609375
2140,StutteringIsCool_28_17,0.17431640625,0.08270263671875,0.019012451171875,0.0197906494140625,0.323486328125
2141,HeStutters_11_137,0.1387939453125,0.1851806640625,0.0225372314453125,0.042633056640625,0.109130859375
2142,HeStutters_5_16,0.064208984375,0.430419921875,0.264404296875,0.163330078125,0.272216796875
2143,StutterTalk_37_43,0.1412353515625,0.0975341796875,0.0604248046875,0.279052734375,0.5927734375
2144,WomenWhoStutter_81_108,0.08251953125,0.08819580078125,0.01666259765625,0.083740234375,0.6279296875
2145,StrongVoices_32_105,0.09967041015625,0.1671142578125,0.02508544921875,0.0137939453125,0.143798828125
2146,StutterTalk_18_24,0.021453857421875,0.1763916015625,0.06268310546875,0.11737060546875,0.0703125
2147,StutteringIsCool_75_1,0.021209716796875,0.0855712890625,0.043701171875,0.103759765625,0.03143310546875
2148,WomenWhoStutter_22_32,0.2242431640625,0.2237548828125,0.09600830078125,0.2880859375,0.1416015625
2149,StutterTalk_66_0,0.037750244140625,0.083740234375,0.0184326171875,0.037384033203125,0.0318603515625
2150,HVSA_3_142,0.063720703125,0.2587890625,0.499267578125,0.256591796875,0.1429443359375
2151,WomenWhoStutter_87_43,0.77392578125,0.12176513671875,0.090576171875,0.08599853515625,0.50634765625
2152,StrongVoices_25_19,0.28857421875,0.1353759765625,0.0207977294921875,0.01406097412109375,0.272216796875
2153,WomenWhoStutter_102_17,0.09979248046875,0.41455078125,0.14111328125,0.020599365234375,0.024993896484375
2154,StrongVoices_6_120,0.2117919921875,0.17431640625,0.020843505859375,0.01267242431640625,0.0213623046875
2155,StutterTalk_60_20,0.07135009765625,0.204345703125,0.06707763671875,0.23388671875,0.440673828125
2156,HeStutters_16_212,0.3828125,0.1900634765625,0.054901123046875,0.1229248046875,0.182861328125
2157,WomenWhoStutter_87_73,0.463623046875,0.1796875,0.07354736328125,0.04949951171875,0.875
2158,StutterTalk_23_12,0.1485595703125,0.166259765625,0.057708740234375,0.03802490234375,0.0604248046875
2159,StutteringIsCool_23_6,0.0164642333984375,0.0618896484375,0.0211181640625,0.060516357421875,0.04638671875
2160,StrongVoices_28_2,0.34814453125,0.1943359375,0.059661865234375,0.012237548828125,0.01322174072265625
2161,WomenWhoStutter_62_37,0.081787109375,0.091552734375,0.027740478515625,0.027008056640625,0.0261077880859375
2162,StutteringIsCool_69_10,0.03460693359375,0.2440185546875,0.26171875,0.139892578125,0.052703857421875
2163,StutterTalk_72_91,0.173583984375,0.2386474609375,0.03216552734375,0.02655029296875,0.06427001953125
2164,HVSA_0_125,0.09088134765625,0.148193359375,0.015960693359375,0.0191192626953125,0.038330078125
2165,HeStutters_19_78,0.2861328125,0.1456298828125,0.040771484375,0.06573486328125,0.94384765625
2166,StutterTalk_64_22,0.27197265625,0.10931396484375,0.06268310546875,0.04046630859375,0.10968017578125
2167,HVSA_1_165,0.03985595703125,0.2254638671875,0.089111328125,0.042724609375,0.06719970703125
2168,WomenWhoStutter_37_17,0.116943359375,0.2418212890625,0.1014404296875,0.016845703125,0.039276123046875
2169,HVSA_2_23,0.07330322265625,0.1473388671875,0.1041259765625,0.1964111328125,0.51611328125
2170,StrongVoices_22_34,0.04840087890625,0.2724609375,0.332763671875,0.06707763671875,0.033905029296875
2171,StrongVoices_23_112,0.1845703125,0.30322265625,0.07421875,0.047088623046875,0.8779296875
2172,StutterTalk_37_127,0.0843505859375,0.15771484375,0.260498046875,0.06927490234375,0.043609619140625
2173,StutterTalk_53_0,0.06451416015625,0.2218017578125,0.06732177734375,0.128662109375,0.09124755859375
2174,StutteringIsCool_80_187,0.11859130859375,0.11083984375,0.0213623046875,0.0196380615234375,0.021087646484375
2175,HVSA_0_88,0.075439453125,0.2293701171875,0.1373291015625,0.1181640625,0.08819580078125
2176,StrongVoices_25_30,0.1407470703125,0.190673828125,0.03265380859375,0.03143310546875,0.1632080078125
2177,IStutterSoWhat_0_113,0.039276123046875,0.1429443359375,0.0208892822265625,0.017913818359375,0.0285491943359375
2178,StrongVoices_18_6,0.368408203125,0.14208984375,0.040008544921875,0.0101318359375,0.34423828125
2179,StrongVoices_8_32,0.1910400390625,0.200439453125,0.0295867919921875,0.03912353515625,0.1190185546875
2180,StutteringIsCool_16_32,0.305908203125,0.1292724609375,0.06744384765625,0.075439453125,0.96484375
2181,StrongVoices_10_15,0.272705078125,0.21240234375,0.126708984375,0.09808349609375,0.08416748046875
2182,WomenWhoStutter_2_43,0.1680908203125,0.10821533203125,0.0192718505859375,0.09039306640625,0.30712890625
2183,StutterTalk_30_24,0.12139892578125,0.332275390625,0.1268310546875,0.1556396484375,0.1529541015625
2184,HeStutters_5_3,0.040252685546875,0.2110595703125,0.3330078125,0.203125,0.058013916015625
2185,StrongVoices_23_193,0.1876220703125,0.291259765625,0.053314208984375,0.0116424560546875,0.10125732421875
2186,StutterTalk_7_0,0.08758544921875,0.462646484375,0.58154296875,0.0831298828125,0.12359619140625
2187,IStutterSoWhat_0_47,0.0203704833984375,0.09271240234375,0.026611328125,0.1175537109375,0.048675537109375
2188,StrongVoices_32_131,0.53369140625,0.1365966796875,0.061187744140625,0.01312255859375,0.10577392578125
2189,StutterTalk_63_132,0.177001953125,0.1759033203125,0.03582763671875,0.034820556640625,0.7080078125
2190,StrongVoices_21_171,0.13818359375,0.294921875,0.2091064453125,0.33447265625,0.1282958984375
2191,StutterTalk_64_185,0.056243896484375,0.06634521484375,0.008514404296875,0.057281494140625,0.0703125
2192,MyStutteringLife_5_18,0.0251312255859375,0.368408203125,0.462158203125,0.05511474609375,0.0894775390625
2193,StrongVoices_21_43,0.1341552734375,0.1063232421875,0.08477783203125,0.1302490234375,0.11737060546875
2194,HVSA_0_113,0.035736083984375,0.06280517578125,0.0095977783203125,0.06396484375,0.1181640625
2195,WomenWhoStutter_58_23,0.04351806640625,0.2486572265625,0.059112548828125,0.027587890625,0.1790771484375
2196,HVSA_0_58,0.0867919921875,0.0794677734375,0.01078033447265625,0.03167724609375,0.429443359375
2197,StrongVoices_12_3,0.10723876953125,0.149169921875,0.033599853515625,0.0755615234375,0.030853271484375
2198,StrongVoices_0_1,0.039642333984375,0.11297607421875,0.021942138671875,0.0154876708984375,0.0509033203125
2199,StrongVoices_32_72,0.276123046875,0.1610107421875,0.0189056396484375,0.008575439453125,0.0994873046875
2200,WomenWhoStutter_86_125,0.015716552734375,0.1048583984375,0.0144500732421875,0.08831787109375,0.09124755859375
2201,StrongVoices_21_123,0.1683349609375,0.1544189453125,0.0310211181640625,0.09588623046875,0.1256103515625
2202,StrongVoices_32_42,0.0775146484375,0.1461181640625,0.0189361572265625,0.013427734375,0.0816650390625
2203,StrongVoices_23_119,0.0460205078125,0.1663818359375,0.035400390625,0.0225830078125,0.0439453125
2204,StutterTalk_12_27,0.190673828125,0.105224609375,0.092529296875,0.04046630859375,0.132568359375
2205,StrongVoices_9_37,0.08270263671875,0.1466064453125,0.0836181640625,0.0284881591796875,0.0179901123046875
2206,HVSA_2_11,0.0975341796875,0.1666259765625,0.06964111328125,0.0728759765625,0.1026611328125
2207,StrongVoices_22_36,0.09173583984375,0.12115478515625,0.1104736328125,0.1268310546875,0.09503173828125
2208,HeStutters_11_48,0.027069091796875,0.291259765625,0.11737060546875,0.1866455078125,0.110107421875
2209,StutterTalk_49_8,0.05560302734375,0.152587890625,0.043609619140625,0.037322998046875,0.02606201171875
2210,StutteringIsCool_73_3,0.841796875,0.09039306640625,0.0517578125,0.048309326171875,0.107421875
2211,StutterTalk_76_39,0.2432861328125,0.1419677734375,0.042724609375,0.090576171875,0.3603515625
2212,HVSA_2_68,0.061187744140625,0.2198486328125,0.1953125,0.333740234375,0.1558837890625
2213,StutterTalk_72_50,0.0261993408203125,0.224365234375,0.090087890625,0.03179931640625,0.03643798828125
2214,StutterTalk_72_89,0.1259765625,0.275390625,0.089111328125,0.024658203125,0.06915283203125
2215,StutterTalk_63_11,0.06280517578125,0.10284423828125,0.00916290283203125,0.0142822265625,0.060638427734375
2216,WomenWhoStutter_62_99,0.08197021484375,0.239013671875,0.06231689453125,0.1187744140625,0.1964111328125
2217,HVSA_0_136,0.2032470703125,0.126953125,0.04803466796875,0.134521484375,0.494140625
2218,WomenWhoStutter_30_196,0.0753173828125,0.4150390625,0.120361328125,0.0282745361328125,0.05194091796875
2219,StutteringIsCool_56_21,0.427001953125,0.177001953125,0.051544189453125,0.0193023681640625,0.03662109375
2220,StrongVoices_23_162,0.64794921875,0.05224609375,0.04217529296875,0.0209197998046875,0.06878662109375
2221,StutteringIsCool_23_37,0.031494140625,0.08447265625,0.033538818359375,0.0274810791015625,0.018157958984375
2222,HeStutters_5_111,0.0309600830078125,0.1827392578125,0.032470703125,0.059112548828125,0.28173828125
2223,StrongVoices_10_146,0.313232421875,0.1688232421875,0.05633544921875,0.0251312255859375,0.0285491943359375
2224,WomenWhoStutter_2_39,0.387939453125,0.267333984375,0.193115234375,0.11578369140625,0.04534912109375
2225,WomenWhoStutter_14_0,0.09637451171875,0.14794921875,0.062225341796875,0.322021484375,0.1812744140625
2226,StrongVoices_21_160,0.036346435546875,0.20556640625,0.0266571044921875,0.029541015625,0.0302734375
2227,StutterTalk_7_34,0.0953369140625,0.3486328125,0.5078125,0.1898193359375,0.1033935546875
2228,WomenWhoStutter_81_31,0.139892578125,0.2379150390625,0.11181640625,0.1275634765625,0.0943603515625
2229,HeStutters_5_153,0.12939453125,0.2208251953125,0.045196533203125,0.1177978515625,0.73779296875
2230,WomenWhoStutter_42_203,0.07421875,0.148681640625,0.0206451416015625,0.04400634765625,0.381591796875
2231,StutterTalk_8_144,0.2037353515625,0.2265625,0.191650390625,0.13720703125,0.453369140625
2232,StrongVoices_32_171,0.251708984375,0.2286376953125,0.021209716796875,0.00971221923828125,0.0699462890625
2233,HeStutters_2_181,0.093994140625,0.272216796875,0.134033203125,0.315673828125,0.08978271484375
2234,StutterTalk_72_188,0.1019287109375,0.43359375,0.3515625,0.312255859375,0.4775390625
2235,WomenWhoStutter_30_16,0.06488037109375,0.2095947265625,0.10357666015625,0.00815582275390625,0.026458740234375
2236,WomenWhoStutter_87_184,0.05145263671875,0.2235107421875,0.06561279296875,0.0211639404296875,0.07421875
2237,StutteringIsCool_47_6,0.06475830078125,0.375732421875,0.093017578125,0.1026611328125,0.1883544921875
2238,HVSA_1_78,0.09893798828125,0.1495361328125,0.056854248046875,0.008514404296875,0.02203369140625
2239,StutterTalk_25_82,0.044189453125,0.23828125,0.177490234375,0.252685546875,0.141845703125
2240,HVSA_2_7,0.054412841796875,0.1566162109375,0.16162109375,0.433349609375,0.701171875
2241,MyStutteringLife_8_1,0.11395263671875,0.447265625,0.326904296875,0.29150390625,0.24658203125
2242,StrongVoices_22_1,0.21728515625,0.19677734375,0.037322998046875,0.03204345703125,0.060638427734375
2243,StutteringIsCool_33_24,0.1627197265625,0.07489013671875,0.0129241943359375,0.034759521484375,0.7666015625
2244,StutteringIsCool_16_5,0.170654296875,0.1568603515625,0.05645751953125,0.0142822265625,0.265625
2245,HVSA_0_59,0.08868408203125,0.139404296875,0.058135986328125,0.0982666015625,0.10797119140625
2246,StrongVoices_14_0,0.11163330078125,0.3662109375,0.09844970703125,0.049041748046875,0.054595947265625
2247,StutterTalk_8_24,0.086181640625,0.05194091796875,0.0185089111328125,0.041229248046875,0.11859130859375
2248,StrongVoices_10_35,0.218994140625,0.4453125,0.2705078125,0.0592041015625,0.2330322265625
2249,StrongVoices_1_30,0.10821533203125,0.272705078125,0.1014404296875,0.01302337646484375,0.040771484375
2250,StutteringIsCool_60_30,0.0137939453125,0.1134033203125,0.120849609375,0.055816650390625,0.025421142578125
2251,StutterTalk_58_7,0.022674560546875,0.06573486328125,0.0303802490234375,0.09124755859375,0.0537109375
2252,HeStutters_19_6,0.3955078125,0.30078125,0.0849609375,0.159423828125,0.2349853515625
2253,StutterTalk_36_23,0.11126708984375,0.41845703125,0.296875,0.2235107421875,0.1668701171875
2254,HVSA_1_102,0.17919921875,0.2183837890625,0.04248046875,0.03143310546875,0.68310546875
2255,StutterTalk_8_122,0.08709716796875,0.1614990234375,0.1279296875,0.093505859375,0.146484375
2256,HVSA_0_94,0.267333984375,0.08660888671875,0.0232391357421875,0.01302337646484375,0.038543701171875
2257,StrongVoices_17_4,0.148193359375,0.2254638671875,0.05889892578125,0.02001953125,0.040924072265625
2258,StutterTalk_76_36,0.10321044921875,0.42333984375,0.286865234375,0.028656005859375,0.0889892578125
2259,StutterTalk_26_113,0.08123779296875,0.3642578125,0.30712890625,0.321533203125,0.388916015625
2260,StutteringIsCool_33_32,0.250244140625,0.11676025390625,0.0230712890625,0.07586669921875,0.2099609375
2261,MyStutteringLife_1_30,0.04193115234375,0.275390625,0.06707763671875,0.0200958251953125,0.10504150390625
2262,HeStutters_12_6,0.08416748046875,0.083740234375,0.016845703125,0.01983642578125,0.0206451416015625
2263,StutterTalk_31_21,0.03265380859375,0.1134033203125,0.0179901123046875,0.0638427734375,0.07318115234375
2264,StrongVoices_0_39,0.130615234375,0.30712890625,0.0460205078125,0.0147857666015625,0.06292724609375
2265,StutterTalk_12_35,0.338623046875,0.11260986328125,0.038116455078125,0.0287628173828125,0.322265625
2266,StrongVoices_6_109,0.270263671875,0.1275634765625,0.0222930908203125,0.04681396484375,0.08929443359375
2267,StutteringIsCool_80_142,0.049591064453125,0.09771728515625,0.0209197998046875,0.0139007568359375,0.03424072265625
2268,WomenWhoStutter_22_11,0.230712890625,0.27734375,0.2783203125,0.033477783203125,0.107421875
2269,WomenWhoStutter_12_10,0.04193115234375,0.1171875,0.0216217041015625,0.05780029296875,0.039794921875
2270,StutteringIsCool_46_20,0.0310821533203125,0.1358642578125,0.089111328125,0.07452392578125,0.06304931640625
2271,StutterTalk_1_28,0.05242919921875,0.29541015625,0.0521240234375,0.08978271484375,0.1663818359375
2272,WomenWhoStutter_102_19,0.462890625,0.2379150390625,0.126953125,0.027801513671875,0.021087646484375
2273,WomenWhoStutter_21_129,0.3486328125,0.1949462890625,0.024383544921875,0.07354736328125,0.179931640625
2274,HVSA_3_21,0.09912109375,0.12115478515625,0.03125,0.0224609375,0.1678466796875
2275,WomenWhoStutter_97_93,0.02508544921875,0.2232666015625,0.361328125,0.1240234375,0.08599853515625
2276,StrongVoices_23_91,0.1802978515625,0.212890625,0.03216552734375,0.026763916015625,0.08123779296875
2277,StutterTalk_18_13,0.05792236328125,0.281494140625,0.28515625,0.09368896484375,0.034423828125
2278,StrongVoices_32_114,0.133544921875,0.49267578125,0.06854248046875,0.0189361572265625,0.090576171875
2279,HeStutters_2_203,0.043853759765625,0.11981201171875,0.0352783203125,0.193603515625,0.06982421875
2280,StutteringIsCool_45_38,0.040008544921875,0.369384765625,0.2427978515625,0.03662109375,0.11297607421875
2281,StutteringIsCool_34_133,0.1751708984375,0.169921875,0.04327392578125,0.07366943359375,0.91064453125
2282,StrongVoices_7_23,0.20849609375,0.322021484375,0.08831787109375,0.021820068359375,0.116943359375
2283,StutteringIsCool_14_11,0.11358642578125,0.07208251953125,0.06964111328125,0.055938720703125,0.6396484375
2284,StutterTalk_38_0,0.049224853515625,0.10467529296875,0.0726318359375,0.0323486328125,0.01302337646484375
2285,StutterTalk_72_141,0.490966796875,0.2294921875,0.1181640625,0.07147216796875,0.2213134765625
2286,StrongVoices_6_40,0.0364990234375,0.10931396484375,0.0191650390625,0.0131683349609375,0.0184783935546875
2287,StrongVoices_29_18,0.1304931640625,0.311279296875,0.052520751953125,0.01525115966796875,0.033782958984375
2288,HeStutters_7_4,0.1943359375,0.3681640625,0.23876953125,0.0460205078125,0.0247039794921875
2289,StutterTalk_8_93,0.168212890625,0.1788330078125,0.145751953125,0.055816650390625,0.53271484375
2290,StrongVoices_21_110,0.04559326171875,0.15625,0.03143310546875,0.0537109375,0.06768798828125
2291,WomenWhoStutter_62_15,0.03143310546875,0.102294921875,0.04296875,0.11419677734375,0.064208984375
2292,StrongVoices_23_101,0.04351806640625,0.09619140625,0.07598876953125,0.03240966796875,0.0247039794921875
2293,StrongVoices_32_124,0.082275390625,0.281494140625,0.31591796875,0.1070556640625,0.07586669921875
2294,StrongVoices_32_80,0.6123046875,0.1961669921875,0.192138671875,0.036285400390625,0.1490478515625
2295,StrongVoices_28_7,0.19287109375,0.06951904296875,0.021087646484375,0.0975341796875,0.38525390625
2296,HVSA_2_125,0.183349609375,0.1448974609375,0.12646484375,0.4150390625,0.4560546875
2297,StutterTalk_38_19,0.67919921875,0.158935546875,0.044769287109375,0.03985595703125,0.2410888671875
2298,WomenWhoStutter_86_113,0.1512451171875,0.32080078125,0.1806640625,0.279296875,0.10357666015625
2299,StutterTalk_1_24,0.106689453125,0.492431640625,0.478759765625,0.28271484375,0.1898193359375
2300,HeStutters_16_53,0.3779296875,0.1568603515625,0.031494140625,0.0215301513671875,0.44970703125
2301,StrongVoices_3_16,0.10577392578125,0.1290283203125,0.035675048828125,0.01229095458984375,0.013427734375
2302,StutteringIsCool_50_36,0.1341552734375,0.056976318359375,0.047088623046875,0.031982421875,0.1787109375
2303,StrongVoices_10_148,0.0537109375,0.1534423828125,0.0214080810546875,0.01267242431640625,0.11102294921875
2304,StutterTalk_63_70,0.26953125,0.25830078125,0.02386474609375,0.023956298828125,0.389404296875
2305,WomenWhoStutter_2_77,0.10931396484375,0.2454833984375,0.1041259765625,0.07720947265625,0.0616455078125
2306,StrongVoices_10_212,0.65625,0.1856689453125,0.06964111328125,0.04132080078125,0.252685546875
2307,StutterTalk_72_7,0.5263671875,0.25244140625,0.250732421875,0.114990234375,0.050994873046875
2308,HVSA_2_107,0.83251953125,0.1510009765625,0.1134033203125,0.05126953125,0.08709716796875
2309,MyStutteringLife_1_37,0.12286376953125,0.371826171875,0.181396484375,0.02386474609375,0.05780029296875
2310,HeStutters_11_15,0.34130859375,0.14306640625,0.044189453125,0.1207275390625,0.8916015625
2311,StutteringIsCool_43_30,0.01384735107421875,0.2318115234375,0.2646484375,0.132568359375,0.197021484375
2312,StutterTalk_63_163,0.130615234375,0.18505859375,0.036834716796875,0.1795654296875,0.8017578125
2313,StrongVoices_21_117,0.05645751953125,0.1014404296875,0.0257568359375,0.0574951171875,0.04376220703125
2314,StutterTalk_64_127,0.030670166015625,0.15478515625,0.038330078125,0.0855712890625,0.1544189453125
2315,StutteringIsCool_47_0,0.059539794921875,0.0894775390625,0.0163421630859375,0.0416259765625,0.0300445556640625
2316,StutterTalk_25_13,0.059112548828125,0.292724609375,0.298095703125,0.0794677734375,0.026702880859375
2317,IStutterSoWhat_0_51,0.09283447265625,0.08154296875,0.017913818359375,0.01282501220703125,0.017242431640625
2318,StutterTalk_37_36,0.054107666015625,0.1512451171875,0.147705078125,0.34716796875,0.185546875
2319,HeStutters_12_96,0.1324462890625,0.09234619140625,0.015899658203125,0.04595947265625,0.85693359375
2320,StrongVoices_5_6,0.0975341796875,0.318359375,0.03289794921875,0.029876708984375,0.165771484375
2321,HeStutters_12_41,0.08929443359375,0.106689453125,0.03125,0.0255126953125,0.0215301513671875
2322,StutterTalk_64_46,0.125244140625,0.1217041015625,0.0413818359375,0.0823974609375,0.061187744140625
2323,StutterTalk_12_12,0.11358642578125,0.10089111328125,0.1044921875,0.037322998046875,0.09844970703125
2324,StutteringIsCool_80_201,0.03839111328125,0.1961669921875,0.15869140625,0.044097900390625,0.0255584716796875
2325,StrongVoices_10_202,0.040618896484375,0.08465576171875,0.01467132568359375,0.017242431640625,0.0100555419921875
2326,MyStutteringLife_21_19,0.1737060546875,0.2198486328125,0.022247314453125,0.0311431884765625,0.07122802734375
2327,WomenWhoStutter_102_33,0.051849365234375,0.138671875,0.0252685546875,0.0169830322265625,0.0276336669921875
2328,StutterTalk_37_99,0.0728759765625,0.060211181640625,0.01422882080078125,0.1539306640625,0.82470703125
2329,StutterTalk_77_27,0.334716796875,0.429931640625,0.53076171875,0.07891845703125,0.0830078125
2330,StrongVoices_23_177,0.184326171875,0.410400390625,0.126953125,0.042022705078125,0.10687255859375
2331,StrongVoices_21_19,0.045684814453125,0.2734375,0.12054443359375,0.191162109375,0.132568359375
2332,StutterTalk_58_10,0.033599853515625,0.1422119140625,0.1275634765625,0.35009765625,0.464111328125
2333,StutterTalk_64_124,0.1033935546875,0.10687255859375,0.06939697265625,0.126953125,0.425048828125
2334,WomenWhoStutter_62_13,0.1468505859375,0.408935546875,0.37939453125,0.0999755859375,0.12890625
2335,WomenWhoStutter_102_22,0.03265380859375,0.1927490234375,0.050811767578125,0.06243896484375,0.04559326171875
2336,StutterTalk_1_25,0.1767578125,0.5068359375,0.426513671875,0.043365478515625,0.06231689453125
2337,HeStutters_5_39,0.05572509765625,0.27197265625,0.16015625,0.1055908203125,0.03216552734375
2338,StutterTalk_37_123,0.049041748046875,0.0816650390625,0.0439453125,0.35791015625,0.1893310546875
2339,HVSA_2_10,0.0709228515625,0.20166015625,0.0635986328125,0.2076416015625,0.42529296875
2340,WomenWhoStutter_64_31,0.287841796875,0.1580810546875,0.033905029296875,0.027435302734375,0.876953125
2341,HeStutters_18_156,0.355712890625,0.2242431640625,0.03790283203125,0.027008056640625,0.11395263671875
2342,StutterTalk_77_25,0.325439453125,0.3623046875,0.135986328125,0.0223236083984375,0.06768798828125
2343,WomenWhoStutter_96_19,0.052520751953125,0.1622314453125,0.0966796875,0.10687255859375,0.058990478515625
2344,StutteringIsCool_33_15,0.11102294921875,0.27685546875,0.17138671875,0.2135009765625,0.1759033203125
2345,MyStutteringLife_0_11,0.049407958984375,0.1798095703125,0.0341796875,0.055206298828125,0.090087890625
2346,StrongVoices_3_34,0.0855712890625,0.18701171875,0.02508544921875,0.021697998046875,0.04742431640625
2347,WomenWhoStutter_42_273,0.630859375,0.11260986328125,0.097412109375,0.16162109375,0.501953125
2348,HeStutters_16_187,0.06732177734375,0.0885009765625,0.0213623046875,0.0496826171875,0.0482177734375
2349,StrongVoices_23_13,0.32373046875,0.2132568359375,0.2149658203125,0.0232391357421875,0.0482177734375
2350,HVSA_3_26,0.08465576171875,0.372802734375,0.6474609375,0.26904296875,0.191650390625
2351,StrongVoices_21_91,0.1744384765625,0.1405029296875,0.043365478515625,0.0244293212890625,0.59765625
2352,WomenWhoStutter_58_26,0.252685546875,0.1231689453125,0.025909423828125,0.036712646484375,0.75146484375
2353,WomenWhoStutter_86_34,0.0751953125,0.2193603515625,0.0303802490234375,0.1346435546875,0.229248046875
2354,HVSA_1_62,0.048126220703125,0.330810546875,0.31640625,0.0390625,0.01287078857421875
2355,HeStutters_11_94,0.35302734375,0.2259521484375,0.2142333984375,0.1331787109375,0.2607421875
2356,StrongVoices_19_8,0.13037109375,0.12408447265625,0.0305023193359375,0.0743408203125,0.16357421875
2357,StutterTalk_8_162,0.305419921875,0.250244140625,0.189208984375,0.11376953125,0.39306640625
2358,StutterTalk_12_34,0.092529296875,0.049774169921875,0.0144500732421875,0.0254669189453125,0.814453125
2359,StrongVoices_23_32,0.1143798828125,0.2108154296875,0.0304412841796875,0.0116424560546875,0.142333984375
2360,StutterTalk_37_72,0.7978515625,0.12420654296875,0.127197265625,0.0704345703125,0.2117919921875
2361,StutterTalk_69_18,0.1448974609375,0.412109375,0.086181640625,0.0321044921875,0.091064453125
2362,StutteringIsCool_1_2,0.052032470703125,0.06561279296875,0.038818359375,0.10052490234375,0.22509765625
2363,WomenWhoStutter_2_55,0.1610107421875,0.52197265625,0.3193359375,0.06488037109375,0.1279296875
2364,StrongVoices_21_172,0.042724609375,0.1802978515625,0.1143798828125,0.1697998046875,0.036285400390625
2365,HVSA_2_43,0.19091796875,0.12261962890625,0.05560302734375,0.28271484375,0.195556640625
2366,WomenWhoStutter_22_20,0.132080078125,0.2103271484375,0.09136962890625,0.13525390625,0.347412109375
2367,StutterTalk_26_173,0.28369140625,0.2081298828125,0.06597900390625,0.097412109375,0.0975341796875
2368,StutterTalk_62_21,0.044342041015625,0.0455322265625,0.00646209716796875,0.03948974609375,0.226318359375
2369,StrongVoices_5_33,0.26416015625,0.18896484375,0.0248870849609375,0.0264129638671875,0.0391845703125
2370,StrongVoices_31_37,0.259521484375,0.2646484375,0.07183837890625,0.01560211181640625,0.06512451171875
2371,StrongVoices_33_24,0.18896484375,0.18603515625,0.0953369140625,0.06304931640625,0.04803466796875
2372,StutterTalk_32_1,0.05987548828125,0.1990966796875,0.0200653076171875,0.041839599609375,0.180419921875
2373,WomenWhoStutter_86_153,0.281982421875,0.1295166015625,0.0271148681640625,0.06439208984375,0.880859375
2374,WomenWhoStutter_28_8,0.326904296875,0.16259765625,0.0139007568359375,0.0224609375,0.2286376953125
2375,HVSA_0_9,0.263916015625,0.153076171875,0.0401611328125,0.07275390625,0.8125
2376,StutteringIsCool_65_4,0.046295166015625,0.055816650390625,0.03253173828125,0.0154876708984375,0.029815673828125
2377,StutteringIsCool_34_158,0.059326171875,0.09088134765625,0.0137939453125,0.079345703125,0.46435546875
2378,WomenWhoStutter_42_78,0.11083984375,0.268798828125,0.394287109375,0.08929443359375,0.251220703125
2379,StutteringIsCool_17_4,0.056854248046875,0.11279296875,0.048492431640625,0.093994140625,0.1153564453125
2380,WomenWhoStutter_96_112,0.1453857421875,0.3935546875,0.39794921875,0.1422119140625,0.4638671875
2381,StutterTalk_8_91,0.06658935546875,0.1866455078125,0.42822265625,0.060302734375,0.033782958984375
2382,StutterTalk_25_3,0.03240966796875,0.16357421875,0.03643798828125,0.0225830078125,0.0207672119140625
2383,HVSA_0_60,0.08331298828125,0.147705078125,0.0701904296875,0.296875,0.261962890625
2384,HeStutters_16_28,0.04107666015625,0.1634521484375,0.036834716796875,0.09686279296875,0.1041259765625
2385,StutterTalk_28_35,0.033538818359375,0.189697265625,0.040374755859375,0.08135986328125,0.072265625
2386,HVSA_2_25,0.09722900390625,0.175537109375,0.056854248046875,0.0999755859375,0.68505859375
2387,StutterTalk_72_53,0.13330078125,0.280029296875,0.0635986328125,0.10394287109375,0.11102294921875
2388,WomenWhoStutter_81_107,0.30078125,0.10467529296875,0.02001953125,0.051361083984375,0.91748046875
2389,WomenWhoStutter_2_127,0.268310546875,0.1466064453125,0.10284423828125,0.1673583984375,0.295166015625
2390,StutteringIsCool_34_173,0.115966796875,0.07781982421875,0.0548095703125,0.321044921875,0.75439453125
2391,HeStutters_11_87,0.10174560546875,0.230712890625,0.10968017578125,0.12939453125,0.33056640625
2392,StutterTalk_64_135,0.07586669921875,0.2064208984375,0.06280517578125,0.082275390625,0.054290771484375
2393,StutterTalk_25_140,0.13330078125,0.1783447265625,0.09173583984375,0.2049560546875,0.390869140625
2394,StutteringIsCool_76_7,0.0604248046875,0.287353515625,0.4150390625,0.57373046875,0.23583984375
2395,StutterTalk_10_14,0.0604248046875,0.09930419921875,0.0163421630859375,0.06842041015625,0.079345703125
2396,StutterTalk_42_17,0.0273284912109375,0.134765625,0.0296478271484375,0.06610107421875,0.03253173828125
2397,StrongVoices_23_79,0.279541015625,0.281982421875,0.0343017578125,0.0097808837890625,0.1143798828125
2398,HVSA_1_170,0.12261962890625,0.25732421875,0.10247802734375,0.07366943359375,0.060760498046875
2399,StutterTalk_12_20,0.386962890625,0.295166015625,0.1749267578125,0.060302734375,0.359375
2400,HeStutters_2_150,0.08587646484375,0.25732421875,0.11395263671875,0.127685546875,0.08282470703125
2401,StutteringIsCool_80_89,0.06573486328125,0.055511474609375,0.0110321044921875,0.0618896484375,0.040008544921875
2402,HVSA_2_153,0.04443359375,0.11163330078125,0.0831298828125,0.312744140625,0.2734375
2403,WomenWhoStutter_30_66,0.05865478515625,0.09332275390625,0.0118255615234375,0.006389617919921875,0.0364990234375
2404,StutteringIsCool_80_124,0.1353759765625,0.05780029296875,0.018157958984375,0.02044677734375,0.04168701171875
2405,HVSA_0_8,0.03240966796875,0.122314453125,0.04443359375,0.2286376953125,0.3369140625
2406,StutterTalk_68_114,0.1409912109375,0.2216796875,0.1121826171875,0.233154296875,0.8916015625
2407,HeStutters_5_160,0.20556640625,0.261474609375,0.118408203125,0.17236328125,0.483642578125
2408,StrongVoices_32_78,0.237060546875,0.270751953125,0.1868896484375,0.0526123046875,0.0616455078125
2409,StutterTalk_68_188,0.0325927734375,0.1048583984375,0.01450347900390625,0.00679779052734375,0.02606201171875
2410,StutterTalk_8_140,0.1187744140625,0.2467041015625,0.26171875,0.06304931640625,0.12139892578125
2411,StutterTalk_12_17,0.1302490234375,0.09552001953125,0.08587646484375,0.035736083984375,0.1829833984375
2412,HeStutters_18_84,0.02880859375,0.248046875,0.05718994140625,0.1077880859375,0.1328125
2413,StutterTalk_64_57,0.2347412109375,0.1300048828125,0.027374267578125,0.06396484375,0.70703125
2414,StutterTalk_51_35,0.044769287109375,0.2218017578125,0.048675537109375,0.03753662109375,0.035888671875
2415,HVSA_0_86,0.0615234375,0.1883544921875,0.047088623046875,0.011688232421875,0.037200927734375
2416,HeStutters_18_56,0.0567626953125,0.114990234375,0.0309600830078125,0.0369873046875,0.054412841796875
2417,StutterTalk_25_138,0.03179931640625,0.271484375,0.028106689453125,0.0143890380859375,0.0809326171875
2418,StutterTalk_63_0,0.2325439453125,0.2017822265625,0.0439453125,0.06549072265625,0.333740234375
2419,HeStutters_12_133,0.1507568359375,0.283203125,0.106689453125,0.023101806640625,0.035888671875
2420,StutterTalk_55_21,0.041839599609375,0.07965087890625,0.007843017578125,0.026702880859375,0.023193359375
2421,StutterTalk_59_10,0.04132080078125,0.239501953125,0.34228515625,0.52587890625,0.273681640625
2422,HeStutters_18_57,0.06243896484375,0.08282470703125,0.0186920166015625,0.14306640625,0.2587890625
2423,WomenWhoStutter_2_91,0.1719970703125,0.29541015625,0.206298828125,0.1434326171875,0.11737060546875
2424,HVSA_2_156,0.05072021484375,0.1900634765625,0.193603515625,0.227783203125,0.287353515625
2425,WomenWhoStutter_82_4,0.0894775390625,0.129638671875,0.07666015625,0.25830078125,0.1751708984375
2426,StrongVoices_6_59,0.55908203125,0.258544921875,0.147216796875,0.045440673828125,0.0526123046875
2427,StutteringIsCool_27_32,0.0309600830078125,0.0521240234375,0.043609619140625,0.01348114013671875,0.00803375244140625
2428,WomenWhoStutter_79_0,0.05511474609375,0.126708984375,0.06488037109375,0.178466796875,0.236328125
2429,HVSA_3_135,0.36474609375,0.304443359375,0.41015625,0.050323486328125,0.06768798828125
2430,HeStutters_16_133,0.05059814453125,0.11456298828125,0.0240478515625,0.13720703125,0.16455078125
2431,StrongVoices_23_195,0.57421875,0.267333984375,0.201171875,0.0300445556640625,0.09088134765625
2432,StrongVoices_5_10,0.303955078125,0.11962890625,0.0280609130859375,0.02630615234375,0.03228759765625
2433,StrongVoices_23_75,0.2406005859375,0.1727294921875,0.043609619140625,0.00605010986328125,0.033599853515625
2434,WomenWhoStutter_46_14,0.2445068359375,0.162353515625,0.06427001953125,0.042724609375,0.91552734375
2435,WomenWhoStutter_46_27,0.1175537109375,0.29736328125,0.39794921875,0.52587890625,0.38916015625
2436,WomenWhoStutter_10_196,0.1290283203125,0.1693115234375,0.0131683349609375,0.006641387939453125,0.11065673828125
2437,WomenWhoStutter_14_125,0.1849365234375,0.11102294921875,0.017578125,0.0217742919921875,0.062103271484375
2438,StrongVoices_17_21,0.2354736328125,0.301025390625,0.06683349609375,0.0161590576171875,0.050323486328125
2439,HVSA_2_24,0.1431884765625,0.13134765625,0.156494140625,0.2281494140625,0.28662109375
2440,WomenWhoStutter_62_81,0.1549072265625,0.320556640625,0.3427734375,0.10430908203125,0.10504150390625
2441,WomenWhoStutter_90_20,0.058441162109375,0.25390625,0.255615234375,0.4052734375,0.303955078125
2442,MyStutteringLife_25_0,0.05706787109375,0.326904296875,0.2489013671875,0.1983642578125,0.18212890625
2443,WomenWhoStutter_30_165,0.0999755859375,0.097900390625,0.0182952880859375,0.006412506103515625,0.021942138671875
2444,WomenWhoStutter_12_36,0.1468505859375,0.08868408203125,0.01450347900390625,0.0970458984375,0.341796875
2445,StrongVoices_14_35,0.160888671875,0.0782470703125,0.0509033203125,0.0226287841796875,0.081787109375
2446,WomenWhoStutter_86_80,0.08758544921875,0.1661376953125,0.0243377685546875,0.1114501953125,0.89794921875
2447,WomenWhoStutter_30_30,0.271240234375,0.09466552734375,0.01473236083984375,0.0170440673828125,0.177978515625
2448,HeStutters_16_55,0.186279296875,0.061767578125,0.0118255615234375,0.059539794921875,0.1181640625
2449,StrongVoices_17_36,0.2327880859375,0.260986328125,0.09075927734375,0.08587646484375,0.07781982421875
2450,IStutterSoWhat_3_156,0.11279296875,0.299072265625,0.2301025390625,0.0535888671875,0.044769287109375
2451,StutterTalk_68_164,0.07476806640625,0.19677734375,0.04345703125,0.1083984375,0.1063232421875
2452,StutterTalk_25_163,0.0706787109375,0.11920166015625,0.072265625,0.156005859375,0.0948486328125
2453,WomenWhoStutter_97_95,0.06854248046875,0.1422119140625,0.036773681640625,0.1776123046875,0.10052490234375
2454,HeStutters_11_41,0.056854248046875,0.138671875,0.0143890380859375,0.0284423828125,0.035736083984375
2455,StutterTalk_68_206,0.0185089111328125,0.157958984375,0.0849609375,0.0755615234375,0.04931640625
2456,StutteringIsCool_61_33,0.080078125,0.361083984375,0.11065673828125,0.046905517578125,0.11083984375
2457,HeStutters_11_14,0.10968017578125,0.1798095703125,0.038909912109375,0.042877197265625,0.8955078125
2458,StutterTalk_62_13,0.0386962890625,0.12841796875,0.015716552734375,0.0165252685546875,0.0504150390625
2459,WomenWhoStutter_87_163,0.1717529296875,0.16357421875,0.0305023193359375,0.07208251953125,0.896484375
2460,StutterTalk_78_1,0.1978759765625,0.291015625,0.130615234375,0.1602783203125,0.85693359375
2461,StrongVoices_32_8,0.433837890625,0.1737060546875,0.0616455078125,0.059417724609375,0.0278472900390625
2462,StrongVoices_23_138,0.1209716796875,0.198486328125,0.030731201171875,0.00881195068359375,0.042083740234375
2463,WomenWhoStutter_30_21,0.0635986328125,0.05560302734375,0.007755279541015625,0.01267242431640625,0.022674560546875
2464,WomenWhoStutter_96_72,0.041778564453125,0.1845703125,0.24072265625,0.1014404296875,0.05194091796875
2465,WomenWhoStutter_49_2,0.051177978515625,0.35205078125,0.6767578125,0.419189453125,0.1778564453125
2466,WomenWhoStutter_10_136,0.2120361328125,0.287841796875,0.2325439453125,0.018798828125,0.12127685546875
2467,MyStutteringLife_0_20,0.0330810546875,0.183837890625,0.038116455078125,0.042022705078125,0.08154296875
2468,StutterTalk_25_137,0.2015380859375,0.22216796875,0.029083251953125,0.017242431640625,0.050323486328125
2469,StutterTalk_54_9,0.06927490234375,0.064208984375,0.01302337646484375,0.042327880859375,0.03302001953125
2470,StutteringIsCool_49_39,0.11932373046875,0.21240234375,0.0574951171875,0.007724761962890625,0.10394287109375
2471,WomenWhoStutter_21_194,0.2452392578125,0.345947265625,0.50732421875,0.10321044921875,0.1434326171875
2472,StrongVoices_9_8,0.11358642578125,0.27294921875,0.04376220703125,0.029205322265625,0.08038330078125
2473,HeStutters_10_34,0.035614013671875,0.16650390625,0.202880859375,0.2015380859375,0.143310546875
2474,StutterTalk_4_33,0.037261962890625,0.071044921875,0.00933837890625,0.01262664794921875,0.030670166015625
2475,StutteringIsCool_17_38,0.06243896484375,0.139404296875,0.021453857421875,0.042388916015625,0.83447265625
2476,WomenWhoStutter_49_26,0.193359375,0.2125244140625,0.1353759765625,0.11163330078125,0.64892578125
2477,StutteringIsCool_23_1,0.043121337890625,0.09619140625,0.0310211181640625,0.016845703125,0.1434326171875
2478,HeStutters_5_43,0.038238525390625,0.09234619140625,0.0118255615234375,0.039947509765625,0.05224609375
2479,StutterTalk_8_124,0.08648681640625,0.244873046875,0.388671875,0.07476806640625,0.1063232421875
2480,StutterTalk_62_7,0.049774169921875,0.110107421875,0.0224151611328125,0.014007568359375,0.0301513671875
2481,WomenWhoStutter_73_34,0.332275390625,0.34912109375,0.1187744140625,0.0982666015625,0.1776123046875
2482,StrongVoices_10_112,0.08709716796875,0.0889892578125,0.0196380615234375,0.08154296875,0.5888671875
2483,WomenWhoStutter_42_137,0.361572265625,0.2325439453125,0.1346435546875,0.1383056640625,0.04327392578125
2484,StutterTalk_26_3,0.052337646484375,0.06634521484375,0.00646209716796875,0.013427734375,0.10614013671875
2485,StrongVoices_9_4,0.379150390625,0.28759765625,0.0489501953125,0.0164642333984375,0.21630859375
2486,HeStutters_7_18,0.0738525390625,0.270751953125,0.0439453125,0.0173797607421875,0.039794921875
2487,StutterTalk_16_32,0.07696533203125,0.1917724609375,0.046905517578125,0.0092315673828125,0.06500244140625
2488,StrongVoices_29_12,0.0321044921875,0.148681640625,0.028656005859375,0.037689208984375,0.02215576171875
2489,StrongVoices_7_8,0.0509033203125,0.2076416015625,0.060760498046875,0.089111328125,0.06982421875
2490,StutterTalk_64_184,0.063720703125,0.0810546875,0.01512908935546875,0.10321044921875,0.11083984375
2491,StutterTalk_15_36,0.654296875,0.295654296875,0.4404296875,0.24072265625,0.1890869140625
2492,StutteringIsCool_46_34,0.158203125,0.237060546875,0.029876708984375,0.038330078125,0.91796875
2493,StrongVoices_32_21,0.10723876953125,0.11065673828125,0.01029205322265625,0.00948333740234375,0.038604736328125
2494,StrongVoices_23_28,0.2333984375,0.274658203125,0.1314697265625,0.0323486328125,0.034698486328125
2495,StutterTalk_59_8,0.1614990234375,0.1165771484375,0.0305023193359375,0.1578369140625,0.268310546875
2496,StutteringIsCool_45_21,0.16455078125,0.2060546875,0.147705078125,0.1124267578125,0.0265045166015625
2497,StrongVoices_10_216,0.1373291015625,0.1171875,0.03338623046875,0.03155517578125,0.76708984375
2498,StutteringIsCool_75_24,0.151611328125,0.11163330078125,0.04913330078125,0.14404296875,0.68994140625
2499,StutterTalk_54_11,0.2493896484375,0.0982666015625,0.01812744140625,0.0743408203125,0.8828125
2500,HeStutters_12_127,0.1240234375,0.258056640625,0.041534423828125,0.035614013671875,0.05224609375
2501,HeStutters_11_84,0.4267578125,0.1905517578125,0.035491943359375,0.0360107421875,0.06878662109375
2502,StutterTalk_8_148,0.08062744140625,0.253173828125,0.3447265625,0.0863037109375,0.138427734375
2503,StutterTalk_16_11,0.1328125,0.1748046875,0.09039306640625,0.07464599609375,0.53369140625
2504,HeStutters_19_29,0.050506591796875,0.171875,0.01666259765625,0.0274810791015625,0.1783447265625
2505,HeStutters_11_62,0.300048828125,0.1259765625,0.045257568359375,0.10357666015625,0.08447265625
2506,StrongVoices_3_21,0.07781982421875,0.15283203125,0.0241851806640625,0.0200958251953125,0.019012451171875
2507,IStutterSoWhat_3_128,0.1737060546875,0.303466796875,0.262451171875,0.41748046875,0.471435546875
2508,HVSA_2_134,0.071044921875,0.2310791015625,0.1915283203125,0.316162109375,0.140380859375
2509,HeStutters_12_115,0.08282470703125,0.118408203125,0.020172119140625,0.0306243896484375,0.11029052734375
2510,StrongVoices_12_19,0.056976318359375,0.1015625,0.0234222412109375,0.060760498046875,0.0282135009765625
2511,StrongVoices_32_197,0.07208251953125,0.27685546875,0.052032470703125,0.0120086669921875,0.1044921875
2512,StrongVoices_20_28,0.217529296875,0.114990234375,0.0165252685546875,0.0252227783203125,0.333984375
2513,StutterTalk_26_63,0.154541015625,0.1798095703125,0.047332763671875,0.10968017578125,0.056549072265625
2514,StrongVoices_6_122,0.436767578125,0.185302734375,0.064208984375,0.0262603759765625,0.0280609130859375
2515,HVSA_2_109,0.052032470703125,0.1795654296875,0.1121826171875,0.10540771484375,0.06439208984375
2516,StrongVoices_20_21,0.09979248046875,0.243408203125,0.03173828125,0.01384735107421875,0.08197021484375
2517,StutterTalk_37_172,0.0838623046875,0.259521484375,0.0982666015625,0.06927490234375,0.16064453125
2518,StutteringIsCool_1_18,0.062225341796875,0.1766357421875,0.0726318359375,0.058441162109375,0.052825927734375
2519,StutteringIsCool_46_174,0.1610107421875,0.1551513671875,0.03131103515625,0.0231475830078125,0.25634765625
2520,StutterTalk_62_26,0.0531005859375,0.06982421875,0.01384735107421875,0.051666259765625,0.12335205078125
2521,StrongVoices_6_126,0.332275390625,0.284423828125,0.0455322265625,0.01678466796875,0.0322265625
2522,HeStutters_11_83,0.253662109375,0.11297607421875,0.01395416259765625,0.04779052734375,0.2509765625
2523,StrongVoices_19_3,0.215576171875,0.0604248046875,0.0177764892578125,0.0153656005859375,0.055938720703125
2524,StutterTalk_76_10,0.1163330078125,0.14453125,0.0150146484375,0.02337646484375,0.4794921875
2525,StutterTalk_58_17,0.12261962890625,0.279296875,0.599609375,0.47314453125,0.1942138671875
2526,StutterTalk_7_22,0.312744140625,0.2081298828125,0.06097412109375,0.051361083984375,0.11163330078125
2527,StutterTalk_26_0,0.02606201171875,0.302001953125,0.43603515625,0.2001953125,0.07879638671875
2528,StrongVoices_0_22,0.047088623046875,0.125244140625,0.01073455810546875,0.01029205322265625,0.06927490234375
2529,WomenWhoStutter_97_94,0.09283447265625,0.45654296875,0.443115234375,0.4580078125,0.350830078125
2530,StutteringIsCool_70_26,0.07159423828125,0.07159423828125,0.0177764892578125,0.022369384765625,0.02801513671875
2531,HVSA_1_80,0.09588623046875,0.20947265625,0.055419921875,0.046478271484375,0.2276611328125
2532,HeStutters_11_23,0.192138671875,0.460205078125,0.30322265625,0.04510498046875,0.2281494140625
2533,WomenWhoStutter_86_135,0.2237548828125,0.1265869140625,0.0237274169921875,0.07696533203125,0.85205078125
2534,WomenWhoStutter_62_104,0.046630859375,0.1929931640625,0.09320068359375,0.2039794921875,0.228515625
2535,StutterTalk_64_36,0.2099609375,0.1104736328125,0.189208984375,0.082275390625,0.1590576171875
2536,HeStutters_12_25,0.057708740234375,0.1439208984375,0.06658935546875,0.0160980224609375,0.02691650390625
2537,WomenWhoStutter_63_12,0.407958984375,0.21044921875,0.04913330078125,0.0775146484375,0.158203125
2538,StrongVoices_29_5,0.12158203125,0.1490478515625,0.0170440673828125,0.0164031982421875,0.06231689453125
2539,HeStutters_12_63,0.03955078125,0.2386474609375,0.18798828125,0.0292510986328125,0.03216552734375
2540,WomenWhoStutter_86_78,0.1890869140625,0.09912109375,0.0489501953125,0.2005615234375,0.93408203125
2541,HVSA_3_118,0.1876220703125,0.301025390625,0.501953125,0.175537109375,0.10174560546875
2542,StrongVoices_23_71,0.11578369140625,0.36376953125,0.271240234375,0.0305023193359375,0.05145263671875
2543,WomenWhoStutter_62_219,0.1083984375,0.21337890625,0.1666259765625,0.461669921875,0.654296875
2544,StutterTalk_49_33,0.08709716796875,0.1318359375,0.0153045654296875,0.019195556640625,0.03265380859375
2545,StutteringIsCool_33_16,0.1436767578125,0.357421875,0.2366943359375,0.08758544921875,0.1668701171875
2546,WomenWhoStutter_2_40,0.240966796875,0.1285400390625,0.021209716796875,0.0296478271484375,0.91845703125
2547,StrongVoices_32_130,0.734375,0.2333984375,0.309326171875,0.1466064453125,0.1505126953125
2548,HeStutters_11_203,0.029205322265625,0.22119140625,0.1728515625,0.258056640625,0.054595947265625
2549,StutteringIsCool_17_0,0.03912353515625,0.150634765625,0.0143890380859375,0.0185089111328125,0.0855712890625
2550,WomenWhoStutter_42_52,0.1422119140625,0.1346435546875,0.018768310546875,0.0260009765625,0.89208984375
2551,StutterTalk_12_15,0.339599609375,0.09979248046875,0.041778564453125,0.011962890625,0.1380615234375
2552,StutteringIsCool_79_35,0.06658935546875,0.391357421875,0.62548828125,0.269287109375,0.1396484375
2553,HeStutters_5_63,0.134765625,0.2109375,0.109130859375,0.029815673828125,0.030914306640625
2554,StrongVoices_1_29,0.11920166015625,0.1451416015625,0.0217437744140625,0.0261993408203125,0.0548095703125
2555,HeStutters_11_96,0.0838623046875,0.222900390625,0.0638427734375,0.0567626953125,0.0225372314453125
2556,StutteringIsCool_17_31,0.11065673828125,0.2095947265625,0.062103271484375,0.0164031982421875,0.0303802490234375
2557,HeStutters_3_37,0.087890625,0.291015625,0.2978515625,0.5146484375,0.28564453125
2558,HVSA_2_139,0.033203125,0.1290283203125,0.07861328125,0.196533203125,0.059967041015625
2559,WomenWhoStutter_79_39,0.128662109375,0.10467529296875,0.03436279296875,0.12335205078125,0.036285400390625
2560,HeStutters_18_82,0.100341796875,0.1650390625,0.0255126953125,0.1070556640625,0.6826171875
2561,WomenWhoStutter_30_128,0.03143310546875,0.0460205078125,0.0083160400390625,0.01146697998046875,0.02508544921875
2562,HVSA_0_43,0.1422119140625,0.212890625,0.037261962890625,0.034027099609375,0.18505859375
2563,StutteringIsCool_70_10,0.02423095703125,0.05072021484375,0.01507568359375,0.0279083251953125,0.0280609130859375
2564,StutterTalk_64_153,0.2210693359375,0.153076171875,0.0225067138671875,0.08758544921875,0.8828125
2565,WomenWhoStutter_14_39,0.1181640625,0.286865234375,0.1248779296875,0.11737060546875,0.022369384765625
2566,StutteringIsCool_70_21,0.035400390625,0.279052734375,0.03314208984375,0.05145263671875,0.40576171875
2567,WomenWhoStutter_81_163,0.0311431884765625,0.1568603515625,0.060638427734375,0.1923828125,0.047088623046875
2568,StutterTalk_26_99,0.05145263671875,0.1396484375,0.0181884765625,0.056121826171875,0.5986328125
2569,StrongVoices_28_11,0.327392578125,0.33984375,0.08209228515625,0.03021240234375,0.05975341796875
2570,StrongVoices_23_194,0.1998291015625,0.449462890625,0.12445068359375,0.0194244384765625,0.1573486328125
2571,StrongVoices_21_173,0.04302978515625,0.1143798828125,0.0199432373046875,0.030731201171875,0.0345458984375
2572,WomenWhoStutter_86_33,0.053497314453125,0.086181640625,0.00945281982421875,0.07366943359375,0.09967041015625
2573,StutterTalk_18_27,0.0369873046875,0.1502685546875,0.034881591796875,0.2340087890625,0.67041015625
2574,HVSA_1_30,0.08282470703125,0.328857421875,0.1669921875,0.0142822265625,0.079345703125
2575,HVSA_1_149,0.64013671875,0.1290283203125,0.0830078125,0.048675537109375,0.65625
2576,WomenWhoStutter_21_123,0.297607421875,0.11419677734375,0.013427734375,0.041534423828125,0.0810546875
2577,StutterTalk_8_121,0.08819580078125,0.251953125,0.357666015625,0.1007080078125,0.049224853515625
2578,StutterTalk_26_126,0.08343505859375,0.130859375,0.0207977294921875,0.030670166015625,0.03521728515625
2579,StutteringIsCool_1_12,0.040985107421875,0.089111328125,0.01312255859375,0.0204925537109375,0.039947509765625
2580,StrongVoices_3_0,0.07476806640625,0.218505859375,0.04248046875,0.05126953125,0.053009033203125
2581,MyStutteringLife_8_10,0.0248870849609375,0.27880859375,0.05419921875,0.05499267578125,0.05718994140625
2582,StutteringIsCool_70_1,0.05633544921875,0.07574462890625,0.012725830078125,0.023773193359375,0.0164642333984375
2583,StrongVoices_17_22,0.1304931640625,0.2481689453125,0.0289306640625,0.01078033447265625,0.05072021484375
2584,StutterTalk_26_48,0.048126220703125,0.20703125,0.0289764404296875,0.06500244140625,0.08929443359375
2585,WomenWhoStutter_10_80,0.1070556640625,0.1209716796875,0.0252685546875,0.06982421875,0.1177978515625
2586,HeStutters_12_135,0.0489501953125,0.12054443359375,0.0260009765625,0.046905517578125,0.0726318359375
2587,StutterTalk_26_38,0.06304931640625,0.396728515625,0.2127685546875,0.03802490234375,0.2147216796875
2588,StrongVoices_3_11,0.4248046875,0.2347412109375,0.1536865234375,0.06304931640625,0.0238189697265625
2589,StutteringIsCool_17_34,0.025909423828125,0.17041015625,0.01406097412109375,0.023651123046875,0.09637451171875
2590,StutterTalk_37_102,0.0850830078125,0.11859130859375,0.057373046875,0.197265625,0.2452392578125
2591,StutterTalk_30_1,0.095703125,0.4091796875,0.47607421875,0.1357421875,0.18310546875
2592,WomenWhoStutter_2_104,0.0616455078125,0.418701171875,0.32666015625,0.055816650390625,0.0283355712890625
2593,WomenWhoStutter_10_78,0.09234619140625,0.16455078125,0.050994873046875,0.0323486328125,0.0199432373046875
2594,StutterTalk_72_144,0.2724609375,0.218994140625,0.035888671875,0.01322174072265625,0.02215576171875
2595,StutteringIsCool_50_5,0.1287841796875,0.06439208984375,0.007175445556640625,0.012481689453125,0.235595703125
2596,WomenWhoStutter_30_144,0.0330810546875,0.05877685546875,0.011505126953125,0.015838623046875,0.0224609375
2597,WomenWhoStutter_108_39,0.0193023681640625,0.10284423828125,0.0364990234375,0.0163421630859375,0.0162200927734375
2598,StutterTalk_72_149,0.200439453125,0.2276611328125,0.40283203125,0.30126953125,0.09332275390625
2599,HVSA_1_94,0.31982421875,0.255615234375,0.0784912109375,0.0295867919921875,0.39453125
2600,StutteringIsCool_46_1,0.04345703125,0.39794921875,0.40234375,0.0830078125,0.1165771484375
2601,WomenWhoStutter_13_36,0.73095703125,0.1617431640625,0.1510009765625,0.03607177734375,0.073974609375
2602,StutterTalk_26_21,0.08740234375,0.1630859375,0.019378662109375,0.01233673095703125,0.036163330078125
2603,StrongVoices_28_12,0.34326171875,0.1917724609375,0.1395263671875,0.0222015380859375,0.194580078125
2604,WomenWhoStutter_86_47,0.10430908203125,0.4892578125,0.2900390625,0.1536865234375,0.06500244140625
2605,HeStutters_12_166,0.1510009765625,0.080078125,0.021484375,0.0169830322265625,0.029754638671875
2606,WomenWhoStutter_12_27,0.17041015625,0.09185791015625,0.01473236083984375,0.0165863037109375,0.83544921875
2607,StrongVoices_22_16,0.08740234375,0.057708740234375,0.0170440673828125,0.03948974609375,0.06500244140625
2608,WomenWhoStutter_2_151,0.1611328125,0.12420654296875,0.028106689453125,0.023773193359375,0.03875732421875
2609,StutterTalk_38_27,0.20654296875,0.1365966796875,0.0205230712890625,0.0604248046875,0.94580078125
2610,WomenWhoStutter_27_27,0.044525146484375,0.217529296875,0.0283355712890625,0.058135986328125,0.18701171875
2611,WomenWhoStutter_30_188,0.027008056640625,0.1761474609375,0.06719970703125,0.036834716796875,0.03326416015625
2612,StutteringIsCool_46_78,0.092529296875,0.0830078125,0.00600433349609375,0.054290771484375,0.426025390625
2613,StutterTalk_8_9,0.34912109375,0.204833984375,0.1348876953125,0.11798095703125,0.8828125
2614,StrongVoices_9_23,0.10015869140625,0.1224365234375,0.02685546875,0.0153045654296875,0.04083251953125
2615,HeStutters_16_14,0.60400390625,0.19580078125,0.1796875,0.0751953125,0.058013916015625
2616,StrongVoices_8_11,0.1622314453125,0.2264404296875,0.044525146484375,0.0279541015625,0.04296875
2617,StutterTalk_63_40,0.2049560546875,0.397705078125,0.408203125,0.24853515625,0.1270751953125
2618,StutterTalk_52_14,0.045440673828125,0.2481689453125,0.04681396484375,0.0143890380859375,0.07354736328125
2619,StutterTalk_10_12,0.06097412109375,0.354248046875,0.677734375,0.09844970703125,0.0416259765625
2620,HVSA_2_137,0.024658203125,0.165283203125,0.244140625,0.404052734375,0.228271484375
2621,StutterTalk_37_132,0.07574462890625,0.1256103515625,0.07489013671875,0.30615234375,0.340576171875
2622,StutterTalk_22_26,0.04083251953125,0.08819580078125,0.035675048828125,0.30322265625,0.480224609375
2623,WomenWhoStutter_14_48,0.0792236328125,0.08990478515625,0.01282501220703125,0.0262603759765625,0.039947509765625
2624,StrongVoices_23_37,0.0574951171875,0.376220703125,0.09552001953125,0.028594970703125,0.05572509765625
2625,StutteringIsCool_80_98,0.052703857421875,0.2509765625,0.29248046875,0.06732177734375,0.03790283203125
2626,StrongVoices_21_145,0.1802978515625,0.092529296875,0.02691650390625,0.0965576171875,0.1761474609375
2627,WomenWhoStutter_97_5,0.052825927734375,0.251220703125,0.1900634765625,0.193115234375,0.290771484375
2628,StutterTalk_8_109,0.091064453125,0.1568603515625,0.2081298828125,0.2269287109375,0.385498046875
2629,HeStutters_5_0,0.0517578125,0.1463623046875,0.027374267578125,0.05792236328125,0.053192138671875
2630,StutterTalk_28_39,0.08538818359375,0.061767578125,0.01483917236328125,0.0177764892578125,0.0259552001953125
2631,StrongVoices_14_5,0.0333251953125,0.0943603515625,0.0180511474609375,0.025421142578125,0.036834716796875
2632,StutteringIsCool_80_143,0.08929443359375,0.362060546875,0.55322265625,0.131103515625,0.0567626953125
2633,WomenWhoStutter_21_138,0.352783203125,0.07861328125,0.0199127197265625,0.01763916015625,0.060089111328125
2634,StutterTalk_8_69,0.033721923828125,0.1239013671875,0.07598876953125,0.044189453125,0.12286376953125
2635,HeStutters_19_19,0.21142578125,0.1318359375,0.017181396484375,0.04913330078125,0.947265625
2636,StutterTalk_37_149,0.2420654296875,0.1014404296875,0.039642333984375,0.2410888671875,0.6982421875
2637,StrongVoices_32_11,0.1378173828125,0.2432861328125,0.06396484375,0.01467132568359375,0.017242431640625
2638,StutteringIsCool_1_30,0.75048828125,0.22900390625,0.2705078125,0.120361328125,0.1304931640625
2639,WomenWhoStutter_81_27,0.08416748046875,0.286865234375,0.055938720703125,0.12548828125,0.56640625
2640,StutterTalk_26_90,0.07574462890625,0.10614013671875,0.01560211181640625,0.06756591796875,0.061981201171875
2641,MyStutteringLife_21_18,0.0802001953125,0.2607421875,0.115966796875,0.0171051025390625,0.0191192626953125
2642,StutterTalk_25_2,0.0212860107421875,0.12188720703125,0.042816162109375,0.041778564453125,0.0190887451171875
2643,WomenWhoStutter_21_124,0.2049560546875,0.142333984375,0.0631103515625,0.07989501953125,0.10760498046875
2644,StutteringIsCool_70_3,0.0743408203125,0.29443359375,0.290771484375,0.07684326171875,0.08062744140625
2645,WomenWhoStutter_10_47,0.1474609375,0.413330078125,0.71728515625,0.10125732421875,0.06683349609375
2646,HVSA_0_110,0.189208984375,0.059661865234375,0.015838623046875,0.09222412109375,0.791015625
2647,WomenWhoStutter_21_136,0.229248046875,0.1063232421875,0.01763916015625,0.0489501953125,0.9462890625
2648,StutterTalk_22_31,0.08404541015625,0.392333984375,0.369384765625,0.216796875,0.4716796875
2649,StutterTalk_22_11,0.08819580078125,0.039642333984375,0.01450347900390625,0.0794677734375,0.72265625
2650,StutterTalk_15_27,0.56201171875,0.1673583984375,0.10052490234375,0.08978271484375,0.1282958984375
2651,StrongVoices_32_189,0.1026611328125,0.1488037109375,0.0162811279296875,0.01107025146484375,0.01971435546875
2652,StutterTalk_48_38,0.026153564453125,0.12261962890625,0.0180206298828125,0.011688232421875,0.0352783203125
2653,StrongVoices_2_24,0.443359375,0.3701171875,0.23193359375,0.1524658203125,0.2939453125
2654,StrongVoices_23_20,0.10797119140625,0.321533203125,0.055419921875,0.018585205078125,0.041778564453125
2655,WomenWhoStutter_2_156,0.2362060546875,0.2120361328125,0.0638427734375,0.1553955078125,0.1341552734375
2656,StutteringIsCool_52_11,0.41162109375,0.21728515625,0.072265625,0.0212860107421875,0.0330810546875
2657,HVSA_2_135,0.1724853515625,0.0987548828125,0.055816650390625,0.0831298828125,0.3701171875
2658,StrongVoices_23_235,0.18798828125,0.283203125,0.0809326171875,0.023101806640625,0.165283203125
2659,StrongVoices_21_17,0.0258636474609375,0.08270263671875,0.0141754150390625,0.06817626953125,0.0809326171875
2660,StutterTalk_8_3,0.343994140625,0.0948486328125,0.062225341796875,0.171875,0.7490234375
2661,WomenWhoStutter_62_216,0.042327880859375,0.281982421875,0.130126953125,0.11578369140625,0.134521484375
2662,HeStutters_16_24,0.24072265625,0.09857177734375,0.01861572265625,0.06805419921875,0.2127685546875
2663,MyStutteringLife_0_17,0.0706787109375,0.128173828125,0.03143310546875,0.1312255859375,0.2626953125
2664,StutteringIsCool_67_37,0.048126220703125,0.179931640625,0.1728515625,0.1912841796875,0.2027587890625
2665,StrongVoices_32_202,0.1474609375,0.397216796875,0.04351806640625,0.01512908935546875,0.10321044921875
2666,StutterTalk_30_16,0.132080078125,0.457763671875,0.287841796875,0.047607421875,0.278564453125
2667,StutteringIsCool_79_33,0.47802734375,0.1744384765625,0.253173828125,0.0167236328125,0.1470947265625
2668,WomenWhoStutter_97_152,0.06866455078125,0.311767578125,0.35400390625,0.1361083984375,0.0364990234375
2669,StrongVoices_14_18,0.0504150390625,0.05511474609375,0.01132965087890625,0.01348114013671875,0.0131683349609375
2670,HVSA_0_71,0.04010009765625,0.281982421875,0.3017578125,0.234375,0.06951904296875
2671,WomenWhoStutter_89_12,0.08740234375,0.252197265625,0.058349609375,0.0261993408203125,0.0880126953125
2672,StutterTalk_15_28,0.181884765625,0.09893798828125,0.01094818115234375,0.040618896484375,0.09185791015625
2673,StrongVoices_10_6,0.343505859375,0.263427734375,0.064208984375,0.027374267578125,0.1617431640625
2674,HVSA_2_128,0.0738525390625,0.177978515625,0.1597900390625,0.1378173828125,0.040618896484375
2675,StutteringIsCool_14_0,0.06597900390625,0.09844970703125,0.10760498046875,0.035888671875,0.0386962890625
2676,StutterTalk_64_54,0.051544189453125,0.0640869140625,0.008514404296875,0.103759765625,0.51611328125
2677,StrongVoices_23_269,0.174072265625,0.25634765625,0.044342041015625,0.023193359375,0.04931640625
2678,StrongVoices_23_256,0.1903076171875,0.30322265625,0.05389404296875,0.0154876708984375,0.115966796875
2679,StutteringIsCool_33_13,0.04083251953125,0.3125,0.07196044921875,0.02447509765625,0.044525146484375
2680,StutteringIsCool_79_6,0.347412109375,0.1473388671875,0.1885986328125,0.0103302001953125,0.08123779296875
2681,StutterTalk_16_17,0.094482421875,0.217041015625,0.09844970703125,0.057586669921875,0.04986572265625
2682,IStutterSoWhat_3_91,0.1026611328125,0.4404296875,0.57373046875,0.1610107421875,0.11102294921875
2683,StrongVoices_6_144,0.385498046875,0.2393798828125,0.044342041015625,0.0143890380859375,0.11395263671875
2684,StutterTalk_66_19,0.07196044921875,0.10504150390625,0.09515380859375,0.40869140625,0.513671875
2685,WomenWhoStutter_2_182,0.0975341796875,0.259521484375,0.0794677734375,0.2132568359375,0.3544921875
2686,WomenWhoStutter_62_183,0.08050537109375,0.105224609375,0.014556884765625,0.0292510986328125,0.03448486328125
2687,StutterTalk_63_62,0.0228424072265625,0.08868408203125,0.0153045654296875,0.0210418701171875,0.03582763671875
2688,StutterTalk_64_199,0.1265869140625,0.1424560546875,0.063720703125,0.09222412109375,0.59130859375
2689,StutterTalk_8_43,0.208984375,0.2354736328125,0.1871337890625,0.165283203125,0.7080078125
2690,WomenWhoStutter_69_15,0.379150390625,0.1014404296875,0.0116424560546875,0.0217437744140625,0.10247802734375
2691,StutterTalk_64_188,0.177001953125,0.1644287109375,0.10894775390625,0.146240234375,0.15869140625
2692,StrongVoices_31_6,0.1397705078125,0.369384765625,0.133056640625,0.1195068359375,0.52685546875
2693,WomenWhoStutter_30_193,0.034423828125,0.04949951171875,0.00634002685546875,0.005664825439453125,0.01495361328125
2694,StutterTalk_25_155,0.228271484375,0.2001953125,0.023468017578125,0.014556884765625,0.0269622802734375
2695,WomenWhoStutter_86_85,0.1258544921875,0.154296875,0.02215576171875,0.09930419921875,0.892578125
2696,WomenWhoStutter_97_97,0.17138671875,0.245849609375,0.1517333984375,0.07666015625,0.1077880859375
2697,StutteringIsCool_80_21,0.027008056640625,0.0880126953125,0.045684814453125,0.0843505859375,0.04327392578125
2698,WomenWhoStutter_2_99,0.0386962890625,0.197021484375,0.1708984375,0.200927734375,0.059417724609375
2699,WomenWhoStutter_86_145,0.042236328125,0.403076171875,0.08660888671875,0.087890625,0.1544189453125
2700,StutteringIsCool_14_39,0.259521484375,0.0704345703125,0.03228759765625,0.042572021484375,0.85302734375
2701,StutterTalk_72_59,0.019195556640625,0.06781005859375,0.01107025146484375,0.0318603515625,0.0489501953125
2702,StutteringIsCool_49_29,0.1568603515625,0.263916015625,0.07305908203125,0.04302978515625,0.07342529296875
2703,StutterTalk_79_9,0.1376953125,0.10247802734375,0.0121917724609375,0.0531005859375,0.11279296875
2704,WomenWhoStutter_87_46,0.1512451171875,0.2069091796875,0.10321044921875,0.296142578125,0.303955078125
2705,StrongVoices_21_76,0.0726318359375,0.09185791015625,0.0210113525390625,0.1632080078125,0.2509765625
2706,StrongVoices_10_145,0.36865234375,0.17529296875,0.048675537109375,0.056854248046875,0.063232421875
2707,StutterTalk_64_34,0.10821533203125,0.0738525390625,0.07275390625,0.09979248046875,0.057586669921875
2708,StrongVoices_32_23,0.030731201171875,0.09857177734375,0.040374755859375,0.0343017578125,0.0240478515625
2709,StutteringIsCool_37_26,0.2330322265625,0.403076171875,0.36474609375,0.08648681640625,0.0738525390625
2710,StutterTalk_25_39,0.0265045166015625,0.1343994140625,0.051544189453125,0.0604248046875,0.0255584716796875
2711,StrongVoices_7_17,0.1265869140625,0.1409912109375,0.0203399658203125,0.016021728515625,0.047149658203125
2712,StrongVoices_10_47,0.29296875,0.11859130859375,0.0261077880859375,0.059661865234375,0.50341796875
2713,StutteringIsCool_80_87,0.07318115234375,0.03759765625,0.0094146728515625,0.07891845703125,0.1231689453125
2714,StrongVoices_32_107,0.1634521484375,0.150634765625,0.024658203125,0.09173583984375,0.9287109375
2715,StutteringIsCool_28_0,0.1685791015625,0.12493896484375,0.02447509765625,0.00428009033203125,0.02630615234375
2716,HeStutters_19_9,0.08880615234375,0.28466796875,0.03594970703125,0.039703369140625,0.1597900390625
2717,WomenWhoStutter_14_47,0.0830078125,0.07135009765625,0.0116424560546875,0.0090179443359375,0.011962890625
2718,HVSA_3_147,0.06085205078125,0.29736328125,0.272705078125,0.26416015625,0.1514892578125
2719,StutteringIsCool_80_38,0.12139892578125,0.06866455078125,0.04217529296875,0.303466796875,0.3095703125
2720,StrongVoices_31_10,0.02606201171875,0.0775146484375,0.01107025146484375,0.0236053466796875,0.037261962890625
2721,StutterTalk_68_42,0.03704833984375,0.36474609375,0.1961669921875,0.07366943359375,0.103759765625
2722,StrongVoices_23_178,0.379150390625,0.355712890625,0.138671875,0.02880859375,0.06512451171875
2723,StrongVoices_32_46,0.2420654296875,0.2890625,0.0278472900390625,0.014007568359375,0.23681640625
2724,StrongVoices_2_29,0.1177978515625,0.287841796875,0.044342041015625,0.03460693359375,0.037109375
2725,HeStutters_2_71,0.0309600830078125,0.11676025390625,0.041778564453125,0.0965576171875,0.02447509765625
2726,StrongVoices_25_33,0.1341552734375,0.2413330078125,0.09722900390625,0.0268096923828125,0.025909423828125
2727,IStutterSoWhat_3_84,0.1422119140625,0.26318359375,0.34033203125,0.279541015625,0.1739501953125
2728,WomenWhoStutter_97_31,0.058563232421875,0.269287109375,0.1214599609375,0.1719970703125,0.16357421875
2729,StrongVoices_6_171,0.0970458984375,0.2122802734375,0.0162200927734375,0.018646240234375,0.09185791015625
2730,WomenWhoStutter_21_92,0.1729736328125,0.310546875,0.1287841796875,0.0252685546875,0.0280609130859375
2731,StutteringIsCool_55_21,0.4443359375,0.2462158203125,0.20556640625,0.05511474609375,0.10089111328125
2732,WomenWhoStutter_87_3,0.198974609375,0.0850830078125,0.018585205078125,0.0266571044921875,0.1868896484375
2733,HeStutters_18_20,0.08819580078125,0.1373291015625,0.058990478515625,0.337646484375,0.473876953125
2734,StutterTalk_37_91,0.23974609375,0.0867919921875,0.020416259765625,0.1273193359375,0.74365234375
2735,StrongVoices_32_162,0.52294921875,0.07781982421875,0.061767578125,0.038543701171875,0.05706787109375
2736,StutteringIsCool_34_157,0.200927734375,0.41650390625,0.1646728515625,0.038238525390625,0.061981201171875
2737,StutteringIsCool_14_14,0.0261077880859375,0.092529296875,0.09808349609375,0.2080078125,0.10723876953125
2738,WomenWhoStutter_62_116,0.05645751953125,0.1339111328125,0.015777587890625,0.044281005859375,0.10247802734375
2739,StutterTalk_51_36,0.06878662109375,0.2230224609375,0.26904296875,0.2489013671875,0.294921875
2740,StutterTalk_64_24,0.325439453125,0.1505126953125,0.2010498046875,0.0287628173828125,0.012969970703125
2741,StutteringIsCool_49_9,0.08648681640625,0.1171875,0.01262664794921875,0.07489013671875,0.607421875
2742,StutterTalk_38_33,0.042724609375,0.075439453125,0.00806427001953125,0.060638427734375,0.082275390625
2743,StrongVoices_32_4,0.64794921875,0.23388671875,0.28466796875,0.058013916015625,0.07684326171875
2744,WomenWhoStutter_87_92,0.143310546875,0.11083984375,0.01374053955078125,0.033599853515625,0.87646484375
2745,IStutterSoWhat_3_65,0.0303802490234375,0.404541015625,0.63037109375,0.1727294921875,0.07330322265625
2746,StutterTalk_8_155,0.0723876953125,0.1407470703125,0.06890869140625,0.040252685546875,0.093017578125
2747,StutterTalk_40_0,0.0194549560546875,0.0740966796875,0.011688232421875,0.0201416015625,0.044769287109375
2748,StutterTalk_59_20,0.070068359375,0.10894775390625,0.042327880859375,0.054901123046875,0.031982421875
2749,StutteringIsCool_47_23,0.054107666015625,0.1978759765625,0.09466552734375,0.10504150390625,0.05419921875
2750,StutteringIsCool_27_19,0.1685791015625,0.1851806640625,0.06768798828125,0.013275146484375,0.06610107421875
2751,HeStutters_11_47,0.110107421875,0.2171630859375,0.0386962890625,0.034759521484375,0.90087890625
2752,HVSA_0_107,0.14453125,0.10797119140625,0.024383544921875,0.09368896484375,0.908203125
2753,HVSA_0_135,0.0360107421875,0.271240234375,0.279052734375,0.09857177734375,0.054412841796875
2754,WomenWhoStutter_14_124,0.04510498046875,0.11517333984375,0.01450347900390625,0.03173828125,0.315673828125
2755,StutterTalk_8_160,0.045257568359375,0.1572265625,0.12322998046875,0.094482421875,0.40087890625
2756,WomenWhoStutter_97_56,0.046905517578125,0.1607666015625,0.026702880859375,0.12493896484375,0.1798095703125
2757,HeStutters_12_208,0.196044921875,0.2490234375,0.19775390625,0.063720703125,0.03948974609375
2758,StrongVoices_23_26,0.205810546875,0.2088623046875,0.073974609375,0.028594970703125,0.0268096923828125
2759,StutterTalk_76_19,0.143310546875,0.21630859375,0.049041748046875,0.00930023193359375,0.153564453125
2760,StutterTalk_53_28,0.09368896484375,0.27685546875,0.1351318359375,0.01971435546875,0.0966796875
2761,StrongVoices_32_177,0.303955078125,0.1546630859375,0.0153656005859375,0.0216217041015625,0.06488037109375
2762,StutterTalk_64_52,0.027801513671875,0.1007080078125,0.0205230712890625,0.033660888671875,0.0701904296875
2763,HeStutters_18_196,0.0211639404296875,0.1707763671875,0.11029052734375,0.33056640625,0.1153564453125
2764,StrongVoices_26_32,0.1475830078125,0.129638671875,0.01483917236328125,0.023193359375,0.05419921875
2765,StrongVoices_32_98,0.59326171875,0.244873046875,0.047607421875,0.06768798828125,0.303955078125
2766,HVSA_1_164,0.050506591796875,0.3427734375,0.212890625,0.05865478515625,0.054595947265625
2767,WomenWhoStutter_42_84,0.40380859375,0.10797119140625,0.02203369140625,0.03143310546875,0.88037109375
2768,StrongVoices_21_83,0.049041748046875,0.12890625,0.018829345703125,0.03875732421875,0.1319580078125
2769,StrongVoices_32_58,0.483154296875,0.196044921875,0.059661865234375,0.020721435546875,0.07421875
2770,StutterTalk_80_37,0.0131683349609375,0.09320068359375,0.021575927734375,0.035614013671875,0.017181396484375
2771,HeStutters_2_96,0.033599853515625,0.29248046875,0.062103271484375,0.05145263671875,0.08343505859375
2772,HVSA_1_58,0.079345703125,0.3349609375,0.1295166015625,0.024566650390625,0.0254669189453125
2773,WomenWhoStutter_96_100,0.09320068359375,0.3916015625,0.4765625,0.1300048828125,0.08660888671875
2774,StutterTalk_68_128,0.187255859375,0.26904296875,0.07977294921875,0.31298828125,0.5087890625
2775,StrongVoices_4_10,0.15869140625,0.364501953125,0.09088134765625,0.03521728515625,0.309814453125
2776,StutterTalk_8_107,0.047607421875,0.086181640625,0.0189361572265625,0.056976318359375,0.470458984375
2777,StutterTalk_8_85,0.097900390625,0.10540771484375,0.09271240234375,0.296630859375,0.80029296875
2778,WomenWhoStutter_96_142,0.054412841796875,0.4521484375,0.4970703125,0.18994140625,0.10284423828125
2779,StrongVoices_10_20,0.274169921875,0.10821533203125,0.02288818359375,0.093017578125,0.35302734375
2780,StutterTalk_8_97,0.07275390625,0.245849609375,0.182373046875,0.048675537109375,0.17138671875
2781,StutterTalk_64_129,0.173828125,0.2100830078125,0.11395263671875,0.0305633544921875,0.03753662109375
2782,StutterTalk_16_24,0.062103271484375,0.203369140625,0.08929443359375,0.048675537109375,0.78369140625
2783,StutteringIsCool_28_10,0.1278076171875,0.2010498046875,0.044342041015625,0.008880615234375,0.0260009765625
2784,HeStutters_5_83,0.07501220703125,0.366455078125,0.140869140625,0.12066650390625,0.08447265625
2785,StrongVoices_23_121,0.417724609375,0.2410888671875,0.05987548828125,0.0153045654296875,0.03448486328125
2786,StrongVoices_1_39,0.1044921875,0.12158203125,0.070068359375,0.1448974609375,0.11376953125
2787,StutterTalk_64_96,0.140625,0.1240234375,0.06500244140625,0.1859130859375,0.70361328125
2788,StrongVoices_28_17,0.242919921875,0.2017822265625,0.045867919921875,0.027374267578125,0.05108642578125
2789,HeStutters_10_38,0.25634765625,0.148681640625,0.0816650390625,0.264404296875,0.70849609375
2790,HVSA_0_32,0.2406005859375,0.256591796875,0.202880859375,0.0880126953125,0.08251953125
2791,StutteringIsCool_46_193,0.076416015625,0.227294921875,0.06268310546875,0.034088134765625,0.165771484375
2792,StutteringIsCool_60_19,0.1083984375,0.288818359375,0.439208984375,0.048675537109375,0.093017578125
2793,StutterTalk_37_101,0.300048828125,0.06585693359375,0.0177764892578125,0.07330322265625,0.09088134765625
2794,WomenWhoStutter_13_18,0.25830078125,0.188232421875,0.07720947265625,0.0103302001953125,0.0386962890625
2795,StutterTalk_26_18,0.08477783203125,0.196044921875,0.04913330078125,0.0199432373046875,0.058013916015625
2796,HVSA_1_73,0.04949951171875,0.128662109375,0.03265380859375,0.1553955078125,0.184326171875
2797,StutterTalk_37_48,0.1207275390625,0.1724853515625,0.1556396484375,0.482666015625,0.41748046875
2798,StutteringIsCool_80_34,0.140869140625,0.12249755859375,0.028106689453125,0.03167724609375,0.06817626953125
2799,StrongVoices_10_209,0.043701171875,0.31884765625,0.0994873046875,0.020599365234375,0.079345703125
2800,StutterTalk_15_30,0.1597900390625,0.12158203125,0.06695556640625,0.275146484375,0.20703125
2801,StrongVoices_21_124,0.08660888671875,0.147705078125,0.07421875,0.21142578125,0.11737060546875
2802,StutterTalk_54_10,0.06585693359375,0.2147216796875,0.1500244140625,0.5498046875,0.3330078125
2803,WomenWhoStutter_97_195,0.11798095703125,0.1929931640625,0.047515869140625,0.13427734375,0.95751953125
2804,WomenWhoStutter_14_115,0.0411376953125,0.16162109375,0.130859375,0.591796875,0.312255859375
2805,StrongVoices_21_125,0.0535888671875,0.11083984375,0.030731201171875,0.063232421875,0.03912353515625
2806,WomenWhoStutter_17_5,0.09417724609375,0.20166015625,0.036773681640625,0.06268310546875,0.040771484375
2807,StutteringIsCool_79_38,0.09857177734375,0.17626953125,0.039703369140625,0.083740234375,0.02886962890625
2808,StrongVoices_6_167,0.07891845703125,0.10504150390625,0.00818634033203125,0.01348114013671875,0.07598876953125
2809,StutterTalk_37_167,0.463623046875,0.22265625,0.11279296875,0.140869140625,0.08709716796875
2810,WomenWhoStutter_30_177,0.12890625,0.11993408203125,0.0208892822265625,0.0087127685546875,0.0386962890625
2811,HeStutters_16_23,0.05499267578125,0.10760498046875,0.0165252685546875,0.09173583984375,0.476806640625
2812,StutterTalk_37_126,0.2427978515625,0.06597900390625,0.027587890625,0.1934814453125,0.40234375
2813,StutteringIsCool_14_24,0.0966796875,0.10931396484375,0.12841796875,0.06732177734375,0.040985107421875
2814,StutteringIsCool_43_39,0.311279296875,0.1524658203125,0.1815185546875,0.0216217041015625,0.027069091796875
2815,StrongVoices_32_22,0.080810546875,0.2288818359375,0.037109375,0.057281494140625,0.43017578125
2816,WomenWhoStutter_42_36,0.152099609375,0.1922607421875,0.051849365234375,0.03955078125,0.05877685546875
2817,WomenWhoStutter_2_212,0.229248046875,0.318603515625,0.0802001953125,0.04345703125,0.035552978515625
2818,StrongVoices_23_251,0.11614990234375,0.16650390625,0.0236053466796875,0.0082855224609375,0.07342529296875
2819,IStutterSoWhat_0_88,0.047698974609375,0.1143798828125,0.0266571044921875,0.01953125,0.014007568359375
2820,StrongVoices_23_185,0.3798828125,0.216796875,0.11737060546875,0.013427734375,0.0213623046875
2821,WomenWhoStutter_52_35,0.06671142578125,0.41845703125,0.2076416015625,0.1124267578125,0.0751953125
2822,StutterTalk_72_82,0.72412109375,0.2420654296875,0.31201171875,0.0592041015625,0.1439208984375
2823,StrongVoices_10_111,0.156005859375,0.427734375,0.332763671875,0.044677734375,0.323974609375
2824,StutteringIsCool_38_0,0.12261962890625,0.2335205078125,0.2998046875,0.59326171875,0.54541015625
2825,StrongVoices_10_138,0.58740234375,0.2137451171875,0.071044921875,0.06658935546875,0.1143798828125
2826,MyStutteringLife_5_9,0.035552978515625,0.15771484375,0.07861328125,0.035400390625,0.043701171875
2827,StrongVoices_14_6,0.023284912109375,0.2239990234375,0.057281494140625,0.043365478515625,0.126953125
2828,StrongVoices_32_175,0.11376953125,0.1649169921875,0.0205230712890625,0.0082855224609375,0.024383544921875
2829,StrongVoices_21_34,0.047332763671875,0.092041015625,0.01348114013671875,0.05072021484375,0.11395263671875
2830,StrongVoices_21_16,0.023101806640625,0.05389404296875,0.01406097412109375,0.038116455078125,0.06890869140625
2831,WomenWhoStutter_64_7,0.208984375,0.264404296875,0.26220703125,0.08990478515625,0.359375
2832,StrongVoices_5_20,0.1533203125,0.3984375,0.08404541015625,0.0131683349609375,0.0843505859375
2833,HeStutters_12_178,0.1339111328125,0.2044677734375,0.042022705078125,0.10211181640625,0.042877197265625
2834,HVSA_1_25,0.054412841796875,0.130859375,0.0247955322265625,0.0200958251953125,0.25341796875
2835,StutterTalk_8_165,0.345458984375,0.298828125,0.313720703125,0.198974609375,0.369384765625
2836,IStutterSoWhat_3_113,0.06744384765625,0.1866455078125,0.05975341796875,0.040985107421875,0.2158203125
2837,StutterTalk_26_128,0.046630859375,0.291015625,0.2235107421875,0.193115234375,0.07452392578125
2838,StutterTalk_4_36,0.2259521484375,0.35400390625,0.1759033203125,0.2010498046875,0.1993408203125
2839,StutterTalk_37_129,0.04840087890625,0.090087890625,0.04931640625,0.2430419921875,0.499755859375
2840,WomenWhoStutter_97_37,0.043121337890625,0.377685546875,0.51806640625,0.1929931640625,0.06231689453125
2841,StutterTalk_30_37,0.0197906494140625,0.1114501953125,0.01085662841796875,0.0202178955078125,0.0191192626953125
2842,StutterTalk_26_179,0.046722412109375,0.11083984375,0.025909423828125,0.017242431640625,0.06085205078125
2843,WomenWhoStutter_13_11,0.1199951171875,0.441650390625,0.2044677734375,0.044586181640625,0.189697265625
2844,MyStutteringLife_19_11,0.4833984375,0.1177978515625,0.04510498046875,0.054107666015625,0.09552001953125
2845,StutterTalk_44_35,0.10052490234375,0.139404296875,0.01146697998046875,0.034881591796875,0.5771484375
2846,StutterTalk_64_181,0.15625,0.087890625,0.0165252685546875,0.1236572265625,0.8212890625
2847,StutteringIsCool_76_17,0.220703125,0.26513671875,0.2039794921875,0.2259521484375,0.88916015625
2848,StrongVoices_6_99,0.416259765625,0.1517333984375,0.0209197998046875,0.0103302001953125,0.16259765625
2849,StrongVoices_1_16,0.0285491943359375,0.0965576171875,0.02691650390625,0.0258026123046875,0.0225372314453125
2850,StutteringIsCool_45_19,0.33984375,0.2578125,0.16015625,0.0287017822265625,0.13232421875
2851,HVSA_3_207,0.31689453125,0.281005859375,0.24169921875,0.09417724609375,0.2183837890625
2852,StutterTalk_30_33,0.06951904296875,0.272216796875,0.07720947265625,0.047332763671875,0.06268310546875
2853,WomenWhoStutter_82_15,0.265380859375,0.2044677734375,0.0943603515625,0.0341796875,0.86669921875
2854,StutteringIsCool_34_147,0.5263671875,0.13720703125,0.064208984375,0.0191192626953125,0.6142578125
2855,WomenWhoStutter_21_15,0.08404541015625,0.1998291015625,0.03955078125,0.034423828125,0.11981201171875
2856,HVSA_2_178,0.07122802734375,0.071044921875,0.04376220703125,0.1937255859375,0.61865234375
2857,StutterTalk_8_62,0.1353759765625,0.28173828125,0.280029296875,0.191650390625,0.434326171875
2858,StutteringIsCool_14_26,0.036285400390625,0.126953125,0.10357666015625,0.037261962890625,0.0472412109375
2859,StrongVoices_9_22,0.054412841796875,0.1165771484375,0.023193359375,0.0872802734375,0.0863037109375
2860,StrongVoices_10_102,0.1915283203125,0.1971435546875,0.042327880859375,0.01312255859375,0.09503173828125
2861,StutterTalk_37_168,0.40771484375,0.265625,0.2027587890625,0.09027099609375,0.02838134765625
2862,StrongVoices_10_80,0.15771484375,0.0802001953125,0.0411376953125,0.1087646484375,0.29833984375
2863,StrongVoices_8_14,0.029541015625,0.1798095703125,0.0880126953125,0.04296875,0.057586669921875
2864,StutterTalk_77_16,0.147216796875,0.2447509765625,0.1396484375,0.1787109375,0.1094970703125
2865,HeStutters_18_6,0.1224365234375,0.20263671875,0.0209197998046875,0.11083984375,0.2147216796875
2866,StrongVoices_10_193,0.030853271484375,0.1279296875,0.0229339599609375,0.02386474609375,0.07598876953125
2867,StutterTalk_69_4,0.13427734375,0.199462890625,0.0726318359375,0.0218658447265625,0.027008056640625
2868,StutterTalk_8_89,0.1044921875,0.2276611328125,0.295654296875,0.1983642578125,0.28173828125
2869,StutterTalk_64_166,0.04486083984375,0.07147216796875,0.0221099853515625,0.024658203125,0.28076171875
2870,HeStutters_11_128,0.044769287109375,0.13818359375,0.033660888671875,0.06744384765625,0.03338623046875
2871,StutterTalk_78_2,0.2064208984375,0.11029052734375,0.022369384765625,0.042236328125,0.947265625
2872,StrongVoices_23_41,0.173583984375,0.1878662109375,0.050506591796875,0.00878143310546875,0.0369873046875
2873,StutterTalk_63_138,0.040679931640625,0.403076171875,0.262939453125,0.157470703125,0.19580078125
2874,WomenWhoStutter_2_5,0.057586669921875,0.1666259765625,0.0310821533203125,0.079345703125,0.06573486328125
2875,StutterTalk_63_65,0.053497314453125,0.251953125,0.08251953125,0.07080078125,0.08477783203125
2876,WomenWhoStutter_42_121,0.129150390625,0.06085205078125,0.01129150390625,0.025909423828125,0.6123046875
2877,StrongVoices_18_17,0.0546875,0.1104736328125,0.0141143798828125,0.0169219970703125,0.08709716796875
2878,StutteringIsCool_70_25,0.034423828125,0.1121826171875,0.0211181640625,0.01473236083984375,0.0294189453125
2879,WomenWhoStutter_35_37,0.1077880859375,0.0975341796875,0.051849365234375,0.0247039794921875,0.012237548828125
2880,WomenWhoStutter_62_66,0.05145263671875,0.09234619140625,0.0181884765625,0.1041259765625,0.6591796875
2881,WomenWhoStutter_62_92,0.128173828125,0.22607421875,0.1707763671875,0.307373046875,0.734375
2882,StrongVoices_21_6,0.306884765625,0.226318359375,0.06536865234375,0.050048828125,0.2445068359375
2883,StrongVoices_32_179,0.53173828125,0.271728515625,0.07318115234375,0.0193023681640625,0.03515625
2884,StutterTalk_59_21,0.01406097412109375,0.10284423828125,0.044342041015625,0.11297607421875,0.043121337890625
2885,StrongVoices_23_59,0.420654296875,0.251708984375,0.0953369140625,0.00963592529296875,0.0341796875
2886,IStutterSoWhat_3_76,0.08404541015625,0.14697265625,0.03607177734375,0.07989501953125,0.298828125
2887,WomenWhoStutter_10_5,0.0855712890625,0.2315673828125,0.06890869140625,0.038818359375,0.028106689453125
2888,HVSA_2_84,0.058563232421875,0.13232421875,0.06695556640625,0.061431884765625,0.43603515625
2889,StutteringIsCool_16_10,0.1368408203125,0.1617431640625,0.08526611328125,0.1376953125,0.1474609375
2890,StutteringIsCool_60_18,0.0261993408203125,0.06915283203125,0.0255584716796875,0.0154266357421875,0.0236968994140625
2891,WomenWhoStutter_69_6,0.1651611328125,0.1998291015625,0.05450439453125,0.1314697265625,0.05450439453125
2892,StrongVoices_10_12,0.14794921875,0.0987548828125,0.011199951171875,0.037322998046875,0.1666259765625
2893,StutteringIsCool_1_21,0.1810302734375,0.38916015625,0.2081298828125,0.0330810546875,0.024658203125
2894,HeStutters_5_156,0.0248870849609375,0.2255859375,0.484130859375,0.02880859375,0.0246124267578125
2895,StutterTalk_63_94,0.06878662109375,0.2298583984375,0.04620361328125,0.052337646484375,0.056640625
2896,StutteringIsCool_75_4,0.4951171875,0.086181640625,0.0233306884765625,0.03436279296875,0.9306640625
2897,StutterTalk_37_56,0.55615234375,0.19677734375,0.0938720703125,0.1451416015625,0.19677734375
2898,WomenWhoStutter_35_9,0.1544189453125,0.1951904296875,0.171630859375,0.0299835205078125,0.02691650390625
2899,MyStutteringLife_1_0,0.056640625,0.322998046875,0.0816650390625,0.0322265625,0.039276123046875
2900,StutterTalk_64_205,0.18359375,0.1343994140625,0.042572021484375,0.07159423828125,0.6533203125
2901,HVSA_2_154,0.0592041015625,0.09844970703125,0.080810546875,0.3603515625,0.29931640625
2902,StutterTalk_25_4,0.00963592529296875,0.1190185546875,0.037811279296875,0.06732177734375,0.026611328125
2903,StrongVoices_27_28,0.12127685546875,0.131103515625,0.01242828369140625,0.020294189453125,0.09283447265625
2904,WomenWhoStutter_97_98,0.1707763671875,0.181884765625,0.0390625,0.0239105224609375,0.07305908203125
2905,StutteringIsCool_33_38,0.04803466796875,0.144775390625,0.05145263671875,0.029541015625,0.042388916015625
2906,HVSA_2_83,0.036346435546875,0.1588134765625,0.1019287109375,0.1358642578125,0.0867919921875
2907,IStutterSoWhat_3_81,0.1390380859375,0.22607421875,0.444580078125,0.404541015625,0.1876220703125
2908,StutterTalk_64_182,0.1446533203125,0.1007080078125,0.01971435546875,0.1083984375,0.8076171875
2909,StrongVoices_23_206,0.1422119140625,0.365966796875,0.08587646484375,0.01395416259765625,0.0254669189453125
2910,StutteringIsCool_46_144,0.0943603515625,0.12054443359375,0.03436279296875,0.0726318359375,0.1544189453125
2911,StutterTalk_76_27,0.06396484375,0.2073974609375,0.0552978515625,0.06658935546875,0.69921875
2912,MyStutteringLife_21_1,0.10089111328125,0.1201171875,0.054290771484375,0.040679931640625,0.040771484375
2913,HVSA_3_108,0.3369140625,0.34130859375,0.498779296875,0.22119140625,0.1810302734375
2914,StutterTalk_63_87,0.05389404296875,0.162353515625,0.03326416015625,0.0230712890625,0.0264129638671875
2915,StrongVoices_10_83,0.42529296875,0.13525390625,0.08209228515625,0.091552734375,0.88916015625
2916,StutterTalk_64_194,0.176513671875,0.129150390625,0.03515625,0.1077880859375,0.95947265625
2917,HeStutters_16_21,0.08197021484375,0.06396484375,0.007694244384765625,0.0938720703125,0.1781005859375
2918,StutteringIsCool_69_27,0.138671875,0.072265625,0.0121002197265625,0.00933837890625,0.06549072265625
2919,StutteringIsCool_29_19,0.042877197265625,0.11065673828125,0.04327392578125,0.0482177734375,0.15185546875
2920,StutteringIsCool_29_32,0.1737060546875,0.06268310546875,0.0153656005859375,0.039947509765625,0.434326171875
2921,StrongVoices_5_31,0.37353515625,0.289794921875,0.057373046875,0.04681396484375,0.07208251953125
2922,WomenWhoStutter_87_133,0.126708984375,0.30859375,0.204345703125,0.2125244140625,0.1458740234375
2923,StutteringIsCool_1_11,0.0165863037109375,0.038177490234375,0.0106964111328125,0.047607421875,0.05108642578125
2924,MyStutteringLife_16_17,0.5458984375,0.1466064453125,0.02655029296875,0.046722412109375,0.0889892578125
2925,StutterTalk_49_20,0.1260986328125,0.1541748046875,0.18798828125,0.12451171875,0.0239105224609375
2926,StutterTalk_37_50,0.10723876953125,0.134033203125,0.09722900390625,0.32080078125,0.259521484375
2927,StutterTalk_25_135,0.071044921875,0.091552734375,0.0121917724609375,0.0391845703125,0.07476806640625
2928,WomenWhoStutter_86_30,0.060211181640625,0.1014404296875,0.0121917724609375,0.054901123046875,0.06524658203125
2929,StutterTalk_77_35,0.08978271484375,0.2000732421875,0.0310211181640625,0.05560302734375,0.2027587890625
2930,WomenWhoStutter_79_4,0.033782958984375,0.1695556640625,0.0782470703125,0.26953125,0.220458984375
2931,HeStutters_2_161,0.1485595703125,0.34228515625,0.58349609375,0.1693115234375,0.1317138671875
2932,StutteringIsCool_2_12,0.2069091796875,0.32958984375,0.294189453125,0.300537109375,0.5
2933,StutteringIsCool_80_4,0.06524658203125,0.1044921875,0.03802490234375,0.21533203125,0.16455078125
2934,HeStutters_10_9,0.06243896484375,0.06793212890625,0.0180206298828125,0.0186920166015625,0.422607421875
2935,StutterTalk_64_73,0.2225341796875,0.1822509765625,0.201171875,0.0254669189453125,0.044525146484375
2936,StrongVoices_7_12,0.30419921875,0.2054443359375,0.1927490234375,0.06829833984375,0.140869140625
2937,StrongVoices_7_14,0.1143798828125,0.1014404296875,0.0245208740234375,0.0413818359375,0.2274169921875
2938,StrongVoices_5_14,0.08538818359375,0.25732421875,0.0384521484375,0.04132080078125,0.045196533203125
2939,StrongVoices_5_2,0.061767578125,0.318115234375,0.1041259765625,0.033477783203125,0.357666015625
2940,StutteringIsCool_38_7,0.2059326171875,0.10894775390625,0.037200927734375,0.05108642578125,0.1414794921875
2941,StutterTalk_26_131,0.09136962890625,0.37353515625,0.2037353515625,0.063720703125,0.08868408203125
2942,StutteringIsCool_80_169,0.283447265625,0.11199951171875,0.0289306640625,0.0097808837890625,0.0213623046875
2943,StrongVoices_21_102,0.293212890625,0.08770751953125,0.030731201171875,0.03662109375,0.5126953125
2944,WomenWhoStutter_107_11,0.1461181640625,0.1971435546875,0.024932861328125,0.019378662109375,0.154296875
2945,StutterTalk_66_20,0.0234222412109375,0.06964111328125,0.0116424560546875,0.038909912109375,0.041473388671875
2946,WomenWhoStutter_97_147,0.06817626953125,0.2257080078125,0.033538818359375,0.09600830078125,0.11163330078125
2947,StutterTalk_18_5,0.206787109375,0.494384765625,0.3251953125,0.060760498046875,0.1346435546875
2948,StutterTalk_8_10,0.034881591796875,0.0782470703125,0.0384521484375,0.057373046875,0.095703125
2949,HeStutters_18_34,0.250244140625,0.1409912109375,0.04534912109375,0.097412109375,0.1395263671875
2950,StutterTalk_37_3,0.08648681640625,0.17431640625,0.07965087890625,0.1448974609375,0.1287841796875
2951,StutterTalk_80_12,0.06268310546875,0.1961669921875,0.045013427734375,0.0271148681640625,0.056640625
2952,StrongVoices_7_13,0.2401123046875,0.272216796875,0.102294921875,0.0802001953125,0.053802490234375
2953,StutterTalk_3_31,0.072265625,0.4423828125,0.42333984375,0.0704345703125,0.04913330078125
2954,StutteringIsCool_46_100,0.051361083984375,0.1358642578125,0.03662109375,0.0310821533203125,0.0416259765625
2955,StrongVoices_7_15,0.2301025390625,0.2020263671875,0.024658203125,0.0258026123046875,0.0810546875
2956,StutterTalk_63_140,0.248046875,0.1767578125,0.0304412841796875,0.038238525390625,0.73974609375
2957,HVSA_3_79,0.185546875,0.269287109375,0.3359375,0.061767578125,0.089599609375
2958,StutterTalk_9_5,0.12493896484375,0.1015625,0.031982421875,0.164794921875,0.9130859375
2959,StrongVoices_23_207,0.223388671875,0.333984375,0.11798095703125,0.01666259765625,0.033203125
2960,StutterTalk_25_53,0.0631103515625,0.1339111328125,0.05108642578125,0.2037353515625,0.18505859375
2961,StutteringIsCool_23_31,0.270751953125,0.2783203125,0.07708740234375,0.03955078125,0.203369140625
2962,StutterTalk_72_49,0.191162109375,0.3310546875,0.0638427734375,0.018768310546875,0.03131103515625
2963,WomenWhoStutter_49_29,0.41650390625,0.0975341796875,0.039276123046875,0.0305633544921875,0.1346435546875
2964,StrongVoices_23_66,0.06793212890625,0.3759765625,0.137451171875,0.0284423828125,0.045684814453125
2965,StutterTalk_13_17,0.0567626953125,0.368896484375,0.442626953125,0.401123046875,0.1505126953125
2966,StrongVoices_6_14,0.422119140625,0.1822509765625,0.0321044921875,0.05560302734375,0.0953369140625
2967,HeStutters_18_55,0.0723876953125,0.2587890625,0.1844482421875,0.29248046875,0.0809326171875
2968,StrongVoices_23_246,0.429931640625,0.10052490234375,0.029815673828125,0.09552001953125,0.41650390625
2969,StutterTalk_64_122,0.1434326171875,0.216064453125,0.1124267578125,0.13037109375,0.38330078125
2970,StrongVoices_26_36,0.359130859375,0.2197265625,0.051361083984375,0.0209197998046875,0.029754638671875
2971,WomenWhoStutter_46_2,0.045196533203125,0.150146484375,0.058013916015625,0.053314208984375,0.1171875
2972,WomenWhoStutter_29_29,0.06671142578125,0.1829833984375,0.3603515625,0.228271484375,0.1163330078125
2973,StrongVoices_6_170,0.16943359375,0.1190185546875,0.01214599609375,0.033905029296875,0.1368408203125
2974,WomenWhoStutter_35_11,0.375244140625,0.1644287109375,0.0699462890625,0.020965576171875,0.472900390625
2975,IStutterSoWhat_3_149,0.08526611328125,0.1788330078125,0.09027099609375,0.251708984375,0.64892578125
2976,StutteringIsCool_79_29,0.08831787109375,0.3876953125,0.1605224609375,0.05450439453125,0.0810546875
2977,StrongVoices_21_116,0.0260009765625,0.11859130859375,0.021453857421875,0.035064697265625,0.05194091796875
2978,MyStutteringLife_38_11,0.062103271484375,0.202392578125,0.162353515625,0.259033203125,0.533203125
2979,StrongVoices_21_33,0.254638671875,0.1279296875,0.064208984375,0.1781005859375,0.1650390625
2980,WomenWhoStutter_26_12,0.022247314453125,0.1070556640625,0.045867919921875,0.1546630859375,0.0836181640625
2981,StutterTalk_37_130,0.30615234375,0.1500244140625,0.06512451171875,0.158447265625,0.40966796875
2982,StutteringIsCool_38_21,0.1937255859375,0.4326171875,0.398193359375,0.046112060546875,0.0728759765625
2983,StrongVoices_1_19,0.0535888671875,0.07318115234375,0.01483917236328125,0.030792236328125,0.53369140625
2984,WomenWhoStutter_8_19,0.1954345703125,0.409423828125,0.1942138671875,0.0182952880859375,0.0217437744140625
2985,HeStutters_17_4,0.138427734375,0.17822265625,0.03643798828125,0.063232421875,0.9287109375
2986,HVSA_3_15,0.044342041015625,0.15478515625,0.09185791015625,0.1361083984375,0.5703125
2987,HVSA_2_67,0.03424072265625,0.1748046875,0.206298828125,0.203125,0.08660888671875
2988,StutterTalk_1_19,0.1654052734375,0.1363525390625,0.0217437744140625,0.029541015625,0.049591064453125
2989,StutteringIsCool_23_13,0.12335205078125,0.1763916015625,0.1265869140625,0.023284912109375,0.0869140625
2990,StutterTalk_64_39,0.141845703125,0.07666015625,0.1666259765625,0.10247802734375,0.08880615234375
2991,HeStutters_11_169,0.1849365234375,0.1302490234375,0.08447265625,0.1729736328125,0.93212890625
2992,WomenWhoStutter_97_67,0.052520751953125,0.264892578125,0.0831298828125,0.1544189453125,0.089599609375
2993,StrongVoices_23_70,0.1837158203125,0.365478515625,0.1351318359375,0.0225067138671875,0.04638671875
2994,HVSA_1_22,0.040374755859375,0.13671875,0.1934814453125,0.1951904296875,0.1453857421875
2995,StrongVoices_10_127,0.036224365234375,0.1751708984375,0.0391845703125,0.055206298828125,0.07879638671875
2996,StutteringIsCool_17_13,0.01262664794921875,0.06610107421875,0.01009368896484375,0.010528564453125,0.0199127197265625
2997,StutterTalk_12_11,0.28173828125,0.06817626953125,0.0224609375,0.01348114013671875,0.036712646484375
2998,StutteringIsCool_34_164,0.109130859375,0.277587890625,0.09808349609375,0.08343505859375,0.7353515625
2999,StutteringIsCool_23_15,0.307373046875,0.1280517578125,0.0196075439453125,0.0202484130859375,0.1658935546875
3000,StutterTalk_22_27,0.036224365234375,0.13916015625,0.10504150390625,0.292724609375,0.090576171875
3001,HeStutters_2_58,0.10760498046875,0.34619140625,0.10321044921875,0.159912109375,0.1751708984375
3002,IStutterSoWhat_3_14,0.059661865234375,0.219970703125,0.2314453125,0.421630859375,0.35888671875
3003,StutteringIsCool_70_29,0.0850830078125,0.10992431640625,0.01812744140625,0.0118255615234375,0.0232391357421875
3004,StrongVoices_33_3,0.05023193359375,0.1431884765625,0.012969970703125,0.037811279296875,0.07720947265625
3005,StutterTalk_22_35,0.09552001953125,0.2481689453125,0.54833984375,0.07080078125,0.03839111328125
3006,HeStutters_5_64,0.1624755859375,0.40087890625,0.36572265625,0.18359375,0.125732421875
3007,StutterTalk_8_44,0.023773193359375,0.09912109375,0.038970947265625,0.059661865234375,0.1602783203125
3008,StrongVoices_23_175,0.279541015625,0.333740234375,0.12188720703125,0.018768310546875,0.285400390625
3009,WomenWhoStutter_10_42,0.0222930908203125,0.1689453125,0.055816650390625,0.03155517578125,0.0224151611328125
3010,HeStutters_2_167,0.1153564453125,0.141357421875,0.056121826171875,0.23193359375,0.95361328125
3011,MyStutteringLife_25_37,0.153076171875,0.0953369140625,0.0115509033203125,0.0232391357421875,0.08648681640625
3012,HVSA_1_109,0.08990478515625,0.137451171875,0.0535888671875,0.132568359375,0.76318359375
3013,StutteringIsCool_43_29,0.270751953125,0.17333984375,0.107421875,0.022674560546875,0.01554107666015625
3014,MyStutteringLife_16_11,0.06451416015625,0.2626953125,0.1424560546875,0.0872802734375,0.07183837890625
3015,StrongVoices_21_10,0.160400390625,0.07171630859375,0.0185089111328125,0.12646484375,0.2020263671875
3016,HeStutters_12_10,0.2088623046875,0.143798828125,0.0604248046875,0.07708740234375,0.82421875
3017,WomenWhoStutter_42_143,0.07763671875,0.1495361328125,0.0202178955078125,0.01029205322265625,0.1209716796875
3018,StutterTalk_37_38,0.267578125,0.06439208984375,0.03302001953125,0.172607421875,0.60986328125
3019,StrongVoices_11_36,0.141845703125,0.280029296875,0.191650390625,0.2095947265625,0.05633544921875
3020,StutteringIsCool_80_198,0.0635986328125,0.1007080078125,0.05340576171875,0.25927734375,0.266845703125
3021,HVSA_1_88,0.1693115234375,0.247802734375,0.389404296875,0.0255584716796875,0.06097412109375
3022,WomenWhoStutter_29_24,0.168212890625,0.1292724609375,0.031494140625,0.0258636474609375,0.1448974609375
3023,StutteringIsCool_38_27,0.045684814453125,0.1524658203125,0.14501953125,0.244384765625,0.051849365234375
3024,StutteringIsCool_33_30,0.09893798828125,0.259765625,0.251953125,0.2042236328125,0.4443359375
3025,IStutterSoWhat_3_134,0.03985595703125,0.130126953125,0.033477783203125,0.059326171875,0.06829833984375
3026,StutterTalk_1_37,0.0838623046875,0.12841796875,0.059326171875,0.1761474609375,0.160400390625
3027,StutteringIsCool_1_5,0.01483917236328125,0.0982666015625,0.029541015625,0.04779052734375,0.0411376953125
3028,WomenWhoStutter_62_75,0.304443359375,0.2430419921875,0.11029052734375,0.09857177734375,0.217529296875
3029,WomenWhoStutter_2_2,0.093017578125,0.2255859375,0.2335205078125,0.33203125,0.75732421875
3030,StutterTalk_64_192,0.2144775390625,0.1077880859375,0.036285400390625,0.08929443359375,0.87890625
3031,StutteringIsCool_84_39,0.0330810546875,0.1187744140625,0.04052734375,0.01483917236328125,0.0231475830078125
3032,WomenWhoStutter_2_76,0.12115478515625,0.1474609375,0.059112548828125,0.2470703125,0.193359375
3033,StrongVoices_0_19,0.08587646484375,0.1697998046875,0.050323486328125,0.038330078125,0.12042236328125
3034,StutterTalk_15_26,0.08526611328125,0.12103271484375,0.03839111328125,0.23388671875,0.196533203125
3035,StutterTalk_37_114,0.07330322265625,0.10107421875,0.07305908203125,0.264892578125,0.458984375
3036,StutterTalk_4_9,0.056243896484375,0.1240234375,0.029876708984375,0.08123779296875,0.049957275390625
3037,StutterTalk_26_188,0.177978515625,0.10394287109375,0.014007568359375,0.026153564453125,0.29931640625
3038,StrongVoices_24_16,0.155029296875,0.18701171875,0.0280609130859375,0.0185394287109375,0.06646728515625
3039,StutterTalk_10_36,0.043853759765625,0.323486328125,0.08758544921875,0.08154296875,0.1446533203125
3040,HeStutters_5_79,0.128173828125,0.2015380859375,0.053802490234375,0.128662109375,0.045440673828125
3041,StutteringIsCool_28_4,0.049774169921875,0.119384765625,0.032470703125,0.008514404296875,0.0104522705078125
3042,WomenWhoStutter_105_14,0.06097412109375,0.1048583984375,0.0161590576171875,0.00800323486328125,0.0258636474609375
3043,WomenWhoStutter_97_96,0.150146484375,0.1796875,0.07476806640625,0.1439208984375,0.055816650390625
3044,StutterTalk_18_31,0.026458740234375,0.21240234375,0.07366943359375,0.03448486328125,0.0999755859375
3045,StutterTalk_63_159,0.2352294921875,0.11676025390625,0.037689208984375,0.017303466796875,0.0309600830078125
3046,StutterTalk_8_1,0.10614013671875,0.06549072265625,0.02069091796875,0.0316162109375,0.239013671875
3047,StutteringIsCool_47_12,0.048492431640625,0.1724853515625,0.0755615234375,0.1573486328125,0.04986572265625
3048,StutterTalk_26_80,0.058135986328125,0.1571044921875,0.0238189697265625,0.07080078125,0.08538818359375
3049,WomenWhoStutter_10_168,0.158203125,0.11260986328125,0.04345703125,0.0276947021484375,0.051849365234375
3050,WomenWhoStutter_8_12,0.28759765625,0.332763671875,0.429931640625,0.040374755859375,0.05059814453125
3051,HeStutters_3_31,0.02069091796875,0.23583984375,0.034820556640625,0.08062744140625,0.154296875
3052,StutterTalk_12_30,0.428955078125,0.11260986328125,0.12066650390625,0.1121826171875,0.1007080078125
3053,StrongVoices_19_21,0.0582275390625,0.10968017578125,0.0439453125,0.018829345703125,0.0699462890625
3054,StrongVoices_10_32,0.275634765625,0.277587890625,0.0496826171875,0.012237548828125,0.189697265625
3055,WomenWhoStutter_96_166,0.12445068359375,0.431396484375,0.306396484375,0.1917724609375,0.09967041015625
3056,StutteringIsCool_61_34,0.2386474609375,0.278564453125,0.1417236328125,0.03985595703125,0.4013671875
3057,WomenWhoStutter_2_81,0.1727294921875,0.428955078125,0.1849365234375,0.06695556640625,0.0885009765625
3058,StutterTalk_72_84,0.03948974609375,0.255615234375,0.038818359375,0.05718994140625,0.13818359375
3059,StrongVoices_18_15,0.07305908203125,0.198974609375,0.0200653076171875,0.024383544921875,0.0970458984375
3060,WomenWhoStutter_30_60,0.06719970703125,0.2208251953125,0.10302734375,0.01214599609375,0.037261962890625
3061,WomenWhoStutter_21_204,0.017242431640625,0.08660888671875,0.0260009765625,0.01812744140625,0.0254669189453125
3062,StutteringIsCool_29_27,0.2587890625,0.057586669921875,0.0224609375,0.04168701171875,0.1748046875
3063,StrongVoices_7_35,0.163330078125,0.35693359375,0.0726318359375,0.02880859375,0.06231689453125
3064,WomenWhoStutter_62_215,0.03533935546875,0.265869140625,0.1873779296875,0.15966796875,0.0809326171875
3065,StutterTalk_37_9,0.04913330078125,0.169921875,0.258056640625,0.13818359375,0.043609619140625
3066,StutterTalk_63_113,0.116943359375,0.26513671875,0.255615234375,0.607421875,0.361083984375
3067,WomenWhoStutter_96_176,0.05718994140625,0.114990234375,0.0169830322265625,0.08709716796875,0.06610107421875
3068,StutterTalk_37_34,0.27001953125,0.14111328125,0.07159423828125,0.0999755859375,0.325927734375
3069,StutteringIsCool_75_14,0.0751953125,0.137939453125,0.083740234375,0.353759765625,0.85498046875
3070,StutteringIsCool_46_28,0.0272216796875,0.264404296875,0.310791015625,0.1357421875,0.054595947265625
3071,HVSA_1_59,0.138427734375,0.284912109375,0.1163330078125,0.0153045654296875,0.11029052734375
3072,StrongVoices_23_12,0.1473388671875,0.2073974609375,0.03271484375,0.017578125,0.035675048828125
3073,StutterTalk_76_13,0.0384521484375,0.280517578125,0.1807861328125,0.361328125,0.324951171875
3074,WomenWhoStutter_21_30,0.1300048828125,0.1500244140625,0.0635986328125,0.07183837890625,0.0235137939453125
3075,HVSA_3_201,0.0872802734375,0.18212890625,0.1163330078125,0.04486083984375,0.08929443359375
3076,HVSA_0_49,0.1790771484375,0.3115234375,0.161376953125,0.08538818359375,0.134521484375
3077,StutterTalk_77_9,0.1343994140625,0.26708984375,0.40625,0.12841796875,0.12841796875
3078,StutterTalk_64_160,0.355712890625,0.19189453125,0.16455078125,0.1903076171875,0.0740966796875
3079,MyStutteringLife_5_31,0.052337646484375,0.354736328125,0.08123779296875,0.0792236328125,0.11260986328125
3080,StutterTalk_64_8,0.275146484375,0.291748046875,0.0753173828125,0.1048583984375,0.137939453125
3081,StutterTalk_38_38,0.06903076171875,0.184326171875,0.183349609375,0.1890869140625,0.1614990234375
3082,StrongVoices_6_63,0.269775390625,0.25634765625,0.033538818359375,0.017578125,0.06304931640625
3083,StutterTalk_49_29,0.06549072265625,0.1837158203125,0.02276611328125,0.07464599609375,0.1578369140625
3084,StutterTalk_72_182,0.281982421875,0.11181640625,0.046630859375,0.2265625,0.336669921875
3085,StutteringIsCool_15_0,0.09857177734375,0.1448974609375,0.035736083984375,0.01507568359375,0.619140625
3086,WomenWhoStutter_62_182,0.305908203125,0.132080078125,0.0154876708984375,0.049224853515625,0.2349853515625
3087,HeStutters_11_199,0.18408203125,0.08154296875,0.025177001953125,0.1591796875,0.85986328125
3088,WomenWhoStutter_108_4,0.18115234375,0.499755859375,0.497314453125,0.08770751953125,0.07879638671875
3089,StutterTalk_64_103,0.04168701171875,0.097900390625,0.0125274658203125,0.05511474609375,0.1661376953125
3090,StrongVoices_21_135,0.156005859375,0.335693359375,0.227294921875,0.0640869140625,0.07977294921875
3091,StutterTalk_37_110,0.1461181640625,0.1202392578125,0.1673583984375,0.25634765625,0.64306640625
3092,StrongVoices_17_1,0.27734375,0.310302734375,0.0794677734375,0.01024627685546875,0.0284423828125
3093,WomenWhoStutter_42_220,0.1981201171875,0.366943359375,0.35986328125,0.1728515625,0.06890869140625
3094,WomenWhoStutter_21_78,0.06427001953125,0.09320068359375,0.01337432861328125,0.01129150390625,0.0345458984375
3095,HVSA_1_42,0.04913330078125,0.12359619140625,0.029541015625,0.01111602783203125,0.0233306884765625
3096,StutteringIsCool_1_29,0.39111328125,0.3525390625,0.1307373046875,0.072265625,0.2259521484375
3097,StutteringIsCool_33_26,0.3134765625,0.2098388671875,0.06939697265625,0.0121917724609375,0.20849609375
3098,StutterTalk_72_33,0.1756591796875,0.12548828125,0.012725830078125,0.0147857666015625,0.0384521484375
3099,HVSA_3_127,0.0843505859375,0.33740234375,0.375732421875,0.1658935546875,0.124755859375
3100,StutterTalk_63_15,0.1070556640625,0.135986328125,0.033599853515625,0.09173583984375,0.1788330078125
3101,StutterTalk_8_23,0.087890625,0.08831787109375,0.047088623046875,0.045684814453125,0.3779296875
3102,StutterTalk_7_27,0.578125,0.1280517578125,0.030914306640625,0.03216552734375,0.0792236328125
3103,StrongVoices_10_158,0.30859375,0.2286376953125,0.095703125,0.24560546875,0.491455078125
3104,MyStutteringLife_18_0,0.0203399658203125,0.1224365234375,0.059661865234375,0.10302734375,0.06866455078125
3105,WomenWhoStutter_96_56,0.048126220703125,0.2587890625,0.0615234375,0.056854248046875,0.1409912109375
3106,StutterTalk_63_64,0.039947509765625,0.347412109375,0.271484375,0.0251312255859375,0.042327880859375
3107,WomenWhoStutter_79_28,0.0869140625,0.440673828125,0.29296875,0.04248046875,0.075439453125
3108,WomenWhoStutter_2_126,0.037322998046875,0.11737060546875,0.027435302734375,0.07781982421875,0.0261077880859375
3109,WomenWhoStutter_97_162,0.2313232421875,0.328857421875,0.4306640625,0.431640625,0.4140625
3110,StrongVoices_22_35,0.09088134765625,0.1611328125,0.05975341796875,0.1514892578125,0.092529296875
3111,StutterTalk_8_129,0.033905029296875,0.11029052734375,0.037200927734375,0.058441162109375,0.0728759765625
3112,IStutterSoWhat_3_127,0.057373046875,0.258056640625,0.771484375,0.267333984375,0.06793212890625
3113,HVSA_2_174,0.06488037109375,0.198486328125,0.293701171875,0.21630859375,0.1239013671875
3114,StutterTalk_77_10,0.10357666015625,0.2293701171875,0.07318115234375,0.080810546875,0.81494140625
3115,MyStutteringLife_25_25,0.403564453125,0.208984375,0.06866455078125,0.055419921875,0.048583984375
3116,WomenWhoStutter_76_9,0.263671875,0.275146484375,0.2142333984375,0.11279296875,0.09271240234375
3117,StrongVoices_8_12,0.2430419921875,0.2371826171875,0.0574951171875,0.0200958251953125,0.041534423828125
3118,StrongVoices_6_105,0.424072265625,0.1480712890625,0.021697998046875,0.0263519287109375,0.06964111328125
3119,HVSA_2_101,0.057708740234375,0.1910400390625,0.1414794921875,0.250244140625,0.07666015625
3120,HeStutters_16_26,0.361083984375,0.1517333984375,0.139892578125,0.2529296875,0.849609375
3121,HeStutters_5_159,0.115966796875,0.406005859375,0.196044921875,0.29931640625,0.2093505859375
3122,HeStutters_12_89,0.05072021484375,0.2054443359375,0.06610107421875,0.05108642578125,0.10394287109375
3123,StrongVoices_6_177,0.271484375,0.256591796875,0.049591064453125,0.05499267578125,0.045257568359375
3124,HVSA_3_144,0.130859375,0.131591796875,0.061187744140625,0.034759521484375,0.08465576171875
3125,HeStutters_16_99,0.408203125,0.1885986328125,0.057373046875,0.0706787109375,0.1387939453125
3126,StutterTalk_64_145,0.2235107421875,0.1531982421875,0.0279083251953125,0.062225341796875,0.5927734375
3127,StutterTalk_26_175,0.0531005859375,0.1014404296875,0.0369873046875,0.12420654296875,0.058990478515625
3128,HVSA_2_27,0.05419921875,0.32568359375,0.432861328125,0.06243896484375,0.061431884765625
3129,WomenWhoStutter_96_8,0.1807861328125,0.315185546875,0.039794921875,0.05987548828125,0.3818359375
3130,StutterTalk_37_122,0.167724609375,0.06756591796875,0.0154266357421875,0.120849609375,0.80859375
3131,WomenWhoStutter_62_169,0.371337890625,0.2230224609375,0.0943603515625,0.06915283203125,0.1953125
3132,StutterTalk_37_95,0.02947998046875,0.0723876953125,0.039276123046875,0.1910400390625,0.05975341796875
3133,WomenWhoStutter_2_100,0.1541748046875,0.38330078125,0.1973876953125,0.1651611328125,0.1636962890625
3134,WomenWhoStutter_42_113,0.485595703125,0.04595947265625,0.0242767333984375,0.01953125,0.10504150390625
3135,StrongVoices_2_0,0.21533203125,0.31005859375,0.061431884765625,0.1392822265625,0.52734375
3136,StutterTalk_37_25,0.252685546875,0.1041259765625,0.063720703125,0.331298828125,0.8974609375
3137,WomenWhoStutter_97_84,0.048583984375,0.30078125,0.2310791015625,0.389892578125,0.269287109375
3138,StutterTalk_0_2,0.289794921875,0.333251953125,0.359130859375,0.2861328125,0.300537109375
3139,StrongVoices_17_31,0.6064453125,0.16650390625,0.09075927734375,0.047149658203125,0.2379150390625
3140,StutterTalk_62_35,0.278564453125,0.09893798828125,0.0279541015625,0.11083984375,0.9150390625
3141,WomenWhoStutter_49_32,0.1260986328125,0.4697265625,0.39404296875,0.217041015625,0.67333984375
3142,StutteringIsCool_65_36,0.0305633544921875,0.0850830078125,0.0360107421875,0.021453857421875,0.0316162109375
3143,StutteringIsCool_84_6,0.03265380859375,0.0728759765625,0.017852783203125,0.0127716064453125,0.02191162109375
3144,StutterTalk_15_6,0.255859375,0.360107421875,0.126953125,0.033538818359375,0.050323486328125
3145,WomenWhoStutter_21_90,0.1844482421875,0.09686279296875,0.018096923828125,0.01406097412109375,0.0202484130859375
3146,StutterTalk_29_19,0.219482421875,0.2447509765625,0.06781005859375,0.027587890625,0.10821533203125
3147,StutterTalk_79_16,0.037322998046875,0.142578125,0.0271148681640625,0.03192138671875,0.044677734375
3148,StrongVoices_32_194,0.1619873046875,0.2109375,0.0193023681640625,0.02880859375,0.07861328125
3149,StutterTalk_26_82,0.09912109375,0.1898193359375,0.0184326171875,0.0135345458984375,0.03839111328125
3150,HeStutters_2_171,0.1153564453125,0.102294921875,0.0206451416015625,0.0850830078125,0.203125
3151,HeStutters_3_9,0.17431640625,0.2325439453125,0.146728515625,0.345703125,0.139404296875
3152,HVSA_2_62,0.05706787109375,0.1566162109375,0.0880126953125,0.293212890625,0.07965087890625
3153,StrongVoices_26_24,0.2298583984375,0.06793212890625,0.01238250732421875,0.0255584716796875,0.494384765625
3154,StutterTalk_37_186,0.08404541015625,0.09283447265625,0.036224365234375,0.1402587890625,0.24560546875
3155,StutteringIsCool_45_28,0.181640625,0.204833984375,0.11517333984375,0.0153656005859375,0.290771484375
3156,HVSA_2_51,0.08343505859375,0.1339111328125,0.2347412109375,0.1905517578125,0.057373046875
3157,StutterTalk_37_18,0.4599609375,0.12939453125,0.09124755859375,0.2098388671875,0.147216796875
3158,WomenWhoStutter_96_102,0.05865478515625,0.2020263671875,0.0953369140625,0.08050537109375,0.04052734375
3159,StutterTalk_22_16,0.054290771484375,0.280029296875,0.11297607421875,0.03289794921875,0.07159423828125
3160,StutterTalk_16_23,0.1949462890625,0.277587890625,0.194580078125,0.2005615234375,0.73486328125
3161,StutteringIsCool_80_106,0.0953369140625,0.123779296875,0.05780029296875,0.253173828125,0.100341796875
3162,StrongVoices_23_36,0.388427734375,0.251708984375,0.11065673828125,0.047149658203125,0.12103271484375
3163,WomenWhoStutter_64_8,0.0948486328125,0.2081298828125,0.142578125,0.09173583984375,0.0537109375
3164,StutterTalk_22_39,0.018157958984375,0.1351318359375,0.060302734375,0.1181640625,0.0740966796875
3165,WomenWhoStutter_27_1,0.178466796875,0.14306640625,0.011871337890625,0.0209197998046875,0.05706787109375
3166,StutterTalk_26_59,0.056549072265625,0.1165771484375,0.00989532470703125,0.07574462890625,0.21044921875
3167,StutteringIsCool_49_31,0.60205078125,0.1014404296875,0.033721923828125,0.0938720703125,0.297607421875
3168,StutteringIsCool_75_35,0.8076171875,0.09075927734375,0.09600830078125,0.06549072265625,0.1954345703125
3169,HVSA_2_176,0.06085205078125,0.1610107421875,0.105224609375,0.1998291015625,0.11260986328125
3170,StrongVoices_22_3,0.1636962890625,0.11553955078125,0.04620361328125,0.07080078125,0.042816162109375
3171,StrongVoices_12_20,0.119384765625,0.0794677734375,0.023101806640625,0.0214080810546875,0.0180511474609375
3172,StrongVoices_23_173,0.1495361328125,0.36767578125,0.0816650390625,0.018798828125,0.05126953125
3173,WomenWhoStutter_79_7,0.0245208740234375,0.089599609375,0.01229095458984375,0.0230712890625,0.023651123046875
3174,MyStutteringLife_19_5,0.392822265625,0.11065673828125,0.021820068359375,0.00891876220703125,0.10302734375
3175,StrongVoices_29_35,0.2802734375,0.16748046875,0.0251312255859375,0.044189453125,0.197021484375
3176,StutteringIsCool_62_16,0.0792236328125,0.2093505859375,0.04400634765625,0.036224365234375,0.269775390625
3177,WomenWhoStutter_43_12,0.0604248046875,0.2269287109375,0.04534912109375,0.0118255615234375,0.0306243896484375
3178,MyStutteringLife_0_37,0.07135009765625,0.30712890625,0.11181640625,0.045196533203125,0.06622314453125
3179,WomenWhoStutter_81_93,0.1153564453125,0.21337890625,0.0635986328125,0.07977294921875,0.81689453125
3180,WomenWhoStutter_2_188,0.100341796875,0.19580078125,0.1900634765625,0.06671142578125,0.37841796875
3181,HeStutters_18_46,0.039703369140625,0.316162109375,0.21484375,0.220458984375,0.1697998046875
3182,StrongVoices_1_37,0.349609375,0.1728515625,0.140869140625,0.1827392578125,0.09967041015625
3183,StutterTalk_63_172,0.06561279296875,0.302734375,0.03253173828125,0.06097412109375,0.35546875
3184,StutterTalk_38_15,0.274658203125,0.1357421875,0.0469970703125,0.0970458984375,0.9580078125
3185,WomenWhoStutter_42_109,0.029541015625,0.0706787109375,0.01036834716796875,0.0260009765625,0.0164642333984375
3186,StutterTalk_64_43,0.192138671875,0.085693359375,0.01267242431640625,0.07122802734375,0.478759765625
3187,WomenWhoStutter_86_140,0.1396484375,0.28369140625,0.226318359375,0.371826171875,0.164306640625
3188,IStutterSoWhat_0_97,0.060516357421875,0.316650390625,0.06622314453125,0.03228759765625,0.13330078125
3189,StutterTalk_25_40,0.1600341796875,0.138427734375,0.018798828125,0.0160980224609375,0.04083251953125
3190,StutteringIsCool_73_6,0.07666015625,0.090576171875,0.00930023193359375,0.019866943359375,0.10467529296875
3191,StutteringIsCool_38_16,0.06231689453125,0.141357421875,0.1175537109375,0.258056640625,0.86328125
3192,StrongVoices_2_27,0.16845703125,0.4541015625,0.2325439453125,0.0352783203125,0.095703125
3193,StrongVoices_23_249,0.1571044921875,0.367919921875,0.2176513671875,0.03131103515625,0.037200927734375
3194,StutteringIsCool_33_27,0.1988525390625,0.0843505859375,0.015838623046875,0.03204345703125,0.67333984375
3195,StutterTalk_37_171,0.15478515625,0.1954345703125,0.29638671875,0.3125,0.340576171875
3196,WomenWhoStutter_22_34,0.058349609375,0.1444091796875,0.14111328125,0.0953369140625,0.09930419921875
3197,StutteringIsCool_80_125,0.2322998046875,0.1781005859375,0.08447265625,0.11737060546875,0.7890625
3198,StutterTalk_72_148,0.0316162109375,0.2237548828125,0.03582763671875,0.10015869140625,0.1019287109375
3199,WomenWhoStutter_30_87,0.265380859375,0.31005859375,0.307373046875,0.2783203125,0.2039794921875
3200,StrongVoices_6_39,0.426025390625,0.23193359375,0.0282135009765625,0.012481689453125,0.1298828125
3201,WomenWhoStutter_2_71,0.11517333984375,0.455322265625,0.400634765625,0.04534912109375,0.039642333984375
3202,StutterTalk_53_30,0.1651611328125,0.423095703125,0.413818359375,0.15283203125,0.2215576171875
3203,WomenWhoStutter_48_12,0.040008544921875,0.049224853515625,0.0059814453125,0.01111602783203125,0.025909423828125
3204,StrongVoices_21_22,0.17529296875,0.299072265625,0.23388671875,0.159423828125,0.097900390625
3205,StutteringIsCool_65_27,0.18212890625,0.09075927734375,0.11065673828125,0.047943115234375,0.054412841796875
3206,StutterTalk_49_15,0.2239990234375,0.10430908203125,0.027008056640625,0.0214080810546875,0.021331787109375
3207,WomenWhoStutter_33_34,0.470458984375,0.1455078125,0.050323486328125,0.0187225341796875,0.058563232421875
3208,WomenWhoStutter_2_82,0.06805419921875,0.27197265625,0.1702880859375,0.1298828125,0.08709716796875
3209,StutteringIsCool_64_12,0.367431640625,0.1890869140625,0.0439453125,0.0293121337890625,0.1805419921875
3210,WomenWhoStutter_76_34,0.093994140625,0.1094970703125,0.0191192626953125,0.08740234375,0.91259765625
3211,HeStutters_2_0,0.0322265625,0.143798828125,0.034820556640625,0.01490020751953125,0.024383544921875
3212,StutterTalk_10_28,0.131103515625,0.19189453125,0.02801513671875,0.011688232421875,0.008544921875
3213,StrongVoices_29_17,0.235107421875,0.0869140625,0.0121002197265625,0.01238250732421875,0.082275390625
3214,HVSA_1_77,0.1544189453125,0.236328125,0.058441162109375,0.020416259765625,0.51025390625
3215,StrongVoices_18_10,0.136962890625,0.10467529296875,0.01560211181640625,0.013275146484375,0.027740478515625
3216,StutterTalk_76_7,0.264892578125,0.1619873046875,0.063232421875,0.135498046875,0.92333984375
3217,WomenWhoStutter_62_188,0.06292724609375,0.1412353515625,0.0287628173828125,0.0552978515625,0.0723876953125
3218,StutteringIsCool_65_34,0.1695556640625,0.140625,0.13232421875,0.033966064453125,0.0792236328125
3219,StutteringIsCool_73_21,0.10321044921875,0.0640869140625,0.0180511474609375,0.03253173828125,0.0394287109375
3220,StutterTalk_76_28,0.048492431640625,0.2117919921875,0.165283203125,0.0855712890625,0.0638427734375
3221,StrongVoices_32_103,0.442138671875,0.253173828125,0.15380859375,0.154052734375,0.0635986328125
3222,WomenWhoStutter_62_14,0.0259552001953125,0.1646728515625,0.1572265625,0.336669921875,0.16357421875
3223,WomenWhoStutter_2_42,0.061767578125,0.11083984375,0.0303802490234375,0.0153656005859375,0.2354736328125
3224,WomenWhoStutter_62_178,0.09271240234375,0.06805419921875,0.017578125,0.058563232421875,0.09185791015625
3225,WomenWhoStutter_2_209,0.171875,0.292236328125,0.1558837890625,0.14453125,0.1739501953125
3226,IStutterSoWhat_0_109,0.244873046875,0.10125732421875,0.024383544921875,0.03436279296875,0.056640625
3227,StutterTalk_8_108,0.034820556640625,0.160888671875,0.09088134765625,0.058135986328125,0.161376953125
3228,StutterTalk_76_15,0.267578125,0.46923828125,0.256591796875,0.242919921875,0.272705078125
3229,StrongVoices_23_77,0.414306640625,0.1431884765625,0.030670166015625,0.0285491943359375,0.06512451171875
3230,StrongVoices_5_8,0.2015380859375,0.298095703125,0.048126220703125,0.020172119140625,0.06732177734375
3231,StutteringIsCool_47_16,0.240234375,0.1876220703125,0.053192138671875,0.15234375,0.7783203125
3232,StrongVoices_14_17,0.07354736328125,0.06890869140625,0.00847625732421875,0.0265045166015625,0.1788330078125
3233,IStutterSoWhat_0_90,0.153076171875,0.283203125,0.159423828125,0.058349609375,0.4482421875
3234,StrongVoices_21_39,0.2010498046875,0.1953125,0.0460205078125,0.01934814453125,0.1820068359375
3235,StutteringIsCool_80_115,0.1903076171875,0.2073974609375,0.193359375,0.12188720703125,0.08404541015625
3236,WomenWhoStutter_89_24,0.09222412109375,0.2166748046875,0.046630859375,0.035003662109375,0.257568359375
3237,StrongVoices_32_165,0.83203125,0.1275634765625,0.10723876953125,0.055938720703125,0.1083984375
3238,StrongVoices_28_28,0.253662109375,0.044281005859375,0.0316162109375,0.08587646484375,0.54931640625
3239,WomenWhoStutter_30_17,0.1776123046875,0.126953125,0.0360107421875,0.03582763671875,0.029541015625
3240,IStutterSoWhat_3_123,0.35009765625,0.341064453125,0.2509765625,0.3154296875,0.406494140625
3241,StrongVoices_4_32,0.0360107421875,0.286376953125,0.082275390625,0.05572509765625,0.1514892578125
3242,StutteringIsCool_75_3,0.11676025390625,0.1302490234375,0.026702880859375,0.1551513671875,0.2347412109375
3243,WomenWhoStutter_52_32,0.0521240234375,0.06658935546875,0.0092315673828125,0.0292510986328125,0.024993896484375
3244,StutterTalk_64_58,0.143310546875,0.10357666015625,0.025909423828125,0.1390380859375,0.955078125
3245,StutterTalk_63_170,0.05108642578125,0.1807861328125,0.0567626953125,0.34228515625,0.1651611328125
3246,StutterTalk_10_10,0.06768798828125,0.059326171875,0.0179901123046875,0.050048828125,0.021240234375
3247,HeStutters_11_100,0.224853515625,0.1900634765625,0.085693359375,0.033843994140625,0.040252685546875
3248,WomenWhoStutter_68_17,0.138916015625,0.09600830078125,0.01073455810546875,0.0802001953125,0.1217041015625
3249,HeStutters_2_149,0.0631103515625,0.1610107421875,0.0241851806640625,0.1134033203125,0.052825927734375
3250,HVSA_0_65,0.0794677734375,0.09173583984375,0.01090240478515625,0.05242919921875,0.10211181640625
3251,MyStutteringLife_16_37,0.06304931640625,0.34716796875,0.187744140625,0.0341796875,0.0313720703125
3252,WomenWhoStutter_108_24,0.11456298828125,0.318115234375,0.1890869140625,0.2427978515625,0.176513671875
3253,StutterTalk_13_20,0.040924072265625,0.08050537109375,0.035675048828125,0.197265625,0.07696533203125
3254,WomenWhoStutter_90_29,0.31494140625,0.271240234375,0.240478515625,0.1588134765625,0.04779052734375
3255,WomenWhoStutter_46_8,0.0604248046875,0.382080078125,0.449951171875,0.2037353515625,0.305908203125
3256,StrongVoices_23_126,0.24658203125,0.258056640625,0.11395263671875,0.009124755859375,0.047332763671875
3257,StutteringIsCool_14_2,0.0869140625,0.1278076171875,0.11798095703125,0.048583984375,0.07080078125
3258,HeStutters_11_200,0.155517578125,0.1976318359375,0.03131103515625,0.045257568359375,0.35302734375
3259,IStutterSoWhat_3_72,0.73193359375,0.291259765625,0.46484375,0.1693115234375,0.1766357421875
3260,StrongVoices_23_167,0.224365234375,0.15478515625,0.020965576171875,0.0180511474609375,0.2384033203125
3261,WomenWhoStutter_22_24,0.16064453125,0.314697265625,0.16650390625,0.309814453125,0.283203125
3262,StrongVoices_17_34,0.2198486328125,0.176513671875,0.05633544921875,0.06646728515625,0.053314208984375
3263,HeStutters_16_128,0.328369140625,0.10650634765625,0.0305023193359375,0.09912109375,0.09039306640625
3264,StrongVoices_10_16,0.0279541015625,0.28076171875,0.046905517578125,0.048583984375,0.129150390625
3265,StrongVoices_8_13,0.13671875,0.177978515625,0.07684326171875,0.047149658203125,0.2265625
3266,WomenWhoStutter_29_3,0.10760498046875,0.1240234375,0.0310211181640625,0.06549072265625,0.040252685546875
3267,StrongVoices_34_27,0.329345703125,0.296142578125,0.249267578125,0.26904296875,0.19873046875
3268,WomenWhoStutter_48_25,0.049591064453125,0.2271728515625,0.035064697265625,0.0236053466796875,0.036895751953125
3269,StutteringIsCool_34_139,0.54248046875,0.2005615234375,0.1199951171875,0.047943115234375,0.059326171875
3270,WomenWhoStutter_30_64,0.0975341796875,0.2349853515625,0.100341796875,0.07342529296875,0.06781005859375
3271,StrongVoices_6_190,0.11456298828125,0.2286376953125,0.06622314453125,0.046905517578125,0.050506591796875
3272,StutterTalk_1_30,0.056243896484375,0.1177978515625,0.03912353515625,0.2186279296875,0.230712890625
3273,StutterTalk_24_11,0.01085662841796875,0.14111328125,0.04986572265625,0.045684814453125,0.03131103515625
3274,StutterTalk_72_39,0.646484375,0.1446533203125,0.05340576171875,0.050811767578125,0.287841796875
3275,HeStutters_11_81,0.1134033203125,0.32470703125,0.1939697265625,0.337158203125,0.363037109375
3276,HVSA_2_175,0.0948486328125,0.09027099609375,0.0345458984375,0.1307373046875,0.1790771484375
3277,MyStutteringLife_22_11,0.264404296875,0.12200927734375,0.0384521484375,0.04486083984375,0.92236328125
3278,StutteringIsCool_64_8,0.144775390625,0.1798095703125,0.058135986328125,0.07781982421875,0.59423828125
3279,StrongVoices_12_38,0.134033203125,0.30517578125,0.07080078125,0.1201171875,0.06658935546875
3280,StrongVoices_12_11,0.15283203125,0.1114501953125,0.012725830078125,0.00731658935546875,0.020416259765625
3281,StrongVoices_29_39,0.169921875,0.13134765625,0.018157958984375,0.02685546875,0.07171630859375
3282,WomenWhoStutter_30_155,0.06512451171875,0.1868896484375,0.0867919921875,0.0136871337890625,0.0295867919921875
3283,HeStutters_5_44,0.06573486328125,0.1976318359375,0.1611328125,0.1533203125,0.05145263671875
3284,HVSA_3_40,0.11798095703125,0.359619140625,0.309326171875,0.226806640625,0.296142578125
3285,StrongVoices_10_167,0.07080078125,0.2000732421875,0.04534912109375,0.034698486328125,0.03790283203125
3286,StrongVoices_21_112,0.251708984375,0.2305908203125,0.0287017822265625,0.0552978515625,0.10357666015625
3287,StrongVoices_33_27,0.107421875,0.1534423828125,0.0330810546875,0.038604736328125,0.01450347900390625
3288,HeStutters_12_209,0.29443359375,0.09222412109375,0.0234222412109375,0.0115966796875,0.050811767578125
3289,StutterTalk_64_87,0.07183837890625,0.15869140625,0.06512451171875,0.06268310546875,0.6904296875
3290,StutteringIsCool_38_37,0.050048828125,0.2171630859375,0.080078125,0.1363525390625,0.407958984375
3291,WomenWhoStutter_2_14,0.1995849609375,0.294921875,0.0953369140625,0.0223236083984375,0.0117340087890625
3292,StrongVoices_28_20,0.595703125,0.269287109375,0.269775390625,0.097412109375,0.047515869140625
3293,StrongVoices_10_143,0.46044921875,0.138427734375,0.045013427734375,0.049774169921875,0.2054443359375
3294,StutteringIsCool_33_0,0.265380859375,0.1187744140625,0.053314208984375,0.0482177734375,0.273193359375
3295,StutterTalk_64_120,0.06463623046875,0.11126708984375,0.0233306884765625,0.04595947265625,0.318115234375
3296,StutteringIsCool_80_202,0.259521484375,0.11163330078125,0.058441162109375,0.263671875,0.791015625
3297,StutterTalk_63_61,0.057281494140625,0.173583984375,0.0257568359375,0.053192138671875,0.5400390625
3298,WomenWhoStutter_21_146,0.07275390625,0.0885009765625,0.00803375244140625,0.0261993408203125,0.68115234375
3299,StutterTalk_34_26,0.08447265625,0.116943359375,0.0103302001953125,0.05780029296875,0.89697265625
3300,WomenWhoStutter_30_163,0.033966064453125,0.169921875,0.0240478515625,0.017852783203125,0.06109619140625
3301,StutterTalk_8_111,0.186279296875,0.1417236328125,0.079345703125,0.20947265625,0.7080078125
3302,StutterTalk_26_196,0.05572509765625,0.2054443359375,0.14208984375,0.0258636474609375,0.00847625732421875
3303,StrongVoices_10_25,0.482421875,0.1883544921875,0.033660888671875,0.0119171142578125,0.06646728515625
3304,StutteringIsCool_70_18,0.16162109375,0.06475830078125,0.0171051025390625,0.0207672119140625,0.246337890625
3305,StrongVoices_28_39,0.49755859375,0.090576171875,0.056121826171875,0.10302734375,0.76123046875
3306,StutteringIsCool_34_150,0.467529296875,0.1422119140625,0.030853271484375,0.04132080078125,0.1317138671875
3307,StrongVoices_1_4,0.06085205078125,0.276123046875,0.1337890625,0.01953125,0.049224853515625
3308,HeStutters_11_13,0.029541015625,0.1453857421875,0.1279296875,0.28955078125,0.227783203125
3309,HVSA_2_124,0.2276611328125,0.1700439453125,0.091064453125,0.038970947265625,0.2646484375
3310,WomenWhoStutter_58_21,0.6162109375,0.1749267578125,0.07977294921875,0.0255126953125,0.5625
3311,StutteringIsCool_46_105,0.06658935546875,0.1964111328125,0.036285400390625,0.09332275390625,0.216064453125
3312,StutterTalk_37_16,0.06658935546875,0.08251953125,0.032470703125,0.07794189453125,0.076416015625
3313,WomenWhoStutter_30_29,0.242919921875,0.2349853515625,0.028656005859375,0.02001953125,0.281005859375
3314,WomenWhoStutter_58_24,0.05419921875,0.294677734375,0.422119140625,0.1829833984375,0.06536865234375
3315,StrongVoices_18_35,0.2322998046875,0.11297607421875,0.03521728515625,0.044525146484375,0.95654296875
3316,StutterTalk_26_86,0.029083251953125,0.216552734375,0.03582763671875,0.018341064453125,0.022247314453125
3317,StutterTalk_62_22,0.28173828125,0.09600830078125,0.0276336669921875,0.06536865234375,0.26708984375
3318,StutterTalk_64_108,0.0987548828125,0.2100830078125,0.1688232421875,0.013427734375,0.01433563232421875
3319,StrongVoices_21_58,0.1094970703125,0.234375,0.0274810791015625,0.01560211181640625,0.03839111328125
3320,WomenWhoStutter_21_182,0.1923828125,0.080078125,0.01262664794921875,0.0112457275390625,0.027008056640625
3321,WomenWhoStutter_87_165,0.2254638671875,0.3330078125,0.5458984375,0.1298828125,0.10211181640625
3322,StutteringIsCool_46_30,0.1395263671875,0.21484375,0.0192718505859375,0.0290374755859375,0.9208984375
3323,HeStutters_2_36,0.0318603515625,0.08197021484375,0.0222015380859375,0.0701904296875,0.038909912109375
3324,StutteringIsCool_62_19,0.079345703125,0.1326904296875,0.0174407958984375,0.058135986328125,0.1845703125
3325,HeStutters_0_11,0.0411376953125,0.06622314453125,0.01395416259765625,0.019683837890625,0.017578125
3326,StrongVoices_22_10,0.129150390625,0.05572509765625,0.024993896484375,0.042724609375,0.1279296875
3327,StrongVoices_0_32,0.034088134765625,0.2108154296875,0.040679931640625,0.013275146484375,0.062225341796875
3328,StutteringIsCool_49_33,0.46630859375,0.06866455078125,0.0173797607421875,0.03253173828125,0.892578125
3329,StutterTalk_59_22,0.0135345458984375,0.0850830078125,0.01751708984375,0.0301055908203125,0.0264129638671875
3330,StutterTalk_8_8,0.052337646484375,0.1942138671875,0.169189453125,0.0310821533203125,0.10650634765625
3331,StutterTalk_58_24,0.06951904296875,0.1942138671875,0.412353515625,0.44921875,0.51611328125
3332,HeStutters_16_169,0.134033203125,0.1585693359375,0.05389404296875,0.16748046875,0.197265625
3333,StutteringIsCool_61_14,0.12432861328125,0.2489013671875,0.275146484375,0.08740234375,0.08526611328125
3334,StutterTalk_16_29,0.054412841796875,0.429931640625,0.2347412109375,0.23681640625,0.235595703125
3335,WomenWhoStutter_86_77,0.224609375,0.1865234375,0.05340576171875,0.1737060546875,0.106689453125
3336,WomenWhoStutter_2_15,0.09368896484375,0.230712890625,0.021331787109375,0.01473236083984375,0.12249755859375
3337,StrongVoices_10_201,0.295654296875,0.127685546875,0.0201416015625,0.023956298828125,0.0182342529296875
3338,WomenWhoStutter_15_6,0.06683349609375,0.1658935546875,0.049407958984375,0.0252685546875,0.05987548828125
3339,StutteringIsCool_40_11,0.095703125,0.1343994140625,0.23583984375,0.155517578125,0.09234619140625
3340,HVSA_2_82,0.053192138671875,0.06671142578125,0.03759765625,0.36572265625,0.64892578125
3341,StrongVoices_6_209,0.2100830078125,0.36669921875,0.05450439453125,0.02801513671875,0.1761474609375
3342,StutteringIsCool_23_30,0.06475830078125,0.047515869140625,0.039276123046875,0.033782958984375,0.046539306640625
3343,StrongVoices_10_179,0.182373046875,0.302490234375,0.058013916015625,0.0192718505859375,0.10052490234375
3344,StrongVoices_23_124,0.12176513671875,0.3125,0.07318115234375,0.03839111328125,0.0894775390625
3345,StrongVoices_27_10,0.0751953125,0.299072265625,0.0276336669921875,0.033843994140625,0.045867919921875
3346,StutteringIsCool_80_176,0.169189453125,0.042083740234375,0.00394439697265625,0.014556884765625,0.125732421875
3347,StutteringIsCool_1_1,0.044342041015625,0.1949462890625,0.401611328125,0.2218017578125,0.12841796875
3348,StutteringIsCool_64_23,0.046630859375,0.302978515625,0.474853515625,0.5185546875,0.434814453125
3349,StutterTalk_64_28,0.188720703125,0.25390625,0.150390625,0.09222412109375,0.1756591796875
3350,WomenWhoStutter_25_11,0.2325439453125,0.1041259765625,0.01525115966796875,0.0156707763671875,0.137939453125
3351,StutteringIsCool_44_6,0.06805419921875,0.299072265625,0.033538818359375,0.020965576171875,0.0413818359375
3352,StrongVoices_11_26,0.226318359375,0.468505859375,0.366455078125,0.12200927734375,0.380126953125
3353,StutterTalk_64_61,0.058563232421875,0.07342529296875,0.020599365234375,0.1390380859375,0.156982421875
3354,WomenWhoStutter_10_115,0.055206298828125,0.11968994140625,0.0143890380859375,0.038909912109375,0.029083251953125
3355,WomenWhoStutter_107_12,0.144287109375,0.1900634765625,0.048492431640625,0.0169830322265625,0.021697998046875
3356,StutteringIsCool_37_21,0.285888671875,0.263916015625,0.1646728515625,0.061981201171875,0.382080078125
3357,HVSA_0_46,0.06903076171875,0.378173828125,0.1121826171875,0.0482177734375,0.08660888671875
3358,MyStutteringLife_0_14,0.10211181640625,0.08868408203125,0.01132965087890625,0.017181396484375,0.1646728515625
3359,MyStutteringLife_8_3,0.046478271484375,0.33349609375,0.1656494140625,0.0268096923828125,0.05242919921875
3360,StutteringIsCool_62_0,0.505859375,0.08587646484375,0.021453857421875,0.043121337890625,0.136962890625
3361,MyStutteringLife_39_14,0.2083740234375,0.07080078125,0.0141754150390625,0.044525146484375,0.11163330078125
3362,StutteringIsCool_81_25,0.022674560546875,0.040008544921875,0.02203369140625,0.05023193359375,0.042022705078125
3363,StutterTalk_64_104,0.0204925537109375,0.0411376953125,0.01332855224609375,0.0802001953125,0.1014404296875
3364,HVSA_1_114,0.0391845703125,0.289794921875,0.38525390625,0.03521728515625,0.0184326171875
3365,StrongVoices_33_25,0.2496337890625,0.24072265625,0.07904052734375,0.060638427734375,0.06646728515625
3366,StutteringIsCool_34_183,0.07501220703125,0.159912109375,0.06793212890625,0.1898193359375,0.14404296875
3367,StrongVoices_12_17,0.033843994140625,0.09417724609375,0.01282501220703125,0.01450347900390625,0.018768310546875
3368,WomenWhoStutter_2_30,0.07330322265625,0.26318359375,0.517578125,0.23681640625,0.048675537109375
3369,StutterTalk_7_8,0.23095703125,0.20849609375,0.030731201171875,0.059417724609375,0.10015869140625
3370,StrongVoices_4_25,0.06634521484375,0.1318359375,0.024383544921875,0.01473236083984375,0.02508544921875
3371,WomenWhoStutter_13_8,0.2342529296875,0.357666015625,0.061431884765625,0.03704833984375,0.423583984375
3372,WomenWhoStutter_8_29,0.235107421875,0.33544921875,0.1246337890625,0.0273284912109375,0.042572021484375
3373,StutteringIsCool_38_14,0.116943359375,0.42138671875,0.2073974609375,0.03521728515625,0.1171875
3374,HVSA_2_132,0.11279296875,0.1497802734375,0.051544189453125,0.07452392578125,0.1474609375
3375,StutteringIsCool_70_23,0.033966064453125,0.048126220703125,0.00891876220703125,0.0177764892578125,0.06646728515625
3376,StrongVoices_8_29,0.12335205078125,0.23388671875,0.0740966796875,0.056549072265625,0.0843505859375
3377,StrongVoices_21_165,0.0304412841796875,0.090087890625,0.0185394287109375,0.05194091796875,0.03216552734375
3378,StutteringIsCool_2_21,0.11614990234375,0.2301025390625,0.368408203125,0.1473388671875,0.047698974609375
3379,StutterTalk_66_18,0.037750244140625,0.244384765625,0.0792236328125,0.1357421875,0.089599609375
3380,StrongVoices_5_32,0.2493896484375,0.20166015625,0.022674560546875,0.0341796875,0.55712890625
3381,WomenWhoStutter_10_178,0.037200927734375,0.2144775390625,0.143798828125,0.038330078125,0.042022705078125
3382,HVSA_1_180,0.03802490234375,0.248046875,0.12322998046875,0.033721923828125,0.0322265625
3383,StutterTalk_78_22,0.142333984375,0.1304931640625,0.0255126953125,0.03302001953125,0.72216796875
3384,HVSA_2_45,0.053985595703125,0.1551513671875,0.10284423828125,0.31005859375,0.385986328125
3385,StrongVoices_32_116,0.04010009765625,0.052703857421875,0.01560211181640625,0.0300445556640625,0.0809326171875
3386,StrongVoices_17_35,0.271240234375,0.171630859375,0.04107666015625,0.01107025146484375,0.0352783203125
3387,StutterTalk_58_0,0.13623046875,0.18310546875,0.11474609375,0.2216796875,0.5419921875
3388,StutterTalk_26_127,0.11456298828125,0.12646484375,0.033599853515625,0.0489501953125,0.019683837890625
3389,IStutterSoWhat_3_80,0.42626953125,0.0794677734375,0.02001953125,0.07318115234375,0.87744140625
3390,WomenWhoStutter_2_135,0.0775146484375,0.355712890625,0.09234619140625,0.0843505859375,0.109130859375
3391,WomenWhoStutter_42_167,0.054107666015625,0.1414794921875,0.03167724609375,0.03338623046875,0.035491943359375
3392,StutterTalk_12_7,0.12335205078125,0.08868408203125,0.0255126953125,0.0855712890625,0.94580078125
3393,StrongVoices_25_12,0.07861328125,0.1507568359375,0.0323486328125,0.05877685546875,0.033905029296875
3394,MyStutteringLife_1_13,0.11920166015625,0.376220703125,0.2138671875,0.0211181640625,0.2454833984375
3395,StrongVoices_21_18,0.15380859375,0.20849609375,0.040771484375,0.076416015625,0.10858154296875
3396,HeStutters_11_46,0.473876953125,0.29296875,0.09967041015625,0.10174560546875,0.227294921875
3397,StrongVoices_6_86,0.2149658203125,0.205810546875,0.03131103515625,0.0177764892578125,0.02947998046875
3398,WomenWhoStutter_2_11,0.158203125,0.273193359375,0.07159423828125,0.018829345703125,0.1456298828125
3399,HVSA_0_70,0.4150390625,0.142333984375,0.0305633544921875,0.062103271484375,0.45068359375
3400,StrongVoices_21_148,0.037689208984375,0.328125,0.1810302734375,0.07122802734375,0.059326171875
3401,StrongVoices_3_13,0.33154296875,0.12322998046875,0.0214080810546875,0.0079345703125,0.021820068359375
3402,HVSA_2_37,0.11968994140625,0.368408203125,0.47509765625,0.3642578125,0.54052734375
3403,StrongVoices_32_81,0.30078125,0.33837890625,0.1651611328125,0.06781005859375,0.07342529296875
3404,StrongVoices_25_13,0.0966796875,0.34765625,0.208984375,0.033203125,0.1026611328125
3405,WomenWhoStutter_97_191,0.08123779296875,0.1568603515625,0.0210113525390625,0.06524658203125,0.947265625
3406,StrongVoices_12_15,0.090087890625,0.10357666015625,0.01348114013671875,0.0167236328125,0.0237274169921875
3407,HeStutters_5_140,0.061767578125,0.42138671875,0.5,0.218505859375,0.1314697265625
3408,HeStutters_11_21,0.1669921875,0.1827392578125,0.0234222412109375,0.0299224853515625,0.401123046875
3409,WomenWhoStutter_97_30,0.05572509765625,0.2379150390625,0.08929443359375,0.07421875,0.09771728515625
3410,StrongVoices_10_200,0.1561279296875,0.2347412109375,0.033782958984375,0.034881591796875,0.2509765625
3411,StutterTalk_72_32,0.11181640625,0.297607421875,0.06915283203125,0.08660888671875,0.06671142578125
3412,StrongVoices_32_73,0.30712890625,0.263671875,0.0302734375,0.007518768310546875,0.09222412109375
3413,StutterTalk_72_86,0.1900634765625,0.170654296875,0.03155517578125,0.024993896484375,0.0706787109375
3414,StutterTalk_64_110,0.09466552734375,0.2181396484375,0.299072265625,0.033538818359375,0.031982421875
3415,StrongVoices_32_158,0.1529541015625,0.205810546875,0.01861572265625,0.037689208984375,0.407958984375
3416,StutterTalk_76_4,0.047882080078125,0.203857421875,0.0265045166015625,0.0255126953125,0.131591796875
3417,StrongVoices_21_97,0.247802734375,0.168212890625,0.09857177734375,0.07861328125,0.053314208984375
3418,HVSA_1_52,0.131103515625,0.296630859375,0.1412353515625,0.0165252685546875,0.09930419921875
3419,StrongVoices_14_24,0.252197265625,0.28173828125,0.0816650390625,0.022674560546875,0.179931640625
3420,WomenWhoStutter_10_32,0.11981201171875,0.466552734375,0.61669921875,0.1727294921875,0.05975341796875
3421,StrongVoices_32_102,0.08209228515625,0.146728515625,0.027435302734375,0.0455322265625,0.0318603515625
3422,StrongVoices_23_40,0.0889892578125,0.431396484375,0.1339111328125,0.0293121337890625,0.1165771484375
3423,WomenWhoStutter_86_19,0.185791015625,0.1865234375,0.0263519287109375,0.0261077880859375,0.0391845703125
3424,StrongVoices_23_258,0.599609375,0.274169921875,0.274169921875,0.03875732421875,0.0743408203125
3425,StrongVoices_4_13,0.053497314453125,0.0965576171875,0.021331787109375,0.0209197998046875,0.0171051025390625
3426,HeStutters_16_8,0.271728515625,0.09136962890625,0.0271759033203125,0.1240234375,0.2103271484375
3427,StutterTalk_28_4,0.06634521484375,0.338134765625,0.2626953125,0.04620361328125,0.062103271484375
3428,WomenWhoStutter_87_174,0.03033447265625,0.20751953125,0.079345703125,0.0439453125,0.046295166015625
3429,WomenWhoStutter_30_161,0.040924072265625,0.08740234375,0.01085662841796875,0.01554107666015625,0.0167236328125
3430,StrongVoices_32_13,0.042236328125,0.110107421875,0.0207672119140625,0.04107666015625,0.06243896484375
3431,HVSA_1_178,0.59423828125,0.0894775390625,0.035614013671875,0.029815673828125,0.82470703125
3432,StutteringIsCool_80_118,0.0186920166015625,0.07318115234375,0.0210113525390625,0.055511474609375,0.041778564453125
3433,HVSA_3_88,0.09027099609375,0.1495361328125,0.06451416015625,0.1502685546875,0.1614990234375
3434,WomenWhoStutter_90_27,0.041839599609375,0.2281494140625,0.2034912109375,0.1529541015625,0.06561279296875
3435,StutteringIsCool_27_4,0.057281494140625,0.07720947265625,0.0252227783203125,0.04559326171875,0.034027099609375
3436,StrongVoices_17_26,0.164794921875,0.2034912109375,0.02880859375,0.007038116455078125,0.031494140625
3437,WomenWhoStutter_87_99,0.035400390625,0.194580078125,0.10504150390625,0.11260986328125,0.62451171875
3438,StutterTalk_72_189,0.042236328125,0.276611328125,0.0469970703125,0.11614990234375,0.134765625
3439,WomenWhoStutter_96_103,0.08416748046875,0.1392822265625,0.0330810546875,0.0762939453125,0.07305908203125
3440,WomenWhoStutter_87_83,0.045013427734375,0.2032470703125,0.1673583984375,0.2481689453125,0.5009765625
3441,MyStutteringLife_25_21,0.059967041015625,0.1910400390625,0.06524658203125,0.0970458984375,0.06536865234375
3442,StutteringIsCool_27_30,0.10504150390625,0.1744384765625,0.0257568359375,0.0135345458984375,0.0966796875
3443,WomenWhoStutter_86_75,0.2037353515625,0.240478515625,0.083740234375,0.24853515625,0.1541748046875
3444,HVSA_1_54,0.142333984375,0.2529296875,0.0823974609375,0.06085205078125,0.058349609375
3445,StrongVoices_10_164,0.300048828125,0.124755859375,0.06878662109375,0.055419921875,0.89208984375
3446,WomenWhoStutter_63_1,0.1673583984375,0.1153564453125,0.02606201171875,0.0843505859375,0.958984375
3447,StutteringIsCool_1_23,0.355712890625,0.351806640625,0.58984375,0.387939453125,0.298095703125
3448,HeStutters_19_18,0.1614990234375,0.1915283203125,0.0274810791015625,0.10858154296875,0.5107421875
3449,StutterTalk_53_27,0.0740966796875,0.49658203125,0.2366943359375,0.034698486328125,0.08270263671875
3450,StutteringIsCool_33_2,0.1070556640625,0.11456298828125,0.05291748046875,0.03131103515625,0.260498046875
3451,StutterTalk_53_17,0.06536865234375,0.158447265625,0.05780029296875,0.01467132568359375,0.024566650390625
3452,WomenWhoStutter_69_11,0.11297607421875,0.126953125,0.0182952880859375,0.10357666015625,0.857421875
3453,WomenWhoStutter_62_199,0.014556884765625,0.0872802734375,0.0184326171875,0.036834716796875,0.04913330078125
3454,WomenWhoStutter_17_4,0.103759765625,0.2496337890625,0.042877197265625,0.029541015625,0.8349609375
3455,IStutterSoWhat_3_11,0.273193359375,0.1673583984375,0.0728759765625,0.248291015625,0.52734375
3456,WomenWhoStutter_97_62,0.081787109375,0.1514892578125,0.040771484375,0.072265625,0.040924072265625
3457,StutterTalk_49_9,0.18701171875,0.2340087890625,0.1680908203125,0.06396484375,0.045867919921875
3458,HVSA_1_106,0.11920166015625,0.2451171875,0.1202392578125,0.02001953125,0.0272674560546875
3459,MyStutteringLife_21_31,0.058990478515625,0.262451171875,0.07366943359375,0.00963592529296875,0.024932861328125
3460,StutterTalk_25_12,0.396240234375,0.2010498046875,0.06573486328125,0.0189361572265625,0.05108642578125
3461,WomenWhoStutter_10_118,0.09637451171875,0.189208984375,0.05718994140625,0.0258636474609375,0.0333251953125
3462,StrongVoices_8_6,0.07330322265625,0.1943359375,0.041778564453125,0.059112548828125,0.08990478515625
3463,StrongVoices_32_53,0.129638671875,0.310546875,0.036773681640625,0.010528564453125,0.0521240234375
3464,WomenWhoStutter_2_29,0.06939697265625,0.0855712890625,0.037689208984375,0.1416015625,0.092041015625
3465,WomenWhoStutter_69_25,0.242431640625,0.162353515625,0.06439208984375,0.03582763671875,0.05987548828125
3466,HeStutters_2_191,0.060211181640625,0.2481689453125,0.1282958984375,0.08135986328125,0.04638671875
3467,StrongVoices_10_75,0.342529296875,0.270751953125,0.215576171875,0.06890869140625,0.4345703125
3468,WomenWhoStutter_2_183,0.1304931640625,0.308349609375,0.05340576171875,0.07794189453125,0.27587890625
3469,StrongVoices_23_113,0.085693359375,0.324462890625,0.0751953125,0.01107025146484375,0.26904296875
3470,StutteringIsCool_33_8,0.134033203125,0.08868408203125,0.06475830078125,0.09588623046875,0.1387939453125
3471,StutterTalk_54_39,0.0706787109375,0.312255859375,0.392578125,0.51708984375,0.239501953125
3472,StutteringIsCool_80_121,0.0116424560546875,0.062103271484375,0.02203369140625,0.0965576171875,0.056976318359375
3473,HVSA_2_86,0.06573486328125,0.1658935546875,0.12322998046875,0.287109375,0.650390625
3474,MyStutteringLife_16_3,0.08404541015625,0.145263671875,0.015777587890625,0.07275390625,0.935546875
3475,StrongVoices_9_24,0.353515625,0.1927490234375,0.240234375,0.055938720703125,0.045440673828125
3476,WomenWhoStutter_12_23,0.091552734375,0.38427734375,0.09588623046875,0.0225372314453125,0.0254669189453125
3477,StutterTalk_8_79,0.08660888671875,0.135498046875,0.125732421875,0.11199951171875,0.247314453125
3478,StutterTalk_36_6,0.1988525390625,0.282958984375,0.044677734375,0.03271484375,0.457763671875
3479,StutteringIsCool_56_22,0.03204345703125,0.07781982421875,0.0127716064453125,0.02276611328125,0.049774169921875
3480,StrongVoices_23_244,0.1446533203125,0.1131591796875,0.037384033203125,0.060089111328125,0.03753662109375
3481,StutterTalk_44_21,0.212890625,0.2120361328125,0.0386962890625,0.03662109375,0.028106689453125
3482,StutterTalk_80_7,0.0567626953125,0.17333984375,0.05889892578125,0.0208892822265625,0.0222015380859375
3483,StrongVoices_31_36,0.382080078125,0.2178955078125,0.04296875,0.01898193359375,0.10015869140625
3484,StutteringIsCool_79_30,0.10821533203125,0.2225341796875,0.1959228515625,0.31689453125,0.78076171875
3485,StutterTalk_0_6,0.0994873046875,0.338134765625,0.1744384765625,0.1240234375,0.1187744140625
3486,WomenWhoStutter_42_86,0.2333984375,0.2152099609375,0.04052734375,0.022247314453125,0.0792236328125
3487,WomenWhoStutter_21_37,0.0869140625,0.2001953125,0.0546875,0.019683837890625,0.07965087890625
3488,StutteringIsCool_46_187,0.266357421875,0.37744140625,0.143310546875,0.0531005859375,0.1239013671875
3489,IStutterSoWhat_3_146,0.289794921875,0.18408203125,0.04132080078125,0.114990234375,0.41455078125
3490,HeStutters_16_172,0.1602783203125,0.17919921875,0.0274810791015625,0.09332275390625,0.1396484375
3491,WomenWhoStutter_62_214,0.10089111328125,0.1878662109375,0.172607421875,0.2288818359375,0.35546875
3492,StutterTalk_42_16,0.07275390625,0.2379150390625,0.055511474609375,0.0709228515625,0.0782470703125
3493,HVSA_2_52,0.1568603515625,0.09234619140625,0.0299835205078125,0.0987548828125,0.12445068359375
3494,WomenWhoStutter_21_167,0.06982421875,0.1541748046875,0.1810302734375,0.046478271484375,0.0208892822265625
3495,WomenWhoStutter_30_59,0.060302734375,0.1273193359375,0.0231475830078125,0.005641937255859375,0.0160980224609375
3496,StrongVoices_1_36,0.0328369140625,0.18896484375,0.07275390625,0.060089111328125,0.034820556640625
3497,StrongVoices_9_5,0.135009765625,0.135986328125,0.03271484375,0.0189361572265625,0.0287628173828125
3498,StutterTalk_64_84,0.244873046875,0.0867919921875,0.06646728515625,0.1611328125,0.1580810546875
3499,StutteringIsCool_40_21,0.10858154296875,0.05706787109375,0.077392578125,0.047607421875,0.053802490234375
3500,StutterTalk_18_26,0.08251953125,0.1240234375,0.0082855224609375,0.012054443359375,0.07763671875
3501,StutterTalk_30_12,0.044769287109375,0.249267578125,0.09075927734375,0.01142120361328125,0.0322265625
3502,StrongVoices_23_39,0.147705078125,0.34033203125,0.0496826171875,0.0170440673828125,0.0537109375
3503,HVSA_3_93,0.06488037109375,0.13427734375,0.10577392578125,0.12054443359375,0.2188720703125
3504,StrongVoices_23_196,0.2010498046875,0.31787109375,0.0830078125,0.00916290283203125,0.1209716796875
3505,MyStutteringLife_25_17,0.212890625,0.1263427734375,0.0226287841796875,0.008575439453125,0.053009033203125
3506,StutterTalk_63_32,0.039794921875,0.337158203125,0.2138671875,0.056976318359375,0.0838623046875
3507,StutterTalk_77_11,0.05126953125,0.1600341796875,0.03753662109375,0.062103271484375,0.16943359375
3508,StutteringIsCool_49_30,0.2384033203125,0.34765625,0.1300048828125,0.023193359375,0.08526611328125
3509,HeStutters_3_32,0.2178955078125,0.331298828125,0.08404541015625,0.06915283203125,0.232177734375
3510,StutteringIsCool_38_11,0.64404296875,0.11474609375,0.044342041015625,0.056121826171875,0.077392578125
3511,StutterTalk_68_120,0.29296875,0.296875,0.27880859375,0.06756591796875,0.0567626953125
3512,StutteringIsCool_80_82,0.54296875,0.1419677734375,0.0469970703125,0.056121826171875,0.0938720703125
3513,StutteringIsCool_1_15,0.037750244140625,0.10430908203125,0.0153656005859375,0.04296875,0.051361083984375
3514,StutteringIsCool_80_117,0.09124755859375,0.11614990234375,0.0280609130859375,0.0823974609375,0.07708740234375
3515,StutterTalk_63_153,0.030792236328125,0.329833984375,0.69482421875,0.1688232421875,0.07208251953125
3516,StutterTalk_8_119,0.052703857421875,0.1455078125,0.120361328125,0.17333984375,0.296630859375
3517,HeStutters_17_24,0.1541748046875,0.21337890625,0.02838134765625,0.0154876708984375,0.06878662109375
3518,WomenWhoStutter_27_34,0.07891845703125,0.1378173828125,0.01560211181640625,0.0222930908203125,0.0218658447265625
3519,StrongVoices_14_32,0.2001953125,0.1578369140625,0.04193115234375,0.029083251953125,0.021453857421875
3520,WomenWhoStutter_55_17,0.10015869140625,0.2335205078125,0.1246337890625,0.2252197265625,0.1630859375
3521,StrongVoices_6_118,0.1939697265625,0.262939453125,0.057281494140625,0.037109375,0.03521728515625
3522,WomenWhoStutter_96_146,0.0582275390625,0.18310546875,0.07171630859375,0.0379638671875,0.086181640625
3523,StrongVoices_6_192,0.1121826171875,0.302978515625,0.03594970703125,0.0153656005859375,0.0472412109375
3524,WomenWhoStutter_87_143,0.0863037109375,0.157958984375,0.039276123046875,0.10614013671875,0.93017578125
3525,StutterTalk_1_18,0.09619140625,0.5048828125,0.5048828125,0.10394287109375,0.203125
3526,HVSA_2_105,0.120849609375,0.1683349609375,0.12054443359375,0.1666259765625,0.050140380859375
3527,HeStutters_19_102,0.040313720703125,0.2183837890625,0.05059814453125,0.00881195068359375,0.04302978515625
3528,StutterTalk_64_14,0.1324462890625,0.12042236328125,0.12127685546875,0.045013427734375,0.0345458984375
3529,HeStutters_5_174,0.0330810546875,0.23583984375,0.44140625,0.0216522216796875,0.0207977294921875
3530,WomenWhoStutter_10_38,0.1597900390625,0.06829833984375,0.010986328125,0.0121917724609375,0.030914306640625
3531,StrongVoices_32_101,0.1358642578125,0.059967041015625,0.00605010986328125,0.00963592529296875,0.131591796875
3532,WomenWhoStutter_62_86,0.061981201171875,0.2587890625,0.058349609375,0.042633056640625,0.0816650390625
3533,StrongVoices_1_15,0.1717529296875,0.434326171875,0.43212890625,0.092041015625,0.16845703125
3534,WomenWhoStutter_46_36,0.035064697265625,0.12249755859375,0.0379638671875,0.07904052734375,0.12841796875
3535,WomenWhoStutter_97_33,0.09808349609375,0.298095703125,0.1611328125,0.278564453125,0.15087890625
3536,StrongVoices_23_108,0.2158203125,0.371826171875,0.11474609375,0.054107666015625,0.384033203125
3537,StutterTalk_26_101,0.0411376953125,0.1248779296875,0.02044677734375,0.038970947265625,0.1385498046875
3538,StutterTalk_44_4,0.023956298828125,0.2147216796875,0.046905517578125,0.12646484375,0.57568359375
3539,IStutterSoWhat_3_135,0.050994873046875,0.15673828125,0.040374755859375,0.07366943359375,0.107421875
3540,StrongVoices_23_99,0.26025390625,0.43212890625,0.25732421875,0.0240020751953125,0.0831298828125
3541,WomenWhoStutter_30_40,0.263427734375,0.1396484375,0.054290771484375,0.026458740234375,0.017242431640625
3542,HVSA_2_110,0.091064453125,0.1766357421875,0.06982421875,0.09332275390625,0.07696533203125
3543,StrongVoices_10_161,0.056640625,0.235107421875,0.07977294921875,0.07781982421875,0.167236328125
3544,StutterTalk_77_24,0.044281005859375,0.293701171875,0.0794677734375,0.0455322265625,0.10430908203125
3545,HVSA_0_42,0.079345703125,0.43310546875,0.14501953125,0.1177978515625,0.1348876953125
3546,WomenWhoStutter_2_140,0.075439453125,0.303955078125,0.272705078125,0.03515625,0.0296478271484375
3547,HeStutters_18_80,0.166259765625,0.1427001953125,0.0160980224609375,0.036773681640625,0.1348876953125
3548,StrongVoices_21_37,0.313720703125,0.09466552734375,0.045867919921875,0.048675537109375,0.147705078125
3549,StutterTalk_64_38,0.03338623046875,0.08282470703125,0.0299835205078125,0.04949951171875,0.05572509765625
3550,HVSA_3_24,0.11676025390625,0.1961669921875,0.1033935546875,0.150634765625,0.1268310546875
3551,WomenWhoStutter_30_109,0.07208251953125,0.07342529296875,0.00878143310546875,0.005218505859375,0.01306915283203125
3552,StutterTalk_54_5,0.025421142578125,0.11163330078125,0.0219879150390625,0.1727294921875,0.1510009765625
3553,HVSA_0_24,0.0504150390625,0.19091796875,0.034881591796875,0.12213134765625,0.1724853515625
3554,StutterTalk_26_9,0.0472412109375,0.17578125,0.1815185546875,0.2005615234375,0.06768798828125
3555,StutterTalk_78_8,0.140380859375,0.2489013671875,0.1055908203125,0.0153656005859375,0.030914306640625
3556,StrongVoices_11_16,0.09722900390625,0.32666015625,0.08197021484375,0.033782958984375,0.049957275390625
3557,StutteringIsCool_17_35,0.059967041015625,0.308837890625,0.430908203125,0.498291015625,0.2578125
3558,WomenWhoStutter_30_179,0.0830078125,0.11163330078125,0.0219879150390625,0.0830078125,0.90087890625
3559,StutteringIsCool_84_2,0.035675048828125,0.1134033203125,0.043365478515625,0.01287078857421875,0.017578125
3560,WomenWhoStutter_96_18,0.09185791015625,0.2271728515625,0.300048828125,0.1383056640625,0.056854248046875
3561,StrongVoices_7_27,0.01483917236328125,0.093017578125,0.02630615234375,0.05560302734375,0.049774169921875
3562,StrongVoices_23_73,0.583984375,0.16748046875,0.06964111328125,0.014617919921875,0.215576171875
3563,HVSA_0_131,0.0546875,0.11199951171875,0.03302001953125,0.15283203125,0.487060546875
3564,WomenWhoStutter_87_166,0.07965087890625,0.320068359375,0.2054443359375,0.07342529296875,0.150146484375
3565,HVSA_3_70,0.1925048828125,0.30322265625,0.325439453125,0.1104736328125,0.10174560546875
3566,WomenWhoStutter_97_108,0.11163330078125,0.2198486328125,0.1611328125,0.1697998046875,0.06231689453125
3567,HeStutters_5_125,0.04302978515625,0.202880859375,0.10284423828125,0.05194091796875,0.09552001953125
3568,StrongVoices_9_32,0.1385498046875,0.3876953125,0.2069091796875,0.0982666015625,0.044921875
3569,StrongVoices_23_89,0.1231689453125,0.323486328125,0.123779296875,0.0285491943359375,0.2122802734375
3570,StutteringIsCool_23_5,0.54248046875,0.12139892578125,0.089111328125,0.15380859375,0.2410888671875
3571,WomenWhoStutter_42_165,0.08477783203125,0.38720703125,0.224609375,0.0457763671875,0.024139404296875
3572,StutterTalk_64_71,0.1014404296875,0.1829833984375,0.1346435546875,0.043853759765625,0.178955078125
3573,HeStutters_7_39,0.1492919921875,0.2109375,0.029876708984375,0.04595947265625,0.0810546875
3574,StrongVoices_23_141,0.10760498046875,0.328125,0.12188720703125,0.010528564453125,0.08770751953125
3575,StutterTalk_68_217,0.063720703125,0.089599609375,0.01107025146484375,0.01229095458984375,0.02606201171875
3576,StutteringIsCool_80_28,0.07989501953125,0.0794677734375,0.0537109375,0.07696533203125,0.035614013671875
3577,IStutterSoWhat_3_15,0.52587890625,0.26123046875,0.478515625,0.259521484375,0.432861328125
3578,StutterTalk_76_23,0.080810546875,0.2288818359375,0.0638427734375,0.011871337890625,0.042236328125
3579,StrongVoices_23_183,0.126220703125,0.20703125,0.03875732421875,0.00821685791015625,0.13671875
3580,StutterTalk_8_161,0.0631103515625,0.179443359375,0.2149658203125,0.05792236328125,0.058349609375
3581,WomenWhoStutter_87_141,0.1533203125,0.35888671875,0.4248046875,0.25732421875,0.1934814453125
3582,HeStutters_12_62,0.0738525390625,0.30419921875,0.492431640625,0.1007080078125,0.2255859375
3583,HVSA_2_196,0.06939697265625,0.29736328125,0.2220458984375,0.2144775390625,0.14697265625
3584,StutterTalk_8_125,0.185302734375,0.290283203125,0.363525390625,0.07159423828125,0.1104736328125
3585,StutterTalk_72_43,0.1063232421875,0.41748046875,0.327392578125,0.095703125,0.2298583984375
3586,StutteringIsCool_79_32,0.1285400390625,0.28759765625,0.25634765625,0.07135009765625,0.0265045166015625
3587,StutterTalk_8_98,0.11859130859375,0.2120361328125,0.1800537109375,0.08526611328125,0.318603515625
3588,StutterTalk_64_139,0.28564453125,0.1416015625,0.0299835205078125,0.0740966796875,0.900390625
3589,StutterTalk_63_20,0.0294189453125,0.09222412109375,0.01507568359375,0.029876708984375,0.03753662109375
3590,StutterTalk_25_162,0.0965576171875,0.2220458984375,0.058990478515625,0.228515625,0.490234375
3591,WomenWhoStutter_55_37,0.0296478271484375,0.145751953125,0.04248046875,0.1134033203125,0.089111328125
3592,StutterTalk_12_9,0.271484375,0.10107421875,0.03131103515625,0.0301055908203125,0.1007080078125
3593,WomenWhoStutter_42_222,0.49462890625,0.1131591796875,0.033599853515625,0.0261077880859375,0.226806640625
3594,WomenWhoStutter_10_179,0.1300048828125,0.10247802734375,0.0144500732421875,0.0174407958984375,0.01358795166015625
3595,WomenWhoStutter_97_149,0.053802490234375,0.287841796875,0.324951171875,0.12420654296875,0.0938720703125
3596,HVSA_3_16,0.047607421875,0.2467041015625,0.355712890625,0.1121826171875,0.034942626953125
3597,StrongVoices_23_230,0.102294921875,0.45361328125,0.359130859375,0.07275390625,0.07501220703125
3598,StutteringIsCool_81_14,0.2044677734375,0.044097900390625,0.011871337890625,0.021942138671875,0.58349609375
3599,WomenWhoStutter_25_13,0.1434326171875,0.170654296875,0.040985107421875,0.086181640625,0.81298828125
3600,WomenWhoStutter_73_28,0.042724609375,0.11614990234375,0.0202484130859375,0.11920166015625,0.08465576171875
3601,StrongVoices_10_13,0.1546630859375,0.1444091796875,0.0282135009765625,0.037261962890625,0.133056640625
3602,WomenWhoStutter_81_126,0.048858642578125,0.271484375,0.047943115234375,0.053192138671875,0.057586669921875
3603,StutteringIsCool_23_18,0.0202484130859375,0.07159423828125,0.05389404296875,0.021942138671875,0.021484375
3604,WomenWhoStutter_102_37,0.27490234375,0.263916015625,0.10357666015625,0.038604736328125,0.0171051025390625
3605,StutteringIsCool_2_1,0.038330078125,0.1663818359375,0.09368896484375,0.07208251953125,0.1689453125
3606,StutteringIsCool_33_17,0.1221923828125,0.07794189453125,0.00945281982421875,0.0323486328125,0.1502685546875
3607,WomenWhoStutter_62_2,0.0292510986328125,0.07720947265625,0.00714874267578125,0.03271484375,0.1270751953125
3608,HVSA_3_99,0.1015625,0.1605224609375,0.09771728515625,0.07366943359375,0.256103515625
3609,StrongVoices_10_215,0.440185546875,0.1240234375,0.058135986328125,0.037109375,0.5302734375
3610,StutterTalk_53_11,0.04803466796875,0.31298828125,0.281982421875,0.053314208984375,0.072509765625
3611,StutterTalk_58_35,0.09588623046875,0.09619140625,0.14208984375,0.0560302734375,0.03125
3612,WomenWhoStutter_86_156,0.045196533203125,0.267333984375,0.12261962890625,0.26123046875,0.324462890625
3613,HVSA_3_95,0.020416259765625,0.15576171875,0.12841796875,0.090087890625,0.06805419921875
3614,StutteringIsCool_14_15,0.145263671875,0.051361083984375,0.050323486328125,0.04351806640625,0.056854248046875
3615,StutterTalk_64_0,0.060638427734375,0.263671875,0.14111328125,0.02947998046875,0.03253173828125
3616,WomenWhoStutter_58_28,0.09124755859375,0.12493896484375,0.0509033203125,0.06854248046875,0.057586669921875
3617,WomenWhoStutter_102_32,0.1201171875,0.10504150390625,0.0199432373046875,0.08282470703125,0.1790771484375
3618,StutteringIsCool_37_18,0.10321044921875,0.332275390625,0.234375,0.039703369140625,0.0439453125
3619,StutteringIsCool_67_34,0.01337432861328125,0.09283447265625,0.06512451171875,0.10821533203125,0.07781982421875
3620,StrongVoices_5_7,0.13623046875,0.2049560546875,0.0216522216796875,0.0255584716796875,0.2113037109375
3621,WomenWhoStutter_33_8,0.05340576171875,0.344482421875,0.21337890625,0.285400390625,0.09979248046875
3622,StutteringIsCool_69_18,0.04107666015625,0.11920166015625,0.022369384765625,0.1251220703125,0.1951904296875
3623,StutterTalk_64_111,0.0560302734375,0.223876953125,0.23779296875,0.22216796875,0.2288818359375
3624,StutteringIsCool_80_204,0.28173828125,0.2496337890625,0.22021484375,0.08538818359375,0.11260986328125
3625,StrongVoices_4_27,0.0343017578125,0.095703125,0.00905609130859375,0.012481689453125,0.0276947021484375
3626,StutterTalk_37_170,0.1373291015625,0.1087646484375,0.0300445556640625,0.10968017578125,0.4853515625
3627,StrongVoices_1_33,0.09320068359375,0.212890625,0.1368408203125,0.08135986328125,0.0537109375
3628,HeStutters_11_197,0.08770751953125,0.258544921875,0.10687255859375,0.223388671875,0.145263671875
3629,StutterTalk_37_147,0.2001953125,0.09588623046875,0.04510498046875,0.2059326171875,0.319091796875
3630,StutterTalk_37_134,0.042633056640625,0.08135986328125,0.077392578125,0.349365234375,0.1546630859375
3631,StutterTalk_1_17,0.1630859375,0.43017578125,0.421630859375,0.188232421875,0.434326171875
3632,StutteringIsCool_28_9,0.0210418701171875,0.25830078125,0.277099609375,0.10052490234375,0.06280517578125
3633,StrongVoices_33_0,0.1165771484375,0.331787109375,0.055206298828125,0.06756591796875,0.351806640625
3634,WomenWhoStutter_62_43,0.080810546875,0.1414794921875,0.033721923828125,0.035888671875,0.220703125
3635,StutteringIsCool_37_17,0.6376953125,0.257568359375,0.242431640625,0.048126220703125,0.0849609375
3636,HVSA_2_195,0.07598876953125,0.202392578125,0.1571044921875,0.09808349609375,0.0379638671875
3637,StutteringIsCool_33_10,0.063232421875,0.345458984375,0.59619140625,0.159423828125,0.1448974609375
3638,StutteringIsCool_46_2,0.06280517578125,0.350830078125,0.2144775390625,0.08599853515625,0.05645751953125
3639,StrongVoices_25_20,0.048492431640625,0.0994873046875,0.022247314453125,0.04351806640625,0.03179931640625
3640,StrongVoices_22_18,0.216064453125,0.183837890625,0.024139404296875,0.0455322265625,0.0316162109375
3641,WomenWhoStutter_87_78,0.0231475830078125,0.10357666015625,0.0150146484375,0.06549072265625,0.263671875
3642,HeStutters_11_158,0.44921875,0.1143798828125,0.02947998046875,0.04779052734375,0.0794677734375
3643,StrongVoices_7_19,0.10302734375,0.1376953125,0.020416259765625,0.060638427734375,0.058563232421875
3644,StrongVoices_10_118,0.2081298828125,0.173095703125,0.034698486328125,0.0193023681640625,0.295654296875
3645,WomenWhoStutter_96_34,0.472900390625,0.1268310546875,0.044586181640625,0.05194091796875,0.2235107421875
3646,StutteringIsCool_2_0,0.16748046875,0.1063232421875,0.0633544921875,0.267333984375,0.8037109375
3647,HVSA_2_189,0.2413330078125,0.202392578125,0.1357421875,0.177490234375,0.14892578125
3648,StutterTalk_64_200,0.1181640625,0.2822265625,0.277587890625,0.06610107421875,0.047943115234375
3649,StutteringIsCool_46_185,0.09552001953125,0.140625,0.019683837890625,0.02880859375,0.047515869140625
3650,HeStutters_11_201,0.0838623046875,0.1787109375,0.07342529296875,0.09722900390625,0.04534912109375
3651,HVSA_1_63,0.08587646484375,0.450927734375,0.337890625,0.0207977294921875,0.035064697265625
3652,StutterTalk_63_72,0.01525115966796875,0.219482421875,0.08477783203125,0.1376953125,0.1231689453125
3653,StutteringIsCool_76_14,0.02880859375,0.1181640625,0.015777587890625,0.02947998046875,0.0257110595703125
3654,StrongVoices_17_2,0.55615234375,0.181396484375,0.0701904296875,0.00963592529296875,0.0161590576171875
3655,StutteringIsCool_81_34,0.0262603759765625,0.11102294921875,0.055419921875,0.07489013671875,0.1077880859375
3656,WomenWhoStutter_30_94,0.38134765625,0.2371826171875,0.080078125,0.017913818359375,0.04840087890625
3657,IStutterSoWhat_3_157,0.40380859375,0.296875,0.12176513671875,0.0188751220703125,0.087890625
3658,WomenWhoStutter_62_148,0.0880126953125,0.326416015625,0.087890625,0.025909423828125,0.13818359375
3659,WomenWhoStutter_89_26,0.0582275390625,0.207275390625,0.06475830078125,0.07904052734375,0.348388671875
3660,WomenWhoStutter_87_121,0.07574462890625,0.299560546875,0.358642578125,0.3359375,0.623046875
3661,WomenWhoStutter_10_86,0.0765380859375,0.3349609375,0.14453125,0.02886962890625,0.1014404296875
3662,StrongVoices_33_21,0.1602783203125,0.21630859375,0.05987548828125,0.08465576171875,0.05108642578125
3663,StrongVoices_32_87,0.18505859375,0.2685546875,0.06634521484375,0.0232391357421875,0.0726318359375
3664,WomenWhoStutter_62_83,0.2315673828125,0.1353759765625,0.0255126953125,0.06451416015625,0.24658203125
3665,StrongVoices_10_151,0.02838134765625,0.09637451171875,0.0165863037109375,0.0296478271484375,0.03216552734375
3666,StrongVoices_26_18,0.058349609375,0.33056640625,0.100341796875,0.028594970703125,0.045684814453125
3667,StutterTalk_12_22,0.2890625,0.11260986328125,0.08270263671875,0.224365234375,0.763671875
3668,WomenWhoStutter_30_49,0.06732177734375,0.2218017578125,0.043121337890625,0.04913330078125,0.11553955078125
3669,StrongVoices_23_169,0.48095703125,0.12347412109375,0.03515625,0.056121826171875,0.8681640625
3670,StutteringIsCool_46_129,0.290771484375,0.1329345703125,0.10052490234375,0.360595703125,0.4013671875
3671,HVSA_1_97,0.03948974609375,0.28564453125,0.2496337890625,0.0889892578125,0.0872802734375
3672,StrongVoices_17_11,0.332275390625,0.19482421875,0.034027099609375,0.0177154541015625,0.02685546875
3673,WomenWhoStutter_81_125,0.1378173828125,0.402587890625,0.36767578125,0.07476806640625,0.08123779296875
3674,HVSA_0_104,0.05987548828125,0.179931640625,0.04345703125,0.1007080078125,0.80078125
3675,StutteringIsCool_34_160,0.55517578125,0.1837158203125,0.11163330078125,0.042633056640625,0.7587890625
3676,StutterTalk_15_23,0.250244140625,0.14404296875,0.0197601318359375,0.03424072265625,0.29248046875
3677,StutterTalk_64_170,0.0867919921875,0.08929443359375,0.0100555419921875,0.0592041015625,0.2069091796875
3678,StutterTalk_25_14,0.0699462890625,0.2117919921875,0.185791015625,0.06524658203125,0.0162811279296875
3679,StrongVoices_23_109,0.16015625,0.4931640625,0.21142578125,0.06768798828125,0.12890625
3680,WomenWhoStutter_87_44,0.0300445556640625,0.204833984375,0.0894775390625,0.04443359375,0.1387939453125
3681,StrongVoices_32_20,0.248291015625,0.194091796875,0.023101806640625,0.00815582275390625,0.0333251953125
3682,HeStutters_2_119,0.1414794921875,0.16357421875,0.041473388671875,0.0830078125,0.91650390625
3683,StrongVoices_14_26,0.064208984375,0.10015869140625,0.024993896484375,0.03131103515625,0.048492431640625
3684,StrongVoices_8_34,0.10211181640625,0.280029296875,0.1529541015625,0.0233306884765625,0.04248046875
3685,StutterTalk_68_103,0.0517578125,0.24072265625,0.04083251953125,0.017913818359375,0.03460693359375
3686,HeStutters_11_176,0.055816650390625,0.1590576171875,0.05706787109375,0.2398681640625,0.164794921875
3687,StutterTalk_8_143,0.042388916015625,0.1519775390625,0.1619873046875,0.10467529296875,0.2462158203125
3688,StrongVoices_27_23,0.359130859375,0.196533203125,0.03448486328125,0.01560211181640625,0.07464599609375
3689,HVSA_2_113,0.19775390625,0.223876953125,0.126220703125,0.134521484375,0.043609619140625
3690,StutterTalk_8_4,0.1231689453125,0.1695556640625,0.10687255859375,0.054107666015625,0.473876953125
3691,StutteringIsCool_80_185,0.0496826171875,0.212890625,0.1195068359375,0.10321044921875,0.035675048828125
3692,StutterTalk_26_150,0.015777587890625,0.0966796875,0.01337432861328125,0.024383544921875,0.0202178955078125
3693,StutterTalk_37_111,0.188720703125,0.0823974609375,0.0552978515625,0.11517333984375,0.8486328125
3694,WomenWhoStutter_17_27,0.20556640625,0.2078857421875,0.0265045166015625,0.042816162109375,0.0394287109375
3695,StutteringIsCool_23_19,0.059326171875,0.256103515625,0.1810302734375,0.1163330078125,0.116943359375
3696,StutterTalk_72_100,0.0325927734375,0.0751953125,0.009521484375,0.043853759765625,0.052032470703125
3697,MyStutteringLife_16_33,0.050048828125,0.1033935546875,0.02056884765625,0.03240966796875,0.03948974609375
3698,IStutterSoWhat_3_119,0.0321044921875,0.11126708984375,0.0257110595703125,0.03448486328125,0.08648681640625
3699,StrongVoices_23_129,0.270751953125,0.1334228515625,0.0236053466796875,0.021453857421875,0.93603515625
3700,StrongVoices_19_15,0.30224609375,0.072265625,0.0190582275390625,0.033203125,0.11932373046875
3701,HVSA_0_50,0.07159423828125,0.30029296875,0.1781005859375,0.1195068359375,0.37939453125
3702,HVSA_2_170,0.10577392578125,0.08416748046875,0.037689208984375,0.058349609375,0.419921875
3703,StrongVoices_32_110,0.040985107421875,0.10107421875,0.0255584716796875,0.0293121337890625,0.054595947265625
3704,StutterTalk_18_35,0.035736083984375,0.11029052734375,0.030670166015625,0.06781005859375,0.03662109375
3705,StutterTalk_49_17,0.02532958984375,0.1474609375,0.02447509765625,0.034088134765625,0.06573486328125
3706,HeStutters_18_197,0.0384521484375,0.326171875,0.250244140625,0.09600830078125,0.05792236328125
3707,StrongVoices_23_30,0.06231689453125,0.29833984375,0.09600830078125,0.0192413330078125,0.1256103515625
3708,MyStutteringLife_38_33,0.2430419921875,0.1580810546875,0.0360107421875,0.059539794921875,0.9404296875
3709,StutterTalk_64_85,0.467529296875,0.12286376953125,0.090576171875,0.158935546875,0.263427734375
3710,StrongVoices_32_47,0.1044921875,0.1903076171875,0.022369384765625,0.008514404296875,0.04486083984375
3711,HeStutters_2_13,0.26953125,0.336181640625,0.50830078125,0.29833984375,0.19091796875
3712,StutterTalk_49_6,0.1329345703125,0.2337646484375,0.0880126953125,0.06854248046875,0.091064453125
3713,StrongVoices_23_179,0.5849609375,0.198974609375,0.0638427734375,0.041473388671875,0.2171630859375
3714,WomenWhoStutter_15_39,0.0615234375,0.09515380859375,0.0240478515625,0.0209197998046875,0.047943115234375
3715,StutteringIsCool_45_24,0.1019287109375,0.09930419921875,0.015960693359375,0.00955963134765625,0.03173828125
3716,StutteringIsCool_38_8,0.08038330078125,0.10723876953125,0.028167724609375,0.036285400390625,0.332763671875
3717,WomenWhoStutter_30_122,0.038543701171875,0.0701904296875,0.01111602783203125,0.0165863037109375,0.027008056640625
3718,StrongVoices_4_16,0.1845703125,0.11260986328125,0.0205230712890625,0.015899658203125,0.12200927734375
3719,MyStutteringLife_5_19,0.11297607421875,0.187255859375,0.05706787109375,0.017578125,0.039794921875
3720,StrongVoices_27_4,0.0810546875,0.217041015625,0.034027099609375,0.01142120361328125,0.036285400390625
3721,StrongVoices_32_154,0.409423828125,0.2166748046875,0.043212890625,0.06524658203125,0.080078125
3722,StrongVoices_10_208,0.266357421875,0.185546875,0.05419921875,0.021087646484375,0.04840087890625
3723,WomenWhoStutter_2_197,0.1083984375,0.34033203125,0.2420654296875,0.03179931640625,0.0699462890625
3724,StutterTalk_0_14,0.266357421875,0.10052490234375,0.02191162109375,0.042388916015625,0.9638671875
3725,HVSA_2_39,0.1041259765625,0.27734375,0.29833984375,0.0953369140625,0.044921875
3726,StrongVoices_23_118,0.430908203125,0.224609375,0.038543701171875,0.01132965087890625,0.1343994140625
3727,HVSA_3_156,0.0709228515625,0.1427001953125,0.12841796875,0.10504150390625,0.07183837890625
3728,StutteringIsCool_2_10,0.06396484375,0.196044921875,0.20166015625,0.1795654296875,0.10284423828125
3729,StutterTalk_22_34,0.018585205078125,0.1629638671875,0.131591796875,0.14453125,0.038970947265625
3730,IStutterSoWhat_0_112,0.161865234375,0.173095703125,0.06805419921875,0.1934814453125,0.1422119140625
3731,StrongVoices_21_2,0.10931396484375,0.390869140625,0.2232666015625,0.12335205078125,0.131103515625
3732,MyStutteringLife_21_30,0.036224365234375,0.07879638671875,0.029754638671875,0.07763671875,0.045867919921875
3733,StrongVoices_10_157,0.14208984375,0.200439453125,0.047943115234375,0.030853271484375,0.050140380859375
3734,StutteringIsCool_34_129,0.300048828125,0.3310546875,0.22216796875,0.0279083251953125,0.341064453125
3735,HeStutters_18_52,0.11199951171875,0.2032470703125,0.018096923828125,0.046295166015625,0.08038330078125
3736,HVSA_2_146,0.0546875,0.2293701171875,0.482666015625,0.244873046875,0.07781982421875
3737,StutteringIsCool_16_12,0.0234222412109375,0.198974609375,0.2548828125,0.2171630859375,0.09619140625
3738,WomenWhoStutter_42_111,0.047088623046875,0.076416015625,0.01763916015625,0.06805419921875,0.1834716796875
3739,StutterTalk_0_15,0.533203125,0.28564453125,0.2010498046875,0.06488037109375,0.2069091796875
3740,StutterTalk_14_38,0.110107421875,0.1019287109375,0.1282958984375,0.097900390625,0.4462890625
3741,WomenWhoStutter_97_92,0.0738525390625,0.1566162109375,0.0253753662109375,0.048583984375,0.056976318359375
3742,HVSA_2_47,0.2059326171875,0.1590576171875,0.06793212890625,0.03436279296875,0.6015625
3743,StrongVoices_32_157,0.599609375,0.199951171875,0.230712890625,0.03131103515625,0.0222015380859375
3744,WomenWhoStutter_96_17,0.05792236328125,0.200927734375,0.089111328125,0.056243896484375,0.05389404296875
3745,StrongVoices_10_105,0.397705078125,0.298583984375,0.061981201171875,0.0197601318359375,0.11163330078125
3746,StrongVoices_21_151,0.1982421875,0.319091796875,0.09368896484375,0.017913818359375,0.183837890625
3747,StrongVoices_23_102,0.1683349609375,0.33984375,0.0703125,0.0097808837890625,0.07208251953125
3748,StutterTalk_7_2,0.1783447265625,0.28515625,0.042572021484375,0.046722412109375,0.896484375
3749,StrongVoices_27_0,0.57373046875,0.2724609375,0.134033203125,0.09417724609375,0.2469482421875
3750,WomenWhoStutter_96_148,0.056976318359375,0.308837890625,0.27685546875,0.11126708984375,0.10174560546875
3751,WomenWhoStutter_22_37,0.09857177734375,0.0966796875,0.017852783203125,0.06982421875,0.1478271484375
3752,HVSA_2_149,0.11798095703125,0.435791015625,0.51171875,0.126953125,0.1187744140625
3753,StutteringIsCool_34_151,0.07720947265625,0.2548828125,0.07159423828125,0.1143798828125,0.4892578125
3754,IStutterSoWhat_3_23,0.123779296875,0.33544921875,0.384033203125,0.251708984375,0.058135986328125
3755,WomenWhoStutter_86_53,0.08990478515625,0.146240234375,0.0144500732421875,0.06396484375,0.8720703125
3756,StutteringIsCool_23_3,0.022796630859375,0.1929931640625,0.058013916015625,0.05511474609375,0.03155517578125
3757,HVSA_0_23,0.169189453125,0.318603515625,0.2188720703125,0.038238525390625,0.03839111328125
3758,WomenWhoStutter_29_14,0.2039794921875,0.26416015625,0.2091064453125,0.379150390625,0.1531982421875
3759,StrongVoices_27_38,0.2137451171875,0.091064453125,0.0162811279296875,0.0230712890625,0.0283355712890625
3760,WomenWhoStutter_49_7,0.070068359375,0.292724609375,0.4541015625,0.1365966796875,0.075439453125
3761,StutteringIsCool_46_77,0.15966796875,0.188720703125,0.0179901123046875,0.0258636474609375,0.26708984375
3762,StrongVoices_32_104,0.190673828125,0.1573486328125,0.0162200927734375,0.01467132568359375,0.1591796875
3763,WomenWhoStutter_3_3,0.09503173828125,0.1468505859375,0.042633056640625,0.01467132568359375,0.012237548828125
3764,StrongVoices_23_136,0.351318359375,0.28076171875,0.07794189453125,0.0090179443359375,0.142333984375
3765,StrongVoices_10_55,0.278564453125,0.28564453125,0.1314697265625,0.019500732421875,0.072509765625
3766,HVSA_0_102,0.040252685546875,0.174560546875,0.07586669921875,0.1695556640625,0.18310546875
3767,StutterTalk_53_31,0.054901123046875,0.177978515625,0.03253173828125,0.050506591796875,0.81787109375
3768,HVSA_0_62,0.07275390625,0.11993408203125,0.064208984375,0.155517578125,0.72265625
3769,StrongVoices_19_33,0.1746826171875,0.07489013671875,0.0236053466796875,0.070068359375,0.264404296875
3770,MyStutteringLife_38_27,0.336669921875,0.2802734375,0.1292724609375,0.03271484375,0.1866455078125
3771,HeStutters_16_9,0.1710205078125,0.1407470703125,0.06268310546875,0.1583251953125,0.1617431640625
3772,HVSA_0_79,0.07666015625,0.1463623046875,0.048858642578125,0.020599365234375,0.044342041015625
3773,StutteringIsCool_80_35,0.2239990234375,0.2130126953125,0.07318115234375,0.283203125,0.251708984375
3774,StutterTalk_55_37,0.06964111328125,0.12213134765625,0.015960693359375,0.1033935546875,0.06256103515625
3775,HVSA_0_128,0.10174560546875,0.25341796875,0.04779052734375,0.03759765625,0.33203125
3776,HeStutters_18_21,0.16162109375,0.178955078125,0.054290771484375,0.06427001953125,0.869140625
3777,StrongVoices_14_31,0.179443359375,0.23583984375,0.091552734375,0.023101806640625,0.1419677734375
3778,StutterTalk_25_54,0.028594970703125,0.1070556640625,0.011505126953125,0.029083251953125,0.0194244384765625
3779,HeStutters_5_36,0.0469970703125,0.19482421875,0.11859130859375,0.08538818359375,0.041778564453125
3780,StutterTalk_59_13,0.01495361328125,0.1087646484375,0.0867919921875,0.13720703125,0.0386962890625
3781,StutterTalk_64_195,0.09136962890625,0.143310546875,0.02532958984375,0.1265869140625,0.418212890625
3782,StutterTalk_64_142,0.092529296875,0.1666259765625,0.044586181640625,0.0264129638671875,0.03326416015625
3783,WomenWhoStutter_86_134,0.12335205078125,0.23779296875,0.0460205078125,0.047149658203125,0.035400390625
3784,StrongVoices_21_93,0.20703125,0.1878662109375,0.0504150390625,0.033905029296875,0.25537109375
3785,StrongVoices_6_125,0.17919921875,0.255615234375,0.0211639404296875,0.01473236083984375,0.1121826171875
3786,StutterTalk_38_14,0.103759765625,0.2264404296875,0.131591796875,0.07763671875,0.0526123046875
3787,StutterTalk_62_28,0.022796630859375,0.0738525390625,0.01142120361328125,0.06658935546875,0.2379150390625
3788,StutteringIsCool_23_12,0.1937255859375,0.06842041015625,0.05499267578125,0.0809326171875,0.5009765625
3789,StutterTalk_48_29,0.0751953125,0.1988525390625,0.0287628173828125,0.01490020751953125,0.040252685546875
3790,WomenWhoStutter_62_212,0.102294921875,0.11419677734375,0.0139007568359375,0.0258026123046875,0.01861572265625
3791,StutterTalk_64_75,0.4814453125,0.26953125,0.397216796875,0.0965576171875,0.11676025390625
3792,StrongVoices_6_88,0.290283203125,0.256591796875,0.027069091796875,0.01233673095703125,0.12451171875
3793,HVSA_3_65,0.052520751953125,0.11279296875,0.06890869140625,0.04443359375,0.04803466796875
3794,WomenWhoStutter_30_137,0.13427734375,0.304931640625,0.184814453125,0.0242767333984375,0.0638427734375
3795,HVSA_0_20,0.1639404296875,0.12548828125,0.035736083984375,0.07489013671875,0.92431640625
3796,HeStutters_11_16,0.039337158203125,0.07080078125,0.00937652587890625,0.018585205078125,0.0287017822265625
3797,StutterTalk_49_18,0.09967041015625,0.091552734375,0.0186920166015625,0.0142822265625,0.04193115234375
3798,StrongVoices_28_31,0.045440673828125,0.06829833984375,0.02423095703125,0.07891845703125,0.2113037109375
3799,WomenWhoStutter_73_19,0.056976318359375,0.0723876953125,0.01029205322265625,0.037200927734375,0.053192138671875
3800,StrongVoices_21_114,0.138671875,0.34033203125,0.09075927734375,0.0330810546875,0.208984375
3801,StutterTalk_12_10,0.1673583984375,0.140869140625,0.06109619140625,0.18115234375,0.78125
3802,WomenWhoStutter_21_143,0.0728759765625,0.1834716796875,0.204345703125,0.08648681640625,0.059326171875
3803,StutterTalk_34_0,0.1251220703125,0.248046875,0.056640625,0.041229248046875,0.08660888671875
3804,HVSA_0_64,0.2362060546875,0.1175537109375,0.06903076171875,0.0867919921875,0.06573486328125
3805,WomenWhoStutter_22_30,0.1131591796875,0.14599609375,0.140625,0.270751953125,0.35498046875
3806,WomenWhoStutter_62_35,0.198486328125,0.26123046875,0.095703125,0.1590576171875,0.93359375
3807,HVSA_0_84,0.172119140625,0.1044921875,0.0240478515625,0.0221099853515625,0.2130126953125
3808,WomenWhoStutter_10_134,0.1600341796875,0.19580078125,0.05975341796875,0.06854248046875,0.90087890625
3809,StutterTalk_15_14,0.23193359375,0.083740234375,0.023651123046875,0.07904052734375,0.935546875
3810,StutterTalk_68_121,0.017578125,0.1387939453125,0.0379638671875,0.07196044921875,0.07122802734375
3811,StrongVoices_23_252,0.0615234375,0.1640625,0.059326171875,0.010406494140625,0.022979736328125
3812,StutterTalk_15_16,0.047882080078125,0.1424560546875,0.027801513671875,0.14111328125,0.09857177734375
3813,WomenWhoStutter_81_2,0.033905029296875,0.12261962890625,0.0167236328125,0.06585693359375,0.08770751953125
3814,StutteringIsCool_38_25,0.11798095703125,0.09771728515625,0.02203369140625,0.0199432373046875,0.09588623046875
3815,StutterTalk_59_2,0.072265625,0.1632080078125,0.019378662109375,0.089111328125,0.07720947265625
3816,StutteringIsCool_80_24,0.1663818359375,0.0863037109375,0.018585205078125,0.0252227783203125,0.019989013671875
3817,StutteringIsCool_29_21,0.05108642578125,0.06439208984375,0.045867919921875,0.07135009765625,0.07781982421875
3818,StrongVoices_23_27,0.2939453125,0.386474609375,0.299560546875,0.047149658203125,0.361083984375
3819,StutterTalk_72_93,0.059112548828125,0.1519775390625,0.02337646484375,0.024566650390625,0.11163330078125
3820,StrongVoices_29_30,0.55126953125,0.1153564453125,0.0285491943359375,0.016021728515625,0.1014404296875
3821,StutterTalk_80_25,0.0328369140625,0.11279296875,0.06658935546875,0.0333251953125,0.0272674560546875
3822,HeStutters_16_100,0.1856689453125,0.2103271484375,0.024932861328125,0.06732177734375,0.08758544921875
3823,HVSA_2_118,0.047607421875,0.268310546875,0.31787109375,0.2476806640625,0.12890625
3824,StrongVoices_14_8,0.0205230712890625,0.06817626953125,0.017913818359375,0.05780029296875,0.0469970703125
3825,HeStutters_16_63,0.1229248046875,0.38916015625,0.1923828125,0.2188720703125,0.1783447265625
3826,StutterTalk_64_119,0.183349609375,0.291015625,0.33642578125,0.1427001953125,0.198974609375
3827,StutteringIsCool_33_21,0.5546875,0.08123779296875,0.033660888671875,0.020294189453125,0.6923828125
3828,WomenWhoStutter_29_26,0.128662109375,0.2362060546875,0.116943359375,0.10821533203125,0.0740966796875
3829,WomenWhoStutter_55_39,0.17724609375,0.413330078125,0.268798828125,0.0546875,0.259521484375
3830,StutterTalk_49_19,0.07366943359375,0.29052734375,0.2410888671875,0.026702880859375,0.040771484375
3831,WomenWhoStutter_102_23,0.042877197265625,0.135009765625,0.0225830078125,0.0855712890625,0.053314208984375
3832,StutterTalk_49_1,0.1639404296875,0.4375,0.316650390625,0.0616455078125,0.08758544921875
3833,IStutterSoWhat_3_74,0.2406005859375,0.177490234375,0.123046875,0.08929443359375,0.06781005859375
3834,StrongVoices_21_92,0.105224609375,0.1983642578125,0.0894775390625,0.04913330078125,0.0391845703125
3835,StrongVoices_23_238,0.1873779296875,0.260009765625,0.08648681640625,0.0174407958984375,0.05108642578125
3836,WomenWhoStutter_2_57,0.1822509765625,0.155517578125,0.0386962890625,0.073974609375,0.947265625
3837,StrongVoices_0_3,0.063232421875,0.116943359375,0.01678466796875,0.01049041748046875,0.0229339599609375
3838,StrongVoices_22_39,0.06561279296875,0.1751708984375,0.01678466796875,0.021331787109375,0.039337158203125
3839,WomenWhoStutter_62_140,0.09588623046875,0.2288818359375,0.09893798828125,0.302978515625,0.416259765625
3840,WomenWhoStutter_48_3,0.100341796875,0.1640625,0.02655029296875,0.06396484375,0.07720947265625
3841,StutterTalk_54_30,0.1954345703125,0.06866455078125,0.0160980224609375,0.04803466796875,0.09967041015625
3842,StutterTalk_64_40,0.11029052734375,0.09332275390625,0.236328125,0.1546630859375,0.0635986328125
3843,StrongVoices_23_81,0.1356201171875,0.2880859375,0.08416748046875,0.01242828369140625,0.0300445556640625
3844,WomenWhoStutter_55_2,0.2342529296875,0.268310546875,0.022979736328125,0.060638427734375,0.1153564453125
3845,StutteringIsCool_23_25,0.0970458984375,0.1063232421875,0.07318115234375,0.07330322265625,0.493408203125
3846,WomenWhoStutter_97_182,0.2430419921875,0.3115234375,0.1502685546875,0.1893310546875,0.70849609375
3847,MyStutteringLife_0_28,0.0809326171875,0.21630859375,0.33544921875,0.31689453125,0.206298828125
3848,StutterTalk_26_30,0.1668701171875,0.1640625,0.024658203125,0.06646728515625,0.9091796875
3849,StutterTalk_62_39,0.5771484375,0.059112548828125,0.07183837890625,0.09771728515625,0.2646484375
3850,WomenWhoStutter_81_188,0.0802001953125,0.0953369140625,0.0144500732421875,0.0222015380859375,0.0259552001953125
3851,StrongVoices_21_12,0.0341796875,0.085693359375,0.0701904296875,0.1094970703125,0.0216522216796875
3852,StrongVoices_2_38,0.057373046875,0.163818359375,0.07763671875,0.325439453125,0.31103515625
3853,StrongVoices_32_195,0.1580810546875,0.06561279296875,0.01678466796875,0.030731201171875,0.0272674560546875
3854,WomenWhoStutter_45_21,0.1014404296875,0.1055908203125,0.0162811279296875,0.0102081298828125,0.1253662109375
3855,StutterTalk_38_16,0.05450439453125,0.13623046875,0.0190582275390625,0.08587646484375,0.1331787109375
3856,StutteringIsCool_49_14,0.03240966796875,0.375244140625,0.2230224609375,0.12359619140625,0.0703125
3857,WomenWhoStutter_30_35,0.056121826171875,0.1309814453125,0.02685546875,0.0305633544921875,0.037811279296875
3858,WomenWhoStutter_10_130,0.0982666015625,0.28369140625,0.05645751953125,0.039642333984375,0.03460693359375
3859,StutterTalk_38_30,0.0261077880859375,0.11737060546875,0.0284423828125,0.08416748046875,0.080078125
3860,StrongVoices_4_35,0.027801513671875,0.04595947265625,0.00908660888671875,0.03271484375,0.039794921875
3861,HVSA_2_140,0.149169921875,0.2430419921875,0.337158203125,0.302734375,0.0706787109375
3862,StrongVoices_23_143,0.1361083984375,0.2490234375,0.040618896484375,0.0090179443359375,0.382080078125
3863,StrongVoices_32_149,0.23095703125,0.3330078125,0.034820556640625,0.0147857666015625,0.045867919921875
3864,StutterTalk_64_51,0.08404541015625,0.0517578125,0.03521728515625,0.03759765625,0.10089111328125
3865,WomenWhoStutter_27_35,0.05419921875,0.10302734375,0.01229095458984375,0.02484130859375,0.0289306640625
3866,MyStutteringLife_18_26,0.018798828125,0.1094970703125,0.0640869140625,0.321044921875,0.172607421875
3867,StutterTalk_64_78,0.042816162109375,0.07598876953125,0.03179931640625,0.072265625,0.51220703125
3868,HVSA_2_106,0.1590576171875,0.1749267578125,0.10394287109375,0.128662109375,0.59130859375
3869,StutteringIsCool_37_20,0.08880615234375,0.36669921875,0.69384765625,0.294921875,0.1265869140625
3870,HVSA_0_73,0.04638671875,0.1556396484375,0.0517578125,0.09552001953125,0.251953125
3871,HeStutters_11_58,0.1566162109375,0.2178955078125,0.1727294921875,0.400390625,0.87646484375
3872,StutterTalk_59_35,0.02423095703125,0.10247802734375,0.038970947265625,0.07879638671875,0.05340576171875
3873,StrongVoices_8_26,0.16162109375,0.2042236328125,0.09173583984375,0.0121002197265625,0.077392578125
3874,StrongVoices_21_32,0.0784912109375,0.058441162109375,0.0154266357421875,0.035400390625,0.0830078125
3875,StutterTalk_25_183,0.085693359375,0.1778564453125,0.007259368896484375,0.015899658203125,0.11029052734375
3876,StutteringIsCool_33_9,0.12493896484375,0.2548828125,0.159912109375,0.024658203125,0.07122802734375
3877,HVSA_2_171,0.057373046875,0.06732177734375,0.05291748046875,0.304443359375,0.51416015625
3878,HVSA_0_123,0.06829833984375,0.042633056640625,0.01238250732421875,0.04638671875,0.06085205078125
3879,WomenWhoStutter_15_7,0.228271484375,0.33251953125,0.271240234375,0.0194244384765625,0.0296478271484375
3880,StutteringIsCool_28_19,0.1905517578125,0.09552001953125,0.0177764892578125,0.01751708984375,0.28076171875
3881,StrongVoices_19_28,0.047698974609375,0.06646728515625,0.030670166015625,0.141845703125,0.15771484375
3882,HeStutters_10_22,0.10015869140625,0.1611328125,0.06768798828125,0.08538818359375,0.060089111328125
3883,StutteringIsCool_37_28,0.27587890625,0.2359619140625,0.1279296875,0.0574951171875,0.05792236328125
3884,StutteringIsCool_14_37,0.1134033203125,0.184326171875,0.196044921875,0.044281005859375,0.13037109375
3885,WomenWhoStutter_62_173,0.0257568359375,0.1973876953125,0.11395263671875,0.2489013671875,0.1470947265625
3886,StutteringIsCool_17_32,0.240234375,0.297607421875,0.04559326171875,0.05718994140625,0.552734375
3887,HVSA_0_109,0.06939697265625,0.328857421875,0.1734619140625,0.0193023681640625,0.033721923828125
3888,HVSA_2_141,0.06573486328125,0.150634765625,0.2083740234375,0.332275390625,0.12054443359375
3889,StrongVoices_3_15,0.2208251953125,0.2271728515625,0.024383544921875,0.031982421875,0.07598876953125
3890,StutterTalk_10_17,0.1070556640625,0.1513671875,0.06439208984375,0.1370849609375,0.044189453125
3891,StutteringIsCool_23_26,0.04876708984375,0.0699462890625,0.0255126953125,0.0311431884765625,0.0802001953125
3892,HVSA_0_39,0.2130126953125,0.1695556640625,0.10302734375,0.06756591796875,0.279541015625
3893,WomenWhoStutter_12_38,0.1434326171875,0.146728515625,0.027374267578125,0.0202484130859375,0.04681396484375
3894,WomenWhoStutter_58_19,0.1844482421875,0.2386474609375,0.057586669921875,0.03515625,0.0765380859375
3895,WomenWhoStutter_86_139,0.246337890625,0.138427734375,0.0226287841796875,0.0321044921875,0.03271484375
3896,StutterTalk_39_15,0.027587890625,0.0823974609375,0.01406097412109375,0.045196533203125,0.04132080078125
3897,WomenWhoStutter_27_2,0.047088623046875,0.18505859375,0.01132965087890625,0.0135345458984375,0.12744140625
3898,StutteringIsCool_64_28,0.07159423828125,0.215576171875,0.10430908203125,0.107421875,0.06695556640625
3899,StutterTalk_34_24,0.446533203125,0.228515625,0.10321044921875,0.06805419921875,0.677734375
3900,StrongVoices_12_21,0.1015625,0.1063232421875,0.06500244140625,0.1466064453125,0.043121337890625
3901,WomenWhoStutter_22_31,0.1866455078125,0.093994140625,0.020965576171875,0.048583984375,0.57861328125
3902,WomenWhoStutter_2_174,0.1597900390625,0.2430419921875,0.050994873046875,0.01763916015625,0.435546875
3903,StutterTalk_8_61,0.03125,0.144775390625,0.2005615234375,0.1484375,0.1114501953125
3904,StrongVoices_12_33,0.030670166015625,0.1658935546875,0.028656005859375,0.019683837890625,0.040618896484375
3905,StrongVoices_32_166,0.09234619140625,0.203857421875,0.027008056640625,0.037109375,0.06109619140625
3906,StutterTalk_29_10,0.11260986328125,0.315185546875,0.094482421875,0.11578369140625,0.394287109375
3907,WomenWhoStutter_62_147,0.06524658203125,0.06536865234375,0.01129150390625,0.06939697265625,0.1163330078125
3908,HVSA_0_132,0.08331298828125,0.386962890625,0.443115234375,0.1307373046875,0.09619140625
3909,StutteringIsCool_29_24,0.1754150390625,0.06512451171875,0.021484375,0.044097900390625,0.25537109375
3910,HVSA_3_154,0.050140380859375,0.193359375,0.19677734375,0.08465576171875,0.0792236328125
3911,StutterTalk_26_192,0.06292724609375,0.2034912109375,0.1236572265625,0.070556640625,0.047698974609375
3912,WomenWhoStutter_96_169,0.035552978515625,0.126220703125,0.125732421875,0.1630859375,0.029754638671875
3913,HVSA_0_129,0.10357666015625,0.309326171875,0.089111328125,0.1898193359375,0.337890625
3914,StutterTalk_26_125,0.09686279296875,0.15966796875,0.021820068359375,0.0325927734375,0.0290374755859375
3915,WomenWhoStutter_2_192,0.3388671875,0.328857421875,0.1468505859375,0.04168701171875,0.420166015625
3916,StutterTalk_49_2,0.20703125,0.262939453125,0.08978271484375,0.059417724609375,0.1165771484375
3917,StutteringIsCool_61_10,0.063232421875,0.2998046875,0.118408203125,0.01751708984375,0.06524658203125
3918,StrongVoices_23_172,0.09967041015625,0.4912109375,0.34033203125,0.029876708984375,0.05059814453125
3919,StutteringIsCool_27_25,0.148193359375,0.1287841796875,0.045867919921875,0.17626953125,0.61083984375
3920,StutterTalk_18_38,0.0751953125,0.1903076171875,0.03515625,0.024566650390625,0.025421142578125
3921,WomenWhoStutter_29_11,0.05865478515625,0.138427734375,0.030853271484375,0.0261993408203125,0.05450439453125
3922,StrongVoices_21_120,0.1448974609375,0.1728515625,0.056243896484375,0.0836181640625,0.045013427734375
3923,StrongVoices_21_14,0.01450347900390625,0.131103515625,0.042724609375,0.089599609375,0.048858642578125
3924,StrongVoices_19_2,0.10247802734375,0.08465576171875,0.037384033203125,0.10992431640625,0.341552734375
3925,StutterTalk_64_10,0.28857421875,0.11798095703125,0.11676025390625,0.0313720703125,0.01512908935546875
3926,StrongVoices_1_10,0.21533203125,0.1231689453125,0.01282501220703125,0.00937652587890625,0.0260009765625
3927,WomenWhoStutter_63_27,0.260498046875,0.0723876953125,0.015899658203125,0.062225341796875,0.63916015625
3928,HVSA_2_187,0.26611328125,0.165283203125,0.097900390625,0.0616455078125,0.28955078125
3929,WomenWhoStutter_79_10,0.414794921875,0.0810546875,0.0300445556640625,0.11279296875,0.347900390625
3930,HVSA_0_38,0.501953125,0.19091796875,0.29736328125,0.0305023193359375,0.06744384765625
3931,StrongVoices_4_15,0.03662109375,0.048126220703125,0.00591278076171875,0.006587982177734375,0.023284912109375
3932,StutterTalk_7_21,0.623046875,0.28466796875,0.2076416015625,0.0303802490234375,0.1866455078125
3933,StrongVoices_32_106,0.1346435546875,0.2335205078125,0.034820556640625,0.011962890625,0.06744384765625
3934,StrongVoices_14_28,0.1873779296875,0.254150390625,0.103759765625,0.0296478271484375,0.0150146484375
3935,StutteringIsCool_80_120,0.030792236328125,0.06610107421875,0.0202484130859375,0.020416259765625,0.009674072265625
3936,StutterTalk_1_27,0.05194091796875,0.37109375,0.1439208984375,0.1131591796875,0.1925048828125
3937,StrongVoices_21_46,0.0631103515625,0.08416748046875,0.0180206298828125,0.056243896484375,0.10394287109375
3938,WomenWhoStutter_2_142,0.049224853515625,0.258056640625,0.11993408203125,0.17236328125,0.059539794921875
3939,StrongVoices_23_160,0.43896484375,0.226318359375,0.091064453125,0.1175537109375,0.10302734375
3940,StrongVoices_14_13,0.19091796875,0.2257080078125,0.0638427734375,0.007175445556640625,0.0546875
3941,WomenWhoStutter_87_194,0.161865234375,0.1470947265625,0.04248046875,0.062103271484375,0.939453125
3942,StrongVoices_8_27,0.23876953125,0.2548828125,0.11083984375,0.0226287841796875,0.0316162109375
3943,HVSA_3_78,0.09808349609375,0.174072265625,0.0537109375,0.0863037109375,0.6474609375
3944,WomenWhoStutter_87_88,0.0413818359375,0.1446533203125,0.166259765625,0.18212890625,0.07452392578125
3945,StrongVoices_21_121,0.08404541015625,0.1397705078125,0.053985595703125,0.130126953125,0.11517333984375
3946,WomenWhoStutter_30_3,0.253173828125,0.1285400390625,0.02447509765625,0.0162200927734375,0.048858642578125
3947,WomenWhoStutter_64_10,0.326904296875,0.23876953125,0.08477783203125,0.062103271484375,0.86865234375
3948,WomenWhoStutter_46_5,0.11083984375,0.1380615234375,0.0560302734375,0.271484375,0.282958984375
3949,WomenWhoStutter_102_28,0.033721923828125,0.2352294921875,0.0273284912109375,0.1153564453125,0.26904296875
3950,HVSA_2_102,0.2122802734375,0.1561279296875,0.0701904296875,0.1343994140625,0.1773681640625
3951,StutterTalk_37_21,0.249267578125,0.137939453125,0.0615234375,0.251708984375,0.1461181640625
3952,HVSA_0_93,0.16845703125,0.236572265625,0.0999755859375,0.0230712890625,0.094482421875
3953,StrongVoices_22_31,0.058135986328125,0.11065673828125,0.04296875,0.0386962890625,0.03314208984375
3954,StutterTalk_64_49,0.05645751953125,0.076416015625,0.01666259765625,0.1348876953125,0.1346435546875
3955,StutteringIsCool_81_28,0.335205078125,0.1331787109375,0.0323486328125,0.06243896484375,0.96044921875
3956,StrongVoices_22_2,0.0966796875,0.1319580078125,0.0301513671875,0.0272674560546875,0.02838134765625
3957,WomenWhoStutter_21_202,0.06634521484375,0.120361328125,0.034942626953125,0.0200958251953125,0.0374755859375
3958,StrongVoices_7_7,0.033905029296875,0.406982421875,0.1873779296875,0.07080078125,0.08526611328125
3959,WomenWhoStutter_21_31,0.51904296875,0.217041015625,0.08770751953125,0.0287628173828125,0.06109619140625
3960,HeStutters_16_173,0.1590576171875,0.26904296875,0.09271240234375,0.1717529296875,0.08270263671875
3961,StrongVoices_21_21,0.06585693359375,0.10467529296875,0.01233673095703125,0.026458740234375,0.035614013671875
3962,IStutterSoWhat_0_120,0.07342529296875,0.1275634765625,0.0205230712890625,0.03271484375,0.07879638671875
3963,StrongVoices_10_144,0.169189453125,0.260498046875,0.34619140625,0.048858642578125,0.090576171875
3964,WomenWhoStutter_87_87,0.04486083984375,0.195556640625,0.1495361328125,0.1728515625,0.2313232421875
3965,MyStutteringLife_21_36,0.060211181640625,0.378662109375,0.65380859375,0.1795654296875,0.2384033203125
3966,WomenWhoStutter_10_162,0.10052490234375,0.3017578125,0.490478515625,0.125244140625,0.05126953125
3967,StutteringIsCool_45_16,0.039276123046875,0.292236328125,0.05572509765625,0.039947509765625,0.1329345703125
3968,WomenWhoStutter_86_83,0.07147216796875,0.2042236328125,0.15576171875,0.349365234375,0.07763671875
3969,StrongVoices_12_2,0.10931396484375,0.20947265625,0.0300445556640625,0.0141754150390625,0.0256195068359375
3970,WomenWhoStutter_15_20,0.1134033203125,0.42822265625,0.331298828125,0.1251220703125,0.097412109375
3971,HVSA_3_203,0.224853515625,0.154296875,0.09466552734375,0.044189453125,0.05419921875
3972,StutterTalk_64_3,0.0333251953125,0.1806640625,0.09857177734375,0.0154266357421875,0.040985107421875
3973,HVSA_3_75,0.1329345703125,0.19580078125,0.1346435546875,0.06842041015625,0.1336669921875
3974,MyStutteringLife_39_22,0.06866455078125,0.324462890625,0.437744140625,0.46435546875,0.32177734375
3975,StutterTalk_64_86,0.059539794921875,0.0982666015625,0.04559326171875,0.1614990234375,0.04986572265625
3976,HeStutters_18_147,0.051849365234375,0.06488037109375,0.01177978515625,0.06793212890625,0.039642333984375
3977,StutterTalk_7_29,0.140869140625,0.417724609375,0.09857177734375,0.06396484375,0.2064208984375
3978,StutteringIsCool_60_20,0.08978271484375,0.05224609375,0.011962890625,0.049407958984375,0.56640625
3979,StrongVoices_8_36,0.6015625,0.25439453125,0.154296875,0.04510498046875,0.09503173828125
3980,WomenWhoStutter_69_2,0.07305908203125,0.171875,0.022369384765625,0.0535888671875,0.06915283203125
3981,WomenWhoStutter_21_89,0.04840087890625,0.059112548828125,0.01233673095703125,0.0164642333984375,0.0169219970703125
3982,StrongVoices_32_14,0.10797119140625,0.2049560546875,0.037384033203125,0.03460693359375,0.1015625
3983,MyStutteringLife_5_29,0.194091796875,0.2113037109375,0.08282470703125,0.029541015625,0.0196075439453125
3984,WomenWhoStutter_69_16,0.1495361328125,0.07452392578125,0.00933837890625,0.09619140625,0.50927734375
3985,HeStutters_11_30,0.462158203125,0.06292724609375,0.0184783935546875,0.09075927734375,0.6298828125
3986,StrongVoices_1_11,0.09124755859375,0.10052490234375,0.017852783203125,0.01029205322265625,0.0115509033203125
3987,HVSA_2_5,0.047698974609375,0.1727294921875,0.1593017578125,0.240966796875,0.1939697265625
3988,WomenWhoStutter_10_64,0.1114501953125,0.179443359375,0.02655029296875,0.0268096923828125,0.06243896484375
3989,StutteringIsCool_73_32,0.25341796875,0.2459716796875,0.2467041015625,0.04949951171875,0.105224609375
3990,StutterTalk_66_35,0.027069091796875,0.110107421875,0.0552978515625,0.1549072265625,0.07464599609375
3991,WomenWhoStutter_30_202,0.089599609375,0.09686279296875,0.008514404296875,0.01337432861328125,0.0260009765625
3992,HVSA_2_133,0.1063232421875,0.31591796875,0.4482421875,0.1973876953125,0.0975341796875
3993,StutterTalk_10_18,0.131591796875,0.2349853515625,0.20166015625,0.10430908203125,0.0413818359375
3994,IStutterSoWhat_3_142,0.5048828125,0.2093505859375,0.33740234375,0.1971435546875,0.339111328125
3995,HVSA_3_126,0.06573486328125,0.257080078125,0.146484375,0.053314208984375,0.1348876953125
3996,StrongVoices_0_4,0.08447265625,0.12347412109375,0.017242431640625,0.11981201171875,0.29736328125
3997,HVSA_0_33,0.1815185546875,0.2042236328125,0.043212890625,0.0164642333984375,0.0188751220703125
3998,IStutterSoWhat_3_55,0.5947265625,0.23388671875,0.2425537109375,0.0794677734375,0.0560302734375
3999,IStutterSoWhat_3_125,0.0765380859375,0.1849365234375,0.10595703125,0.26806640625,0.6904296875
4000,WomenWhoStutter_90_32,0.11962890625,0.276123046875,0.434814453125,0.46728515625,0.420166015625
4001,StutterTalk_78_11,0.062103271484375,0.0701904296875,0.00945281982421875,0.0394287109375,0.69482421875
4002,StrongVoices_23_100,0.285400390625,0.1292724609375,0.017913818359375,0.014556884765625,0.7841796875
4003,WomenWhoStutter_2_90,0.0872802734375,0.1822509765625,0.03021240234375,0.037384033203125,0.06524658203125
4004,StutterTalk_29_36,0.048492431640625,0.1387939453125,0.0226287841796875,0.03173828125,0.025421142578125
4005,StutteringIsCool_37_27,0.83935546875,0.103759765625,0.1044921875,0.06549072265625,0.298583984375
4006,StutterTalk_9_39,0.03643798828125,0.07989501953125,0.019195556640625,0.044586181640625,0.047149658203125
4007,HeStutters_2_174,0.218505859375,0.163818359375,0.034820556640625,0.0265045166015625,0.32958984375
4008,StutterTalk_26_6,0.1251220703125,0.0751953125,0.01971435546875,0.028594970703125,0.0211639404296875
4009,StrongVoices_23_25,0.10968017578125,0.42724609375,0.434326171875,0.038177490234375,0.0830078125
4010,StrongVoices_17_38,0.051544189453125,0.265380859375,0.11376953125,0.0244293212890625,0.0225830078125
4011,StutterTalk_72_143,0.3408203125,0.139892578125,0.039794921875,0.0994873046875,0.0751953125
4012,StutteringIsCool_61_30,0.12939453125,0.265380859375,0.06280517578125,0.032958984375,0.0938720703125
4013,WomenWhoStutter_97_166,0.190673828125,0.1671142578125,0.045867919921875,0.06597900390625,0.95849609375
4014,StutterTalk_64_158,0.1033935546875,0.070556640625,0.0097808837890625,0.04595947265625,0.33447265625
4015,StutterTalk_7_32,0.25927734375,0.17431640625,0.081787109375,0.0294189453125,0.46533203125
4016,StutteringIsCool_79_12,0.329833984375,0.228271484375,0.413818359375,0.0245208740234375,0.04248046875
4017,WomenWhoStutter_27_36,0.19677734375,0.355224609375,0.07977294921875,0.03662109375,0.2310791015625
4018,StutterTalk_68_184,0.01678466796875,0.1790771484375,0.036773681640625,0.0604248046875,0.08154296875
4019,IStutterSoWhat_0_129,0.033477783203125,0.1270751953125,0.03759765625,0.041229248046875,0.0379638671875
4020,WomenWhoStutter_2_147,0.07135009765625,0.18896484375,0.04876708984375,0.053009033203125,0.0999755859375
4021,WomenWhoStutter_62_144,0.0831298828125,0.09967041015625,0.0305633544921875,0.1351318359375,0.0966796875
4022,WomenWhoStutter_21_47,0.08831787109375,0.09912109375,0.026763916015625,0.022369384765625,0.01837158203125
4023,StutterTalk_59_34,0.01483917236328125,0.06927490234375,0.01085662841796875,0.03155517578125,0.0303802490234375
4024,StutterTalk_38_12,0.04779052734375,0.18408203125,0.059967041015625,0.05780029296875,0.03521728515625
4025,StutteringIsCool_34_155,0.0728759765625,0.070068359375,0.0125732421875,0.071044921875,0.205810546875
4026,WomenWhoStutter_55_34,0.464599609375,0.07183837890625,0.0182647705078125,0.07171630859375,0.73974609375
4027,WomenWhoStutter_21_28,0.254150390625,0.1357421875,0.0634765625,0.1302490234375,0.09771728515625
4028,StrongVoices_32_132,0.64208984375,0.1761474609375,0.1781005859375,0.047607421875,0.03594970703125
4029,WomenWhoStutter_10_110,0.0706787109375,0.337158203125,0.3818359375,0.43505859375,0.11798095703125
4030,StutteringIsCool_1_19,0.043212890625,0.258056640625,0.149658203125,0.258544921875,0.1876220703125
4031,StutteringIsCool_73_15,0.05572509765625,0.259521484375,0.1649169921875,0.11456298828125,0.2012939453125
4032,HVSA_3_9,0.433349609375,0.1983642578125,0.2232666015625,0.11083984375,0.0328369140625
4033,IStutterSoWhat_3_1,0.105224609375,0.2607421875,0.410400390625,0.1083984375,0.046905517578125
4034,HeStutters_11_37,0.07476806640625,0.367919921875,0.389404296875,0.302001953125,0.1181640625
4035,StrongVoices_10_172,0.1427001953125,0.2352294921875,0.042083740234375,0.0704345703125,0.301025390625
4036,StutteringIsCool_23_10,0.046539306640625,0.16845703125,0.20849609375,0.181640625,0.2166748046875
4037,StrongVoices_21_109,0.044189453125,0.05633544921875,0.01473236083984375,0.07342529296875,0.05059814453125
4038,StrongVoices_23_90,0.275146484375,0.2347412109375,0.053985595703125,0.018768310546875,0.14404296875
4039,StrongVoices_28_13,0.17919921875,0.05780029296875,0.007259368896484375,0.0202178955078125,0.6083984375
4040,WomenWhoStutter_96_192,0.09320068359375,0.363525390625,0.2900390625,0.06597900390625,0.163818359375
4041,StrongVoices_21_41,0.11474609375,0.0831298828125,0.0290374755859375,0.07305908203125,0.5283203125
4042,StutteringIsCool_23_29,0.07342529296875,0.056976318359375,0.022369384765625,0.0843505859375,0.82666015625
4043,StrongVoices_5_34,0.490234375,0.257080078125,0.0982666015625,0.05126953125,0.0268096923828125
4044,StutterTalk_62_0,0.55712890625,0.0531005859375,0.0236968994140625,0.053985595703125,0.84375
4045,StutteringIsCool_73_20,0.1917724609375,0.10394287109375,0.0193023681640625,0.09808349609375,0.1632080078125
4046,StutteringIsCool_14_27,0.092529296875,0.1007080078125,0.0794677734375,0.042022705078125,0.12213134765625
4047,HeStutters_11_105,0.2398681640625,0.250732421875,0.0263519287109375,0.053985595703125,0.09503173828125
4048,HVSA_3_158,0.529296875,0.302978515625,0.49560546875,0.185791015625,0.140869140625
4049,StrongVoices_32_76,0.311767578125,0.21728515625,0.049224853515625,0.0141754150390625,0.03216552734375
4050,StrongVoices_17_27,0.60888671875,0.244384765625,0.42919921875,0.07891845703125,0.0439453125
4051,WomenWhoStutter_10_186,0.1729736328125,0.251220703125,0.1771240234375,0.034881591796875,0.033782958984375
4052,WomenWhoStutter_45_29,0.1826171875,0.091552734375,0.02215576171875,0.087890625,0.0755615234375
4053,StrongVoices_2_2,0.2220458984375,0.365478515625,0.093994140625,0.04083251953125,0.055206298828125
4054,StutteringIsCool_80_104,0.1259765625,0.080810546875,0.0296478271484375,0.29150390625,0.268798828125
4055,StrongVoices_22_19,0.08587646484375,0.31640625,0.07489013671875,0.0265045166015625,0.09503173828125
4056,HVSA_1_111,0.058441162109375,0.370849609375,0.1767578125,0.037109375,0.155029296875
4057,IStutterSoWhat_3_114,0.1153564453125,0.25146484375,0.1868896484375,0.176513671875,0.1131591796875
4058,StutterTalk_26_41,0.134521484375,0.2091064453125,0.040313720703125,0.032958984375,0.0296478271484375
4059,StutterTalk_64_2,0.08477783203125,0.2088623046875,0.07196044921875,0.03790283203125,0.263671875
4060,IStutterSoWhat_3_42,0.03839111328125,0.164306640625,0.0161590576171875,0.028106689453125,0.1224365234375
4061,WomenWhoStutter_30_189,0.05224609375,0.060211181640625,0.012481689453125,0.0189361572265625,0.015899658203125
4062,StutterTalk_60_16,0.10760498046875,0.242431640625,0.0411376953125,0.06756591796875,0.333251953125
4063,StrongVoices_10_147,0.08660888671875,0.11358642578125,0.017913818359375,0.01132965087890625,0.04840087890625
4064,WomenWhoStutter_2_159,0.1717529296875,0.26611328125,0.5810546875,0.2374267578125,0.0869140625
4065,StrongVoices_32_136,0.046630859375,0.2125244140625,0.034027099609375,0.01507568359375,0.03790283203125
4066,StutterTalk_16_7,0.134765625,0.351318359375,0.461669921875,0.193603515625,0.097900390625
4067,WomenWhoStutter_21_43,0.0740966796875,0.171142578125,0.11676025390625,0.03643798828125,0.0186920166015625
4068,StutteringIsCool_61_31,0.1494140625,0.1978759765625,0.0709228515625,0.046722412109375,0.85009765625
4069,StutterTalk_37_45,0.1070556640625,0.2000732421875,0.0823974609375,0.1763916015625,0.2166748046875
4070,StrongVoices_9_1,0.295166015625,0.1632080078125,0.035675048828125,0.0255126953125,0.06781005859375
4071,IStutterSoWhat_0_58,0.0390625,0.1531982421875,0.04217529296875,0.0284423828125,0.018096923828125
4072,WomenWhoStutter_10_180,0.17333984375,0.1976318359375,0.047149658203125,0.017181396484375,0.027740478515625
4073,StrongVoices_23_97,0.131591796875,0.2138671875,0.06475830078125,0.005199432373046875,0.0257568359375
4074,WomenWhoStutter_52_34,0.0273284912109375,0.08197021484375,0.0099334716796875,0.0343017578125,0.054290771484375
4075,WomenWhoStutter_97_172,0.085693359375,0.2391357421875,0.31982421875,0.2327880859375,0.08154296875
4076,HeStutters_12_134,0.4736328125,0.26611328125,0.10089111328125,0.09600830078125,0.06427001953125
4077,StrongVoices_32_155,0.188232421875,0.1402587890625,0.01322174072265625,0.0290374755859375,0.50146484375
4078,StrongVoices_23_125,0.058349609375,0.2548828125,0.060516357421875,0.0160980224609375,0.051544189453125
4079,StutterTalk_72_184,0.06683349609375,0.1529541015625,0.018829345703125,0.058990478515625,0.13330078125
4080,StutteringIsCool_34_175,0.36669921875,0.272216796875,0.1259765625,0.045013427734375,0.366943359375
4081,StrongVoices_32_39,0.236328125,0.1278076171875,0.01898193359375,0.0247039794921875,0.07891845703125
4082,StrongVoices_2_28,0.159423828125,0.284912109375,0.08538818359375,0.012969970703125,0.0232391357421875
4083,IStutterSoWhat_0_57,0.1739501953125,0.307861328125,0.298828125,0.06768798828125,0.049591064453125
4084,StrongVoices_21_188,0.2060546875,0.37353515625,0.2822265625,0.052825927734375,0.1702880859375
4085,StutterTalk_10_32,0.2042236328125,0.1439208984375,0.080078125,0.12493896484375,0.25341796875
4086,StutterTalk_18_29,0.091552734375,0.2183837890625,0.0153045654296875,0.0167236328125,0.1207275390625
4087,WomenWhoStutter_10_155,0.054290771484375,0.1787109375,0.0753173828125,0.04296875,0.025665283203125
4088,StrongVoices_10_114,0.359130859375,0.0970458984375,0.0322265625,0.017242431640625,0.7958984375
4089,StutteringIsCool_34_149,0.2347412109375,0.25048828125,0.138427734375,0.023956298828125,0.061309814453125
4090,StutteringIsCool_2_3,0.06842041015625,0.171630859375,0.1375732421875,0.26416015625,0.3876953125
4091,StutterTalk_64_74,0.314697265625,0.17236328125,0.1551513671875,0.03460693359375,0.026611328125
4092,StrongVoices_3_12,0.1798095703125,0.29541015625,0.06536865234375,0.059417724609375,0.13037109375
4093,StutteringIsCool_33_37,0.041839599609375,0.156982421875,0.041534423828125,0.0894775390625,0.0823974609375
4094,StrongVoices_32_6,0.3935546875,0.1591796875,0.03125,0.03338623046875,0.037384033203125
4095,StutterTalk_72_38,0.275390625,0.258056640625,0.045196533203125,0.0265045166015625,0.393798828125
4096,StutteringIsCool_46_177,0.318603515625,0.1446533203125,0.02203369140625,0.07684326171875,0.1787109375
4097,HeStutters_18_54,0.23876953125,0.18798828125,0.1268310546875,0.1336669921875,0.16455078125
4098,WomenWhoStutter_96_16,0.03277587890625,0.1705322265625,0.1611328125,0.341796875,0.2037353515625
4099,MyStutteringLife_21_39,0.07574462890625,0.322265625,0.07666015625,0.05450439453125,0.038543701171875
4100,StutterTalk_54_3,0.021942138671875,0.07489013671875,0.0282135009765625,0.188232421875,0.1260986328125
4101,HeStutters_16_29,0.19091796875,0.21435546875,0.08404541015625,0.240478515625,0.1734619140625
4102,WomenWhoStutter_2_73,0.1800537109375,0.385009765625,0.047088623046875,0.0189056396484375,0.12115478515625
4103,WomenWhoStutter_76_19,0.030914306640625,0.0616455078125,0.017181396484375,0.10614013671875,0.0592041015625
4104,StrongVoices_28_21,0.0894775390625,0.22802734375,0.09271240234375,0.0259552001953125,0.05987548828125
4105,HeStutters_2_54,0.025177001953125,0.259765625,0.273681640625,0.263916015625,0.09967041015625
4106,StrongVoices_21_90,0.06732177734375,0.1424560546875,0.0239105224609375,0.056854248046875,0.059326171875
4107,StrongVoices_8_38,0.09912109375,0.28955078125,0.1715087890625,0.03839111328125,0.055206298828125
4108,HVSA_1_139,0.1324462890625,0.2880859375,0.1019287109375,0.04986572265625,0.091064453125
4109,StutteringIsCool_38_24,0.46337890625,0.2125244140625,0.236572265625,0.052520751953125,0.0282135009765625
4110,StutterTalk_1_11,0.062103271484375,0.128662109375,0.043609619140625,0.08660888671875,0.045257568359375
4111,StrongVoices_1_14,0.05865478515625,0.1524658203125,0.021697998046875,0.0097808837890625,0.0153656005859375
4112,WomenWhoStutter_2_139,0.12054443359375,0.316162109375,0.50048828125,0.537109375,0.298095703125
4113,StrongVoices_28_29,0.2587890625,0.217529296875,0.0894775390625,0.0279083251953125,0.141845703125
4114,StutterTalk_58_1,0.0592041015625,0.1966552734375,0.5478515625,0.433349609375,0.217529296875
4115,StrongVoices_23_189,0.17919921875,0.48583984375,0.1514892578125,0.035736083984375,0.1983642578125
4116,HeStutters_18_81,0.039794921875,0.1851806640625,0.060760498046875,0.12451171875,0.06951904296875
4117,StutterTalk_64_189,0.0191650390625,0.11065673828125,0.0254669189453125,0.1790771484375,0.07208251953125
4118,StrongVoices_5_28,0.059417724609375,0.250244140625,0.027587890625,0.0218658447265625,0.044097900390625
4119,StutterTalk_49_27,0.052032470703125,0.1602783203125,0.348876953125,0.481689453125,0.396728515625
4120,HeStutters_12_36,0.08209228515625,0.1810302734375,0.03759765625,0.0306243896484375,0.65185546875
4121,StutterTalk_37_124,0.1890869140625,0.06964111328125,0.037200927734375,0.28076171875,0.45751953125
4122,WomenWhoStutter_21_145,0.1834716796875,0.183349609375,0.0869140625,0.04168701171875,0.171142578125
4123,StrongVoices_32_74,0.412353515625,0.32177734375,0.1707763671875,0.0199432373046875,0.024383544921875
4124,StrongVoices_1_6,0.1717529296875,0.2286376953125,0.152099609375,0.03314208984375,0.011871337890625
4125,StutteringIsCool_1_9,0.03204345703125,0.06585693359375,0.011688232421875,0.03326416015625,0.0755615234375
4126,HVSA_0_89,0.057373046875,0.07354736328125,0.00963592529296875,0.00945281982421875,0.03338623046875
4127,WomenWhoStutter_2_134,0.053497314453125,0.229248046875,0.05108642578125,0.03179931640625,0.03204345703125
4128,WomenWhoStutter_102_20,0.0809326171875,0.38671875,0.0966796875,0.037750244140625,0.049774169921875
4129,WomenWhoStutter_82_1,0.2301025390625,0.157470703125,0.04046630859375,0.026702880859375,0.9365234375
4130,StutterTalk_72_181,0.08868408203125,0.302734375,0.1048583984375,0.047332763671875,0.09124755859375
4131,StutterTalk_37_17,0.2257080078125,0.137939453125,0.037750244140625,0.091064453125,0.34326171875
4132,StutterTalk_72_3,0.049774169921875,0.1650390625,0.03948974609375,0.03228759765625,0.06439208984375
4133,StutterTalk_10_38,0.09930419921875,0.1632080078125,0.0552978515625,0.052520751953125,0.021820068359375
4134,WomenWhoStutter_42_0,0.18798828125,0.1441650390625,0.0251312255859375,0.025421142578125,0.1619873046875
4135,StrongVoices_32_32,0.1041259765625,0.1435546875,0.0943603515625,0.02886962890625,0.0284423828125
4136,StutteringIsCool_76_12,0.0325927734375,0.1083984375,0.03131103515625,0.0504150390625,0.0227203369140625
4137,StutteringIsCool_45_32,0.0202178955078125,0.1470947265625,0.044097900390625,0.034759521484375,0.12451171875
4138,StutterTalk_64_173,0.037750244140625,0.07183837890625,0.0247039794921875,0.08343505859375,0.0830078125
4139,StutterTalk_64_95,0.10467529296875,0.0706787109375,0.02215576171875,0.09637451171875,0.474365234375
4140,WomenWhoStutter_87_176,0.05291748046875,0.1187744140625,0.019989013671875,0.0633544921875,0.87451171875
4141,HVSA_1_95,0.03314208984375,0.2587890625,0.095703125,0.033721923828125,0.071044921875
4142,WomenWhoStutter_27_6,0.127197265625,0.32666015625,0.11297607421875,0.03314208984375,0.0287017822265625
4143,StutterTalk_25_154,0.04327392578125,0.1124267578125,0.04779052734375,0.1033935546875,0.04620361328125
4144,StutteringIsCool_76_15,0.64404296875,0.10107421875,0.035552978515625,0.044586181640625,0.82763671875
4145,StutterTalk_64_190,0.1336669921875,0.08526611328125,0.00955963134765625,0.048492431640625,0.438232421875
4146,StutterTalk_8_40,0.110107421875,0.08038330078125,0.050994873046875,0.03607177734375,0.1317138671875
4147,StutterTalk_51_30,0.06488037109375,0.415283203125,0.223876953125,0.03289794921875,0.04620361328125
4148,StutterTalk_64_147,0.160400390625,0.0872802734375,0.0169219970703125,0.07904052734375,0.88916015625
4149,StrongVoices_23_65,0.1539306640625,0.292236328125,0.137939453125,0.035888671875,0.026702880859375
4150,StutteringIsCool_44_23,0.041229248046875,0.0699462890625,0.0139007568359375,0.0247955322265625,0.0255126953125
4151,StrongVoices_23_184,0.130126953125,0.1845703125,0.0592041015625,0.007904052734375,0.018768310546875
4152,HVSA_0_13,0.0592041015625,0.107421875,0.044586181640625,0.1337890625,0.1165771484375
4153,HVSA_0_14,0.08038330078125,0.08209228515625,0.029815673828125,0.035400390625,0.0333251953125
4154,StutteringIsCool_80_74,0.1771240234375,0.2529296875,0.197265625,0.269775390625,0.18212890625
4155,WomenWhoStutter_30_108,0.2310791015625,0.230224609375,0.038238525390625,0.01483917236328125,0.169189453125
4156,WomenWhoStutter_2_59,0.0321044921875,0.2095947265625,0.0271759033203125,0.0115509033203125,0.0223236083984375
4157,StutteringIsCool_62_14,0.055816650390625,0.181396484375,0.020843505859375,0.00714874267578125,0.023193359375
4158,HVSA_2_46,0.1070556640625,0.2626953125,0.2476806640625,0.08404541015625,0.055511474609375
4159,StutteringIsCool_80_81,0.0943603515625,0.17724609375,0.07183837890625,0.12286376953125,0.06488037109375
4160,WomenWhoStutter_14_209,0.0849609375,0.226806640625,0.04779052734375,0.0273284912109375,0.029754638671875
4161,HVSA_1_37,0.10760498046875,0.274169921875,0.1981201171875,0.0189361572265625,0.01090240478515625
4162,StutteringIsCool_50_1,0.042236328125,0.07891845703125,0.02655029296875,0.0101318359375,0.0224609375
4163,StrongVoices_23_15,0.41015625,0.30908203125,0.33837890625,0.09417724609375,0.09075927734375
4164,HeStutters_16_56,0.323974609375,0.2166748046875,0.05706787109375,0.12493896484375,0.0751953125
4165,HeStutters_16_90,0.2110595703125,0.1134033203125,0.01450347900390625,0.06304931640625,0.48583984375
4166,StrongVoices_23_35,0.137939453125,0.35791015625,0.25634765625,0.0709228515625,0.08587646484375
4167,WomenWhoStutter_97_193,0.0455322265625,0.2427978515625,0.2010498046875,0.2330322265625,0.75244140625
4168,StrongVoices_7_38,0.494873046875,0.08526611328125,0.01983642578125,0.0242767333984375,0.0784912109375
4169,WomenWhoStutter_45_28,0.1312255859375,0.062225341796875,0.017852783203125,0.049591064453125,0.286865234375
4170,StutterTalk_44_27,0.305419921875,0.1444091796875,0.036895751953125,0.1143798828125,0.11102294921875
4171,HVSA_3_62,0.64404296875,0.258056640625,0.337158203125,0.08587646484375,0.236328125
4172,WomenWhoStutter_97_65,0.050323486328125,0.29833984375,0.1568603515625,0.2117919921875,0.515625
4173,WomenWhoStutter_81_6,0.196533203125,0.1917724609375,0.02337646484375,0.048583984375,0.8662109375
4174,StutteringIsCool_69_8,0.032958984375,0.1585693359375,0.274658203125,0.165283203125,0.055938720703125
4175,HeStutters_16_27,0.318603515625,0.1925048828125,0.265380859375,0.40283203125,0.26123046875
4176,StutterTalk_63_18,0.0531005859375,0.39306640625,0.72998046875,0.2000732421875,0.09136962890625
4177,StutteringIsCool_75_36,0.09320068359375,0.4189453125,0.60205078125,0.07879638671875,0.1275634765625
4178,MyStutteringLife_18_18,0.01666259765625,0.2108154296875,0.08038330078125,0.159423828125,0.135986328125
4179,WomenWhoStutter_2_58,0.187255859375,0.1602783203125,0.023651123046875,0.02691650390625,0.462646484375
4180,StutterTalk_51_11,0.050811767578125,0.19189453125,0.023101806640625,0.050994873046875,0.044342041015625
4181,WomenWhoStutter_14_208,0.0755615234375,0.264404296875,0.18603515625,0.259033203125,0.09637451171875
4182,StrongVoices_32_59,0.06292724609375,0.2529296875,0.19189453125,0.0205230712890625,0.038543701171875
4183,StutterTalk_32_38,0.0284423828125,0.1427001953125,0.020172119140625,0.060760498046875,0.1153564453125
4184,StrongVoices_21_59,0.5556640625,0.149658203125,0.06982421875,0.06427001953125,0.404541015625
4185,HVSA_2_38,0.26171875,0.1943359375,0.151123046875,0.16943359375,0.1041259765625
4186,WomenWhoStutter_96_159,0.04351806640625,0.095703125,0.034820556640625,0.06793212890625,0.06756591796875
4187,StutterTalk_37_177,0.07794189453125,0.1728515625,0.2496337890625,0.30224609375,0.12646484375
4188,WomenWhoStutter_86_22,0.2998046875,0.182373046875,0.0343017578125,0.1446533203125,0.79345703125
4189,WomenWhoStutter_62_65,0.0204925537109375,0.10430908203125,0.03155517578125,0.10894775390625,0.05340576171875
4190,StrongVoices_9_21,0.34814453125,0.10614013671875,0.0165252685546875,0.007232666015625,0.489501953125
4191,HeStutters_16_37,0.0455322265625,0.16162109375,0.039703369140625,0.08038330078125,0.12432861328125
4192,StutterTalk_76_20,0.046478271484375,0.1171875,0.0374755859375,0.06304931640625,0.155517578125
4193,StutterTalk_76_2,0.0223236083984375,0.08331298828125,0.0262603759765625,0.0640869140625,0.143798828125
4194,HeStutters_5_198,0.1121826171875,0.285400390625,0.280517578125,0.095703125,0.0728759765625
4195,WomenWhoStutter_30_118,0.0282135009765625,0.060638427734375,0.044097900390625,0.09722900390625,0.04779052734375
4196,StutterTalk_16_4,0.2371826171875,0.11029052734375,0.04345703125,0.09222412109375,0.341552734375
4197,StutteringIsCool_80_133,0.052337646484375,0.1251220703125,0.07598876953125,0.13330078125,0.04620361328125
4198,HeStutters_16_208,0.282470703125,0.1470947265625,0.0215301513671875,0.0252227783203125,0.041534423828125
4199,WomenWhoStutter_63_14,0.272705078125,0.267333984375,0.11419677734375,0.0217437744140625,0.027740478515625
4200,StutterTalk_37_5,0.1258544921875,0.145751953125,0.12115478515625,0.1513671875,0.289306640625
4201,StutterTalk_72_31,0.034942626953125,0.1287841796875,0.0391845703125,0.03985595703125,0.0261077880859375
4202,StutterTalk_38_2,0.301025390625,0.301025390625,0.298095703125,0.140869140625,0.6572265625
4203,StutterTalk_26_24,0.07696533203125,0.1845703125,0.01495361328125,0.03155517578125,0.05072021484375
4204,IStutterSoWhat_0_52,0.1671142578125,0.33544921875,0.172119140625,0.018585205078125,0.053802490234375
4205,StutterTalk_76_9,0.0548095703125,0.1893310546875,0.127685546875,0.04327392578125,0.0196075439453125
4206,HVSA_2_121,0.0287628173828125,0.1654052734375,0.0982666015625,0.0894775390625,0.04351806640625
4207,StutterTalk_64_33,0.2103271484375,0.11029052734375,0.056243896484375,0.0251312255859375,0.037384033203125
4208,HeStutters_3_16,0.136474609375,0.281494140625,0.061431884765625,0.11065673828125,0.309326171875
4209,StrongVoices_23_88,0.326904296875,0.34375,0.1800537109375,0.028656005859375,0.2110595703125
4210,StutteringIsCool_46_192,0.0248870849609375,0.31005859375,0.26611328125,0.03656005859375,0.04620361328125
4211,WomenWhoStutter_62_48,0.043853759765625,0.2095947265625,0.2049560546875,0.2607421875,0.250732421875
4212,WomenWhoStutter_62_171,0.2059326171875,0.1605224609375,0.048583984375,0.1719970703125,0.9208984375
4213,StutteringIsCool_17_33,0.1436767578125,0.17578125,0.048583984375,0.029541015625,0.0287017822265625
4214,HVSA_2_54,0.0701904296875,0.105224609375,0.086181640625,0.268798828125,0.161865234375
4215,StrongVoices_23_123,0.0616455078125,0.20263671875,0.0271148681640625,0.0125274658203125,0.2335205078125
4216,StutterTalk_64_202,0.07354736328125,0.296142578125,0.5185546875,0.0970458984375,0.06439208984375
4217,StutterTalk_64_4,0.2235107421875,0.2437744140625,0.260009765625,0.03271484375,0.05389404296875
4218,StutterTalk_72_154,0.1702880859375,0.16015625,0.05242919921875,0.042236328125,0.050140380859375
4219,WomenWhoStutter_10_140,0.21240234375,0.1368408203125,0.022369384765625,0.0253753662109375,0.1177978515625
4220,StutterTalk_44_25,0.11163330078125,0.184814453125,0.06951904296875,0.1700439453125,0.4345703125
4221,WomenWhoStutter_30_5,0.178466796875,0.09136962890625,0.05419921875,0.0460205078125,0.03021240234375
4222,HeStutters_17_25,0.0209197998046875,0.10467529296875,0.0306243896484375,0.115966796875,0.12359619140625
4223,HeStutters_16_157,0.07159423828125,0.2197265625,0.135009765625,0.317626953125,0.2646484375
4224,StutteringIsCool_50_25,0.0889892578125,0.24365234375,0.08209228515625,0.00894927978515625,0.054290771484375
4225,WomenWhoStutter_83_20,0.0869140625,0.12445068359375,0.0139007568359375,0.044342041015625,0.90869140625
4226,StutterTalk_72_55,0.0261077880859375,0.154052734375,0.025177001953125,0.0234222412109375,0.045684814453125
4227,StrongVoices_32_180,0.11737060546875,0.25830078125,0.0263519287109375,0.00930023193359375,0.07989501953125
4228,WomenWhoStutter_62_77,0.07781982421875,0.1505126953125,0.0216522216796875,0.08709716796875,0.496826171875
4229,StutteringIsCool_29_18,0.10321044921875,0.1461181640625,0.18115234375,0.080078125,0.092529296875
4230,StutterTalk_37_49,0.1044921875,0.28173828125,0.420654296875,0.22021484375,0.217041015625
4231,StrongVoices_4_30,0.040924072265625,0.1370849609375,0.0165863037109375,0.0232391357421875,0.04046630859375
4232,StutteringIsCool_38_12,0.43798828125,0.1190185546875,0.0150146484375,0.0237274169921875,0.4833984375
4233,StutterTalk_77_37,0.2646484375,0.179931640625,0.07489013671875,0.2197265625,0.83251953125
4234,StutterTalk_63_8,0.06475830078125,0.341064453125,0.1529541015625,0.041229248046875,0.15478515625
4235,StutteringIsCool_76_16,0.5478515625,0.10540771484375,0.0509033203125,0.08709716796875,0.8779296875
4236,WomenWhoStutter_97_18,0.11297607421875,0.341796875,0.368896484375,0.2462158203125,0.274169921875
4237,StrongVoices_23_232,0.1376953125,0.3935546875,0.09234619140625,0.0137939453125,0.09075927734375
4238,StrongVoices_28_3,0.12359619140625,0.09136962890625,0.04803466796875,0.029541015625,0.012237548828125
4239,WomenWhoStutter_81_154,0.056640625,0.254150390625,0.072265625,0.10125732421875,0.0966796875
4240,HeStutters_18_93,0.06951904296875,0.127197265625,0.036712646484375,0.1627197265625,0.094482421875
4241,HeStutters_10_24,0.0816650390625,0.27197265625,0.318603515625,0.04052734375,0.026763916015625
4242,WomenWhoStutter_27_19,0.43115234375,0.1773681640625,0.0830078125,0.1385498046875,0.80712890625
4243,WomenWhoStutter_87_41,0.039947509765625,0.2454833984375,0.10430908203125,0.0169830322265625,0.061767578125
4244,WomenWhoStutter_97_198,0.03704833984375,0.1807861328125,0.181396484375,0.348388671875,0.1187744140625
4245,StrongVoices_21_20,0.052032470703125,0.1295166015625,0.0193023681640625,0.053314208984375,0.10540771484375
4246,StutterTalk_16_0,0.037261962890625,0.237548828125,0.09619140625,0.052032470703125,0.060516357421875
4247,HVSA_2_166,0.0235137939453125,0.064208984375,0.0223236083984375,0.04681396484375,0.0416259765625
4248,WomenWhoStutter_96_167,0.06707763671875,0.2335205078125,0.240478515625,0.105224609375,0.05340576171875
4249,StrongVoices_23_139,0.2462158203125,0.2093505859375,0.0482177734375,0.0087432861328125,0.06268310546875
4250,StutterTalk_53_18,0.169677734375,0.1468505859375,0.06561279296875,0.013427734375,0.01751708984375
4251,WomenWhoStutter_10_128,0.0460205078125,0.08758544921875,0.01242828369140625,0.0272216796875,0.03436279296875
4252,StrongVoices_10_124,0.06854248046875,0.1666259765625,0.078369140625,0.0212860107421875,0.283447265625
4253,StrongVoices_6_168,0.6728515625,0.1656494140625,0.058013916015625,0.013427734375,0.073974609375
4254,StutterTalk_12_38,0.1431884765625,0.126953125,0.03326416015625,0.080078125,0.92041015625
4255,StutteringIsCool_62_18,0.059326171875,0.09466552734375,0.029754638671875,0.082275390625,0.043853759765625
4256,StrongVoices_21_66,0.08154296875,0.423828125,0.1356201171875,0.044677734375,0.0889892578125
4257,HVSA_2_33,0.03460693359375,0.1070556640625,0.097900390625,0.246337890625,0.07318115234375
4258,StrongVoices_6_61,0.043212890625,0.250732421875,0.06878662109375,0.043853759765625,0.0205230712890625
4259,WomenWhoStutter_96_28,0.103759765625,0.25732421875,0.160400390625,0.397705078125,0.78564453125
4260,StutterTalk_72_88,0.018157958984375,0.1524658203125,0.04840087890625,0.0970458984375,0.05718994140625
4261,WomenWhoStutter_10_154,0.12286376953125,0.1444091796875,0.03594970703125,0.0386962890625,0.56298828125
4262,StutterTalk_76_6,0.29345703125,0.09283447265625,0.008575439453125,0.01287078857421875,0.2298583984375
4263,StutterTalk_26_55,0.342529296875,0.089599609375,0.01332855224609375,0.0546875,0.06634521484375
4264,HVSA_2_85,0.041534423828125,0.08868408203125,0.07794189453125,0.206298828125,0.298583984375
4265,StrongVoices_2_1,0.1715087890625,0.21044921875,0.0303802490234375,0.0174407958984375,0.64501953125
4266,StrongVoices_1_20,0.060211181640625,0.11578369140625,0.0190582275390625,0.0092315673828125,0.01306915283203125
4267,StrongVoices_21_177,0.256591796875,0.1796875,0.06756591796875,0.06842041015625,0.0755615234375
4268,StrongVoices_8_23,0.1334228515625,0.3115234375,0.156982421875,0.0279083251953125,0.0345458984375
4269,WomenWhoStutter_87_114,0.66455078125,0.2493896484375,0.1998291015625,0.0726318359375,0.1654052734375
4270,HeStutters_16_174,0.09283447265625,0.35009765625,0.306884765625,0.2548828125,0.1815185546875
4271,HVSA_2_148,0.14404296875,0.1802978515625,0.08465576171875,0.173828125,0.65380859375
4272,StutterTalk_37_180,0.189697265625,0.07904052734375,0.0197601318359375,0.1033935546875,0.95068359375
4273,MyStutteringLife_0_38,0.197021484375,0.25732421875,0.224853515625,0.091552734375,0.08880615234375
4274,StutterTalk_72_152,0.05987548828125,0.387939453125,0.0830078125,0.051361083984375,0.321533203125
4275,StutteringIsCool_14_36,0.20947265625,0.198974609375,0.1724853515625,0.07598876953125,0.78955078125
4276,StrongVoices_21_155,0.1943359375,0.2021484375,0.09637451171875,0.055938720703125,0.033203125
4277,HeStutters_18_77,0.10687255859375,0.12127685546875,0.01107025146484375,0.11737060546875,0.250244140625
4278,StrongVoices_18_25,0.11297607421875,0.10858154296875,0.0251312255859375,0.201171875,0.329833984375
4279,HVSA_1_99,0.057708740234375,0.182861328125,0.07135009765625,0.01348114013671875,0.04248046875
4280,StutteringIsCool_80_146,0.0994873046875,0.390869140625,0.67578125,0.444091796875,0.2281494140625
4281,StrongVoices_18_39,0.412109375,0.35205078125,0.29345703125,0.033782958984375,0.0401611328125
4282,StrongVoices_34_12,0.093505859375,0.167724609375,0.01678466796875,0.0154266357421875,0.01861572265625
4283,StutteringIsCool_47_15,0.2509765625,0.26904296875,0.1834716796875,0.433837890625,0.254638671875
4284,WomenWhoStutter_29_2,0.0225067138671875,0.21337890625,0.188720703125,0.03790283203125,0.0220794677734375
4285,StrongVoices_14_12,0.034820556640625,0.1585693359375,0.0227203369140625,0.040252685546875,0.061981201171875
4286,StutteringIsCool_61_32,0.0889892578125,0.2587890625,0.0889892578125,0.01898193359375,0.0496826171875
4287,StrongVoices_29_34,0.6181640625,0.11798095703125,0.050323486328125,0.03228759765625,0.250244140625
4288,StutterTalk_13_33,0.2418212890625,0.27734375,0.228271484375,0.1959228515625,0.62451171875
4289,StutterTalk_38_29,0.1461181640625,0.18603515625,0.09503173828125,0.052520751953125,0.061981201171875
4290,HVSA_2_111,0.09368896484375,0.1368408203125,0.047607421875,0.1436767578125,0.81689453125
4291,HVSA_0_34,0.308837890625,0.14501953125,0.0193023681640625,0.0106964111328125,0.10595703125
4292,StutterTalk_53_34,0.0306243896484375,0.10247802734375,0.0271759033203125,0.04132080078125,0.03643798828125
4293,StutterTalk_72_36,0.1297607421875,0.1771240234375,0.03607177734375,0.0325927734375,0.017578125
4294,StutterTalk_49_28,0.165283203125,0.22119140625,0.072265625,0.0161590576171875,0.07879638671875
4295,WomenWhoStutter_69_31,0.1463623046875,0.33935546875,0.130859375,0.0272674560546875,0.1341552734375
4296,WomenWhoStutter_90_38,0.02801513671875,0.1898193359375,0.15576171875,0.18359375,0.10760498046875
4297,StutteringIsCool_34_144,0.327880859375,0.09271240234375,0.042877197265625,0.042724609375,0.4111328125
4298,StutterTalk_10_3,0.0116424560546875,0.056976318359375,0.0115966796875,0.048583984375,0.034820556640625
4299,StrongVoices_32_15,0.314208984375,0.366455078125,0.141845703125,0.0154266357421875,0.04376220703125
4300,IStutterSoWhat_0_70,0.034759521484375,0.09503173828125,0.0129241943359375,0.0218658447265625,0.0885009765625
4301,StrongVoices_19_6,0.06658935546875,0.06622314453125,0.00881195068359375,0.040313720703125,0.270751953125
4302,StrongVoices_32_16,0.02838134765625,0.27734375,0.039703369140625,0.039947509765625,0.2264404296875
4303,StutteringIsCool_46_62,0.11297607421875,0.08526611328125,0.006439208984375,0.024139404296875,0.8359375
4304,HeStutters_11_136,0.12139892578125,0.10760498046875,0.0167236328125,0.1279296875,0.3037109375
4305,IStutterSoWhat_3_126,0.021087646484375,0.10614013671875,0.0723876953125,0.09967041015625,0.07708740234375
4306,WomenWhoStutter_10_57,0.0775146484375,0.310546875,0.07342529296875,0.04052734375,0.1507568359375
4307,StutterTalk_72_190,0.057586669921875,0.381103515625,0.061767578125,0.034423828125,0.11737060546875
4308,StutteringIsCool_55_5,0.5029296875,0.11419677734375,0.050048828125,0.027374267578125,0.06719970703125
4309,StutteringIsCool_60_23,0.147216796875,0.1094970703125,0.152587890625,0.06719970703125,0.1007080078125
4310,StutterTalk_10_25,0.2117919921875,0.1248779296875,0.0311431884765625,0.07598876953125,0.045684814453125
4311,StutteringIsCool_80_178,0.189697265625,0.1484375,0.03436279296875,0.038604736328125,0.5283203125
4312,WomenWhoStutter_97_71,0.12274169921875,0.18408203125,0.1593017578125,0.499755859375,0.48779296875
4313,StutterTalk_64_26,0.093994140625,0.207275390625,0.042633056640625,0.12103271484375,0.7255859375
4314,StutterTalk_18_30,0.0211639404296875,0.09222412109375,0.01763916015625,0.058441162109375,0.054107666015625
4315,WomenWhoStutter_42_112,0.109130859375,0.0765380859375,0.014556884765625,0.0305023193359375,0.0240478515625
4316,StutterTalk_64_180,0.1295166015625,0.2080078125,0.46240234375,0.29541015625,0.1453857421875
4317,WomenWhoStutter_21_200,0.045867919921875,0.119384765625,0.0391845703125,0.00926971435546875,0.0143890380859375
4318,StutterTalk_25_129,0.0849609375,0.1295166015625,0.035614013671875,0.0216217041015625,0.0391845703125
4319,StrongVoices_11_13,0.0740966796875,0.33447265625,0.29296875,0.07708740234375,0.097900390625
4320,HVSA_0_85,0.262939453125,0.257080078125,0.1439208984375,0.0192413330078125,0.027740478515625
4321,StutterTalk_0_8,0.024566650390625,0.11279296875,0.04248046875,0.161376953125,0.256591796875
4322,StutterTalk_68_154,0.0216522216796875,0.2294921875,0.0850830078125,0.0379638671875,0.06256103515625
4323,HVSA_0_52,0.1563720703125,0.304931640625,0.26806640625,0.06634521484375,0.1981201171875
4324,WomenWhoStutter_21_178,0.046905517578125,0.054595947265625,0.00945281982421875,0.029754638671875,0.135498046875
4325,HeStutters_11_150,0.1014404296875,0.2391357421875,0.0305023193359375,0.0236968994140625,0.09466552734375
4326,StutteringIsCool_23_22,0.303955078125,0.3359375,0.1104736328125,0.06573486328125,0.06903076171875
4327,HeStutters_16_190,0.34765625,0.0831298828125,0.01422882080078125,0.05975341796875,0.134033203125
4328,StrongVoices_4_4,0.04931640625,0.1534423828125,0.0582275390625,0.0213623046875,0.0196380615234375
4329,HeStutters_11_188,0.08660888671875,0.1826171875,0.0306243896484375,0.0303802490234375,0.73779296875
4330,WomenWhoStutter_62_34,0.200439453125,0.0743408203125,0.0153656005859375,0.06304931640625,0.9013671875
4331,StrongVoices_9_38,0.05450439453125,0.05023193359375,0.00766754150390625,0.0156707763671875,0.08648681640625
4332,StrongVoices_10_53,0.734375,0.151611328125,0.1611328125,0.037200927734375,0.040618896484375
4333,StrongVoices_29_36,0.044586181640625,0.230224609375,0.114990234375,0.126220703125,0.177490234375
4334,WomenWhoStutter_2_160,0.0300445556640625,0.2325439453125,0.654296875,0.1900634765625,0.0709228515625
4335,HeStutters_16_6,0.61376953125,0.13330078125,0.10540771484375,0.09283447265625,0.08135986328125
4336,StutteringIsCool_65_14,0.12451171875,0.0889892578125,0.12493896484375,0.041229248046875,0.052703857421875
4337,StrongVoices_7_26,0.230712890625,0.08209228515625,0.0125732421875,0.0343017578125,0.10430908203125
4338,StutterTalk_54_0,0.80810546875,0.1739501953125,0.1650390625,0.033599853515625,0.04327392578125
4339,WomenWhoStutter_97_190,0.208984375,0.1708984375,0.043365478515625,0.0970458984375,0.0401611328125
4340,StutterTalk_4_18,0.01554107666015625,0.2454833984375,0.1470947265625,0.1104736328125,0.11419677734375
4341,StrongVoices_6_106,0.31103515625,0.1895751953125,0.0391845703125,0.025909423828125,0.0312042236328125
4342,StutteringIsCool_49_35,0.2021484375,0.1380615234375,0.0439453125,0.01262664794921875,0.0248870849609375
4343,WomenWhoStutter_35_27,0.3173828125,0.263427734375,0.17626953125,0.039337158203125,0.487060546875
4344,WomenWhoStutter_68_30,0.034759521484375,0.06610107421875,0.010650634765625,0.144775390625,0.207275390625
4345,StrongVoices_10_126,0.302490234375,0.2103271484375,0.10821533203125,0.0182952880859375,0.02752685546875
4346,StutterTalk_64_144,0.233154296875,0.176513671875,0.047943115234375,0.06719970703125,0.10302734375
4347,StutteringIsCool_80_153,0.0202484130859375,0.18115234375,0.2587890625,0.09637451171875,0.0816650390625
4348,WomenWhoStutter_30_146,0.08648681640625,0.09515380859375,0.018341064453125,0.059417724609375,0.046539306640625
4349,WomenWhoStutter_76_33,0.0943603515625,0.1728515625,0.0165863037109375,0.0284423828125,0.04840087890625
4350,HeStutters_16_31,0.0457763671875,0.269775390625,0.07421875,0.1414794921875,0.294677734375
4351,WomenWhoStutter_97_178,0.03448486328125,0.1951904296875,0.09930419921875,0.1195068359375,0.07464599609375
4352,WomenWhoStutter_46_18,0.10760498046875,0.227294921875,0.05145263671875,0.0830078125,0.955078125
4353,StutteringIsCool_84_10,0.03155517578125,0.1588134765625,0.1298828125,0.0194244384765625,0.01678466796875
4354,WomenWhoStutter_63_15,0.10931396484375,0.206787109375,0.051544189453125,0.0238189697265625,0.061187744140625
4355,StrongVoices_32_54,0.21728515625,0.377685546875,0.2342529296875,0.198974609375,0.51123046875
4356,StutteringIsCool_28_8,0.09039306640625,0.16943359375,0.025177001953125,0.007965087890625,0.04779052734375
4357,WomenWhoStutter_62_105,0.048583984375,0.07305908203125,0.0104522705078125,0.02886962890625,0.06243896484375
4358,StutterTalk_15_39,0.1121826171875,0.1710205078125,0.0457763671875,0.07586669921875,0.055206298828125
4359,WomenWhoStutter_62_203,0.166015625,0.193359375,0.1181640625,0.0970458984375,0.048858642578125
4360,StrongVoices_21_126,0.1573486328125,0.07147216796875,0.01467132568359375,0.04351806640625,0.357421875
4361,HVSA_0_124,0.0413818359375,0.134765625,0.0305023193359375,0.179931640625,0.303955078125
4362,StrongVoices_29_31,0.28271484375,0.2381591796875,0.115966796875,0.01282501220703125,0.28466796875
4363,StrongVoices_32_172,0.1900634765625,0.1282958984375,0.022796630859375,0.05389404296875,0.04217529296875
4364,StutteringIsCool_38_31,0.1787109375,0.2166748046875,0.0460205078125,0.020721435546875,0.060302734375
4365,WomenWhoStutter_97_36,0.049591064453125,0.1865234375,0.10540771484375,0.151123046875,0.24365234375
4366,WomenWhoStutter_79_27,0.08868408203125,0.10430908203125,0.029815673828125,0.10321044921875,0.044769287109375
4367,StrongVoices_23_199,0.271728515625,0.3271484375,0.474365234375,0.0743408203125,0.034027099609375
4368,StutteringIsCool_70_39,0.042633056640625,0.11260986328125,0.0252227783203125,0.02880859375,0.022369384765625
4369,StutterTalk_42_0,0.06793212890625,0.4365234375,0.56396484375,0.325927734375,0.2454833984375
4370,StutterTalk_63_157,0.390380859375,0.158447265625,0.0299835205078125,0.0232391357421875,0.036163330078125
4371,WomenWhoStutter_108_8,0.07342529296875,0.1505126953125,0.0207977294921875,0.0260009765625,0.05560302734375
4372,StutterTalk_72_68,0.06549072265625,0.1739501953125,0.0185394287109375,0.06890869140625,0.091552734375
4373,StrongVoices_5_37,0.2333984375,0.20068359375,0.0177764892578125,0.0164642333984375,0.2744140625
4374,StrongVoices_25_21,0.059661865234375,0.09515380859375,0.0194549560546875,0.07598876953125,0.10284423828125
4375,StutterTalk_63_115,0.051177978515625,0.1995849609375,0.033966064453125,0.036163330078125,0.1871337890625
4376,MyStutteringLife_16_32,0.127685546875,0.1318359375,0.0121917724609375,0.026763916015625,0.15625
4377,StrongVoices_32_168,0.06597900390625,0.267333984375,0.184326171875,0.049224853515625,0.173828125
4378,StutterTalk_7_37,0.06256103515625,0.189208984375,0.1475830078125,0.486328125,0.256103515625
4379,WomenWhoStutter_62_61,0.1214599609375,0.07989501953125,0.021453857421875,0.1614990234375,0.52587890625
4380,StutteringIsCool_80_207,0.030853271484375,0.070068359375,0.0251312255859375,0.0537109375,0.042572021484375
4381,StutterTalk_69_0,0.1337890625,0.229248046875,0.024749755859375,0.0177764892578125,0.1236572265625
4382,WomenWhoStutter_69_24,0.09686279296875,0.1988525390625,0.0413818359375,0.09930419921875,0.089599609375
4383,StutterTalk_15_12,0.227294921875,0.1414794921875,0.0310821533203125,0.051666259765625,0.12408447265625
4384,WomenWhoStutter_86_132,0.129150390625,0.1802978515625,0.03192138671875,0.1783447265625,0.10504150390625
4385,WomenWhoStutter_97_179,0.038330078125,0.296875,0.26123046875,0.2548828125,0.12103271484375
4386,StrongVoices_10_79,0.07574462890625,0.1885986328125,0.02947998046875,0.06805419921875,0.349853515625
4387,StutterTalk_8_5,0.048858642578125,0.078369140625,0.03594970703125,0.055206298828125,0.2059326171875
4388,StutteringIsCool_69_20,0.314453125,0.1048583984375,0.107421875,0.28515625,0.75390625
4389,StutteringIsCool_17_5,0.1181640625,0.1619873046875,0.0257568359375,0.02886962890625,0.03302001953125
4390,StrongVoices_28_36,0.255126953125,0.275146484375,0.1236572265625,0.03271484375,0.08062744140625
4391,StrongVoices_32_56,0.1973876953125,0.10687255859375,0.0136871337890625,0.0221099853515625,0.309326171875
4392,WomenWhoStutter_46_26,0.03643798828125,0.1190185546875,0.035400390625,0.12347412109375,0.16845703125
4393,StutteringIsCool_76_9,0.04193115234375,0.15869140625,0.0953369140625,0.06304931640625,0.34228515625
4394,HVSA_1_148,0.1077880859375,0.204345703125,0.09075927734375,0.017303466796875,0.03656005859375
4395,StutterTalk_14_36,0.08990478515625,0.2125244140625,0.078369140625,0.1063232421875,0.54833984375
4396,WomenWhoStutter_21_79,0.184326171875,0.2037353515625,0.04595947265625,0.0374755859375,0.72314453125
4397,StutteringIsCool_69_31,0.06964111328125,0.11297607421875,0.0187225341796875,0.01238250732421875,0.019378662109375
4398,HeStutters_2_214,0.73828125,0.25048828125,0.27734375,0.052337646484375,0.045013427734375
4399,WomenWhoStutter_76_37,0.0850830078125,0.395751953125,0.193359375,0.1558837890625,0.127685546875
4400,MyStutteringLife_5_1,0.034698486328125,0.38623046875,0.419677734375,0.090576171875,0.12066650390625
4401,StrongVoices_32_97,0.097412109375,0.169677734375,0.0197601318359375,0.01374053955078125,0.029754638671875
4402,IStutterSoWhat_3_115,0.06719970703125,0.310791015625,0.224365234375,0.1416015625,0.2264404296875
4403,MyStutteringLife_18_7,0.1890869140625,0.3037109375,0.024383544921875,0.035675048828125,0.3203125
4404,WomenWhoStutter_43_1,0.2122802734375,0.100341796875,0.0165863037109375,0.033782958984375,0.93896484375
4405,WomenWhoStutter_10_26,0.309814453125,0.2548828125,0.0999755859375,0.063720703125,0.07574462890625
4406,StutterTalk_26_172,0.0894775390625,0.1533203125,0.047943115234375,0.072265625,0.0272216796875
4407,StutterTalk_64_115,0.0633544921875,0.19482421875,0.1964111328125,0.047088623046875,0.043609619140625
4408,StrongVoices_7_2,0.1014404296875,0.1417236328125,0.044769287109375,0.034027099609375,0.0310821533203125
4409,StutterTalk_64_13,0.409912109375,0.2103271484375,0.1414794921875,0.1744384765625,0.169921875
4410,StutterTalk_54_7,0.103759765625,0.2421875,0.2452392578125,0.49560546875,0.39697265625
4411,StutterTalk_80_24,0.02508544921875,0.1070556640625,0.0341796875,0.0345458984375,0.02630615234375
4412,StrongVoices_0_14,0.03521728515625,0.28076171875,0.1744384765625,0.03326416015625,0.035400390625
4413,WomenWhoStutter_107_33,0.30078125,0.1685791015625,0.0345458984375,0.05419921875,0.9375
4414,HeStutters_18_42,0.0413818359375,0.2152099609375,0.1104736328125,0.11199951171875,0.057281494140625
4415,IStutterSoWhat_3_63,0.320068359375,0.11279296875,0.018096923828125,0.0305023193359375,0.2998046875
4416,StrongVoices_32_140,0.057281494140625,0.07196044921875,0.0251312255859375,0.052520751953125,0.03875732421875
4417,StutteringIsCool_33_7,0.07318115234375,0.1405029296875,0.045257568359375,0.034027099609375,0.08251953125
4418,HVSA_1_29,0.184326171875,0.16650390625,0.078369140625,0.0097808837890625,0.0188751220703125
4419,StrongVoices_6_149,0.07452392578125,0.2032470703125,0.03253173828125,0.0120086669921875,0.0237274169921875
4420,WomenWhoStutter_2_180,0.053985595703125,0.284912109375,0.2083740234375,0.0247955322265625,0.04486083984375
4421,StutteringIsCool_69_30,0.1165771484375,0.0704345703125,0.006313323974609375,0.0154876708984375,0.1322021484375
4422,StutterTalk_8_55,0.0255126953125,0.1787109375,0.277099609375,0.14501953125,0.09722900390625
4423,StutterTalk_37_89,0.2384033203125,0.05780029296875,0.0150146484375,0.090576171875,0.9111328125
4424,StutteringIsCool_38_5,0.033905029296875,0.1121826171875,0.08929443359375,0.29150390625,0.10302734375
4425,HVSA_0_122,0.02752685546875,0.11260986328125,0.047943115234375,0.06231689453125,0.07574462890625
4426,MyStutteringLife_18_23,0.193603515625,0.1512451171875,0.01483917236328125,0.1087646484375,0.305908203125
4427,StutteringIsCool_80_119,0.06439208984375,0.1558837890625,0.0236968994140625,0.09722900390625,0.2034912109375
4428,HeStutters_18_191,0.0743408203125,0.12445068359375,0.01107025146484375,0.0252227783203125,0.047698974609375
4429,StrongVoices_7_9,0.03204345703125,0.24169921875,0.17724609375,0.2049560546875,0.1187744140625
4430,StrongVoices_4_33,0.033843994140625,0.2349853515625,0.1451416015625,0.10302734375,0.09466552734375
4431,StutterTalk_14_8,0.07696533203125,0.1287841796875,0.0258026123046875,0.08648681640625,0.69384765625
4432,WomenWhoStutter_2_18,0.10968017578125,0.160400390625,0.01337432861328125,0.01483917236328125,0.313720703125
4433,StutterTalk_26_29,0.075439453125,0.1044921875,0.027069091796875,0.03192138671875,0.0472412109375
4434,StutterTalk_49_32,0.06732177734375,0.097412109375,0.01512908935546875,0.06890869140625,0.11376953125
4435,StutterTalk_68_182,0.033538818359375,0.307373046875,0.10577392578125,0.076416015625,0.1063232421875
4436,StutteringIsCool_34_141,0.1357421875,0.2333984375,0.25732421875,0.237548828125,0.73974609375
4437,StutterTalk_25_111,0.048858642578125,0.1358642578125,0.0343017578125,0.17236328125,0.222900390625
4438,IStutterSoWhat_0_123,0.4921875,0.1717529296875,0.11126708984375,0.165283203125,0.1268310546875
4439,StrongVoices_32_133,0.1337890625,0.212890625,0.038177490234375,0.0207977294921875,0.2032470703125
4440,StrongVoices_9_6,0.2103271484375,0.2281494140625,0.11065673828125,0.0282745361328125,0.29736328125
4441,StrongVoices_27_3,0.41552734375,0.1544189453125,0.02276611328125,0.01560211181640625,0.0390625
4442,WomenWhoStutter_14_122,0.201171875,0.1044921875,0.04351806640625,0.037200927734375,0.0282135009765625
4443,StutterTalk_16_14,0.1422119140625,0.2490234375,0.08465576171875,0.06842041015625,0.365478515625
4444,StutterTalk_64_83,0.1033935546875,0.15087890625,0.3271484375,0.06585693359375,0.0242767333984375
4445,WomenWhoStutter_42_221,0.051849365234375,0.244384765625,0.047515869140625,0.045440673828125,0.050048828125
4446,WomenWhoStutter_86_79,0.13037109375,0.167236328125,0.0257568359375,0.080810546875,0.908203125
4447,StutteringIsCool_34_135,0.06585693359375,0.2120361328125,0.061767578125,0.129638671875,0.1734619140625
4448,StutteringIsCool_80_192,0.1431884765625,0.0966796875,0.0245208740234375,0.1187744140625,0.109130859375
4449,StrongVoices_2_11,0.326904296875,0.1514892578125,0.03253173828125,0.030670166015625,0.0184783935546875
4450,StrongVoices_12_14,0.07342529296875,0.07696533203125,0.01111602783203125,0.056243896484375,0.127197265625
4451,StrongVoices_10_175,0.63525390625,0.2354736328125,0.0982666015625,0.0225830078125,0.034942626953125
4452,StutterTalk_64_64,0.0271148681640625,0.07330322265625,0.089599609375,0.0482177734375,0.134033203125
4453,StrongVoices_5_9,0.10614013671875,0.30224609375,0.039703369140625,0.01024627685546875,0.040008544921875
4454,HeStutters_2_100,0.0234222412109375,0.177001953125,0.02886962890625,0.051849365234375,0.070068359375
4455,HeStutters_18_49,0.126953125,0.2841796875,0.2900390625,0.48193359375,0.230712890625
4456,StrongVoices_23_236,0.350341796875,0.266357421875,0.14453125,0.0221099853515625,0.031982421875
4457,StutterTalk_49_3,0.242919921875,0.0802001953125,0.0226287841796875,0.01678466796875,0.01229095458984375
4458,StutterTalk_23_19,0.09320068359375,0.20166015625,0.01450347900390625,0.008544921875,0.03521728515625
4459,MyStutteringLife_22_5,0.05224609375,0.262451171875,0.154296875,0.04052734375,0.0740966796875
4460,StutteringIsCool_47_10,0.0182952880859375,0.150146484375,0.040924072265625,0.114990234375,0.12493896484375
4461,StutteringIsCool_14_35,0.15625,0.12939453125,0.0809326171875,0.046905517578125,0.80029296875
4462,StutterTalk_32_24,0.3173828125,0.118408203125,0.0192413330078125,0.01467132568359375,0.01751708984375
4463,StrongVoices_21_162,0.1795654296875,0.26318359375,0.1514892578125,0.04986572265625,0.057708740234375
4464,StrongVoices_32_139,0.7080078125,0.2313232421875,0.265869140625,0.09332275390625,0.15283203125
4465,StutterTalk_64_123,0.05560302734375,0.064208984375,0.023773193359375,0.033905029296875,0.11029052734375
4466,WomenWhoStutter_87_175,0.03265380859375,0.23095703125,0.08343505859375,0.13525390625,0.1279296875
4467,StrongVoices_9_28,0.132568359375,0.2254638671875,0.09124755859375,0.00916290283203125,0.07763671875
4468,WomenWhoStutter_83_31,0.0276947021484375,0.1134033203125,0.028656005859375,0.056640625,0.02752685546875
4469,StrongVoices_10_7,0.48046875,0.2490234375,0.1461181640625,0.2021484375,0.2186279296875
4470,StutteringIsCool_80_10,0.324462890625,0.12445068359375,0.022674560546875,0.039276123046875,0.05023193359375
4471,StutteringIsCool_84_5,0.06439208984375,0.1015625,0.1539306640625,0.029876708984375,0.021942138671875
4472,StutterTalk_46_0,0.183837890625,0.276611328125,0.12158203125,0.15185546875,0.060638427734375
4473,HeStutters_16_65,0.5703125,0.199462890625,0.125244140625,0.04559326171875,0.050048828125
4474,StutteringIsCool_73_23,0.02947998046875,0.124755859375,0.02947998046875,0.204345703125,0.25830078125
4475,HeStutters_5_173,0.05718994140625,0.18701171875,0.26953125,0.0099334716796875,0.0197906494140625
4476,StutteringIsCool_2_38,0.1328125,0.293212890625,0.46484375,0.15234375,0.060211181640625
4477,WomenWhoStutter_73_15,0.2342529296875,0.346923828125,0.140869140625,0.0299224853515625,0.062225341796875
4478,WomenWhoStutter_8_7,0.044342041015625,0.250244140625,0.7001953125,0.090087890625,0.035064697265625
4479,HVSA_1_157,0.292724609375,0.216064453125,0.2286376953125,0.020294189453125,0.0245208740234375
4480,StutterTalk_24_10,0.11260986328125,0.1494140625,0.0321044921875,0.0200958251953125,0.01519012451171875
4481,WomenWhoStutter_30_181,0.0177154541015625,0.0792236328125,0.0169830322265625,0.021820068359375,0.0173797607421875
4482,StutteringIsCool_14_18,0.07977294921875,0.08587646484375,0.0794677734375,0.051177978515625,0.0592041015625
4483,StutteringIsCool_28_26,0.07183837890625,0.216064453125,0.249755859375,0.03179931640625,0.0177154541015625
4484,HeStutters_16_207,0.4453125,0.273681640625,0.27978515625,0.324462890625,0.583984375
4485,HeStutters_2_38,0.06610107421875,0.2330322265625,0.12890625,0.1636962890625,0.07684326171875
4486,HVSA_3_145,0.132568359375,0.153076171875,0.1044921875,0.063232421875,0.1468505859375
4487,StrongVoices_26_8,0.07147216796875,0.21728515625,0.0186920166015625,0.034881591796875,0.1873779296875
4488,StrongVoices_32_37,0.11102294921875,0.4755859375,0.09808349609375,0.04345703125,0.2548828125
4489,StrongVoices_25_8,0.03173828125,0.0970458984375,0.0251312255859375,0.10687255859375,0.10858154296875
4490,WomenWhoStutter_2_53,0.27294921875,0.09283447265625,0.0230712890625,0.04168701171875,0.9521484375
4491,HeStutters_2_126,0.223876953125,0.324951171875,0.14990234375,0.2469482421875,0.1400146484375
4492,StutterTalk_8_12,0.038116455078125,0.11199951171875,0.0391845703125,0.06549072265625,0.252685546875
4493,StutterTalk_26_197,0.05706787109375,0.1363525390625,0.035614013671875,0.0196380615234375,0.01137542724609375
4494,StutterTalk_12_31,0.2122802734375,0.10504150390625,0.060089111328125,0.11456298828125,0.25634765625
4495,StutterTalk_26_190,0.13818359375,0.08477783203125,0.01177978515625,0.03594970703125,0.728515625
4496,StutteringIsCool_1_35,0.054595947265625,0.2010498046875,0.0509033203125,0.0289306640625,0.04840087890625
4497,HeStutters_2_17,0.12261962890625,0.06939697265625,0.01214599609375,0.0938720703125,0.85791015625
4498,MyStutteringLife_0_36,0.10821533203125,0.1915283203125,0.11920166015625,0.041778564453125,0.027374267578125
4499,StrongVoices_18_16,0.1260986328125,0.1611328125,0.023468017578125,0.0177764892578125,0.026763916015625
4500,StrongVoices_31_7,0.140380859375,0.349853515625,0.1458740234375,0.08447265625,0.140625
4501,StutterTalk_8_68,0.0753173828125,0.1375732421875,0.058441162109375,0.078369140625,0.6220703125
4502,StutterTalk_63_93,0.06646728515625,0.1357421875,0.01267242431640625,0.04443359375,0.86474609375
4503,IStutterSoWhat_0_44,0.07586669921875,0.1383056640625,0.030792236328125,0.1959228515625,0.17138671875
4504,StutterTalk_63_44,0.109130859375,0.0699462890625,0.0236053466796875,0.124755859375,0.05780029296875
4505,StutterTalk_10_37,0.13232421875,0.10302734375,0.02880859375,0.050506591796875,0.0257110595703125
4506,HVSA_3_49,0.1285400390625,0.39501953125,0.447265625,0.14697265625,0.133544921875
4507,StutterTalk_8_103,0.1878662109375,0.1392822265625,0.04132080078125,0.11859130859375,0.5634765625
4508,StutterTalk_12_24,0.375,0.1571044921875,0.193359375,0.115966796875,0.2054443359375
4509,StutterTalk_26_149,0.015777587890625,0.103759765625,0.0182647705078125,0.045867919921875,0.04534912109375
4510,WomenWhoStutter_30_127,0.681640625,0.169189453125,0.0615234375,0.047943115234375,0.0489501953125
4511,HVSA_2_1,0.033477783203125,0.249755859375,0.300537109375,0.2130126953125,0.0782470703125
4512,StutteringIsCool_1_36,0.01525115966796875,0.11553955078125,0.07421875,0.0823974609375,0.06597900390625
4513,StrongVoices_4_2,0.091552734375,0.2401123046875,0.04803466796875,0.0394287109375,0.058135986328125
4514,StutterTalk_8_87,0.09979248046875,0.192138671875,0.1549072265625,0.11676025390625,0.2366943359375
4515,StutterTalk_64_93,0.2322998046875,0.09967041015625,0.033599853515625,0.2091064453125,0.467041015625
4516,HVSA_2_182,0.0504150390625,0.287841796875,0.1947021484375,0.1529541015625,0.55517578125
4517,WomenWhoStutter_10_197,0.051666259765625,0.1865234375,0.052032470703125,0.1630859375,0.10174560546875
4518,StutterTalk_64_196,0.26220703125,0.2418212890625,0.11419677734375,0.045440673828125,0.06231689453125
4519,WomenWhoStutter_87_85,0.1341552734375,0.1868896484375,0.0560302734375,0.07684326171875,0.2490234375
4520,StutteringIsCool_80_79,0.19091796875,0.09893798828125,0.1014404296875,0.1971435546875,0.260498046875
4521,StutterTalk_3_10,0.029754638671875,0.406005859375,0.460205078125,0.06256103515625,0.07708740234375
4522,StrongVoices_8_9,0.064208984375,0.04510498046875,0.013275146484375,0.0141143798828125,0.044525146484375
4523,StutteringIsCool_80_199,0.29345703125,0.2093505859375,0.147216796875,0.055938720703125,0.063232421875
4524,HVSA_2_87,0.034088134765625,0.1845703125,0.281005859375,0.1478271484375,0.042633056640625
4525,StrongVoices_1_5,0.1739501953125,0.2093505859375,0.031494140625,0.01029205322265625,0.06890869140625
4526,StutterTalk_53_13,0.135498046875,0.325927734375,0.156494140625,0.09912109375,0.83544921875
4527,WomenWhoStutter_87_28,0.038543701171875,0.40673828125,0.37939453125,0.10247802734375,0.09271240234375
4528,HVSA_2_116,0.046478271484375,0.1947021484375,0.2252197265625,0.1424560546875,0.11199951171875
4529,HVSA_3_141,0.13427734375,0.1287841796875,0.0509033203125,0.0792236328125,0.87451171875
4530,WomenWhoStutter_30_28,0.2420654296875,0.0987548828125,0.0278472900390625,0.00878143310546875,0.0099334716796875
4531,StutterTalk_68_34,0.4716796875,0.1329345703125,0.244140625,0.0701904296875,0.2413330078125
4532,StrongVoices_8_22,0.023193359375,0.1434326171875,0.044769287109375,0.0185089111328125,0.046905517578125
4533,StrongVoices_9_14,0.1658935546875,0.2117919921875,0.06085205078125,0.1790771484375,0.583984375
4534,StutterTalk_23_9,0.1678466796875,0.206787109375,0.276123046875,0.07421875,0.030853271484375
4535,StutteringIsCool_69_4,0.0219879150390625,0.14404296875,0.03143310546875,0.11065673828125,0.228515625
4536,StrongVoices_0_20,0.1259765625,0.263427734375,0.0604248046875,0.015716552734375,0.318115234375
4537,StutteringIsCool_80_76,0.40673828125,0.1083984375,0.0386962890625,0.0560302734375,0.73681640625
4538,StutterTalk_25_130,0.13671875,0.1279296875,0.0112457275390625,0.0205230712890625,0.06707763671875
4539,WomenWhoStutter_62_142,0.061309814453125,0.222412109375,0.258056640625,0.521484375,0.4599609375
4540,StutteringIsCool_73_30,0.06610107421875,0.1048583984375,0.0225830078125,0.0222930908203125,0.03204345703125
4541,StutterTalk_25_132,0.2064208984375,0.2034912109375,0.036895751953125,0.08209228515625,0.057373046875
4542,WomenWhoStutter_2_194,0.0775146484375,0.23876953125,0.14453125,0.407470703125,0.328369140625
4543,HVSA_1_140,0.055206298828125,0.25927734375,0.419677734375,0.086181640625,0.06561279296875
4544,StutteringIsCool_84_11,0.0200958251953125,0.1629638671875,0.26123046875,0.04400634765625,0.018646240234375
4545,StutterTalk_26_54,0.3427734375,0.1798095703125,0.05645751953125,0.082275390625,0.060089111328125
4546,StutterTalk_49_22,0.131103515625,0.1783447265625,0.0292510986328125,0.07965087890625,0.955078125
4547,StrongVoices_25_32,0.1376953125,0.0810546875,0.036163330078125,0.018798828125,0.0125732421875
4548,MyStutteringLife_39_24,0.10931396484375,0.434326171875,0.54052734375,0.2005615234375,0.097412109375
4549,WomenWhoStutter_3_5,0.3212890625,0.3251953125,0.0843505859375,0.022369384765625,0.0743408203125
4550,StutteringIsCool_14_28,0.0775146484375,0.10858154296875,0.1763916015625,0.07794189453125,0.06597900390625
4551,WomenWhoStutter_13_14,0.3525390625,0.2252197265625,0.08154296875,0.006439208984375,0.08154296875
4552,HVSA_3_100,0.150146484375,0.35107421875,0.2301025390625,0.1273193359375,0.0872802734375
4553,WomenWhoStutter_55_27,0.12432861328125,0.07586669921875,0.0153045654296875,0.06903076171875,0.255615234375
4554,WomenWhoStutter_22_10,0.07904052734375,0.193359375,0.1365966796875,0.348876953125,0.1502685546875
4555,WomenWhoStutter_10_84,0.09967041015625,0.25341796875,0.09844970703125,0.1488037109375,0.1319580078125
4556,StutterTalk_64_156,0.31298828125,0.132568359375,0.048492431640625,0.1201171875,0.388427734375
4557,StutterTalk_37_41,0.1300048828125,0.1837158203125,0.145263671875,0.41845703125,0.449462890625
4558,StrongVoices_28_35,0.453857421875,0.17431640625,0.0709228515625,0.027374267578125,0.0182647705078125
4559,StutterTalk_63_114,0.036712646484375,0.229736328125,0.03240966796875,0.03131103515625,0.1258544921875
4560,MyStutteringLife_5_16,0.047332763671875,0.447509765625,0.66455078125,0.185791015625,0.09808349609375
4561,StutterTalk_72_30,0.10015869140625,0.1556396484375,0.0276336669921875,0.015777587890625,0.030853271484375
4562,StrongVoices_6_98,0.249755859375,0.1600341796875,0.013427734375,0.0220794677734375,0.11920166015625
4563,StrongVoices_10_176,0.0182647705078125,0.164794921875,0.06878662109375,0.0604248046875,0.036834716796875
4564,HVSA_3_170,0.6611328125,0.2119140625,0.3017578125,0.073974609375,0.215576171875
4565,HeStutters_5_136,0.21240234375,0.1756591796875,0.0455322265625,0.076416015625,0.04742431640625
4566,StrongVoices_1_2,0.0207977294921875,0.05340576171875,0.01061248779296875,0.040374755859375,0.0262603759765625
4567,StutteringIsCool_73_38,0.174560546875,0.070556640625,0.01177978515625,0.026458740234375,0.94873046875
4568,StutteringIsCool_17_3,0.058013916015625,0.326416015625,0.33203125,0.1524658203125,0.1627197265625
4569,HVSA_2_157,0.05059814453125,0.09637451171875,0.08123779296875,0.278076171875,0.6123046875
4570,StutterTalk_7_4,0.09503173828125,0.2529296875,0.05889892578125,0.020599365234375,0.034881591796875
4571,WomenWhoStutter_96_20,0.07586669921875,0.3232421875,0.07196044921875,0.02838134765625,0.0802001953125
4572,StutteringIsCool_1_39,0.315185546875,0.420166015625,0.402587890625,0.029754638671875,0.0567626953125
4573,WomenWhoStutter_86_136,0.116943359375,0.22802734375,0.026763916015625,0.073974609375,0.599609375
4574,WomenWhoStutter_107_26,0.146240234375,0.1917724609375,0.035614013671875,0.04638671875,0.12646484375
4575,StutterTalk_25_164,0.0293121337890625,0.09088134765625,0.0196380615234375,0.037109375,0.041229248046875
4576,MyStutteringLife_5_32,0.206298828125,0.24072265625,0.09771728515625,0.034820556640625,0.023651123046875
4577,StutterTalk_63_100,0.07330322265625,0.488037109375,0.328125,0.041778564453125,0.0784912109375
4578,WomenWhoStutter_62_172,0.06756591796875,0.249267578125,0.281982421875,0.274658203125,0.14404296875
4579,StutterTalk_64_172,0.1541748046875,0.073974609375,0.09857177734375,0.0738525390625,0.027801513671875
4580,WomenWhoStutter_21_132,0.275146484375,0.222412109375,0.12420654296875,0.044921875,0.176513671875
4581,MyStutteringLife_18_5,0.09075927734375,0.1805419921875,0.10723876953125,0.169677734375,0.93115234375
4582,StrongVoices_23_135,0.35546875,0.143798828125,0.033905029296875,0.0144500732421875,0.09844970703125
4583,StutterTalk_1_8,0.0889892578125,0.11395263671875,0.056976318359375,0.11676025390625,0.0416259765625
4584,HeStutters_12_9,0.140625,0.14990234375,0.11517333984375,0.1207275390625,0.1441650390625
4585,StutteringIsCool_29_28,0.1171875,0.208984375,0.060760498046875,0.1519775390625,0.59521484375
4586,IStutterSoWhat_0_56,0.0982666015625,0.2103271484375,0.038909912109375,0.0221099853515625,0.03228759765625
4587,MyStutteringLife_16_25,0.19091796875,0.1622314453125,0.061431884765625,0.2178955078125,0.2763671875
4588,HVSA_3_149,0.092529296875,0.277099609375,0.383544921875,0.064208984375,0.045684814453125
4589,StutterTalk_62_34,0.23681640625,0.1549072265625,0.06903076171875,0.2216796875,0.318603515625
4590,StrongVoices_32_19,0.050140380859375,0.09637451171875,0.00714874267578125,0.01287078857421875,0.0321044921875
4591,StutterTalk_76_33,0.0255584716796875,0.05633544921875,0.0103302001953125,0.035675048828125,0.0640869140625
4592,IStutterSoWhat_0_103,0.1844482421875,0.0975341796875,0.0257568359375,0.048675537109375,0.237548828125
4593,StutteringIsCool_47_25,0.0706787109375,0.09686279296875,0.011871337890625,0.0192413330078125,0.7333984375
4594,HeStutters_12_35,0.21142578125,0.33642578125,0.04193115234375,0.0517578125,0.192138671875
4595,IStutterSoWhat_0_64,0.07330322265625,0.2451171875,0.08270263671875,0.01233673095703125,0.06756591796875
4596,MyStutteringLife_38_26,0.1368408203125,0.22802734375,0.0296478271484375,0.055206298828125,0.85400390625
4597,HVSA_3_71,0.130859375,0.269287109375,0.499267578125,0.239501953125,0.395263671875
4598,StrongVoices_23_270,0.237060546875,0.44970703125,0.351806640625,0.2235107421875,0.377685546875
4599,WomenWhoStutter_2_0,0.07763671875,0.2489013671875,0.2158203125,0.472900390625,0.284912109375
4600,StrongVoices_18_0,0.163330078125,0.11260986328125,0.0345458984375,0.0141143798828125,0.090576171875
4601,StutteringIsCool_37_24,0.44091796875,0.416259765625,0.16357421875,0.0240020751953125,0.0885009765625
4602,MyStutteringLife_21_26,0.06805419921875,0.1549072265625,0.0272674560546875,0.0092315673828125,0.013275146484375
4603,HVSA_0_111,0.1297607421875,0.28271484375,0.1114501953125,0.131591796875,0.11102294921875
4604,WomenWhoStutter_42_240,0.047149658203125,0.1365966796875,0.06719970703125,0.09320068359375,0.0318603515625
4605,StrongVoices_10_97,0.3740234375,0.13232421875,0.0313720703125,0.02508544921875,0.26904296875
4606,StrongVoices_1_28,0.1495361328125,0.363525390625,0.23828125,0.10107421875,0.039794921875
4607,WomenWhoStutter_2_153,0.0701904296875,0.2410888671875,0.305908203125,0.29296875,0.1851806640625
4608,StrongVoices_7_4,0.1922607421875,0.300048828125,0.188232421875,0.07330322265625,0.03314208984375
4609,StrongVoices_9_0,0.1585693359375,0.1431884765625,0.026153564453125,0.0048675537109375,0.00894927978515625
4610,StutterTalk_37_183,0.03192138671875,0.10211181640625,0.040618896484375,0.1414794921875,0.1077880859375
4611,StrongVoices_23_218,0.1646728515625,0.1239013671875,0.021087646484375,0.01554107666015625,0.0810546875
4612,StrongVoices_23_31,0.08050537109375,0.0635986328125,0.0121002197265625,0.060089111328125,0.1611328125
4613,WomenWhoStutter_102_35,0.2158203125,0.1290283203125,0.08880615234375,0.07305908203125,0.0548095703125
4614,StutterTalk_23_14,0.25341796875,0.3623046875,0.06451416015625,0.021575927734375,0.09722900390625
4615,StutterTalk_25_1,0.05865478515625,0.1800537109375,0.026153564453125,0.0293731689453125,0.050323486328125
4616,MyStutteringLife_25_34,0.363525390625,0.1417236328125,0.1019287109375,0.16650390625,0.35693359375
4617,HVSA_0_67,0.494384765625,0.2049560546875,0.2413330078125,0.0938720703125,0.4345703125
4618,StrongVoices_23_237,0.14404296875,0.277587890625,0.08978271484375,0.0197906494140625,0.082275390625
4619,MyStutteringLife_21_33,0.2430419921875,0.1748046875,0.05865478515625,0.01142120361328125,0.0182342529296875
4620,WomenWhoStutter_2_145,0.196533203125,0.341064453125,0.2327880859375,0.1424560546875,0.26806640625
4621,WomenWhoStutter_10_77,0.07275390625,0.1279296875,0.019866943359375,0.0369873046875,0.198974609375
4622,StrongVoices_21_4,0.036285400390625,0.1396484375,0.0244293212890625,0.03155517578125,0.05645751953125
4623,StrongVoices_32_142,0.0285491943359375,0.123779296875,0.0943603515625,0.0343017578125,0.01983642578125
4624,HeStutters_11_202,0.17431640625,0.21728515625,0.0460205078125,0.06268310546875,0.075439453125
4625,HVSA_0_121,0.07501220703125,0.1959228515625,0.16943359375,0.10125732421875,0.097412109375
4626,StutteringIsCool_75_29,0.042816162109375,0.285400390625,0.351318359375,0.017852783203125,0.04107666015625
4627,StutterTalk_15_33,0.03314208984375,0.1551513671875,0.0279083251953125,0.05072021484375,0.03173828125
4628,StutterTalk_37_15,0.042327880859375,0.1759033203125,0.169189453125,0.167236328125,0.0567626953125
4629,WomenWhoStutter_30_41,0.1739501953125,0.147216796875,0.018798828125,0.018096923828125,0.029754638671875
4630,StutteringIsCool_1_32,0.0282135009765625,0.12744140625,0.052703857421875,0.1990966796875,0.452880859375
4631,StutterTalk_64_130,0.311767578125,0.1324462890625,0.1236572265625,0.056854248046875,0.060516357421875
4632,WomenWhoStutter_86_46,0.01519012451171875,0.14990234375,0.0312042236328125,0.10174560546875,0.06951904296875
4633,StrongVoices_21_68,0.05975341796875,0.2469482421875,0.028594970703125,0.0401611328125,0.1708984375
4634,StutterTalk_80_22,0.0285491943359375,0.145263671875,0.07464599609375,0.04443359375,0.0235595703125
4635,StutteringIsCool_80_113,0.15771484375,0.1077880859375,0.048492431640625,0.050048828125,0.0164031982421875
4636,StrongVoices_21_137,0.270263671875,0.344482421875,0.07342529296875,0.0509033203125,0.21435546875
4637,HeStutters_2_77,0.110107421875,0.1822509765625,0.05145263671875,0.292724609375,0.330078125
4638,StrongVoices_21_62,0.0284423828125,0.06719970703125,0.015777587890625,0.027374267578125,0.02685546875
4639,StutterTalk_64_35,0.36767578125,0.10540771484375,0.2237548828125,0.1761474609375,0.0987548828125
4640,WomenWhoStutter_76_11,0.055938720703125,0.07989501953125,0.01090240478515625,0.109130859375,0.259033203125
4641,StutterTalk_25_55,0.1163330078125,0.2451171875,0.0303802490234375,0.042877197265625,0.033477783203125
4642,StutterTalk_62_1,0.2454833984375,0.11126708984375,0.043121337890625,0.1458740234375,0.25048828125
4643,HeStutters_5_137,0.10174560546875,0.2347412109375,0.15185546875,0.1490478515625,0.1014404296875
4644,WomenWhoStutter_48_9,0.140869140625,0.07135009765625,0.0108184814453125,0.06292724609375,0.56591796875
4645,WomenWhoStutter_97_63,0.264404296875,0.181396484375,0.051361083984375,0.07965087890625,0.358642578125
4646,StutteringIsCool_33_6,0.08270263671875,0.396240234375,0.5830078125,0.054107666015625,0.06964111328125
4647,HeStutters_2_19,0.08740234375,0.1573486328125,0.06451416015625,0.135498046875,0.76171875
4648,WomenWhoStutter_21_174,0.06878662109375,0.06805419921875,0.0136871337890625,0.01363372802734375,0.04345703125
4649,StutteringIsCool_17_9,0.1812744140625,0.314697265625,0.37060546875,0.09027099609375,0.14599609375
4650,StrongVoices_6_108,0.492919921875,0.162109375,0.044189453125,0.023956298828125,0.2315673828125
4651,StrongVoices_23_242,0.1773681640625,0.097412109375,0.0203399658203125,0.0273284912109375,0.9345703125
4652,StutteringIsCool_34_140,0.1387939453125,0.3623046875,0.07275390625,0.041229248046875,0.2288818359375
4653,StutterTalk_15_3,0.0252227783203125,0.08990478515625,0.0223236083984375,0.052520751953125,0.25244140625
4654,StutterTalk_64_112,0.023468017578125,0.126953125,0.01282501220703125,0.04803466796875,0.1719970703125
4655,StrongVoices_23_205,0.1431884765625,0.270263671875,0.048675537109375,0.0087432861328125,0.082275390625
4656,HeStutters_16_67,0.60400390625,0.11065673828125,0.03216552734375,0.06646728515625,0.252685546875
4657,StutteringIsCool_44_5,0.06878662109375,0.07879638671875,0.01111602783203125,0.033721923828125,0.05126953125
4658,WomenWhoStutter_22_0,0.073974609375,0.3544921875,0.290771484375,0.0831298828125,0.09466552734375
4659,HVSA_3_8,0.65625,0.282470703125,0.359375,0.204345703125,0.1436767578125
4660,WomenWhoStutter_87_31,0.483642578125,0.1417236328125,0.047882080078125,0.012725830078125,0.294189453125
4661,StutteringIsCool_29_15,0.1033935546875,0.151611328125,0.020965576171875,0.029815673828125,0.266845703125
4662,StrongVoices_21_176,0.05706787109375,0.1083984375,0.014007568359375,0.056854248046875,0.05499267578125
4663,StutterTalk_38_17,0.0295867919921875,0.1048583984375,0.0273284912109375,0.051544189453125,0.04595947265625
4664,WomenWhoStutter_55_35,0.05865478515625,0.090087890625,0.0247955322265625,0.07965087890625,0.029144287109375
4665,WomenWhoStutter_96_21,0.23583984375,0.1588134765625,0.082275390625,0.1324462890625,0.0863037109375
4666,StutterTalk_42_19,0.0460205078125,0.1202392578125,0.01358795166015625,0.0162811279296875,0.0284423828125
4667,HVSA_0_21,0.08819580078125,0.1534423828125,0.07501220703125,0.097900390625,0.0836181640625
4668,StutterTalk_53_16,0.07720947265625,0.4443359375,0.2252197265625,0.054107666015625,0.029541015625
4669,MyStutteringLife_21_17,0.05560302734375,0.331787109375,0.1407470703125,0.08197021484375,0.06439208984375
4670,StutterTalk_76_21,0.2117919921875,0.1351318359375,0.029083251953125,0.0880126953125,0.73486328125
4671,StrongVoices_1_32,0.03955078125,0.12359619140625,0.2125244140625,0.277099609375,0.045196533203125
4672,StutterTalk_64_116,0.1727294921875,0.1015625,0.018585205078125,0.0268096923828125,0.533203125
4673,StutteringIsCool_1_26,0.062225341796875,0.2349853515625,0.470947265625,0.26025390625,0.172119140625
4674,StrongVoices_10_174,0.036834716796875,0.286865234375,0.0792236328125,0.030914306640625,0.055206298828125
4675,StutterTalk_10_26,0.04107666015625,0.18603515625,0.07720947265625,0.1387939453125,0.12432861328125
4676,StrongVoices_4_3,0.0966796875,0.2152099609375,0.06707763671875,0.045440673828125,0.06744384765625
4677,WomenWhoStutter_96_101,0.07159423828125,0.18798828125,0.0531005859375,0.025909423828125,0.0333251953125
4678,WomenWhoStutter_96_114,0.0265045166015625,0.1339111328125,0.0211181640625,0.0292510986328125,0.042327880859375
4679,StutterTalk_60_37,0.3427734375,0.1517333984375,0.020965576171875,0.038238525390625,0.1217041015625
4680,MyStutteringLife_21_22,0.09283447265625,0.1837158203125,0.03985595703125,0.00734710693359375,0.0256195068359375
4681,StrongVoices_10_30,0.55322265625,0.0726318359375,0.0231475830078125,0.0173797607421875,0.490478515625
4682,HVSA_3_35,0.06634521484375,0.329345703125,0.57080078125,0.092041015625,0.1063232421875
4683,WomenWhoStutter_2_38,0.0802001953125,0.31640625,0.62890625,0.5830078125,0.307861328125
4684,WomenWhoStutter_2_10,0.1181640625,0.1258544921875,0.191650390625,0.0226287841796875,0.0531005859375
4685,WomenWhoStutter_30_197,0.07904052734375,0.0943603515625,0.05340576171875,0.03521728515625,0.039276123046875
4686,WomenWhoStutter_62_149,0.223876953125,0.09967041015625,0.0162811279296875,0.0537109375,0.95654296875
4687,HeStutters_16_188,0.380615234375,0.290771484375,0.14208984375,0.0282745361328125,0.0965576171875
4688,StrongVoices_21_95,0.1253662109375,0.10577392578125,0.0299224853515625,0.1190185546875,0.77392578125
4689,WomenWhoStutter_86_86,0.1505126953125,0.1739501953125,0.1187744140625,0.246337890625,0.8984375
4690,StrongVoices_19_31,0.157470703125,0.05126953125,0.015777587890625,0.0309600830078125,0.07904052734375
4691,HeStutters_10_8,0.149169921875,0.0794677734375,0.021453857421875,0.03131103515625,0.1165771484375
4692,StutterTalk_63_162,0.07696533203125,0.50927734375,0.459716796875,0.12274169921875,0.154296875
4693,HVSA_2_168,0.0816650390625,0.1207275390625,0.06964111328125,0.1788330078125,0.2005615234375
4694,HeStutters_16_20,0.419921875,0.0765380859375,0.0200653076171875,0.0823974609375,0.1171875
4695,StutteringIsCool_27_20,0.0224151611328125,0.2100830078125,0.06744384765625,0.023773193359375,0.038543701171875
4696,StutterTalk_68_129,0.04168701171875,0.385009765625,0.451171875,0.298828125,0.19873046875
4697,HVSA_2_20,0.06573486328125,0.3046875,0.298583984375,0.06939697265625,0.0728759765625
4698,StutterTalk_10_13,0.154541015625,0.1517333984375,0.06634521484375,0.058990478515625,0.951171875
4699,WomenWhoStutter_105_15,0.267333984375,0.254150390625,0.0838623046875,0.07183837890625,0.0269622802734375
4700,StutterTalk_8_139,0.092041015625,0.1617431640625,0.2178955078125,0.058563232421875,0.06561279296875
4701,HeStutters_12_130,0.0633544921875,0.1798095703125,0.08587646484375,0.0180206298828125,0.03302001953125
4702,StutteringIsCool_34_136,0.29150390625,0.2005615234375,0.12176513671875,0.1719970703125,0.71533203125
4703,HVSA_1_55,0.08416748046875,0.40673828125,0.490478515625,0.0219879150390625,0.029754638671875
4704,StrongVoices_21_0,0.09136962890625,0.11260986328125,0.06231689453125,0.0469970703125,0.1580810546875
4705,StutterTalk_49_14,0.052520751953125,0.106689453125,0.0082550048828125,0.00926971435546875,0.07318115234375
4706,HeStutters_12_121,0.184326171875,0.37158203125,0.1187744140625,0.04559326171875,0.13525390625
4707,StrongVoices_23_200,0.259521484375,0.278076171875,0.047943115234375,0.01267242431640625,0.20263671875
4708,StrongVoices_23_233,0.147705078125,0.409423828125,0.33203125,0.075439453125,0.10284423828125
4709,StutterTalk_51_38,0.01395416259765625,0.116943359375,0.059417724609375,0.149169921875,0.0809326171875
4710,StutterTalk_60_9,0.0439453125,0.14306640625,0.01554107666015625,0.06658935546875,0.070556640625
4711,StrongVoices_17_25,0.1507568359375,0.31640625,0.0531005859375,0.0121917724609375,0.0352783203125
4712,StutterTalk_34_2,0.153076171875,0.168701171875,0.09271240234375,0.1527099609375,0.08404541015625
4713,HVSA_2_15,0.06524658203125,0.1387939453125,0.12139892578125,0.252685546875,0.11083984375
4714,StutterTalk_46_7,0.0330810546875,0.1297607421875,0.011505126953125,0.0236053466796875,0.02880859375
4715,WomenWhoStutter_2_155,0.315185546875,0.11181640625,0.020416259765625,0.033538818359375,0.092041015625
4716,MyStutteringLife_21_6,0.09222412109375,0.1668701171875,0.017303466796875,0.00945281982421875,0.047088623046875
4717,StutteringIsCool_67_33,0.0169830322265625,0.05975341796875,0.0222015380859375,0.044586181640625,0.0699462890625
4718,WomenWhoStutter_30_195,0.058441162109375,0.0546875,0.0083465576171875,0.006168365478515625,0.026702880859375
4719,StutterTalk_38_21,0.374755859375,0.0869140625,0.0210418701171875,0.03912353515625,0.8017578125
4720,StrongVoices_21_159,0.036224365234375,0.08251953125,0.017242431640625,0.123779296875,0.14892578125
4721,StutterTalk_68_1,0.022979736328125,0.1309814453125,0.014556884765625,0.020416259765625,0.11419677734375
4722,HVSA_0_6,0.23681640625,0.289794921875,0.054595947265625,0.048126220703125,0.1177978515625
4723,WomenWhoStutter_42_176,0.136962890625,0.179443359375,0.04351806640625,0.0191192626953125,0.82861328125
4724,HeStutters_16_210,0.039642333984375,0.222900390625,0.0616455078125,0.09552001953125,0.08990478515625
4725,StutteringIsCool_50_37,0.387451171875,0.2080078125,0.05865478515625,0.11260986328125,0.880859375
4726,WomenWhoStutter_107_2,0.140869140625,0.40771484375,0.154541015625,0.059112548828125,0.03790283203125
4727,WomenWhoStutter_97_173,0.0615234375,0.220703125,0.2418212890625,0.2489013671875,0.14306640625
4728,WomenWhoStutter_27_39,0.290771484375,0.2110595703125,0.04840087890625,0.019500732421875,0.07861328125
4729,HeStutters_11_71,0.107421875,0.337646484375,0.06866455078125,0.054412841796875,0.0880126953125
4730,HeStutters_18_79,0.06488037109375,0.07666015625,0.0269622802734375,0.21533203125,0.3056640625
4731,StrongVoices_21_78,0.0709228515625,0.41162109375,0.1781005859375,0.04107666015625,0.1014404296875
4732,StrongVoices_27_12,0.1451416015625,0.29052734375,0.0374755859375,0.0546875,0.0634765625
4733,HeStutters_11_162,0.1585693359375,0.4833984375,0.390625,0.0784912109375,0.1300048828125
4734,WomenWhoStutter_21_86,0.050811767578125,0.10931396484375,0.0150146484375,0.0101318359375,0.130126953125
4735,IStutterSoWhat_3_77,0.14794921875,0.092041015625,0.0224151611328125,0.05450439453125,0.9697265625
4736,WomenWhoStutter_2_121,0.0306243896484375,0.2215576171875,0.059661865234375,0.192138671875,0.391845703125
4737,StrongVoices_10_31,0.438720703125,0.10504150390625,0.024932861328125,0.0083160400390625,0.033599853515625
4738,StutterTalk_64_18,0.095703125,0.09466552734375,0.02044677734375,0.12890625,0.2152099609375
4739,HVSA_1_160,0.52734375,0.11676025390625,0.037109375,0.0386962890625,0.81787109375
4740,HVSA_0_44,0.08154296875,0.341552734375,0.300537109375,0.09979248046875,0.06549072265625
4741,StrongVoices_4_1,0.10467529296875,0.176513671875,0.0531005859375,0.01560211181640625,0.09515380859375
4742,StrongVoices_23_114,0.150146484375,0.1689453125,0.022369384765625,0.00646209716796875,0.0292510986328125
4743,StutterTalk_18_36,0.048309326171875,0.2452392578125,0.0228424072265625,0.018341064453125,0.033203125
4744,WomenWhoStutter_86_161,0.106689453125,0.1876220703125,0.061981201171875,0.193603515625,0.26416015625
4745,StrongVoices_17_23,0.38037109375,0.309326171875,0.139404296875,0.0192413330078125,0.042236328125
4746,HVSA_0_126,0.1700439453125,0.059661865234375,0.01061248779296875,0.01953125,0.87451171875
4747,HeStutters_12_145,0.81982421875,0.1402587890625,0.1285400390625,0.03656005859375,0.04510498046875
4748,WomenWhoStutter_81_54,0.2149658203125,0.2391357421875,0.13037109375,0.356689453125,0.2142333984375
4749,HeStutters_17_32,0.034698486328125,0.345947265625,0.0889892578125,0.033905029296875,0.10089111328125
4750,StutteringIsCool_47_27,0.037811279296875,0.2100830078125,0.052825927734375,0.08740234375,0.114990234375
4751,HeStutters_5_54,0.0282135009765625,0.323974609375,0.268310546875,0.04296875,0.05792236328125
4752,StutterTalk_14_9,0.254150390625,0.259765625,0.171875,0.2108154296875,0.630859375
4753,StutterTalk_72_146,0.21337890625,0.11859130859375,0.017242431640625,0.054595947265625,0.10992431640625
4754,StrongVoices_22_0,0.55712890625,0.2293701171875,0.1705322265625,0.09271240234375,0.04595947265625
4755,StrongVoices_10_24,0.156494140625,0.29541015625,0.034027099609375,0.02685546875,0.331298828125
4756,HeStutters_5_6,0.10595703125,0.391357421875,0.205810546875,0.053802490234375,0.0472412109375
4757,StrongVoices_23_76,0.341064453125,0.24658203125,0.045196533203125,0.012237548828125,0.354736328125
4758,StutterTalk_23_10,0.0823974609375,0.1473388671875,0.0294189453125,0.0328369140625,0.1048583984375
4759,StutteringIsCool_52_17,0.640625,0.224365234375,0.2288818359375,0.0537109375,0.058563232421875
4760,StrongVoices_18_20,0.06732177734375,0.2093505859375,0.07452392578125,0.0169830322265625,0.04345703125
4761,StutterTalk_64_151,0.0560302734375,0.10797119140625,0.04193115234375,0.0293731689453125,0.51416015625
4762,StutterTalk_8_51,0.09686279296875,0.2037353515625,0.2410888671875,0.379150390625,0.5673828125
4763,HeStutters_0_26,0.155517578125,0.11083984375,0.0156707763671875,0.033203125,0.11553955078125
4764,StutterTalk_79_8,0.030853271484375,0.1630859375,0.093505859375,0.0567626953125,0.06512451171875
4765,HVSA_3_1,0.71923828125,0.2271728515625,0.29833984375,0.1177978515625,0.106689453125
4766,WomenWhoStutter_21_142,0.1561279296875,0.333984375,0.252685546875,0.330810546875,0.3544921875
4767,StutterTalk_0_1,0.334716796875,0.292724609375,0.06756591796875,0.05023193359375,0.16845703125
4768,HVSA_0_83,0.685546875,0.2330322265625,0.30859375,0.0635986328125,0.0582275390625
4769,StutteringIsCool_60_22,0.07763671875,0.0880126953125,0.090087890625,0.0287628173828125,0.0253753662109375
4770,StutterTalk_8_157,0.039276123046875,0.129150390625,0.06585693359375,0.0509033203125,0.06964111328125
4771,StrongVoices_28_9,0.2314453125,0.321044921875,0.10614013671875,0.03204345703125,0.061187744140625
4772,StrongVoices_7_1,0.1373291015625,0.4189453125,0.10394287109375,0.0240936279296875,0.11297607421875
4773,WomenWhoStutter_12_9,0.08135986328125,0.1640625,0.03240966796875,0.14453125,0.82080078125
4774,HeStutters_11_86,0.0843505859375,0.2366943359375,0.09283447265625,0.2125244140625,0.1937255859375
4775,HVSA_2_44,0.07366943359375,0.10107421875,0.0352783203125,0.051361083984375,0.03802490234375
4776,StutterTalk_37_55,0.2347412109375,0.1253662109375,0.07305908203125,0.19873046875,0.46875
4777,WomenWhoStutter_35_33,0.1322021484375,0.409912109375,0.481689453125,0.052703857421875,0.038238525390625
4778,StrongVoices_21_65,0.390380859375,0.228515625,0.0574951171875,0.029083251953125,0.05645751953125
4779,WomenWhoStutter_55_16,0.5400390625,0.061981201171875,0.019561767578125,0.044281005859375,0.62109375
4780,StrongVoices_6_201,0.030731201171875,0.288818359375,0.06500244140625,0.03790283203125,0.070068359375
4781,HeStutters_10_32,0.1214599609375,0.047332763671875,0.007904052734375,0.0306243896484375,0.83642578125
4782,StutteringIsCool_38_1,0.07611083984375,0.12274169921875,0.051666259765625,0.056976318359375,0.038177490234375
4783,StutterTalk_37_181,0.28369140625,0.12335205078125,0.07318115234375,0.228515625,0.58447265625
4784,StutteringIsCool_70_33,0.057708740234375,0.27783203125,0.1322021484375,0.083740234375,0.061981201171875
4785,WomenWhoStutter_86_106,0.089599609375,0.1556396484375,0.0153045654296875,0.1279296875,0.66064453125
4786,StrongVoices_21_30,0.03216552734375,0.0994873046875,0.094482421875,0.0328369140625,0.0255126953125
4787,HeStutters_12_0,0.03594970703125,0.12200927734375,0.01137542724609375,0.026458740234375,0.064208984375
4788,StutterTalk_63_71,0.170654296875,0.375244140625,0.40625,0.43505859375,0.1910400390625
4789,StutterTalk_72_8,0.0975341796875,0.1707763671875,0.02880859375,0.01512908935546875,0.01332855224609375
4790,WomenWhoStutter_2_1,0.10760498046875,0.222900390625,0.17626953125,0.1446533203125,0.853515625
4791,StutterTalk_59_11,0.017242431640625,0.07208251953125,0.0171051025390625,0.06756591796875,0.037322998046875
4792,HeStutters_16_159,0.327392578125,0.1800537109375,0.06475830078125,0.08990478515625,0.18896484375
4793,HVSA_0_75,0.08831787109375,0.1951904296875,0.03240966796875,0.036895751953125,0.40673828125
4794,WomenWhoStutter_107_25,0.093994140625,0.06524658203125,0.00690460205078125,0.0252227783203125,0.79248046875
4795,WomenWhoStutter_68_24,0.28369140625,0.10467529296875,0.01812744140625,0.036834716796875,0.9736328125
4796,WomenWhoStutter_87_26,0.0318603515625,0.0970458984375,0.017852783203125,0.0284881591796875,0.06280517578125
4797,HVSA_0_12,0.3017578125,0.11859130859375,0.019683837890625,0.0161590576171875,0.58935546875
4798,StrongVoices_10_123,0.04803466796875,0.140869140625,0.0210113525390625,0.023956298828125,0.15234375
4799,StrongVoices_14_3,0.055206298828125,0.0869140625,0.0196075439453125,0.037750244140625,0.08135986328125
4800,StutterTalk_64_72,0.09368896484375,0.06854248046875,0.07366943359375,0.060516357421875,0.058990478515625
4801,StutterTalk_26_157,0.12054443359375,0.1446533203125,0.042724609375,0.02752685546875,0.018798828125
4802,StrongVoices_23_94,0.1729736328125,0.2257080078125,0.040313720703125,0.011199951171875,0.164794921875
4803,StutterTalk_25_103,0.019866943359375,0.147216796875,0.11163330078125,0.2352294921875,0.43505859375
4804,HVSA_0_18,0.048126220703125,0.36962890625,0.314697265625,0.1739501953125,0.1048583984375
4805,StutterTalk_8_169,0.2548828125,0.1632080078125,0.1929931640625,0.1959228515625,0.14697265625
4806,StutteringIsCool_17_6,0.3134765625,0.12493896484375,0.12493896484375,0.39111328125,0.5966796875
4807,StutterTalk_64_6,0.10723876953125,0.268310546875,0.364013671875,0.2406005859375,0.1885986328125
4808,HVSA_1_104,0.05145263671875,0.30712890625,0.165771484375,0.1934814453125,0.09637451171875
4809,WomenWhoStutter_86_8,0.0472412109375,0.2017822265625,0.0292510986328125,0.06268310546875,0.048858642578125
4810,StutteringIsCool_14_34,0.034759521484375,0.09234619140625,0.055206298828125,0.03131103515625,0.08978271484375
4811,StutterTalk_44_34,0.0284881591796875,0.31298828125,0.0325927734375,0.026763916015625,0.2191162109375
4812,IStutterSoWhat_0_87,0.233154296875,0.06097412109375,0.0236053466796875,0.10284423828125,0.2359619140625
4813,HVSA_0_82,0.091552734375,0.25390625,0.271728515625,0.2322998046875,0.1153564453125
4814,HVSA_0_11,0.1514892578125,0.230712890625,0.046478271484375,0.015838623046875,0.038543701171875
4815,StutterTalk_29_1,0.0306243896484375,0.1566162109375,0.0228424072265625,0.01306915283203125,0.0302734375
4816,StutterTalk_49_25,0.059326171875,0.060638427734375,0.009521484375,0.04931640625,0.054901123046875
4817,WomenWhoStutter_102_11,0.1414794921875,0.2587890625,0.037261962890625,0.01495361328125,0.035736083984375
4818,StrongVoices_7_32,0.1546630859375,0.233154296875,0.03179931640625,0.00916290283203125,0.0250396728515625
4819,StutterTalk_38_36,0.10504150390625,0.16162109375,0.02337646484375,0.12286376953125,0.386474609375
4820,WomenWhoStutter_86_158,0.1767578125,0.12939453125,0.02655029296875,0.10858154296875,0.97021484375
4821,StrongVoices_10_198,0.196044921875,0.3056640625,0.0965576171875,0.0163421630859375,0.03759765625
4822,HVSA_2_57,0.0953369140625,0.093017578125,0.0243377685546875,0.12127685546875,0.546875
4823,HVSA_2_58,0.72216796875,0.144775390625,0.151611328125,0.07147216796875,0.08331298828125
4824,WomenWhoStutter_8_14,0.1422119140625,0.353759765625,0.5751953125,0.07696533203125,0.0604248046875
4825,StrongVoices_12_27,0.08831787109375,0.1451416015625,0.0112457275390625,0.034698486328125,0.3173828125
4826,StrongVoices_19_34,0.1646728515625,0.173828125,0.061187744140625,0.01934814453125,0.43505859375
4827,StutterTalk_25_133,0.1510009765625,0.1463623046875,0.0153045654296875,0.0139007568359375,0.12103271484375
4828,StutterTalk_38_24,0.427490234375,0.1898193359375,0.145263671875,0.052337646484375,0.134033203125
4829,HVSA_2_199,0.03802490234375,0.13427734375,0.0838623046875,0.1334228515625,0.09857177734375
4830,StutterTalk_64_70,0.14208984375,0.1474609375,0.07696533203125,0.09588623046875,0.1392822265625
4831,StutteringIsCool_49_26,0.03216552734375,0.256591796875,0.16357421875,0.02508544921875,0.049957275390625
4832,WomenWhoStutter_69_7,0.0472412109375,0.09027099609375,0.01450347900390625,0.12451171875,0.1810302734375
4833,StutterTalk_72_23,0.043212890625,0.3388671875,0.375244140625,0.220458984375,0.2265625
4834,StutterTalk_64_133,0.092529296875,0.199462890625,0.194091796875,0.0496826171875,0.037322998046875
4835,StutterTalk_68_40,0.128662109375,0.240966796875,0.043853759765625,0.04638671875,0.095703125
4836,HVSA_3_105,0.132080078125,0.172119140625,0.130126953125,0.0256195068359375,0.05291748046875
4837,StutteringIsCool_75_23,0.2060546875,0.16748046875,0.10723876953125,0.1512451171875,0.63720703125
4838,StutterTalk_37_2,0.0293121337890625,0.08599853515625,0.020965576171875,0.08135986328125,0.10504150390625
4839,WomenWhoStutter_86_114,0.149169921875,0.2347412109375,0.029541015625,0.094482421875,0.8671875
4840,StutterTalk_59_1,0.02069091796875,0.11199951171875,0.04046630859375,0.042083740234375,0.02337646484375
4841,WomenWhoStutter_14_5,0.03216552734375,0.2496337890625,0.452392578125,0.1259765625,0.07208251953125
4842,StutterTalk_16_9,0.09722900390625,0.29052734375,0.11199951171875,0.176513671875,0.1917724609375
4843,StutterTalk_22_12,0.06439208984375,0.09075927734375,0.09332275390625,0.132568359375,0.4091796875
4844,StutterTalk_25_15,0.02947998046875,0.1412353515625,0.03125,0.029205322265625,0.03533935546875
4845,WomenWhoStutter_2_86,0.2083740234375,0.2178955078125,0.04443359375,0.10321044921875,0.3740234375
4846,IStutterSoWhat_3_54,0.04400634765625,0.10723876953125,0.078369140625,0.033660888671875,0.04559326171875
4847,WomenWhoStutter_10_149,0.0220794677734375,0.05889892578125,0.01332855224609375,0.0147857666015625,0.0165863037109375
4848,StutterTalk_8_47,0.0303802490234375,0.09912109375,0.05572509765625,0.050994873046875,0.0616455078125
4849,HVSA_2_152,0.1751708984375,0.171630859375,0.08331298828125,0.1810302734375,0.1424560546875
4850,WomenWhoStutter_97_155,0.07196044921875,0.191650390625,0.053802490234375,0.1361083984375,0.81005859375
4851,WomenWhoStutter_58_22,0.235107421875,0.171875,0.0283355712890625,0.0411376953125,0.346923828125
4852,HVSA_0_7,0.386474609375,0.178955078125,0.04345703125,0.06982421875,0.5439453125
4853,WomenWhoStutter_63_2,0.2255859375,0.10968017578125,0.0170440673828125,0.0850830078125,0.282958984375
4854,StutteringIsCool_46_188,0.10052490234375,0.1776123046875,0.01519012451171875,0.038604736328125,0.9072265625
4855,StrongVoices_4_21,0.253662109375,0.2054443359375,0.03955078125,0.06622314453125,0.9287109375
4856,StutterTalk_37_166,0.05511474609375,0.1468505859375,0.08447265625,0.1910400390625,0.070556640625
4857,StutterTalk_38_35,0.10357666015625,0.0982666015625,0.011871337890625,0.046539306640625,0.06439208984375
4858,StutteringIsCool_34_159,0.10540771484375,0.2103271484375,0.05792236328125,0.00878143310546875,0.13818359375
4859,StrongVoices_31_25,0.0199127197265625,0.216552734375,0.04742431640625,0.0305633544921875,0.061981201171875
4860,StutterTalk_12_3,0.1710205078125,0.1026611328125,0.015716552734375,0.0269622802734375,0.1708984375
4861,StutterTalk_64_106,0.51171875,0.293212890625,0.22607421875,0.09185791015625,0.08587646484375
4862,WomenWhoStutter_86_52,0.0809326171875,0.1646728515625,0.0247039794921875,0.157958984375,0.1591796875
4863,HVSA_2_172,0.07598876953125,0.2064208984375,0.118408203125,0.1982421875,0.109130859375
4864,HeStutters_2_78,0.033905029296875,0.336669921875,0.249267578125,0.132080078125,0.092529296875
4865,StrongVoices_31_27,0.06524658203125,0.173828125,0.0290374755859375,0.01229095458984375,0.0182647705078125
4866,StrongVoices_27_8,0.07763671875,0.10467529296875,0.0775146484375,0.0341796875,0.03033447265625
4867,HVSA_2_28,0.07684326171875,0.20166015625,0.056121826171875,0.05877685546875,0.051544189453125
4868,StutterTalk_55_23,0.23388671875,0.230712890625,0.26806640625,0.1014404296875,0.150390625
4869,StutteringIsCool_46_71,0.02484130859375,0.1077880859375,0.0182952880859375,0.021240234375,0.051849365234375
4870,HeStutters_12_46,0.07489013671875,0.22509765625,0.047149658203125,0.08050537109375,0.4375
4871,HVSA_1_96,0.2015380859375,0.1593017578125,0.0228424072265625,0.004810333251953125,0.1419677734375
4872,WomenWhoStutter_63_32,0.0634765625,0.2215576171875,0.049041748046875,0.06231689453125,0.05706787109375
4873,StrongVoices_23_219,0.1458740234375,0.295654296875,0.1121826171875,0.0150146484375,0.0849609375
4874,WomenWhoStutter_2_62,0.26318359375,0.10174560546875,0.0273284912109375,0.07318115234375,0.91162109375
4875,WomenWhoStutter_21_209,0.252197265625,0.0855712890625,0.022979736328125,0.0182952880859375,0.023956298828125
4876,HeStutters_2_53,0.023651123046875,0.1273193359375,0.041473388671875,0.1751708984375,0.0726318359375
4877,StutterTalk_1_22,0.06719970703125,0.399169921875,0.0850830078125,0.0235137939453125,0.11126708984375
4878,HVSA_2_151,0.0260009765625,0.21484375,0.1656494140625,0.1365966796875,0.1248779296875
4879,HVSA_2_183,0.063720703125,0.31982421875,0.284423828125,0.28076171875,0.09808349609375
4880,IStutterSoWhat_0_61,0.1435546875,0.349609375,0.1812744140625,0.03173828125,0.1669921875
4881,WomenWhoStutter_62_220,0.357666015625,0.06866455078125,0.0164642333984375,0.059417724609375,0.8671875
4882,MyStutteringLife_21_5,0.09185791015625,0.198486328125,0.0455322265625,0.0144500732421875,0.0254669189453125
4883,StutteringIsCool_29_22,0.021331787109375,0.06256103515625,0.028167724609375,0.06890869140625,0.07159423828125
4884,WomenWhoStutter_27_29,0.19189453125,0.38232421875,0.5791015625,0.55224609375,0.2529296875
4885,HeStutters_12_11,0.08599853515625,0.39208984375,0.62451171875,0.1278076171875,0.04913330078125
4886,StrongVoices_21_108,0.252685546875,0.290771484375,0.11614990234375,0.073974609375,0.21337890625
4887,MyStutteringLife_18_13,0.033599853515625,0.172607421875,0.025421142578125,0.060302734375,0.7626953125
4888,StrongVoices_24_0,0.116943359375,0.275146484375,0.12261962890625,0.06744384765625,0.047149658203125
4889,HVSA_0_63,0.03192138671875,0.0953369140625,0.0115509033203125,0.08978271484375,0.338623046875
4890,StrongVoices_3_27,0.182861328125,0.30126953125,0.01983642578125,0.01090240478515625,0.153076171875
4891,StutterTalk_64_9,0.572265625,0.2088623046875,0.1719970703125,0.07196044921875,0.06878662109375
4892,MyStutteringLife_18_21,0.0982666015625,0.10357666015625,0.01450347900390625,0.060089111328125,0.205078125
4893,StutteringIsCool_34_180,0.1749267578125,0.1298828125,0.038604736328125,0.07196044921875,0.96142578125
4894,StutterTalk_37_112,0.2337646484375,0.0849609375,0.01332855224609375,0.053802490234375,0.139404296875
4895,StrongVoices_31_39,0.038818359375,0.13623046875,0.0271759033203125,0.10650634765625,0.21533203125
4896,HVSA_3_148,0.302490234375,0.284912109375,0.323486328125,0.1300048828125,0.19775390625
4897,StutteringIsCool_44_25,0.146240234375,0.08135986328125,0.01177978515625,0.060760498046875,0.96044921875
4898,StutteringIsCool_27_23,0.07366943359375,0.234375,0.1549072265625,0.1636962890625,0.1181640625
4899,StutteringIsCool_61_37,0.1390380859375,0.31494140625,0.1263427734375,0.0299224853515625,0.038909912109375
4900,WomenWhoStutter_27_38,0.1639404296875,0.3310546875,0.1925048828125,0.28515625,0.21142578125
4901,StrongVoices_21_88,0.485595703125,0.2186279296875,0.16259765625,0.06939697265625,0.343017578125
4902,StutteringIsCool_80_144,0.077392578125,0.0965576171875,0.0325927734375,0.04638671875,0.0296478271484375
4903,StrongVoices_10_5,0.12213134765625,0.20849609375,0.06396484375,0.01554107666015625,0.0838623046875
4904,WomenWhoStutter_25_32,0.083740234375,0.0831298828125,0.017303466796875,0.048492431640625,0.02508544921875
4905,StrongVoices_20_10,0.64599609375,0.187255859375,0.1710205078125,0.053192138671875,0.045196533203125
4906,HeStutters_12_75,0.0810546875,0.0723876953125,0.04302978515625,0.024383544921875,0.0165863037109375
4907,StrongVoices_6_166,0.37548828125,0.310302734375,0.06671142578125,0.0226287841796875,0.032958984375
4908,StrongVoices_21_23,0.26611328125,0.2445068359375,0.058563232421875,0.02886962890625,0.218017578125
4909,HVSA_0_80,0.301513671875,0.16357421875,0.0889892578125,0.0137939453125,0.04486083984375
4910,StutterTalk_26_116,0.05072021484375,0.254150390625,0.027435302734375,0.01287078857421875,0.046112060546875
4911,StrongVoices_25_23,0.048492431640625,0.1083984375,0.023101806640625,0.0259552001953125,0.0164031982421875
4912,StrongVoices_21_154,0.0182952880859375,0.1900634765625,0.2340087890625,0.375244140625,0.1114501953125
4913,StutterTalk_64_105,0.049041748046875,0.1458740234375,0.2337646484375,0.206298828125,0.1195068359375
4914,WomenWhoStutter_30_79,0.06634521484375,0.07763671875,0.00815582275390625,0.00605010986328125,0.018402099609375
4915,StutterTalk_54_35,0.08465576171875,0.1358642578125,0.034423828125,0.07977294921875,0.060516357421875
4916,StutterTalk_37_94,0.1993408203125,0.0809326171875,0.020294189453125,0.08404541015625,0.90478515625
4917,StrongVoices_34_39,0.048309326171875,0.24072265625,0.08197021484375,0.024139404296875,0.042633056640625
4918,StutteringIsCool_23_24,0.04620361328125,0.1248779296875,0.039794921875,0.0292510986328125,0.07666015625
4919,WomenWhoStutter_58_37,0.2274169921875,0.29638671875,0.053802490234375,0.03192138671875,0.44677734375
4920,WomenWhoStutter_62_17,0.0482177734375,0.171875,0.1214599609375,0.259765625,0.100341796875
4921,HVSA_0_48,0.0548095703125,0.328369140625,0.1456298828125,0.07977294921875,0.0943603515625
4922,StutteringIsCool_46_29,0.022369384765625,0.298828125,0.149658203125,0.039642333984375,0.03277587890625
4923,StrongVoices_28_30,0.390625,0.1900634765625,0.09771728515625,0.01242828369140625,0.029876708984375
4924,StutterTalk_54_31,0.058349609375,0.09808349609375,0.03424072265625,0.2451171875,0.7578125
4925,StutterTalk_76_26,0.1094970703125,0.170654296875,0.04595947265625,0.0762939453125,0.92138671875
4926,WomenWhoStutter_8_27,0.06817626953125,0.337890625,0.158447265625,0.0227203369140625,0.044189453125
4927,StrongVoices_10_34,0.1439208984375,0.391357421875,0.1409912109375,0.04638671875,0.14208984375
4928,StrongVoices_32_100,0.11737060546875,0.273193359375,0.07891845703125,0.0202484130859375,0.019989013671875
4929,WomenWhoStutter_10_15,0.054901123046875,0.2900390625,0.0526123046875,0.0101318359375,0.0265045166015625
4930,StrongVoices_10_19,0.41748046875,0.105224609375,0.016845703125,0.0265045166015625,0.697265625
4931,StrongVoices_21_164,0.11126708984375,0.1461181640625,0.0219879150390625,0.07794189453125,0.06268310546875
4932,StutterTalk_25_139,0.1019287109375,0.33056640625,0.2763671875,0.1475830078125,0.3583984375
4933,StrongVoices_24_9,0.27099609375,0.320556640625,0.07489013671875,0.031982421875,0.0792236328125
4934,StutterTalk_77_17,0.08050537109375,0.12548828125,0.06475830078125,0.07476806640625,0.1279296875
4935,MyStutteringLife_22_2,0.1763916015625,0.258544921875,0.050506591796875,0.0247039794921875,0.04046630859375
4936,WomenWhoStutter_21_42,0.08062744140625,0.255615234375,0.1761474609375,0.0312042236328125,0.1240234375
4937,WomenWhoStutter_42_144,0.0753173828125,0.1217041015625,0.0225830078125,0.075439453125,0.04046630859375
4938,StutterTalk_64_37,0.04840087890625,0.1395263671875,0.07684326171875,0.1187744140625,0.23095703125
4939,StutteringIsCool_64_25,0.03131103515625,0.08526611328125,0.0162200927734375,0.10504150390625,0.34716796875
4940,StrongVoices_7_16,0.3115234375,0.1434326171875,0.020843505859375,0.00963592529296875,0.0276947021484375
4941,WomenWhoStutter_33_21,0.07586669921875,0.455322265625,0.410400390625,0.08270263671875,0.1995849609375
4942,StrongVoices_21_191,0.02886962890625,0.08062744140625,0.03594970703125,0.2120361328125,0.130615234375
4943,StrongVoices_25_14,0.2010498046875,0.187255859375,0.0293121337890625,0.04083251953125,0.147705078125
4944,HeStutters_12_146,0.08880615234375,0.404052734375,0.1427001953125,0.0200653076171875,0.06292724609375
4945,WomenWhoStutter_45_32,0.1649169921875,0.0889892578125,0.0141754150390625,0.03277587890625,0.294189453125
4946,StutterTalk_16_28,0.1328125,0.2410888671875,0.0794677734375,0.11199951171875,0.365966796875
4947,WomenWhoStutter_108_34,0.188720703125,0.093505859375,0.017181396484375,0.046630859375,0.84033203125
4948,StutterTalk_64_143,0.1761474609375,0.23193359375,0.08050537109375,0.056243896484375,0.07489013671875
4949,HVSA_2_61,0.045440673828125,0.1708984375,0.206787109375,0.361572265625,0.1397705078125
4950,StutterTalk_12_29,0.426513671875,0.18994140625,0.1358642578125,0.06280517578125,0.47265625
4951,StrongVoices_10_26,0.0849609375,0.25634765625,0.0703125,0.044586181640625,0.09515380859375
4952,StutterTalk_29_16,0.1282958984375,0.131103515625,0.022674560546875,0.032470703125,0.048858642578125
4953,HeStutters_2_101,0.058349609375,0.353271484375,0.259765625,0.29443359375,0.102294921875
4954,StutteringIsCool_27_29,0.185546875,0.0987548828125,0.11376953125,0.05975341796875,0.1224365234375
4955,HVSA_2_179,0.048675537109375,0.10357666015625,0.091552734375,0.37060546875,0.5068359375
4956,StutterTalk_64_79,0.060302734375,0.058441162109375,0.07196044921875,0.064208984375,0.02276611328125
4957,StutterTalk_68_135,0.05340576171875,0.1416015625,0.0225372314453125,0.007038116455078125,0.0164031982421875
4958,HVSA_3_80,0.05450439453125,0.17236328125,0.1380615234375,0.1571044921875,0.1593017578125
4959,HVSA_3_97,0.10650634765625,0.1143798828125,0.10595703125,0.137939453125,0.58935546875
4960,WomenWhoStutter_2_181,0.1336669921875,0.2841796875,0.092041015625,0.029083251953125,0.0191650390625
4961,StrongVoices_2_31,0.1351318359375,0.1358642578125,0.0278472900390625,0.00933837890625,0.08978271484375
4962,StrongVoices_6_181,0.28271484375,0.247314453125,0.04168701171875,0.06982421875,0.08251953125
4963,StutterTalk_68_149,0.2093505859375,0.1644287109375,0.024566650390625,0.044525146484375,0.271240234375
4964,WomenWhoStutter_64_33,0.092529296875,0.2115478515625,0.33056640625,0.120361328125,0.1566162109375
4965,StutterTalk_76_5,0.1871337890625,0.2939453125,0.19580078125,0.1134033203125,0.06927490234375
4966,StrongVoices_0_31,0.37255859375,0.1705322265625,0.0293121337890625,0.0222930908203125,0.05126953125
4967,WomenWhoStutter_86_55,0.1619873046875,0.07879638671875,0.017242431640625,0.18408203125,0.55615234375
4968,HVSA_3_101,0.0838623046875,0.0889892578125,0.032958984375,0.03155517578125,0.0838623046875
4969,StrongVoices_32_191,0.161865234375,0.12127685546875,0.01467132568359375,0.0147857666015625,0.047882080078125
4970,StrongVoices_8_25,0.2861328125,0.31298828125,0.2418212890625,0.036285400390625,0.1766357421875
4971,MyStutteringLife_22_12,0.236328125,0.2059326171875,0.080810546875,0.039703369140625,0.044921875
4972,StutterTalk_49_30,0.1884765625,0.2646484375,0.12127685546875,0.052825927734375,0.0240936279296875
4973,StrongVoices_1_18,0.0202484130859375,0.07806396484375,0.0305633544921875,0.06915283203125,0.043609619140625
4974,StrongVoices_17_32,0.049957275390625,0.340576171875,0.0784912109375,0.0144500732421875,0.0306243896484375
4975,StutteringIsCool_34_171,0.36767578125,0.18310546875,0.1153564453125,0.055206298828125,0.06231689453125
4976,WomenWhoStutter_14_55,0.12548828125,0.174560546875,0.0143890380859375,0.00800323486328125,0.024566650390625
4977,StutterTalk_22_19,0.705078125,0.19482421875,0.18603515625,0.07354736328125,0.39208984375
4978,StrongVoices_21_48,0.11029052734375,0.1822509765625,0.037261962890625,0.06732177734375,0.06793212890625
4979,HVSA_2_158,0.10394287109375,0.2017822265625,0.12451171875,0.146728515625,0.11614990234375
4980,StutteringIsCool_50_14,0.129638671875,0.0894775390625,0.007122039794921875,0.0169830322265625,0.7666015625
4981,StutterTalk_64_176,0.22021484375,0.1358642578125,0.047149658203125,0.1221923828125,0.95654296875
4982,StutterTalk_72_186,0.1444091796875,0.1898193359375,0.03173828125,0.0810546875,0.04010009765625
4983,HeStutters_0_27,0.047088623046875,0.440185546875,0.1427001953125,0.061309814453125,0.0765380859375
4984,StrongVoices_21_133,0.051361083984375,0.1124267578125,0.02215576171875,0.060089111328125,0.12890625
4985,HVSA_2_115,0.0738525390625,0.312255859375,0.236328125,0.071044921875,0.0263519287109375
4986,StutterTalk_1_5,0.2666015625,0.25048828125,0.1490478515625,0.374267578125,0.61376953125
4987,StrongVoices_28_27,0.094482421875,0.2467041015625,0.09088134765625,0.0279083251953125,0.1834716796875
4988,StrongVoices_17_10,0.344970703125,0.2144775390625,0.046722412109375,0.0171051025390625,0.2254638671875
4989,StrongVoices_7_21,0.149169921875,0.09283447265625,0.0240478515625,0.06927490234375,0.41064453125
4990,StrongVoices_17_9,0.23779296875,0.1265869140625,0.0165863037109375,0.0219879150390625,0.806640625
4991,WomenWhoStutter_81_175,0.1134033203125,0.1260986328125,0.033721923828125,0.08416748046875,0.0311431884765625
4992,StutterTalk_1_3,0.0975341796875,0.274169921875,0.042022705078125,0.03302001953125,0.302734375
4993,HVSA_1_172,0.0792236328125,0.33935546875,0.278076171875,0.091552734375,0.1131591796875
4994,HeStutters_2_162,0.019561767578125,0.182861328125,0.09503173828125,0.251708984375,0.10650634765625
4995,StrongVoices_10_173,0.0792236328125,0.275146484375,0.1922607421875,0.1094970703125,0.486083984375
4996,StutterTalk_63_39,0.453125,0.381591796875,0.322021484375,0.17626953125,0.1715087890625
4997,StrongVoices_32_45,0.320068359375,0.30712890625,0.07305908203125,0.0582275390625,0.12054443359375
4998,StutterTalk_7_14,0.1865234375,0.233154296875,0.0238189697265625,0.02337646484375,0.08038330078125
4999,HVSA_3_5,0.1470947265625,0.37841796875,0.46533203125,0.47802734375,0.4091796875
5000,WomenWhoStutter_10_8,0.1280517578125,0.07122802734375,0.01137542724609375,0.039337158203125,0.1163330078125
5001,HVSA_2_90,0.0982666015625,0.32861328125,0.228271484375,0.2027587890625,0.425048828125
5002,StutterTalk_77_36,0.325927734375,0.07342529296875,0.038543701171875,0.1348876953125,0.67822265625
5003,StutterTalk_30_19,0.0953369140625,0.29150390625,0.09234619140625,0.0305633544921875,0.364013671875
5004,StrongVoices_1_27,0.1912841796875,0.318359375,0.0943603515625,0.01525115966796875,0.0301055908203125
5005,StutterTalk_37_179,0.030731201171875,0.06951904296875,0.017181396484375,0.11419677734375,0.090087890625
5006,HVSA_2_150,0.188232421875,0.266357421875,0.2685546875,0.11260986328125,0.1268310546875
5007,StutteringIsCool_49_34,0.552734375,0.1895751953125,0.0262603759765625,0.0215301513671875,0.09619140625
5008,StrongVoices_13_26,0.263671875,0.358642578125,0.10968017578125,0.0142822265625,0.11395263671875
5009,HeStutters_2_16,0.072509765625,0.12322998046875,0.092041015625,0.1689453125,0.06634521484375
5010,StutterTalk_32_22,0.047088623046875,0.133056640625,0.01056671142578125,0.006145477294921875,0.0174407958984375
5011,StrongVoices_4_34,0.025421142578125,0.16015625,0.061431884765625,0.1300048828125,0.06781005859375
5012,HVSA_2_72,0.166015625,0.1810302734375,0.10760498046875,0.0740966796875,0.0292510986328125
5013,WomenWhoStutter_2_163,0.303955078125,0.282470703125,0.1678466796875,0.0245208740234375,0.0379638671875
5014,StutteringIsCool_80_110,0.0310821533203125,0.056243896484375,0.01363372802734375,0.0177154541015625,0.0230712890625
5015,StutterTalk_64_175,0.1270751953125,0.132568359375,0.034423828125,0.09088134765625,0.35693359375
5016,StrongVoices_21_132,0.045867919921875,0.1309814453125,0.034423828125,0.06878662109375,0.1187744140625
5017,WomenWhoStutter_14_204,0.060760498046875,0.2470703125,0.1478271484375,0.16455078125,0.0604248046875
5018,WomenWhoStutter_97_197,0.033599853515625,0.2049560546875,0.3369140625,0.3681640625,0.087890625
5019,StrongVoices_23_69,0.362548828125,0.2362060546875,0.045257568359375,0.01751708984375,0.4130859375
5020,HVSA_3_63,0.1448974609375,0.2037353515625,0.1380615234375,0.1048583984375,0.309326171875
5021,StutteringIsCool_18_36,0.035400390625,0.17529296875,0.11395263671875,0.2381591796875,0.4052734375
5022,StrongVoices_32_134,0.058990478515625,0.282958984375,0.107421875,0.057586669921875,0.153564453125
5023,HVSA_1_143,0.07318115234375,0.362548828125,0.50048828125,0.345947265625,0.195556640625
5024,HeStutters_18_17,0.13330078125,0.09173583984375,0.024993896484375,0.18115234375,0.242919921875
5025,StutteringIsCool_1_24,0.091064453125,0.0885009765625,0.016845703125,0.048858642578125,0.841796875
5026,HeStutters_5_193,0.120361328125,0.255615234375,0.036895751953125,0.10052490234375,0.0521240234375
5027,StrongVoices_21_55,0.0295867919921875,0.053497314453125,0.0087127685546875,0.042236328125,0.06622314453125
5028,WomenWhoStutter_14_6,0.041534423828125,0.19287109375,0.10797119140625,0.072509765625,0.017578125
5029,MyStutteringLife_0_21,0.1070556640625,0.1251220703125,0.036163330078125,0.04217529296875,0.041229248046875
5030,StutterTalk_37_86,0.156494140625,0.09771728515625,0.09283447265625,0.11981201171875,0.10284423828125
5031,StrongVoices_21_72,0.205322265625,0.06671142578125,0.018829345703125,0.0592041015625,0.1324462890625
5032,StutterTalk_58_16,0.1461181640625,0.28515625,0.1978759765625,0.042816162109375,0.052825927734375
5033,StrongVoices_32_126,0.10968017578125,0.2310791015625,0.0272216796875,0.021331787109375,0.094482421875
5034,StutteringIsCool_17_36,0.07135009765625,0.18896484375,0.03271484375,0.091552734375,0.2445068359375
5035,StutteringIsCool_14_22,0.03875732421875,0.0743408203125,0.07318115234375,0.056976318359375,0.08251953125
5036,StutteringIsCool_84_8,0.021820068359375,0.08831787109375,0.04193115234375,0.0115509033203125,0.01302337646484375
5037,StutteringIsCool_79_10,0.082275390625,0.172119140625,0.028656005859375,0.0153045654296875,0.0247039794921875
5038,StutterTalk_80_35,0.021331787109375,0.06622314453125,0.0110321044921875,0.0196380615234375,0.021453857421875
5039,StrongVoices_27_2,0.765625,0.1473388671875,0.06109619140625,0.0345458984375,0.2432861328125
5040,MyStutteringLife_19_32,0.044525146484375,0.1629638671875,0.07574462890625,0.0252227783203125,0.0245208740234375
5041,StrongVoices_10_131,0.0618896484375,0.2347412109375,0.13427734375,0.15087890625,0.196044921875
5042,StutterTalk_37_97,0.0360107421875,0.09857177734375,0.045440673828125,0.092041015625,0.0384521484375
5043,HeStutters_11_204,0.1468505859375,0.227294921875,0.06256103515625,0.0309600830078125,0.06817626953125
5044,StutteringIsCool_46_3,0.1788330078125,0.08135986328125,0.0208892822265625,0.0169830322265625,0.07147216796875
5045,WomenWhoStutter_105_31,0.037322998046875,0.3955078125,0.155029296875,0.0268096923828125,0.029815673828125
5046,HeStutters_11_156,0.25048828125,0.186279296875,0.06280517578125,0.06451416015625,0.64599609375
5047,WomenWhoStutter_96_0,0.139892578125,0.1630859375,0.0284881591796875,0.053497314453125,0.037322998046875
5048,StutteringIsCool_28_36,0.281982421875,0.26708984375,0.10614013671875,0.0154876708984375,0.456787109375
5049,StrongVoices_21_54,0.118408203125,0.445556640625,0.0894775390625,0.0236053466796875,0.13818359375
5050,StutteringIsCool_80_154,0.08929443359375,0.194580078125,0.057373046875,0.03839111328125,0.8388671875
5051,HVSA_2_79,0.333251953125,0.1849365234375,0.1966552734375,0.165283203125,0.0537109375
5052,StutterTalk_60_36,0.11358642578125,0.1591796875,0.018096923828125,0.06610107421875,0.2017822265625
5053,WomenWhoStutter_2_130,0.17138671875,0.35791015625,0.53466796875,0.0743408203125,0.1171875
5054,StrongVoices_10_189,0.1373291015625,0.353271484375,0.1707763671875,0.0582275390625,0.1287841796875
5055,WomenWhoStutter_21_13,0.2337646484375,0.122314453125,0.0165863037109375,0.01137542724609375,0.412841796875
5056,StutterTalk_79_27,0.2135009765625,0.2335205078125,0.04510498046875,0.055206298828125,0.87158203125
5057,StrongVoices_28_22,0.227294921875,0.08868408203125,0.042083740234375,0.1365966796875,0.52197265625
5058,HVSA_0_37,0.107421875,0.3916015625,0.2333984375,0.062225341796875,0.10687255859375
5059,StutterTalk_25_143,0.156494140625,0.1265869140625,0.046905517578125,0.1583251953125,0.18603515625
5060,HVSA_2_4,0.1905517578125,0.10247802734375,0.07080078125,0.2421875,0.105224609375
5061,HeStutters_12_129,0.21533203125,0.208984375,0.12042236328125,0.273193359375,0.87060546875
5062,StutterTalk_37_107,0.1239013671875,0.126953125,0.06475830078125,0.396728515625,0.281005859375
5063,IStutterSoWhat_3_124,0.27978515625,0.170654296875,0.028167724609375,0.0810546875,0.266357421875
5064,WomenWhoStutter_97_100,0.0207672119140625,0.1416015625,0.0880126953125,0.18701171875,0.1104736328125
5065,StutterTalk_68_9,0.08880615234375,0.18994140625,0.01490020751953125,0.01406097412109375,0.041839599609375
5066,StutterTalk_1_39,0.091064453125,0.34033203125,0.06890869140625,0.053009033203125,0.14892578125
5067,HVSA_2_186,0.1175537109375,0.11920166015625,0.06268310546875,0.10894775390625,0.1787109375
5068,StutterTalk_38_13,0.1759033203125,0.1763916015625,0.05291748046875,0.05059814453125,0.88818359375
5069,StutterTalk_64_66,0.10089111328125,0.1737060546875,0.06927490234375,0.07708740234375,0.1905517578125
5070,HeStutters_2_118,0.039703369140625,0.277587890625,0.1727294921875,0.226806640625,0.263671875
5071,StutteringIsCool_16_7,0.10614013671875,0.1973876953125,0.1343994140625,0.40673828125,0.63525390625
5072,StutterTalk_76_18,0.05572509765625,0.1607666015625,0.0352783203125,0.10321044921875,0.145751953125
5073,StutterTalk_10_31,0.1048583984375,0.371826171875,0.46875,0.040924072265625,0.035003662109375
5074,WomenWhoStutter_107_37,0.0831298828125,0.1292724609375,0.0161590576171875,0.0191192626953125,0.059326171875
5075,StrongVoices_32_174,0.2213134765625,0.293212890625,0.051666259765625,0.0252227783203125,0.08758544921875
5076,StutterTalk_25_86,0.035675048828125,0.1781005859375,0.0982666015625,0.2022705078125,0.08343505859375
5077,MyStutteringLife_1_4,0.1546630859375,0.2303466796875,0.035400390625,0.00963592529296875,0.04638671875
5078,HVSA_0_106,0.1195068359375,0.3369140625,0.075439453125,0.0224609375,0.277587890625
5079,WomenWhoStutter_97_64,0.1396484375,0.18212890625,0.0706787109375,0.212890625,0.91650390625
5080,StrongVoices_4_37,0.0162811279296875,0.07275390625,0.0216217041015625,0.043701171875,0.0177154541015625
5081,StutteringIsCool_23_0,0.03662109375,0.11395263671875,0.042633056640625,0.024993896484375,0.03271484375
5082,StutterTalk_14_11,0.10467529296875,0.26806640625,0.1756591796875,0.038116455078125,0.05194091796875
5083,HVSA_3_0,0.1087646484375,0.300048828125,0.1910400390625,0.2802734375,0.37744140625
5084,StrongVoices_26_31,0.1619873046875,0.400634765625,0.0784912109375,0.0241851806640625,0.11376953125
5085,StutteringIsCool_79_39,0.10797119140625,0.284912109375,0.08929443359375,0.085693359375,0.1041259765625
5086,WomenWhoStutter_49_5,0.317626953125,0.27001953125,0.2042236328125,0.07806396484375,0.0831298828125
5087,WomenWhoStutter_2_113,0.05877685546875,0.2322998046875,0.034881591796875,0.0504150390625,0.1055908203125
5088,StutteringIsCool_46_135,0.042816162109375,0.1251220703125,0.012054443359375,0.0125732421875,0.2130126953125
5089,HVSA_2_92,0.0509033203125,0.293212890625,0.58154296875,0.303466796875,0.2176513671875
5090,StrongVoices_6_104,0.253662109375,0.11553955078125,0.0222015380859375,0.014556884765625,0.343994140625
5091,StutterTalk_8_151,0.1705322265625,0.1484375,0.093505859375,0.07275390625,0.1485595703125
5092,StutterTalk_72_119,0.07904052734375,0.11181640625,0.0233306884765625,0.0312042236328125,0.024658203125
5093,HVSA_0_120,0.079345703125,0.07183837890625,0.0266571044921875,0.0775146484375,0.038909912109375
5094,StutteringIsCool_14_17,0.333251953125,0.08770751953125,0.08123779296875,0.09222412109375,0.80029296875
5095,StutterTalk_63_56,0.20166015625,0.15478515625,0.057586669921875,0.0177154541015625,0.0222930908203125
5096,HeStutters_16_134,0.1895751953125,0.12054443359375,0.022674560546875,0.05706787109375,0.04443359375
5097,StutterTalk_79_26,0.228515625,0.163818359375,0.0394287109375,0.0094146728515625,0.1505126953125
5098,WomenWhoStutter_96_118,0.06536865234375,0.134033203125,0.0723876953125,0.090087890625,0.042236328125
5099,StutterTalk_64_97,0.141845703125,0.1419677734375,0.03643798828125,0.09234619140625,0.1915283203125
5100,HeStutters_16_185,0.124755859375,0.266357421875,0.360595703125,0.49658203125,0.29052734375
5101,StutteringIsCool_46_60,0.07354736328125,0.194580078125,0.021209716796875,0.033843994140625,0.039794921875
5102,WomenWhoStutter_2_92,0.1131591796875,0.19287109375,0.038330078125,0.04681396484375,0.034820556640625
5103,StutterTalk_26_181,0.06756591796875,0.10284423828125,0.0162811279296875,0.025421142578125,0.018341064453125
5104,HeStutters_2_139,0.1807861328125,0.36328125,0.1187744140625,0.28369140625,0.1531982421875
5105,WomenWhoStutter_87_115,0.1859130859375,0.156982421875,0.0706787109375,0.1485595703125,0.46240234375
5106,WomenWhoStutter_97_128,0.06939697265625,0.33984375,0.576171875,0.203857421875,0.08709716796875
5107,StutterTalk_46_27,0.024658203125,0.078369140625,0.01024627685546875,0.0169830322265625,0.062103271484375
5108,StutterTalk_54_2,0.06927490234375,0.1717529296875,0.1689453125,0.5625,0.205322265625
5109,WomenWhoStutter_96_11,0.0261077880859375,0.18603515625,0.0384521484375,0.0582275390625,0.04559326171875
5110,StrongVoices_26_34,0.0413818359375,0.1143798828125,0.01678466796875,0.04931640625,0.022796630859375
5111,StrongVoices_10_106,0.0401611328125,0.25341796875,0.02685546875,0.015838623046875,0.08648681640625
5112,WomenWhoStutter_87_180,0.057281494140625,0.1837158203125,0.040374755859375,0.0567626953125,0.626953125
5113,WomenWhoStutter_2_210,0.1707763671875,0.1663818359375,0.01512908935546875,0.018829345703125,0.07305908203125
5114,StutterTalk_64_169,0.0816650390625,0.07684326171875,0.0143890380859375,0.03643798828125,0.07171630859375
5115,HeStutters_16_4,0.546875,0.163818359375,0.1837158203125,0.20654296875,0.105224609375
5116,HeStutters_11_91,0.298095703125,0.11474609375,0.06085205078125,0.1658935546875,0.94970703125
5117,StutterTalk_49_12,0.319580078125,0.1759033203125,0.034820556640625,0.020172119140625,0.038116455078125
5118,StrongVoices_0_12,0.51513671875,0.171142578125,0.0504150390625,0.0127716064453125,0.1094970703125
5119,WomenWhoStutter_62_76,0.035675048828125,0.06268310546875,0.013427734375,0.059112548828125,0.1566162109375
5120,StutterTalk_64_1,0.11260986328125,0.09088134765625,0.06488037109375,0.07781982421875,0.047332763671875
5121,StutterTalk_46_10,0.04351806640625,0.15478515625,0.0300445556640625,0.0139007568359375,0.014556884765625
5122,HeStutters_12_189,0.025909423828125,0.07708740234375,0.018402099609375,0.0224151611328125,0.0263519287109375
5123,StutterTalk_12_13,0.044097900390625,0.0872802734375,0.0164642333984375,0.140380859375,0.304443359375
5124,WomenWhoStutter_86_163,0.147705078125,0.2841796875,0.03125,0.061309814453125,0.03594970703125
5125,StutterTalk_16_33,0.110107421875,0.364990234375,0.402099609375,0.1563720703125,0.2021484375
5126,WomenWhoStutter_87_195,0.186279296875,0.181884765625,0.08209228515625,0.036712646484375,0.07318115234375
5127,StrongVoices_23_186,0.2919921875,0.1500244140625,0.03985595703125,0.0147857666015625,0.06585693359375
5128,StutterTalk_72_52,0.37451171875,0.21728515625,0.0517578125,0.0751953125,0.8095703125
5129,StutterTalk_37_148,0.06829833984375,0.049407958984375,0.01056671142578125,0.05975341796875,0.173583984375
5130,StrongVoices_4_29,0.035675048828125,0.2218017578125,0.1492919921875,0.228515625,0.04779052734375
5131,HeStutters_10_39,0.1268310546875,0.056549072265625,0.021575927734375,0.07318115234375,0.057281494140625
5132,StutterTalk_72_58,0.029144287109375,0.1700439453125,0.033203125,0.06634521484375,0.091064453125
5133,WomenWhoStutter_13_10,0.1063232421875,0.15869140625,0.0293121337890625,0.01287078857421875,0.0994873046875
5134,StutterTalk_37_184,0.049407958984375,0.0889892578125,0.0247039794921875,0.155517578125,0.2044677734375
5135,StutterTalk_72_95,0.0604248046875,0.276611328125,0.087890625,0.115966796875,0.1815185546875
5136,WomenWhoStutter_2_172,0.1739501953125,0.1871337890625,0.06927490234375,0.019195556640625,0.06634521484375
5137,WomenWhoStutter_55_29,0.06597900390625,0.0810546875,0.036346435546875,0.15283203125,0.08770751953125
5138,HVSA_3_7,0.123779296875,0.296142578125,0.541015625,0.1114501953125,0.07342529296875
5139,HeStutters_2_176,0.14111328125,0.07305908203125,0.058349609375,0.03753662109375,0.64794921875
5140,MyStutteringLife_18_6,0.189697265625,0.302001953125,0.140380859375,0.320068359375,0.1783447265625
5141,StutteringIsCool_80_105,0.55078125,0.1484375,0.055938720703125,0.049407958984375,0.05889892578125
5142,WomenWhoStutter_12_17,0.2391357421875,0.32275390625,0.04534912109375,0.042022705078125,0.2327880859375
5143,StrongVoices_21_144,0.342041015625,0.1646728515625,0.03240966796875,0.06842041015625,0.196533203125
5144,StrongVoices_6_107,0.127197265625,0.06597900390625,0.00841522216796875,0.01332855224609375,0.034088134765625
5145,HeStutters_7_32,0.50732421875,0.253662109375,0.1910400390625,0.1077880859375,0.168212890625
5146,HeStutters_18_190,0.06866455078125,0.1953125,0.034942626953125,0.103759765625,0.08880615234375
5147,StutteringIsCool_16_8,0.04193115234375,0.1591796875,0.090576171875,0.061309814453125,0.0574951171875
5148,StutterTalk_64_27,0.453857421875,0.240234375,0.2138671875,0.123779296875,0.38427734375
5149,StrongVoices_10_122,0.138671875,0.224853515625,0.0830078125,0.019195556640625,0.041473388671875
5150,HVSA_2_16,0.0379638671875,0.2042236328125,0.2109375,0.293701171875,0.1033935546875
5151,StrongVoices_10_159,0.408935546875,0.20849609375,0.04742431640625,0.07781982421875,0.2880859375
5152,StutteringIsCool_23_4,0.06304931640625,0.0631103515625,0.01395416259765625,0.08990478515625,0.65234375
5153,StutteringIsCool_49_7,0.7646484375,0.12493896484375,0.05224609375,0.0280609130859375,0.11474609375
5154,StrongVoices_34_17,0.052703857421875,0.130615234375,0.034423828125,0.040008544921875,0.020416259765625
5155,WomenWhoStutter_2_95,0.09185791015625,0.421142578125,0.1163330078125,0.050811767578125,0.19873046875
5156,StutterTalk_72_48,0.03753662109375,0.3486328125,0.2220458984375,0.0885009765625,0.09320068359375
5157,StrongVoices_0_0,0.06927490234375,0.18115234375,0.053009033203125,0.00926971435546875,0.038330078125
5158,WomenWhoStutter_42_20,0.147705078125,0.11163330078125,0.017578125,0.0153045654296875,0.03143310546875
5159,StutterTalk_8_59,0.1044921875,0.1259765625,0.050323486328125,0.09844970703125,0.54296875
5160,HeStutters_11_34,0.0938720703125,0.1019287109375,0.0115509033203125,0.0460205078125,0.055419921875
5161,IStutterSoWhat_3_133,0.0364990234375,0.116943359375,0.0604248046875,0.03265380859375,0.0411376953125
5162,StrongVoices_21_82,0.230224609375,0.2802734375,0.10992431640625,0.2181396484375,0.14111328125
5163,WomenWhoStutter_13_12,0.09808349609375,0.0816650390625,0.0108184814453125,0.011688232421875,0.0147857666015625
5164,HeStutters_7_1,0.140625,0.335205078125,0.17041015625,0.053314208984375,0.042022705078125
5165,StutterTalk_68_113,0.165283203125,0.1568603515625,0.023468017578125,0.01554107666015625,0.04400634765625
5166,StutteringIsCool_55_23,0.05865478515625,0.2091064453125,0.03704833984375,0.021240234375,0.0287017822265625
5167,StutterTalk_26_189,0.04193115234375,0.24853515625,0.08587646484375,0.0633544921875,0.04296875
5168,StutteringIsCool_45_39,0.1541748046875,0.240234375,0.035400390625,0.0263519287109375,0.056121826171875
5169,StutterTalk_8_78,0.09466552734375,0.1795654296875,0.1529541015625,0.1947021484375,0.464599609375
5170,StutterTalk_58_37,0.0325927734375,0.1959228515625,0.607421875,0.454833984375,0.18359375
5171,StrongVoices_1_24,0.082275390625,0.0457763671875,0.0119171142578125,0.046630859375,0.044281005859375
5172,WomenWhoStutter_83_36,0.036285400390625,0.07861328125,0.012969970703125,0.04986572265625,0.04193115234375
5173,WomenWhoStutter_13_27,0.07666015625,0.267333984375,0.040252685546875,0.0136871337890625,0.03240966796875
5174,StutterTalk_44_20,0.063232421875,0.3388671875,0.103759765625,0.01512908935546875,0.0242767333984375
5175,WomenWhoStutter_46_22,0.045013427734375,0.08270263671875,0.01395416259765625,0.036834716796875,0.343994140625
5176,StutteringIsCool_46_31,0.26123046875,0.1529541015625,0.0162200927734375,0.019561767578125,0.38232421875
5177,StutterTalk_12_37,0.1290283203125,0.09124755859375,0.045013427734375,0.050811767578125,0.791015625
5178,StutterTalk_10_11,0.27294921875,0.12066650390625,0.0181884765625,0.04620361328125,0.91064453125
5179,WomenWhoStutter_30_2,0.057586669921875,0.1572265625,0.09967041015625,0.0703125,0.0325927734375
5180,StrongVoices_10_23,0.042877197265625,0.21728515625,0.0240020751953125,0.030731201171875,0.4638671875
5181,StutterTalk_9_9,0.053985595703125,0.15185546875,0.07342529296875,0.1568603515625,0.122314453125
5182,HeStutters_18_68,0.14794921875,0.17822265625,0.032470703125,0.04534912109375,0.04486083984375
5183,HVSA_0_101,0.057586669921875,0.097900390625,0.09185791015625,0.346435546875,0.1153564453125
5184,StutterTalk_76_3,0.189697265625,0.33447265625,0.10968017578125,0.1083984375,0.056243896484375
5185,StutteringIsCool_46_153,0.0728759765625,0.297607421875,0.1353759765625,0.1705322265625,0.11456298828125
5186,WomenWhoStutter_17_18,0.55712890625,0.246337890625,0.1153564453125,0.029144287109375,0.07489013671875
5187,StrongVoices_21_98,0.4052734375,0.1473388671875,0.049774169921875,0.1114501953125,0.2509765625
5188,StutterTalk_64_159,0.2181396484375,0.1798095703125,0.469970703125,0.152099609375,0.03662109375
5189,WomenWhoStutter_2_141,0.2481689453125,0.278076171875,0.1939697265625,0.1094970703125,0.495361328125
5190,StrongVoices_8_7,0.234619140625,0.1422119140625,0.01233673095703125,0.029754638671875,0.2333984375
5191,StutteringIsCool_34_182,0.082275390625,0.312255859375,0.1754150390625,0.1669921875,0.2421875
5192,WomenWhoStutter_55_0,0.15869140625,0.091552734375,0.036346435546875,0.0709228515625,0.6513671875
5193,HeStutters_2_120,0.10321044921875,0.2425537109375,0.1451416015625,0.11578369140625,0.05224609375
5194,StrongVoices_21_113,0.0531005859375,0.1346435546875,0.044097900390625,0.05987548828125,0.021942138671875
5195,StutterTalk_64_31,0.090576171875,0.0537109375,0.05706787109375,0.05291748046875,0.10302734375
5196,StrongVoices_22_14,0.63232421875,0.215576171875,0.09600830078125,0.04052734375,0.097412109375
5197,HeStutters_3_0,0.0330810546875,0.1258544921875,0.0131683349609375,0.06427001953125,0.0872802734375
5198,WomenWhoStutter_2_20,0.302978515625,0.1314697265625,0.043609619140625,0.06683349609375,0.962890625
5199,WomenWhoStutter_97_153,0.11553955078125,0.1748046875,0.0255584716796875,0.047515869140625,0.03460693359375
5200,StrongVoices_32_164,0.56494140625,0.2130126953125,0.1026611328125,0.02947998046875,0.1131591796875
5201,StutterTalk_23_20,0.0330810546875,0.047882080078125,0.007694244384765625,0.021484375,0.0255584716796875
5202,StrongVoices_21_100,0.122314453125,0.212890625,0.091064453125,0.1077880859375,0.048583984375
5203,HeStutters_18_45,0.2410888671875,0.1163330078125,0.08929443359375,0.267822265625,0.79638671875
5204,StrongVoices_21_75,0.2454833984375,0.16748046875,0.024932861328125,0.048675537109375,0.07305908203125
5205,StrongVoices_32_29,0.465576171875,0.1529541015625,0.029754638671875,0.01242828369140625,0.290771484375
5206,MyStutteringLife_25_23,0.10357666015625,0.129638671875,0.015899658203125,0.005687713623046875,0.017303466796875
5207,StutterTalk_34_6,0.67333984375,0.1591796875,0.12890625,0.0836181640625,0.3125
5208,MyStutteringLife_25_26,0.093505859375,0.40283203125,0.281494140625,0.0194549560546875,0.026702880859375
5209,HeStutters_11_135,0.054290771484375,0.203125,0.06982421875,0.20654296875,0.876953125
5210,WomenWhoStutter_10_184,0.05865478515625,0.20068359375,0.021331787109375,0.0200958251953125,0.04510498046875
5211,StrongVoices_32_95,0.568359375,0.140380859375,0.05340576171875,0.032470703125,0.06427001953125
5212,StutteringIsCool_33_23,0.09588623046875,0.149658203125,0.070068359375,0.1302490234375,0.22607421875
5213,StrongVoices_32_66,0.28662109375,0.23876953125,0.02886962890625,0.0139007568359375,0.06939697265625
5214,StutterTalk_26_39,0.0386962890625,0.1324462890625,0.018829345703125,0.0156707763671875,0.049591064453125
5215,StutterTalk_24_4,0.313720703125,0.2225341796875,0.04840087890625,0.044677734375,0.92138671875
5216,StutterTalk_64_60,0.11798095703125,0.1390380859375,0.0292510986328125,0.076416015625,0.63818359375
5217,StutterTalk_1_38,0.1373291015625,0.2509765625,0.11199951171875,0.1026611328125,0.6708984375
5218,StutteringIsCool_46_186,0.10760498046875,0.173828125,0.017242431640625,0.040679931640625,0.8681640625
5219,StutterTalk_72_92,0.093994140625,0.31982421875,0.047607421875,0.038970947265625,0.06683349609375
5220,StrongVoices_21_130,0.1121826171875,0.400146484375,0.085693359375,0.034759521484375,0.06951904296875
5221,StrongVoices_32_188,0.1441650390625,0.1429443359375,0.054412841796875,0.027435302734375,0.012054443359375
5222,StutterTalk_1_31,0.300537109375,0.13525390625,0.025177001953125,0.0299224853515625,0.93310546875
5223,StutteringIsCool_37_19,0.06671142578125,0.430419921875,0.26513671875,0.040679931640625,0.06707763671875
5224,StrongVoices_1_25,0.034820556640625,0.15380859375,0.06671142578125,0.0199432373046875,0.01302337646484375
5225,WomenWhoStutter_81_26,0.1221923828125,0.252685546875,0.077392578125,0.097900390625,0.03173828125
5226,WomenWhoStutter_52_6,0.1199951171875,0.384765625,0.230712890625,0.0546875,0.039947509765625
5227,WomenWhoStutter_87_161,0.357666015625,0.26220703125,0.12286376953125,0.0302734375,0.152099609375
5228,StutteringIsCool_70_22,0.04742431640625,0.161376953125,0.0726318359375,0.019195556640625,0.02630615234375
5229,MyStutteringLife_21_32,0.017852783203125,0.2137451171875,0.1680908203125,0.021484375,0.052032470703125
5230,WomenWhoStutter_42_114,0.07183837890625,0.258056640625,0.06512451171875,0.0303802490234375,0.021331787109375
5231,WomenWhoStutter_97_20,0.36083984375,0.255615234375,0.146728515625,0.24072265625,0.66357421875
5232,StrongVoices_6_176,0.310791015625,0.25439453125,0.09332275390625,0.02508544921875,0.0970458984375
5233,WomenWhoStutter_49_31,0.21435546875,0.1717529296875,0.051544189453125,0.1387939453125,0.8984375
5234,StutterTalk_24_20,0.261474609375,0.3447265625,0.07806396484375,0.035064697265625,0.4052734375
5235,StutteringIsCool_28_21,0.0472412109375,0.1947021484375,0.116943359375,0.01302337646484375,0.038543701171875
5236,StutteringIsCool_46_36,0.043701171875,0.08416748046875,0.00812530517578125,0.0129241943359375,0.44140625
5237,WomenWhoStutter_81_1,0.0823974609375,0.31494140625,0.36767578125,0.53662109375,0.315673828125
5238,StutteringIsCool_47_3,0.05450439453125,0.363525390625,0.09637451171875,0.04296875,0.07305908203125
5239,StutterTalk_38_20,0.04083251953125,0.1610107421875,0.0394287109375,0.0301513671875,0.053985595703125
5240,StrongVoices_17_17,0.2841796875,0.1695556640625,0.05059814453125,0.0115509033203125,0.01751708984375
5241,HVSA_0_5,0.06304931640625,0.367919921875,0.353271484375,0.2149658203125,0.248291015625
5242,StutterTalk_72_21,0.059417724609375,0.233154296875,0.0743408203125,0.12445068359375,0.1114501953125
5243,MyStutteringLife_25_36,0.114990234375,0.370361328125,0.12890625,0.0185089111328125,0.03326416015625
5244,HVSA_2_180,0.1309814453125,0.26220703125,0.1407470703125,0.1209716796875,0.5595703125
5245,StutterTalk_37_1,0.15283203125,0.09912109375,0.0263519287109375,0.08538818359375,0.80859375
5246,StutterTalk_51_15,0.2763671875,0.2548828125,0.07489013671875,0.025665283203125,0.0312042236328125
5247,StutterTalk_72_150,0.046722412109375,0.129638671875,0.009124755859375,0.0196380615234375,0.048126220703125
5248,StutterTalk_22_13,0.03704833984375,0.1416015625,0.135986328125,0.06292724609375,0.051361083984375
5249,StrongVoices_23_17,0.22216796875,0.2005615234375,0.05792236328125,0.09222412109375,0.2218017578125
5250,HVSA_2_40,0.1444091796875,0.32177734375,0.2125244140625,0.06292724609375,0.0738525390625
5251,StutteringIsCool_14_12,0.0305023193359375,0.04302978515625,0.050994873046875,0.05108642578125,0.03289794921875
5252,HVSA_3_19,0.0640869140625,0.2418212890625,0.383056640625,0.09515380859375,0.035888671875
5253,HVSA_2_88,0.06658935546875,0.0775146484375,0.037384033203125,0.079345703125,0.1416015625
5254,StutteringIsCool_70_27,0.0416259765625,0.07781982421875,0.0191192626953125,0.01495361328125,0.01302337646484375
5255,StutterTalk_76_17,0.23388671875,0.15234375,0.019561767578125,0.0235137939453125,0.05975341796875
5256,HeStutters_10_28,0.1700439453125,0.09552001953125,0.047515869140625,0.2105712890625,0.90185546875
5257,StutteringIsCool_27_27,0.0295867919921875,0.1478271484375,0.09173583984375,0.1256103515625,0.05450439453125
5258,StutterTalk_64_90,0.029083251953125,0.08587646484375,0.035491943359375,0.259521484375,0.1104736328125
5259,StrongVoices_32_26,0.21630859375,0.2059326171875,0.031494140625,0.041839599609375,0.90673828125
5260,WomenWhoStutter_86_152,0.30126953125,0.373046875,0.41162109375,0.194091796875,0.092529296875
5261,MyStutteringLife_38_7,0.08282470703125,0.38134765625,0.1015625,0.046722412109375,0.08709716796875
5262,StutteringIsCool_84_3,0.053009033203125,0.1326904296875,0.0200958251953125,0.01837158203125,0.06903076171875
5263,WomenWhoStutter_58_20,0.08343505859375,0.1478271484375,0.051666259765625,0.029144287109375,0.05499267578125
5264,WomenWhoStutter_10_187,0.1590576171875,0.47216796875,0.328125,0.06854248046875,0.109130859375
5265,WomenWhoStutter_68_39,0.2447509765625,0.252685546875,0.049224853515625,0.03216552734375,0.124755859375
5266,StutterTalk_26_75,0.0457763671875,0.22265625,0.040618896484375,0.035736083984375,0.059417724609375
5267,StutterTalk_26_85,0.0223236083984375,0.146484375,0.05419921875,0.0802001953125,0.08990478515625
5268,HeStutters_12_175,0.0304412841796875,0.1639404296875,0.06268310546875,0.05072021484375,0.033905029296875
5269,StrongVoices_29_25,0.198486328125,0.16845703125,0.035675048828125,0.0164031982421875,0.0843505859375
5270,WomenWhoStutter_79_20,0.343994140625,0.254638671875,0.3251953125,0.02880859375,0.028594970703125
5271,StutteringIsCool_2_4,0.277099609375,0.1304931640625,0.0794677734375,0.1563720703125,0.908203125
5272,HVSA_2_98,0.1434326171875,0.1458740234375,0.026763916015625,0.06707763671875,0.849609375
5273,StutterTalk_15_31,0.62255859375,0.1453857421875,0.092529296875,0.1392822265625,0.435546875
5274,StutterTalk_37_11,0.043365478515625,0.1153564453125,0.030731201171875,0.294677734375,0.57177734375
5275,WomenWhoStutter_62_90,0.07611083984375,0.154052734375,0.0165252685546875,0.06878662109375,0.7470703125
5276,HeStutters_2_165,0.07977294921875,0.27978515625,0.46875,0.423583984375,0.1826171875
5277,StutterTalk_64_171,0.1705322265625,0.07342529296875,0.026763916015625,0.087890625,0.5068359375
5278,StutterTalk_36_32,0.2880859375,0.27294921875,0.06268310546875,0.03131103515625,0.047698974609375
5279,StrongVoices_14_29,0.1007080078125,0.1412353515625,0.0167236328125,0.008575439453125,0.033660888671875
5280,StrongVoices_5_19,0.75390625,0.1971435546875,0.239013671875,0.1563720703125,0.26025390625
5281,StutteringIsCool_50_6,0.034881591796875,0.1337890625,0.048858642578125,0.0165252685546875,0.10211181640625
5282,StutteringIsCool_56_4,0.06463623046875,0.170654296875,0.0246124267578125,0.028656005859375,0.089599609375
5283,StutterTalk_68_189,0.034088134765625,0.319580078125,0.1748046875,0.045867919921875,0.0391845703125
5284,StutterTalk_26_129,0.04779052734375,0.1175537109375,0.040008544921875,0.1845703125,0.144287109375
5285,StutteringIsCool_61_38,0.042877197265625,0.2149658203125,0.046295166015625,0.042633056640625,0.07275390625
5286,HVSA_3_22,0.1214599609375,0.2218017578125,0.215576171875,0.1165771484375,0.07861328125
5287,StutterTalk_26_56,0.1285400390625,0.205810546875,0.07275390625,0.047149658203125,0.029083251953125
5288,StrongVoices_21_190,0.1727294921875,0.15673828125,0.029815673828125,0.04345703125,0.02838134765625
5289,WomenWhoStutter_90_0,0.032470703125,0.1224365234375,0.042572021484375,0.134521484375,0.169921875
5290,StutteringIsCool_79_37,0.07708740234375,0.17431640625,0.038177490234375,0.02801513671875,0.0220794677734375
5291,WomenWhoStutter_15_33,0.02685546875,0.07879638671875,0.0261077880859375,0.01233673095703125,0.017303466796875
5292,StutterTalk_15_8,0.04052734375,0.079345703125,0.011505126953125,0.0699462890625,0.141357421875
5293,HVSA_2_34,0.04217529296875,0.2047119140625,0.434814453125,0.2044677734375,0.089111328125
5294,WomenWhoStutter_81_98,0.239501953125,0.370361328125,0.1942138671875,0.073974609375,0.08465576171875
5295,StutterTalk_37_51,0.044525146484375,0.1961669921875,0.241455078125,0.20166015625,0.06439208984375
5296,HeStutters_12_47,0.1400146484375,0.13232421875,0.039276123046875,0.015960693359375,0.037322998046875
5297,WomenWhoStutter_97_169,0.049041748046875,0.2470703125,0.06475830078125,0.1214599609375,0.88720703125
5298,StutteringIsCool_23_27,0.07330322265625,0.07586669921875,0.0740966796875,0.038116455078125,0.040008544921875
5299,WomenWhoStutter_37_39,0.1458740234375,0.3232421875,0.1304931640625,0.0253753662109375,0.0284881591796875
5300,StrongVoices_23_197,0.350341796875,0.298095703125,0.08770751953125,0.0243377685546875,0.0386962890625
5301,StrongVoices_34_35,0.06744384765625,0.1751708984375,0.0119171142578125,0.0282745361328125,0.60595703125
5302,StrongVoices_21_103,0.1812744140625,0.1131591796875,0.0207672119140625,0.0283355712890625,0.474853515625
5303,StutterTalk_29_30,0.2298583984375,0.36669921875,0.10821533203125,0.0247955322265625,0.09600830078125
5304,HVSA_1_167,0.312744140625,0.1856689453125,0.0987548828125,0.07763671875,0.0938720703125
5305,HVSA_3_29,0.051544189453125,0.27392578125,0.1534423828125,0.0574951171875,0.160400390625
5306,WomenWhoStutter_30_25,0.147705078125,0.1480712890625,0.048309326171875,0.01107025146484375,0.037322998046875
5307,StrongVoices_23_104,0.1209716796875,0.2103271484375,0.06427001953125,0.005535125732421875,0.0251312255859375
5308,HVSA_3_106,0.1505126953125,0.11260986328125,0.07501220703125,0.03912353515625,0.1251220703125
5309,StutterTalk_25_46,0.1055908203125,0.30126953125,0.1015625,0.011871337890625,0.044677734375
5310,StrongVoices_10_119,0.513671875,0.33935546875,0.14404296875,0.055419921875,0.07666015625
5311,WomenWhoStutter_5_38,0.263427734375,0.197021484375,0.114990234375,0.029541015625,0.056549072265625
5312,StutteringIsCool_14_1,0.018096923828125,0.09136962890625,0.02069091796875,0.08331298828125,0.043212890625
5313,StrongVoices_10_52,0.64599609375,0.185546875,0.06097412109375,0.0106964111328125,0.04296875
5314,StutteringIsCool_80_188,0.093505859375,0.1114501953125,0.056640625,0.0943603515625,0.0261993408203125
5315,HeStutters_16_7,0.2060546875,0.1048583984375,0.04351806640625,0.2430419921875,0.2042236328125
5316,StutterTalk_51_37,0.047149658203125,0.208984375,0.07318115234375,0.1387939453125,0.222412109375
5317,StutterTalk_72_151,0.08819580078125,0.373291015625,0.5654296875,0.6025390625,0.33154296875
5318,HVSA_1_98,0.30322265625,0.303466796875,0.140625,0.01137542724609375,0.0616455078125
5319,StutterTalk_34_16,0.337158203125,0.2049560546875,0.02606201171875,0.01490020751953125,0.07763671875
5320,StutteringIsCool_81_33,0.06536865234375,0.0582275390625,0.0083160400390625,0.0142822265625,0.047698974609375
5321,StutteringIsCool_64_13,0.230224609375,0.189697265625,0.031982421875,0.03594970703125,0.59912109375
5322,HVSA_3_66,0.12347412109375,0.191650390625,0.1435546875,0.051666259765625,0.06915283203125
5323,WomenWhoStutter_83_21,0.137939453125,0.174560546875,0.08990478515625,0.3642578125,0.81591796875
5324,StrongVoices_23_22,0.1263427734375,0.40673828125,0.26806640625,0.05865478515625,0.11614990234375
5325,StrongVoices_34_26,0.12066650390625,0.08599853515625,0.01495361328125,0.0262603759765625,0.021484375
5326,StutteringIsCool_43_21,0.1826171875,0.12066650390625,0.018157958984375,0.0162811279296875,0.383544921875
5327,StutteringIsCool_80_30,0.279541015625,0.2083740234375,0.04400634765625,0.027587890625,0.173583984375
5328,WomenWhoStutter_30_149,0.1661376953125,0.0810546875,0.03656005859375,0.0104522705078125,0.0154266357421875
5329,WomenWhoStutter_62_78,0.10302734375,0.36328125,0.36767578125,0.200927734375,0.27392578125
5330,WomenWhoStutter_2_88,0.1322021484375,0.43359375,0.48291015625,0.10614013671875,0.0278472900390625
5331,StutterTalk_37_189,0.0455322265625,0.1319580078125,0.04327392578125,0.1171875,0.06085205078125
5332,StutteringIsCool_46_58,0.04876708984375,0.08819580078125,0.03216552734375,0.09619140625,0.060760498046875
5333,WomenWhoStutter_2_112,0.0863037109375,0.289306640625,0.045440673828125,0.07781982421875,0.1531982421875
5334,StrongVoices_21_1,0.1044921875,0.4404296875,0.09979248046875,0.0416259765625,0.0489501953125
5335,StutterTalk_68_81,0.142822265625,0.270263671875,0.330322265625,0.478271484375,0.6884765625
5336,StutteringIsCool_43_28,0.050140380859375,0.1588134765625,0.03216552734375,0.046478271484375,0.13671875
5337,WomenWhoStutter_3_31,0.3095703125,0.22900390625,0.0537109375,0.046295166015625,0.06793212890625
5338,WomenWhoStutter_2_111,0.04638671875,0.2342529296875,0.04595947265625,0.0210113525390625,0.0182647705078125
5339,WomenWhoStutter_30_47,0.45166015625,0.19091796875,0.1781005859375,0.0374755859375,0.0160980224609375
5340,StutteringIsCool_69_0,0.0160980224609375,0.169189453125,0.08447265625,0.1947021484375,0.38134765625
5341,WomenWhoStutter_86_45,0.03912353515625,0.2076416015625,0.265625,0.369873046875,0.06817626953125
5342,StutteringIsCool_75_2,0.125244140625,0.229736328125,0.1427001953125,0.034027099609375,0.0305633544921875
5343,StutterTalk_38_26,0.31689453125,0.1326904296875,0.0252227783203125,0.063720703125,0.200439453125
5344,WomenWhoStutter_62_38,0.0509033203125,0.20703125,0.10284423828125,0.0303802490234375,0.047149658203125
5345,WomenWhoStutter_105_21,0.06463623046875,0.34521484375,0.279052734375,0.1331787109375,0.038238525390625
5346,WomenWhoStutter_8_35,0.063232421875,0.3701171875,0.482421875,0.054290771484375,0.05987548828125
5347,HeStutters_16_127,0.469970703125,0.172119140625,0.06597900390625,0.0582275390625,0.056243896484375
5348,WomenWhoStutter_30_33,0.08709716796875,0.051177978515625,0.0119171142578125,0.00919342041015625,0.022796630859375
5349,WomenWhoStutter_96_186,0.11920166015625,0.186279296875,0.195556640625,0.097412109375,0.1961669921875
5350,HVSA_0_28,0.05889892578125,0.1083984375,0.0235137939453125,0.052703857421875,0.09173583984375
5351,WomenWhoStutter_73_35,0.1298828125,0.246337890625,0.1358642578125,0.199462890625,0.1448974609375
5352,StutteringIsCool_75_0,0.03533935546875,0.319580078125,0.44775390625,0.097412109375,0.0709228515625
5353,StutterTalk_72_69,0.06854248046875,0.2281494140625,0.040374755859375,0.0182952880859375,0.10614013671875
5354,StutterTalk_37_93,0.387451171875,0.07611083984375,0.050994873046875,0.105224609375,0.5615234375
5355,HeStutters_11_55,0.25390625,0.2020263671875,0.056243896484375,0.1104736328125,0.9599609375
5356,MyStutteringLife_39_39,0.09844970703125,0.1949462890625,0.050140380859375,0.1279296875,0.93603515625
5357,StutterTalk_37_88,0.39013671875,0.10723876953125,0.040618896484375,0.11199951171875,0.919921875
5358,StrongVoices_34_3,0.0225830078125,0.1007080078125,0.0196075439453125,0.0374755859375,0.0343017578125
5359,StutteringIsCool_73_39,0.1856689453125,0.119384765625,0.0364990234375,0.08416748046875,0.94775390625
5360,StutteringIsCool_34_156,0.39306640625,0.11993408203125,0.02691650390625,0.02880859375,0.161376953125
5361,StutterTalk_64_128,0.0194244384765625,0.143310546875,0.1395263671875,0.10174560546875,0.060089111328125
5362,StrongVoices_12_26,0.039947509765625,0.055938720703125,0.01384735107421875,0.04046630859375,0.05419921875
5363,WomenWhoStutter_42_164,0.22119140625,0.1414794921875,0.02276611328125,0.028656005859375,0.047607421875
5364,StutterTalk_8_84,0.05126953125,0.11932373046875,0.0706787109375,0.08880615234375,0.60693359375
5365,StutterTalk_12_39,0.267333984375,0.10687255859375,0.0823974609375,0.09588623046875,0.057586669921875
5366,MyStutteringLife_5_27,0.1959228515625,0.2401123046875,0.0268096923828125,0.0170440673828125,0.07861328125
5367,StrongVoices_8_30,0.03326416015625,0.12890625,0.0794677734375,0.080078125,0.06634521484375
5368,StutterTalk_32_28,0.07135009765625,0.1236572265625,0.0203704833984375,0.00806427001953125,0.014556884765625
5369,StutterTalk_37_26,0.09771728515625,0.10284423828125,0.1177978515625,0.58935546875,0.6953125
5370,StutterTalk_8_66,0.038116455078125,0.1368408203125,0.050506591796875,0.06982421875,0.25
5371,StrongVoices_10_166,0.1446533203125,0.273681640625,0.255859375,0.329345703125,0.35546875
5372,StutterTalk_59_27,0.0574951171875,0.1788330078125,0.093017578125,0.1597900390625,0.110107421875
5373,StutterTalk_26_194,0.1865234375,0.2724609375,0.135009765625,0.256103515625,0.216064453125
5374,StutterTalk_26_193,0.1810302734375,0.381591796875,0.053985595703125,0.047515869140625,0.1380615234375
5375,StutterTalk_37_120,0.060089111328125,0.135009765625,0.06781005859375,0.2265625,0.1339111328125
5376,WomenWhoStutter_96_99,0.053314208984375,0.27392578125,0.165771484375,0.08660888671875,0.11358642578125
5377,StutteringIsCool_80_77,0.1689453125,0.089599609375,0.018829345703125,0.043121337890625,0.9375
5378,StutterTalk_36_22,0.08154296875,0.233154296875,0.061767578125,0.0162200927734375,0.0318603515625
5379,HVSA_0_95,0.202880859375,0.1446533203125,0.1033935546875,0.03643798828125,0.03448486328125
5380,StutterTalk_15_7,0.04083251953125,0.06671142578125,0.0154876708984375,0.038604736328125,0.0190887451171875
5381,WomenWhoStutter_69_38,0.08416748046875,0.1416015625,0.03607177734375,0.270751953125,0.67333984375
5382,HeStutters_5_129,0.132568359375,0.2122802734375,0.2381591796875,0.0238189697265625,0.0364990234375
5383,StutterTalk_63_128,0.04931640625,0.1636962890625,0.046630859375,0.054107666015625,0.06597900390625
5384,StutterTalk_8_156,0.1357421875,0.2254638671875,0.274169921875,0.181640625,0.2454833984375
5385,StutteringIsCool_15_2,0.0229339599609375,0.11126708984375,0.015838623046875,0.07763671875,0.517578125
5386,StutterTalk_37_117,0.2685546875,0.1295166015625,0.0855712890625,0.2232666015625,0.599609375
5387,StutterTalk_0_19,0.05108642578125,0.09844970703125,0.01450347900390625,0.059112548828125,0.09686279296875
5388,HVSA_2_93,0.0265045166015625,0.185546875,0.0889892578125,0.2158203125,0.2049560546875
5389,StrongVoices_8_24,0.181640625,0.1494140625,0.089111328125,0.021209716796875,0.044525146484375
5390,HVSA_3_98,0.0728759765625,0.29931640625,0.52587890625,0.09088134765625,0.063720703125
5391,StutterTalk_26_40,0.0496826171875,0.1925048828125,0.046630859375,0.08038330078125,0.09124755859375
5392,WomenWhoStutter_102_34,0.352783203125,0.06768798828125,0.015899658203125,0.097900390625,0.74169921875
5393,StrongVoices_22_37,0.046905517578125,0.11181640625,0.075439453125,0.10107421875,0.04913330078125
5394,WomenWhoStutter_62_202,0.0965576171875,0.123046875,0.0245208740234375,0.141845703125,0.1588134765625
5395,StrongVoices_28_4,0.1309814453125,0.08526611328125,0.0129241943359375,0.0129241943359375,0.0235595703125
5396,HeStutters_16_30,0.187255859375,0.09619140625,0.059967041015625,0.293212890625,0.132568359375
5397,StrongVoices_23_215,0.2978515625,0.1285400390625,0.0250396728515625,0.0162811279296875,0.09600830078125
5398,HeStutters_16_11,0.0640869140625,0.162109375,0.044921875,0.1175537109375,0.1441650390625
5399,HVSA_2_80,0.062103271484375,0.11199951171875,0.06439208984375,0.25146484375,0.876953125
5400,StutteringIsCool_46_61,0.060089111328125,0.242919921875,0.0310211181640625,0.05975341796875,0.1007080078125
5401,StutterTalk_25_23,0.5283203125,0.165771484375,0.0726318359375,0.043365478515625,0.059417724609375
5402,WomenWhoStutter_10_148,0.1397705078125,0.1544189453125,0.0341796875,0.090087890625,0.68310546875
5403,WomenWhoStutter_87_40,0.034942626953125,0.134521484375,0.07696533203125,0.03131103515625,0.0260009765625
5404,StutterTalk_26_112,0.05145263671875,0.1458740234375,0.08123779296875,0.296875,0.3251953125
5405,StutterTalk_66_21,0.03875732421875,0.1693115234375,0.0272674560546875,0.08123779296875,0.314697265625
5406,StrongVoices_21_140,0.07489013671875,0.240966796875,0.26904296875,0.25439453125,0.296875
5407,StrongVoices_12_0,0.07159423828125,0.07501220703125,0.00937652587890625,0.01395416259765625,0.0147857666015625
5408,HVSA_2_59,0.072265625,0.1807861328125,0.1431884765625,0.064208984375,0.056854248046875
5409,WomenWhoStutter_97_180,0.239013671875,0.281005859375,0.158447265625,0.1268310546875,0.150390625
5410,StrongVoices_32_182,0.093017578125,0.130126953125,0.033477783203125,0.056549072265625,0.04620361328125
5411,HeStutters_5_27,0.09320068359375,0.114990234375,0.025177001953125,0.052520751953125,0.059539794921875
5412,StutterTalk_72_94,0.0489501953125,0.07794189453125,0.014556884765625,0.0548095703125,0.037200927734375
5413,StutterTalk_58_5,0.1778564453125,0.233154296875,0.5751953125,0.36083984375,0.1689453125
5414,StutterTalk_8_105,0.049224853515625,0.124755859375,0.0439453125,0.0386962890625,0.1153564453125
5415,StrongVoices_23_248,0.1632080078125,0.33642578125,0.089111328125,0.014007568359375,0.06658935546875
5416,WomenWhoStutter_10_85,0.044342041015625,0.435546875,0.52392578125,0.103759765625,0.07452392578125
5417,WomenWhoStutter_33_30,0.07208251953125,0.1666259765625,0.0257568359375,0.08270263671875,0.460693359375
5418,StutterTalk_25_128,0.07366943359375,0.189697265625,0.03033447265625,0.05633544921875,0.04638671875
5419,WomenWhoStutter_42_85,0.137939453125,0.1829833984375,0.05450439453125,0.0953369140625,0.07147216796875
5420,StutterTalk_8_56,0.07666015625,0.160888671875,0.0994873046875,0.07122802734375,0.5009765625
5421,WomenWhoStutter_64_32,0.0809326171875,0.2467041015625,0.382568359375,0.282958984375,0.5849609375
5422,StutterTalk_8_128,0.11029052734375,0.173583984375,0.09222412109375,0.07342529296875,0.55419921875
5423,StrongVoices_12_37,0.0953369140625,0.1304931640625,0.00881195068359375,0.01395416259765625,0.03607177734375
5424,StutteringIsCool_33_19,0.298828125,0.21435546875,0.0762939453125,0.0094146728515625,0.07501220703125
5425,StrongVoices_12_29,0.075439453125,0.0975341796875,0.00690460205078125,0.0205230712890625,0.081787109375
5426,StrongVoices_32_151,0.0723876953125,0.1624755859375,0.014007568359375,0.0179901123046875,0.03277587890625
5427,StrongVoices_23_78,0.199462890625,0.263916015625,0.05889892578125,0.0169219970703125,0.06231689453125
5428,WomenWhoStutter_5_32,0.09136962890625,0.18603515625,0.08416748046875,0.019500732421875,0.2034912109375
5429,StrongVoices_23_201,0.163330078125,0.303955078125,0.1671142578125,0.0322265625,0.372802734375
5430,HVSA_3_27,0.161865234375,0.297119140625,0.453857421875,0.10614013671875,0.07977294921875
5431,StutterTalk_15_20,0.072509765625,0.392333984375,0.1593017578125,0.06646728515625,0.08477783203125
5432,IStutterSoWhat_3_110,0.0548095703125,0.302490234375,0.381103515625,0.1976318359375,0.196533203125
5433,StrongVoices_32_93,0.0235595703125,0.1026611328125,0.0258636474609375,0.061187744140625,0.458984375
5434,StrongVoices_23_23,0.1990966796875,0.298095703125,0.106689453125,0.01467132568359375,0.01507568359375
5435,HeStutters_17_20,0.052703857421875,0.079345703125,0.01332855224609375,0.0129241943359375,0.0200653076171875
5436,HVSA_2_188,0.1607666015625,0.278564453125,0.14208984375,0.0975341796875,0.1405029296875
5437,MyStutteringLife_18_36,0.12115478515625,0.09912109375,0.00757598876953125,0.035064697265625,0.18505859375
5438,HeStutters_18_153,0.260498046875,0.1705322265625,0.017181396484375,0.0283355712890625,0.08660888671875
5439,StrongVoices_21_57,0.036773681640625,0.11029052734375,0.01306915283203125,0.015960693359375,0.0230255126953125
5440,WomenWhoStutter_62_184,0.16455078125,0.09185791015625,0.035888671875,0.2374267578125,0.9072265625
5441,MyStutteringLife_5_20,0.2059326171875,0.166015625,0.03515625,0.012054443359375,0.09515380859375
5442,StrongVoices_32_128,0.77197265625,0.2313232421875,0.33544921875,0.10821533203125,0.0880126953125
5443,WomenWhoStutter_87_130,0.317626953125,0.1802978515625,0.07806396484375,0.160400390625,0.61572265625
5444,StrongVoices_19_18,0.0634765625,0.079345703125,0.011199951171875,0.01142120361328125,0.0240936279296875
5445,StutterTalk_16_27,0.1405029296875,0.3349609375,0.62060546875,0.2095947265625,0.1358642578125
5446,StutterTalk_64_125,0.1763916015625,0.114990234375,0.195556640625,0.297607421875,0.372314453125
5447,StrongVoices_21_180,0.06488037109375,0.110107421875,0.05780029296875,0.293212890625,0.4853515625
5448,StutterTalk_49_36,0.04595947265625,0.0751953125,0.0221099853515625,0.137451171875,0.06549072265625
5449,StutteringIsCool_61_13,0.10174560546875,0.34423828125,0.076416015625,0.014007568359375,0.0765380859375
5450,StrongVoices_21_8,0.04400634765625,0.086181640625,0.0153045654296875,0.0401611328125,0.06982421875
5451,StutterTalk_64_140,0.07861328125,0.166259765625,0.0709228515625,0.118408203125,0.259765625
5452,WomenWhoStutter_97_34,0.052032470703125,0.360595703125,0.640625,0.21240234375,0.09124755859375
5453,StutterTalk_15_5,0.023284912109375,0.11029052734375,0.06231689453125,0.11614990234375,0.026458740234375
5454,MyStutteringLife_18_22,0.0411376953125,0.07452392578125,0.028656005859375,0.13525390625,0.245849609375
5455,StrongVoices_23_10,0.496337890625,0.2359619140625,0.05889892578125,0.01467132568359375,0.034423828125
5456,StrongVoices_34_24,0.134765625,0.0531005859375,0.0069580078125,0.016845703125,0.07147216796875
5457,HVSA_3_111,0.1590576171875,0.322265625,0.403564453125,0.26806640625,0.2890625
5458,StrongVoices_23_1,0.313232421875,0.2374267578125,0.062225341796875,0.0303802490234375,0.06280517578125
5459,StutteringIsCool_34_166,0.2437744140625,0.2568359375,0.11083984375,0.011688232421875,0.06524658203125
5460,StutteringIsCool_80_111,0.04302978515625,0.21142578125,0.390380859375,0.14990234375,0.07965087890625
5461,StutterTalk_58_18,0.09283447265625,0.271484375,0.43408203125,0.260498046875,0.1466064453125
5462,StutterTalk_38_23,0.1470947265625,0.10107421875,0.020599365234375,0.04742431640625,0.09637451171875
5463,StutteringIsCool_38_10,0.587890625,0.16455078125,0.035736083984375,0.017913818359375,0.07781982421875
5464,MyStutteringLife_38_30,0.2060546875,0.1175537109375,0.01483917236328125,0.03155517578125,0.900390625
5465,StrongVoices_12_35,0.07708740234375,0.13671875,0.00821685791015625,0.01519012451171875,0.556640625
5466,StrongVoices_23_208,0.123779296875,0.3125,0.259033203125,0.0266571044921875,0.076416015625
5467,StrongVoices_28_10,0.28857421875,0.0802001953125,0.0103302001953125,0.0112457275390625,0.03125
5468,StrongVoices_21_161,0.04913330078125,0.1773681640625,0.0273284912109375,0.03912353515625,0.0482177734375
5469,IStutterSoWhat_0_110,0.1007080078125,0.252197265625,0.07196044921875,0.052520751953125,0.051849365234375
5470,WomenWhoStutter_102_4,0.0299224853515625,0.1827392578125,0.044921875,0.0751953125,0.126953125
5471,StutterTalk_72_96,0.116943359375,0.306640625,0.13720703125,0.4423828125,0.55859375
5472,StrongVoices_32_119,0.1434326171875,0.52294921875,0.2054443359375,0.02947998046875,0.045684814453125
5473,HeStutters_3_10,0.0305633544921875,0.160888671875,0.06304931640625,0.2109375,0.06658935546875
5474,StutterTalk_8_114,0.1475830078125,0.215576171875,0.2213134765625,0.30029296875,0.69580078125
5475,StutteringIsCool_46_130,0.028594970703125,0.2010498046875,0.1094970703125,0.1077880859375,0.12841796875
5476,MyStutteringLife_38_19,0.08868408203125,0.1573486328125,0.02947998046875,0.0179901123046875,0.2001953125
5477,WomenWhoStutter_30_39,0.092041015625,0.193603515625,0.0333251953125,0.06396484375,0.09552001953125
5478,HVSA_2_138,0.07147216796875,0.06695556640625,0.056976318359375,0.134033203125,0.042816162109375
5479,StutterTalk_63_53,0.0390625,0.270263671875,0.07342529296875,0.12432861328125,0.572265625
5480,WomenWhoStutter_12_15,0.1041259765625,0.1998291015625,0.07501220703125,0.14892578125,0.0640869140625
5481,WomenWhoStutter_87_25,0.43505859375,0.1546630859375,0.042877197265625,0.040924072265625,0.8447265625
5482,StutterTalk_10_4,0.09466552734375,0.07708740234375,0.024139404296875,0.0185394287109375,0.020965576171875
5483,StutterTalk_29_37,0.1094970703125,0.1474609375,0.01473236083984375,0.01302337646484375,0.028656005859375
5484,WomenWhoStutter_10_58,0.048492431640625,0.059661865234375,0.013275146484375,0.0221099853515625,0.0318603515625
5485,StrongVoices_32_52,0.2998046875,0.14013671875,0.01177978515625,0.0282135009765625,0.1063232421875
5486,WomenWhoStutter_97_6,0.02215576171875,0.156005859375,0.17529296875,0.11376953125,0.058990478515625
5487,StrongVoices_32_138,0.40869140625,0.263427734375,0.10821533203125,0.023193359375,0.128173828125
5488,WomenWhoStutter_2_54,0.218994140625,0.09967041015625,0.0142822265625,0.02752685546875,0.81396484375
5489,StutterTalk_37_116,0.30224609375,0.1622314453125,0.10797119140625,0.1771240234375,0.07330322265625
5490,HeStutters_16_68,0.159912109375,0.09637451171875,0.0312042236328125,0.1494140625,0.10174560546875
5491,StrongVoices_17_0,0.331787109375,0.1485595703125,0.0255584716796875,0.0143890380859375,0.017578125
5492,StutteringIsCool_14_16,0.12115478515625,0.09417724609375,0.097900390625,0.079345703125,0.1171875
5493,WomenWhoStutter_27_18,0.492919921875,0.2247314453125,0.07305908203125,0.047607421875,0.181640625
5494,WomenWhoStutter_30_53,0.1976318359375,0.22119140625,0.046905517578125,0.04083251953125,0.02044677734375
5495,StutterTalk_64_134,0.0816650390625,0.1873779296875,0.10614013671875,0.022247314453125,0.1663818359375
5496,StrongVoices_7_29,0.1263427734375,0.08251953125,0.008544921875,0.034820556640625,0.06793212890625
5497,IStutterSoWhat_3_104,0.05242919921875,0.2149658203125,0.318115234375,0.60107421875,0.5302734375
5498,StutterTalk_49_26,0.11102294921875,0.12188720703125,0.015716552734375,0.0191650390625,0.08587646484375
5499,StutterTalk_37_46,0.042633056640625,0.14794921875,0.08465576171875,0.18701171875,0.38037109375
5500,WomenWhoStutter_96_149,0.08831787109375,0.2880859375,0.052032470703125,0.1571044921875,0.11297607421875
5501,StutterTalk_9_33,0.07305908203125,0.2421875,0.06268310546875,0.1883544921875,0.3779296875
5502,StrongVoices_21_5,0.048126220703125,0.128662109375,0.04486083984375,0.08038330078125,0.0306243896484375
5503,WomenWhoStutter_97_196,0.1104736328125,0.2413330078125,0.171875,0.34326171875,0.609375
5504,WomenWhoStutter_29_39,0.10540771484375,0.052703857421875,0.00701141357421875,0.046630859375,0.409912109375
5505,StrongVoices_23_254,0.3251953125,0.319580078125,0.165283203125,0.1466064453125,0.2340087890625
5506,StrongVoices_0_13,0.049957275390625,0.2042236328125,0.1015625,0.0223236083984375,0.0240936279296875
5507,HeStutters_12_154,0.1923828125,0.1507568359375,0.07501220703125,0.0855712890625,0.1446533203125
5508,StrongVoices_8_4,0.158203125,0.267333984375,0.1007080078125,0.061187744140625,0.051544189453125
5509,StutterTalk_53_15,0.039337158203125,0.39501953125,0.42236328125,0.1358642578125,0.15380859375
5510,WomenWhoStutter_62_82,0.153076171875,0.1409912109375,0.045257568359375,0.11376953125,0.2493896484375
5511,StrongVoices_21_84,0.1357421875,0.2384033203125,0.1490478515625,0.06561279296875,0.2293701171875
5512,StrongVoices_23_38,0.28369140625,0.263916015625,0.048675537109375,0.009857177734375,0.13720703125
5513,StrongVoices_9_20,0.04132080078125,0.1541748046875,0.0616455078125,0.0211639404296875,0.042388916015625
5514,HeStutters_11_187,0.1851806640625,0.185791015625,0.0244293212890625,0.035491943359375,0.2149658203125
5515,WomenWhoStutter_30_178,0.146728515625,0.08770751953125,0.037200927734375,0.0112457275390625,0.045684814453125
5516,StrongVoices_21_61,0.033966064453125,0.06488037109375,0.0179901123046875,0.02288818359375,0.00989532470703125
5517,StutteringIsCool_45_36,0.333984375,0.08929443359375,0.0154876708984375,0.006145477294921875,0.1361083984375
5518,HVSA_2_167,0.029205322265625,0.218994140625,0.11260986328125,0.2257080078125,0.07977294921875
5519,StutterTalk_55_19,0.0535888671875,0.08062744140625,0.007785797119140625,0.0292510986328125,0.1644287109375
5520,StrongVoices_21_44,0.05499267578125,0.09185791015625,0.01363372802734375,0.07696533203125,0.152099609375
5521,StutterTalk_72_142,0.1317138671875,0.29638671875,0.1788330078125,0.040008544921875,0.032470703125
5522,StrongVoices_17_13,0.82861328125,0.1519775390625,0.1358642578125,0.036163330078125,0.08123779296875
5523,StrongVoices_11_15,0.53857421875,0.2333984375,0.07720947265625,0.043853759765625,0.03704833984375
5524,StrongVoices_6_210,0.1507568359375,0.447265625,0.06610107421875,0.0299224853515625,0.1541748046875
5525,StutteringIsCool_2_17,0.070068359375,0.24853515625,0.16455078125,0.22900390625,0.09979248046875
5526,StutteringIsCool_40_26,0.333740234375,0.1473388671875,0.03533935546875,0.059417724609375,0.38330078125
5527,WomenWhoStutter_30_107,0.093994140625,0.271728515625,0.09912109375,0.016845703125,0.0282745361328125
5528,StutteringIsCool_34_148,0.2401123046875,0.202880859375,0.1876220703125,0.123779296875,0.50732421875
5529,StutterTalk_72_65,0.05889892578125,0.1883544921875,0.026153564453125,0.1368408203125,0.1995849609375
5530,StutteringIsCool_33_34,0.36669921875,0.100341796875,0.024566650390625,0.01898193359375,0.2005615234375
5531,HeStutters_11_103,0.134521484375,0.2607421875,0.035675048828125,0.063720703125,0.102294921875
5532,HVSA_1_168,0.057373046875,0.156005859375,0.070068359375,0.0208892822265625,0.0318603515625
5533,WomenWhoStutter_45_13,0.293212890625,0.2203369140625,0.136962890625,0.020172119140625,0.073974609375
5534,IStutterSoWhat_3_144,0.1270751953125,0.1591796875,0.1087646484375,0.29345703125,0.376220703125
5535,WomenWhoStutter_15_1,0.181884765625,0.2037353515625,0.10467529296875,0.01495361328125,0.021484375
5536,WomenWhoStutter_86_71,0.23388671875,0.15185546875,0.10015869140625,0.2978515625,0.67578125
5537,StutterTalk_1_32,0.052520751953125,0.1273193359375,0.02215576171875,0.037750244140625,0.09912109375
5538,HVSA_2_112,0.0704345703125,0.312744140625,0.26123046875,0.1822509765625,0.07861328125
5539,StutterTalk_76_29,0.052337646484375,0.1795654296875,0.06243896484375,0.267333984375,0.289794921875
5540,StutteringIsCool_75_12,0.078369140625,0.258544921875,0.27783203125,0.0999755859375,0.12066650390625
5541,StrongVoices_32_43,0.2073974609375,0.268798828125,0.1455078125,0.047607421875,0.264404296875
5542,StutterTalk_8_147,0.09088134765625,0.203857421875,0.2861328125,0.0953369140625,0.1610107421875
5543,HeStutters_5_82,0.0965576171875,0.335205078125,0.249267578125,0.33349609375,0.45458984375
5544,HVSA_1_16,0.1143798828125,0.2012939453125,0.061309814453125,0.00591278076171875,0.015899658203125
5545,HeStutters_0_29,0.043212890625,0.1258544921875,0.039642333984375,0.0169830322265625,0.56396484375
5546,StutterTalk_72_11,0.1826171875,0.223876953125,0.0304412841796875,0.06451416015625,0.265380859375
5547,HeStutters_18_98,0.1876220703125,0.3251953125,0.1358642578125,0.03533935546875,0.044097900390625
5548,HeStutters_0_39,0.191650390625,0.139404296875,0.0282135009765625,0.01490020751953125,0.01090240478515625
5549,WomenWhoStutter_2_179,0.135986328125,0.132568359375,0.01395416259765625,0.020416259765625,0.079345703125
5550,HVSA_2_185,0.11065673828125,0.0810546875,0.019683837890625,0.10015869140625,0.646484375
5551,StrongVoices_32_91,0.10858154296875,0.1865234375,0.036773681640625,0.033203125,0.063720703125
5552,StutterTalk_77_39,0.0830078125,0.33984375,0.13916015625,0.034881591796875,0.058349609375
5553,IStutterSoWhat_0_108,0.6298828125,0.13623046875,0.06463623046875,0.0182342529296875,0.03436279296875
5554,StrongVoices_32_85,0.082275390625,0.196044921875,0.07696533203125,0.045257568359375,0.05560302734375
5555,HeStutters_11_147,0.2401123046875,0.1390380859375,0.0775146484375,0.240478515625,0.77587890625
5556,WomenWhoStutter_30_10,0.1134033203125,0.09771728515625,0.03515625,0.005889892578125,0.01495361328125
5557,MyStutteringLife_0_15,0.03875732421875,0.17919921875,0.06451416015625,0.0457763671875,0.053009033203125
5558,StutterTalk_8_82,0.075439453125,0.14013671875,0.05242919921875,0.0224609375,0.351806640625
5559,StutterTalk_54_20,0.049957275390625,0.0615234375,0.00864410400390625,0.10797119140625,0.12841796875
5560,StrongVoices_25_17,0.63623046875,0.1787109375,0.11065673828125,0.07708740234375,0.04302978515625
5561,StutterTalk_37_103,0.0765380859375,0.06646728515625,0.0116424560546875,0.08740234375,0.20751953125
5562,StutterTalk_32_36,0.0765380859375,0.2034912109375,0.130126953125,0.466064453125,0.32421875
5563,StrongVoices_32_55,0.166015625,0.2081298828125,0.0457763671875,0.021942138671875,0.12408447265625
5564,StrongVoices_7_30,0.251953125,0.08123779296875,0.0182647705078125,0.04559326171875,0.814453125
5565,WomenWhoStutter_87_142,0.0276336669921875,0.2237548828125,0.093017578125,0.1427001953125,0.26025390625
5566,StrongVoices_23_188,0.4775390625,0.354736328125,0.21435546875,0.04986572265625,0.1309814453125
5567,StrongVoices_34_11,0.06597900390625,0.2105712890625,0.0352783203125,0.017578125,0.0154876708984375
5568,WomenWhoStutter_30_117,0.1041259765625,0.12493896484375,0.059661865234375,0.0268096923828125,0.0224609375
5569,MyStutteringLife_38_8,0.072265625,0.26904296875,0.1134033203125,0.148681640625,0.55322265625
5570,StutterTalk_36_16,0.09466552734375,0.1329345703125,0.040985107421875,0.018646240234375,0.01983642578125
5571,StutterTalk_60_38,0.0292510986328125,0.167724609375,0.033477783203125,0.034759521484375,0.09844970703125
5572,WomenWhoStutter_69_23,0.1878662109375,0.09552001953125,0.01678466796875,0.135009765625,0.409423828125
5573,StrongVoices_23_239,0.26806640625,0.267333984375,0.083740234375,0.044281005859375,0.179443359375
5574,StrongVoices_19_29,0.5830078125,0.1163330078125,0.042633056640625,0.03436279296875,0.2135009765625
5575,StutterTalk_37_100,0.1044921875,0.06939697265625,0.0203399658203125,0.14501953125,0.65380859375
5576,StrongVoices_10_121,0.320068359375,0.1995849609375,0.0305023193359375,0.0101318359375,0.09552001953125
5577,WomenWhoStutter_10_30,0.08880615234375,0.153076171875,0.09552001953125,0.17919921875,0.1925048828125
5578,StutterTalk_1_7,0.1014404296875,0.25048828125,0.04217529296875,0.03125,0.133544921875
5579,WomenWhoStutter_73_5,0.1258544921875,0.10595703125,0.03802490234375,0.09039306640625,0.09503173828125
5580,StrongVoices_28_33,0.5556640625,0.06707763671875,0.0244293212890625,0.01490020751953125,0.08209228515625
5581,StutterTalk_64_114,0.03204345703125,0.20556640625,0.40185546875,0.08880615234375,0.049041748046875
5582,StutteringIsCool_38_17,0.05645751953125,0.12200927734375,0.1697998046875,0.31298828125,0.167724609375
5583,StrongVoices_5_35,0.37841796875,0.266357421875,0.056854248046875,0.018402099609375,0.1751708984375
5584,StutterTalk_72_63,0.06707763671875,0.3466796875,0.058441162109375,0.0258026123046875,0.085693359375
5585,StrongVoices_21_187,0.2125244140625,0.13330078125,0.056976318359375,0.11395263671875,0.90625
5586,MyStutteringLife_0_26,0.246337890625,0.17626953125,0.1033935546875,0.0885009765625,0.3984375
5587,WomenWhoStutter_49_13,0.03271484375,0.24853515625,0.3408203125,0.1087646484375,0.053497314453125
5588,HeStutters_11_126,0.38623046875,0.08038330078125,0.01450347900390625,0.0165863037109375,0.04443359375
5589,HeStutters_2_188,0.337646484375,0.31396484375,0.1412353515625,0.07977294921875,0.0548095703125
5590,StrongVoices_7_28,0.5439453125,0.105224609375,0.03753662109375,0.032470703125,0.08587646484375
5591,StutterTalk_26_42,0.08123779296875,0.349365234375,0.0552978515625,0.0241851806640625,0.1549072265625
5592,StutterTalk_38_22,0.134521484375,0.25732421875,0.2362060546875,0.1414794921875,0.1322021484375
5593,StutteringIsCool_33_39,0.1513671875,0.1630859375,0.033966064453125,0.04486083984375,0.059112548828125
5594,HeStutters_5_127,0.10577392578125,0.391845703125,0.453857421875,0.1435546875,0.059661865234375
5595,WomenWhoStutter_2_187,0.267822265625,0.256103515625,0.06451416015625,0.04376220703125,0.153076171875
5596,MyStutteringLife_25_15,0.04083251953125,0.2305908203125,0.043121337890625,0.034759521484375,0.30078125
5597,StrongVoices_19_30,0.2213134765625,0.07183837890625,0.0115966796875,0.018585205078125,0.13623046875
5598,WomenWhoStutter_49_20,0.1422119140625,0.326904296875,0.21484375,0.2427978515625,0.31103515625
5599,WomenWhoStutter_43_2,0.13916015625,0.09503173828125,0.0120086669921875,0.0179901123046875,0.203369140625
5600,StrongVoices_21_99,0.1729736328125,0.187255859375,0.05194091796875,0.05389404296875,0.058441162109375
5601,StutteringIsCool_29_23,0.0740966796875,0.12890625,0.024658203125,0.085693359375,0.65234375
5602,WomenWhoStutter_83_24,0.6845703125,0.16455078125,0.11968994140625,0.06951904296875,0.087890625
5603,StutterTalk_16_2,0.06927490234375,0.3837890625,0.413818359375,0.1904296875,0.08331298828125
5604,WomenWhoStutter_28_20,0.022247314453125,0.106689453125,0.037200927734375,0.050506591796875,0.046722412109375
5605,StutterTalk_26_158,0.1309814453125,0.2286376953125,0.26416015625,0.36474609375,0.09967041015625
5606,WomenWhoStutter_42_136,0.51708984375,0.075439453125,0.03265380859375,0.0592041015625,0.263671875
5607,StutterTalk_7_11,0.102294921875,0.1353759765625,0.0753173828125,0.08978271484375,0.0364990234375
5608,HVSA_2_184,0.07684326171875,0.28466796875,0.298828125,0.140869140625,0.042816162109375
5609,StrongVoices_8_31,0.591796875,0.1842041015625,0.1851806640625,0.04052734375,0.247802734375
5610,StutteringIsCool_80_90,0.2384033203125,0.080810546875,0.015838623046875,0.05792236328125,0.10015869140625
5611,StutteringIsCool_80_95,0.0765380859375,0.06842041015625,0.0164031982421875,0.11126708984375,0.247314453125
5612,StutteringIsCool_69_7,0.11553955078125,0.1558837890625,0.1063232421875,0.0633544921875,0.0154266357421875
5613,WomenWhoStutter_10_131,0.0816650390625,0.255859375,0.06829833984375,0.0125732421875,0.029815673828125
5614,StutteringIsCool_33_28,0.1361083984375,0.348388671875,0.1280517578125,0.06707763671875,0.06634521484375
5615,HeStutters_16_34,0.367919921875,0.1654052734375,0.04376220703125,0.04559326171875,0.12939453125
5616,StutterTalk_26_50,0.0268096923828125,0.185302734375,0.043609619140625,0.151611328125,0.06585693359375
5617,StrongVoices_21_150,0.365966796875,0.292724609375,0.358154296875,0.042572021484375,0.0638427734375
5618,StutterTalk_68_104,0.45947265625,0.2120361328125,0.0970458984375,0.1094970703125,0.08050537109375
5619,StutteringIsCool_28_28,0.2137451171875,0.1915283203125,0.09173583984375,0.125732421875,0.40234375
5620,HVSA_0_17,0.1829833984375,0.1134033203125,0.040008544921875,0.1326904296875,0.473876953125
5621,StutteringIsCool_46_134,0.0273284912109375,0.1373291015625,0.0574951171875,0.019683837890625,0.0312042236328125
5622,HeStutters_2_166,0.07763671875,0.29736328125,0.24560546875,0.29248046875,0.2166748046875
5623,HVSA_0_130,0.051544189453125,0.337646484375,0.187255859375,0.1019287109375,0.2548828125
5624,HeStutters_12_108,0.1343994140625,0.1915283203125,0.09844970703125,0.058441162109375,0.063232421875
5625,StutterTalk_1_36,0.1175537109375,0.2379150390625,0.0810546875,0.0751953125,0.87109375
5626,MyStutteringLife_21_29,0.05224609375,0.11517333984375,0.042083740234375,0.00714874267578125,0.0173797607421875
5627,StutteringIsCool_38_19,0.1656494140625,0.41064453125,0.2398681640625,0.070556640625,0.1729736328125
5628,StrongVoices_21_79,0.1207275390625,0.09722900390625,0.00981903076171875,0.059417724609375,0.4921875
5629,WomenWhoStutter_8_2,0.11737060546875,0.396240234375,0.258544921875,0.023956298828125,0.093017578125
5630,StutteringIsCool_80_114,0.137451171875,0.337646484375,0.301513671875,0.06927490234375,0.2027587890625
5631,StutteringIsCool_14_19,0.053802490234375,0.1143798828125,0.163818359375,0.045684814453125,0.06109619140625
5632,StutterTalk_48_11,0.01812744140625,0.1265869140625,0.03289794921875,0.0953369140625,0.130126953125
5633,StutterTalk_68_177,0.160888671875,0.224365234375,0.051666259765625,0.0162811279296875,0.03802490234375
5634,StutterTalk_8_90,0.233154296875,0.1463623046875,0.1490478515625,0.09283447265625,0.7900390625
5635,StutterTalk_72_57,0.034942626953125,0.1617431640625,0.10321044921875,0.2301025390625,0.1083984375
5636,StutteringIsCool_80_177,0.0369873046875,0.1229248046875,0.0863037109375,0.138427734375,0.2271728515625
5637,StrongVoices_23_132,0.288818359375,0.2100830078125,0.053497314453125,0.00971221923828125,0.0182342529296875
5638,StrongVoices_23_103,0.11859130859375,0.496337890625,0.16162109375,0.0236968994140625,0.11279296875
5639,WomenWhoStutter_2_37,0.580078125,0.2509765625,0.183349609375,0.07122802734375,0.254638671875
5640,StrongVoices_23_142,0.18701171875,0.253173828125,0.03955078125,0.0261993408203125,0.1566162109375
5641,StrongVoices_10_113,0.2010498046875,0.1343994140625,0.0212860107421875,0.0517578125,0.9736328125
5642,StutteringIsCool_81_24,0.1624755859375,0.037811279296875,0.01433563232421875,0.058441162109375,0.432373046875
5643,StrongVoices_19_16,0.1328125,0.097412109375,0.047943115234375,0.265380859375,0.81201171875
5644,WomenWhoStutter_29_15,0.39990234375,0.1339111328125,0.0260009765625,0.033782958984375,0.7626953125
5645,StutterTalk_16_35,0.061981201171875,0.188232421875,0.159912109375,0.0548095703125,0.06243896484375
5646,StrongVoices_25_11,0.08062744140625,0.07611083984375,0.0160980224609375,0.028167724609375,0.0284881591796875
5647,HVSA_0_15,0.043853759765625,0.2247314453125,0.25830078125,0.11102294921875,0.06768798828125
5648,WomenWhoStutter_14_152,0.0185394287109375,0.1656494140625,0.254150390625,0.11065673828125,0.033721923828125
5649,StutterTalk_64_7,0.180419921875,0.1341552734375,0.059661865234375,0.046630859375,0.39208984375
5650,WomenWhoStutter_73_24,0.0809326171875,0.27294921875,0.1976318359375,0.486572265625,0.154541015625
5651,StutteringIsCool_37_31,0.20654296875,0.33056640625,0.34130859375,0.08282470703125,0.09332275390625
5652,WomenWhoStutter_21_82,0.345947265625,0.1650390625,0.04345703125,0.00894927978515625,0.0289306640625
5653,WomenWhoStutter_30_174,0.1395263671875,0.11993408203125,0.02606201171875,0.03338623046875,0.0224151611328125
5654,StutterTalk_18_2,0.17236328125,0.1558837890625,0.0143890380859375,0.0261993408203125,0.045257568359375
5655,StutterTalk_69_5,0.05975341796875,0.2529296875,0.0384521484375,0.051666259765625,0.10394287109375
5656,StrongVoices_19_17,0.254638671875,0.11737060546875,0.06817626953125,0.10595703125,0.06585693359375
5657,HVSA_1_67,0.1534423828125,0.431396484375,0.32275390625,0.03216552734375,0.08270263671875
5658,StutterTalk_72_37,0.275146484375,0.50439453125,0.344482421875,0.150146484375,0.19091796875
5659,HVSA_1_60,0.1826171875,0.224853515625,0.2049560546875,0.0269622802734375,0.01525115966796875
5660,WomenWhoStutter_27_31,0.1295166015625,0.483154296875,0.5341796875,0.1319580078125,0.0948486328125
5661,StrongVoices_14_15,0.058349609375,0.12213134765625,0.02508544921875,0.0252685546875,0.03021240234375
5662,StutterTalk_26_19,0.33447265625,0.1512451171875,0.072265625,0.058990478515625,0.045013427734375
5663,HeStutters_12_27,0.08050537109375,0.1868896484375,0.0838623046875,0.01495361328125,0.04779052734375
5664,StrongVoices_10_37,0.367919921875,0.3056640625,0.1331787109375,0.0205230712890625,0.0242767333984375
5665,StutterTalk_8_170,0.10052490234375,0.2293701171875,0.400634765625,0.20947265625,0.1717529296875
5666,StutteringIsCool_16_3,0.330322265625,0.199951171875,0.0496826171875,0.09637451171875,0.73046875
5667,HVSA_2_165,0.421142578125,0.256591796875,0.2880859375,0.0953369140625,0.054290771484375
5668,WomenWhoStutter_90_28,0.09857177734375,0.2298583984375,0.322021484375,0.283935546875,0.876953125
5669,HVSA_2_26,0.293701171875,0.281494140625,0.259033203125,0.060302734375,0.04345703125
5670,StrongVoices_14_34,0.52783203125,0.093505859375,0.0546875,0.1368408203125,0.382568359375
5671,StutterTalk_64_149,0.18994140625,0.07666015625,0.018829345703125,0.061767578125,0.6640625
5672,StutterTalk_62_24,0.1993408203125,0.251953125,0.388671875,0.176513671875,0.08868408203125
5673,StutterTalk_68_163,0.032470703125,0.306640625,0.1826171875,0.1485595703125,0.1290283203125
5674,StutterTalk_62_14,0.09722900390625,0.10614013671875,0.03875732421875,0.048675537109375,0.11297607421875
5675,StutterTalk_77_0,0.058990478515625,0.240966796875,0.0345458984375,0.0401611328125,0.154296875
5676,WomenWhoStutter_21_33,0.070556640625,0.09844970703125,0.0251312255859375,0.046478271484375,0.08819580078125
5677,StrongVoices_32_89,0.09979248046875,0.28369140625,0.0567626953125,0.03253173828125,0.23583984375
5678,StutterTalk_69_37,0.11029052734375,0.1876220703125,0.0379638671875,0.019378662109375,0.02191162109375
5679,StutterTalk_13_10,0.06500244140625,0.070556640625,0.050048828125,0.12451171875,0.1748046875
5680,StutterTalk_38_5,0.16357421875,0.091552734375,0.0203704833984375,0.042022705078125,0.07806396484375
5681,StutterTalk_8_14,0.2288818359375,0.0849609375,0.052703857421875,0.0640869140625,0.7001953125
5682,WomenWhoStutter_10_173,0.339599609375,0.14013671875,0.039642333984375,0.02685546875,0.02447509765625
5683,StutterTalk_37_22,0.024383544921875,0.089599609375,0.039794921875,0.1441650390625,0.089599609375
5684,HeStutters_5_157,0.017181396484375,0.2322998046875,0.318359375,0.0230712890625,0.03143310546875
5685,StutteringIsCool_55_31,0.032958984375,0.1812744140625,0.06475830078125,0.036895751953125,0.0504150390625
5686,StrongVoices_22_21,0.056243896484375,0.1300048828125,0.030731201171875,0.0311431884765625,0.1268310546875
5687,StrongVoices_21_153,0.060302734375,0.144287109375,0.039703369140625,0.035675048828125,0.0255584716796875
5688,StutterTalk_23_13,0.273681640625,0.102294921875,0.02880859375,0.051666259765625,0.086181640625
5689,StutteringIsCool_49_8,0.1807861328125,0.1474609375,0.033843994140625,0.034423828125,0.08331298828125
5690,StutteringIsCool_34_127,0.3046875,0.11859130859375,0.03216552734375,0.0139007568359375,0.0894775390625
5691,StutteringIsCool_80_83,0.444580078125,0.1396484375,0.047332763671875,0.0276336669921875,0.043853759765625
5692,WomenWhoStutter_30_26,0.07965087890625,0.102294921875,0.01395416259765625,0.006744384765625,0.0125732421875
5693,StutterTalk_76_1,0.0240020751953125,0.09600830078125,0.017242431640625,0.0121917724609375,0.027008056640625
5694,StutterTalk_79_23,0.1358642578125,0.1961669921875,0.03271484375,0.05145263671875,0.9658203125
5695,MyStutteringLife_39_34,0.07159423828125,0.48974609375,0.60205078125,0.12359619140625,0.1278076171875
5696,StrongVoices_21_35,0.06610107421875,0.182373046875,0.06585693359375,0.2130126953125,0.27490234375
5697,StutteringIsCool_27_22,0.03314208984375,0.375732421875,0.380126953125,0.06903076171875,0.102294921875
5698,StrongVoices_29_7,0.39794921875,0.1954345703125,0.0258636474609375,0.01763916015625,0.079345703125
5699,StrongVoices_0_34,0.1165771484375,0.217529296875,0.06695556640625,0.023193359375,0.244140625
5700,MyStutteringLife_39_30,0.017852783203125,0.27587890625,0.326416015625,0.10687255859375,0.07879638671875
5701,WomenWhoStutter_97_107,0.255615234375,0.1549072265625,0.0179901123046875,0.047088623046875,0.1351318359375
5702,StrongVoices_21_179,0.07196044921875,0.1632080078125,0.0318603515625,0.02056884765625,0.018798828125
5703,StutteringIsCool_23_33,0.042388916015625,0.1937255859375,0.2724609375,0.5166015625,0.2138671875
5704,StrongVoices_21_147,0.03448486328125,0.22119140625,0.07342529296875,0.125244140625,0.10797119140625
5705,StutteringIsCool_34_169,0.09967041015625,0.1217041015625,0.038177490234375,0.1357421875,0.95458984375
5706,StutterTalk_64_88,0.12890625,0.1708984375,0.060516357421875,0.1756591796875,0.1729736328125
5707,MyStutteringLife_18_32,0.1256103515625,0.310791015625,0.07305908203125,0.152099609375,0.252685546875
5708,StutterTalk_26_37,0.05242919921875,0.150390625,0.050323486328125,0.01332855224609375,0.010406494140625
5709,StutterTalk_28_21,0.09967041015625,0.385009765625,0.7265625,0.53173828125,0.1829833984375
5710,StutterTalk_7_33,0.202880859375,0.31982421875,0.2366943359375,0.3125,0.202392578125
5711,StutteringIsCool_38_18,0.35498046875,0.288818359375,0.21484375,0.1822509765625,0.6923828125
5712,StrongVoices_12_18,0.289794921875,0.1104736328125,0.05059814453125,0.0154266357421875,0.012237548828125
5713,StutteringIsCool_49_18,0.576171875,0.1995849609375,0.141845703125,0.044586181640625,0.1492919921875
5714,StutterTalk_14_3,0.07879638671875,0.1407470703125,0.1593017578125,0.21240234375,0.396240234375
5715,HeStutters_16_132,0.147705078125,0.2432861328125,0.0794677734375,0.11798095703125,0.3984375
5716,HeStutters_11_134,0.14697265625,0.130859375,0.0240478515625,0.01560211181640625,0.0304412841796875
5717,IStutterSoWhat_0_128,0.0241851806640625,0.1763916015625,0.049957275390625,0.0120086669921875,0.0328369140625
5718,StrongVoices_19_39,0.28564453125,0.0740966796875,0.07159423828125,0.1632080078125,0.097412109375
5719,StutterTalk_80_38,0.0285491943359375,0.11358642578125,0.01837158203125,0.0180511474609375,0.0272216796875
5720,StutterTalk_64_69,0.10357666015625,0.1424560546875,0.09588623046875,0.05126953125,0.063720703125
5721,HVSA_2_36,0.323486328125,0.23388671875,0.0885009765625,0.037200927734375,0.62109375
5722,StrongVoices_21_194,0.09979248046875,0.11614990234375,0.0212860107421875,0.045867919921875,0.08050537109375
5723,StutteringIsCool_23_36,0.04400634765625,0.10595703125,0.02386474609375,0.11126708984375,0.1456298828125
5724,HVSA_1_69,0.1429443359375,0.339599609375,0.173095703125,0.01029205322265625,0.0300445556640625
5725,HeStutters_11_161,0.2037353515625,0.364501953125,0.05865478515625,0.0390625,0.1453857421875
5726,StrongVoices_6_214,0.1917724609375,0.491455078125,0.1121826171875,0.0390625,0.280029296875
5727,StutterTalk_32_34,0.0416259765625,0.1783447265625,0.041534423828125,0.1094970703125,0.10504150390625
5728,StrongVoices_21_105,0.038177490234375,0.1273193359375,0.02056884765625,0.0305023193359375,0.0299835205078125
5729,StrongVoices_10_219,0.5732421875,0.346435546875,0.366455078125,0.049407958984375,0.06866455078125
5730,WomenWhoStutter_64_11,0.2626953125,0.12103271484375,0.044677734375,0.12347412109375,0.8134765625
5731,WomenWhoStutter_87_20,0.0284881591796875,0.1121826171875,0.024993896484375,0.11737060546875,0.447265625
5732,StutteringIsCool_27_24,0.0296478271484375,0.427001953125,0.34814453125,0.114990234375,0.08758544921875
5733,WomenWhoStutter_21_27,0.09844970703125,0.33544921875,0.155029296875,0.013427734375,0.0517578125
5734,HVSA_1_161,0.2010498046875,0.349853515625,0.20556640625,0.029205322265625,0.03167724609375
5735,WomenWhoStutter_42_108,0.1300048828125,0.08770751953125,0.0079345703125,0.04296875,0.2091064453125
5736,WomenWhoStutter_76_7,0.293701171875,0.314453125,0.1580810546875,0.133544921875,0.07720947265625
5737,StrongVoices_21_70,0.06695556640625,0.13818359375,0.019500732421875,0.064208984375,0.436767578125
5738,WomenWhoStutter_2_65,0.305419921875,0.356689453125,0.127197265625,0.0228424072265625,0.04168701171875
5739,StutterTalk_72_22,0.079345703125,0.374755859375,0.20751953125,0.1639404296875,0.2152099609375
5740,StutteringIsCool_46_63,0.06793212890625,0.250244140625,0.1121826171875,0.045257568359375,0.03790283203125
5741,StutterTalk_0_7,0.0218658447265625,0.075439453125,0.01751708984375,0.0765380859375,0.0526123046875
5742,WomenWhoStutter_55_32,0.358154296875,0.12347412109375,0.0411376953125,0.136962890625,0.262939453125
5743,StrongVoices_4_31,0.2137451171875,0.251708984375,0.05224609375,0.0190582275390625,0.03326416015625
5744,StrongVoices_9_15,0.10595703125,0.10894775390625,0.0305023193359375,0.02337646484375,0.65234375
5745,StutterTalk_1_26,0.18994140625,0.2208251953125,0.043212890625,0.163330078125,0.292236328125
5746,StrongVoices_21_11,0.09222412109375,0.145263671875,0.057586669921875,0.062225341796875,0.0191192626953125
5747,StutteringIsCool_28_33,0.046112060546875,0.0966796875,0.0137939453125,0.037750244140625,0.0521240234375
5748,StutteringIsCool_33_20,0.3408203125,0.07684326171875,0.053985595703125,0.137939453125,0.90087890625
5749,HeStutters_16_189,0.58544921875,0.0867919921875,0.03192138671875,0.062225341796875,0.2000732421875
5750,HeStutters_16_111,0.05224609375,0.085693359375,0.01332855224609375,0.044769287109375,0.11029052734375
5751,WomenWhoStutter_62_143,0.06549072265625,0.11297607421875,0.019866943359375,0.0782470703125,0.1392822265625
5752,StrongVoices_21_181,0.077392578125,0.25244140625,0.132568359375,0.06561279296875,0.048309326171875
5753,StrongVoices_8_18,0.333740234375,0.23388671875,0.07135009765625,0.01238250732421875,0.0246124267578125
5754,WomenWhoStutter_62_101,0.11419677734375,0.07452392578125,0.0083160400390625,0.0167236328125,0.0313720703125
5755,WomenWhoStutter_21_65,0.12274169921875,0.21337890625,0.12939453125,0.0188751220703125,0.022369384765625
5756,StutteringIsCool_45_33,0.080810546875,0.317138671875,0.205078125,0.07159423828125,0.1434326171875
5757,StutterTalk_64_32,0.11126708984375,0.09136962890625,0.0260009765625,0.0240936279296875,0.038116455078125
5758,WomenWhoStutter_2_167,0.11578369140625,0.2607421875,0.1461181640625,0.03643798828125,0.06695556640625
5759,StutterTalk_69_8,0.05108642578125,0.3857421875,0.58984375,0.08251953125,0.093017578125
5760,StutteringIsCool_64_24,0.0999755859375,0.324462890625,0.1329345703125,0.0289306640625,0.136474609375
5761,WomenWhoStutter_2_198,0.1688232421875,0.2108154296875,0.08135986328125,0.1790771484375,0.87939453125
5762,HeStutters_11_102,0.07452392578125,0.16015625,0.030914306640625,0.037261962890625,0.05224609375
5763,StrongVoices_23_11,0.237060546875,0.271728515625,0.11798095703125,0.017578125,0.06256103515625
5764,StutterTalk_18_28,0.0537109375,0.2139892578125,0.10992431640625,0.321044921875,0.48974609375
5765,StutteringIsCool_17_2,0.04400634765625,0.1834716796875,0.036712646484375,0.11798095703125,0.10357666015625
5766,StrongVoices_11_4,0.430908203125,0.2110595703125,0.10687255859375,0.0333251953125,0.46240234375
5767,WomenWhoStutter_62_153,0.050140380859375,0.07806396484375,0.0147857666015625,0.0953369140625,0.07763671875
5768,StutteringIsCool_80_93,0.136962890625,0.116943359375,0.13037109375,0.294677734375,0.417724609375
5769,StutteringIsCool_69_1,0.0250396728515625,0.1597900390625,0.05291748046875,0.08929443359375,0.137939453125
5770,HVSA_2_63,0.034881591796875,0.1207275390625,0.05072021484375,0.2138671875,0.2252197265625
5771,StutterTalk_8_83,0.039276123046875,0.0703125,0.02044677734375,0.0304412841796875,0.12115478515625
5772,HeStutters_2_15,0.11358642578125,0.135986328125,0.04681396484375,0.073974609375,0.1981201171875
5773,StrongVoices_18_11,0.10174560546875,0.162109375,0.0290374755859375,0.0162811279296875,0.1201171875
5774,StrongVoices_12_4,0.2203369140625,0.2213134765625,0.03802490234375,0.0101318359375,0.031494140625
5775,StutteringIsCool_46_42,0.03448486328125,0.13720703125,0.08709716796875,0.4013671875,0.3798828125
5776,HeStutters_11_168,0.1744384765625,0.09771728515625,0.0293731689453125,0.128173828125,0.9580078125
5777,WomenWhoStutter_30_42,0.1368408203125,0.374755859375,0.090087890625,0.09222412109375,0.435302734375
5778,StutteringIsCool_17_37,0.131591796875,0.1461181640625,0.015777587890625,0.044921875,0.95361328125
5779,WomenWhoStutter_48_0,0.15625,0.1536865234375,0.0184783935546875,0.030914306640625,0.931640625
5780,StrongVoices_7_6,0.25341796875,0.14404296875,0.06622314453125,0.091552734375,0.05865478515625
5781,StutterTalk_9_25,0.2325439453125,0.2098388671875,0.056549072265625,0.08648681640625,0.1512451171875
5782,HVSA_2_190,0.04052734375,0.1473388671875,0.1346435546875,0.10577392578125,0.276123046875
5783,WomenWhoStutter_97_74,0.159423828125,0.1859130859375,0.13134765625,0.2509765625,0.1800537109375
5784,StrongVoices_31_32,0.040985107421875,0.356201171875,0.136962890625,0.051544189453125,0.3583984375
5785,StutteringIsCool_73_24,0.03985595703125,0.223388671875,0.0582275390625,0.03582763671875,0.20703125
5786,WomenWhoStutter_2_143,0.230712890625,0.450927734375,0.222900390625,0.05780029296875,0.181396484375
5787,StutterTalk_58_36,0.0255126953125,0.27490234375,0.1282958984375,0.092529296875,0.2108154296875
5788,StutteringIsCool_46_190,0.0455322265625,0.154052734375,0.047515869140625,0.1468505859375,0.060638427734375
5789,StutterTalk_68_150,0.060516357421875,0.2218017578125,0.046295166015625,0.01363372802734375,0.04510498046875
5790,StutteringIsCool_67_32,0.041473388671875,0.2269287109375,0.50830078125,0.376220703125,0.1666259765625
5791,StutterTalk_3_29,0.257568359375,0.193359375,0.0843505859375,0.046539306640625,0.6474609375
5792,HVSA_0_31,0.075439453125,0.1658935546875,0.0311431884765625,0.07183837890625,0.5263671875
5793,StutterTalk_1_13,0.09857177734375,0.197265625,0.05126953125,0.029754638671875,0.1395263671875
5794,WomenWhoStutter_46_12,0.06396484375,0.07159423828125,0.017852783203125,0.040374755859375,0.057708740234375
5795,WomenWhoStutter_62_49,0.05023193359375,0.07708740234375,0.0118255615234375,0.038909912109375,0.1044921875
5796,WomenWhoStutter_12_13,0.04193115234375,0.08770751953125,0.045257568359375,0.015899658203125,0.0222930908203125
5797,IStutterSoWhat_3_148,0.130859375,0.1949462890625,0.0394287109375,0.175537109375,0.420654296875
5798,StutteringIsCool_80_96,0.0289764404296875,0.1370849609375,0.120849609375,0.04296875,0.03839111328125
5799,StutteringIsCool_17_1,0.109130859375,0.1484375,0.08416748046875,0.313720703125,0.7919921875
5800,HVSA_1_61,0.11376953125,0.20654296875,0.09088134765625,0.0236053466796875,0.0165863037109375
5801,StutterTalk_12_28,0.1273193359375,0.057281494140625,0.04327392578125,0.09552001953125,0.75439453125
5802,HeStutters_16_25,0.2218017578125,0.07720947265625,0.0303802490234375,0.127685546875,0.07904052734375
5803,StutteringIsCool_76_21,0.03460693359375,0.228271484375,0.0360107421875,0.0592041015625,0.1324462890625
5804,StutterTalk_8_13,0.10504150390625,0.0701904296875,0.028167724609375,0.0743408203125,0.7626953125
5805,StutterTalk_3_39,0.06524658203125,0.399169921875,0.481689453125,0.08282470703125,0.058349609375
5806,StrongVoices_0_29,0.048309326171875,0.2005615234375,0.07708740234375,0.035064697265625,0.022979736328125
5807,StutteringIsCool_80_100,0.3310546875,0.0965576171875,0.0216522216796875,0.05108642578125,0.89404296875
5808,HeStutters_18_129,0.19873046875,0.25341796875,0.024932861328125,0.030853271484375,0.1500244140625
5809,StrongVoices_33_32,0.36669921875,0.1859130859375,0.0240478515625,0.0268096923828125,0.17333984375
5810,StutterTalk_26_124,0.058990478515625,0.204345703125,0.052520751953125,0.08587646484375,0.041534423828125
5811,StutterTalk_46_6,0.06256103515625,0.164794921875,0.036224365234375,0.0521240234375,0.035491943359375
5812,StrongVoices_1_34,0.1583251953125,0.11578369140625,0.04046630859375,0.0213623046875,0.0280609130859375
5813,StutterTalk_38_10,0.1561279296875,0.2149658203125,0.033477783203125,0.072265625,0.274169921875
5814,WomenWhoStutter_45_18,0.047698974609375,0.12188720703125,0.04620361328125,0.16064453125,0.142333984375
5815,WomenWhoStutter_2_61,0.236328125,0.097900390625,0.020294189453125,0.0391845703125,0.94580078125
5816,WomenWhoStutter_25_10,0.04986572265625,0.2626953125,0.102294921875,0.04803466796875,0.09930419921875
5817,StutterTalk_28_33,0.06231689453125,0.408203125,0.4892578125,0.31201171875,0.153076171875
5818,MyStutteringLife_19_4,0.0206451416015625,0.2288818359375,0.06866455078125,0.0227203369140625,0.06744384765625
5819,StutterTalk_37_98,0.24853515625,0.13525390625,0.05194091796875,0.15625,0.3701171875
5820,WomenWhoStutter_26_7,0.03759765625,0.1485595703125,0.023773193359375,0.011505126953125,0.0311431884765625
5821,WomenWhoStutter_30_183,0.07574462890625,0.08123779296875,0.01107025146484375,0.03167724609375,0.310791015625
5822,MyStutteringLife_18_24,0.012481689453125,0.06256103515625,0.01009368896484375,0.04949951171875,0.0413818359375
5823,WomenWhoStutter_33_17,0.03985595703125,0.12408447265625,0.060089111328125,0.0206451416015625,0.0279083251953125
5824,WomenWhoStutter_2_185,0.07080078125,0.2208251953125,0.404541015625,0.1590576171875,0.16845703125
5825,WomenWhoStutter_87_86,0.1593017578125,0.329833984375,0.171875,0.28076171875,0.7578125
5826,StutterTalk_76_38,0.0369873046875,0.1171875,0.01560211181640625,0.025665283203125,0.309326171875
5827,StutterTalk_26_43,0.06951904296875,0.3798828125,0.1529541015625,0.0552978515625,0.11083984375
5828,StutterTalk_8_154,0.05108642578125,0.1007080078125,0.15283203125,0.1378173828125,0.1044921875
5829,StutterTalk_72_16,0.07354736328125,0.2242431640625,0.0792236328125,0.0309600830078125,0.0189056396484375
5830,WomenWhoStutter_2_72,0.1300048828125,0.464111328125,0.169921875,0.0233306884765625,0.1533203125
5831,StutteringIsCool_60_31,0.1121826171875,0.089111328125,0.011962890625,0.0386962890625,0.077392578125
5832,StrongVoices_12_22,0.05987548828125,0.2110595703125,0.060302734375,0.0330810546875,0.05224609375
5833,WomenWhoStutter_76_35,0.12646484375,0.1533203125,0.05780029296875,0.039642333984375,0.202392578125
5834,WomenWhoStutter_96_73,0.1131591796875,0.32861328125,0.06085205078125,0.04931640625,0.1326904296875
5835,StrongVoices_21_129,0.12274169921875,0.2037353515625,0.04876708984375,0.093017578125,0.1439208984375
5836,HeStutters_5_152,0.1514892578125,0.2427978515625,0.08197021484375,0.017181396484375,0.03265380859375
5837,WomenWhoStutter_2_27,0.050140380859375,0.25439453125,0.338134765625,0.2225341796875,0.062225341796875
5838,StutteringIsCool_73_37,0.0279083251953125,0.058990478515625,0.008880615234375,0.012237548828125,0.0699462890625
5839,HVSA_2_194,0.060211181640625,0.1441650390625,0.1475830078125,0.191650390625,0.041778564453125
5840,HVSA_2_89,0.1290283203125,0.1964111328125,0.31640625,0.286376953125,0.372802734375
5841,WomenWhoStutter_58_12,0.09686279296875,0.172607421875,0.03314208984375,0.059661865234375,0.4404296875
5842,StrongVoices_6_119,0.08404541015625,0.1903076171875,0.017242431640625,0.0169219970703125,0.036834716796875
5843,MyStutteringLife_8_8,0.014556884765625,0.2467041015625,0.179931640625,0.0384521484375,0.041473388671875
5844,HeStutters_19_146,0.3193359375,0.205322265625,0.127197265625,0.283203125,0.429443359375
5845,StutterTalk_76_25,0.057586669921875,0.152587890625,0.048583984375,0.059417724609375,0.0615234375
5846,StrongVoices_21_7,0.050506591796875,0.08135986328125,0.0305633544921875,0.05706787109375,0.0252685546875
5847,StutterTalk_15_24,0.035675048828125,0.134765625,0.0225372314453125,0.05145263671875,0.0943603515625
5848,StrongVoices_19_4,0.0836181640625,0.07452392578125,0.00800323486328125,0.0237274169921875,0.302001953125
5849,StrongVoices_1_22,0.1717529296875,0.11737060546875,0.018341064453125,0.01358795166015625,0.55322265625
5850,HVSA_2_160,0.055206298828125,0.30126953125,0.268310546875,0.071044921875,0.0850830078125
5851,StutteringIsCool_61_36,0.1202392578125,0.23974609375,0.036285400390625,0.0074615478515625,0.042724609375
5852,HeStutters_18_76,0.08709716796875,0.20849609375,0.1422119140625,0.137939453125,0.2325439453125
5853,WomenWhoStutter_30_186,0.052825927734375,0.10357666015625,0.0802001953125,0.019683837890625,0.0137939453125
5854,WomenWhoStutter_68_7,0.04595947265625,0.11163330078125,0.0238189697265625,0.06451416015625,0.034423828125
5855,StutterTalk_53_1,0.04327392578125,0.261962890625,0.17919921875,0.020294189453125,0.026702880859375
5856,WomenWhoStutter_62_222,0.0311431884765625,0.06671142578125,0.007694244384765625,0.011962890625,0.054290771484375
5857,StutteringIsCool_47_22,0.08050537109375,0.11297607421875,0.0219879150390625,0.0635986328125,0.91015625
5858,StutteringIsCool_40_24,0.060089111328125,0.1485595703125,0.087890625,0.05224609375,0.071044921875
5859,StutterTalk_76_8,0.1275634765625,0.421142578125,0.460693359375,0.0306243896484375,0.04742431640625
5860,StutterTalk_37_108,0.0816650390625,0.1290283203125,0.0282135009765625,0.201171875,0.14208984375
5861,StutterTalk_68_137,0.0240936279296875,0.160400390625,0.0246124267578125,0.0160980224609375,0.028106689453125
5862,StutterTalk_38_28,0.10687255859375,0.37109375,0.458251953125,0.35595703125,0.278076171875
5863,HVSA_1_156,0.06475830078125,0.2237548828125,0.249755859375,0.12274169921875,0.134033203125
5864,StutterTalk_72_35,0.11065673828125,0.263916015625,0.06512451171875,0.2998046875,0.2646484375
5865,StrongVoices_23_33,0.0728759765625,0.3681640625,0.1209716796875,0.01016998291015625,0.020294189453125
5866,WomenWhoStutter_2_114,0.04296875,0.174072265625,0.03948974609375,0.0316162109375,0.040252685546875
5867,StutterTalk_8_142,0.227783203125,0.182373046875,0.1627197265625,0.07781982421875,0.65185546875
5868,StrongVoices_10_199,0.310546875,0.4423828125,0.1468505859375,0.04217529296875,0.23681640625
5869,StutterTalk_37_42,0.081787109375,0.1441650390625,0.1778564453125,0.2410888671875,0.400146484375
5870,StutterTalk_18_33,0.15673828125,0.279052734375,0.05780029296875,0.0154876708984375,0.04107666015625
5871,StrongVoices_11_14,0.2978515625,0.365478515625,0.08758544921875,0.023101806640625,0.153564453125
5872,MyStutteringLife_0_3,0.2259521484375,0.26708984375,0.1224365234375,0.1988525390625,0.08538818359375
5873,MyStutteringLife_39_6,0.08758544921875,0.222900390625,0.08270263671875,0.27294921875,0.5244140625
5874,StutterTalk_77_18,0.049224853515625,0.4814453125,0.340087890625,0.0548095703125,0.1923828125
5875,HVSA_0_2,0.11993408203125,0.09619140625,0.015899658203125,0.06585693359375,0.1309814453125
5876,StrongVoices_9_27,0.1251220703125,0.08740234375,0.020294189453125,0.0193023681640625,0.07421875
5877,HeStutters_19_98,0.1524658203125,0.37109375,0.2144775390625,0.030914306640625,0.089111328125
5878,WomenWhoStutter_55_7,0.050323486328125,0.10357666015625,0.0287017822265625,0.0809326171875,0.0869140625
5879,StrongVoices_12_28,0.058563232421875,0.11376953125,0.01016998291015625,0.04327392578125,0.1971435546875
5880,StrongVoices_1_26,0.138916015625,0.17236328125,0.03338623046875,0.0343017578125,0.0185394287109375
5881,WomenWhoStutter_21_183,0.1630859375,0.1746826171875,0.081787109375,0.0141754150390625,0.0131683349609375
5882,StutterTalk_53_29,0.09332275390625,0.1246337890625,0.0142822265625,0.037750244140625,0.52099609375
5883,StrongVoices_24_32,0.281494140625,0.1357421875,0.028594970703125,0.0211639404296875,0.103759765625
5884,WomenWhoStutter_15_31,0.09722900390625,0.1756591796875,0.07354736328125,0.093505859375,0.034698486328125
5885,StutterTalk_25_136,0.0250396728515625,0.06097412109375,0.004329681396484375,0.012969970703125,0.027069091796875
5886,StrongVoices_6_143,0.580078125,0.2001953125,0.038909912109375,0.01056671142578125,0.08251953125
5887,MyStutteringLife_8_13,0.0210418701171875,0.312255859375,0.10797119140625,0.0268096923828125,0.09124755859375
5888,StrongVoices_32_190,0.268310546875,0.205078125,0.0318603515625,0.01406097412109375,0.02069091796875
5889,StutterTalk_12_2,0.239501953125,0.091064453125,0.0304412841796875,0.035552978515625,0.1419677734375
5890,WomenWhoStutter_14_77,0.1131591796875,0.276123046875,0.444091796875,0.047149658203125,0.020416259765625
5891,MyStutteringLife_5_2,0.07989501953125,0.11083984375,0.01433563232421875,0.0838623046875,0.4013671875
5892,WomenWhoStutter_30_175,0.053802490234375,0.08599853515625,0.01953125,0.034027099609375,0.030731201171875
5893,WomenWhoStutter_2_106,0.1419677734375,0.278564453125,0.047332763671875,0.0169830322265625,0.06243896484375
5894,StrongVoices_6_145,0.178955078125,0.2724609375,0.0384521484375,0.014556884765625,0.05023193359375
5895,StutterTalk_26_76,0.05987548828125,0.179931640625,0.023651123046875,0.033599853515625,0.057281494140625
5896,StutterTalk_26_109,0.0163421630859375,0.08770751953125,0.01666259765625,0.0235137939453125,0.015960693359375
5897,StrongVoices_32_27,0.0784912109375,0.2183837890625,0.09417724609375,0.01363372802734375,0.02191162109375
5898,HVSA_3_33,0.135009765625,0.38720703125,0.45068359375,0.159912109375,0.0792236328125
5899,StutteringIsCool_47_14,0.062103271484375,0.239013671875,0.0262603759765625,0.021240234375,0.048675537109375
5900,StutterTalk_78_12,0.2109375,0.273193359375,0.304931640625,0.03948974609375,0.051544189453125
5901,HVSA_1_183,0.08526611328125,0.441162109375,0.4296875,0.06085205078125,0.05145263671875
5902,WomenWhoStutter_108_12,0.1380615234375,0.11419677734375,0.01560211181640625,0.0143890380859375,0.0615234375
5903,WomenWhoStutter_68_3,0.1302490234375,0.26025390625,0.03985595703125,0.089111328125,0.470947265625
5904,StutterTalk_26_57,0.047515869140625,0.09124755859375,0.0233306884765625,0.03424072265625,0.0207672119140625
5905,StutterTalk_10_30,0.27099609375,0.1434326171875,0.0165252685546875,0.03179931640625,0.78564453125
5906,WomenWhoStutter_2_120,0.03436279296875,0.271484375,0.0867919921875,0.049591064453125,0.089111328125
5907,StutteringIsCool_80_141,0.50537109375,0.1368408203125,0.283935546875,0.1668701171875,0.1407470703125
5908,StrongVoices_21_185,0.10650634765625,0.1761474609375,0.035064697265625,0.04803466796875,0.54638671875
5909,IStutterSoWhat_0_107,0.1131591796875,0.21484375,0.06231689453125,0.0305023193359375,0.03131103515625
5910,StrongVoices_32_112,0.2548828125,0.2587890625,0.08990478515625,0.06695556640625,0.04876708984375
5911,MyStutteringLife_0_24,0.033966064453125,0.1279296875,0.04986572265625,0.09088134765625,0.134033203125
5912,StutterTalk_25_85,0.0953369140625,0.212890625,0.01146697998046875,0.029754638671875,0.03515625
5913,StutterTalk_46_3,0.154296875,0.22119140625,0.1380615234375,0.052520751953125,0.0177154541015625
5914,WomenWhoStutter_21_88,0.038970947265625,0.263427734375,0.1370849609375,0.038909912109375,0.05419921875
5915,StutterTalk_8_159,0.1815185546875,0.138671875,0.091064453125,0.302734375,0.9013671875
5916,StutteringIsCool_18_33,0.04168701171875,0.1134033203125,0.0230255126953125,0.01467132568359375,0.06451416015625
5917,StutterTalk_18_32,0.1124267578125,0.2076416015625,0.09722900390625,0.218994140625,0.07720947265625
5918,StutteringIsCool_69_9,0.08587646484375,0.194091796875,0.09844970703125,0.039947509765625,0.75341796875
5919,HeStutters_5_182,0.03253173828125,0.30517578125,0.72900390625,0.1458740234375,0.0751953125
5920,WomenWhoStutter_97_192,0.1458740234375,0.2098388671875,0.05145263671875,0.162353515625,0.95263671875
5921,StutterTalk_38_3,0.154541015625,0.1834716796875,0.089599609375,0.043701171875,0.105224609375
5922,StutteringIsCool_64_17,0.3408203125,0.244384765625,0.06085205078125,0.04193115234375,0.271240234375
5923,StutterTalk_3_37,0.07208251953125,0.45166015625,0.4755859375,0.09588623046875,0.1121826171875
5924,HVSA_1_162,0.053497314453125,0.24560546875,0.206298828125,0.0631103515625,0.202392578125
5925,StrongVoices_10_213,0.152587890625,0.2144775390625,0.030853271484375,0.035736083984375,0.1199951171875
5926,StrongVoices_31_8,0.06781005859375,0.262939453125,0.03643798828125,0.056854248046875,0.337646484375
5927,StutterTalk_80_27,0.033477783203125,0.09552001953125,0.028167724609375,0.0280609130859375,0.0199127197265625
5928,StutterTalk_72_12,0.042388916015625,0.315185546875,0.080078125,0.03131103515625,0.030731201171875
5929,HeStutters_16_160,0.564453125,0.1512451171875,0.0413818359375,0.059967041015625,0.137939453125
5930,WomenWhoStutter_30_83,0.034881591796875,0.091064453125,0.00885009765625,0.01406097412109375,0.0271759033203125
5931,WomenWhoStutter_87_177,0.03607177734375,0.15185546875,0.09912109375,0.05126953125,0.06719970703125
5932,StutteringIsCool_18_34,0.135986328125,0.1224365234375,0.03985595703125,0.14697265625,0.88330078125
5933,StrongVoices_1_3,0.136962890625,0.1873779296875,0.04779052734375,0.011688232421875,0.0552978515625
5934,WomenWhoStutter_62_4,0.06597900390625,0.1566162109375,0.072265625,0.11920166015625,0.053192138671875
5935,HVSA_0_87,0.337158203125,0.078369140625,0.01812744140625,0.0313720703125,0.80712890625
5936,StutterTalk_64_59,0.25341796875,0.106689453125,0.04351806640625,0.1746826171875,0.8515625
5937,WomenWhoStutter_8_33,0.14892578125,0.1593017578125,0.047882080078125,0.003635406494140625,0.0163421630859375
5938,WomenWhoStutter_49_27,0.0252227783203125,0.2265625,0.0987548828125,0.08465576171875,0.1312255859375
5939,StutteringIsCool_67_36,0.008514404296875,0.0762939453125,0.03326416015625,0.087890625,0.075439453125
5940,StutterTalk_8_131,0.1336669921875,0.1529541015625,0.1124267578125,0.09857177734375,0.053009033203125
5941,StrongVoices_23_191,0.27978515625,0.388427734375,0.10015869140625,0.02386474609375,0.3017578125
5942,WomenWhoStutter_25_9,0.244384765625,0.271484375,0.03192138671875,0.03289794921875,0.047698974609375
5943,StutterTalk_58_23,0.024566650390625,0.2137451171875,0.16064453125,0.1639404296875,0.10894775390625
5944,StutterTalk_34_35,0.27978515625,0.385009765625,0.2027587890625,0.038543701171875,0.062103271484375
5945,StutterTalk_63_54,0.051177978515625,0.24169921875,0.11297607421875,0.061431884765625,0.0253753662109375
5946,StutterTalk_68_134,0.04510498046875,0.15673828125,0.00908660888671875,0.0125274658203125,0.077392578125
5947,WomenWhoStutter_62_109,0.478515625,0.1292724609375,0.0299835205078125,0.09515380859375,0.1883544921875
5948,StrongVoices_21_170,0.6650390625,0.1844482421875,0.0765380859375,0.049591064453125,0.46875
5949,WomenWhoStutter_62_218,0.09088134765625,0.2259521484375,0.05780029296875,0.051849365234375,0.0203704833984375
5950,StutteringIsCool_79_13,0.1893310546875,0.38818359375,0.261474609375,0.0276947021484375,0.045867919921875
5951,StrongVoices_6_205,0.2252197265625,0.357421875,0.07696533203125,0.0131683349609375,0.02069091796875
5952,StutterTalk_64_186,0.039642333984375,0.07781982421875,0.0177154541015625,0.0999755859375,0.0548095703125
5953,IStutterSoWhat_3_112,0.2481689453125,0.311767578125,0.1348876953125,0.17529296875,0.33447265625
5954,StutterTalk_4_19,0.039337158203125,0.266357421875,0.18896484375,0.2313232421875,0.1495361328125
5955,StutterTalk_10_9,0.5615234375,0.1048583984375,0.03839111328125,0.06280517578125,0.943359375
5956,StrongVoices_31_11,0.11517333984375,0.1802978515625,0.0225067138671875,0.01337432861328125,0.03607177734375
5957,StutterTalk_37_14,0.0207977294921875,0.06451416015625,0.025909423828125,0.2117919921875,0.1517333984375
5958,HVSA_1_74,0.08331298828125,0.2247314453125,0.050506591796875,0.0240478515625,0.10430908203125
5959,StutterTalk_7_26,0.036224365234375,0.29638671875,0.0894775390625,0.06451416015625,0.06536865234375
5960,StutterTalk_26_169,0.09136962890625,0.18701171875,0.10968017578125,0.3369140625,0.8427734375
5961,HVSA_1_179,0.09136962890625,0.171875,0.17822265625,0.2474365234375,0.306640625
5962,StutterTalk_22_0,0.05975341796875,0.126220703125,0.0192413330078125,0.059326171875,0.1666259765625
5963,StrongVoices_6_87,0.5634765625,0.18408203125,0.058349609375,0.09686279296875,0.057281494140625
5964,WomenWhoStutter_30_115,0.06585693359375,0.1358642578125,0.0161590576171875,0.037689208984375,0.0401611328125
5965,HVSA_2_91,0.05059814453125,0.261962890625,0.1865234375,0.27001953125,0.1312255859375
5966,StutterTalk_26_20,0.1494140625,0.122314453125,0.0170440673828125,0.00930023193359375,0.0212860107421875
5967,StutterTalk_64_81,0.03179931640625,0.043609619140625,0.01512908935546875,0.0831298828125,0.0849609375
5968,HVSA_0_108,0.053985595703125,0.27490234375,0.1370849609375,0.04046630859375,0.045013427734375
5969,HeStutters_5_75,0.09039306640625,0.219970703125,0.06890869140625,0.14599609375,0.95068359375
5970,HeStutters_17_10,0.04400634765625,0.282958984375,0.08282470703125,0.04803466796875,0.123779296875
5971,StutterTalk_15_21,0.2548828125,0.1513671875,0.1175537109375,0.421630859375,0.6904296875
5972,StrongVoices_8_10,0.323486328125,0.178466796875,0.05718994140625,0.03448486328125,0.416259765625
5973,WomenWhoStutter_97_189,0.1597900390625,0.2161865234375,0.216064453125,0.11676025390625,0.035064697265625
5974,StutterTalk_72_34,0.0831298828125,0.2447509765625,0.0254669189453125,0.12322998046875,0.328369140625
5975,StutterTalk_8_110,0.037109375,0.168212890625,0.09088134765625,0.11102294921875,0.2225341796875
5976,WomenWhoStutter_76_10,0.446533203125,0.149169921875,0.017913818359375,0.0193023681640625,0.11358642578125
5977,StrongVoices_21_106,0.1654052734375,0.40771484375,0.2354736328125,0.222900390625,0.1376953125
5978,HVSA_2_19,0.128662109375,0.204345703125,0.2218017578125,0.054412841796875,0.1378173828125
5979,StrongVoices_32_38,0.5810546875,0.263427734375,0.1292724609375,0.029541015625,0.04876708984375
5980,StutterTalk_64_76,0.0616455078125,0.1214599609375,0.0384521484375,0.09930419921875,0.865234375
5981,StutterTalk_28_6,0.270263671875,0.12939453125,0.03753662109375,0.0751953125,0.89501953125
5982,WomenWhoStutter_30_68,0.042572021484375,0.075439453125,0.0196380615234375,0.02752685546875,0.0207977294921875
5983,StutterTalk_66_22,0.02203369140625,0.0843505859375,0.022247314453125,0.04046630859375,0.0635986328125
5984,StrongVoices_28_5,0.114990234375,0.08154296875,0.017303466796875,0.021575927734375,0.0239105224609375
5985,StutteringIsCool_1_16,0.0222015380859375,0.05419921875,0.01898193359375,0.050323486328125,0.036712646484375
5986,IStutterSoWhat_0_111,0.040924072265625,0.0635986328125,0.01177978515625,0.0225067138671875,0.020721435546875
5987,StutterTalk_64_20,0.0439453125,0.1175537109375,0.03839111328125,0.06280517578125,0.04010009765625
5988,WomenWhoStutter_2_96,0.1544189453125,0.1285400390625,0.03839111328125,0.1473388671875,0.9482421875
5989,WomenWhoStutter_15_17,0.57177734375,0.306884765625,0.346435546875,0.08050537109375,0.0369873046875
5990,WomenWhoStutter_8_20,0.060089111328125,0.437255859375,0.2406005859375,0.01934814453125,0.07781982421875
5991,WomenWhoStutter_30_86,0.063720703125,0.046905517578125,0.0094146728515625,0.011688232421875,0.0258636474609375
5992,StutterTalk_37_71,0.335205078125,0.11968994140625,0.044586181640625,0.1171875,0.8759765625
5993,StutterTalk_1_6,0.0831298828125,0.169189453125,0.0203399658203125,0.04949951171875,0.796875
5994,StutteringIsCool_75_39,0.03143310546875,0.26708984375,0.1494140625,0.1966552734375,0.1531982421875
5995,StutterTalk_64_107,0.357421875,0.184326171875,0.0212860107421875,0.028594970703125,0.1533203125
5996,StrongVoices_6_202,0.1246337890625,0.135498046875,0.024566650390625,0.0161590576171875,0.0120086669921875
5997,StrongVoices_27_6,0.59326171875,0.1973876953125,0.059661865234375,0.017181396484375,0.04681396484375
5998,StutterTalk_55_22,0.04595947265625,0.371337890625,0.0836181640625,0.078369140625,0.177978515625
5999,WomenWhoStutter_68_16,0.1851806640625,0.33447265625,0.0740966796875,0.10595703125,0.0965576171875
6000,StrongVoices_9_36,0.25146484375,0.147216796875,0.047515869140625,0.01525115966796875,0.48583984375
6001,HVSA_2_117,0.126953125,0.270751953125,0.5,0.11126708984375,0.06427001953125
6002,StutterTalk_37_133,0.2430419921875,0.0830078125,0.06982421875,0.379150390625,0.6015625
6003,HVSA_2_161,0.67529296875,0.185302734375,0.265869140625,0.07989501953125,0.109130859375
6004,StutteringIsCool_29_35,0.0794677734375,0.07196044921875,0.037322998046875,0.042877197265625,0.059967041015625
6005,WomenWhoStutter_46_1,0.19677734375,0.11126708984375,0.0269622802734375,0.054412841796875,0.9306640625
6006,HeStutters_16_1,0.3603515625,0.11181640625,0.04486083984375,0.158935546875,0.2093505859375
6007,StutterTalk_8_42,0.0831298828125,0.097412109375,0.03289794921875,0.09332275390625,0.95166015625
6008,StutterTalk_16_3,0.06268310546875,0.2890625,0.349365234375,0.599609375,0.3779296875
6009,StutteringIsCool_33_18,0.0615234375,0.34521484375,0.414794921875,0.16015625,0.280517578125
6010,StrongVoices_0_21,0.147705078125,0.25341796875,0.0526123046875,0.01332855224609375,0.03033447265625
6011,HVSA_3_171,0.24560546875,0.218017578125,0.20751953125,0.03607177734375,0.12103271484375
6012,StutterTalk_7_36,0.1724853515625,0.1402587890625,0.0262603759765625,0.0171051025390625,0.0165252685546875
6013,StrongVoices_8_16,0.02508544921875,0.1358642578125,0.0938720703125,0.0191192626953125,0.04168701171875
6014,StrongVoices_29_22,0.293212890625,0.09600830078125,0.0300445556640625,0.021209716796875,0.01422882080078125
6015,StutterTalk_54_8,0.169189453125,0.0802001953125,0.01861572265625,0.1485595703125,0.82177734375
6016,StutterTalk_25_168,0.0280609130859375,0.11474609375,0.01332855224609375,0.0289764404296875,0.03033447265625
6017,WomenWhoStutter_87_35,0.0191650390625,0.11981201171875,0.034881591796875,0.054901123046875,0.18603515625
6018,WomenWhoStutter_45_33,0.036224365234375,0.063720703125,0.0264129638671875,0.0304412841796875,0.04486083984375
6019,WomenWhoStutter_46_6,0.060089111328125,0.0850830078125,0.019012451171875,0.0309600830078125,0.04132080078125
6020,StrongVoices_21_94,0.191650390625,0.116943359375,0.014007568359375,0.0631103515625,0.58203125
6021,StutteringIsCool_15_6,0.019378662109375,0.053009033203125,0.00864410400390625,0.010650634765625,0.0225067138671875
6022,WomenWhoStutter_96_150,0.07501220703125,0.2467041015625,0.132568359375,0.236572265625,0.10504150390625
6023,WomenWhoStutter_10_44,0.474609375,0.1820068359375,0.040679931640625,0.03839111328125,0.1273193359375
6024,StrongVoices_8_20,0.430908203125,0.29931640625,0.0982666015625,0.0118255615234375,0.10577392578125
6025,StutteringIsCool_34_138,0.047698974609375,0.25341796875,0.26953125,0.39453125,0.1788330078125
6026,StrongVoices_29_2,0.28271484375,0.1033935546875,0.0164642333984375,0.009124755859375,0.038818359375
6027,StrongVoices_23_107,0.196533203125,0.1795654296875,0.055206298828125,0.09930419921875,0.921875
6028,StutterTalk_9_34,0.11163330078125,0.1348876953125,0.0294189453125,0.060638427734375,0.495361328125
6029,WomenWhoStutter_2_146,0.053802490234375,0.389892578125,0.21630859375,0.053985595703125,0.1248779296875
6030,WomenWhoStutter_83_37,0.050048828125,0.1300048828125,0.015899658203125,0.0153656005859375,0.020172119140625
6031,StutterTalk_15_10,0.31396484375,0.290771484375,0.239013671875,0.035491943359375,0.443115234375
6032,StutteringIsCool_76_4,0.1353759765625,0.09320068359375,0.02484130859375,0.05511474609375,0.50732421875
6033,WomenWhoStutter_43_29,0.74169921875,0.1737060546875,0.173828125,0.0202178955078125,0.0276947021484375
6034,StrongVoices_21_168,0.06878662109375,0.07421875,0.01898193359375,0.05706787109375,0.09320068359375
6035,StutteringIsCool_80_48,0.0226287841796875,0.049774169921875,0.022979736328125,0.048126220703125,0.09979248046875
6036,StutterTalk_16_37,0.093505859375,0.2462158203125,0.2269287109375,0.16455078125,0.75439453125
6037,StutteringIsCool_80_203,0.163330078125,0.1898193359375,0.1885986328125,0.0953369140625,0.239013671875
6038,WomenWhoStutter_83_18,0.0975341796875,0.2127685546875,0.062103271484375,0.042724609375,0.1884765625
6039,StutterTalk_64_152,0.064208984375,0.1998291015625,0.037689208984375,0.0592041015625,0.484130859375
6040,StutterTalk_26_178,0.046539306640625,0.268798828125,0.093505859375,0.0216522216796875,0.0256195068359375
6041,StutterTalk_1_12,0.09173583984375,0.1649169921875,0.036163330078125,0.059539794921875,0.06732177734375
6042,StutteringIsCool_80_11,0.023284912109375,0.139892578125,0.217041015625,0.2425537109375,0.110107421875
6043,StutterTalk_37_92,0.1524658203125,0.1298828125,0.06964111328125,0.40625,0.459228515625
6044,StrongVoices_9_26,0.404052734375,0.161376953125,0.056121826171875,0.04400634765625,0.79150390625
6045,StutterTalk_72_157,0.603515625,0.304931640625,0.2919921875,0.14404296875,0.12158203125
6046,StutterTalk_22_1,0.036224365234375,0.12890625,0.07080078125,0.1339111328125,0.350341796875
6047,StrongVoices_23_140,0.20166015625,0.280517578125,0.07421875,0.024993896484375,0.0219879150390625
6048,HVSA_0_72,0.09027099609375,0.162109375,0.040313720703125,0.034423828125,0.09417724609375
6049,StrongVoices_5_3,0.06280517578125,0.218505859375,0.08740234375,0.0699462890625,0.384765625
6050,StutteringIsCool_46_33,0.0460205078125,0.199462890625,0.08209228515625,0.0521240234375,0.0364990234375
6051,StutterTalk_64_177,0.2044677734375,0.1456298828125,0.045257568359375,0.07080078125,0.1776123046875
6052,WomenWhoStutter_2_125,0.06707763671875,0.2763671875,0.12408447265625,0.132568359375,0.364013671875
6053,StutterTalk_26_156,0.01282501220703125,0.085693359375,0.06304931640625,0.2310791015625,0.1253662109375
6054,StutteringIsCool_69_39,0.0276947021484375,0.08599853515625,0.023956298828125,0.07794189453125,0.044921875
6055,StutteringIsCool_29_26,0.06109619140625,0.107421875,0.0552978515625,0.0460205078125,0.1217041015625
6056,StutterTalk_49_21,0.2476806640625,0.306396484375,0.1007080078125,0.10968017578125,0.155517578125
6057,HVSA_0_51,0.04681396484375,0.136962890625,0.0726318359375,0.0496826171875,0.0537109375
6058,WomenWhoStutter_2_28,0.17431640625,0.3017578125,0.28369140625,0.347900390625,0.295654296875
6059,StutteringIsCool_84_25,0.033721923828125,0.1427001953125,0.06866455078125,0.018798828125,0.038238525390625
6060,StutterTalk_8_52,0.0504150390625,0.132568359375,0.0701904296875,0.11376953125,0.14501953125
6061,HVSA_0_4,0.1697998046875,0.247802734375,0.09283447265625,0.2259521484375,0.76171875
6062,StutteringIsCool_38_28,0.0296478271484375,0.1361083984375,0.055938720703125,0.093017578125,0.0762939453125
6063,IStutterSoWhat_3_2,0.06768798828125,0.33642578125,0.2978515625,0.0802001953125,0.083740234375
6064,StrongVoices_9_11,0.0775146484375,0.11419677734375,0.036712646484375,0.0079345703125,0.0196380615234375
6065,HVSA_3_157,0.08404541015625,0.2490234375,0.333251953125,0.134033203125,0.12646484375
6066,StrongVoices_17_30,0.036224365234375,0.2108154296875,0.0867919921875,0.0316162109375,0.07421875
6067,IStutterSoWhat_3_155,0.06573486328125,0.2125244140625,0.19775390625,0.041778564453125,0.064208984375
6068,StutterTalk_8_41,0.041778564453125,0.1258544921875,0.260498046875,0.2288818359375,0.12286376953125
6069,WomenWhoStutter_58_13,0.0401611328125,0.142822265625,0.024139404296875,0.0616455078125,0.2330322265625
6070,HeStutters_5_81,0.044769287109375,0.08197021484375,0.03607177734375,0.054595947265625,0.0177764892578125
6071,HVSA_2_6,0.078369140625,0.131103515625,0.1387939453125,0.337646484375,0.2103271484375
6072,WomenWhoStutter_87_84,0.023651123046875,0.28369140625,0.3173828125,0.1976318359375,0.08831787109375
6073,WomenWhoStutter_68_11,0.20068359375,0.171630859375,0.056549072265625,0.227294921875,0.425048828125
6074,StutteringIsCool_80_183,0.2091064453125,0.06781005859375,0.01094818115234375,0.03948974609375,0.724609375
6075,StutterTalk_49_24,0.038177490234375,0.244384765625,0.06915283203125,0.194580078125,0.191650390625
6076,WomenWhoStutter_48_34,0.09283447265625,0.08868408203125,0.009857177734375,0.0089874267578125,0.018646240234375
6077,HVSA_2_96,0.1636962890625,0.1607666015625,0.08929443359375,0.0970458984375,0.048492431640625
6078,HeStutters_5_96,0.018341064453125,0.16943359375,0.4228515625,0.02886962890625,0.0374755859375
6079,StutteringIsCool_40_37,0.09857177734375,0.08416748046875,0.01262664794921875,0.010009765625,0.127197265625
6080,WomenWhoStutter_86_159,0.2454833984375,0.1895751953125,0.0189056396484375,0.0323486328125,0.093017578125
6081,WomenWhoStutter_86_29,0.08416748046875,0.12939453125,0.01473236083984375,0.06817626953125,0.0635986328125
6082,WomenWhoStutter_97_171,0.09967041015625,0.401611328125,0.6181640625,0.419677734375,0.20556640625
6083,HVSA_0_127,0.07666015625,0.368896484375,0.116943359375,0.0167236328125,0.0762939453125
6084,StutteringIsCool_16_22,0.07965087890625,0.259521484375,0.441162109375,0.11102294921875,0.127197265625
6085,StutteringIsCool_1_0,0.366943359375,0.316650390625,0.31787109375,0.09967041015625,0.206787109375
6086,StutterTalk_68_174,0.0258026123046875,0.12432861328125,0.02630615234375,0.0321044921875,0.029083251953125
6087,HVSA_3_109,0.1502685546875,0.3017578125,0.30908203125,0.21435546875,0.12493896484375
6088,HVSA_2_142,0.044769287109375,0.11358642578125,0.0965576171875,0.31591796875,0.07171630859375
6089,StutteringIsCool_49_38,0.222412109375,0.11553955078125,0.017181396484375,0.043609619140625,0.05291748046875
6090,WomenWhoStutter_2_138,0.0802001953125,0.391845703125,0.2156982421875,0.0330810546875,0.033477783203125
6091,WomenWhoStutter_2_3,0.3623046875,0.10321044921875,0.023773193359375,0.0236968994140625,0.396240234375
6092,HeStutters_0_30,0.10614013671875,0.3603515625,0.10931396484375,0.0234222412109375,0.08251953125
6093,StutterTalk_15_2,0.1026611328125,0.0706787109375,0.0108184814453125,0.089111328125,0.53662109375
6094,WomenWhoStutter_30_9,0.259033203125,0.1844482421875,0.1378173828125,0.239501953125,0.131103515625
6095,StutterTalk_18_4,0.1453857421875,0.105224609375,0.0213623046875,0.06719970703125,0.06475830078125
6096,StrongVoices_32_167,0.70703125,0.2054443359375,0.2822265625,0.1302490234375,0.07208251953125
6097,StrongVoices_29_26,0.034423828125,0.290771484375,0.287841796875,0.09588623046875,0.058135986328125
6098,StutteringIsCool_80_172,0.1947021484375,0.09088134765625,0.056640625,0.191162109375,0.430419921875
6099,StutterTalk_63_57,0.072265625,0.294677734375,0.1383056640625,0.0535888671875,0.0283355712890625
6100,StutteringIsCool_62_17,0.086181640625,0.455078125,0.1412353515625,0.07421875,0.290771484375
6101,StutteringIsCool_45_22,0.1143798828125,0.1549072265625,0.01512908935546875,0.015838623046875,0.0794677734375
6102,StrongVoices_10_33,0.312744140625,0.0753173828125,0.01384735107421875,0.007289886474609375,0.16455078125
6103,IStutterSoWhat_3_151,0.439697265625,0.29638671875,0.242919921875,0.12493896484375,0.1190185546875
6104,StutterTalk_26_8,0.265869140625,0.290771484375,0.07891845703125,0.06536865234375,0.045257568359375
6105,HVSA_0_66,0.35595703125,0.16650390625,0.0282135009765625,0.0296478271484375,0.55517578125
6106,StutterTalk_58_26,0.26708984375,0.2337646484375,0.377685546875,0.267333984375,0.3046875
6107,StutterTalk_54_23,0.050811767578125,0.0872802734375,0.03448486328125,0.385986328125,0.309326171875
6108,StutterTalk_68_183,0.018646240234375,0.240966796875,0.087890625,0.1385498046875,0.07464599609375
6109,HVSA_2_119,0.06610107421875,0.1610107421875,0.08270263671875,0.232177734375,0.126220703125
6110,StrongVoices_19_36,0.06707763671875,0.0328369140625,0.0125732421875,0.06427001953125,0.2125244140625
6111,StutterTalk_3_12,0.024658203125,0.3037109375,0.355224609375,0.053497314453125,0.03643798828125
6112,WomenWhoStutter_49_30,0.06903076171875,0.0635986328125,0.0102081298828125,0.046905517578125,0.1019287109375
6113,StutteringIsCool_62_11,0.09222412109375,0.137939453125,0.0390625,0.0169219970703125,0.044281005859375
6114,StutteringIsCool_84_9,0.0182342529296875,0.10595703125,0.0970458984375,0.0255126953125,0.015899658203125
6115,MyStutteringLife_0_22,0.0413818359375,0.2166748046875,0.042022705078125,0.0374755859375,0.08880615234375
6116,WomenWhoStutter_62_103,0.055511474609375,0.06268310546875,0.01229095458984375,0.04681396484375,0.12066650390625
6117,HVSA_3_77,0.07476806640625,0.1397705078125,0.203857421875,0.253662109375,0.49169921875
6118,StrongVoices_33_26,0.1650390625,0.1766357421875,0.017913818359375,0.0189056396484375,0.11456298828125
6119,StutteringIsCool_18_38,0.0325927734375,0.11798095703125,0.07708740234375,0.134765625,0.041229248046875
6120,StutterTalk_63_43,0.0855712890625,0.255615234375,0.319580078125,0.36181640625,0.1280517578125
6121,StrongVoices_23_245,0.288330078125,0.1661376953125,0.0283355712890625,0.011871337890625,0.1766357421875
6122,StutterTalk_68_35,0.515625,0.1363525390625,0.07342529296875,0.02288818359375,0.01666259765625
6123,StutteringIsCool_45_27,0.1175537109375,0.093017578125,0.00806427001953125,0.01107025146484375,0.056121826171875
6124,StutterTalk_68_133,0.0872802734375,0.291259765625,0.132080078125,0.047149658203125,0.278564453125
6125,StutterTalk_8_186,0.056243896484375,0.071044921875,0.03302001953125,0.048309326171875,0.6220703125
6126,WomenWhoStutter_22_3,0.313232421875,0.06427001953125,0.00821685791015625,0.027587890625,0.81640625
6127,HVSA_0_16,0.11676025390625,0.1495361328125,0.04052734375,0.01332855224609375,0.0246124267578125
6128,StrongVoices_28_16,0.52099609375,0.09234619140625,0.040771484375,0.0634765625,0.8671875
6129,StutteringIsCool_73_9,0.0181884765625,0.0810546875,0.010650634765625,0.047607421875,0.0816650390625
6130,StrongVoices_12_10,0.08819580078125,0.1640625,0.023651123046875,0.02056884765625,0.0411376953125
6131,WomenWhoStutter_62_74,0.381103515625,0.2020263671875,0.07354736328125,0.1282958984375,0.31005859375
6132,HVSA_0_29,0.1544189453125,0.3671875,0.2294921875,0.0333251953125,0.12274169921875
6133,StutterTalk_7_23,0.0199127197265625,0.149169921875,0.06463623046875,0.089599609375,0.047698974609375
6134,WomenWhoStutter_35_2,0.11029052734375,0.2509765625,0.1929931640625,0.06488037109375,0.37451171875
6135,WomenWhoStutter_21_130,0.1729736328125,0.217041015625,0.050140380859375,0.0975341796875,0.2230224609375
6136,StutterTalk_79_14,0.070068359375,0.1134033203125,0.0125274658203125,0.00997161865234375,0.0299224853515625
6137,StutterTalk_23_11,0.1094970703125,0.2318115234375,0.10760498046875,0.06585693359375,0.0855712890625
6138,HVSA_2_50,0.11065673828125,0.259033203125,0.28564453125,0.16650390625,0.14697265625
6139,StutterTalk_64_164,0.265869140625,0.145751953125,0.06915283203125,0.326904296875,0.62060546875
6140,StrongVoices_2_12,0.173583984375,0.26416015625,0.0310821533203125,0.0192718505859375,0.039794921875
6141,StrongVoices_32_25,0.162109375,0.268310546875,0.0290374755859375,0.0273284912109375,0.103759765625
6142,HeStutters_7_37,0.1826171875,0.10577392578125,0.013427734375,0.01490020751953125,0.01214599609375
6143,StutterTalk_12_18,0.50537109375,0.1300048828125,0.1513671875,0.1044921875,0.1087646484375
6144,StrongVoices_9_35,0.1954345703125,0.0943603515625,0.0220794677734375,0.0139007568359375,0.1807861328125
6145,StutterTalk_8_117,0.07781982421875,0.1868896484375,0.45947265625,0.5576171875,0.53466796875
6146,WomenWhoStutter_97_188,0.0831298828125,0.31884765625,0.2178955078125,0.414306640625,0.259521484375
6147,StutteringIsCool_38_20,0.2119140625,0.4541015625,0.416748046875,0.037261962890625,0.12115478515625
6148,StutterTalk_63_91,0.1400146484375,0.294921875,0.309326171875,0.03155517578125,0.044342041015625
6149,StutterTalk_1_0,0.03594970703125,0.405517578125,0.52099609375,0.1177978515625,0.08660888671875
6150,StrongVoices_14_23,0.06982421875,0.13037109375,0.0345458984375,0.04534912109375,0.41455078125
6151,WomenWhoStutter_10_158,0.06781005859375,0.155029296875,0.0301513671875,0.06610107421875,0.288330078125
6152,HVSA_0_61,0.1929931640625,0.149658203125,0.0401611328125,0.06842041015625,0.1365966796875
6153,WomenWhoStutter_42_181,0.11297607421875,0.1614990234375,0.0101318359375,0.033721923828125,0.55126953125
6154,StrongVoices_10_210,0.048492431640625,0.38525390625,0.28466796875,0.05194091796875,0.1673583984375
6155,StrongVoices_21_89,0.11456298828125,0.28662109375,0.06500244140625,0.054412841796875,0.456298828125
6156,HeStutters_5_135,0.0943603515625,0.29345703125,0.06622314453125,0.1458740234375,0.76416015625
6157,StutterTalk_30_5,0.08197021484375,0.52001953125,0.2000732421875,0.07305908203125,0.1334228515625
6158,StutterTalk_26_114,0.045196533203125,0.148193359375,0.07684326171875,0.360107421875,0.1951904296875
6159,WomenWhoStutter_107_8,0.0728759765625,0.123046875,0.01554107666015625,0.0217742919921875,0.05987548828125
6160,WomenWhoStutter_73_9,0.4580078125,0.173828125,0.087890625,0.08251953125,0.10650634765625
6161,StutterTalk_10_19,0.0743408203125,0.10540771484375,0.01016998291015625,0.045013427734375,0.368408203125
6162,HVSA_3_94,0.07421875,0.097412109375,0.051544189453125,0.04083251953125,0.049957275390625
6163,StrongVoices_23_159,0.3203125,0.25634765625,0.177978515625,0.07598876953125,0.1990966796875
6164,HeStutters_11_40,0.126953125,0.26708984375,0.1759033203125,0.0219879150390625,0.044342041015625
6165,IStutterSoWhat_3_136,0.27392578125,0.1201171875,0.044525146484375,0.06646728515625,0.68798828125
6166,StutteringIsCool_80_3,0.0241851806640625,0.11395263671875,0.05291748046875,0.0219879150390625,0.024383544921875
6167,HVSA_1_113,0.1048583984375,0.365966796875,0.1231689453125,0.0244293212890625,0.37158203125
6168,WomenWhoStutter_86_160,0.2142333984375,0.1676025390625,0.01678466796875,0.0738525390625,0.33056640625
6169,HVSA_0_98,0.060638427734375,0.2489013671875,0.0482177734375,0.020172119140625,0.0457763671875
6170,StutterTalk_76_16,0.0535888671875,0.1279296875,0.02655029296875,0.037811279296875,0.0241851806640625
6171,HeStutters_12_103,0.05389404296875,0.126953125,0.061981201171875,0.1405029296875,0.044586181640625
6172,StutterTalk_32_35,0.1806640625,0.185791015625,0.093505859375,0.02886962890625,0.0169219970703125
6173,WomenWhoStutter_87_132,0.049224853515625,0.2069091796875,0.06488037109375,0.0457763671875,0.0333251953125
6174,IStutterSoWhat_0_105,0.07275390625,0.363525390625,0.1903076171875,0.04168701171875,0.03192138671875
6175,WomenWhoStutter_96_15,0.06500244140625,0.270263671875,0.2607421875,0.265625,0.1470947265625
6176,StrongVoices_32_57,0.16943359375,0.219482421875,0.06866455078125,0.056854248046875,0.163330078125
6177,WomenWhoStutter_108_3,0.021209716796875,0.204833984375,0.0706787109375,0.09771728515625,0.0855712890625
6178,IStutterSoWhat_0_115,0.1697998046875,0.1717529296875,0.08251953125,0.3427734375,0.456787109375
6179,StrongVoices_32_10,0.2098388671875,0.090576171875,0.0171051025390625,0.12274169921875,0.267333984375
6180,StrongVoices_23_24,0.124755859375,0.420654296875,0.1221923828125,0.022369384765625,0.0775146484375
6181,MyStutteringLife_18_11,0.107421875,0.1593017578125,0.03125,0.05865478515625,0.29638671875
6182,HeStutters_2_31,0.040618896484375,0.1033935546875,0.0244293212890625,0.04949951171875,0.0280609130859375
6183,StutterTalk_16_39,0.0521240234375,0.344970703125,0.611328125,0.1922607421875,0.07421875
6184,WomenWhoStutter_107_13,0.034698486328125,0.28466796875,0.08929443359375,0.0293731689453125,0.034027099609375
6185,StutteringIsCool_34_134,0.1329345703125,0.280029296875,0.04010009765625,0.03271484375,0.1435546875
6186,StutteringIsCool_43_8,0.318603515625,0.1019287109375,0.0330810546875,0.00937652587890625,0.0638427734375
6187,HVSA_2_81,0.0517578125,0.1373291015625,0.0889892578125,0.2529296875,0.482666015625
6188,StutterTalk_15_19,0.17236328125,0.365234375,0.403564453125,0.304443359375,0.200439453125
6189,WomenWhoStutter_108_23,0.036163330078125,0.160888671875,0.03656005859375,0.03582763671875,0.036712646484375
6190,WomenWhoStutter_21_137,0.1417236328125,0.08740234375,0.036163330078125,0.021575927734375,0.0228424072265625
6191,HVSA_3_41,0.02655029296875,0.24658203125,0.292724609375,0.1949462890625,0.1153564453125
6192,StutteringIsCool_55_35,0.08404541015625,0.075439453125,0.0089874267578125,0.0141143798828125,0.011505126953125
6193,HeStutters_11_104,0.296142578125,0.16064453125,0.0205230712890625,0.027374267578125,0.6591796875
6194,WomenWhoStutter_81_140,0.0250396728515625,0.11859130859375,0.0384521484375,0.1571044921875,0.1754150390625
6195,StutterTalk_26_176,0.037811279296875,0.05145263671875,0.0165863037109375,0.118408203125,0.06549072265625
6196,WomenWhoStutter_46_32,0.072265625,0.205078125,0.150634765625,0.2418212890625,0.472412109375
6197,StrongVoices_29_15,0.059967041015625,0.273193359375,0.12286376953125,0.0191192626953125,0.033538818359375
6198,HVSA_0_54,0.2039794921875,0.3779296875,0.640625,0.3056640625,0.16650390625
6199,StutterTalk_34_25,0.136962890625,0.13134765625,0.042633056640625,0.126220703125,0.86572265625
6200,WomenWhoStutter_82_14,0.1529541015625,0.368896484375,0.1341552734375,0.298095703125,0.165283203125
6201,StrongVoices_10_8,0.43994140625,0.0970458984375,0.04083251953125,0.0413818359375,0.169189453125
6202,IStutterSoWhat_0_67,0.018768310546875,0.1492919921875,0.03948974609375,0.03167724609375,0.044586181640625
6203,StutterTalk_36_5,0.10760498046875,0.07196044921875,0.0256195068359375,0.01678466796875,0.027740478515625
6204,StutteringIsCool_28_20,0.00933837890625,0.07208251953125,0.0171051025390625,0.0274810791015625,0.024932861328125
6205,HVSA_3_34,0.035400390625,0.115966796875,0.05145263671875,0.11181640625,0.11376953125
6206,WomenWhoStutter_107_7,0.1343994140625,0.2034912109375,0.033660888671875,0.06085205078125,0.1048583984375
6207,StutterTalk_1_2,0.61328125,0.1055908203125,0.04620361328125,0.061187744140625,0.55810546875
6208,WomenWhoStutter_97_35,0.02838134765625,0.17578125,0.398193359375,0.2027587890625,0.053802490234375
6209,StutteringIsCool_38_34,0.0240020751953125,0.055206298828125,0.0117340087890625,0.040985107421875,0.043701171875
6210,WomenWhoStutter_87_135,0.1458740234375,0.1865234375,0.0560302734375,0.07611083984375,0.890625
6211,MyStutteringLife_8_14,0.0740966796875,0.28857421875,0.0526123046875,0.1448974609375,0.1654052734375
6212,WomenWhoStutter_2_52,0.037750244140625,0.1163330078125,0.0255584716796875,0.059417724609375,0.0247039794921875
6213,WomenWhoStutter_14_76,0.484619140625,0.0872802734375,0.017852783203125,0.0165863037109375,0.51416015625
6214,WomenWhoStutter_86_108,0.243408203125,0.1351318359375,0.08209228515625,0.2149658203125,0.875
6215,StrongVoices_6_110,0.18603515625,0.2120361328125,0.0253753662109375,0.0144500732421875,0.027008056640625
6216,StutterTalk_64_94,0.1087646484375,0.11859130859375,0.029205322265625,0.2012939453125,0.49853515625
6217,WomenWhoStutter_97_157,0.08050537109375,0.14599609375,0.01024627685546875,0.0374755859375,0.053985595703125
6218,MyStutteringLife_25_22,0.357177734375,0.2215576171875,0.06243896484375,0.041534423828125,0.12176513671875
6219,WomenWhoStutter_96_193,0.021820068359375,0.208984375,0.1329345703125,0.1131591796875,0.04876708984375
6220,WomenWhoStutter_30_23,0.332275390625,0.312255859375,0.1651611328125,0.1077880859375,0.09515380859375
6221,HeStutters_10_10,0.0394287109375,0.1087646484375,0.039703369140625,0.017303466796875,0.08343505859375
6222,StutterTalk_64_174,0.239013671875,0.10357666015625,0.0215301513671875,0.0706787109375,0.9599609375
6223,WomenWhoStutter_33_36,0.11456298828125,0.349365234375,0.10357666015625,0.1246337890625,0.058013916015625
6224,StutterTalk_59_19,0.05706787109375,0.072265625,0.0535888671875,0.27197265625,0.06561279296875
6225,StutterTalk_25_134,0.10894775390625,0.33837890625,0.09368896484375,0.09912109375,0.3974609375
6226,StutterTalk_8_81,0.2269287109375,0.141357421875,0.0567626953125,0.0560302734375,0.87060546875
6227,StutterTalk_58_39,0.465087890625,0.311767578125,0.3564453125,0.11578369140625,0.2451171875
6228,StutteringIsCool_14_20,0.199951171875,0.1904296875,0.2265625,0.1177978515625,0.23388671875
6229,StutteringIsCool_69_2,0.1934814453125,0.06805419921875,0.0115966796875,0.01358795166015625,0.03656005859375
6230,WomenWhoStutter_62_150,0.287353515625,0.08447265625,0.01214599609375,0.06817626953125,0.88916015625
6231,StutterTalk_9_36,0.39013671875,0.12261962890625,0.042327880859375,0.08416748046875,0.435546875
6232,WomenWhoStutter_62_53,0.043121337890625,0.26513671875,0.317138671875,0.4609375,0.366943359375
6233,StrongVoices_23_19,0.141357421875,0.265380859375,0.0809326171875,0.019012451171875,0.0262603759765625
6234,HeStutters_5_38,0.041778564453125,0.40673828125,0.60693359375,0.3115234375,0.1507568359375
6235,WomenWhoStutter_96_29,0.07452392578125,0.456787109375,0.45751953125,0.2958984375,0.256103515625
6236,StrongVoices_32_49,0.26708984375,0.21533203125,0.08880615234375,0.0273284912109375,0.01374053955078125
6237,StutterTalk_23_37,0.0726318359375,0.138427734375,0.198974609375,0.2032470703125,0.042083740234375
6238,HeStutters_11_166,0.457763671875,0.235595703125,0.156494140625,0.270263671875,0.51611328125
6239,StutterTalk_64_30,0.05194091796875,0.17822265625,0.2322998046875,0.4658203125,0.19482421875
6240,StutterTalk_72_54,0.06964111328125,0.375732421875,0.1502685546875,0.137939453125,0.4267578125
6241,StrongVoices_4_11,0.275390625,0.217529296875,0.102294921875,0.0261993408203125,0.0189361572265625
6242,WomenWhoStutter_15_24,0.080078125,0.2330322265625,0.07464599609375,0.255126953125,0.27294921875
6243,StrongVoices_8_33,0.092041015625,0.133056640625,0.0302734375,0.012054443359375,0.0136871337890625
6244,StutteringIsCool_34_181,0.32177734375,0.1611328125,0.047088623046875,0.00787353515625,0.0224609375
6245,StutteringIsCool_38_22,0.1368408203125,0.4443359375,0.24365234375,0.06622314453125,0.05389404296875
6246,StutterTalk_64_98,0.157470703125,0.294677734375,0.248046875,0.176513671875,0.239013671875
6247,StrongVoices_10_11,0.0582275390625,0.2100830078125,0.056243896484375,0.0228424072265625,0.0242767333984375
6248,StutterTalk_25_0,0.1033935546875,0.2359619140625,0.1337890625,0.2252197265625,0.3515625
6249,WomenWhoStutter_86_9,0.0360107421875,0.16650390625,0.0535888671875,0.264892578125,0.1739501953125
6250,StutteringIsCool_23_2,0.10015869140625,0.07586669921875,0.04296875,0.0222930908203125,0.03515625
6251,MyStutteringLife_0_1,0.11962890625,0.1842041015625,0.0394287109375,0.0225067138671875,0.050994873046875
6252,StrongVoices_23_96,0.157470703125,0.3935546875,0.1783447265625,0.047607421875,0.1273193359375
6253,StrongVoices_9_29,0.1175537109375,0.164306640625,0.035675048828125,0.0196380615234375,0.03143310546875
6254,StutterTalk_22_37,0.0321044921875,0.391845703125,0.263671875,0.1544189453125,0.1563720703125
6255,StrongVoices_21_80,0.283203125,0.277587890625,0.089111328125,0.025421142578125,0.08135986328125
6256,StutterTalk_64_197,0.287841796875,0.2626953125,0.107421875,0.09857177734375,0.2430419921875
6257,WomenWhoStutter_96_144,0.125244140625,0.1746826171875,0.114990234375,0.263671875,0.1746826171875
6258,StutterTalk_16_25,0.244140625,0.120361328125,0.01512908935546875,0.01358795166015625,0.030731201171875
6259,StutteringIsCool_27_28,0.1265869140625,0.2130126953125,0.10968017578125,0.0232391357421875,0.04742431640625
6260,StutterTalk_53_33,0.03326416015625,0.267578125,0.1998291015625,0.06878662109375,0.0867919921875
6261,WomenWhoStutter_10_92,0.126708984375,0.2064208984375,0.04620361328125,0.1304931640625,0.07904052734375
6262,StrongVoices_21_71,0.1077880859375,0.056121826171875,0.0185394287109375,0.044586181640625,0.038116455078125
6263,StutteringIsCool_69_5,0.0322265625,0.08880615234375,0.0287628173828125,0.29931640625,0.5048828125
6264,StutterTalk_46_37,0.03436279296875,0.09320068359375,0.01560211181640625,0.05572509765625,0.05865478515625
6265,WomenWhoStutter_97_151,0.09771728515625,0.325439453125,0.28369140625,0.05145263671875,0.03790283203125
6266,HVSA_0_115,0.1302490234375,0.28466796875,0.1781005859375,0.198486328125,0.430419921875
6267,WomenWhoStutter_46_9,0.05560302734375,0.295654296875,0.306396484375,0.37158203125,0.60302734375
6268,HeStutters_11_189,0.058013916015625,0.233154296875,0.09588623046875,0.151123046875,0.2705078125
6269,WomenWhoStutter_30_81,0.193359375,0.1912841796875,0.115966796875,0.051544189453125,0.06268310546875
6270,StutterTalk_26_195,0.14990234375,0.2489013671875,0.1341552734375,0.3193359375,0.356201171875
6271,StutterTalk_64_168,0.147216796875,0.09967041015625,0.0222930908203125,0.05340576171875,0.09857177734375
6272,WomenWhoStutter_15_8,0.181640625,0.1610107421875,0.0616455078125,0.028106689453125,0.0223236083984375
6273,WomenWhoStutter_64_34,0.2294921875,0.1287841796875,0.04931640625,0.08343505859375,0.82666015625
6274,StrongVoices_10_187,0.274658203125,0.2454833984375,0.0810546875,0.0330810546875,0.6171875
6275,StutteringIsCool_38_35,0.178955078125,0.06683349609375,0.007843017578125,0.036346435546875,0.193603515625
6276,WomenWhoStutter_107_38,0.052337646484375,0.10650634765625,0.017181396484375,0.00815582275390625,0.0165863037109375
6277,StrongVoices_24_20,0.1739501953125,0.137939453125,0.020721435546875,0.006565093994140625,0.03143310546875
6278,WomenWhoStutter_30_142,0.10992431640625,0.07696533203125,0.0251312255859375,0.007488250732421875,0.00757598876953125
6279,StrongVoices_19_5,0.1187744140625,0.07147216796875,0.059326171875,0.1285400390625,0.1494140625
6280,StutterTalk_10_21,0.078369140625,0.156494140625,0.0220794677734375,0.015960693359375,0.01229095458984375
6281,HeStutters_19_5,0.1055908203125,0.26904296875,0.063720703125,0.034881591796875,0.1766357421875
6282,StrongVoices_12_12,0.2587890625,0.0831298828125,0.0219879150390625,0.051666259765625,0.08331298828125
6283,StrongVoices_10_78,0.219482421875,0.2763671875,0.106689453125,0.08135986328125,0.267333984375
6284,StutterTalk_8_127,0.459228515625,0.189208984375,0.262939453125,0.350341796875,0.591796875
6285,StutterTalk_25_68,0.02288818359375,0.28857421875,0.0831298828125,0.03656005859375,0.0305023193359375
6286,HeStutters_5_197,0.0165252685546875,0.1982421875,0.27685546875,0.05633544921875,0.03704833984375
6287,WomenWhoStutter_22_17,0.07684326171875,0.1697998046875,0.0295867919921875,0.03607177734375,0.0185089111328125
6288,StrongVoices_20_14,0.145751953125,0.2401123046875,0.0306243896484375,0.01129150390625,0.056640625
6289,StrongVoices_1_7,0.128662109375,0.10931396484375,0.010528564453125,0.01094818115234375,0.021087646484375
6290,WomenWhoStutter_63_22,0.421630859375,0.102294921875,0.05877685546875,0.1015625,0.059661865234375
6291,StutterTalk_7_30,0.1014404296875,0.1778564453125,0.11199951171875,0.267822265625,0.06512451171875
6292,HVSA_1_53,0.11297607421875,0.354736328125,0.12115478515625,0.0232391357421875,0.0469970703125
6293,StrongVoices_10_171,0.1318359375,0.3720703125,0.0765380859375,0.01061248779296875,0.0333251953125
6294,StrongVoices_31_35,0.095703125,0.2489013671875,0.0809326171875,0.012481689453125,0.18701171875
6295,StutterTalk_30_11,0.11859130859375,0.10760498046875,0.04083251953125,0.078369140625,0.433837890625
6296,StutterTalk_76_22,0.1346435546875,0.1268310546875,0.03216552734375,0.03167724609375,0.036773681640625
6297,IStutterSoWhat_3_150,0.14453125,0.438720703125,0.38232421875,0.07135009765625,0.217529296875
6298,StutterTalk_26_25,0.060760498046875,0.135498046875,0.0504150390625,0.2176513671875,0.3095703125
6299,HVSA_0_100,0.0816650390625,0.1851806640625,0.153076171875,0.2587890625,0.07366943359375
6300,WomenWhoStutter_87_45,0.272705078125,0.09332275390625,0.0615234375,0.07171630859375,0.054412841796875
6301,StutterTalk_38_8,0.417236328125,0.15966796875,0.08062744140625,0.1590576171875,0.242431640625
6302,StrongVoices_17_28,0.151611328125,0.275146484375,0.11614990234375,0.0225372314453125,0.05718994140625
6303,HeStutters_11_50,0.0196075439453125,0.15283203125,0.06732177734375,0.107421875,0.12188720703125
6304,StutterTalk_8_152,0.1385498046875,0.22265625,0.2303466796875,0.10467529296875,0.2425537109375
6305,StrongVoices_23_192,0.326904296875,0.18505859375,0.0210418701171875,0.0293121337890625,0.45947265625
6306,StutteringIsCool_1_25,0.1143798828125,0.32470703125,0.134033203125,0.038330078125,0.0531005859375
6307,HVSA_2_32,0.11279296875,0.140869140625,0.251953125,0.218017578125,0.12420654296875
6308,StutteringIsCool_18_39,0.1783447265625,0.16650390625,0.18115234375,0.16015625,0.7919921875
6309,StutterTalk_72_87,0.245849609375,0.28564453125,0.06768798828125,0.03643798828125,0.09124755859375
6310,StutterTalk_26_1,0.287109375,0.1763916015625,0.0274810791015625,0.0379638671875,0.35595703125
6311,HeStutters_11_56,0.186279296875,0.290283203125,0.044342041015625,0.027374267578125,0.0531005859375
6312,StutterTalk_37_96,0.09027099609375,0.12744140625,0.046478271484375,0.1121826171875,0.13330078125
6313,StutteringIsCool_62_15,0.04351806640625,0.368896484375,0.433837890625,0.03033447265625,0.036895751953125
6314,WomenWhoStutter_15_16,0.06524658203125,0.23876953125,0.0863037109375,0.0316162109375,0.021697998046875
6315,StrongVoices_10_77,0.1251220703125,0.17138671875,0.05718994140625,0.03955078125,0.2327880859375
6316,WomenWhoStutter_30_205,0.09588623046875,0.094482421875,0.0235595703125,0.017242431640625,0.0299224853515625
6317,StutterTalk_3_24,0.08526611328125,0.31982421875,0.62890625,0.2490234375,0.262451171875
6318,StrongVoices_10_22,0.295166015625,0.10650634765625,0.025421142578125,0.056976318359375,0.94189453125
6319,StutteringIsCool_80_170,0.14599609375,0.27978515625,0.08648681640625,0.0211181640625,0.02001953125
6320,WomenWhoStutter_2_46,0.0369873046875,0.09185791015625,0.007122039794921875,0.0269622802734375,0.045440673828125
6321,WomenWhoStutter_30_140,0.0386962890625,0.25537109375,0.050506591796875,0.032470703125,0.0416259765625
6322,StutterTalk_37_24,0.10321044921875,0.2335205078125,0.1851806640625,0.263916015625,0.1546630859375
6323,WomenWhoStutter_42_202,0.163330078125,0.2406005859375,0.07781982421875,0.218994140625,0.392333984375
6324,HVSA_2_120,0.10174560546875,0.194580078125,0.094482421875,0.297607421875,0.6953125
6325,WomenWhoStutter_30_0,0.087890625,0.29248046875,0.2137451171875,0.02044677734375,0.07611083984375
6326,StutteringIsCool_38_36,0.039276123046875,0.06817626953125,0.00945281982421875,0.03753662109375,0.044921875
6327,StutterTalk_64_204,0.1663818359375,0.1214599609375,0.0226287841796875,0.08709716796875,0.9775390625
6328,StrongVoices_21_189,0.167724609375,0.11395263671875,0.040924072265625,0.042816162109375,0.077392578125
6329,HVSA_1_112,0.09979248046875,0.25732421875,0.2861328125,0.059539794921875,0.034820556640625
6330,WomenWhoStutter_97_181,0.083740234375,0.2587890625,0.205810546875,0.378173828125,0.35986328125
6331,StutterTalk_12_8,0.0823974609375,0.0810546875,0.010528564453125,0.027435302734375,0.051544189453125
6332,StutterTalk_51_21,0.06512451171875,0.120849609375,0.0115966796875,0.0164031982421875,0.0169830322265625
6333,StrongVoices_8_21,0.09417724609375,0.2093505859375,0.033477783203125,0.0160980224609375,0.036163330078125
6334,StutterTalk_37_6,0.06817626953125,0.1041259765625,0.038177490234375,0.1558837890625,0.60986328125
6335,StutterTalk_38_7,0.23193359375,0.36669921875,0.2080078125,0.09967041015625,0.230712890625
6336,MyStutteringLife_22_14,0.362060546875,0.278564453125,0.182373046875,0.024383544921875,0.048126220703125
6337,StutteringIsCool_34_153,0.2335205078125,0.1251220703125,0.036163330078125,0.0531005859375,0.0496826171875
6338,WomenWhoStutter_21_184,0.2197265625,0.154296875,0.0226287841796875,0.03216552734375,0.0305023193359375
6339,StrongVoices_12_25,0.1463623046875,0.1341552734375,0.01090240478515625,0.0106964111328125,0.07904052734375
6340,WomenWhoStutter_2_17,0.1856689453125,0.36376953125,0.11163330078125,0.1278076171875,0.1279296875
6341,StutterTalk_58_19,0.147705078125,0.302490234375,0.6611328125,0.465087890625,0.354736328125
6342,StutterTalk_26_79,0.330810546875,0.1153564453125,0.045867919921875,0.06964111328125,0.051177978515625
6343,WomenWhoStutter_97_86,0.037261962890625,0.1964111328125,0.177490234375,0.2978515625,0.326416015625
6344,WomenWhoStutter_30_71,0.043121337890625,0.0809326171875,0.0089874267578125,0.0041656494140625,0.0174407958984375
6345,StutterTalk_55_18,0.047943115234375,0.11676025390625,0.0144500732421875,0.00763702392578125,0.013427734375
6346,StutterTalk_36_4,0.64501953125,0.2210693359375,0.142578125,0.07891845703125,0.1934814453125
6347,StrongVoices_21_9,0.03460693359375,0.1409912109375,0.030792236328125,0.035736083984375,0.0211639404296875
6348,HVSA_1_57,0.16357421875,0.36865234375,0.152099609375,0.0234222412109375,0.1842041015625
6349,StutteringIsCool_45_25,0.1602783203125,0.1087646484375,0.06109619140625,0.0810546875,0.030731201171875
6350,WomenWhoStutter_2_193,0.093505859375,0.28515625,0.1954345703125,0.1302490234375,0.4638671875
6351,StutterTalk_55_35,0.15380859375,0.160888671875,0.0246124267578125,0.035888671875,0.0521240234375
6352,StutteringIsCool_2_15,0.05877685546875,0.250244140625,0.281494140625,0.337646484375,0.395263671875
6353,StutteringIsCool_40_16,0.047149658203125,0.178955078125,0.07763671875,0.040771484375,0.08465576171875
6354,WomenWhoStutter_15_3,0.0439453125,0.0740966796875,0.026153564453125,0.0121917724609375,0.007549285888671875
6355,WomenWhoStutter_21_52,0.137451171875,0.204345703125,0.07806396484375,0.1842041015625,0.9208984375
6356,HVSA_1_150,0.040985107421875,0.07135009765625,0.0243377685546875,0.020721435546875,0.033477783203125
6357,MyStutteringLife_21_35,0.07122802734375,0.3564453125,0.11993408203125,0.036346435546875,0.04803466796875
6358,WomenWhoStutter_42_279,0.07586669921875,0.2117919921875,0.04327392578125,0.053009033203125,0.2462158203125
6359,StutteringIsCool_79_8,0.0703125,0.1507568359375,0.03460693359375,0.0144500732421875,0.0728759765625
6360,StrongVoices_32_184,0.05023193359375,0.279541015625,0.2310791015625,0.029541015625,0.022796630859375
6361,StutterTalk_64_136,0.0794677734375,0.10504150390625,0.0251312255859375,0.0328369140625,0.054107666015625
6362,MyStutteringLife_25_32,0.0208892822265625,0.1748046875,0.052032470703125,0.046905517578125,0.10797119140625
6363,WomenWhoStutter_14_9,0.1298828125,0.2108154296875,0.0592041015625,0.0293121337890625,0.314697265625
6364,WomenWhoStutter_14_40,0.196533203125,0.17431640625,0.07196044921875,0.033599853515625,0.016021728515625
6365,StrongVoices_23_72,0.09320068359375,0.362548828125,0.0885009765625,0.0162200927734375,0.115966796875
6366,StutterTalk_26_77,0.1094970703125,0.1087646484375,0.01116180419921875,0.037384033203125,0.0970458984375
6367,WomenWhoStutter_21_118,0.1239013671875,0.14404296875,0.0240936279296875,0.0215301513671875,0.0165252685546875
6368,StrongVoices_21_60,0.044525146484375,0.1693115234375,0.0289764404296875,0.03240966796875,0.07080078125
6369,StrongVoices_6_114,0.08416748046875,0.29541015625,0.0285491943359375,0.00861358642578125,0.07501220703125
6370,StrongVoices_9_10,0.43359375,0.152099609375,0.031494140625,0.021087646484375,0.2607421875
6371,WomenWhoStutter_10_174,0.09136962890625,0.14794921875,0.024749755859375,0.00916290283203125,0.05126953125
6372,WomenWhoStutter_97_163,0.089599609375,0.148681640625,0.129638671875,0.188720703125,0.072265625
6373,WomenWhoStutter_97_194,0.0631103515625,0.2432861328125,0.11993408203125,0.366455078125,0.47705078125
6374,StutterTalk_44_5,0.049774169921875,0.277099609375,0.30859375,0.322509765625,0.2152099609375
6375,WomenWhoStutter_30_106,0.323486328125,0.095703125,0.020416259765625,0.0279541015625,0.06634521484375
6376,StutteringIsCool_80_116,0.2109375,0.10211181640625,0.029754638671875,0.09808349609375,0.334228515625
6377,StutteringIsCool_55_28,0.06646728515625,0.07305908203125,0.0127716064453125,0.0162811279296875,0.041534423828125
6378,StrongVoices_33_1,0.0809326171875,0.2744140625,0.0755615234375,0.01934814453125,0.0252227783203125
6379,StutterTalk_15_11,0.1583251953125,0.093505859375,0.0303802490234375,0.1697998046875,0.22021484375
6380,StrongVoices_7_22,0.08868408203125,0.1656494140625,0.035491943359375,0.0177154541015625,0.017303466796875
6381,StutterTalk_0_18,0.0313720703125,0.0889892578125,0.012969970703125,0.04681396484375,0.057281494140625
6382,StrongVoices_32_127,0.11614990234375,0.377685546875,0.1171875,0.020172119140625,0.0230712890625
6383,WomenWhoStutter_49_25,0.09979248046875,0.146240234375,0.06732177734375,0.07574462890625,0.053192138671875
6384,StutterTalk_22_14,0.020172119140625,0.09173583984375,0.0214080810546875,0.0220794677734375,0.14208984375
6385,StutterTalk_26_91,0.10284423828125,0.428466796875,0.552734375,0.11065673828125,0.1328125
6386,StrongVoices_10_43,0.4501953125,0.297119140625,0.1063232421875,0.0207977294921875,0.056976318359375
6387,WomenWhoStutter_2_87,0.2425537109375,0.444580078125,0.297119140625,0.1253662109375,0.1019287109375
6388,IStutterSoWhat_0_104,0.08282470703125,0.362060546875,0.129150390625,0.167236328125,0.146484375
6389,StutteringIsCool_34_126,0.35986328125,0.242919921875,0.1236572265625,0.0472412109375,0.36865234375
6390,StutterTalk_25_144,0.052337646484375,0.19677734375,0.1505126953125,0.249755859375,0.31005859375
6391,StrongVoices_9_25,0.1666259765625,0.2548828125,0.0701904296875,0.022979736328125,0.14013671875
6392,WomenWhoStutter_96_30,0.0219879150390625,0.1094970703125,0.0328369140625,0.04876708984375,0.0189056396484375
6393,StrongVoices_10_117,0.52587890625,0.270263671875,0.0615234375,0.0229339599609375,0.063720703125
6394,WomenWhoStutter_62_156,0.1829833984375,0.414794921875,0.1617431640625,0.06268310546875,0.1270751953125
6395,StutterTalk_72_40,0.3671875,0.2548828125,0.047088623046875,0.0792236328125,0.073974609375
6396,StutteringIsCool_80_84,0.132568359375,0.077392578125,0.0165863037109375,0.0323486328125,0.0167236328125
6397,HVSA_0_55,0.2437744140625,0.215576171875,0.09283447265625,0.1177978515625,0.57373046875
6398,StutterTalk_7_1,0.08282470703125,0.10858154296875,0.021697998046875,0.0243377685546875,0.047698974609375
6399,HVSA_2_129,0.1019287109375,0.11199951171875,0.1561279296875,0.0259552001953125,0.0278472900390625
6400,StrongVoices_5_22,0.08868408203125,0.14599609375,0.017303466796875,0.0078125,0.0280609130859375
6401,WomenWhoStutter_62_47,0.05194091796875,0.1751708984375,0.035614013671875,0.1910400390625,0.2410888671875
6402,StutteringIsCool_80_103,0.16015625,0.193603515625,0.1221923828125,0.13037109375,0.1558837890625
6403,HeStutters_11_63,0.0635986328125,0.1317138671875,0.033477783203125,0.03216552734375,0.136474609375
6404,StutteringIsCool_18_0,0.09271240234375,0.2110595703125,0.342529296875,0.460205078125,0.123046875
6405,HVSA_2_136,0.0574951171875,0.1300048828125,0.2083740234375,0.259521484375,0.177001953125
6406,StutteringIsCool_18_35,0.06842041015625,0.1295166015625,0.1175537109375,0.321044921875,0.701171875
6407,HeStutters_19_114,0.047149658203125,0.177001953125,0.0229339599609375,0.0125732421875,0.039947509765625
6408,IStutterSoWhat_0_46,0.1702880859375,0.28955078125,0.07354736328125,0.03289794921875,0.029754638671875
6409,StutterTalk_63_19,0.0330810546875,0.361083984375,0.08770751953125,0.03173828125,0.07135009765625
6410,StrongVoices_32_201,0.1917724609375,0.2239990234375,0.039276123046875,0.0161590576171875,0.040374755859375
6411,WomenWhoStutter_21_74,0.2264404296875,0.12054443359375,0.021209716796875,0.0094146728515625,0.1357421875
6412,StutteringIsCool_76_8,0.06829833984375,0.10687255859375,0.087890625,0.1470947265625,0.038909912109375
6413,StrongVoices_6_204,0.274169921875,0.1778564453125,0.01384735107421875,0.024749755859375,0.07501220703125
6414,StutterTalk_3_11,0.02630615234375,0.366943359375,0.482421875,0.0704345703125,0.08587646484375
6415,WomenWhoStutter_62_80,0.26806640625,0.2919921875,0.140869140625,0.1737060546875,0.4638671875
6416,StutterTalk_0_20,0.219970703125,0.262939453125,0.0889892578125,0.03790283203125,0.1929931640625
6417,WomenWhoStutter_86_133,0.1396484375,0.10894775390625,0.01519012451171875,0.047607421875,0.68359375
6418,HVSA_2_70,0.09332275390625,0.093505859375,0.0205230712890625,0.120361328125,0.1512451171875
6419,WomenWhoStutter_42_138,0.140869140625,0.1480712890625,0.0261993408203125,0.011505126953125,0.07354736328125
6420,StutterTalk_48_14,0.0283355712890625,0.10931396484375,0.0239105224609375,0.0196380615234375,0.0231475830078125
6421,StrongVoices_28_15,0.1402587890625,0.10894775390625,0.02606201171875,0.02001953125,0.0177764892578125
6422,StutteringIsCool_33_5,0.126953125,0.10687255859375,0.06939697265625,0.09173583984375,0.0810546875
6423,StutterTalk_16_21,0.12493896484375,0.110107421875,0.0199432373046875,0.047149658203125,0.94580078125
6424,StutteringIsCool_50_13,0.3095703125,0.183349609375,0.04052734375,0.038330078125,0.66650390625
6425,WomenWhoStutter_58_27,0.0305633544921875,0.18603515625,0.0482177734375,0.0251312255859375,0.06695556640625
6426,HeStutters_11_54,0.07598876953125,0.2139892578125,0.045684814453125,0.06097412109375,0.92041015625
6427,WomenWhoStutter_87_34,0.163330078125,0.10107421875,0.045867919921875,0.1251220703125,0.294921875
6428,StutterTalk_16_16,0.154052734375,0.164306640625,0.07891845703125,0.0202484130859375,0.04351806640625
6429,WomenWhoStutter_83_11,0.09771728515625,0.06719970703125,0.011871337890625,0.0728759765625,0.1876220703125
6430,StrongVoices_23_122,0.25048828125,0.1904296875,0.0305023193359375,0.0224609375,0.063720703125
6431,StutterTalk_37_176,0.08819580078125,0.07879638671875,0.0221099853515625,0.11614990234375,0.1512451171875
6432,WomenWhoStutter_46_25,0.20068359375,0.23095703125,0.1383056640625,0.06964111328125,0.1331787109375
6433,StutteringIsCool_17_7,0.124755859375,0.290283203125,0.50537109375,0.464599609375,0.44677734375
6434,WomenWhoStutter_97_55,0.10052490234375,0.280517578125,0.4345703125,0.6748046875,0.430419921875
6435,StutteringIsCool_23_17,0.050811767578125,0.07489013671875,0.01837158203125,0.017852783203125,0.185546875
6436,WomenWhoStutter_33_9,0.1187744140625,0.1739501953125,0.0855712890625,0.07196044921875,0.11163330078125
6437,HeStutters_16_135,0.1983642578125,0.0723876953125,0.0193023681640625,0.03985595703125,0.05792236328125
6438,WomenWhoStutter_21_195,0.05877685546875,0.17529296875,0.150390625,0.041534423828125,0.0162200927734375
6439,WomenWhoStutter_2_56,0.2509765625,0.2257080078125,0.03173828125,0.0165863037109375,0.0240478515625
6440,StrongVoices_5_38,0.11297607421875,0.5029296875,0.2254638671875,0.052520751953125,0.049591064453125
6441,StrongVoices_33_15,0.0953369140625,0.06903076171875,0.01242828369140625,0.01090240478515625,0.01525115966796875
6442,StrongVoices_21_45,0.0836181640625,0.08062744140625,0.01422882080078125,0.136474609375,0.1942138671875
6443,WomenWhoStutter_2_45,0.1240234375,0.07489013671875,0.00933837890625,0.030670166015625,0.865234375
6444,WomenWhoStutter_12_8,0.162109375,0.202880859375,0.038177490234375,0.025909423828125,0.0567626953125
6445,StrongVoices_32_60,0.418701171875,0.2384033203125,0.04681396484375,0.0199127197265625,0.050811767578125
6446,HeStutters_2_186,0.033203125,0.27392578125,0.13427734375,0.1358642578125,0.583984375
6447,StutterTalk_63_158,0.30908203125,0.206298828125,0.0282135009765625,0.01024627685546875,0.05780029296875
6448,StrongVoices_21_86,0.1787109375,0.258056640625,0.058563232421875,0.047882080078125,0.84814453125
6449,WomenWhoStutter_2_84,0.10015869140625,0.2105712890625,0.1190185546875,0.11676025390625,0.07891845703125
6450,HeStutters_19_13,0.126220703125,0.1510009765625,0.024139404296875,0.033599853515625,0.0531005859375
6451,HeStutters_16_93,0.53955078125,0.193115234375,0.1505126953125,0.116943359375,0.199951171875
6452,WomenWhoStutter_87_173,0.053497314453125,0.147705078125,0.0703125,0.27197265625,0.1761474609375
6453,StutteringIsCool_49_19,0.370361328125,0.335693359375,0.1593017578125,0.0229339599609375,0.05633544921875
6454,WomenWhoStutter_96_9,0.044586181640625,0.1973876953125,0.15966796875,0.5537109375,0.513671875
6455,StutterTalk_64_100,0.0751953125,0.1251220703125,0.11553955078125,0.334228515625,0.12103271484375
6456,StutteringIsCool_55_19,0.0755615234375,0.427734375,0.185791015625,0.014007568359375,0.056640625
6457,IStutterSoWhat_0_127,0.0728759765625,0.383056640625,0.4072265625,0.08929443359375,0.04510498046875
6458,HVSA_2_144,0.06744384765625,0.14501953125,0.04083251953125,0.1175537109375,0.90966796875
6459,HeStutters_16_3,0.546875,0.1429443359375,0.06646728515625,0.1685791015625,0.234375
6460,WomenWhoStutter_97_66,0.049407958984375,0.1947021484375,0.0289306640625,0.1063232421875,0.10052490234375
6461,HVSA_3_172,0.79736328125,0.1788330078125,0.232666015625,0.05718994140625,0.0850830078125
6462,MyStutteringLife_21_28,0.047943115234375,0.2474365234375,0.1187744140625,0.0310821533203125,0.0301513671875
6463,StutterTalk_59_32,0.024993896484375,0.07452392578125,0.015899658203125,0.08209228515625,0.07122802734375
6464,StutteringIsCool_27_31,0.1727294921875,0.351318359375,0.276123046875,0.1044921875,0.179443359375
6465,StutterTalk_26_155,0.0121917724609375,0.14306640625,0.064208984375,0.11993408203125,0.05389404296875
6466,StutteringIsCool_60_32,0.274658203125,0.1087646484375,0.043365478515625,0.08062744140625,0.0704345703125
6467,WomenWhoStutter_96_195,0.0738525390625,0.181640625,0.050140380859375,0.037109375,0.202880859375
6468,HVSA_3_124,0.32958984375,0.2454833984375,0.32421875,0.186279296875,0.1771240234375
6469,StrongVoices_19_35,0.247314453125,0.1707763671875,0.082275390625,0.046539306640625,0.07080078125
6470,StutterTalk_76_37,0.7451171875,0.152099609375,0.1383056640625,0.04376220703125,0.41259765625
6471,HeStutters_10_13,0.2156982421875,0.174072265625,0.126708984375,0.10504150390625,0.1163330078125
6472,WomenWhoStutter_29_0,0.2138671875,0.12445068359375,0.03338623046875,0.044769287109375,0.8486328125
6473,StutteringIsCool_46_32,0.109130859375,0.196533203125,0.01751708984375,0.019012451171875,0.12890625
6474,StrongVoices_6_30,0.148681640625,0.1488037109375,0.021942138671875,0.04351806640625,0.5595703125
6475,StutterTalk_63_31,0.187744140625,0.232177734375,0.03179931640625,0.0869140625,0.54296875
6476,WomenWhoStutter_2_6,0.336669921875,0.359130859375,0.093994140625,0.06610107421875,0.243408203125
6477,StrongVoices_32_109,0.11578369140625,0.2486572265625,0.0592041015625,0.006389617919921875,0.019561767578125
6478,StutterTalk_37_10,0.423828125,0.1710205078125,0.048858642578125,0.105224609375,0.1827392578125
6479,HVSA_3_205,0.128662109375,0.12127685546875,0.036773681640625,0.038970947265625,0.0850830078125
6480,StutterTalk_15_25,0.0374755859375,0.083740234375,0.0092315673828125,0.0552978515625,0.11614990234375
6481,StutterTalk_64_50,0.090087890625,0.11102294921875,0.0174407958984375,0.123779296875,0.87841796875
6482,StrongVoices_7_10,0.07861328125,0.133056640625,0.021820068359375,0.037200927734375,0.054412841796875
6483,StrongVoices_19_1,0.092529296875,0.07794189453125,0.01036834716796875,0.01507568359375,0.07159423828125
6484,StutterTalk_22_9,0.1990966796875,0.230224609375,0.380615234375,0.179443359375,0.2135009765625
6485,WomenWhoStutter_90_14,0.0293731689453125,0.2646484375,0.408203125,0.2235107421875,0.1055908203125
6486,HeStutters_2_99,0.271728515625,0.465576171875,0.3876953125,0.19091796875,0.28271484375
6487,StutterTalk_64_121,0.06610107421875,0.10174560546875,0.042877197265625,0.0765380859375,0.76904296875
6488,HVSA_2_41,0.1668701171875,0.247314453125,0.401123046875,0.045867919921875,0.07904052734375
6489,StrongVoices_32_48,0.146728515625,0.165771484375,0.045257568359375,0.034820556640625,0.02532958984375
6490,StrongVoices_5_12,0.6328125,0.1903076171875,0.06451416015625,0.018096923828125,0.05242919921875
6491,WomenWhoStutter_13_22,0.181640625,0.42578125,0.091552734375,0.0180206298828125,0.0341796875
6492,WomenWhoStutter_86_107,0.09271240234375,0.166259765625,0.03314208984375,0.1844482421875,0.493896484375
6493,StrongVoices_1_1,0.156982421875,0.1534423828125,0.0831298828125,0.0306243896484375,0.01678466796875
6494,StrongVoices_32_108,0.392333984375,0.1590576171875,0.0240478515625,0.034881591796875,0.0802001953125
6495,StutterTalk_8_6,0.0241851806640625,0.133056640625,0.09588623046875,0.07794189453125,0.10107421875
6496,StrongVoices_21_63,0.047149658203125,0.150634765625,0.080078125,0.0521240234375,0.07330322265625
6497,HeStutters_11_140,0.336669921875,0.14111328125,0.06463623046875,0.177490234375,0.89990234375
6498,StrongVoices_21_85,0.236572265625,0.106689453125,0.0238189697265625,0.06451416015625,0.89013671875
6499,StrongVoices_23_240,0.0312042236328125,0.2100830078125,0.035400390625,0.0239105224609375,0.0552978515625
6500,HVSA_0_92,0.1063232421875,0.1104736328125,0.07861328125,0.0706787109375,0.0855712890625
6501,StrongVoices_27_25,0.1890869140625,0.253173828125,0.0379638671875,0.023773193359375,0.0784912109375
6502,WomenWhoStutter_8_34,0.09893798828125,0.3564453125,0.4404296875,0.12188720703125,0.478759765625
6503,WomenWhoStutter_87_131,0.34716796875,0.1104736328125,0.018798828125,0.059112548828125,0.8134765625
6504,StutterTalk_8_102,0.028656005859375,0.0970458984375,0.05511474609375,0.073974609375,0.3271484375
6505,WomenWhoStutter_81_110,0.0982666015625,0.14013671875,0.03955078125,0.1978759765625,0.41796875
6506,HVSA_1_21,0.05792236328125,0.178466796875,0.056976318359375,0.01267242431640625,0.02191162109375
6507,StutterTalk_63_169,0.168212890625,0.24853515625,0.09173583984375,0.05975341796875,0.10504150390625
6508,StutterTalk_37_169,0.2467041015625,0.07794189453125,0.02337646484375,0.08978271484375,0.7978515625
6509,StutterTalk_25_16,0.0203399658203125,0.0816650390625,0.0235137939453125,0.10302734375,0.0640869140625
6510,StrongVoices_6_113,0.145751953125,0.404541015625,0.06597900390625,0.043121337890625,0.0975341796875
6511,MyStutteringLife_21_10,0.09320068359375,0.1993408203125,0.021484375,0.011199951171875,0.059112548828125
6512,StrongVoices_14_27,0.02288818359375,0.050811767578125,0.009857177734375,0.042327880859375,0.04132080078125
6513,StutteringIsCool_34_152,0.1055908203125,0.388671875,0.1905517578125,0.0830078125,0.092041015625
6514,StutterTalk_12_14,0.2137451171875,0.10614013671875,0.0521240234375,0.08404541015625,0.06439208984375
6515,StutterTalk_1_1,0.23681640625,0.35595703125,0.1351318359375,0.0322265625,0.106689453125
6516,HeStutters_11_39,0.03753662109375,0.18994140625,0.029144287109375,0.13427734375,0.132568359375
6517,StrongVoices_10_191,0.3388671875,0.187744140625,0.0318603515625,0.034088134765625,0.2509765625
6518,HVSA_3_82,0.45068359375,0.308837890625,0.158203125,0.046630859375,0.0496826171875
6519,StutterTalk_1_16,0.169189453125,0.1654052734375,0.033599853515625,0.10858154296875,0.9091796875
6520,StrongVoices_21_69,0.07501220703125,0.18505859375,0.1463623046875,0.179931640625,0.057373046875
6521,StrongVoices_32_50,0.66748046875,0.25732421875,0.336669921875,0.06451416015625,0.04534912109375
6522,IStutterSoWhat_3_3,0.10760498046875,0.389404296875,0.384521484375,0.05145263671875,0.13134765625
6523,HeStutters_18_140,0.04986572265625,0.045867919921875,0.01262664794921875,0.1328125,0.301025390625
6524,StutterTalk_8_120,0.08135986328125,0.2166748046875,0.141845703125,0.09967041015625,0.21142578125
6525,StutteringIsCool_47_9,0.044677734375,0.092529296875,0.01519012451171875,0.09222412109375,0.279296875
6526,WomenWhoStutter_96_147,0.09637451171875,0.265625,0.2264404296875,0.274169921875,0.318603515625
6527,StutterTalk_68_41,0.06927490234375,0.4716796875,0.335205078125,0.1700439453125,0.1357421875
6528,StutterTalk_29_12,0.03265380859375,0.1568603515625,0.0141754150390625,0.0282745361328125,0.3388671875
6529,StutteringIsCool_28_5,0.149169921875,0.11474609375,0.03662109375,0.1087646484375,0.94873046875
6530,MyStutteringLife_1_12,0.059967041015625,0.308837890625,0.2188720703125,0.1446533203125,0.242919921875
6531,WomenWhoStutter_97_7,0.1326904296875,0.10687255859375,0.023284912109375,0.071044921875,0.94580078125
6532,StutteringIsCool_75_38,0.200439453125,0.1014404296875,0.0173797607421875,0.07611083984375,0.279052734375
6533,WomenWhoStutter_2_128,0.030670166015625,0.23583984375,0.054290771484375,0.06439208984375,0.1436767578125
6534,StrongVoices_27_18,0.2213134765625,0.115966796875,0.02532958984375,0.030731201171875,0.30517578125
6535,WomenWhoStutter_21_172,0.06829833984375,0.0755615234375,0.0164642333984375,0.0087127685546875,0.0227203369140625
6536,StrongVoices_25_9,0.5849609375,0.2340087890625,0.05194091796875,0.03302001953125,0.497802734375
6537,HVSA_2_35,0.04345703125,0.09185791015625,0.04217529296875,0.09332275390625,0.11968994140625
6538,StrongVoices_9_34,0.1458740234375,0.239501953125,0.1015625,0.01214599609375,0.0153656005859375
6539,HeStutters_5_139,0.04986572265625,0.431396484375,0.58251953125,0.1878662109375,0.1295166015625
6540,StutterTalk_8_138,0.0794677734375,0.215576171875,0.158447265625,0.06439208984375,0.3203125
6541,StutterTalk_22_38,0.037200927734375,0.14306640625,0.00926971435546875,0.01395416259765625,0.040374755859375
6542,StutterTalk_36_3,0.0260009765625,0.266357421875,0.346923828125,0.1705322265625,0.063232421875
6543,WomenWhoStutter_86_100,0.034423828125,0.216064453125,0.08709716796875,0.360107421875,0.440673828125
6544,WomenWhoStutter_21_62,0.11859130859375,0.275390625,0.281982421875,0.2744140625,0.0709228515625
6545,StutteringIsCool_14_13,0.07598876953125,0.10614013671875,0.182861328125,0.08648681640625,0.07861328125
6546,WomenWhoStutter_2_162,0.314453125,0.251220703125,0.1837158203125,0.11395263671875,0.0849609375
6547,HeStutters_18_97,0.35009765625,0.16015625,0.06231689453125,0.152099609375,0.8876953125
6548,WomenWhoStutter_87_1,0.11798095703125,0.1541748046875,0.025421142578125,0.021942138671875,0.06671142578125
6549,WomenWhoStutter_30_89,0.11553955078125,0.08990478515625,0.01214599609375,0.021087646484375,0.72607421875
6550,StutterTalk_16_8,0.30126953125,0.1514892578125,0.045867919921875,0.039337158203125,0.06744384765625
6551,StutterTalk_58_31,0.050140380859375,0.2783203125,0.1259765625,0.040313720703125,0.0753173828125
6552,StutteringIsCool_80_206,0.020965576171875,0.130859375,0.128662109375,0.13427734375,0.06719970703125
6553,WomenWhoStutter_2_7,0.11517333984375,0.1776123046875,0.061767578125,0.028167724609375,0.027069091796875
6554,WomenWhoStutter_8_30,0.1531982421875,0.416259765625,0.39111328125,0.0207977294921875,0.0504150390625
6555,HVSA_2_126,0.1629638671875,0.0699462890625,0.02752685546875,0.072265625,0.71826171875
