,Clip,Prolongation,Block,SoundRep,WordRep,Interjection
0,M_0030_16y4m_1_dysfluent_000,0.08990478515625,0.2242431640625,0.06646728515625,0.0208892822265625,0.040924072265625
1,M_0030_16y4m_1_dysfluent_001,0.08990478515625,0.2239990234375,0.06634521484375,0.0207977294921875,0.04083251953125
2,M_0030_16y4m_1_dysfluent_002,0.1287841796875,0.315673828125,0.1240234375,0.029083251953125,0.05450439453125
3,M_0030_16y4m_1_dysfluent_003,0.196533203125,0.182861328125,0.0374755859375,0.0189056396484375,0.050323486328125
4,M_0030_16y4m_1_dysfluent_004,0.135986328125,0.09124755859375,0.09124755859375,0.1458740234375,0.322509765625
5,M_0030_16y4m_1_dysfluent_005,0.2734375,0.12054443359375,0.06646728515625,0.1044921875,0.281982421875
6,M_0030_16y4m_1_dysfluent_006,0.0836181640625,0.1373291015625,0.1007080078125,0.054290771484375,0.051544189453125
7,M_0030_16y4m_1_dysfluent_007,0.22119140625,0.1448974609375,0.058990478515625,0.033538818359375,0.68359375
8,M_0030_16y4m_1_dysfluent_008,0.329833984375,0.1688232421875,0.060760498046875,0.039947509765625,0.837890625
9,M_0030_16y4m_1_dysfluent_009,0.392333984375,0.1865234375,0.07354736328125,0.043212890625,0.8193359375
10,M_0030_16y4m_1_dysfluent_010,0.32177734375,0.184814453125,0.060760498046875,0.0460205078125,0.86865234375
11,M_0030_16y4m_1_dysfluent_011,0.08978271484375,0.1966552734375,0.0304412841796875,0.011688232421875,0.029541015625
12,M_0030_16y4m_1_dysfluent_012,0.060089111328125,0.171630859375,0.058441162109375,0.02215576171875,0.0831298828125
13,M_0030_16y4m_1_dysfluent_013,0.1114501953125,0.143798828125,0.025665283203125,0.018402099609375,0.28173828125
14,M_0030_16y4m_1_dysfluent_014,0.1737060546875,0.1033935546875,0.0142822265625,0.0141754150390625,0.06622314453125
15,M_0030_16y4m_1_dysfluent_015,0.10577392578125,0.131591796875,0.053985595703125,0.029815673828125,0.11614990234375
16,M_0030_16y4m_1_dysfluent_016,0.05572509765625,0.1187744140625,0.039947509765625,0.0257568359375,0.1302490234375
17,M_0030_16y4m_1_dysfluent_017,0.1427001953125,0.2166748046875,0.207275390625,0.2481689453125,0.78076171875
18,M_0030_16y4m_1_dysfluent_018,0.09368896484375,0.171875,0.08331298828125,0.0517578125,0.6181640625
19,M_0030_16y4m_1_dysfluent_019,0.05572509765625,0.1114501953125,0.1571044921875,0.046295166015625,0.059417724609375
20,M_0030_16y4m_1_dysfluent_020,0.2489013671875,0.337890625,0.189697265625,0.057708740234375,0.7822265625
21,M_0030_16y4m_1_dysfluent_021,0.1461181640625,0.2108154296875,0.09222412109375,0.04107666015625,0.76904296875
22,M_0030_16y4m_1_dysfluent_022,0.1451416015625,0.169677734375,0.07684326171875,0.04248046875,0.77294921875
23,M_0030_16y4m_1_dysfluent_023,0.025909423828125,0.0975341796875,0.0345458984375,0.050140380859375,0.154052734375
24,M_0030_16y4m_1_dysfluent_024,0.034820556640625,0.06646728515625,0.01029205322265625,0.0292510986328125,0.11419677734375
25,M_0030_16y4m_1_dysfluent_025,0.031494140625,0.0965576171875,0.0364990234375,0.023193359375,0.039337158203125
26,M_0030_16y4m_1_dysfluent_026,0.03985595703125,0.08270263671875,0.022979736328125,0.0867919921875,0.36181640625
27,M_0030_16y4m_1_dysfluent_027,0.055206298828125,0.0809326171875,0.0592041015625,0.10650634765625,0.08416748046875
28,M_0030_16y4m_1_dysfluent_028,0.1864013671875,0.07977294921875,0.0202484130859375,0.11260986328125,0.751953125
29,M_0030_16y4m_1_dysfluent_029,0.049407958984375,0.0753173828125,0.01384735107421875,0.08209228515625,0.546875
30,M_0030_16y4m_1_dysfluent_030,0.10797119140625,0.097900390625,0.049041748046875,0.15380859375,0.599609375
31,M_0030_16y4m_1_dysfluent_031,0.408203125,0.160888671875,0.055206298828125,0.083740234375,0.806640625
32,M_0030_16y4m_1_dysfluent_032,0.392578125,0.1495361328125,0.04327392578125,0.053314208984375,0.61474609375
33,M_0030_16y4m_1_dysfluent_033,0.1094970703125,0.1015625,0.0301055908203125,0.0205230712890625,0.2445068359375
34,M_0030_16y4m_1_dysfluent_034,0.09088134765625,0.08648681640625,0.0115509033203125,0.01678466796875,0.08599853515625
35,M_0030_16y4m_1_dysfluent_035,0.06549072265625,0.1195068359375,0.06427001953125,0.08123779296875,0.4423828125
36,M_0030_16y4m_1_dysfluent_036,0.05242919921875,0.166015625,0.0823974609375,0.04534912109375,0.357421875
37,M_0030_16y4m_1_dysfluent_037,0.23779296875,0.2020263671875,0.039642333984375,0.0330810546875,0.66162109375
38,M_0030_16y4m_1_dysfluent_038,0.2381591796875,0.2017822265625,0.039642333984375,0.03314208984375,0.662109375
39,M_0030_16y4m_1_dysfluent_039,0.07574462890625,0.1318359375,0.036834716796875,0.043853759765625,0.413818359375
40,M_0030_16y4m_1_dysfluent_040,0.150634765625,0.11962890625,0.0242767333984375,0.0253753662109375,0.188720703125
41,M_0030_16y4m_1_dysfluent_041,0.150390625,0.11962890625,0.02423095703125,0.0253753662109375,0.18896484375
42,M_0030_16y4m_1_dysfluent_042,0.2198486328125,0.153564453125,0.06292724609375,0.033966064453125,0.038909912109375
43,M_0030_16y4m_1_dysfluent_043,0.064208984375,0.10174560546875,0.057373046875,0.09417724609375,0.5625
44,M_0030_16y4m_1_dysfluent_044,0.09771728515625,0.1669921875,0.073974609375,0.07196044921875,0.53515625
45,M_0030_16y4m_1_dysfluent_045,0.1658935546875,0.171630859375,0.1055908203125,0.1014404296875,0.69482421875
46,M_0030_16y4m_1_dysfluent_046,0.09417724609375,0.06964111328125,0.04779052734375,0.1087646484375,0.75146484375
47,M_0030_16y4m_1_dysfluent_047,0.1480712890625,0.10321044921875,0.0282745361328125,0.027435302734375,0.2451171875
48,M_0030_16y4m_1_dysfluent_048,0.26806640625,0.094482421875,0.030792236328125,0.0231475830078125,0.2327880859375
49,M_0030_16y4m_1_dysfluent_049,0.135986328125,0.2286376953125,0.09686279296875,0.0139007568359375,0.0802001953125
50,M_0030_16y4m_1_dysfluent_050,0.26171875,0.1727294921875,0.050048828125,0.036346435546875,0.80615234375
51,M_0030_16y4m_1_dysfluent_051,0.362548828125,0.291259765625,0.1632080078125,0.045013427734375,0.724609375
52,M_0030_16y4m_1_dysfluent_052,0.244873046875,0.15380859375,0.06549072265625,0.07781982421875,0.8984375
53,M_0030_16y4m_1_dysfluent_053,0.09136962890625,0.2158203125,0.15625,0.08251953125,0.0300445556640625
54,M_0030_16y4m_1_dysfluent_054,0.08538818359375,0.10107421875,0.036163330078125,0.026763916015625,0.033905029296875
55,M_0030_16y4m_1_dysfluent_055,0.288330078125,0.279541015625,0.242919921875,0.085693359375,0.611328125
56,M_0030_16y4m_1_dysfluent_056,0.1767578125,0.228515625,0.154296875,0.06707763671875,0.7021484375
57,M_0030_16y4m_1_dysfluent_057,0.2047119140625,0.144287109375,0.02947998046875,0.02215576171875,0.7099609375
58,M_0030_16y4m_1_dysfluent_058,0.307861328125,0.185791015625,0.051177978515625,0.0369873046875,0.85546875
59,M_0030_16y4m_1_dysfluent_059,0.33154296875,0.1866455078125,0.06585693359375,0.0457763671875,0.8701171875
60,M_0030_16y4m_1_dysfluent_060,0.2286376953125,0.26220703125,0.205322265625,0.056976318359375,0.75634765625
61,M_0030_16y4m_1_dysfluent_061,0.136962890625,0.1719970703125,0.0885009765625,0.042083740234375,0.74951171875
62,M_0030_16y4m_1_dysfluent_062,0.34130859375,0.1727294921875,0.0836181640625,0.06451416015625,0.84521484375
63,M_0030_16y4m_1_dysfluent_063,0.40966796875,0.19482421875,0.0738525390625,0.05499267578125,0.84619140625
64,M_0030_16y4m_1_dysfluent_064,0.409423828125,0.19482421875,0.073974609375,0.05511474609375,0.84619140625
65,M_0030_16y4m_1_dysfluent_065,0.2213134765625,0.2232666015625,0.07684326171875,0.0285491943359375,0.576171875
66,M_0030_16y4m_1_dysfluent_066,0.2286376953125,0.1715087890625,0.042572021484375,0.023284912109375,0.654296875
67,M_0030_16y4m_1_dysfluent_067,0.1639404296875,0.13623046875,0.0211639404296875,0.012969970703125,0.35595703125
68,M_0030_16y4m_1_dysfluent_068,0.339599609375,0.1463623046875,0.0292510986328125,0.0283355712890625,0.76904296875
69,M_0030_16y4m_1_dysfluent_069,0.024139404296875,0.0775146484375,0.040374755859375,0.078369140625,0.0775146484375
70,M_0030_16y4m_1_dysfluent_070,0.03656005859375,0.08343505859375,0.03271484375,0.0282135009765625,0.0439453125
71,M_0030_16y4m_1_dysfluent_071,0.0352783203125,0.08465576171875,0.0333251953125,0.027069091796875,0.04949951171875
72,M_0030_16y4m_1_dysfluent_072,0.056976318359375,0.1519775390625,0.11920166015625,0.0948486328125,0.275634765625
73,M_0030_16y4m_1_dysfluent_073,0.05194091796875,0.17138671875,0.186279296875,0.152587890625,0.2391357421875
74,M_0030_16y4m_1_dysfluent_074,0.05194091796875,0.171142578125,0.1864013671875,0.1527099609375,0.23974609375
75,M_0030_16y4m_1_dysfluent_075,0.082275390625,0.26806640625,0.3505859375,0.15185546875,0.2080078125
76,M_0030_16y4m_1_dysfluent_076,0.0823974609375,0.2685546875,0.351318359375,0.152099609375,0.2076416015625
77,M_0030_16y4m_1_dysfluent_077,0.046630859375,0.189697265625,0.1822509765625,0.1251220703125,0.0489501953125
78,M_0030_16y4m_1_dysfluent_078,0.36328125,0.1446533203125,0.058990478515625,0.06964111328125,0.904296875
79,M_0030_16y4m_1_dysfluent_079,0.2413330078125,0.152587890625,0.1524658203125,0.1728515625,0.57275390625
80,M_0030_16y4m_1_dysfluent_080,0.10394287109375,0.296630859375,0.2841796875,0.218994140625,0.1983642578125
81,M_0030_16y4m_1_dysfluent_081,0.04913330078125,0.144287109375,0.1395263671875,0.30126953125,0.28271484375
82,M_0030_16y4m_1_dysfluent_082,0.1260986328125,0.12286376953125,0.0521240234375,0.0200653076171875,0.05511474609375
83,M_0030_16y4m_1_dysfluent_083,0.0638427734375,0.09893798828125,0.045196533203125,0.029205322265625,0.129150390625
84,M_0030_16y4m_1_dysfluent_084,0.1331787109375,0.1708984375,0.1044921875,0.0301513671875,0.1304931640625
85,M_0030_16y4m_1_dysfluent_085,0.1474609375,0.12200927734375,0.0290374755859375,0.0224151611328125,0.09185791015625
86,M_0030_16y4m_1_dysfluent_086,0.09637451171875,0.13818359375,0.0246124267578125,0.01016998291015625,0.017181396484375
87,M_0030_16y4m_1_dysfluent_087,0.16943359375,0.1356201171875,0.03253173828125,0.012481689453125,0.0310211181640625
88,M_0030_16y4m_1_dysfluent_088,0.20703125,0.2015380859375,0.0369873046875,0.01287078857421875,0.103759765625
89,M_0030_16y4m_1_dysfluent_089,0.1806640625,0.17822265625,0.0521240234375,0.0137939453125,0.041534423828125
90,M_0030_16y4m_1_dysfluent_090,0.12939453125,0.2978515625,0.36767578125,0.06781005859375,0.1971435546875
91,M_0030_16y4m_1_dysfluent_091,0.08758544921875,0.1983642578125,0.1737060546875,0.0634765625,0.2108154296875
92,M_0030_16y4m_1_dysfluent_092,0.0823974609375,0.2000732421875,0.21435546875,0.0582275390625,0.1715087890625
93,M_0030_16y4m_1_dysfluent_093,0.10467529296875,0.265869140625,0.287109375,0.1087646484375,0.145751953125
94,M_0030_16y4m_1_dysfluent_094,0.0743408203125,0.11163330078125,0.035552978515625,0.03759765625,0.14208984375
95,M_0030_16y4m_1_dysfluent_095,0.397705078125,0.136474609375,0.042388916015625,0.07147216796875,0.87255859375
96,M_0030_16y4m_1_dysfluent_096,0.485595703125,0.150146484375,0.04534912109375,0.051361083984375,0.8515625
97,M_0030_16y4m_1_dysfluent_097,0.1121826171875,0.1307373046875,0.059112548828125,0.017181396484375,0.058990478515625
98,M_0030_16y4m_1_dysfluent_098,0.2083740234375,0.1324462890625,0.028167724609375,0.0125274658203125,0.04248046875
99,M_0030_16y4m_1_dysfluent_099,0.12445068359375,0.09222412109375,0.0311431884765625,0.0289764404296875,0.0574951171875
100,M_0030_16y4m_1_dysfluent_100,0.09588623046875,0.1502685546875,0.0439453125,0.023101806640625,0.0633544921875
101,M_0030_16y4m_1_dysfluent_101,0.1492919921875,0.13671875,0.071044921875,0.03302001953125,0.1368408203125
102,M_0030_16y4m_1_dysfluent_102,0.33740234375,0.1536865234375,0.061187744140625,0.09686279296875,0.88525390625
103,M_0030_16y4m_1_dysfluent_103,0.257080078125,0.1429443359375,0.048675537109375,0.1055908203125,0.86962890625
104,M_0030_16y4m_1_dysfluent_104,0.285400390625,0.15625,0.06756591796875,0.09637451171875,0.90478515625
105,M_0030_16y4m_1_dysfluent_105,0.2293701171875,0.110107421875,0.03460693359375,0.050140380859375,0.8720703125
106,M_0030_16y4m_1_dysfluent_106,0.23388671875,0.1558837890625,0.06561279296875,0.045867919921875,0.8486328125
107,M_0030_16y4m_1_dysfluent_107,0.07684326171875,0.11126708984375,0.0343017578125,0.01861572265625,0.4130859375
108,M_0030_16y4m_1_dysfluent_108,0.048492431640625,0.146484375,0.03125,0.0136871337890625,0.150634765625
109,M_0030_16y4m_1_dysfluent_109,0.124755859375,0.12408447265625,0.035675048828125,0.020599365234375,0.6220703125
110,M_0030_16y4m_1_dysfluent_110,0.1033935546875,0.1600341796875,0.160400390625,0.080078125,0.31591796875
111,M_0030_16y4m_1_dysfluent_111,0.06475830078125,0.1229248046875,0.060638427734375,0.1351318359375,0.30029296875
112,M_0030_16y4m_1_dysfluent_112,0.08270263671875,0.265380859375,0.32666015625,0.24560546875,0.427490234375
113,M_0030_16y4m_1_dysfluent_113,0.06646728515625,0.1951904296875,0.08538818359375,0.09332275390625,0.53125
114,M_0030_16y4m_1_dysfluent_114,0.047088623046875,0.1063232421875,0.0330810546875,0.033203125,0.06256103515625
115,M_0030_16y4m_1_dysfluent_115,0.1527099609375,0.0938720703125,0.0192413330078125,0.06744384765625,0.65869140625
116,M_0030_16y4m_1_dysfluent_116,0.352294921875,0.0943603515625,0.037811279296875,0.08447265625,0.65234375
117,M_0030_16y4m_1_dysfluent_117,0.4453125,0.134033203125,0.076416015625,0.13525390625,0.86083984375
118,M_0030_16y4m_1_dysfluent_118,0.354736328125,0.1485595703125,0.05889892578125,0.06781005859375,0.88134765625
119,M_0030_16y4m_1_dysfluent_119,0.350341796875,0.2327880859375,0.10595703125,0.06439208984375,0.8505859375
120,M_0030_16y4m_1_dysfluent_120,0.2337646484375,0.20849609375,0.140869140625,0.0289764404296875,0.623046875
121,M_0030_16y4m_1_dysfluent_121,0.1246337890625,0.241455078125,0.279052734375,0.044525146484375,0.37451171875
122,M_0030_16y4m_1_dysfluent_122,0.12054443359375,0.1300048828125,0.092041015625,0.04376220703125,0.5966796875
123,M_0030_16y4m_1_dysfluent_123,0.06903076171875,0.090576171875,0.0279541015625,0.03326416015625,0.038330078125
124,M_0030_16y4m_1_dysfluent_124,0.046905517578125,0.11993408203125,0.020599365234375,0.02337646484375,0.0258026123046875
125,M_0030_16y4m_1_dysfluent_125,0.2083740234375,0.29443359375,0.1300048828125,0.205322265625,0.89111328125
126,M_0030_16y4m_1_dysfluent_126,0.298095703125,0.2076416015625,0.1246337890625,0.2425537109375,0.92724609375
127,M_0030_16y4m_1_dysfluent_127,0.1422119140625,0.13671875,0.07611083984375,0.1412353515625,0.5205078125
128,M_0030_16y4m_1_dysfluent_128,0.1134033203125,0.1885986328125,0.045196533203125,0.018646240234375,0.0309600830078125
129,M_0030_16y4m_1_dysfluent_129,0.08331298828125,0.10504150390625,0.01554107666015625,0.00971221923828125,0.04248046875
130,M_0030_16y4m_1_dysfluent_130,0.2890625,0.31640625,0.33740234375,0.0753173828125,0.1478271484375
131,M_0030_16y4m_1_dysfluent_131,0.093017578125,0.2064208984375,0.266357421875,0.10894775390625,0.34912109375
132,M_0030_16y4m_1_dysfluent_132,0.1827392578125,0.3388671875,0.65380859375,0.2230224609375,0.337646484375
133,M_0030_16y4m_1_dysfluent_133,0.045196533203125,0.281982421875,0.306640625,0.08209228515625,0.0880126953125
134,M_0030_16y4m_1_dysfluent_134,0.2188720703125,0.1041259765625,0.0631103515625,0.09930419921875,0.908203125
135,M_0030_16y4m_1_dysfluent_135,0.03985595703125,0.176513671875,0.10467529296875,0.0323486328125,0.03253173828125
136,M_0030_16y4m_1_dysfluent_136,0.033538818359375,0.08282470703125,0.02838134765625,0.035064697265625,0.035675048828125
137,M_0030_16y4m_1_dysfluent_137,0.05987548828125,0.08709716796875,0.0190582275390625,0.0150146484375,0.039947509765625
138,M_0030_16y4m_1_dysfluent_138,0.1134033203125,0.116943359375,0.038116455078125,0.0213623046875,0.042327880859375
139,M_0030_16y4m_1_dysfluent_139,0.128173828125,0.1175537109375,0.0246124267578125,0.0224151611328125,0.0482177734375
140,M_0030_16y4m_1_dysfluent_140,0.128173828125,0.1175537109375,0.0246124267578125,0.0224609375,0.0482177734375
141,M_0030_16y4m_1_dysfluent_141,0.228515625,0.25244140625,0.061309814453125,0.025909423828125,0.1163330078125
142,M_0030_16y4m_1_dysfluent_142,0.2166748046875,0.2144775390625,0.2578125,0.3134765625,0.436767578125
143,M_0030_16y4m_1_dysfluent_143,0.222412109375,0.2005615234375,0.1455078125,0.2115478515625,0.505859375
144,M_0030_16y4m_1_dysfluent_144,0.181640625,0.126953125,0.090087890625,0.1829833984375,0.85693359375
145,M_0030_16y4m_1_dysfluent_145,0.0616455078125,0.1177978515625,0.017242431640625,0.01363372802734375,0.08343505859375
146,M_0030_16y4m_1_dysfluent_146,0.06939697265625,0.12548828125,0.0160980224609375,0.01519012451171875,0.09619140625
147,M_0030_16y4m_1_dysfluent_147,0.086181640625,0.196044921875,0.02838134765625,0.01111602783203125,0.05511474609375
148,M_0030_16y4m_1_dysfluent_148,0.26953125,0.12158203125,0.050323486328125,0.147705078125,0.8740234375
149,M_0030_16y4m_1_dysfluent_149,0.364501953125,0.089599609375,0.0310821533203125,0.08062744140625,0.7333984375
150,M_0030_16y4m_1_dysfluent_150,0.452880859375,0.17138671875,0.1007080078125,0.03955078125,0.075439453125
151,M_0030_16y4m_1_dysfluent_151,0.453369140625,0.140625,0.08416748046875,0.043853759765625,0.12200927734375
152,M_0030_16y4m_1_dysfluent_152,0.419189453125,0.14404296875,0.0753173828125,0.026153564453125,0.11474609375
153,M_0030_16y4m_1_dysfluent_153,0.56494140625,0.2100830078125,0.1661376953125,0.0863037109375,0.130615234375
154,M_0030_16y4m_1_dysfluent_154,0.2496337890625,0.275634765625,0.31005859375,0.289306640625,0.70654296875
155,M_0030_16y4m_1_dysfluent_155,0.2210693359375,0.2049560546875,0.167724609375,0.30810546875,0.83056640625
156,M_0030_16y4m_1_dysfluent_156,0.3759765625,0.26513671875,0.21240234375,0.37109375,0.71728515625
157,M_0030_16y4m_1_dysfluent_157,0.548828125,0.30859375,0.307861328125,0.371826171875,0.64892578125
158,M_0030_16y4m_1_dysfluent_158,0.69140625,0.332275390625,0.411865234375,0.156494140625,0.14599609375
159,M_0030_16y4m_1_dysfluent_159,0.17578125,0.12139892578125,0.04010009765625,0.04986572265625,0.65380859375
160,M_0030_16y4m_1_dysfluent_160,0.09515380859375,0.11553955078125,0.061431884765625,0.051177978515625,0.60595703125
161,M_0030_16y4m_1_dysfluent_161,0.1630859375,0.1544189453125,0.10595703125,0.28955078125,0.84619140625
162,M_0030_16y4m_1_dysfluent_162,0.058135986328125,0.20263671875,0.4326171875,0.1746826171875,0.240966796875
163,M_0030_16y4m_1_dysfluent_163,0.053985595703125,0.14794921875,0.24169921875,0.09637451171875,0.1942138671875
164,M_0030_16y4m_1_dysfluent_164,0.055816650390625,0.105224609375,0.08404541015625,0.12445068359375,0.6337890625
165,M_0030_16y4m_1_dysfluent_165,0.050811767578125,0.0726318359375,0.0259552001953125,0.1387939453125,0.50341796875
166,M_0030_16y4m_1_dysfluent_166,0.04443359375,0.060302734375,0.0150146484375,0.04620361328125,0.1231689453125
167,M_0030_16y4m_1_dysfluent_167,0.0706787109375,0.064208984375,0.01358795166015625,0.026611328125,0.094482421875
168,M_0030_16y4m_1_dysfluent_168,0.061981201171875,0.06781005859375,0.016845703125,0.0274810791015625,0.130126953125
169,M_0030_16y4m_1_dysfluent_169,0.089111328125,0.07275390625,0.030670166015625,0.03204345703125,0.10302734375
170,M_0030_16y4m_1_dysfluent_170,0.10467529296875,0.06915283203125,0.026702880859375,0.019195556640625,0.05023193359375
171,M_0030_16y4m_1_dysfluent_171,0.057586669921875,0.09368896484375,0.030853271484375,0.024383544921875,0.03277587890625
172,M_0030_16y4m_1_dysfluent_172,0.0836181640625,0.07501220703125,0.017852783203125,0.0271759033203125,0.08868408203125
173,M_0030_16y4m_1_dysfluent_173,0.08331298828125,0.11859130859375,0.05291748046875,0.05889892578125,0.77294921875
174,M_0030_16y4m_1_dysfluent_174,0.127685546875,0.18701171875,0.05560302734375,0.03277587890625,0.6875
175,M_0030_16y4m_1_dysfluent_175,0.1614990234375,0.173583984375,0.05419921875,0.029083251953125,0.392822265625
176,M_0030_16y4m_1_dysfluent_176,0.12445068359375,0.0894775390625,0.01049041748046875,0.01267242431640625,0.30712890625
177,M_0030_16y4m_1_dysfluent_177,0.463134765625,0.1734619140625,0.056121826171875,0.053314208984375,0.83837890625
178,M_0061_16y9m-1_dysfluent_000,0.07781982421875,0.18798828125,0.04107666015625,0.14892578125,0.64306640625
179,M_0061_16y9m-1_dysfluent_001,0.05975341796875,0.1644287109375,0.028594970703125,0.09075927734375,0.46533203125
180,M_0061_16y9m-1_dysfluent_002,0.06512451171875,0.19677734375,0.091064453125,0.140625,0.3525390625
181,M_0061_16y9m-1_dysfluent_003,0.09234619140625,0.31591796875,0.030731201171875,0.05499267578125,0.181884765625
182,M_0061_16y9m-1_dysfluent_004,0.09979248046875,0.1837158203125,0.018341064453125,0.07366943359375,0.3076171875
183,M_0061_16y9m-1_dysfluent_005,0.137451171875,0.1331787109375,0.056976318359375,0.22509765625,0.78662109375
184,M_0061_16y9m-1_dysfluent_006,0.137451171875,0.1331787109375,0.056976318359375,0.22509765625,0.78662109375
185,M_0061_16y9m-1_dysfluent_007,0.2119140625,0.23974609375,0.255859375,0.451171875,0.4765625
186,M_0061_16y9m-1_dysfluent_008,0.1851806640625,0.1800537109375,0.1348876953125,0.36962890625,0.791015625
187,M_0061_16y9m-1_dysfluent_009,0.2529296875,0.257568359375,0.267333984375,0.39794921875,0.7333984375
188,M_0061_16y9m-1_dysfluent_010,0.338134765625,0.276123046875,0.3388671875,0.51513671875,0.45703125
189,M_0061_16y9m-1_dysfluent_011,0.3037109375,0.41064453125,0.2420654296875,0.072509765625,0.042877197265625
190,M_0061_16y9m-1_dysfluent_012,0.326904296875,0.401123046875,0.50341796875,0.1802978515625,0.09173583984375
191,M_0061_16y9m-1_dysfluent_013,0.326904296875,0.401123046875,0.50341796875,0.1802978515625,0.09173583984375
192,M_0061_16y9m-1_dysfluent_014,0.05718994140625,0.1981201171875,0.2509765625,0.27001953125,0.2012939453125
193,M_0061_16y9m-1_dysfluent_015,0.0455322265625,0.1451416015625,0.043212890625,0.0333251953125,0.07275390625
194,M_0061_16y9m-1_dysfluent_016,0.0823974609375,0.1412353515625,0.0258026123046875,0.033660888671875,0.036346435546875
195,M_0061_16y9m-1_dysfluent_017,0.1395263671875,0.22265625,0.097900390625,0.08819580078125,0.07159423828125
196,M_0061_16y9m-1_dysfluent_018,0.097412109375,0.1771240234375,0.12127685546875,0.2198486328125,0.2337646484375
197,M_0061_16y9m-1_dysfluent_019,0.06805419921875,0.134033203125,0.035064697265625,0.12127685546875,0.10089111328125
198,M_0061_16y9m-1_dysfluent_020,0.0633544921875,0.09686279296875,0.020599365234375,0.04486083984375,0.0706787109375
199,M_0061_16y9m-1_dysfluent_021,0.150390625,0.153076171875,0.02801513671875,0.0229339599609375,0.0816650390625
200,M_0061_16y9m-1_dysfluent_022,0.1502685546875,0.1531982421875,0.028106689453125,0.022979736328125,0.081787109375
201,M_0061_16y9m-1_dysfluent_023,0.0489501953125,0.252685546875,0.08123779296875,0.037261962890625,0.059112548828125
202,M_0061_16y9m-1_dysfluent_024,0.05145263671875,0.2216796875,0.027587890625,0.01525115966796875,0.09552001953125
203,M_0061_16y9m-1_dysfluent_025,0.0838623046875,0.2783203125,0.191162109375,0.1583251953125,0.08209228515625
204,M_0061_16y9m-1_dysfluent_026,0.06097412109375,0.181396484375,0.1334228515625,0.2340087890625,0.0867919921875
205,M_0061_16y9m-1_dysfluent_027,0.095703125,0.2034912109375,0.07965087890625,0.09600830078125,0.1124267578125
206,M_0061_16y9m-1_dysfluent_028,0.06890869140625,0.177001953125,0.097900390625,0.044677734375,0.0548095703125
207,M_0061_16y9m-1_dysfluent_029,0.13134765625,0.26806640625,0.1055908203125,0.05975341796875,0.037750244140625
208,M_0061_16y9m-1_dysfluent_030,0.1767578125,0.378662109375,0.05145263671875,0.051849365234375,0.69677734375
209,M_0061_16y9m-1_dysfluent_031,0.0537109375,0.195556640625,0.1104736328125,0.07318115234375,0.0531005859375
210,M_0061_16y9m-1_dysfluent_032,0.4365234375,0.30615234375,0.1763916015625,0.059326171875,0.230224609375
211,M_0061_16y9m-1_dysfluent_033,0.4365234375,0.30615234375,0.1763916015625,0.059326171875,0.230224609375
212,M_0061_16y9m-1_dysfluent_034,0.27294921875,0.22509765625,0.204833984375,0.169677734375,0.339111328125
213,M_0061_16y9m-1_dysfluent_035,0.39208984375,0.219482421875,0.123046875,0.1337890625,0.422607421875
214,M_0061_16y9m-1_dysfluent_036,0.39208984375,0.219482421875,0.123046875,0.1337890625,0.422607421875
215,M_0061_16y9m-1_dysfluent_037,0.1990966796875,0.1898193359375,0.17822265625,0.282958984375,0.75
216,M_0061_16y9m-1_dysfluent_038,0.18994140625,0.23583984375,0.25732421875,0.322021484375,0.70849609375
217,M_0061_16y9m-1_dysfluent_039,0.0517578125,0.14501953125,0.09637451171875,0.1795654296875,0.31494140625
218,M_0061_16y9m-1_dysfluent_040,0.14892578125,0.430908203125,0.56640625,0.22265625,0.31103515625
219,M_0061_16y9m-1_dysfluent_041,0.1412353515625,0.400634765625,0.46435546875,0.2108154296875,0.39697265625
220,M_0061_16y9m-1_dysfluent_042,0.1412353515625,0.400634765625,0.46435546875,0.2108154296875,0.39697265625
221,M_0061_16y9m-1_dysfluent_043,0.22119140625,0.45556640625,0.5146484375,0.10125732421875,0.08770751953125
222,M_0061_16y9m-1_dysfluent_044,0.256591796875,0.52490234375,0.61767578125,0.1104736328125,0.1328125
223,M_0061_16y9m-1_dysfluent_045,0.1800537109375,0.4951171875,0.51806640625,0.0830078125,0.097900390625
224,M_0061_16y9m-1_dysfluent_046,0.167236328125,0.475341796875,0.57763671875,0.09136962890625,0.09222412109375
225,M_0061_16y9m-1_dysfluent_047,0.0322265625,0.2216796875,0.0751953125,0.07305908203125,0.06817626953125
226,M_0061_16y9m-1_dysfluent_048,0.109130859375,0.224609375,0.038116455078125,0.0364990234375,0.354248046875
227,M_0061_16y9m-1_dysfluent_049,0.1439208984375,0.10125732421875,0.04779052734375,0.131103515625,0.3037109375
228,M_0061_16y9m-1_dysfluent_050,0.10595703125,0.39013671875,0.04779052734375,0.0552978515625,0.49609375
229,M_0061_16y9m-1_dysfluent_051,0.1943359375,0.474365234375,0.1917724609375,0.143798828125,0.73828125
230,M_0061_16y9m-1_dysfluent_052,0.2352294921875,0.402099609375,0.376953125,0.270751953125,0.79248046875
231,M_0061_16y9m-1_dysfluent_053,0.1600341796875,0.413818359375,0.55908203125,0.305908203125,0.1798095703125
232,M_0061_16y9m-1_dysfluent_054,0.07861328125,0.1561279296875,0.037384033203125,0.09320068359375,0.68359375
233,M_0061_16y9m-1_dysfluent_055,0.10211181640625,0.1298828125,0.0285491943359375,0.06231689453125,0.775390625
234,M_0061_16y9m-1_dysfluent_056,0.1748046875,0.283447265625,0.1651611328125,0.171630859375,0.3134765625
235,M_0061_16y9m-1_dysfluent_057,0.1868896484375,0.171142578125,0.035003662109375,0.071044921875,0.08978271484375
236,M_0061_16y9m-1_dysfluent_058,0.1695556640625,0.318115234375,0.16943359375,0.1617431640625,0.50537109375
237,M_0061_16y9m-1_dysfluent_059,0.19287109375,0.427978515625,0.1763916015625,0.0943603515625,0.2115478515625
238,M_0061_16y9m-1_dysfluent_060,0.0987548828125,0.302734375,0.28515625,0.048583984375,0.03759765625
239,M_0061_16y9m-1_dysfluent_061,0.06610107421875,0.26025390625,0.1749267578125,0.036895751953125,0.05780029296875
240,M_0061_16y9m-1_dysfluent_062,0.1163330078125,0.38818359375,0.03155517578125,0.0345458984375,0.5703125
241,M_0061_16y9m-1_dysfluent_063,0.116943359375,0.59619140625,0.136474609375,0.03460693359375,0.0830078125
242,M_0061_16y9m-1_dysfluent_064,0.256103515625,0.302734375,0.047882080078125,0.044586181640625,0.69921875
243,M_0061_16y9m-1_dysfluent_065,0.201171875,0.35302734375,0.12890625,0.08709716796875,0.47998046875
244,M_0061_16y9m-1_dysfluent_066,0.201171875,0.35302734375,0.12890625,0.08709716796875,0.47998046875
245,M_0061_16y9m-1_dysfluent_067,0.262451171875,0.374267578125,0.154052734375,0.193359375,0.75537109375
246,M_0061_16y9m-1_dysfluent_068,0.2081298828125,0.1802978515625,0.050811767578125,0.1431884765625,0.9189453125
247,M_0061_16y9m-1_dysfluent_069,0.1571044921875,0.1563720703125,0.036834716796875,0.1348876953125,0.9033203125
248,M_0061_16y9m-1_dysfluent_070,0.1571044921875,0.1563720703125,0.036834716796875,0.1348876953125,0.9033203125
249,M_0061_16y9m-1_dysfluent_071,0.17578125,0.158203125,0.052703857421875,0.15478515625,0.92529296875
250,M_0061_16y9m-1_dysfluent_072,0.133544921875,0.1470947265625,0.09075927734375,0.229248046875,0.8671875
251,M_0061_16y9m-1_dysfluent_073,0.110107421875,0.171142578125,0.06304931640625,0.07171630859375,0.205322265625
252,M_0061_16y9m-1_dysfluent_074,0.1761474609375,0.1761474609375,0.0889892578125,0.272705078125,0.66650390625
253,M_0061_16y9m-1_dysfluent_075,0.262939453125,0.286865234375,0.3154296875,0.47607421875,0.6767578125
254,M_0061_16y9m-1_dysfluent_076,0.1966552734375,0.2315673828125,0.0987548828125,0.246337890625,0.80029296875
255,M_0061_16y9m-1_dysfluent_077,0.27783203125,0.26416015625,0.30615234375,0.43310546875,0.352783203125
256,M_0061_16y9m-1_dysfluent_078,0.11260986328125,0.31298828125,0.0287628173828125,0.0189056396484375,0.08331298828125
257,M_0061_16y9m-1_dysfluent_079,0.0855712890625,0.34521484375,0.1805419921875,0.11578369140625,0.0823974609375
258,M_0061_16y9m-1_dysfluent_080,0.0552978515625,0.188232421875,0.1773681640625,0.173828125,0.06622314453125
259,M_0061_16y9m-1_dysfluent_081,0.06622314453125,0.220458984375,0.311767578125,0.2127685546875,0.1007080078125
260,M_0061_16y9m-1_dysfluent_082,0.060089111328125,0.294677734375,0.1295166015625,0.045013427734375,0.10797119140625
261,M_0061_16y9m-1_dysfluent_083,0.44384765625,0.3896484375,0.2288818359375,0.0755615234375,0.294677734375
262,M_0061_16y9m-1_dysfluent_084,0.55078125,0.333984375,0.321044921875,0.07489013671875,0.330810546875
263,M_0061_16y9m-1_dysfluent_085,0.07489013671875,0.08251953125,0.030914306640625,0.0439453125,0.0640869140625
264,M_0061_16y9m-1_dysfluent_086,0.107421875,0.162353515625,0.1864013671875,0.4189453125,0.216064453125
265,M_0061_16y9m-1_fluent_000,0.08758544921875,0.1734619140625,0.093994140625,0.07611083984375,0.050140380859375
266,M_0061_16y9m-1_fluent_001,0.08282470703125,0.2410888671875,0.09808349609375,0.04620361328125,0.037689208984375
267,M_0061_16y9m-1_fluent_002,0.11102294921875,0.2274169921875,0.17138671875,0.1397705078125,0.064208984375
268,M_0061_16y9m-1_fluent_003,0.2548828125,0.273193359375,0.4892578125,0.293701171875,0.1334228515625
269,M_0061_16y9m-1_fluent_004,0.294921875,0.28076171875,0.26220703125,0.08880615234375,0.047698974609375
270,M_0061_16y9m-1_fluent_005,0.286376953125,0.286376953125,0.4736328125,0.274169921875,0.11517333984375
271,M_0061_16y9m-1_fluent_006,0.21337890625,0.227294921875,0.145751953125,0.070556640625,0.059661865234375
272,M_0061_16y9m-1_fluent_007,0.1639404296875,0.2529296875,0.2144775390625,0.10931396484375,0.05645751953125
273,M_0061_16y9m-1_fluent_008,0.1734619140625,0.305419921875,0.55419921875,0.435546875,0.216064453125
274,M_0078_16y5m_1_dysfluent_000,0.246337890625,0.2254638671875,0.46142578125,0.45166015625,0.59716796875
275,M_0078_16y5m_1_dysfluent_001,0.1783447265625,0.2086181640625,0.470703125,0.3359375,0.34033203125
276,M_0078_16y5m_1_dysfluent_002,0.12646484375,0.10052490234375,0.0880126953125,0.266357421875,0.78076171875
277,M_0078_16y5m_1_dysfluent_003,0.1439208984375,0.2333984375,0.34033203125,0.46923828125,0.1478271484375
278,M_0078_16y5m_1_dysfluent_004,0.07421875,0.1739501953125,0.2998046875,0.306640625,0.2083740234375
279,M_0078_16y5m_1_dysfluent_005,0.18798828125,0.2059326171875,0.329833984375,0.2467041015625,0.057373046875
280,M_0078_16y5m_1_dysfluent_006,0.2890625,0.1318359375,0.1617431640625,0.1556396484375,0.08343505859375
281,M_0078_16y5m_1_dysfluent_007,0.3671875,0.23974609375,0.2432861328125,0.09332275390625,0.09722900390625
282,M_0078_16y5m_1_dysfluent_008,0.1761474609375,0.2137451171875,0.1973876953125,0.060211181640625,0.03436279296875
283,M_0078_16y5m_1_dysfluent_009,0.197265625,0.08050537109375,0.04248046875,0.0953369140625,0.60693359375
284,M_0078_16y5m_1_dysfluent_010,0.245849609375,0.08770751953125,0.0238189697265625,0.0439453125,0.2315673828125
285,M_0078_16y5m_1_dysfluent_011,0.194580078125,0.391357421875,0.334716796875,0.30908203125,0.10992431640625
286,M_0078_16y5m_1_dysfluent_012,0.294921875,0.2027587890625,0.1707763671875,0.205322265625,0.427734375
287,M_0078_16y5m_1_dysfluent_013,0.383056640625,0.173583984375,0.1114501953125,0.06475830078125,0.06085205078125
288,M_0078_16y5m_1_dysfluent_014,0.0863037109375,0.2430419921875,0.35498046875,0.1739501953125,0.437255859375
289,M_0078_16y5m_1_dysfluent_015,0.1697998046875,0.1478271484375,0.2044677734375,0.2705078125,0.049407958984375
290,M_0078_16y5m_1_dysfluent_016,0.1463623046875,0.2239990234375,0.1925048828125,0.184326171875,0.2144775390625
291,M_0078_16y5m_1_dysfluent_017,0.04296875,0.188720703125,0.17138671875,0.13427734375,0.06854248046875
292,M_0078_16y5m_1_dysfluent_018,0.261962890625,0.2349853515625,0.240234375,0.388916015625,0.387451171875
293,M_0078_16y5m_1_dysfluent_019,0.2427978515625,0.2340087890625,0.314697265625,0.43603515625,0.470947265625
294,M_0078_16y5m_1_dysfluent_020,0.07080078125,0.1873779296875,0.383056640625,0.28173828125,0.1639404296875
295,M_0078_16y5m_1_dysfluent_021,0.10760498046875,0.20849609375,0.492919921875,0.387451171875,0.176513671875
296,M_0078_16y5m_1_dysfluent_022,0.10760498046875,0.20849609375,0.492919921875,0.387451171875,0.176513671875
297,M_0078_16y5m_1_dysfluent_023,0.09912109375,0.168212890625,0.06854248046875,0.19873046875,0.0809326171875
298,M_0078_16y5m_1_dysfluent_024,0.05865478515625,0.256103515625,0.348388671875,0.224853515625,0.12249755859375
299,M_0078_16y5m_1_dysfluent_025,0.1495361328125,0.2371826171875,0.185791015625,0.12127685546875,0.7685546875
300,M_0078_16y5m_1_dysfluent_026,0.09808349609375,0.1591796875,0.06512451171875,0.265380859375,0.74609375
301,M_0078_16y5m_1_dysfluent_027,0.097900390625,0.2147216796875,0.167236328125,0.150390625,0.6865234375
302,M_0078_16y5m_1_dysfluent_028,0.1893310546875,0.1650390625,0.0775146484375,0.1754150390625,0.82177734375
303,M_0078_16y5m_1_dysfluent_029,0.13525390625,0.190673828125,0.137939453125,0.294677734375,0.6865234375
304,M_0078_16y5m_1_dysfluent_030,0.08270263671875,0.242919921875,0.34326171875,0.37255859375,0.309326171875
305,M_0078_16y5m_1_dysfluent_031,0.07965087890625,0.11962890625,0.267578125,0.1402587890625,0.39599609375
306,M_0078_16y5m_1_fluent_000,0.0296478271484375,0.2130126953125,0.33984375,0.21044921875,0.22900390625
307,M_0078_16y5m_1_fluent_001,0.0699462890625,0.12200927734375,0.164306640625,0.1727294921875,0.052825927734375
308,M_0078_16y5m_1_fluent_002,0.141845703125,0.09222412109375,0.030670166015625,0.1441650390625,0.29248046875
309,M_0078_16y5m_1_fluent_003,0.10992431640625,0.1177978515625,0.07977294921875,0.158203125,0.1326904296875
310,M_0078_16y5m_1_fluent_004,0.173095703125,0.201171875,0.304443359375,0.3759765625,0.242919921875
311,M_0078_16y5m_1_fluent_005,0.07977294921875,0.2340087890625,0.1578369140625,0.33935546875,0.09283447265625
312,M_0078_16y5m_1_fluent_006,0.50537109375,0.181396484375,0.1558837890625,0.1326904296875,0.1981201171875
313,M_0078_16y5m_1_fluent_007,0.154541015625,0.146728515625,0.1480712890625,0.239013671875,0.185791015625
314,M_0078_16y5m_1_fluent_008,0.1077880859375,0.278076171875,0.464111328125,0.494140625,0.350341796875
315,M_0078_16y5m_1_fluent_009,0.1153564453125,0.1951904296875,0.2410888671875,0.1798095703125,0.05975341796875
316,M_0078_16y5m_1_fluent_010,0.04931640625,0.049041748046875,0.006511688232421875,0.0104522705078125,0.02691650390625
317,M_0078_16y5m_1_fluent_011,0.073974609375,0.09808349609375,0.06695556640625,0.199951171875,0.578125
318,M_0078_16y5m_1_fluent_012,0.056549072265625,0.260009765625,0.321533203125,0.28466796875,0.1317138671875
319,M_0078_16y5m_1_fluent_013,0.06817626953125,0.2474365234375,0.419189453125,0.441650390625,0.1964111328125
320,M_0078_16y5m_1_fluent_014,0.05633544921875,0.1026611328125,0.14306640625,0.223876953125,0.1983642578125
321,M_0078_16y5m_1_fluent_015,0.048492431640625,0.138916015625,0.295654296875,0.25732421875,0.36279296875
322,M_0078_16y5m_1_fluent_016,0.07666015625,0.1845703125,0.08978271484375,0.23193359375,0.2349853515625
323,M_0078_16y5m_1_fluent_017,0.0289764404296875,0.06622314453125,0.1165771484375,0.044921875,0.033721923828125
324,M_0078_16y5m_1_fluent_018,0.0966796875,0.10284423828125,0.0401611328125,0.1351318359375,0.55615234375
325,M_0078_16y5m_1_fluent_019,0.05780029296875,0.2081298828125,0.1417236328125,0.177978515625,0.0838623046875
326,M_0078_16y5m_1_fluent_020,0.1094970703125,0.07464599609375,0.07122802734375,0.2073974609375,0.246337890625
327,M_0078_16y5m_1_fluent_021,0.06231689453125,0.1787109375,0.118408203125,0.27978515625,0.274658203125
328,M_0078_16y5m_1_fluent_022,0.1448974609375,0.272705078125,0.11859130859375,0.25537109375,0.263671875
329,M_0078_16y5m_1_fluent_023,0.04595947265625,0.05889892578125,0.007755279541015625,0.009124755859375,0.0263519287109375
330,M_0078_16y5m_1_fluent_024,0.106689453125,0.264404296875,0.235595703125,0.18603515625,0.0765380859375
331,M_0078_16y5m_1_fluent_025,0.04193115234375,0.1949462890625,0.314697265625,0.1807861328125,0.2337646484375
332,M_0078_16y5m_1_fluent_026,0.176513671875,0.255615234375,0.097900390625,0.208984375,0.152587890625
333,M_0078_16y5m_1_fluent_027,0.0849609375,0.136962890625,0.049957275390625,0.1590576171875,0.402587890625
334,M_0078_16y5m_1_fluent_028,0.244384765625,0.13330078125,0.0706787109375,0.047943115234375,0.028106689453125
335,M_0078_16y5m_1_fluent_029,0.0295867919921875,0.063720703125,0.01495361328125,0.012725830078125,0.021697998046875
336,M_0078_16y5m_1_fluent_030,0.036895751953125,0.08282470703125,0.072265625,0.2005615234375,0.4169921875
337,M_0078_16y5m_1_fluent_031,0.2734375,0.142578125,0.100341796875,0.059661865234375,0.0287017822265625
338,M_0078_16y5m_1_fluent_032,0.08740234375,0.1929931640625,0.11737060546875,0.1795654296875,0.09222412109375
339,M_0078_16y5m_1_fluent_033,0.060302734375,0.08819580078125,0.0743408203125,0.14599609375,0.6376953125
340,M_0078_16y5m_1_fluent_034,0.1796875,0.130615234375,0.11199951171875,0.1771240234375,0.062103271484375
341,M_0078_16y5m_1_fluent_035,0.049224853515625,0.142333984375,0.06732177734375,0.136962890625,0.406494140625
342,M_0078_16y5m_1_fluent_036,0.09808349609375,0.212890625,0.140380859375,0.25341796875,0.278076171875
343,M_0078_16y5m_1_fluent_037,0.0994873046875,0.15234375,0.2191162109375,0.409912109375,0.17333984375
344,M_0078_16y5m_1_fluent_038,0.470703125,0.1307373046875,0.0552978515625,0.06817626953125,0.263671875
345,M_0078_16y5m_1_fluent_039,0.1224365234375,0.11798095703125,0.10821533203125,0.261474609375,0.0880126953125
346,M_0078_16y5m_1_fluent_040,0.05224609375,0.1697998046875,0.1539306640625,0.2093505859375,0.1026611328125
347,M_0078_16y5m_1_fluent_041,0.1165771484375,0.1810302734375,0.160400390625,0.235107421875,0.75830078125
348,M_0078_16y5m_1_fluent_042,0.06256103515625,0.1654052734375,0.1605224609375,0.36181640625,0.140869140625
349,M_0078_16y5m_1_fluent_043,0.0341796875,0.16259765625,0.1429443359375,0.272216796875,0.2529296875
350,M_0078_16y5m_1_fluent_044,0.29638671875,0.149169921875,0.048126220703125,0.0838623046875,0.8876953125
351,M_0078_16y5m_1_fluent_045,0.051666259765625,0.182373046875,0.181884765625,0.3037109375,0.07965087890625
352,M_0078_16y5m_1_fluent_046,0.03033447265625,0.05340576171875,0.015838623046875,0.01406097412109375,0.0224151611328125
353,M_0078_16y5m_1_fluent_047,0.04876708984375,0.2271728515625,0.276123046875,0.2445068359375,0.089599609375
354,M_0078_16y5m_1_fluent_048,0.034088134765625,0.09857177734375,0.08331298828125,0.2255859375,0.24658203125
355,M_0078_16y5m_1_fluent_049,0.045013427734375,0.1695556640625,0.1754150390625,0.250244140625,0.0552978515625
356,M_0078_16y5m_1_fluent_050,0.077392578125,0.15478515625,0.1934814453125,0.4423828125,0.26171875
357,M_0078_16y5m_1_fluent_051,0.0394287109375,0.05108642578125,0.00847625732421875,0.0115966796875,0.024658203125
358,M_0078_16y5m_1_fluent_052,0.0830078125,0.258056640625,0.41357421875,0.37255859375,0.264404296875
359,M_0078_16y5m_1_fluent_053,0.05560302734375,0.1680908203125,0.146240234375,0.32177734375,0.1181640625
360,M_0078_16y5m_1_fluent_054,0.038818359375,0.054290771484375,0.00963592529296875,0.0110321044921875,0.02386474609375
361,M_0078_16y5m_1_fluent_055,0.197021484375,0.1790771484375,0.268798828125,0.412109375,0.2489013671875
362,M_0078_16y5m_1_fluent_056,0.118408203125,0.18505859375,0.06854248046875,0.2191162109375,0.114990234375
363,M_0078_16y5m_1_fluent_057,0.030731201171875,0.1260986328125,0.188720703125,0.259765625,0.3203125
364,M_0078_16y5m_1_fluent_058,0.09588623046875,0.134521484375,0.12646484375,0.27392578125,0.21728515625
365,M_0078_16y5m_1_fluent_059,0.089599609375,0.18798828125,0.09039306640625,0.185302734375,0.1326904296875
366,M_0078_16y5m_1_fluent_060,0.0638427734375,0.091552734375,0.139892578125,0.332763671875,0.330810546875
367,M_0078_16y5m_1_fluent_061,0.08538818359375,0.158447265625,0.28857421875,0.444580078125,0.311767578125
368,M_0078_16y5m_1_fluent_062,0.03167724609375,0.07611083984375,0.0341796875,0.0885009765625,0.359130859375
369,M_0078_16y5m_1_fluent_063,0.132080078125,0.1578369140625,0.0823974609375,0.161865234375,0.8203125
370,M_0107_07y7m_1_dysfluent_000,0.07452392578125,0.331787109375,0.471923828125,0.294189453125,0.2919921875
371,M_0107_07y7m_1_dysfluent_001,0.07135009765625,0.242919921875,0.43798828125,0.421630859375,0.249267578125
372,M_0107_07y7m_1_dysfluent_002,0.057373046875,0.171875,0.294189453125,0.421630859375,0.19091796875
373,M_0107_07y7m_1_dysfluent_003,0.0369873046875,0.156494140625,0.07452392578125,0.1395263671875,0.1668701171875
374,M_0107_07y7m_1_dysfluent_004,0.034423828125,0.1517333984375,0.07794189453125,0.1517333984375,0.1773681640625
375,M_0107_07y7m_1_dysfluent_005,0.070556640625,0.134521484375,0.1513671875,0.12359619140625,0.59375
376,M_0107_07y7m_1_dysfluent_006,0.4794921875,0.281494140625,0.276123046875,0.2294921875,0.415771484375
377,M_0107_07y7m_1_dysfluent_007,0.53662109375,0.2122802734375,0.174560546875,0.1951904296875,0.29833984375
378,M_0107_07y7m_1_dysfluent_008,0.5107421875,0.2122802734375,0.2080078125,0.273681640625,0.254150390625
379,M_0107_07y7m_1_dysfluent_009,0.1588134765625,0.16455078125,0.11456298828125,0.39013671875,0.1951904296875
380,M_0107_07y7m_1_dysfluent_010,0.1405029296875,0.1771240234375,0.1390380859375,0.40673828125,0.2093505859375
381,M_0107_07y7m_1_dysfluent_011,0.1439208984375,0.2138671875,0.1951904296875,0.1236572265625,0.363037109375
382,M_0107_07y7m_1_dysfluent_012,0.258544921875,0.343994140625,0.62890625,0.29736328125,0.486328125
383,M_0107_07y7m_1_dysfluent_013,0.1181640625,0.2135009765625,0.2430419921875,0.130126953125,0.08465576171875
384,M_0107_07y7m_1_dysfluent_014,0.1473388671875,0.2197265625,0.1656494140625,0.1312255859375,0.1680908203125
385,M_0107_07y7m_1_dysfluent_015,0.107421875,0.2451171875,0.36669921875,0.2437744140625,0.173583984375
386,M_0107_07y7m_1_dysfluent_016,0.16064453125,0.2235107421875,0.30029296875,0.2213134765625,0.7060546875
387,M_0107_07y7m_1_dysfluent_017,0.06268310546875,0.11932373046875,0.1336669921875,0.12042236328125,0.447021484375
388,M_0107_07y7m_1_dysfluent_018,0.06463623046875,0.06829833984375,0.047882080078125,0.05792236328125,0.232177734375
389,M_0107_07y7m_1_dysfluent_019,0.061187744140625,0.1248779296875,0.11920166015625,0.1934814453125,0.433349609375
390,M_0107_07y7m_1_dysfluent_020,0.0439453125,0.1419677734375,0.18603515625,0.1124267578125,0.313720703125
391,M_0107_07y7m_1_dysfluent_021,0.05072021484375,0.0775146484375,0.0755615234375,0.07421875,0.224365234375
392,M_0107_07y7m_1_dysfluent_022,0.10321044921875,0.320556640625,0.240234375,0.05792236328125,0.10595703125
393,M_0107_07y7m_1_dysfluent_023,0.1500244140625,0.2039794921875,0.09136962890625,0.0265045166015625,0.08648681640625
394,M_0107_07y7m_1_dysfluent_024,0.0704345703125,0.1856689453125,0.037689208984375,0.0199432373046875,0.03204345703125
395,M_0107_07y7m_1_dysfluent_025,0.06805419921875,0.29736328125,0.181640625,0.07879638671875,0.162353515625
396,M_0107_07y7m_1_dysfluent_026,0.198486328125,0.409912109375,0.293212890625,0.12261962890625,0.38427734375
397,M_0107_07y7m_1_dysfluent_027,0.2213134765625,0.5888671875,0.317626953125,0.0546875,0.1630859375
398,M_0107_07y7m_1_dysfluent_028,0.2215576171875,0.5888671875,0.317626953125,0.0546875,0.1629638671875
399,M_0107_07y7m_1_dysfluent_029,0.462646484375,0.25439453125,0.055816650390625,0.0287017822265625,0.51611328125
400,M_0107_07y7m_1_dysfluent_030,0.599609375,0.1954345703125,0.14501953125,0.1214599609375,0.1435546875
401,M_0107_07y7m_1_dysfluent_031,0.37890625,0.329833984375,0.199951171875,0.06915283203125,0.34375
402,M_0107_07y7m_1_dysfluent_032,0.405517578125,0.24169921875,0.17333984375,0.0943603515625,0.78515625
403,M_0107_07y7m_1_dysfluent_033,0.052032470703125,0.17919921875,0.205322265625,0.10992431640625,0.05877685546875
404,M_0107_07y7m_1_dysfluent_034,0.059661865234375,0.1953125,0.11297607421875,0.06610107421875,0.059967041015625
405,M_0107_07y7m_1_dysfluent_035,0.1026611328125,0.2239990234375,0.06658935546875,0.04803466796875,0.09039306640625
406,M_0107_07y7m_1_dysfluent_036,0.08758544921875,0.202392578125,0.043701171875,0.03839111328125,0.0743408203125
407,M_0107_07y7m_1_dysfluent_037,0.07794189453125,0.1602783203125,0.126953125,0.093994140625,0.11474609375
408,M_0107_07y7m_1_dysfluent_038,0.175537109375,0.13037109375,0.06463623046875,0.09930419921875,0.76025390625
409,M_0107_07y7m_1_dysfluent_039,0.11065673828125,0.16748046875,0.08343505859375,0.09515380859375,0.5869140625
410,M_0107_07y7m_1_dysfluent_040,0.1495361328125,0.1337890625,0.020843505859375,0.045196533203125,0.50732421875
411,M_0107_07y7m_1_dysfluent_041,0.0469970703125,0.26025390625,0.1844482421875,0.15625,0.142822265625
412,M_0107_07y7m_1_dysfluent_042,0.0469970703125,0.26025390625,0.1844482421875,0.15625,0.142822265625
413,M_0107_07y7m_1_dysfluent_043,0.043853759765625,0.29736328125,0.23681640625,0.1260986328125,0.1842041015625
414,M_0107_07y7m_1_dysfluent_044,0.043853759765625,0.29736328125,0.23681640625,0.1260986328125,0.1842041015625
415,M_0107_07y7m_1_dysfluent_045,0.10089111328125,0.216796875,0.361572265625,0.274658203125,0.2489013671875
416,M_0107_07y7m_1_dysfluent_046,0.35888671875,0.230712890625,0.223876953125,0.1451416015625,0.07464599609375
417,M_0107_07y7m_1_dysfluent_047,0.290771484375,0.2021484375,0.185546875,0.172607421875,0.131103515625
418,M_0107_07y7m_1_dysfluent_048,0.20654296875,0.19482421875,0.205078125,0.1998291015625,0.156494140625
419,M_0107_07y7m_1_dysfluent_049,0.1783447265625,0.1849365234375,0.2210693359375,0.1998291015625,0.2042236328125
420,M_0107_07y7m_1_dysfluent_050,0.052337646484375,0.2156982421875,0.255615234375,0.1781005859375,0.1356201171875
421,M_0107_07y7m_1_dysfluent_051,0.2340087890625,0.1947021484375,0.133544921875,0.0728759765625,0.1630859375
422,M_0107_07y7m_1_dysfluent_052,0.04400634765625,0.2467041015625,0.1749267578125,0.138427734375,0.12646484375
423,M_0107_07y7m_1_dysfluent_053,0.0738525390625,0.2427978515625,0.28759765625,0.28271484375,0.38232421875
424,M_0107_07y7m_1_dysfluent_054,0.10687255859375,0.244384765625,0.29638671875,0.354736328125,0.5166015625
425,M_0107_07y7m_1_dysfluent_055,0.045684814453125,0.1533203125,0.152099609375,0.2427978515625,0.66162109375
426,M_0107_07y7m_1_dysfluent_056,0.0631103515625,0.220458984375,0.10797119140625,0.150146484375,0.77734375
427,M_0107_07y7m_1_dysfluent_057,0.258056640625,0.36572265625,0.03662109375,0.032470703125,0.1417236328125
428,M_0107_07y7m_1_dysfluent_058,0.07574462890625,0.25341796875,0.0855712890625,0.11358642578125,0.22119140625
429,M_0107_07y7m_1_dysfluent_059,0.0287628173828125,0.0869140625,0.026763916015625,0.061187744140625,0.1270751953125
430,M_0107_07y7m_1_dysfluent_060,0.1026611328125,0.271240234375,0.06585693359375,0.02655029296875,0.059112548828125
431,M_0107_07y7m_1_dysfluent_061,0.0948486328125,0.173095703125,0.0364990234375,0.023956298828125,0.042816162109375
432,M_0107_07y7m_1_dysfluent_062,0.047698974609375,0.2646484375,0.276611328125,0.1357421875,0.1070556640625
433,M_0107_07y7m_1_dysfluent_063,0.0535888671875,0.1510009765625,0.033477783203125,0.04681396484375,0.379150390625
434,M_0107_07y7m_1_dysfluent_064,0.11376953125,0.1546630859375,0.055511474609375,0.0703125,0.4951171875
435,M_0107_07y7m_1_dysfluent_065,0.07318115234375,0.11474609375,0.1573486328125,0.421875,0.57861328125
436,M_0107_07y7m_1_dysfluent_066,0.08990478515625,0.1070556640625,0.04638671875,0.049407958984375,0.328857421875
437,M_0107_07y7m_1_dysfluent_067,0.1341552734375,0.103759765625,0.032470703125,0.060638427734375,0.318115234375
438,M_0107_07y7m_1_dysfluent_068,0.03656005859375,0.1373291015625,0.20849609375,0.2880859375,0.38916015625
439,M_0107_07y7m_1_dysfluent_069,0.03302001953125,0.1593017578125,0.26953125,0.32177734375,0.28564453125
440,M_0107_07y7m_1_dysfluent_070,0.03302001953125,0.1593017578125,0.26953125,0.32177734375,0.28564453125
441,M_0107_07y7m_1_fluent_000,0.0292510986328125,0.203125,0.05645751953125,0.0982666015625,0.2269287109375
442,M_0107_07y7m_1_fluent_001,0.027435302734375,0.06512451171875,0.0174407958984375,0.01490020751953125,0.0273284912109375
443,M_0107_07y7m_1_fluent_002,0.0238189697265625,0.0706787109375,0.017303466796875,0.0160980224609375,0.0261077880859375
444,M_0107_07y7m_1_fluent_003,0.02655029296875,0.09967041015625,0.0262603759765625,0.029083251953125,0.0252685546875
445,M_0107_07y7m_1_fluent_004,0.025665283203125,0.1370849609375,0.09503173828125,0.177490234375,0.134765625
446,M_0107_07y7m_1_fluent_005,0.0567626953125,0.1859130859375,0.01129150390625,0.042816162109375,0.353515625
447,M_0107_07y7m_1_fluent_006,0.38916015625,0.4365234375,0.52197265625,0.155029296875,0.306884765625
448,M_0107_07y7m_1_fluent_007,0.024993896484375,0.09075927734375,0.0306243896484375,0.03192138671875,0.02801513671875
449,M_0107_07y7m_1_fluent_008,0.0240020751953125,0.1083984375,0.024566650390625,0.03436279296875,0.042236328125
450,M_0107_07y7m_1_fluent_009,0.0457763671875,0.2247314453125,0.01306915283203125,0.036895751953125,0.1865234375
451,M_0107_07y7m_1_fluent_010,0.0302734375,0.1519775390625,0.0391845703125,0.10394287109375,0.1749267578125
452,M_0107_07y7m_1_fluent_011,0.025665283203125,0.08880615234375,0.035552978515625,0.033203125,0.028594970703125
453,M_0107_07y7m_1_fluent_012,0.0268096923828125,0.15625,0.041229248046875,0.08990478515625,0.15185546875
454,M_0107_07y7m_1_fluent_013,0.044342041015625,0.2288818359375,0.058349609375,0.040924072265625,0.03216552734375
455,M_0107_07y7m_1_fluent_014,0.033660888671875,0.1636962890625,0.027740478515625,0.04840087890625,0.03216552734375
456,M_0107_07y7m_1_fluent_015,0.0469970703125,0.2418212890625,0.03228759765625,0.043121337890625,0.029876708984375
457,M_0107_07y7m_1_fluent_016,0.033599853515625,0.1573486328125,0.07611083984375,0.08404541015625,0.1724853515625
458,M_0107_07y7m_1_fluent_017,0.04193115234375,0.181396484375,0.054412841796875,0.050506591796875,0.1312255859375
459,M_0107_07y7m_1_fluent_018,0.15234375,0.2333984375,0.08331298828125,0.047882080078125,0.0948486328125
460,M_0107_07y7m_1_fluent_019,0.030792236328125,0.1363525390625,0.0224151611328125,0.0482177734375,0.03448486328125
461,M_0107_07y7m_1_fluent_020,0.034088134765625,0.06597900390625,0.0121002197265625,0.0164642333984375,0.038970947265625
462,M_0107_07y7m_1_fluent_021,0.03179931640625,0.14404296875,0.1654052734375,0.2142333984375,0.123779296875
463,M_0107_07y7m_1_fluent_022,0.03607177734375,0.12445068359375,0.036163330078125,0.07196044921875,0.038543701171875
464,M_0107_07y7m_1_fluent_023,0.07684326171875,0.226318359375,0.033843994140625,0.05108642578125,0.556640625
465,M_0121_11y1m_1_dysfluent_000,0.0289306640625,0.158935546875,0.053009033203125,0.040374755859375,0.093505859375
466,M_0121_11y1m_1_dysfluent_001,0.0489501953125,0.2010498046875,0.2132568359375,0.06085205078125,0.126220703125
467,M_0121_11y1m_1_dysfluent_002,0.060516357421875,0.2822265625,0.38818359375,0.100341796875,0.1375732421875
468,M_0121_11y1m_1_dysfluent_003,0.09844970703125,0.10723876953125,0.0202484130859375,0.0261993408203125,0.2044677734375
469,M_0121_11y1m_1_dysfluent_004,0.09844970703125,0.10723876953125,0.0202484130859375,0.0261993408203125,0.2044677734375
470,M_0121_11y1m_1_dysfluent_005,0.102294921875,0.15673828125,0.03460693359375,0.077392578125,0.25439453125
471,M_0121_11y1m_1_dysfluent_006,0.1190185546875,0.1507568359375,0.059539794921875,0.1041259765625,0.287109375
472,M_0121_11y1m_1_dysfluent_007,0.177978515625,0.1121826171875,0.05560302734375,0.11859130859375,0.8623046875
473,M_0121_11y1m_1_dysfluent_008,0.10174560546875,0.240966796875,0.1669921875,0.16162109375,0.5400390625
474,M_0121_11y1m_1_dysfluent_009,0.09844970703125,0.5146484375,0.37255859375,0.0816650390625,0.08538818359375
475,M_0121_11y1m_1_dysfluent_010,0.09844970703125,0.5146484375,0.37255859375,0.0816650390625,0.08538818359375
476,M_0121_11y1m_1_dysfluent_011,0.11163330078125,0.20703125,0.08526611328125,0.035888671875,0.021331787109375
477,M_0121_11y1m_1_dysfluent_012,0.048492431640625,0.1866455078125,0.1475830078125,0.036224365234375,0.035736083984375
478,M_0121_11y1m_1_dysfluent_013,0.03277587890625,0.2216796875,0.2474365234375,0.089111328125,0.10125732421875
479,M_0121_11y1m_1_dysfluent_014,0.06939697265625,0.233154296875,0.36474609375,0.188720703125,0.2059326171875
480,M_0121_11y1m_1_dysfluent_015,0.06939697265625,0.233154296875,0.364501953125,0.188720703125,0.2059326171875
481,M_0121_11y1m_1_dysfluent_016,0.164306640625,0.2198486328125,0.1236572265625,0.10595703125,0.82763671875
482,M_0121_11y1m_1_dysfluent_017,0.159912109375,0.284423828125,0.2208251953125,0.1376953125,0.76220703125
483,M_0121_11y1m_1_dysfluent_018,0.159912109375,0.2841796875,0.2208251953125,0.1378173828125,0.76171875
484,M_0121_11y1m_1_dysfluent_019,0.052032470703125,0.1556396484375,0.09808349609375,0.037261962890625,0.08038330078125
485,M_0121_11y1m_1_dysfluent_020,0.03192138671875,0.204833984375,0.223876953125,0.04949951171875,0.058135986328125
486,M_0121_11y1m_1_dysfluent_021,0.08343505859375,0.28076171875,0.328125,0.260498046875,0.252685546875
487,M_0121_11y1m_1_dysfluent_022,0.203369140625,0.34033203125,0.50830078125,0.11126708984375,0.2105712890625
488,M_0121_11y1m_1_dysfluent_023,0.203369140625,0.340087890625,0.50830078125,0.11126708984375,0.2108154296875
489,M_0121_11y1m_1_dysfluent_024,0.1124267578125,0.156494140625,0.160888671875,0.05126953125,0.294921875
490,M_0121_11y1m_1_dysfluent_025,0.09930419921875,0.26220703125,0.53466796875,0.1607666015625,0.1678466796875
491,M_0121_11y1m_1_dysfluent_026,0.09332275390625,0.1829833984375,0.240234375,0.076416015625,0.16845703125
492,M_0121_11y1m_1_dysfluent_027,0.06842041015625,0.1815185546875,0.240478515625,0.0869140625,0.262939453125
493,M_0121_11y1m_1_dysfluent_028,0.06304931640625,0.260498046875,0.487060546875,0.1492919921875,0.1202392578125
494,M_0121_11y1m_1_dysfluent_029,0.091552734375,0.49072265625,0.11126708984375,0.0201416015625,0.08123779296875
495,M_0121_11y1m_1_dysfluent_030,0.048126220703125,0.41845703125,0.1280517578125,0.0322265625,0.09600830078125
496,M_0121_11y1m_1_dysfluent_031,0.07318115234375,0.388916015625,0.091552734375,0.021453857421875,0.04803466796875
497,M_0121_11y1m_1_dysfluent_032,0.07318115234375,0.388916015625,0.091552734375,0.021453857421875,0.04803466796875
498,M_0121_11y1m_1_dysfluent_033,0.06707763671875,0.17578125,0.1441650390625,0.045684814453125,0.1104736328125
499,M_0121_11y1m_1_dysfluent_034,0.03436279296875,0.2359619140625,0.315673828125,0.08404541015625,0.07708740234375
500,M_0121_11y1m_1_dysfluent_035,0.03271484375,0.234375,0.29736328125,0.08209228515625,0.0740966796875
501,M_0121_11y1m_1_dysfluent_036,0.09417724609375,0.400146484375,0.515625,0.1634521484375,0.3115234375
502,M_0121_11y1m_1_dysfluent_037,0.09979248046875,0.09271240234375,0.0604248046875,0.04681396484375,0.08251953125
503,M_0121_11y1m_1_dysfluent_038,0.03204345703125,0.2047119140625,0.1527099609375,0.05877685546875,0.2100830078125
504,M_0121_11y1m_1_dysfluent_039,0.03204345703125,0.2047119140625,0.1527099609375,0.05877685546875,0.2100830078125
505,M_0121_11y1m_1_dysfluent_040,0.041229248046875,0.33251953125,0.448974609375,0.1309814453125,0.080810546875
506,M_0121_11y1m_1_dysfluent_041,0.041229248046875,0.33251953125,0.448974609375,0.1309814453125,0.080810546875
507,M_0121_11y1m_1_dysfluent_042,0.027435302734375,0.21630859375,0.07147216796875,0.06561279296875,0.10858154296875
508,M_0121_11y1m_1_dysfluent_043,0.027435302734375,0.21630859375,0.07147216796875,0.06561279296875,0.10858154296875
509,M_0121_11y1m_1_dysfluent_044,0.0765380859375,0.21142578125,0.30126953125,0.2327880859375,0.1513671875
510,M_0121_11y1m_1_dysfluent_045,0.1439208984375,0.309326171875,0.1451416015625,0.03143310546875,0.184814453125
511,M_0121_11y1m_1_dysfluent_046,0.1812744140625,0.2379150390625,0.1474609375,0.0293121337890625,0.31298828125
512,M_0121_11y1m_1_dysfluent_047,0.040771484375,0.2303466796875,0.1571044921875,0.049041748046875,0.13330078125
513,M_0121_11y1m_1_dysfluent_048,0.040771484375,0.2305908203125,0.1573486328125,0.049041748046875,0.1331787109375
514,M_0121_11y1m_1_dysfluent_049,0.283447265625,0.29345703125,0.09320068359375,0.09185791015625,0.2305908203125
515,M_0121_11y1m_1_dysfluent_050,0.283447265625,0.29345703125,0.09320068359375,0.09185791015625,0.2305908203125
516,M_0121_11y1m_1_dysfluent_051,0.27490234375,0.114990234375,0.0509033203125,0.0391845703125,0.1800537109375
517,M_0121_11y1m_1_dysfluent_052,0.060516357421875,0.3603515625,0.457275390625,0.181640625,0.255615234375
518,M_0121_11y1m_1_dysfluent_053,0.052825927734375,0.355224609375,0.434814453125,0.14013671875,0.158203125
519,M_0121_11y1m_1_dysfluent_054,0.14453125,0.2137451171875,0.15283203125,0.10015869140625,0.20556640625
520,M_0121_11y1m_1_dysfluent_055,0.1446533203125,0.2138671875,0.15283203125,0.10015869140625,0.2054443359375
521,M_0121_11y1m_1_dysfluent_056,0.09967041015625,0.131591796875,0.08599853515625,0.039794921875,0.6455078125
522,M_0121_11y1m_1_dysfluent_057,0.0472412109375,0.12939453125,0.09417724609375,0.035614013671875,0.0802001953125
523,M_0121_11y1m_1_dysfluent_058,0.0517578125,0.2078857421875,0.07476806640625,0.03875732421875,0.1279296875
524,M_0121_11y1m_1_dysfluent_059,0.060760498046875,0.43310546875,0.342041015625,0.157958984375,0.2166748046875
525,M_0121_11y1m_1_dysfluent_060,0.078369140625,0.1617431640625,0.144775390625,0.059539794921875,0.12127685546875
526,M_0121_11y1m_1_dysfluent_061,0.063720703125,0.28369140625,0.268310546875,0.055816650390625,0.0455322265625
527,M_0121_11y1m_1_dysfluent_062,0.1015625,0.3291015625,0.1671142578125,0.039794921875,0.051544189453125
528,M_0121_11y1m_1_dysfluent_063,0.293212890625,0.1578369140625,0.127197265625,0.227294921875,0.6494140625
529,M_0121_11y1m_1_dysfluent_064,0.265625,0.1422119140625,0.080078125,0.1597900390625,0.869140625
530,M_0121_11y1m_1_dysfluent_065,0.265625,0.1422119140625,0.080078125,0.1597900390625,0.869140625
531,M_0121_11y1m_1_dysfluent_066,0.1014404296875,0.08343505859375,0.07171630859375,0.1318359375,0.7998046875
532,M_0121_11y1m_1_dysfluent_067,0.1014404296875,0.08343505859375,0.07171630859375,0.1318359375,0.7998046875
533,M_0121_11y1m_1_dysfluent_068,0.019683837890625,0.1514892578125,0.10284423828125,0.054595947265625,0.07342529296875
534,M_0121_11y1m_1_dysfluent_069,0.03704833984375,0.2978515625,0.28515625,0.0794677734375,0.09588623046875
535,M_0121_11y1m_1_dysfluent_070,0.044525146484375,0.30224609375,0.151611328125,0.035675048828125,0.061981201171875
536,M_0121_11y1m_1_dysfluent_071,0.259521484375,0.38623046875,0.397705078125,0.0849609375,0.144287109375
537,M_0121_11y1m_1_dysfluent_072,0.259521484375,0.38623046875,0.397705078125,0.0849609375,0.144287109375
538,M_0121_11y1m_1_dysfluent_073,0.11676025390625,0.351806640625,0.5185546875,0.1583251953125,0.51318359375
539,M_0121_11y1m_1_dysfluent_074,0.158935546875,0.2314453125,0.1953125,0.07354736328125,0.73974609375
540,M_0121_11y1m_1_dysfluent_075,0.0975341796875,0.1724853515625,0.146484375,0.0836181640625,0.72998046875
541,M_0121_11y1m_1_dysfluent_076,0.038238525390625,0.1727294921875,0.301513671875,0.1524658203125,0.1806640625
542,M_0121_11y1m_1_dysfluent_077,0.08197021484375,0.266357421875,0.193115234375,0.06683349609375,0.390380859375
543,M_0121_11y1m_1_dysfluent_078,0.08197021484375,0.266357421875,0.193115234375,0.06683349609375,0.390380859375
544,M_0121_11y1m_1_dysfluent_079,0.072509765625,0.291259765625,0.1767578125,0.054412841796875,0.3828125
545,M_0121_11y1m_1_dysfluent_080,0.072509765625,0.29150390625,0.177001953125,0.054412841796875,0.3828125
546,M_0121_11y1m_1_dysfluent_081,0.0794677734375,0.51611328125,0.23681640625,0.06097412109375,0.11474609375
547,M_0121_11y1m_1_dysfluent_082,0.0640869140625,0.476318359375,0.388427734375,0.07861328125,0.10089111328125
548,M_0121_11y1m_1_dysfluent_083,0.1473388671875,0.26953125,0.2088623046875,0.1773681640625,0.298828125
549,M_0121_11y1m_1_dysfluent_084,0.1473388671875,0.26953125,0.2086181640625,0.1773681640625,0.298828125
550,M_0121_11y1m_1_dysfluent_085,0.0838623046875,0.290771484375,0.37158203125,0.154052734375,0.1669921875
551,M_0121_11y1m_1_dysfluent_086,0.0943603515625,0.3701171875,0.5185546875,0.131103515625,0.11553955078125
552,M_0121_11y1m_1_dysfluent_087,0.0616455078125,0.376220703125,0.487060546875,0.135498046875,0.07806396484375
553,M_0121_11y1m_1_dysfluent_088,0.0616455078125,0.376220703125,0.487060546875,0.135498046875,0.07806396484375
554,M_0121_11y1m_1_dysfluent_089,0.0390625,0.1663818359375,0.1510009765625,0.1259765625,0.42626953125
555,M_0121_11y1m_1_dysfluent_090,0.5302734375,0.147216796875,0.07879638671875,0.041473388671875,0.2078857421875
556,M_0121_11y1m_1_dysfluent_091,0.5302734375,0.147216796875,0.07879638671875,0.041473388671875,0.2078857421875
557,M_0121_11y1m_1_dysfluent_092,0.03192138671875,0.12646484375,0.15673828125,0.07794189453125,0.1124267578125
558,M_0121_11y1m_1_dysfluent_093,0.03192138671875,0.12646484375,0.15673828125,0.07781982421875,0.1124267578125
559,M_0121_11y1m_1_dysfluent_094,0.037322998046875,0.2452392578125,0.322509765625,0.0999755859375,0.100341796875
560,M_0121_11y1m_1_dysfluent_095,0.037322998046875,0.2452392578125,0.322509765625,0.0999755859375,0.100341796875
561,M_0121_11y1m_1_dysfluent_096,0.1202392578125,0.185302734375,0.26708984375,0.086181640625,0.08770751953125
562,M_0121_11y1m_1_dysfluent_097,0.158203125,0.1771240234375,0.17138671875,0.07696533203125,0.1318359375
563,M_0121_11y1m_1_dysfluent_098,0.1209716796875,0.157470703125,0.051544189453125,0.06524658203125,0.147705078125
564,M_0121_11y1m_1_dysfluent_099,0.1209716796875,0.157470703125,0.051544189453125,0.06524658203125,0.147705078125
565,M_0121_11y1m_1_dysfluent_100,0.124755859375,0.18505859375,0.0743408203125,0.07965087890625,0.53662109375
566,M_0121_11y1m_1_dysfluent_101,0.095703125,0.1463623046875,0.03759765625,0.0369873046875,0.09722900390625
567,M_0121_11y1m_1_dysfluent_102,0.048126220703125,0.287353515625,0.194091796875,0.177978515625,0.182373046875
568,M_0121_11y1m_1_dysfluent_103,0.038238525390625,0.2359619140625,0.1820068359375,0.13427734375,0.085693359375
569,M_0121_11y1m_1_dysfluent_104,0.037200927734375,0.1795654296875,0.06658935546875,0.10052490234375,0.087890625
570,M_0121_11y1m_1_dysfluent_105,0.029815673828125,0.178955078125,0.0965576171875,0.1104736328125,0.08416748046875
571,M_0121_11y1m_1_fluent_000,0.038177490234375,0.182373046875,0.1751708984375,0.041839599609375,0.0259552001953125
572,M_0121_11y1m_1_fluent_001,0.03875732421875,0.1705322265625,0.1771240234375,0.037384033203125,0.026763916015625
573,M_0121_11y1m_1_fluent_002,0.04046630859375,0.1798095703125,0.1937255859375,0.040771484375,0.026153564453125
574,M_0121_11y1m_1_fluent_003,0.036712646484375,0.1583251953125,0.1685791015625,0.041473388671875,0.0330810546875
575,M_0121_11y1m_1_fluent_004,0.042022705078125,0.17626953125,0.288818359375,0.053985595703125,0.041473388671875
576,M_0121_11y1m_1_fluent_005,0.028167724609375,0.14013671875,0.19091796875,0.047882080078125,0.041839599609375
577,M_0121_11y1m_1_fluent_006,0.06524658203125,0.203125,0.045867919921875,0.061187744140625,0.3056640625
578,M_0121_11y1m_1_fluent_007,0.050811767578125,0.1392822265625,0.116943359375,0.0242767333984375,0.02203369140625
579,M_0121_11y1m_1_fluent_008,0.042022705078125,0.1331787109375,0.110107421875,0.0272674560546875,0.0292510986328125
580,M_0121_15y1m_1_dysfluent_000,0.051361083984375,0.09930419921875,0.0703125,0.0217742919921875,0.050994873046875
581,M_0121_15y1m_1_dysfluent_001,0.07904052734375,0.302978515625,0.392822265625,0.07684326171875,0.248046875
582,M_0121_15y1m_1_dysfluent_002,0.11578369140625,0.257568359375,0.2342529296875,0.05633544921875,0.340576171875
583,M_0121_15y1m_1_dysfluent_003,0.06524658203125,0.264892578125,0.382568359375,0.142333984375,0.399658203125
584,M_0121_15y1m_1_dysfluent_004,0.09912109375,0.383056640625,0.63623046875,0.16748046875,0.2293701171875
585,M_0121_15y1m_1_dysfluent_005,0.06280517578125,0.31787109375,0.36083984375,0.051544189453125,0.1304931640625
586,M_0121_15y1m_1_dysfluent_006,0.13037109375,0.355224609375,0.3037109375,0.0482177734375,0.370361328125
587,M_0121_15y1m_1_dysfluent_007,0.1134033203125,0.46044921875,0.10614013671875,0.01898193359375,0.07666015625
588,M_0121_15y1m_1_dysfluent_008,0.06915283203125,0.34814453125,0.06707763671875,0.021820068359375,0.12261962890625
589,M_0121_15y1m_1_dysfluent_009,0.1396484375,0.2470703125,0.097412109375,0.10894775390625,0.495361328125
590,M_0121_15y1m_1_dysfluent_010,0.1295166015625,0.3408203125,0.244140625,0.2120361328125,0.6064453125
591,M_0121_15y1m_1_dysfluent_011,0.1015625,0.42724609375,0.322021484375,0.11474609375,0.1639404296875
592,M_0121_15y1m_1_dysfluent_012,0.07476806640625,0.380859375,0.449462890625,0.09967041015625,0.12042236328125
593,M_0121_15y1m_1_dysfluent_013,0.07666015625,0.343505859375,0.59716796875,0.1937255859375,0.1639404296875
594,M_0121_15y1m_1_dysfluent_014,0.08416748046875,0.29150390625,0.3330078125,0.07708740234375,0.380859375
595,M_0121_15y1m_1_dysfluent_015,0.175537109375,0.2386474609375,0.2393798828125,0.2315673828125,0.62353515625
596,M_0121_15y1m_1_dysfluent_016,0.140625,0.281982421875,0.2255859375,0.1202392578125,0.6025390625
597,M_0121_15y1m_1_dysfluent_017,0.11517333984375,0.26806640625,0.160400390625,0.10321044921875,0.48583984375
598,M_0121_15y1m_1_dysfluent_018,0.0560302734375,0.151611328125,0.2091064453125,0.07476806640625,0.2269287109375
599,M_0121_15y1m_1_dysfluent_019,0.054901123046875,0.193603515625,0.06439208984375,0.024932861328125,0.1268310546875
600,M_0121_15y1m_1_dysfluent_020,0.0282135009765625,0.2744140625,0.1396484375,0.05126953125,0.06982421875
601,M_0121_15y1m_1_dysfluent_021,0.06793212890625,0.292724609375,0.2158203125,0.05877685546875,0.204345703125
602,M_0121_15y1m_1_dysfluent_022,0.059539794921875,0.2208251953125,0.230712890625,0.04376220703125,0.1492919921875
603,M_0121_15y1m_1_dysfluent_023,0.126953125,0.2493896484375,0.205078125,0.08599853515625,0.60791015625
604,M_0121_15y1m_1_dysfluent_024,0.1292724609375,0.23388671875,0.141357421875,0.0792236328125,0.26318359375
605,M_0121_15y1m_1_dysfluent_025,0.1292724609375,0.23388671875,0.141357421875,0.0792236328125,0.26318359375
606,M_0121_15y1m_1_dysfluent_026,0.1905517578125,0.393798828125,0.4365234375,0.10394287109375,0.1883544921875
607,M_0121_15y1m_1_dysfluent_027,0.474853515625,0.450439453125,0.57080078125,0.10992431640625,0.1719970703125
608,M_0121_15y1m_1_dysfluent_028,0.12493896484375,0.157470703125,0.08819580078125,0.027374267578125,0.2203369140625
609,M_0121_15y1m_1_dysfluent_029,0.143798828125,0.271240234375,0.196044921875,0.0521240234375,0.289794921875
610,M_0121_15y1m_1_dysfluent_030,0.165283203125,0.284423828125,0.33984375,0.11578369140625,0.281494140625
611,M_0121_15y1m_1_dysfluent_031,0.09088134765625,0.322021484375,0.3720703125,0.102294921875,0.2235107421875
612,M_0121_15y1m_1_dysfluent_032,0.116943359375,0.420166015625,0.23876953125,0.03704833984375,0.2039794921875
613,M_0121_15y1m_1_dysfluent_033,0.07421875,0.3251953125,0.412353515625,0.12286376953125,0.220458984375
614,M_0121_15y1m_1_dysfluent_034,0.45751953125,0.282470703125,0.3251953125,0.07171630859375,0.390869140625
615,M_0121_15y1m_1_dysfluent_035,0.41943359375,0.30322265625,0.3701171875,0.106689453125,0.51025390625
616,M_0121_15y1m_1_dysfluent_036,0.1019287109375,0.353759765625,0.50927734375,0.08819580078125,0.336669921875
617,M_0121_15y1m_1_dysfluent_037,0.1756591796875,0.35302734375,0.35546875,0.042236328125,0.10577392578125
618,M_0121_15y1m_1_dysfluent_038,0.274658203125,0.339599609375,0.1961669921875,0.0217437744140625,0.0775146484375
619,M_0121_15y1m_1_dysfluent_039,0.2042236328125,0.424560546875,0.260009765625,0.0259552001953125,0.1314697265625
620,M_0121_15y1m_1_dysfluent_040,0.1820068359375,0.296142578125,0.264892578125,0.034088134765625,0.391845703125
621,M_0121_15y1m_1_dysfluent_041,0.1822509765625,0.4228515625,0.2135009765625,0.0246124267578125,0.25244140625
622,M_0121_15y1m_1_dysfluent_042,0.250732421875,0.396240234375,0.21240234375,0.0262603759765625,0.275390625
623,M_0121_15y1m_1_dysfluent_043,0.201171875,0.427734375,0.41748046875,0.056243896484375,0.2958984375
624,M_0121_15y1m_1_dysfluent_044,0.10015869140625,0.273681640625,0.100341796875,0.03582763671875,0.33544921875
625,M_0121_15y1m_1_dysfluent_045,0.070068359375,0.3388671875,0.224853515625,0.047882080078125,0.23974609375
626,M_0121_15y1m_1_dysfluent_046,0.09368896484375,0.286865234375,0.10247802734375,0.0154876708984375,0.1063232421875
627,M_0121_15y1m_1_dysfluent_047,0.08758544921875,0.22119140625,0.240966796875,0.035888671875,0.12890625
628,M_0121_15y1m_1_dysfluent_048,0.1387939453125,0.45751953125,0.435302734375,0.0521240234375,0.1802978515625
629,M_0121_15y1m_1_dysfluent_049,0.0965576171875,0.2276611328125,0.06744384765625,0.036834716796875,0.1893310546875
630,M_0121_15y1m_1_dysfluent_050,0.041839599609375,0.11474609375,0.100341796875,0.044342041015625,0.299560546875
631,M_0121_15y1m_1_dysfluent_051,0.09912109375,0.1822509765625,0.04986572265625,0.0125732421875,0.049774169921875
632,M_0121_15y1m_1_dysfluent_052,0.10430908203125,0.40478515625,0.11376953125,0.0411376953125,0.09271240234375
633,M_0121_15y1m_1_dysfluent_053,0.0838623046875,0.311767578125,0.36279296875,0.061431884765625,0.06903076171875
634,M_0121_15y1m_1_dysfluent_054,0.08050537109375,0.343994140625,0.3017578125,0.061309814453125,0.1365966796875
635,M_0121_15y1m_1_dysfluent_055,0.08050537109375,0.343994140625,0.3017578125,0.061309814453125,0.1365966796875
636,M_0121_15y1m_1_dysfluent_056,0.10577392578125,0.347412109375,0.185302734375,0.053985595703125,0.1844482421875
637,M_0121_15y1m_1_dysfluent_057,0.1585693359375,0.301025390625,0.244873046875,0.061431884765625,0.6474609375
638,M_0121_15y1m_1_dysfluent_058,0.06524658203125,0.244384765625,0.33056640625,0.0802001953125,0.468505859375
639,M_0121_15y1m_1_dysfluent_059,0.2237548828125,0.2218017578125,0.1480712890625,0.02423095703125,0.33349609375
640,M_0121_15y1m_1_dysfluent_060,0.0374755859375,0.12054443359375,0.07122802734375,0.036712646484375,0.060211181640625
641,M_0121_15y1m_1_dysfluent_061,0.281494140625,0.32568359375,0.276611328125,0.043365478515625,0.400146484375
642,M_0121_15y1m_1_dysfluent_062,0.281494140625,0.32568359375,0.276611328125,0.043365478515625,0.400634765625
643,M_0121_15y1m_1_dysfluent_063,0.050048828125,0.226806640625,0.12322998046875,0.05145263671875,0.09234619140625
644,M_0121_15y1m_1_dysfluent_064,0.050048828125,0.226806640625,0.12322998046875,0.05145263671875,0.09234619140625
645,M_0121_15y1m_1_dysfluent_065,0.1396484375,0.335205078125,0.09967041015625,0.0174407958984375,0.056549072265625
646,M_0121_15y1m_1_dysfluent_066,0.080810546875,0.360595703125,0.36962890625,0.0482177734375,0.08880615234375
647,M_0121_15y1m_1_dysfluent_067,0.1177978515625,0.401123046875,0.5576171875,0.07977294921875,0.137451171875
648,M_0121_15y1m_1_dysfluent_068,0.07330322265625,0.24560546875,0.4736328125,0.086181640625,0.1727294921875
649,M_0121_15y1m_1_dysfluent_069,0.048126220703125,0.32080078125,0.53564453125,0.1143798828125,0.1533203125
650,M_0121_15y1m_1_dysfluent_070,0.06829833984375,0.33642578125,0.6591796875,0.1871337890625,0.179931640625
651,M_0121_15y1m_1_dysfluent_071,0.51123046875,0.4404296875,0.280029296875,0.032470703125,0.339111328125
652,M_0121_15y1m_1_dysfluent_072,0.63720703125,0.33056640625,0.281005859375,0.0574951171875,0.288818359375
653,M_0121_15y1m_1_dysfluent_073,0.53369140625,0.381103515625,0.441650390625,0.085693359375,0.1661376953125
654,M_0121_15y1m_1_dysfluent_074,0.062103271484375,0.3369140625,0.55029296875,0.1094970703125,0.2186279296875
655,M_0121_15y1m_1_dysfluent_075,0.06475830078125,0.38427734375,0.50341796875,0.122314453125,0.2451171875
656,M_0121_15y1m_1_dysfluent_076,0.058441162109375,0.388427734375,0.441162109375,0.0982666015625,0.1778564453125
657,M_0121_15y1m_1_dysfluent_077,0.08819580078125,0.402099609375,0.431884765625,0.11578369140625,0.230224609375
658,M_0121_15y1m_1_dysfluent_078,0.053802490234375,0.21044921875,0.41015625,0.1475830078125,0.330810546875
659,M_0121_15y1m_1_dysfluent_079,0.06732177734375,0.2359619140625,0.431884765625,0.12646484375,0.40966796875
660,M_0121_15y1m_1_dysfluent_080,0.06829833984375,0.2437744140625,0.56982421875,0.18701171875,0.2293701171875
661,M_0121_15y1m_1_dysfluent_081,0.160888671875,0.22265625,0.167236328125,0.06634521484375,0.416259765625
662,M_0121_15y1m_1_dysfluent_082,0.102294921875,0.160888671875,0.1424560546875,0.05645751953125,0.5
663,M_0121_15y1m_1_dysfluent_083,0.07598876953125,0.1279296875,0.046295166015625,0.0170440673828125,0.206298828125
664,M_0121_15y1m_1_dysfluent_084,0.07598876953125,0.1279296875,0.046295166015625,0.0170440673828125,0.206298828125
665,M_0121_15y1m_1_dysfluent_085,0.1925048828125,0.174072265625,0.139892578125,0.04193115234375,0.394287109375
666,M_0121_15y1m_1_dysfluent_086,0.1925048828125,0.174072265625,0.139892578125,0.04193115234375,0.394287109375
667,M_0121_15y1m_1_dysfluent_087,0.1424560546875,0.22509765625,0.1851806640625,0.07318115234375,0.5009765625
668,M_0121_15y1m_1_dysfluent_088,0.1424560546875,0.22509765625,0.1851806640625,0.07318115234375,0.5009765625
669,M_0121_15y1m_1_dysfluent_089,0.1689453125,0.259521484375,0.1973876953125,0.0751953125,0.5400390625
670,M_0121_15y1m_1_dysfluent_090,0.195556640625,0.27392578125,0.217529296875,0.07806396484375,0.61181640625
671,M_0121_15y1m_1_dysfluent_091,0.1490478515625,0.2161865234375,0.273681640625,0.086181640625,0.6142578125
672,M_0121_15y1m_1_dysfluent_092,0.10595703125,0.2861328125,0.308349609375,0.03802490234375,0.1497802734375
673,M_0121_15y1m_1_dysfluent_093,0.20654296875,0.11279296875,0.145263671875,0.052032470703125,0.46826171875
674,M_0121_15y1m_1_dysfluent_094,0.1859130859375,0.34033203125,0.43408203125,0.134765625,0.517578125
675,M_0121_15y1m_1_dysfluent_095,0.285888671875,0.29736328125,0.39306640625,0.226806640625,0.70654296875
676,M_0121_15y1m_1_dysfluent_096,0.393798828125,0.31005859375,0.307373046875,0.12493896484375,0.71875
677,M_0121_15y1m_1_dysfluent_097,0.21044921875,0.22607421875,0.109130859375,0.0206451416015625,0.1746826171875
678,M_0121_15y1m_1_dysfluent_098,0.08404541015625,0.1749267578125,0.09857177734375,0.03143310546875,0.30322265625
679,M_0121_15y1m_1_dysfluent_099,0.124755859375,0.44921875,0.462646484375,0.0830078125,0.2288818359375
680,M_0121_15y1m_1_fluent_000,0.0728759765625,0.332275390625,0.57958984375,0.191650390625,0.082275390625
681,M_0121_15y1m_1_fluent_001,0.04876708984375,0.2393798828125,0.299072265625,0.0794677734375,0.05291748046875
682,M_0121_15y1m_1_fluent_002,0.045867919921875,0.2255859375,0.38134765625,0.1165771484375,0.0469970703125
683,M_0121_15y1m_1_fluent_003,0.06427001953125,0.270263671875,0.2476806640625,0.041534423828125,0.0831298828125
684,M_0121_15y1m_1_fluent_004,0.04168701171875,0.2406005859375,0.301513671875,0.11517333984375,0.036834716796875
685,M_0121_15y1m_1_fluent_005,0.1094970703125,0.1260986328125,0.142578125,0.04217529296875,0.321044921875
686,M_0121_15y1m_1_fluent_006,0.04931640625,0.270751953125,0.443603515625,0.156005859375,0.05572509765625
687,M_0121_15y1m_1_fluent_007,0.08477783203125,0.26904296875,0.5185546875,0.12042236328125,0.06695556640625
688,M_0121_15y1m_1_fluent_008,0.06732177734375,0.26806640625,0.11065673828125,0.04248046875,0.028656005859375
689,M_0121_15y1m_1_fluent_009,0.04931640625,0.30029296875,0.434814453125,0.09857177734375,0.181884765625
690,M_0121_15y1m_1_fluent_010,0.0889892578125,0.323486328125,0.467529296875,0.079345703125,0.09588623046875
691,M_0121_15y1m_1_fluent_011,0.12493896484375,0.3037109375,0.072509765625,0.0278472900390625,0.03875732421875
692,M_0121_15y1m_1_fluent_012,0.06658935546875,0.3369140625,0.56640625,0.1773681640625,0.0849609375
693,M_0121_15y1m_1_fluent_013,0.118408203125,0.505859375,0.36279296875,0.06304931640625,0.131591796875
694,M_0121_15y1m_1_fluent_014,0.0703125,0.2060546875,0.40478515625,0.1988525390625,0.05389404296875
695,M_0121_15y1m_1_fluent_015,0.06927490234375,0.309326171875,0.216796875,0.07421875,0.048583984375
696,M_0121_15y1m_1_fluent_016,0.05291748046875,0.263671875,0.25048828125,0.045867919921875,0.06109619140625
697,M_0121_15y1m_1_fluent_017,0.06488037109375,0.245849609375,0.364501953125,0.1014404296875,0.06488037109375
698,M_0121_15y1m_1_fluent_018,0.114990234375,0.435791015625,0.3154296875,0.064208984375,0.143310546875
699,M_0121_15y1m_1_fluent_019,0.037261962890625,0.260498046875,0.41796875,0.097412109375,0.08868408203125
700,M_0121_15y1m_1_fluent_020,0.050140380859375,0.199462890625,0.37353515625,0.152099609375,0.050140380859375
701,M_0121_15y1m_1_fluent_021,0.07080078125,0.20654296875,0.3076171875,0.08197021484375,0.06671142578125
702,M_0121_15y1m_1_fluent_022,0.03955078125,0.1639404296875,0.185791015625,0.044281005859375,0.08416748046875
703,M_0121_15y1m_1_fluent_023,0.033966064453125,0.149169921875,0.178466796875,0.0526123046875,0.06427001953125
704,M_0121_15y1m_1_fluent_024,0.051177978515625,0.2076416015625,0.295166015625,0.06939697265625,0.07275390625
705,M_0121_15y1m_1_fluent_025,0.079345703125,0.3720703125,0.51220703125,0.0966796875,0.0855712890625
706,M_0121_15y1m_1_fluent_026,0.0567626953125,0.3447265625,0.370849609375,0.06671142578125,0.05560302734375
707,M_0121_15y1m_1_fluent_027,0.045013427734375,0.3017578125,0.48046875,0.106689453125,0.10614013671875
708,M_0121_15y1m_1_fluent_028,0.0489501953125,0.27685546875,0.35302734375,0.0943603515625,0.091064453125
709,M_0121_15y1m_1_fluent_029,0.03704833984375,0.1265869140625,0.167236328125,0.0699462890625,0.042327880859375
710,M_0121_15y1m_1_fluent_030,0.0230712890625,0.18994140625,0.079345703125,0.04534912109375,0.0285491943359375
711,M_0121_15y1m_1_fluent_031,0.035400390625,0.118408203125,0.00926971435546875,0.01495361328125,0.061431884765625
712,M_0121_15y1m_1_fluent_032,0.092529296875,0.2127685546875,0.284423828125,0.08038330078125,0.132080078125
713,M_0121_15y1m_1_fluent_033,0.07586669921875,0.3857421875,0.421875,0.12408447265625,0.1033935546875
714,M_0121_15y1m_1_fluent_034,0.080078125,0.2406005859375,0.50341796875,0.25341796875,0.079345703125
715,M_0121_15y1m_1_fluent_035,0.09466552734375,0.48876953125,0.339599609375,0.0709228515625,0.1917724609375
716,M_0121_15y1m_1_fluent_036,0.1055908203125,0.42724609375,0.56884765625,0.10284423828125,0.1083984375
717,M_0121_15y1m_1_fluent_037,0.06549072265625,0.179443359375,0.34130859375,0.1007080078125,0.0784912109375
718,M_0121_15y1m_1_fluent_038,0.0953369140625,0.316162109375,0.428466796875,0.0726318359375,0.08587646484375
719,M_0121_15y1m_1_fluent_039,0.10894775390625,0.177978515625,0.421875,0.11474609375,0.05072021484375
720,M_0121_15y1m_1_fluent_040,0.060516357421875,0.35791015625,0.4541015625,0.1348876953125,0.06427001953125
721,M_0121_15y1m_1_fluent_041,0.158447265625,0.3037109375,0.1734619140625,0.034759521484375,0.08868408203125
722,M_0121_15y1m_1_fluent_042,0.041534423828125,0.228271484375,0.2861328125,0.08038330078125,0.0546875
723,M_0121_15y1m_1_fluent_043,0.04510498046875,0.195556640625,0.2161865234375,0.05224609375,0.09771728515625
724,M_0121_15y1m_1_fluent_044,0.03228759765625,0.2017822265625,0.2437744140625,0.059661865234375,0.11163330078125
725,M_0121_15y1m_1_fluent_045,0.043212890625,0.24072265625,0.2398681640625,0.06439208984375,0.042083740234375
726,M_0121_15y1m_1_fluent_046,0.0592041015625,0.31005859375,0.521484375,0.1744384765625,0.07708740234375
727,M_0121_15y1m_1_fluent_047,0.038330078125,0.2734375,0.316162109375,0.09967041015625,0.042236328125
728,M_0121_15y1m_1_fluent_048,0.055511474609375,0.1961669921875,0.06427001953125,0.06427001953125,0.0635986328125
729,M_0121_15y1m_1_fluent_049,0.0592041015625,0.30224609375,0.453857421875,0.1729736328125,0.092041015625
730,M_0121_15y1m_1_fluent_050,0.058990478515625,0.257080078125,0.332275390625,0.07147216796875,0.06671142578125
731,M_0121_15y1m_1_fluent_051,0.09844970703125,0.4599609375,0.51904296875,0.11798095703125,0.1632080078125
732,M_0121_15y1m_1_fluent_052,0.060302734375,0.286376953125,0.51806640625,0.1331787109375,0.06982421875
733,M_0121_15y1m_1_fluent_053,0.11102294921875,0.47900390625,0.2548828125,0.04620361328125,0.090087890625
734,M_0121_15y1m_1_fluent_054,0.09515380859375,0.194580078125,0.409912109375,0.11181640625,0.046630859375
735,M_0121_15y1m_1_fluent_055,0.05865478515625,0.2427978515625,0.338134765625,0.0855712890625,0.06671142578125
736,M_0121_15y1m_1_fluent_056,0.06292724609375,0.267578125,0.274658203125,0.06756591796875,0.26904296875
737,M_0121_15y1m_1_fluent_057,0.0526123046875,0.318359375,0.418212890625,0.1231689453125,0.07763671875
738,M_0121_15y1m_1_fluent_058,0.12744140625,0.285888671875,0.1929931640625,0.0638427734375,0.10992431640625
739,M_0121_15y1m_1_fluent_059,0.040374755859375,0.1871337890625,0.1441650390625,0.036773681640625,0.0374755859375
740,M_0121_15y1m_1_fluent_060,0.08880615234375,0.303955078125,0.17041015625,0.047698974609375,0.0894775390625
741,M_0121_15y1m_1_fluent_061,0.060089111328125,0.32958984375,0.428466796875,0.131591796875,0.08343505859375
742,M_0121_15y1m_1_fluent_062,0.0775146484375,0.25341796875,0.185546875,0.063720703125,0.078369140625
743,M_0121_15y1m_1_fluent_063,0.06707763671875,0.356689453125,0.5830078125,0.1728515625,0.07965087890625
744,M_0121_15y1m_1_fluent_064,0.04638671875,0.3017578125,0.468994140625,0.10247802734375,0.07275390625
745,M_0121_15y1m_1_fluent_065,0.0823974609375,0.1761474609375,0.2298583984375,0.041839599609375,0.156982421875
746,M_0121_15y1m_1_fluent_066,0.0728759765625,0.353271484375,0.52197265625,0.1236572265625,0.1353759765625
747,M_0121_15y1m_1_fluent_067,0.040618896484375,0.2225341796875,0.373046875,0.09686279296875,0.0872802734375
748,M_0121_15y1m_1_fluent_068,0.09912109375,0.140869140625,0.2861328125,0.07183837890625,0.288818359375
749,M_0121_15y1m_1_fluent_069,0.03948974609375,0.18310546875,0.29541015625,0.094482421875,0.08154296875
750,M_0121_15y1m_1_fluent_070,0.143798828125,0.38232421875,0.1279296875,0.027801513671875,0.11578369140625
751,M_0121_15y1m_1_fluent_071,0.04132080078125,0.14794921875,0.11065673828125,0.047882080078125,0.044189453125
752,M_0121_15y1m_1_fluent_072,0.035003662109375,0.169921875,0.17724609375,0.044921875,0.036773681640625
753,M_0121_15y1m_1_fluent_073,0.05633544921875,0.367919921875,0.56640625,0.1392822265625,0.0823974609375
754,M_0121_15y1m_1_fluent_074,0.034698486328125,0.18896484375,0.2401123046875,0.07159423828125,0.06951904296875
755,M_0121_15y1m_1_fluent_075,0.04351806640625,0.302001953125,0.4208984375,0.137939453125,0.06622314453125
756,M_0121_15y1m_1_fluent_076,0.0855712890625,0.348388671875,0.498046875,0.1297607421875,0.140380859375
757,M_0121_15y1m_1_fluent_077,0.022979736328125,0.2161865234375,0.097412109375,0.043365478515625,0.03131103515625
758,M_0121_15y1m_1_fluent_078,0.0526123046875,0.192138671875,0.335693359375,0.12274169921875,0.09722900390625
759,M_0121_15y1m_1_fluent_079,0.033843994140625,0.166015625,0.15576171875,0.044677734375,0.033782958984375
760,M_0553_10y0m_1_dysfluent_000,0.089111328125,0.18994140625,0.048583984375,0.0202178955078125,0.04534912109375
761,M_0553_10y0m_1_dysfluent_001,0.2210693359375,0.41943359375,0.1221923828125,0.0287017822265625,0.237060546875
762,M_0553_10y0m_1_dysfluent_002,0.2318115234375,0.425537109375,0.11029052734375,0.054901123046875,0.1407470703125
763,M_0553_10y0m_1_dysfluent_003,0.1373291015625,0.17138671875,0.0162811279296875,0.01061248779296875,0.06695556640625
764,M_0553_10y0m_1_dysfluent_004,0.287109375,0.314697265625,0.12322998046875,0.01422882080078125,0.157470703125
765,M_0553_10y0m_1_dysfluent_005,0.400634765625,0.261962890625,0.100341796875,0.03912353515625,0.56591796875
766,M_0553_10y0m_1_dysfluent_006,0.1756591796875,0.403564453125,0.26904296875,0.06756591796875,0.146484375
767,M_0553_10y0m_1_dysfluent_007,0.08270263671875,0.3017578125,0.220458984375,0.056640625,0.04327392578125
768,M_0553_10y0m_1_dysfluent_008,0.08270263671875,0.3017578125,0.220458984375,0.0567626953125,0.04327392578125
769,M_0553_10y0m_1_dysfluent_009,0.1484375,0.25927734375,0.0379638671875,0.08465576171875,0.281982421875
770,M_0553_10y0m_1_dysfluent_010,0.1483154296875,0.25927734375,0.03790283203125,0.08477783203125,0.28173828125
771,M_0553_10y0m_1_dysfluent_011,0.1356201171875,0.25537109375,0.034423828125,0.07476806640625,0.47705078125
772,M_0553_10y0m_1_dysfluent_012,0.280517578125,0.279052734375,0.1673583984375,0.0802001953125,0.06610107421875
773,M_0553_10y0m_1_dysfluent_013,0.281494140625,0.279296875,0.16748046875,0.08038330078125,0.06634521484375
774,M_0553_10y0m_1_dysfluent_014,0.11163330078125,0.17919921875,0.0182952880859375,0.0203704833984375,0.070068359375
775,M_0553_10y0m_1_dysfluent_015,0.1282958984375,0.332763671875,0.289794921875,0.16748046875,0.07476806640625
776,M_0553_10y0m_1_dysfluent_016,0.26904296875,0.306396484375,0.09368896484375,0.0262603759765625,0.034698486328125
777,M_0553_10y0m_1_dysfluent_017,0.29443359375,0.29052734375,0.1376953125,0.0592041015625,0.039337158203125
778,M_0553_10y0m_1_dysfluent_018,0.1351318359375,0.276123046875,0.1341552734375,0.11676025390625,0.44189453125
779,M_0553_10y0m_1_dysfluent_019,0.171630859375,0.23876953125,0.019378662109375,0.0190887451171875,0.07611083984375
780,M_0553_10y0m_1_dysfluent_020,0.1826171875,0.275634765625,0.0250396728515625,0.049591064453125,0.04443359375
781,M_0553_10y0m_1_dysfluent_021,0.182861328125,0.275634765625,0.0250396728515625,0.049591064453125,0.04443359375
782,M_0553_10y0m_1_dysfluent_022,0.1826171875,0.275634765625,0.0250396728515625,0.049591064453125,0.04443359375
783,M_0553_10y0m_1_dysfluent_023,0.10723876953125,0.1444091796875,0.0775146484375,0.331298828125,0.259765625
784,M_0553_10y0m_1_dysfluent_024,0.1781005859375,0.4462890625,0.287353515625,0.1666259765625,0.08123779296875
785,M_0553_10y0m_1_dysfluent_025,0.182861328125,0.227294921875,0.156494140625,0.1187744140625,0.0726318359375
786,M_0553_10y0m_1_dysfluent_026,0.335693359375,0.26416015625,0.1649169921875,0.09967041015625,0.05126953125
787,M_0553_10y0m_1_dysfluent_027,0.126708984375,0.1842041015625,0.07806396484375,0.1202392578125,0.04779052734375
788,M_0553_10y0m_1_dysfluent_028,0.2548828125,0.1942138671875,0.05126953125,0.019683837890625,0.03271484375
789,M_0553_10y0m_1_dysfluent_029,0.058563232421875,0.242431640625,0.052703857421875,0.037750244140625,0.03253173828125
790,M_0553_10y0m_1_dysfluent_030,0.1070556640625,0.294189453125,0.438720703125,0.25244140625,0.07977294921875
791,M_0553_10y0m_1_dysfluent_031,0.091064453125,0.26708984375,0.08709716796875,0.033477783203125,0.06793212890625
792,M_0553_10y0m_1_dysfluent_032,0.12646484375,0.2210693359375,0.110107421875,0.057281494140625,0.0310821533203125
793,M_0553_10y0m_1_dysfluent_033,0.07794189453125,0.271484375,0.1893310546875,0.08526611328125,0.07501220703125
794,M_0553_10y0m_1_dysfluent_034,0.11279296875,0.21728515625,0.1314697265625,0.1044921875,0.042633056640625
795,M_0553_10y0m_1_dysfluent_035,0.152587890625,0.243408203125,0.26123046875,0.134033203125,0.097900390625
796,M_0553_10y0m_1_dysfluent_036,0.152587890625,0.243408203125,0.26123046875,0.134033203125,0.097900390625
797,M_0553_10y0m_1_dysfluent_037,0.0855712890625,0.1927490234375,0.042236328125,0.0242767333984375,0.03289794921875
798,M_0553_10y0m_1_dysfluent_038,0.222900390625,0.16650390625,0.038909912109375,0.01763916015625,0.042816162109375
799,M_0553_10y0m_1_dysfluent_039,0.140869140625,0.3251953125,0.396240234375,0.15771484375,0.052825927734375
800,M_0553_10y0m_1_dysfluent_040,0.26708984375,0.2919921875,0.1990966796875,0.1842041015625,0.060089111328125
801,M_0553_10y0m_1_dysfluent_041,0.1650390625,0.32861328125,0.311767578125,0.2047119140625,0.07763671875
802,M_0553_10y0m_1_dysfluent_042,0.31591796875,0.265625,0.08197021484375,0.0333251953125,0.404296875
803,M_0553_10y0m_1_dysfluent_043,0.1767578125,0.288818359375,0.1885986328125,0.07183837890625,0.2410888671875
804,M_0553_10y0m_1_dysfluent_044,0.1885986328125,0.2130126953125,0.14013671875,0.070556640625,0.0364990234375
805,M_0553_10y0m_1_dysfluent_045,0.0855712890625,0.1865234375,0.1229248046875,0.1285400390625,0.0728759765625
806,M_0553_10y0m_1_dysfluent_046,0.08538818359375,0.1865234375,0.123046875,0.128662109375,0.0728759765625
807,M_0553_10y0m_1_dysfluent_047,0.259521484375,0.2225341796875,0.279296875,0.130126953125,0.0849609375
808,M_0553_10y0m_1_dysfluent_048,0.1800537109375,0.177490234375,0.02880859375,0.0153656005859375,0.019866943359375
809,M_0553_10y0m_1_dysfluent_049,0.369384765625,0.147216796875,0.0753173828125,0.07684326171875,0.06951904296875
810,M_0553_10y0m_1_dysfluent_050,0.11279296875,0.2203369140625,0.22900390625,0.1134033203125,0.0618896484375
811,M_0553_10y0m_1_dysfluent_051,0.1590576171875,0.1776123046875,0.1568603515625,0.0273284912109375,0.045684814453125
812,M_0553_10y0m_1_dysfluent_052,0.057708740234375,0.1134033203125,0.0318603515625,0.0215301513671875,0.04681396484375
813,M_0553_10y0m_1_dysfluent_053,0.31982421875,0.321533203125,0.083740234375,0.0386962890625,0.0775146484375
814,M_0553_10y0m_1_dysfluent_054,0.1551513671875,0.311767578125,0.1251220703125,0.02606201171875,0.046539306640625
815,M_0553_10y0m_1_dysfluent_055,0.155517578125,0.31201171875,0.125244140625,0.02606201171875,0.046630859375
816,M_0553_10y0m_1_dysfluent_056,0.2476806640625,0.2587890625,0.1474609375,0.030670166015625,0.08587646484375
817,M_0553_10y0m_1_dysfluent_057,0.2476806640625,0.2587890625,0.1474609375,0.030670166015625,0.08587646484375
818,M_0553_10y0m_1_dysfluent_058,0.2476806640625,0.2100830078125,0.1658935546875,0.042327880859375,0.061309814453125
819,M_0553_10y0m_1_dysfluent_059,0.167724609375,0.23583984375,0.05291748046875,0.0247039794921875,0.305908203125
820,M_0553_10y0m_1_dysfluent_060,0.045013427734375,0.263671875,0.095703125,0.033966064453125,0.11181640625
821,M_0553_10y0m_1_dysfluent_061,0.045013427734375,0.263671875,0.095703125,0.033966064453125,0.11181640625
822,M_0553_10y0m_1_dysfluent_062,0.1661376953125,0.328369140625,0.156494140625,0.0546875,0.132568359375
823,M_0553_10y0m_1_dysfluent_063,0.10650634765625,0.27490234375,0.31640625,0.07794189453125,0.09893798828125
824,M_0553_10y0m_1_dysfluent_064,0.1724853515625,0.2032470703125,0.166259765625,0.06085205078125,0.0482177734375
825,M_0553_10y0m_1_dysfluent_065,0.1756591796875,0.294921875,0.2445068359375,0.086181640625,0.06304931640625
826,M_0553_10y0m_1_dysfluent_066,0.09979248046875,0.266357421875,0.08343505859375,0.048309326171875,0.09027099609375
827,M_0553_10y0m_1_dysfluent_067,0.1083984375,0.241455078125,0.08447265625,0.035614013671875,0.03228759765625
828,M_0553_10y0m_1_dysfluent_068,0.354248046875,0.1229248046875,0.03179931640625,0.0180206298828125,0.0225830078125
829,M_0553_10y0m_1_fluent_000,0.06280517578125,0.153564453125,0.10125732421875,0.06500244140625,0.353271484375
830,M_0553_10y0m_1_fluent_001,0.11199951171875,0.219970703125,0.0147857666015625,0.042327880859375,0.208984375
831,M_0553_10y0m_1_fluent_002,0.04559326171875,0.129150390625,0.01302337646484375,0.060302734375,0.1505126953125
832,M_0553_10y0m_1_fluent_003,0.1239013671875,0.21240234375,0.1773681640625,0.049774169921875,0.1787109375
833,M_0553_10y0m_1_fluent_004,0.042816162109375,0.263427734375,0.1419677734375,0.04010009765625,0.08599853515625
834,M_0553_10y0m_1_fluent_005,0.2069091796875,0.15771484375,0.0296478271484375,0.0205230712890625,0.038604736328125
835,M_0553_10y0m_1_fluent_006,0.08447265625,0.1495361328125,0.03271484375,0.0201416015625,0.1605224609375
836,M_0553_10y0m_1_fluent_007,0.1405029296875,0.1884765625,0.1312255859375,0.07684326171875,0.217529296875
837,M_0553_10y0m_1_fluent_008,0.330078125,0.11395263671875,0.038116455078125,0.043212890625,0.08880615234375
838,M_0553_10y0m_1_fluent_009,0.219482421875,0.1671142578125,0.1304931640625,0.125732421875,0.10760498046875
839,M_0553_10y0m_1_fluent_010,0.092529296875,0.1104736328125,0.02801513671875,0.019866943359375,0.052825927734375
840,M_0553_10y0m_1_fluent_011,0.30615234375,0.1934814453125,0.06085205078125,0.036346435546875,0.039642333984375
841,M_0553_10y0m_1_fluent_012,0.044342041015625,0.2119140625,0.043121337890625,0.0792236328125,0.11102294921875
842,M_0553_10y0m_1_fluent_013,0.029876708984375,0.276611328125,0.043121337890625,0.056121826171875,0.0753173828125
843,M_0553_10y0m_1_fluent_014,0.148193359375,0.17333984375,0.047515869140625,0.1279296875,0.116943359375
844,M_0553_10y0m_1_fluent_015,0.10540771484375,0.2218017578125,0.023773193359375,0.03326416015625,0.1981201171875
845,M_0553_10y0m_1_fluent_016,0.431640625,0.1405029296875,0.095703125,0.0634765625,0.0775146484375
846,M_0553_10y0m_1_fluent_017,0.140869140625,0.308837890625,0.06634521484375,0.08282470703125,0.18896484375
847,M_0553_10y0m_1_fluent_018,0.08538818359375,0.11260986328125,0.03326416015625,0.0237274169921875,0.1588134765625
848,M_0553_10y0m_1_fluent_019,0.0809326171875,0.2427978515625,0.26123046875,0.08477783203125,0.126953125
849,M_0553_10y0m_1_fluent_020,0.04132080078125,0.2216796875,0.0287628173828125,0.05987548828125,0.07330322265625
850,M_0553_10y0m_1_fluent_021,0.33154296875,0.1669921875,0.048309326171875,0.027801513671875,0.0300445556640625
851,M_0553_10y0m_1_fluent_022,0.091064453125,0.205078125,0.016021728515625,0.021331787109375,0.173828125
852,M_0553_10y0m_1_fluent_023,0.282470703125,0.148681640625,0.0782470703125,0.02203369140625,0.06512451171875
853,M_0553_11y0m_1_dysfluent_000,0.18310546875,0.2252197265625,0.06109619140625,0.029754638671875,0.2349853515625
854,M_0553_11y0m_1_dysfluent_001,0.07489013671875,0.40625,0.263916015625,0.0830078125,0.038909912109375
855,M_0553_11y0m_1_dysfluent_002,0.049041748046875,0.2379150390625,0.303466796875,0.1427001953125,0.0634765625
856,M_0553_11y0m_1_dysfluent_003,0.08062744140625,0.1385498046875,0.1358642578125,0.2113037109375,0.1336669921875
857,M_0553_11y0m_1_dysfluent_004,0.1954345703125,0.404052734375,0.35302734375,0.07720947265625,0.1783447265625
858,M_0553_11y0m_1_dysfluent_005,0.06610107421875,0.267578125,0.1121826171875,0.037200927734375,0.033966064453125
859,M_0553_11y0m_1_dysfluent_006,0.0838623046875,0.2216796875,0.2861328125,0.08587646484375,0.053314208984375
860,M_0553_11y0m_1_dysfluent_007,0.05499267578125,0.1751708984375,0.1815185546875,0.07666015625,0.17333984375
861,M_0553_11y0m_1_dysfluent_008,0.09185791015625,0.287841796875,0.44140625,0.188232421875,0.1671142578125
862,M_0553_11y0m_1_dysfluent_009,0.234375,0.305908203125,0.349365234375,0.2340087890625,0.093017578125
863,M_0553_11y0m_1_dysfluent_010,0.273681640625,0.169921875,0.237060546875,0.250732421875,0.12420654296875
864,M_0553_11y0m_1_dysfluent_011,0.2744140625,0.1700439453125,0.23681640625,0.25048828125,0.1239013671875
865,M_0553_11y0m_1_dysfluent_012,0.226318359375,0.2132568359375,0.34765625,0.2469482421875,0.1326904296875
866,M_0553_11y0m_1_dysfluent_013,0.2178955078125,0.203369140625,0.3056640625,0.1998291015625,0.13818359375
867,M_0553_11y0m_1_dysfluent_014,0.2880859375,0.299072265625,0.416259765625,0.2255859375,0.119384765625
868,M_0553_11y0m_1_dysfluent_015,0.204833984375,0.384765625,0.40185546875,0.0872802734375,0.06622314453125
869,M_0553_11y0m_1_dysfluent_016,0.1927490234375,0.389404296875,0.219482421875,0.037384033203125,0.054290771484375
870,M_0553_11y0m_1_dysfluent_017,0.2088623046875,0.15771484375,0.0162200927734375,0.0236053466796875,0.0489501953125
871,M_0553_11y0m_1_dysfluent_018,0.079345703125,0.197265625,0.03582763671875,0.028167724609375,0.1358642578125
872,M_0553_11y0m_1_dysfluent_019,0.2103271484375,0.2203369140625,0.1083984375,0.046478271484375,0.0792236328125
873,M_0553_11y0m_1_dysfluent_020,0.2103271484375,0.2203369140625,0.1083984375,0.046478271484375,0.0792236328125
874,M_0553_11y0m_1_dysfluent_021,0.09173583984375,0.2958984375,0.11676025390625,0.0305633544921875,0.0604248046875
875,M_0553_11y0m_1_dysfluent_022,0.09173583984375,0.295654296875,0.116943359375,0.0306243896484375,0.0604248046875
876,M_0553_11y0m_1_dysfluent_023,0.1558837890625,0.323974609375,0.053192138671875,0.0169830322265625,0.04345703125
877,M_0553_11y0m_1_dysfluent_024,0.51416015625,0.381103515625,0.284423828125,0.1322021484375,0.080810546875
878,M_0553_11y0m_1_dysfluent_025,0.51416015625,0.381103515625,0.284423828125,0.1322021484375,0.0809326171875
879,M_0553_11y0m_1_dysfluent_026,0.51416015625,0.381103515625,0.284423828125,0.1322021484375,0.080810546875
880,M_0553_11y0m_1_dysfluent_027,0.341796875,0.3720703125,0.287353515625,0.08038330078125,0.070068359375
881,M_0553_11y0m_1_dysfluent_028,0.047088623046875,0.2105712890625,0.2078857421875,0.11676025390625,0.106689453125
882,M_0553_11y0m_1_dysfluent_029,0.1492919921875,0.2427978515625,0.14599609375,0.036346435546875,0.032958984375
883,M_0553_11y0m_1_dysfluent_030,0.07879638671875,0.1771240234375,0.169677734375,0.055938720703125,0.05108642578125
884,M_0553_11y0m_1_dysfluent_031,0.244384765625,0.198974609375,0.151611328125,0.09136962890625,0.57666015625
885,M_0553_11y0m_1_dysfluent_032,0.1357421875,0.26416015625,0.29638671875,0.3740234375,0.49365234375
886,M_0553_11y0m_1_dysfluent_033,0.09417724609375,0.2208251953125,0.227294921875,0.313720703125,0.322021484375
887,M_0553_11y0m_1_dysfluent_034,0.0552978515625,0.293701171875,0.259765625,0.06396484375,0.10968017578125
888,M_0553_11y0m_1_dysfluent_035,0.2489013671875,0.363037109375,0.165771484375,0.0472412109375,0.110107421875
889,M_0553_11y0m_1_dysfluent_036,0.08416748046875,0.286865234375,0.22021484375,0.09503173828125,0.047515869140625
890,M_0553_11y0m_1_dysfluent_037,0.077392578125,0.264404296875,0.335693359375,0.1519775390625,0.06890869140625
891,M_0553_11y0m_1_dysfluent_038,0.11737060546875,0.2359619140625,0.0169830322265625,0.014556884765625,0.08331298828125
892,M_0553_11y0m_1_dysfluent_039,0.03790283203125,0.1669921875,0.1014404296875,0.047607421875,0.036834716796875
893,M_0553_11y0m_1_dysfluent_040,0.055816650390625,0.1519775390625,0.09515380859375,0.044586181640625,0.035675048828125
894,M_0553_11y0m_1_dysfluent_041,0.056243896484375,0.091064453125,0.06451416015625,0.047943115234375,0.0293731689453125
895,M_0553_11y0m_1_dysfluent_042,0.1143798828125,0.2255859375,0.06524658203125,0.027587890625,0.026702880859375
896,M_0553_11y0m_1_dysfluent_043,0.06585693359375,0.2098388671875,0.1539306640625,0.056549072265625,0.06085205078125
897,M_0553_11y0m_1_dysfluent_044,0.442626953125,0.31787109375,0.28857421875,0.1258544921875,0.1513671875
898,M_0553_11y0m_1_dysfluent_045,0.07708740234375,0.1884765625,0.03179931640625,0.01242828369140625,0.11798095703125
899,M_0553_11y0m_1_dysfluent_046,0.0975341796875,0.1995849609375,0.0948486328125,0.08599853515625,0.02886962890625
900,M_0553_11y0m_1_dysfluent_047,0.0982666015625,0.15283203125,0.06732177734375,0.0258026123046875,0.033782958984375
901,M_0553_11y0m_1_dysfluent_048,0.29150390625,0.1378173828125,0.055206298828125,0.07720947265625,0.1251220703125
902,M_0553_11y0m_1_dysfluent_049,0.2012939453125,0.2265625,0.07708740234375,0.060760498046875,0.1588134765625
903,M_0553_11y0m_1_dysfluent_050,0.034820556640625,0.09808349609375,0.06829833984375,0.06109619140625,0.05340576171875
904,M_0553_11y0m_1_dysfluent_051,0.1671142578125,0.224609375,0.0360107421875,0.0171051025390625,0.05645751953125
905,M_0553_11y0m_1_dysfluent_052,0.1671142578125,0.224609375,0.0360107421875,0.0171051025390625,0.05645751953125
906,M_0553_11y0m_1_dysfluent_053,0.388427734375,0.3408203125,0.04803466796875,0.0139007568359375,0.1513671875
907,M_0553_11y0m_1_dysfluent_054,0.388916015625,0.34033203125,0.047943115234375,0.0139007568359375,0.151611328125
908,M_0553_11y0m_1_dysfluent_055,0.1240234375,0.412841796875,0.2288818359375,0.04803466796875,0.072265625
909,M_0553_11y0m_1_dysfluent_056,0.1240234375,0.412841796875,0.2288818359375,0.04803466796875,0.072265625
910,M_0553_11y0m_1_dysfluent_057,0.125244140625,0.23583984375,0.2081298828125,0.03790283203125,0.2493896484375
911,M_0553_11y0m_1_fluent_000,0.267333984375,0.1259765625,0.039642333984375,0.02215576171875,0.06573486328125
912,M_0553_11y0m_1_fluent_001,0.57275390625,0.339599609375,0.346923828125,0.10614013671875,0.10992431640625
913,M_0553_11y0m_1_fluent_002,0.061767578125,0.1610107421875,0.199462890625,0.08404541015625,0.05780029296875
914,M_0553_11y0m_1_fluent_003,0.1300048828125,0.483642578125,0.42919921875,0.071044921875,0.08587646484375
915,M_0553_11y0m_1_fluent_004,0.046295166015625,0.1973876953125,0.283203125,0.0994873046875,0.06964111328125
916,M_0553_11y0m_1_fluent_005,0.135986328125,0.460693359375,0.51025390625,0.08209228515625,0.09503173828125
917,M_0553_11y0m_1_fluent_006,0.181884765625,0.37158203125,0.0994873046875,0.017303466796875,0.09039306640625
918,M_0553_11y0m_1_fluent_007,0.1998291015625,0.11474609375,0.0232391357421875,0.0174407958984375,0.260009765625
919,M_0553_11y0m_1_fluent_008,0.03582763671875,0.250244140625,0.12646484375,0.06622314453125,0.039642333984375
920,M_0553_11y0m_1_fluent_009,0.54296875,0.35400390625,0.182861328125,0.029815673828125,0.09619140625
921,M_0553_11y0m_1_fluent_010,0.0293121337890625,0.1466064453125,0.027374267578125,0.023193359375,0.03173828125
922,M_0553_11y0m_1_fluent_011,0.144287109375,0.42822265625,0.48193359375,0.07354736328125,0.206787109375
923,M_0553_11y0m_1_fluent_012,0.028167724609375,0.189208984375,0.080810546875,0.044769287109375,0.034942626953125
924,M_0553_11y0m_1_fluent_013,0.039642333984375,0.2454833984375,0.29931640625,0.116943359375,0.057586669921875
925,M_0553_11y0m_1_fluent_014,0.038909912109375,0.20751953125,0.25244140625,0.1165771484375,0.04400634765625
926,M_0553_11y0m_1_fluent_015,0.20556640625,0.1739501953125,0.07720947265625,0.024566650390625,0.07318115234375
927,M_0553_11y0m_1_fluent_016,0.033966064453125,0.1727294921875,0.049224853515625,0.026611328125,0.039337158203125
928,M_0553_11y0m_1_fluent_017,0.40673828125,0.1707763671875,0.045867919921875,0.01861572265625,0.177978515625
929,M_0553_11y0m_1_fluent_018,0.2496337890625,0.1856689453125,0.046478271484375,0.019195556640625,0.09088134765625
930,M_0553_11y0m_1_fluent_019,0.2117919921875,0.26318359375,0.1041259765625,0.0280609130859375,0.044342041015625
931,M_0553_11y0m_1_fluent_020,0.249267578125,0.251220703125,0.08740234375,0.038116455078125,0.60791015625
932,M_0553_11y0m_1_fluent_021,0.07354736328125,0.300537109375,0.38134765625,0.12249755859375,0.157470703125
933,M_0553_11y0m_1_fluent_022,0.10430908203125,0.260009765625,0.474609375,0.132568359375,0.1070556640625
934,M_0553_11y0m_1_fluent_023,0.03955078125,0.1485595703125,0.09222412109375,0.056854248046875,0.0294189453125
935,M_0553_11y0m_1_fluent_024,0.1728515625,0.1505126953125,0.036712646484375,0.0240478515625,0.03985595703125
936,M_0553_11y0m_1_fluent_025,0.0496826171875,0.1553955078125,0.062103271484375,0.03271484375,0.026702880859375
937,M_0553_11y0m_1_fluent_026,0.05023193359375,0.2666015625,0.303466796875,0.08868408203125,0.0740966796875
938,M_0553_11y0m_1_fluent_027,0.138671875,0.1751708984375,0.0271759033203125,0.01384735107421875,0.0948486328125
939,M_0553_11y0m_1_fluent_028,0.11798095703125,0.32177734375,0.1912841796875,0.0323486328125,0.03948974609375
940,M_0553_11y0m_1_fluent_029,0.06451416015625,0.1424560546875,0.052032470703125,0.028656005859375,0.03167724609375
941,M_0553_11y0m_1_fluent_030,0.04949951171875,0.179443359375,0.06817626953125,0.0197601318359375,0.04248046875
942,M_0553_11y0m_1_fluent_031,0.08251953125,0.34228515625,0.226318359375,0.038543701171875,0.1375732421875
943,M_0553_11y0m_1_fluent_032,0.200927734375,0.228515625,0.123046875,0.03326416015625,0.1783447265625
944,M_0553_11y0m_1_fluent_033,0.06634521484375,0.208984375,0.13623046875,0.0352783203125,0.05499267578125
945,M_0553_11y0m_1_fluent_034,0.0885009765625,0.226318359375,0.324951171875,0.08209228515625,0.08880615234375
946,M_0553_11y0m_1_fluent_035,0.062103271484375,0.1864013671875,0.1719970703125,0.1019287109375,0.03533935546875
947,M_0553_11y0m_1_fluent_036,0.11517333984375,0.266845703125,0.39501953125,0.08587646484375,0.0775146484375
948,M_1022_11y3m_1_dysfluent_000,0.1790771484375,0.09368896484375,0.034423828125,0.06304931640625,0.205322265625
949,M_1022_11y3m_1_dysfluent_001,0.11920166015625,0.194091796875,0.1953125,0.0894775390625,0.12744140625
950,M_1022_11y3m_1_dysfluent_002,0.2401123046875,0.2037353515625,0.2427978515625,0.247314453125,0.12335205078125
951,M_1022_11y3m_1_dysfluent_003,0.233154296875,0.32275390625,0.463623046875,0.298095703125,0.296142578125
952,M_1022_11y3m_1_dysfluent_004,0.10321044921875,0.220703125,0.171875,0.06842041015625,0.05224609375
953,M_1022_11y3m_1_dysfluent_005,0.277099609375,0.364013671875,0.59033203125,0.185546875,0.10211181640625
954,M_1022_11y3m_1_dysfluent_006,0.129638671875,0.3291015625,0.1929931640625,0.03277587890625,0.039642333984375
955,M_1022_11y3m_1_dysfluent_007,0.09136962890625,0.2183837890625,0.06695556640625,0.034820556640625,0.03240966796875
956,M_1022_11y3m_1_dysfluent_008,0.05224609375,0.1298828125,0.0343017578125,0.046905517578125,0.11083984375
957,M_1022_11y3m_1_dysfluent_009,0.2010498046875,0.246337890625,0.32080078125,0.148193359375,0.31689453125
958,M_1022_11y3m_1_dysfluent_010,0.1973876953125,0.25244140625,0.212890625,0.070068359375,0.0526123046875
959,M_1022_11y3m_1_dysfluent_011,0.125732421875,0.369140625,0.196044921875,0.036895751953125,0.0970458984375
960,M_1022_11y3m_1_dysfluent_012,0.451416015625,0.205078125,0.1573486328125,0.0616455078125,0.46923828125
961,M_1022_11y3m_1_dysfluent_013,0.43505859375,0.258544921875,0.152099609375,0.0272674560546875,0.1702880859375
962,M_1022_11y3m_1_dysfluent_014,0.415771484375,0.314453125,0.4033203125,0.07159423828125,0.156982421875
963,M_1022_11y3m_1_dysfluent_015,0.08282470703125,0.183837890625,0.1429443359375,0.06304931640625,0.03912353515625
964,M_1022_11y3m_1_dysfluent_016,0.275634765625,0.400634765625,0.5576171875,0.1748046875,0.0765380859375
965,M_1022_11y3m_1_dysfluent_017,0.1981201171875,0.183349609375,0.0726318359375,0.034820556640625,0.045867919921875
966,M_1022_11y3m_1_dysfluent_018,0.0850830078125,0.228271484375,0.1925048828125,0.1251220703125,0.216796875
967,M_1022_11y3m_1_dysfluent_019,0.049774169921875,0.2022705078125,0.17431640625,0.1343994140625,0.10858154296875
968,M_1022_11y3m_1_dysfluent_020,0.1114501953125,0.154296875,0.1700439453125,0.09075927734375,0.0313720703125
969,M_1022_11y3m_1_dysfluent_021,0.043365478515625,0.12176513671875,0.07696533203125,0.036285400390625,0.05291748046875
970,M_1022_11y3m_1_dysfluent_022,0.045867919921875,0.1358642578125,0.082275390625,0.042022705078125,0.0517578125
971,M_1022_11y3m_1_dysfluent_023,0.339599609375,0.11181640625,0.05780029296875,0.06109619140625,0.053192138671875
972,M_1022_11y3m_1_dysfluent_024,0.0455322265625,0.1834716796875,0.07763671875,0.06805419921875,0.07452392578125
973,M_1022_11y3m_1_dysfluent_025,0.200927734375,0.2109375,0.06304931640625,0.0816650390625,0.279296875
974,M_1022_11y3m_1_dysfluent_026,0.6083984375,0.451171875,0.353271484375,0.16455078125,0.37255859375
975,M_1022_11y3m_1_dysfluent_027,0.0843505859375,0.229736328125,0.1416015625,0.083740234375,0.046295166015625
976,M_1022_11y3m_1_fluent_000,0.318603515625,0.1671142578125,0.06939697265625,0.03460693359375,0.04052734375
977,M_1022_11y3m_1_fluent_001,0.2822265625,0.1231689453125,0.0794677734375,0.03643798828125,0.061431884765625
978,M_1022_11y3m_1_fluent_002,0.26123046875,0.306396484375,0.40087890625,0.1363525390625,0.09185791015625
979,M_1022_11y3m_1_fluent_003,0.1441650390625,0.17626953125,0.265869140625,0.1827392578125,0.17822265625
980,M_1022_11y3m_1_fluent_004,0.333984375,0.252197265625,0.1876220703125,0.0633544921875,0.0325927734375
981,M_1022_11y3m_1_fluent_005,0.263427734375,0.2064208984375,0.1456298828125,0.053314208984375,0.049591064453125
982,M_1022_11y3m_1_fluent_006,0.2215576171875,0.259033203125,0.2117919921875,0.11279296875,0.053009033203125
983,M_1022_11y3m_1_fluent_007,0.2271728515625,0.1441650390625,0.126220703125,0.0755615234375,0.130859375
984,M_1022_11y3m_1_fluent_008,0.137939453125,0.330810546875,0.40869140625,0.11474609375,0.1048583984375
985,M_1022_11y3m_1_fluent_009,0.441650390625,0.2001953125,0.25732421875,0.11981201171875,0.10052490234375
986,M_1022_11y3m_1_fluent_010,0.30419921875,0.260498046875,0.248046875,0.257080078125,0.2252197265625
987,M_1022_11y3m_1_fluent_011,0.135009765625,0.1639404296875,0.1636962890625,0.07275390625,0.103759765625
988,M_1022_11y3m_1_fluent_012,0.38916015625,0.301025390625,0.24169921875,0.291015625,0.2568359375
989,M_1022_11y3m_1_fluent_013,0.0272674560546875,0.1463623046875,0.275634765625,0.10858154296875,0.047698974609375
990,M_1022_11y3m_1_fluent_014,0.03582763671875,0.091552734375,0.097412109375,0.02532958984375,0.0235595703125
991,M_1022_11y3m_1_fluent_015,0.042572021484375,0.12347412109375,0.149169921875,0.038116455078125,0.0211181640625
992,M_1022_11y3m_1_fluent_016,0.076416015625,0.1524658203125,0.047882080078125,0.038238525390625,0.036895751953125
993,M_1022_11y3m_1_fluent_017,0.345947265625,0.25634765625,0.1533203125,0.050323486328125,0.035003662109375
994,M_1022_11y3m_1_fluent_018,0.0938720703125,0.11260986328125,0.055511474609375,0.021087646484375,0.0360107421875
995,M_1022_11y3m_1_fluent_019,0.03179931640625,0.13037109375,0.1971435546875,0.05718994140625,0.02838134765625
996,M_1022_11y3m_1_fluent_020,0.1370849609375,0.161865234375,0.11163330078125,0.07891845703125,0.0531005859375
997,M_1022_11y3m_1_fluent_021,0.332763671875,0.12139892578125,0.048309326171875,0.0190582275390625,0.060760498046875
998,M_1022_11y3m_1_fluent_022,0.1998291015625,0.1304931640625,0.1104736328125,0.08978271484375,0.0943603515625
999,M_1022_11y3m_1_fluent_023,0.33154296875,0.193115234375,0.119384765625,0.1317138671875,0.0460205078125
1000,M_1022_11y3m_1_fluent_024,0.0386962890625,0.132568359375,0.11517333984375,0.042022705078125,0.0272674560546875
1001,M_1022_11y3m_1_fluent_025,0.28466796875,0.1734619140625,0.10797119140625,0.05389404296875,0.0943603515625
1002,M_1022_11y3m_1_fluent_026,0.19775390625,0.256591796875,0.439453125,0.1507568359375,0.12176513671875
1003,M_1022_11y3m_1_fluent_027,0.10467529296875,0.296875,0.26220703125,0.06561279296875,0.0328369140625
1004,M_1022_11y3m_1_fluent_028,0.341552734375,0.1849365234375,0.0970458984375,0.043121337890625,0.029205322265625
1005,M_1022_11y3m_1_fluent_029,0.059417724609375,0.2313232421875,0.1663818359375,0.044677734375,0.0261993408203125
1006,M_1022_11y3m_1_fluent_030,0.293701171875,0.1942138671875,0.11029052734375,0.04534912109375,0.048309326171875
1007,M_1022_11y3m_1_fluent_031,0.07318115234375,0.2880859375,0.438720703125,0.11920166015625,0.05419921875
1008,M_1022_11y3m_1_fluent_032,0.020599365234375,0.129638671875,0.1258544921875,0.06890869140625,0.03302001953125
1009,M_1022_11y3m_1_fluent_033,0.25537109375,0.18310546875,0.2271728515625,0.08270263671875,0.08648681640625
1010,M_1022_11y3m_1_fluent_034,0.375244140625,0.2032470703125,0.2315673828125,0.254150390625,0.12451171875
1011,M_1022_11y3m_1_fluent_035,0.11553955078125,0.12322998046875,0.10357666015625,0.038543701171875,0.049407958984375
1012,M_1022_11y3m_1_fluent_036,0.0634765625,0.174560546875,0.1416015625,0.0482177734375,0.024749755859375
1013,M_1022_11y3m_1_fluent_037,0.347900390625,0.1607666015625,0.0836181640625,0.033905029296875,0.0325927734375
1014,M_1022_11y3m_1_fluent_038,0.370361328125,0.2349853515625,0.1788330078125,0.10321044921875,0.070068359375
1015,M_1022_11y3m_1_fluent_039,0.04351806640625,0.1273193359375,0.2216796875,0.042633056640625,0.0325927734375
1016,M_1022_11y3m_1_fluent_040,0.0391845703125,0.09844970703125,0.1685791015625,0.035552978515625,0.03338623046875
1017,M_1022_11y3m_1_fluent_041,0.0203704833984375,0.1256103515625,0.10687255859375,0.06561279296875,0.03533935546875
1018,M_1022_11y3m_1_fluent_042,0.1551513671875,0.37890625,0.58544921875,0.13232421875,0.155517578125
1019,M_1022_11y3m_1_fluent_043,0.4501953125,0.26123046875,0.2476806640625,0.1978759765625,0.0970458984375
1020,M_1022_11y3m_1_fluent_044,0.173095703125,0.12322998046875,0.07275390625,0.0216217041015625,0.056549072265625
1021,M_1022_11y3m_1_fluent_045,0.0784912109375,0.1766357421875,0.2015380859375,0.0631103515625,0.03326416015625
1022,M_1022_11y3m_1_fluent_046,0.244140625,0.276123046875,0.308837890625,0.08416748046875,0.048858642578125
1023,M_1022_11y3m_1_fluent_047,0.058013916015625,0.173095703125,0.2020263671875,0.0638427734375,0.033905029296875
1024,M_1022_11y3m_1_fluent_048,0.08197021484375,0.2239990234375,0.311279296875,0.295654296875,0.076416015625
1025,M_1022_11y3m_1_fluent_049,0.09173583984375,0.207275390625,0.377685546875,0.4658203125,0.1551513671875
1026,M_1022_11y3m_1_fluent_050,0.0184783935546875,0.1070556640625,0.06085205078125,0.0496826171875,0.030670166015625
1027,M_1022_11y3m_1_fluent_051,0.09027099609375,0.1624755859375,0.30908203125,0.08758544921875,0.1094970703125
1028,M_1023_11y3m_1_dysfluent_000,0.2000732421875,0.10430908203125,0.009521484375,0.0160980224609375,0.09552001953125
1029,M_1023_11y3m_1_dysfluent_001,0.109130859375,0.1279296875,0.037750244140625,0.0239105224609375,0.06854248046875
1030,M_1023_11y3m_1_dysfluent_002,0.353515625,0.32763671875,0.1790771484375,0.0306243896484375,0.1221923828125
1031,M_1023_11y3m_1_dysfluent_003,0.343994140625,0.346435546875,0.319091796875,0.06256103515625,0.19091796875
1032,M_1023_11y3m_1_dysfluent_004,0.401123046875,0.1995849609375,0.0728759765625,0.024993896484375,0.039794921875
1033,M_1023_11y3m_1_dysfluent_005,0.338623046875,0.2032470703125,0.04913330078125,0.029083251953125,0.153564453125
1034,M_1023_11y3m_1_dysfluent_006,0.29248046875,0.259033203125,0.042083740234375,0.0439453125,0.20166015625
1035,M_1023_11y3m_1_dysfluent_007,0.352783203125,0.215576171875,0.103759765625,0.06658935546875,0.378662109375
1036,M_1023_11y3m_1_dysfluent_008,0.517578125,0.2144775390625,0.047698974609375,0.037200927734375,0.09588623046875
1037,M_1023_11y3m_1_dysfluent_009,0.1358642578125,0.2034912109375,0.038818359375,0.014617919921875,0.0237274169921875
1038,M_1023_11y3m_1_dysfluent_010,0.1502685546875,0.10614013671875,0.020599365234375,0.01332855224609375,0.045257568359375
1039,M_1023_11y3m_1_dysfluent_011,0.0548095703125,0.10992431640625,0.048583984375,0.026763916015625,0.035675048828125
1040,M_1023_11y3m_1_dysfluent_012,0.2149658203125,0.206298828125,0.037689208984375,0.0121002197265625,0.041534423828125
1041,M_1023_11y3m_1_dysfluent_013,0.09234619140625,0.2125244140625,0.06805419921875,0.0169830322265625,0.042572021484375
1042,M_1023_11y3m_1_dysfluent_014,0.1361083984375,0.1239013671875,0.03662109375,0.03912353515625,0.045013427734375
1043,M_1023_11y3m_1_dysfluent_015,0.268798828125,0.216064453125,0.11859130859375,0.0831298828125,0.26220703125
1044,M_1023_11y3m_1_dysfluent_016,0.1187744140625,0.134521484375,0.11102294921875,0.04248046875,0.11968994140625
1045,M_1023_11y3m_1_dysfluent_017,0.09027099609375,0.09503173828125,0.0216522216796875,0.0225830078125,0.026458740234375
1046,M_1023_11y3m_1_dysfluent_018,0.2379150390625,0.373779296875,0.087890625,0.01490020751953125,0.134033203125
1047,M_1023_11y3m_1_dysfluent_019,0.1329345703125,0.349609375,0.400634765625,0.07904052734375,0.10321044921875
1048,M_1023_11y3m_1_dysfluent_020,0.16162109375,0.39990234375,0.1478271484375,0.058990478515625,0.051849365234375
1049,M_1023_11y3m_1_dysfluent_021,0.10089111328125,0.266357421875,0.1820068359375,0.04913330078125,0.09173583984375
1050,M_1023_11y3m_1_dysfluent_022,0.242431640625,0.128662109375,0.0203704833984375,0.015960693359375,0.10089111328125
1051,M_1023_11y3m_1_dysfluent_023,0.283203125,0.168701171875,0.0255584716796875,0.01395416259765625,0.080810546875
1052,M_1023_11y3m_1_dysfluent_024,0.328369140625,0.25830078125,0.1270751953125,0.12420654296875,0.25439453125
1053,M_1023_11y3m_1_dysfluent_025,0.771484375,0.34521484375,0.26904296875,0.0994873046875,0.1771240234375
1054,M_1023_11y3m_1_dysfluent_026,0.047607421875,0.2861328125,0.356201171875,0.19580078125,0.189208984375
1055,M_1023_11y3m_1_dysfluent_027,0.1070556640625,0.15185546875,0.0537109375,0.0219879150390625,0.04510498046875
1056,M_1023_11y3m_1_dysfluent_028,0.135986328125,0.09771728515625,0.0203704833984375,0.023101806640625,0.04193115234375
1057,M_1023_11y3m_1_dysfluent_029,0.1884765625,0.12890625,0.02215576171875,0.022674560546875,0.05645751953125
1058,M_1023_11y3m_1_dysfluent_030,0.443359375,0.2181396484375,0.044769287109375,0.0325927734375,0.393310546875
1059,M_1023_11y3m_1_dysfluent_031,0.278564453125,0.1715087890625,0.0238189697265625,0.032470703125,0.464599609375
1060,M_1023_11y3m_1_dysfluent_032,0.33056640625,0.195556640625,0.06719970703125,0.092041015625,0.3779296875
1061,M_1023_11y3m_1_dysfluent_033,0.08416748046875,0.140625,0.0634765625,0.11181640625,0.080078125
1062,M_1023_11y3m_1_dysfluent_034,0.0943603515625,0.343505859375,0.087890625,0.058013916015625,0.247802734375
1063,M_1023_11y3m_1_fluent_000,0.0517578125,0.124755859375,0.1275634765625,0.1849365234375,0.122314453125
1064,M_1023_11y3m_1_fluent_001,0.412109375,0.1307373046875,0.052520751953125,0.0216522216796875,0.044586181640625
1065,M_1023_11y3m_1_fluent_002,0.56494140625,0.1842041015625,0.06854248046875,0.01751708984375,0.0582275390625
1066,M_1023_11y3m_1_fluent_003,0.044281005859375,0.1207275390625,0.203369140625,0.289794921875,0.16015625
1067,M_1023_11y3m_1_fluent_004,0.25244140625,0.1583251953125,0.027435302734375,0.0125732421875,0.05108642578125
1068,M_1023_11y3m_1_fluent_005,0.118408203125,0.28076171875,0.0894775390625,0.0240936279296875,0.059967041015625
1069,M_1023_11y3m_1_fluent_006,0.061767578125,0.1680908203125,0.1719970703125,0.146728515625,0.05645751953125
1070,M_1023_11y3m_1_fluent_007,0.1292724609375,0.275390625,0.27001953125,0.0535888671875,0.11102294921875
1071,M_1023_11y3m_1_fluent_008,0.1551513671875,0.3359375,0.106689453125,0.0296478271484375,0.0765380859375
1072,M_1023_11y3m_1_fluent_009,0.51318359375,0.188720703125,0.035614013671875,0.007694244384765625,0.06671142578125
1073,M_1023_11y3m_1_fluent_010,0.07763671875,0.29736328125,0.227294921875,0.10650634765625,0.245849609375
1074,M_1023_11y3m_1_fluent_011,0.1829833984375,0.1939697265625,0.1114501953125,0.039337158203125,0.047882080078125
1075,M_1023_11y3m_1_fluent_012,0.1171875,0.172607421875,0.03790283203125,0.0279083251953125,0.1114501953125
1076,M_1023_11y3m_1_fluent_013,0.1451416015625,0.298095703125,0.0869140625,0.0276336669921875,0.10302734375
1077,M_1023_11y3m_1_fluent_014,0.1361083984375,0.227783203125,0.04345703125,0.0222015380859375,0.033477783203125
1078,M_1023_11y3m_1_fluent_015,0.240966796875,0.2607421875,0.05511474609375,0.0162811279296875,0.07611083984375
1079,M_1023_11y3m_1_fluent_016,0.10723876953125,0.1611328125,0.034759521484375,0.01146697998046875,0.019866943359375
1080,M_1023_11y3m_1_fluent_017,0.08990478515625,0.25732421875,0.2132568359375,0.0455322265625,0.06549072265625
1081,M_1023_11y3m_1_fluent_018,0.185791015625,0.11553955078125,0.018341064453125,0.021240234375,0.267333984375
1082,M_1023_11y3m_1_fluent_019,0.224609375,0.190673828125,0.1041259765625,0.046539306640625,0.04986572265625
1083,M_1023_11y3m_1_fluent_020,0.1856689453125,0.29638671875,0.2255859375,0.0709228515625,0.10504150390625
1084,M_1023_11y3m_1_fluent_021,0.1590576171875,0.302490234375,0.10577392578125,0.0196075439453125,0.11297607421875
1085,M_1023_11y3m_1_fluent_022,0.13330078125,0.26123046875,0.115966796875,0.040618896484375,0.036346435546875
1086,M_1023_11y3m_1_fluent_023,0.0257110595703125,0.144287109375,0.1611328125,0.11065673828125,0.06658935546875
1087,M_1064_47y0m_1_dysfluent_000,0.0880126953125,0.08154296875,0.024383544921875,0.056121826171875,0.06732177734375
1088,M_1064_47y0m_1_dysfluent_001,0.043609619140625,0.2021484375,0.145751953125,0.105224609375,0.0552978515625
1089,M_1064_47y0m_1_dysfluent_002,0.045684814453125,0.156982421875,0.04620361328125,0.09588623046875,0.06890869140625
1090,M_1064_47y0m_1_dysfluent_003,0.07354736328125,0.1749267578125,0.015960693359375,0.0211639404296875,0.368896484375
1091,M_1064_47y0m_1_dysfluent_004,0.09283447265625,0.1715087890625,0.0265045166015625,0.026763916015625,0.05511474609375
1092,M_1064_47y0m_1_dysfluent_005,0.0287628173828125,0.1131591796875,0.10687255859375,0.120361328125,0.086181640625
1093,M_1064_47y0m_1_dysfluent_006,0.0282135009765625,0.147705078125,0.06805419921875,0.045684814453125,0.0240478515625
1094,M_1064_47y0m_1_dysfluent_007,0.058135986328125,0.071044921875,0.01953125,0.0246124267578125,0.275390625
1095,M_1064_47y0m_1_dysfluent_008,0.0855712890625,0.08538818359375,0.011199951171875,0.024993896484375,0.1256103515625
1096,M_1064_47y0m_1_dysfluent_009,0.0222930908203125,0.1558837890625,0.07574462890625,0.07763671875,0.06658935546875
1097,M_1064_47y0m_1_dysfluent_010,0.059326171875,0.2496337890625,0.146728515625,0.130615234375,0.250244140625
1098,M_1064_47y0m_1_dysfluent_011,0.053802490234375,0.1729736328125,0.2330322265625,0.167236328125,0.1328125
1099,M_1064_47y0m_1_dysfluent_012,0.05718994140625,0.11419677734375,0.10174560546875,0.32275390625,0.2486572265625
1100,M_1064_47y0m_1_dysfluent_013,0.30712890625,0.24365234375,0.2178955078125,0.1435546875,0.25390625
1101,M_1064_47y0m_1_dysfluent_014,0.037689208984375,0.176513671875,0.07159423828125,0.08270263671875,0.03302001953125
1102,M_1064_47y0m_1_dysfluent_015,0.043853759765625,0.1585693359375,0.03338623046875,0.06829833984375,0.070068359375
1103,M_1064_47y0m_1_dysfluent_016,0.0271148681640625,0.1678466796875,0.10247802734375,0.1077880859375,0.193359375
1104,M_1064_47y0m_1_dysfluent_017,0.12139892578125,0.09283447265625,0.040252685546875,0.165283203125,0.66943359375
1105,M_1064_47y0m_1_dysfluent_018,0.04949951171875,0.1748046875,0.2081298828125,0.2176513671875,0.06304931640625
1106,M_1064_47y0m_1_dysfluent_019,0.10595703125,0.355224609375,0.054107666015625,0.120361328125,0.1259765625
1107,M_1064_47y0m_1_dysfluent_020,0.09967041015625,0.090576171875,0.03289794921875,0.07989501953125,0.64892578125
1108,M_1064_47y0m_1_dysfluent_021,0.07879638671875,0.28662109375,0.38134765625,0.30126953125,0.14501953125
1109,M_1064_47y0m_1_dysfluent_022,0.042236328125,0.2186279296875,0.2264404296875,0.086181640625,0.0762939453125
1110,M_1064_47y0m_1_dysfluent_023,0.07464599609375,0.15771484375,0.04534912109375,0.031494140625,0.1505126953125
1111,M_1064_47y0m_1_dysfluent_024,0.1094970703125,0.1402587890625,0.07135009765625,0.1353759765625,0.6962890625
1112,M_1064_47y0m_1_dysfluent_025,0.0284881591796875,0.1475830078125,0.149658203125,0.09686279296875,0.08978271484375
1113,M_1064_47y0m_1_dysfluent_026,0.0333251953125,0.145751953125,0.194580078125,0.110107421875,0.07330322265625
1114,M_1064_47y0m_1_dysfluent_027,0.042816162109375,0.1767578125,0.2132568359375,0.2020263671875,0.06866455078125
1115,M_1064_47y0m_1_dysfluent_028,0.1070556640625,0.1815185546875,0.10211181640625,0.0214080810546875,0.044525146484375
1116,M_1064_47y0m_1_dysfluent_029,0.0253753662109375,0.150634765625,0.12451171875,0.11126708984375,0.10467529296875
1117,M_1064_47y0m_1_dysfluent_030,0.058441162109375,0.2437744140625,0.1568603515625,0.06488037109375,0.045684814453125
1118,M_1064_47y0m_1_dysfluent_031,0.027740478515625,0.192138671875,0.05291748046875,0.11578369140625,0.1639404296875
1119,M_1064_47y0m_1_dysfluent_032,0.018798828125,0.1251220703125,0.043853759765625,0.11419677734375,0.1551513671875
1120,M_1064_47y0m_1_dysfluent_033,0.092529296875,0.13232421875,0.0211639404296875,0.0271759033203125,0.037689208984375
1121,M_1064_47y0m_1_dysfluent_034,0.0439453125,0.12744140625,0.0548095703125,0.090576171875,0.0416259765625
1122,M_1064_47y0m_1_dysfluent_035,0.07330322265625,0.1876220703125,0.33544921875,0.324462890625,0.20556640625
1123,M_1064_47y0m_1_dysfluent_036,0.0548095703125,0.2032470703125,0.254150390625,0.1187744140625,0.0582275390625
1124,M_1064_47y0m_1_dysfluent_037,0.021453857421875,0.09124755859375,0.0165863037109375,0.03192138671875,0.058990478515625
1125,M_1064_47y0m_1_dysfluent_038,0.1318359375,0.1572265625,0.08050537109375,0.12139892578125,0.263427734375
1126,M_1064_47y0m_1_dysfluent_039,0.0236968994140625,0.2529296875,0.159912109375,0.1190185546875,0.10650634765625
1127,M_1064_47y0m_1_dysfluent_040,0.026153564453125,0.1590576171875,0.14404296875,0.25390625,0.2406005859375
1128,M_1064_47y0m_1_dysfluent_041,0.2335205078125,0.2188720703125,0.328125,0.3408203125,0.759765625
1129,M_1064_47y0m_1_dysfluent_042,0.1483154296875,0.139404296875,0.019195556640625,0.03228759765625,0.169189453125
1130,M_1064_47y0m_1_dysfluent_043,0.0782470703125,0.196044921875,0.11737060546875,0.0472412109375,0.049041748046875
1131,M_1064_47y0m_1_dysfluent_044,0.0574951171875,0.281494140625,0.51123046875,0.1947021484375,0.2232666015625
1132,M_1064_47y0m_1_dysfluent_045,0.0509033203125,0.25927734375,0.4775390625,0.1976318359375,0.267333984375
1133,M_1064_47y0m_1_dysfluent_046,0.0386962890625,0.2254638671875,0.106689453125,0.053497314453125,0.03790283203125
1134,M_1064_47y0m_1_dysfluent_047,0.08404541015625,0.232177734375,0.2119140625,0.2509765625,0.0703125
1135,M_1064_47y0m_1_dysfluent_048,0.06488037109375,0.2432861328125,0.281494140625,0.11932373046875,0.1357421875
1136,M_1064_47y0m_1_fluent_000,0.0323486328125,0.06915283203125,0.029754638671875,0.0638427734375,0.087890625
1137,M_1064_47y0m_1_fluent_001,0.11737060546875,0.27001953125,0.32666015625,0.2225341796875,0.06964111328125
1138,M_1064_47y0m_1_fluent_002,0.03228759765625,0.09600830078125,0.0143890380859375,0.0231475830078125,0.092041015625
1139,M_1064_47y0m_1_fluent_003,0.058135986328125,0.1954345703125,0.08990478515625,0.05572509765625,0.037689208984375
1140,M_1064_47y0m_1_fluent_004,0.041534423828125,0.1282958984375,0.033203125,0.0189056396484375,0.08050537109375
1141,M_1064_47y0m_1_fluent_005,0.1385498046875,0.26611328125,0.469482421875,0.1929931640625,0.0728759765625
1142,M_1064_47y0m_1_fluent_006,0.049774169921875,0.2269287109375,0.282470703125,0.2054443359375,0.07452392578125
1143,M_1064_47y0m_1_fluent_007,0.0279541015625,0.18212890625,0.028594970703125,0.039794921875,0.0592041015625
1144,M_1064_47y0m_1_fluent_008,0.050811767578125,0.07196044921875,0.038177490234375,0.184326171875,0.2156982421875
1145,M_1064_47y0m_1_fluent_009,0.047882080078125,0.251220703125,0.18896484375,0.1370849609375,0.1048583984375
1146,M_1064_47y0m_1_fluent_010,0.0279541015625,0.13232421875,0.13037109375,0.155029296875,0.368896484375
1147,M_1064_47y0m_1_fluent_011,0.0194244384765625,0.11578369140625,0.06732177734375,0.07684326171875,0.17041015625
1148,M_1064_47y0m_1_fluent_012,0.10089111328125,0.220703125,0.2763671875,0.093017578125,0.06878662109375
1149,M_1064_47y0m_1_fluent_013,0.035400390625,0.23388671875,0.09234619140625,0.08929443359375,0.092041015625
1150,M_1064_47y0m_1_fluent_014,0.092041015625,0.166015625,0.05889892578125,0.1033935546875,0.5576171875
1151,M_1064_47y0m_1_fluent_015,0.0271148681640625,0.10821533203125,0.034942626953125,0.0567626953125,0.1561279296875
1152,M_1064_47y0m_1_fluent_016,0.04193115234375,0.0863037109375,0.09967041015625,0.1507568359375,0.401123046875
1153,M_1064_47y0m_1_fluent_017,0.044525146484375,0.1563720703125,0.043609619140625,0.13623046875,0.10723876953125
1154,M_1064_47y0m_1_fluent_018,0.0616455078125,0.1795654296875,0.09857177734375,0.0765380859375,0.06756591796875
1155,M_1064_47y0m_1_fluent_019,0.1719970703125,0.2476806640625,0.294921875,0.1673583984375,0.08831787109375
1156,M_1064_47y0m_1_fluent_020,0.0343017578125,0.1685791015625,0.054412841796875,0.0269622802734375,0.0301055908203125
1157,M_1064_47y0m_1_fluent_021,0.03460693359375,0.08270263671875,0.0164031982421875,0.0235137939453125,0.037811279296875
1158,M_1064_47y0m_1_fluent_022,0.07977294921875,0.254638671875,0.173583984375,0.15185546875,0.1083984375
1159,M_1064_47y0m_1_fluent_023,0.030670166015625,0.1534423828125,0.0313720703125,0.0264129638671875,0.04046630859375
1160,M_1064_47y0m_1_fluent_024,0.042083740234375,0.2109375,0.04248046875,0.033203125,0.1632080078125
1161,M_1064_47y0m_1_fluent_025,0.1124267578125,0.2281494140625,0.44921875,0.2120361328125,0.091064453125
1162,M_1064_47y0m_1_fluent_026,0.050048828125,0.262939453125,0.37451171875,0.217041015625,0.12420654296875
1163,M_1064_47y0m_1_fluent_027,0.023773193359375,0.132568359375,0.040008544921875,0.03515625,0.03228759765625
1164,M_1064_47y0m_1_fluent_028,0.05780029296875,0.174560546875,0.08343505859375,0.06951904296875,0.043365478515625
1165,M_1064_47y0m_1_fluent_029,0.04913330078125,0.08660888671875,0.04107666015625,0.07586669921875,0.07354736328125
1166,M_1064_47y0m_1_fluent_030,0.077392578125,0.1270751953125,0.1104736328125,0.242919921875,0.436767578125
1167,M_1064_47y0m_1_fluent_031,0.04681396484375,0.1934814453125,0.091064453125,0.0390625,0.039794921875
1168,M_1064_47y0m_1_fluent_032,0.059661865234375,0.1890869140625,0.0163421630859375,0.05706787109375,0.095703125
1169,M_1064_47y0m_1_fluent_033,0.05023193359375,0.1490478515625,0.2076416015625,0.130859375,0.0784912109375
1170,M_1064_47y0m_1_fluent_034,0.038116455078125,0.10015869140625,0.0142822265625,0.0279541015625,0.1475830078125
1171,M_1064_47y0m_1_fluent_035,0.0379638671875,0.1383056640625,0.07122802734375,0.07330322265625,0.2005615234375
1172,M_1064_47y0m_1_fluent_036,0.0330810546875,0.1441650390625,0.043609619140625,0.04327392578125,0.0948486328125
1173,M_1064_47y0m_1_fluent_037,0.229736328125,0.267333984375,0.266845703125,0.0831298828125,0.05718994140625
1174,M_1064_47y0m_1_fluent_038,0.16845703125,0.2247314453125,0.0300445556640625,0.0193023681640625,0.369873046875
1175,M_1064_47y0m_1_fluent_039,0.05023193359375,0.1314697265625,0.05419921875,0.25,0.375
1176,M_1064_47y0m_1_fluent_040,0.023101806640625,0.08648681640625,0.0246124267578125,0.1270751953125,0.11279296875
1177,M_1064_47y0m_1_fluent_041,0.09466552734375,0.1900634765625,0.05560302734375,0.0257110595703125,0.06085205078125
1178,M_1064_47y0m_1_fluent_042,0.0293731689453125,0.1767578125,0.09588623046875,0.07794189453125,0.048309326171875
1179,M_1064_47y0m_1_fluent_043,0.0369873046875,0.1153564453125,0.1026611328125,0.08526611328125,0.06463623046875
1180,M_1064_47y0m_1_fluent_044,0.07611083984375,0.11517333984375,0.01898193359375,0.017242431640625,0.03167724609375
1181,M_1064_47y0m_1_fluent_045,0.03204345703125,0.08526611328125,0.052703857421875,0.174072265625,0.1087646484375
1182,M_1064_47y0m_1_fluent_046,0.060089111328125,0.08343505859375,0.01233673095703125,0.021453857421875,0.044525146484375
1183,M_1064_47y0m_1_fluent_047,0.0264129638671875,0.11920166015625,0.033905029296875,0.04327392578125,0.033905029296875
1184,M_1064_47y0m_1_fluent_048,0.049041748046875,0.2313232421875,0.384765625,0.29443359375,0.1639404296875
1185,M_1064_47y0m_1_fluent_049,0.10968017578125,0.10321044921875,0.01374053955078125,0.012969970703125,0.0206451416015625
1186,M_1064_47y0m_1_fluent_050,0.0526123046875,0.245849609375,0.28759765625,0.23681640625,0.1619873046875
1187,M_1064_47y0m_1_fluent_051,0.0782470703125,0.20654296875,0.2210693359375,0.09600830078125,0.041839599609375
1188,M_1064_47y0m_1_fluent_052,0.0552978515625,0.1339111328125,0.0295867919921875,0.0229339599609375,0.050994873046875
1189,M_1064_47y0m_1_fluent_053,0.0546875,0.274169921875,0.328857421875,0.1680908203125,0.0836181640625
1190,M_1064_47y0m_1_fluent_054,0.0489501953125,0.08868408203125,0.038116455078125,0.050323486328125,0.04949951171875
1191,M_1064_47y0m_1_fluent_055,0.1365966796875,0.1800537109375,0.22119140625,0.092041015625,0.10968017578125
1192,M_1064_47y0m_1_fluent_056,0.07080078125,0.175537109375,0.2059326171875,0.11102294921875,0.06610107421875
1193,M_1064_47y0m_1_fluent_057,0.0273284912109375,0.1519775390625,0.1439208984375,0.202392578125,0.22021484375
1194,M_1064_47y0m_1_fluent_058,0.053192138671875,0.12744140625,0.042877197265625,0.09320068359375,0.07305908203125
1195,M_1064_47y0m_1_fluent_059,0.05499267578125,0.09552001953125,0.00948333740234375,0.0188751220703125,0.14892578125
1196,M_1064_47y0m_1_fluent_060,0.1455078125,0.256591796875,0.416748046875,0.173095703125,0.1343994140625
1197,M_1064_47y0m_1_fluent_061,0.0496826171875,0.09844970703125,0.019500732421875,0.050048828125,0.09222412109375
1198,M_1064_47y0m_1_fluent_062,0.046112060546875,0.1446533203125,0.0294189453125,0.0279083251953125,0.06610107421875
1199,M_1064_47y0m_1_fluent_063,0.0302734375,0.155029296875,0.03216552734375,0.0285491943359375,0.039642333984375
1200,M_1064_47y0m_1_fluent_064,0.06573486328125,0.158203125,0.026611328125,0.0170440673828125,0.0232391357421875
1201,M_1064_47y0m_1_fluent_065,0.0287628173828125,0.08251953125,0.01666259765625,0.05987548828125,0.12744140625
1202,M_1064_47y0m_1_fluent_066,0.046630859375,0.2232666015625,0.267578125,0.2105712890625,0.1251220703125
1203,M_1064_47y0m_1_fluent_067,0.04193115234375,0.1549072265625,0.059112548828125,0.061431884765625,0.037200927734375
1204,M_1064_47y0m_1_fluent_068,0.05340576171875,0.1737060546875,0.1131591796875,0.1163330078125,0.1494140625
1205,M_1064_47y0m_1_fluent_069,0.053802490234375,0.245849609375,0.2188720703125,0.09637451171875,0.033203125
1206,M_1064_47y0m_1_fluent_070,0.041473388671875,0.09136962890625,0.022796630859375,0.021453857421875,0.021453857421875
1207,M_1064_47y0m_1_fluent_071,0.0618896484375,0.197265625,0.1885986328125,0.1531982421875,0.07080078125
1208,M_1064_47y0m_1_fluent_072,0.0582275390625,0.12213134765625,0.06109619140625,0.1055908203125,0.06829833984375
1209,M_1064_47y0m_1_fluent_073,0.046478271484375,0.240234375,0.2152099609375,0.26513671875,0.446533203125
1210,M_1064_47y0m_1_fluent_074,0.046478271484375,0.2646484375,0.2420654296875,0.11260986328125,0.06756591796875
1211,M_1064_47y0m_1_fluent_075,0.05340576171875,0.137939453125,0.1019287109375,0.06231689453125,0.036834716796875
1212,M_1064_47y0m_1_fluent_076,0.1458740234375,0.217041015625,0.2425537109375,0.411376953125,0.1605224609375
1213,M_1064_47y0m_1_fluent_077,0.10107421875,0.1939697265625,0.1802978515625,0.332763671875,0.65185546875
1214,M_1064_47y0m_1_fluent_078,0.045196533203125,0.2110595703125,0.0472412109375,0.05291748046875,0.04913330078125
1215,M_1064_47y0m_1_fluent_079,0.039642333984375,0.1627197265625,0.060089111328125,0.03955078125,0.035064697265625
1216,M_1064_47y0m_1_fluent_080,0.1624755859375,0.302978515625,0.053009033203125,0.029754638671875,0.07965087890625
1217,M_1064_47y0m_1_fluent_081,0.042877197265625,0.09619140625,0.012969970703125,0.038238525390625,0.061309814453125
1218,M_1064_47y0m_1_fluent_082,0.04779052734375,0.26416015625,0.2496337890625,0.1534423828125,0.08251953125
1219,M_1064_47y0m_1_fluent_083,0.1143798828125,0.338623046875,0.55126953125,0.271728515625,0.105224609375
1220,M_1064_47y0m_1_fluent_084,0.06817626953125,0.09979248046875,0.0162811279296875,0.0164642333984375,0.0247039794921875
1221,M_1064_47y0m_1_fluent_085,0.024993896484375,0.09930419921875,0.0147857666015625,0.039276123046875,0.0726318359375
1222,M_1064_47y0m_1_fluent_086,0.0369873046875,0.1331787109375,0.0310821533203125,0.1529541015625,0.1497802734375
1223,M_1064_47y0m_1_fluent_087,0.057281494140625,0.1834716796875,0.1278076171875,0.05511474609375,0.0784912109375
1224,M_1064_47y0m_1_fluent_088,0.05987548828125,0.16259765625,0.11102294921875,0.07080078125,0.08990478515625
1225,M_1064_47y0m_1_fluent_089,0.060760498046875,0.2349853515625,0.0274810791015625,0.02276611328125,0.047149658203125
1226,M_1064_47y0m_1_fluent_090,0.166015625,0.15576171875,0.07586669921875,0.0255584716796875,0.05450439453125
1227,M_1064_47y0m_1_fluent_091,0.151611328125,0.3330078125,0.53271484375,0.252685546875,0.10052490234375
1228,M_1064_47y0m_1_fluent_092,0.340576171875,0.1949462890625,0.0217437744140625,0.08538818359375,0.658203125
1229,M_1064_47y0m_1_fluent_093,0.1063232421875,0.1844482421875,0.169189453125,0.279541015625,0.1015625
1230,M_1064_47y0m_1_fluent_094,0.0618896484375,0.161376953125,0.0177764892578125,0.0220794677734375,0.0704345703125
1231,M_1064_47y0m_1_fluent_095,0.079345703125,0.253173828125,0.39404296875,0.1866455078125,0.093505859375
1232,M_1064_47y0m_1_fluent_096,0.0186920166015625,0.086181640625,0.023956298828125,0.061309814453125,0.07354736328125
1233,M_1064_47y0m_1_fluent_097,0.04046630859375,0.1385498046875,0.047088623046875,0.044921875,0.04345703125
1234,M_1099_25y0m_1_dysfluent_000,0.1087646484375,0.09588623046875,0.035491943359375,0.06634521484375,0.6611328125
1235,M_1099_25y0m_1_dysfluent_001,0.1087646484375,0.09588623046875,0.035491943359375,0.06634521484375,0.6611328125
1236,M_1099_25y0m_1_dysfluent_002,0.159912109375,0.1236572265625,0.0401611328125,0.06695556640625,0.84765625
1237,M_1099_25y0m_1_dysfluent_003,0.1556396484375,0.1114501953125,0.075439453125,0.205322265625,0.884765625
1238,M_1099_25y0m_1_dysfluent_004,0.137939453125,0.09027099609375,0.07275390625,0.1175537109375,0.72900390625
1239,M_1099_25y0m_1_dysfluent_005,0.05072021484375,0.0743408203125,0.046112060546875,0.059112548828125,0.1373291015625
1240,M_1099_25y0m_1_dysfluent_006,0.1044921875,0.06903076171875,0.056640625,0.07806396484375,0.54052734375
1241,M_1099_25y0m_1_dysfluent_007,0.1202392578125,0.1376953125,0.1165771484375,0.05560302734375,0.2037353515625
1242,M_1099_25y0m_1_dysfluent_008,0.0394287109375,0.0784912109375,0.01287078857421875,0.0240020751953125,0.1165771484375
1243,M_1099_25y0m_1_dysfluent_009,0.041839599609375,0.090087890625,0.02606201171875,0.0188751220703125,0.04620361328125
1244,M_1099_25y0m_1_dysfluent_010,0.039337158203125,0.0728759765625,0.05072021484375,0.025421142578125,0.11163330078125
1245,M_1099_25y0m_1_dysfluent_011,0.27685546875,0.11181640625,0.046630859375,0.039642333984375,0.29541015625
1246,M_1099_25y0m_1_dysfluent_012,0.057586669921875,0.1617431640625,0.036163330078125,0.0321044921875,0.07122802734375
1247,M_1099_25y0m_1_dysfluent_013,0.12322998046875,0.07794189453125,0.0121917724609375,0.01495361328125,0.08740234375
1248,M_1099_25y0m_1_dysfluent_014,0.051361083984375,0.10992431640625,0.060516357421875,0.05108642578125,0.06878662109375
1249,M_1099_25y0m_1_dysfluent_015,0.03338623046875,0.1014404296875,0.021240234375,0.049774169921875,0.07464599609375
1250,M_1099_25y0m_1_dysfluent_016,0.045684814453125,0.13671875,0.0831298828125,0.1419677734375,0.2374267578125
1251,M_1099_25y0m_1_dysfluent_017,0.04931640625,0.09320068359375,0.022247314453125,0.0236968994140625,0.07989501953125
1252,M_1099_25y0m_1_dysfluent_018,0.0300445556640625,0.08209228515625,0.036895751953125,0.0390625,0.055511474609375
1253,M_1099_25y0m_1_dysfluent_019,0.11859130859375,0.1458740234375,0.06622314453125,0.050811767578125,0.25634765625
1254,M_1099_25y0m_1_dysfluent_020,0.1265869140625,0.13232421875,0.0709228515625,0.05877685546875,0.07452392578125
1255,M_1099_25y0m_1_dysfluent_021,0.1387939453125,0.10015869140625,0.0261077880859375,0.036773681640625,0.07183837890625
1256,M_1099_25y0m_1_dysfluent_022,0.1328125,0.10614013671875,0.0179901123046875,0.0201416015625,0.2298583984375
1257,M_1099_25y0m_1_dysfluent_023,0.162109375,0.12939453125,0.0938720703125,0.0469970703125,0.64208984375
1258,M_1099_25y0m_1_dysfluent_024,0.06561279296875,0.239501953125,0.2481689453125,0.10015869140625,0.489501953125
1259,M_1099_25y0m_1_dysfluent_025,0.047088623046875,0.1693115234375,0.1910400390625,0.06842041015625,0.3671875
1260,M_1099_25y0m_1_dysfluent_026,0.09515380859375,0.1209716796875,0.029205322265625,0.0537109375,0.168212890625
1261,M_1099_25y0m_1_dysfluent_027,0.2393798828125,0.15625,0.01137542724609375,0.00989532470703125,0.3271484375
1262,M_1099_25y0m_1_dysfluent_028,0.259033203125,0.105224609375,0.00989532470703125,0.01861572265625,0.521484375
1263,M_1099_25y0m_1_dysfluent_029,0.05706787109375,0.09185791015625,0.10174560546875,0.1292724609375,0.468505859375
1264,M_1099_25y0m_1_dysfluent_030,0.04620361328125,0.08331298828125,0.05224609375,0.0482177734375,0.1754150390625
1265,M_1099_25y0m_1_dysfluent_031,0.060638427734375,0.06719970703125,0.0233306884765625,0.02191162109375,0.07318115234375
1266,M_1099_25y0m_1_dysfluent_032,0.1551513671875,0.06854248046875,0.01312255859375,0.011962890625,0.06964111328125
1267,M_1099_25y0m_1_dysfluent_033,0.06732177734375,0.1171875,0.0279083251953125,0.0185089111328125,0.06231689453125
1268,M_1099_25y0m_1_dysfluent_034,0.057373046875,0.09039306640625,0.01233673095703125,0.0153045654296875,0.06903076171875
1269,M_1099_25y0m_1_dysfluent_035,0.42431640625,0.134033203125,0.042572021484375,0.05450439453125,0.60546875
1270,M_1099_25y0m_1_dysfluent_036,0.08038330078125,0.11083984375,0.0160980224609375,0.0137939453125,0.2496337890625
1271,M_1099_25y0m_1_dysfluent_037,0.2490234375,0.171142578125,0.040252685546875,0.042236328125,0.7646484375
1272,M_1099_25y0m_1_dysfluent_038,0.0386962890625,0.0970458984375,0.01116180419921875,0.034698486328125,0.05780029296875
1273,M_1099_25y0m_1_dysfluent_039,0.1302490234375,0.0872802734375,0.034759521484375,0.054595947265625,0.6669921875
1274,M_1099_25y0m_1_dysfluent_040,0.164794921875,0.33837890625,0.0836181640625,0.1195068359375,0.82861328125
1275,M_1099_25y0m_1_dysfluent_041,0.057281494140625,0.09124755859375,0.056854248046875,0.193359375,0.2330322265625
1276,M_1099_25y0m_1_dysfluent_042,0.044586181640625,0.1015625,0.0948486328125,0.329833984375,0.310791015625
1277,M_1099_25y0m_1_dysfluent_043,0.036895751953125,0.092529296875,0.11553955078125,0.1953125,0.1265869140625
1278,M_1099_25y0m_1_dysfluent_044,0.22802734375,0.081787109375,0.0165863037109375,0.037200927734375,0.83447265625
1279,M_1099_25y0m_1_dysfluent_045,0.123046875,0.07861328125,0.0162811279296875,0.030670166015625,0.07666015625
1280,M_1099_25y0m_1_dysfluent_046,0.286865234375,0.11181640625,0.04510498046875,0.06817626953125,0.8203125
1281,M_1099_25y0m_1_dysfluent_047,0.2220458984375,0.1055908203125,0.0210113525390625,0.0276947021484375,0.62939453125
1282,M_1099_25y0m_1_dysfluent_048,0.173828125,0.1121826171875,0.024383544921875,0.038543701171875,0.7861328125
1283,M_1099_25y0m_1_dysfluent_049,0.0390625,0.11419677734375,0.1578369140625,0.08477783203125,0.12115478515625
1284,M_1099_25y0m_1_dysfluent_050,0.039337158203125,0.161865234375,0.1629638671875,0.25244140625,0.1239013671875
1285,M_1099_25y0m_1_dysfluent_051,0.2257080078125,0.12890625,0.05572509765625,0.07305908203125,0.77880859375
1286,M_1099_25y0m_1_dysfluent_052,0.3349609375,0.142333984375,0.044097900390625,0.06500244140625,0.80126953125
1287,M_1099_25y0m_1_dysfluent_053,0.265625,0.1439208984375,0.047088623046875,0.06854248046875,0.8369140625
1288,M_1099_25y0m_1_dysfluent_054,0.0167236328125,0.08709716796875,0.034942626953125,0.05792236328125,0.08587646484375
1289,M_1099_25y0m_1_dysfluent_055,0.0635986328125,0.140869140625,0.10931396484375,0.263427734375,0.58349609375
1290,M_1099_25y0m_1_dysfluent_056,0.0310211181640625,0.11517333984375,0.038116455078125,0.0703125,0.290283203125
1291,M_1099_25y0m_1_dysfluent_057,0.034759521484375,0.08197021484375,0.01934814453125,0.058349609375,0.07171630859375
1292,M_1099_25y0m_1_dysfluent_058,0.15380859375,0.138916015625,0.035552978515625,0.05792236328125,0.77734375
1293,M_1099_25y0m_1_dysfluent_059,0.048675537109375,0.11376953125,0.0287017822265625,0.0150146484375,0.07305908203125
1294,M_1099_25y0m_1_dysfluent_060,0.06805419921875,0.1634521484375,0.06585693359375,0.0325927734375,0.182861328125
1295,M_1099_25y0m_1_dysfluent_061,0.07122802734375,0.167236328125,0.040771484375,0.0282135009765625,0.242919921875
1296,M_1099_25y0m_1_dysfluent_062,0.047882080078125,0.1744384765625,0.07080078125,0.04443359375,0.2255859375
1297,M_1099_25y0m_1_dysfluent_063,0.2313232421875,0.2322998046875,0.218017578125,0.0755615234375,0.09857177734375
1298,M_1099_25y0m_1_dysfluent_064,0.2313232421875,0.2322998046875,0.218017578125,0.0755615234375,0.09857177734375
1299,M_1099_25y0m_1_dysfluent_065,0.10797119140625,0.10284423828125,0.0177154541015625,0.011199951171875,0.1033935546875
1300,M_1099_25y0m_1_dysfluent_066,0.06939697265625,0.09283447265625,0.01678466796875,0.0169830322265625,0.2220458984375
1301,M_1099_25y0m_1_dysfluent_067,0.1171875,0.1683349609375,0.0189361572265625,0.03955078125,0.70556640625
1302,M_1099_25y0m_1_dysfluent_068,0.29931640625,0.09552001953125,0.0131683349609375,0.0214080810546875,0.373291015625
1303,M_1099_25y0m_1_dysfluent_069,0.13330078125,0.0938720703125,0.037261962890625,0.023773193359375,0.293701171875
1304,M_1099_25y0m_1_dysfluent_070,0.1763916015625,0.11419677734375,0.054107666015625,0.050811767578125,0.68994140625
1305,M_1099_25y0m_1_dysfluent_071,0.222412109375,0.1187744140625,0.016845703125,0.0184326171875,0.424560546875
1306,M_1099_25y0m_1_dysfluent_072,0.3349609375,0.1358642578125,0.0738525390625,0.05865478515625,0.638671875
1307,M_1099_25y0m_1_dysfluent_073,0.2900390625,0.189697265625,0.10211181640625,0.06756591796875,0.71728515625
1308,M_1099_25y0m_1_dysfluent_074,0.1361083984375,0.08526611328125,0.0266571044921875,0.020965576171875,0.156982421875
1309,M_1099_25y0m_1_dysfluent_075,0.23974609375,0.106689453125,0.06658935546875,0.04803466796875,0.54248046875
1310,M_1099_25y0m_1_dysfluent_076,0.23974609375,0.106689453125,0.06658935546875,0.04803466796875,0.54248046875
1311,M_1099_25y0m_1_dysfluent_077,0.276123046875,0.10687255859375,0.03216552734375,0.0224609375,0.40380859375
1312,M_1099_25y0m_1_dysfluent_078,0.09027099609375,0.30126953125,0.035675048828125,0.0201416015625,0.059326171875
1313,M_1099_25y0m_1_dysfluent_079,0.09185791015625,0.280517578125,0.029815673828125,0.0167236328125,0.0810546875
1314,M_1099_25y0m_1_dysfluent_080,0.059661865234375,0.08709716796875,0.019195556640625,0.0726318359375,0.5126953125
1315,M_1099_25y0m_1_dysfluent_081,0.11181640625,0.0948486328125,0.0083465576171875,0.0220794677734375,0.267333984375
1316,M_1099_25y0m_1_dysfluent_082,0.04486083984375,0.158447265625,0.049774169921875,0.06964111328125,0.1705322265625
1317,M_1099_25y0m_1_dysfluent_083,0.07183837890625,0.1083984375,0.0115509033203125,0.025421142578125,0.1324462890625
1318,M_1099_25y0m_1_dysfluent_084,0.050506591796875,0.095703125,0.0162811279296875,0.082275390625,0.283447265625
1319,M_1099_25y0m_1_dysfluent_085,0.1055908203125,0.173828125,0.04559326171875,0.10595703125,0.83984375
1320,M_1099_25y0m_1_dysfluent_086,0.33984375,0.10650634765625,0.0184783935546875,0.054290771484375,0.587890625
1321,M_1099_25y0m_1_dysfluent_087,0.103759765625,0.08050537109375,0.019561767578125,0.0258636474609375,0.05072021484375
1322,M_1099_25y0m_1_dysfluent_088,0.1121826171875,0.11297607421875,0.070068359375,0.0723876953125,0.442138671875
1323,M_1099_25y0m_1_dysfluent_089,0.1258544921875,0.1597900390625,0.1873779296875,0.3173828125,0.65380859375
1324,M_1099_25y0m_1_dysfluent_090,0.044281005859375,0.1422119140625,0.1326904296875,0.22509765625,0.1383056640625
1325,M_1099_25y0m_1_dysfluent_091,0.048492431640625,0.10247802734375,0.05059814453125,0.0965576171875,0.09552001953125
1326,M_1099_25y0m_1_dysfluent_092,0.0460205078125,0.19580078125,0.11029052734375,0.04638671875,0.08648681640625
1327,M_1099_25y0m_1_dysfluent_093,0.11029052734375,0.2349853515625,0.1617431640625,0.06927490234375,0.287353515625
1328,M_1099_25y0m_1_dysfluent_094,0.0975341796875,0.252197265625,0.06488037109375,0.04559326171875,0.472900390625
1329,M_1099_25y0m_1_dysfluent_095,0.07586669921875,0.132568359375,0.01934814453125,0.027740478515625,0.12408447265625
1330,M_1099_25y0m_1_dysfluent_096,0.07904052734375,0.1287841796875,0.042388916015625,0.0704345703125,0.448486328125
1331,M_1099_25y0m_1_dysfluent_097,0.0994873046875,0.07781982421875,0.0163421630859375,0.035675048828125,0.55615234375
1332,M_1099_25y0m_1_dysfluent_098,0.1485595703125,0.06292724609375,0.01348114013671875,0.033538818359375,0.2445068359375
1333,M_1099_25y0m_1_dysfluent_099,0.0965576171875,0.1448974609375,0.07861328125,0.046630859375,0.412353515625
1334,M_1099_25y0m_1_dysfluent_100,0.045867919921875,0.246337890625,0.199951171875,0.13427734375,0.06732177734375
1335,M_1099_25y0m_1_dysfluent_101,0.03948974609375,0.169189453125,0.1033935546875,0.1505126953125,0.09967041015625
1336,M_1099_25y0m_1_dysfluent_102,0.05224609375,0.103759765625,0.037811279296875,0.05877685546875,0.141845703125
1337,M_1099_25y0m_1_dysfluent_103,0.07891845703125,0.12176513671875,0.03338623046875,0.06085205078125,0.2215576171875
1338,M_1099_25y0m_1_dysfluent_104,0.1048583984375,0.093505859375,0.020172119140625,0.0305023193359375,0.1607666015625
1339,M_1099_25y0m_1_dysfluent_105,0.0618896484375,0.089111328125,0.060516357421875,0.0218658447265625,0.0755615234375
1340,M_1099_25y0m_1_dysfluent_106,0.042022705078125,0.135986328125,0.1319580078125,0.06768798828125,0.0849609375
1341,M_1099_25y0m_1_dysfluent_107,0.03985595703125,0.10992431640625,0.09503173828125,0.063720703125,0.06915283203125
1342,M_1099_25y0m_1_dysfluent_108,0.06854248046875,0.1546630859375,0.029876708984375,0.0191650390625,0.0352783203125
1343,M_1099_25y0m_1_dysfluent_109,0.08209228515625,0.1007080078125,0.0103302001953125,0.024139404296875,0.06732177734375
1344,M_1099_25y0m_1_dysfluent_110,0.179443359375,0.08880615234375,0.015838623046875,0.0280609130859375,0.480712890625
1345,M_1099_25y0m_1_dysfluent_111,0.298095703125,0.1654052734375,0.04248046875,0.05126953125,0.63671875
1346,M_1099_25y0m_1_dysfluent_112,0.166015625,0.0784912109375,0.01142120361328125,0.0170440673828125,0.16064453125
1347,M_1099_25y0m_1_dysfluent_113,0.219482421875,0.1259765625,0.08660888671875,0.09808349609375,0.89599609375
1348,M_1099_25y0m_1_dysfluent_114,0.11163330078125,0.08331298828125,0.0261993408203125,0.051544189453125,0.857421875
1349,M_1099_25y0m_1_dysfluent_115,0.0987548828125,0.12158203125,0.03594970703125,0.03704833984375,0.76708984375
1350,M_1099_25y0m_1_dysfluent_116,0.048492431640625,0.0982666015625,0.040252685546875,0.044769287109375,0.2178955078125
1351,M_1099_25y0m_1_dysfluent_117,0.2049560546875,0.2132568359375,0.119384765625,0.1624755859375,0.88525390625
1352,M_1099_25y0m_1_dysfluent_118,0.148681640625,0.15771484375,0.049041748046875,0.07354736328125,0.78125
1353,M_1099_25y0m_1_dysfluent_119,0.10107421875,0.10968017578125,0.03533935546875,0.0224151611328125,0.054107666015625
1354,M_1099_25y0m_1_dysfluent_120,0.12115478515625,0.1175537109375,0.0242767333984375,0.0271759033203125,0.5849609375
1355,M_1099_25y0m_1_dysfluent_121,0.0994873046875,0.24169921875,0.2493896484375,0.442138671875,0.277099609375
1356,M_1099_25y0m_1_dysfluent_122,0.09893798828125,0.31982421875,0.1143798828125,0.0792236328125,0.537109375
1357,M_1099_25y0m_1_dysfluent_123,0.10931396484375,0.2978515625,0.05023193359375,0.038818359375,0.4296875
1358,M_1099_25y0m_1_dysfluent_124,0.1055908203125,0.35888671875,0.042877197265625,0.021484375,0.2083740234375
1359,M_1099_25y0m_1_dysfluent_125,0.050323486328125,0.2783203125,0.04510498046875,0.0303802490234375,0.0482177734375
1360,M_1099_25y0m_1_dysfluent_126,0.181396484375,0.13330078125,0.0184783935546875,0.0251312255859375,0.6162109375
1361,M_1099_25y0m_1_dysfluent_127,0.2137451171875,0.11126708984375,0.02044677734375,0.0303802490234375,0.76318359375
1362,M_1099_25y0m_1_dysfluent_128,0.0869140625,0.1917724609375,0.020721435546875,0.0253753662109375,0.414306640625
1363,M_1099_25y0m_1_dysfluent_129,0.20263671875,0.200439453125,0.01229095458984375,0.01229095458984375,0.220458984375
1364,M_1099_25y0m_1_dysfluent_130,0.07330322265625,0.0460205078125,0.0118255615234375,0.0120086669921875,0.0582275390625
1365,M_1099_25y0m_1_dysfluent_131,0.1259765625,0.09979248046875,0.0266571044921875,0.019500732421875,0.438232421875
1366,M_1099_25y0m_1_dysfluent_132,0.1041259765625,0.1229248046875,0.0268096923828125,0.03955078125,0.49365234375
1367,M_1099_25y0m_1_dysfluent_133,0.1474609375,0.1549072265625,0.04443359375,0.040771484375,0.448974609375
1368,M_1099_25y0m_1_dysfluent_134,0.178955078125,0.0784912109375,0.021820068359375,0.06427001953125,0.623046875
1369,M_1099_25y0m_1_dysfluent_135,0.206298828125,0.2325439453125,0.09857177734375,0.0863037109375,0.66064453125
1370,M_1099_25y0m_1_dysfluent_136,0.110107421875,0.1849365234375,0.11126708984375,0.017578125,0.06732177734375
1371,M_1099_25y0m_1_dysfluent_137,0.04620361328125,0.1318359375,0.03875732421875,0.0223236083984375,0.060638427734375
1372,M_1099_25y0m_1_dysfluent_138,0.151611328125,0.229248046875,0.047515869140625,0.06597900390625,0.80322265625
1373,M_1099_25y0m_1_dysfluent_139,0.080078125,0.2347412109375,0.052520751953125,0.0295867919921875,0.447021484375
1374,M_1099_25y0m_1_dysfluent_140,0.1295166015625,0.3251953125,0.040374755859375,0.030670166015625,0.623046875
1375,M_1099_25y0m_1_dysfluent_141,0.23095703125,0.40869140625,0.042083740234375,0.043853759765625,0.36865234375
1376,M_1099_25y0m_1_dysfluent_142,0.304443359375,0.360107421875,0.03240966796875,0.020599365234375,0.62841796875
1377,M_1099_25y0m_1_dysfluent_143,0.30517578125,0.1773681640625,0.0282745361328125,0.033905029296875,0.6474609375
1378,M_1099_25y0m_1_dysfluent_144,0.284423828125,0.1988525390625,0.0345458984375,0.0257568359375,0.492919921875
1379,M_1099_25y0m_1_dysfluent_145,0.205322265625,0.13916015625,0.0154876708984375,0.051544189453125,0.2880859375
1380,M_1099_25y0m_1_dysfluent_146,0.09979248046875,0.11419677734375,0.054107666015625,0.141845703125,0.833984375
1381,M_1099_25y0m_1_dysfluent_147,0.11083984375,0.1385498046875,0.043212890625,0.08819580078125,0.80615234375
1382,M_1099_25y0m_1_dysfluent_148,0.08135986328125,0.1678466796875,0.09600830078125,0.285888671875,0.73486328125
1383,M_1099_25y0m_1_dysfluent_149,0.06939697265625,0.1805419921875,0.120361328125,0.3056640625,0.39892578125
1384,M_1099_25y0m_1_dysfluent_150,0.10107421875,0.1961669921875,0.169189453125,0.310791015625,0.7958984375
1385,M_1099_25y0m_1_dysfluent_151,0.075439453125,0.23583984375,0.0850830078125,0.03643798828125,0.1539306640625
1386,M_1099_25y0m_1_dysfluent_152,0.11029052734375,0.1676025390625,0.0704345703125,0.04248046875,0.296142578125
1387,M_1099_25y0m_1_dysfluent_153,0.123046875,0.222412109375,0.054901123046875,0.0173797607421875,0.09893798828125
1388,M_1099_25y0m_1_dysfluent_154,0.0838623046875,0.155517578125,0.07574462890625,0.0509033203125,0.25927734375
1389,M_1099_25y0m_1_dysfluent_155,0.2156982421875,0.127685546875,0.029815673828125,0.0302734375,0.35302734375
1390,M_1099_25y0m_1_dysfluent_156,0.03216552734375,0.159423828125,0.1358642578125,0.048492431640625,0.103759765625
1391,M_1099_25y0m_1_dysfluent_157,0.28466796875,0.0823974609375,0.0120086669921875,0.023468017578125,0.330078125
1392,M_1099_25y0m_1_dysfluent_158,0.313720703125,0.10430908203125,0.017852783203125,0.01971435546875,0.3115234375
1393,M_1099_25y0m_1_dysfluent_159,0.23974609375,0.1796875,0.0615234375,0.055206298828125,0.7392578125
1394,M_1099_25y0m_1_dysfluent_160,0.14599609375,0.075439453125,0.04302978515625,0.1171875,0.7666015625
1395,M_1099_25y0m_1_dysfluent_161,0.08209228515625,0.179931640625,0.28125,0.36083984375,0.70556640625
1396,M_1099_25y0m_1_dysfluent_162,0.1087646484375,0.2489013671875,0.35986328125,0.37255859375,0.66552734375
1397,M_1099_25y0m_1_dysfluent_163,0.1673583984375,0.1971435546875,0.183837890625,0.2386474609375,0.75439453125
1398,M_1099_25y0m_1_dysfluent_164,0.2032470703125,0.18603515625,0.114990234375,0.1131591796875,0.8134765625
1399,M_1099_25y0m_1_dysfluent_165,0.04486083984375,0.0830078125,0.011505126953125,0.0261077880859375,0.038909912109375
1400,M_1099_25y0m_1_dysfluent_166,0.04010009765625,0.08990478515625,0.0196380615234375,0.039337158203125,0.0360107421875
1401,M_1099_25y0m_1_dysfluent_167,0.07208251953125,0.1251220703125,0.0174407958984375,0.047088623046875,0.08038330078125
1402,M_1099_25y0m_1_dysfluent_168,0.17626953125,0.11981201171875,0.01450347900390625,0.0217437744140625,0.0634765625
1403,M_1099_25y0m_1_dysfluent_169,0.04302978515625,0.1214599609375,0.0192718505859375,0.0287017822265625,0.150634765625
1404,M_1099_25y0m_1_dysfluent_170,0.06793212890625,0.143310546875,0.04351806640625,0.071044921875,0.485595703125
1405,M_1099_25y0m_1_dysfluent_171,0.04193115234375,0.173095703125,0.266357421875,0.2509765625,0.206298828125
1406,M_1099_25y0m_1_dysfluent_172,0.0880126953125,0.12213134765625,0.036895751953125,0.01406097412109375,0.10595703125
1407,M_1099_25y0m_1_dysfluent_173,0.08758544921875,0.1334228515625,0.03460693359375,0.0472412109375,0.14892578125
1408,M_1099_25y0m_1_dysfluent_174,0.036834716796875,0.08331298828125,0.0129241943359375,0.021087646484375,0.051361083984375
1409,M_1099_25y0m_1_dysfluent_175,0.039276123046875,0.1326904296875,0.1143798828125,0.08758544921875,0.0792236328125
1410,M_1099_25y0m_1_dysfluent_176,0.0360107421875,0.1361083984375,0.089599609375,0.0489501953125,0.07720947265625
1411,M_1099_25y0m_1_dysfluent_177,0.04010009765625,0.126953125,0.0289306640625,0.020599365234375,0.0469970703125
1412,M_1099_25y0m_1_dysfluent_178,0.0390625,0.191650390625,0.0869140625,0.08465576171875,0.02655029296875
1413,M_1099_25y0m_1_dysfluent_179,0.044677734375,0.219970703125,0.05706787109375,0.050048828125,0.031982421875
1414,M_1099_25y0m_1_dysfluent_180,0.06085205078125,0.26953125,0.187744140625,0.1259765625,0.11163330078125
1415,M_1099_25y0m_1_dysfluent_181,0.035491943359375,0.182861328125,0.12042236328125,0.0794677734375,0.0809326171875
1416,M_1099_25y0m_1_dysfluent_182,0.1287841796875,0.1343994140625,0.09234619140625,0.1258544921875,0.347900390625
1417,M_1099_25y0m_1_dysfluent_183,0.1536865234375,0.1614990234375,0.0294189453125,0.037200927734375,0.146484375
1418,M_1099_25y0m_1_dysfluent_184,0.1480712890625,0.1849365234375,0.023101806640625,0.03204345703125,0.143798828125
1419,M_1099_25y0m_1_dysfluent_185,0.03704833984375,0.0894775390625,0.0504150390625,0.042083740234375,0.040924072265625
1420,M_1099_25y0m_1_dysfluent_186,0.03271484375,0.10577392578125,0.07794189453125,0.040008544921875,0.10247802734375
1421,M_1099_25y0m_1_dysfluent_187,0.0248870849609375,0.08740234375,0.03271484375,0.038116455078125,0.056121826171875
1422,M_1099_25y0m_1_dysfluent_188,0.046722412109375,0.1390380859375,0.060516357421875,0.027801513671875,0.05126953125
1423,M_1099_25y0m_1_dysfluent_189,0.12103271484375,0.0999755859375,0.03167724609375,0.049774169921875,0.763671875
1424,M_1099_25y0m_1_dysfluent_190,0.140869140625,0.145263671875,0.024566650390625,0.032958984375,0.63427734375
1425,M_1099_25y0m_1_dysfluent_191,0.197265625,0.1922607421875,0.04107666015625,0.04949951171875,0.75537109375
1426,M_1099_25y0m_1_dysfluent_192,0.0321044921875,0.18505859375,0.23681640625,0.196533203125,0.1329345703125
1427,M_1099_25y0m_1_dysfluent_193,0.09136962890625,0.23681640625,0.1971435546875,0.11920166015625,0.75634765625
1428,M_1099_25y0m_1_dysfluent_194,0.2083740234375,0.1649169921875,0.076416015625,0.0810546875,0.8359375
1429,M_1099_25y0m_1_dysfluent_195,0.07806396484375,0.1387939453125,0.042877197265625,0.01678466796875,0.0472412109375
1430,M_1099_25y0m_1_dysfluent_196,0.08587646484375,0.1513671875,0.0283355712890625,0.010986328125,0.0287017822265625
1431,M_1099_25y0m_1_dysfluent_197,0.040679931640625,0.12359619140625,0.039337158203125,0.02484130859375,0.1207275390625
1432,M_1099_25y0m_1_dysfluent_198,0.2255859375,0.1165771484375,0.0369873046875,0.02685546875,0.54833984375
1433,M_1099_25y0m_1_dysfluent_199,0.1990966796875,0.09283447265625,0.0225372314453125,0.033203125,0.68896484375
1434,M_1099_25y0m_1_dysfluent_200,0.2171630859375,0.1279296875,0.0254669189453125,0.033660888671875,0.7470703125
1435,M_1099_25y0m_1_dysfluent_201,0.13671875,0.07720947265625,0.039642333984375,0.026763916015625,0.2496337890625
1436,M_1099_25y0m_1_fluent_000,0.11029052734375,0.18798828125,0.0634765625,0.06964111328125,0.06573486328125
1437,M_1099_25y0m_1_fluent_001,0.1573486328125,0.09124755859375,0.0258636474609375,0.033843994140625,0.03228759765625
1438,M_1099_25y0m_1_fluent_002,0.046478271484375,0.12286376953125,0.0823974609375,0.0863037109375,0.0552978515625
1439,M_1099_25y0m_1_fluent_003,0.1748046875,0.2069091796875,0.1483154296875,0.1353759765625,0.10614013671875
1440,M_1099_25y0m_1_fluent_004,0.03839111328125,0.1171875,0.09027099609375,0.06915283203125,0.03289794921875
1441,M_1099_25y0m_1_fluent_005,0.089111328125,0.105224609375,0.05572509765625,0.070556640625,0.040771484375
1442,M_1099_25y0m_1_fluent_006,0.035614013671875,0.11517333984375,0.0792236328125,0.05706787109375,0.060516357421875
1443,M_1099_25y0m_1_fluent_007,0.07275390625,0.152099609375,0.07122802734375,0.102294921875,0.11578369140625
1444,M_1099_25y0m_1_fluent_008,0.12493896484375,0.151123046875,0.09588623046875,0.054595947265625,0.042022705078125
1445,M_1099_25y0m_1_fluent_009,0.053497314453125,0.1781005859375,0.1405029296875,0.11456298828125,0.056640625
1446,M_1099_25y0m_1_fluent_010,0.158935546875,0.12286376953125,0.0299835205078125,0.045013427734375,0.257568359375
1447,M_1099_25y0m_1_fluent_011,0.047149658203125,0.18798828125,0.12261962890625,0.09185791015625,0.0469970703125
1448,M_1099_25y0m_1_fluent_012,0.043365478515625,0.09185791015625,0.035736083984375,0.020416259765625,0.057586669921875
1449,M_1099_25y0m_1_fluent_013,0.11474609375,0.11962890625,0.047943115234375,0.11102294921875,0.11395263671875
1450,M_1099_25y0m_1_fluent_014,0.09552001953125,0.1451416015625,0.0304412841796875,0.050140380859375,0.21728515625
1451,M_1099_25y0m_1_fluent_015,0.153076171875,0.1175537109375,0.015960693359375,0.053009033203125,0.409912109375
1452,M_1099_25y0m_1_fluent_016,0.062103271484375,0.100341796875,0.075439453125,0.0885009765625,0.042877197265625
1453,M_1099_25y0m_1_fluent_017,0.1444091796875,0.14697265625,0.148193359375,0.331298828125,0.15966796875
1454,M_1099_25y0m_1_fluent_018,0.0953369140625,0.147216796875,0.058990478515625,0.10125732421875,0.046112060546875
1455,M_1099_25y0m_1_fluent_019,0.055206298828125,0.1837158203125,0.06915283203125,0.08270263671875,0.044525146484375
1456,M_1099_25y0m_1_fluent_020,0.05389404296875,0.138916015625,0.03216552734375,0.0567626953125,0.047607421875
1457,M_1099_25y0m_1_fluent_021,0.1353759765625,0.09075927734375,0.0384521484375,0.0784912109375,0.056549072265625
1458,M_1099_25y0m_1_fluent_022,0.2496337890625,0.1910400390625,0.10931396484375,0.0738525390625,0.049224853515625
1459,M_1099_25y0m_1_fluent_023,0.08758544921875,0.1993408203125,0.216552734375,0.216552734375,0.141357421875
1460,M_1099_25y0m_1_fluent_024,0.1710205078125,0.10052490234375,0.044769287109375,0.109130859375,0.07965087890625
1461,M_1099_25y0m_1_fluent_025,0.2022705078125,0.144775390625,0.0526123046875,0.0618896484375,0.139892578125
1462,M_1099_25y0m_1_fluent_026,0.050140380859375,0.263671875,0.23388671875,0.1263427734375,0.09283447265625
1463,M_1099_25y0m_1_fluent_027,0.1719970703125,0.0784912109375,0.0214080810546875,0.0200958251953125,0.0574951171875
1464,M_1099_25y0m_1_fluent_028,0.25146484375,0.25732421875,0.26953125,0.200927734375,0.09368896484375
1465,M_1099_25y0m_1_fluent_029,0.07159423828125,0.11419677734375,0.053314208984375,0.0439453125,0.0276336669921875
1466,M_1099_25y0m_1_fluent_030,0.0386962890625,0.1239013671875,0.0966796875,0.10052490234375,0.040374755859375
1467,M_1099_25y0m_1_fluent_031,0.118408203125,0.217041015625,0.2293701171875,0.18212890625,0.07574462890625
1468,M_1099_25y0m_1_fluent_032,0.145263671875,0.16845703125,0.12548828125,0.1259765625,0.04046630859375
1469,M_1099_25y0m_1_fluent_033,0.1280517578125,0.079345703125,0.029541015625,0.0810546875,0.1419677734375
1470,M_1099_25y0m_1_fluent_034,0.048583984375,0.11065673828125,0.020965576171875,0.0236053466796875,0.08880615234375
1471,M_1099_25y0m_1_fluent_035,0.075439453125,0.1683349609375,0.27734375,0.259033203125,0.1300048828125
1472,M_1099_25y0m_1_fluent_036,0.156494140625,0.1265869140625,0.03302001953125,0.04486083984375,0.043121337890625
1473,M_1099_25y0m_1_fluent_037,0.250244140625,0.2509765625,0.08831787109375,0.06463623046875,0.72412109375
1474,M_1099_25y0m_1_fluent_038,0.08831787109375,0.14990234375,0.1346435546875,0.137939453125,0.1163330078125
1475,M_1099_25y0m_1_fluent_039,0.115966796875,0.100341796875,0.02691650390625,0.05865478515625,0.08758544921875
1476,M_1099_25y0m_1_fluent_040,0.0855712890625,0.09417724609375,0.01282501220703125,0.01861572265625,0.061309814453125
1477,M_1099_25y0m_1_fluent_041,0.230224609375,0.10504150390625,0.081787109375,0.10504150390625,0.043853759765625
1478,M_1099_25y0m_1_fluent_042,0.10174560546875,0.11517333984375,0.0276336669921875,0.06396484375,0.057586669921875
1479,M_1099_25y0m_1_fluent_043,0.2763671875,0.1177978515625,0.0300445556640625,0.035552978515625,0.39990234375
1480,M_1099_25y0m_1_fluent_044,0.08978271484375,0.15283203125,0.09588623046875,0.14501953125,0.05224609375
1481,M_1099_25y0m_1_fluent_045,0.052703857421875,0.12744140625,0.0810546875,0.035003662109375,0.0299224853515625
1482,M_1099_25y0m_1_fluent_046,0.1055908203125,0.1014404296875,0.0489501953125,0.097412109375,0.135986328125
1483,M_1099_25y0m_1_fluent_047,0.152099609375,0.1396484375,0.024566650390625,0.014556884765625,0.038909912109375
1484,M_1099_25y0m_1_fluent_048,0.05987548828125,0.086181640625,0.04510498046875,0.09075927734375,0.06585693359375
1485,M_1099_25y0m_1_fluent_049,0.030914306640625,0.1512451171875,0.08038330078125,0.1124267578125,0.0640869140625
1486,M_1099_25y0m_1_fluent_050,0.051361083984375,0.0755615234375,0.064208984375,0.04296875,0.11920166015625
1487,M_1099_25y0m_1_fluent_051,0.26171875,0.1593017578125,0.1715087890625,0.241455078125,0.0880126953125
1488,M_1099_25y0m_1_fluent_052,0.102294921875,0.124755859375,0.0631103515625,0.1513671875,0.1746826171875
1489,M_1099_25y0m_1_fluent_053,0.0631103515625,0.159423828125,0.033660888671875,0.01678466796875,0.0216522216796875
1490,M_1099_25y0m_1_fluent_054,0.2005615234375,0.183349609375,0.14453125,0.12322998046875,0.05877685546875
1491,M_1099_25y0m_1_fluent_055,0.1165771484375,0.152099609375,0.09332275390625,0.10211181640625,0.105224609375
1492,M_1099_25y0m_1_fluent_056,0.06927490234375,0.17041015625,0.1904296875,0.156982421875,0.0863037109375
1493,M_1099_25y0m_1_fluent_057,0.12176513671875,0.141357421875,0.140380859375,0.1767578125,0.056854248046875
1494,M_1099_25y0m_1_fluent_058,0.037750244140625,0.1502685546875,0.0306243896484375,0.07763671875,0.06268310546875
1495,M_1099_25y0m_1_fluent_059,0.07684326171875,0.1904296875,0.256103515625,0.1617431640625,0.09234619140625
1496,M_1099_25y0m_1_fluent_060,0.06768798828125,0.15771484375,0.040985107421875,0.07684326171875,0.0567626953125
1497,M_1099_25y0m_1_fluent_061,0.2406005859375,0.1397705078125,0.07342529296875,0.0943603515625,0.04296875
1498,M_1099_25y0m_1_fluent_062,0.08404541015625,0.1380615234375,0.2113037109375,0.1663818359375,0.058135986328125
1499,M_1099_25y0m_1_fluent_063,0.1258544921875,0.1400146484375,0.129638671875,0.2161865234375,0.0784912109375
1500,M_1099_25y0m_1_fluent_064,0.139404296875,0.1339111328125,0.09857177734375,0.14501953125,0.04083251953125
1501,M_1099_25y0m_1_fluent_065,0.04559326171875,0.1202392578125,0.0303802490234375,0.052032470703125,0.06536865234375
1502,M_1099_25y0m_1_fluent_066,0.11199951171875,0.1563720703125,0.1541748046875,0.1900634765625,0.0872802734375
1503,M_1099_25y0m_1_fluent_067,0.07208251953125,0.249267578125,0.183349609375,0.0948486328125,0.0634765625
1504,M_1099_25y0m_1_fluent_068,0.10894775390625,0.1536865234375,0.1390380859375,0.1640625,0.1927490234375
1505,M_1099_25y0m_1_fluent_069,0.281494140625,0.128662109375,0.0638427734375,0.08343505859375,0.044097900390625
1506,M_1099_25y0m_1_fluent_070,0.1104736328125,0.1561279296875,0.2135009765625,0.260498046875,0.0704345703125
1507,M_1099_25y0m_1_fluent_071,0.09088134765625,0.21484375,0.282958984375,0.314208984375,0.089599609375
1508,M_1099_25y0m_1_fluent_072,0.058013916015625,0.08660888671875,0.02655029296875,0.06488037109375,0.059417724609375
1509,M_1099_25y0m_1_fluent_073,0.078369140625,0.1553955078125,0.049591064453125,0.11102294921875,0.06781005859375
1510,M_1099_25y0m_1_fluent_074,0.1314697265625,0.1708984375,0.248046875,0.26611328125,0.129638671875
1511,M_1099_25y0m_1_fluent_075,0.0413818359375,0.071044921875,0.03204345703125,0.0504150390625,0.07159423828125
1512,M_1099_25y0m_1_fluent_076,0.1826171875,0.1983642578125,0.1719970703125,0.08447265625,0.04132080078125
1513,M_1099_25y0m_1_fluent_077,0.2242431640625,0.11981201171875,0.118408203125,0.26708984375,0.1566162109375
1514,M_1099_25y0m_1_fluent_078,0.09368896484375,0.1676025390625,0.2252197265625,0.358154296875,0.136962890625
1515,M_1099_25y0m_1_fluent_079,0.05194091796875,0.1873779296875,0.26123046875,0.2335205078125,0.06304931640625
1516,M_1099_25y0m_1_fluent_080,0.07781982421875,0.1177978515625,0.045440673828125,0.0794677734375,0.053192138671875
1517,M_1099_25y0m_1_fluent_081,0.045867919921875,0.1492919921875,0.1390380859375,0.1553955078125,0.051177978515625
1518,M_1099_25y0m_1_fluent_082,0.035400390625,0.134033203125,0.043212890625,0.045257568359375,0.0765380859375
1519,M_1099_25y0m_1_fluent_083,0.12451171875,0.1727294921875,0.2088623046875,0.293212890625,0.12286376953125
1520,M_1099_25y0m_1_fluent_084,0.040985107421875,0.14599609375,0.2012939453125,0.09124755859375,0.04351806640625
1521,M_1099_25y0m_1_fluent_085,0.1517333984375,0.11614990234375,0.072265625,0.1456298828125,0.048492431640625
1522,M_1099_25y0m_1_fluent_086,0.0364990234375,0.123046875,0.105224609375,0.10650634765625,0.040252685546875
1523,M_1099_25y0m_1_fluent_087,0.08251953125,0.1754150390625,0.1650390625,0.1981201171875,0.1295166015625
1524,M_1099_25y0m_1_fluent_088,0.1015625,0.08599853515625,0.01483917236328125,0.0223236083984375,0.0390625
1525,M_1099_25y0m_1_fluent_089,0.1246337890625,0.16748046875,0.09857177734375,0.2313232421875,0.226318359375
1526,M_1099_25y0m_1_fluent_090,0.1240234375,0.1334228515625,0.0552978515625,0.06646728515625,0.06427001953125
1527,M_1099_25y0m_1_fluent_091,0.10125732421875,0.149658203125,0.07720947265625,0.093505859375,0.296875
1528,M_1099_25y0m_1_fluent_092,0.1383056640625,0.260009765625,0.1007080078125,0.07794189453125,0.65478515625
1529,M_1099_25y0m_1_fluent_093,0.053802490234375,0.1927490234375,0.2247314453125,0.20068359375,0.07989501953125
1530,M_1099_25y0m_1_fluent_094,0.06964111328125,0.14599609375,0.152099609375,0.10540771484375,0.04620361328125
1531,M_1099_25y0m_1_fluent_095,0.282470703125,0.160400390625,0.049774169921875,0.020843505859375,0.1134033203125
1532,M_1099_25y0m_1_fluent_096,0.20947265625,0.1510009765625,0.140869140625,0.235107421875,0.10992431640625
1533,M_1099_25y0m_1_fluent_097,0.13671875,0.2822265625,0.093994140625,0.08404541015625,0.7939453125
1534,M_1099_25y0m_1_fluent_098,0.047882080078125,0.129638671875,0.0582275390625,0.0836181640625,0.06695556640625
1535,M_1099_25y0m_1_fluent_099,0.0775146484375,0.1474609375,0.087890625,0.132568359375,0.06939697265625
1536,M_1099_25y0m_1_fluent_100,0.051666259765625,0.250244140625,0.172119140625,0.1470947265625,0.046295166015625
1537,M_1099_25y0m_1_fluent_101,0.061187744140625,0.138671875,0.0259552001953125,0.038330078125,0.04620361328125
1538,M_1099_25y0m_1_fluent_102,0.06488037109375,0.1546630859375,0.033477783203125,0.033782958984375,0.0504150390625
1539,M_1099_25y0m_1_fluent_103,0.09979248046875,0.1339111328125,0.08135986328125,0.157470703125,0.058349609375
1540,M_1099_25y0m_1_fluent_104,0.167724609375,0.1121826171875,0.06243896484375,0.06744384765625,0.05108642578125
1541,M_1099_25y0m_1_fluent_105,0.06903076171875,0.1260986328125,0.1549072265625,0.10430908203125,0.1181640625
1542,M_1099_25y0m_1_fluent_106,0.09332275390625,0.11578369140625,0.046905517578125,0.054595947265625,0.044281005859375
1543,M_1099_25y0m_1_fluent_107,0.05877685546875,0.10052490234375,0.0206451416015625,0.0179901123046875,0.08587646484375
1544,M_1099_25y0m_1_fluent_108,0.093505859375,0.1905517578125,0.2161865234375,0.345458984375,0.126708984375
1545,M_1099_25y0m_1_fluent_109,0.1883544921875,0.1207275390625,0.0413818359375,0.0439453125,0.0753173828125
1546,M_1099_25y0m_1_fluent_110,0.02606201171875,0.154296875,0.08404541015625,0.08758544921875,0.046539306640625
1547,M_1099_25y0m_1_fluent_111,0.041473388671875,0.07452392578125,0.03033447265625,0.06549072265625,0.060302734375
1548,M_1099_25y0m_1_fluent_112,0.10968017578125,0.07666015625,0.041229248046875,0.0266571044921875,0.026763916015625
1549,M_1099_25y0m_1_fluent_113,0.041534423828125,0.1900634765625,0.2020263671875,0.1954345703125,0.06536865234375
1550,M_1099_25y0m_1_fluent_114,0.04681396484375,0.12841796875,0.10614013671875,0.06231689453125,0.06439208984375
1551,M_1099_25y0m_1_fluent_115,0.035614013671875,0.18701171875,0.08929443359375,0.038238525390625,0.06488037109375
1552,M_1099_25y0m_1_fluent_116,0.044677734375,0.1512451171875,0.1351318359375,0.2032470703125,0.053314208984375
1553,M_1099_25y0m_1_fluent_117,0.09552001953125,0.12054443359375,0.04779052734375,0.0261993408203125,0.040374755859375
1554,M_1099_25y0m_1_fluent_118,0.029815673828125,0.10797119140625,0.0230712890625,0.0311431884765625,0.03955078125
1555,M_1099_25y0m_1_fluent_119,0.041229248046875,0.174072265625,0.07879638671875,0.07476806640625,0.039794921875
1556,M_1099_25y0m_1_fluent_120,0.060302734375,0.06964111328125,0.028167724609375,0.0279541015625,0.270751953125
1557,M_1099_25y0m_1_fluent_121,0.12274169921875,0.11419677734375,0.042877197265625,0.0703125,0.2459716796875
1558,M_1099_25y0m_1_fluent_122,0.07965087890625,0.11553955078125,0.0284881591796875,0.0306243896484375,0.19482421875
1559,M_1099_25y0m_1_fluent_123,0.046539306640625,0.139892578125,0.09619140625,0.1019287109375,0.04400634765625
1560,M_1099_25y0m_1_fluent_124,0.1246337890625,0.1358642578125,0.0699462890625,0.06524658203125,0.09686279296875
1561,M_1099_25y0m_1_fluent_125,0.06231689453125,0.1444091796875,0.09234619140625,0.1923828125,0.1087646484375
1562,M_1099_25y0m_1_fluent_126,0.0943603515625,0.09320068359375,0.049041748046875,0.06842041015625,0.141357421875
1563,M_1099_25y0m_1_fluent_127,0.11376953125,0.157958984375,0.114990234375,0.1253662109375,0.0863037109375
1564,M_1099_25y0m_1_fluent_128,0.15673828125,0.174560546875,0.092041015625,0.0704345703125,0.061309814453125
1565,M_1099_25y0m_1_fluent_129,0.35546875,0.1341552734375,0.0869140625,0.09893798828125,0.081787109375
1566,M_1099_25y0m_1_fluent_130,0.07794189453125,0.1409912109375,0.1236572265625,0.11676025390625,0.056640625
1567,M_1099_25y0m_1_fluent_131,0.097900390625,0.137451171875,0.0867919921875,0.147216796875,0.044677734375
1568,M_1099_25y0m_1_fluent_132,0.181396484375,0.1077880859375,0.051849365234375,0.1307373046875,0.060302734375
1569,M_1099_25y0m_1_fluent_133,0.036285400390625,0.11993408203125,0.050994873046875,0.06585693359375,0.07720947265625
1570,M_1099_25y0m_1_fluent_134,0.09283447265625,0.1033935546875,0.0318603515625,0.05706787109375,0.1041259765625
1571,M_1099_25y0m_1_fluent_135,0.08270263671875,0.04779052734375,0.01107025146484375,0.01332855224609375,0.04351806640625
1572,M_1099_25y0m_1_fluent_136,0.15771484375,0.2340087890625,0.272216796875,0.2578125,0.047149658203125
1573,M_1099_25y0m_1_fluent_137,0.197021484375,0.1309814453125,0.06658935546875,0.0849609375,0.048492431640625
1574,M_1099_25y0m_1_fluent_138,0.04840087890625,0.1661376953125,0.123046875,0.09600830078125,0.08819580078125
1575,M_1099_25y0m_1_fluent_139,0.11474609375,0.1165771484375,0.0173797607421875,0.01433563232421875,0.0816650390625
1576,M_1099_25y0m_1_fluent_140,0.151611328125,0.1279296875,0.09222412109375,0.12432861328125,0.10992431640625
1577,M_1099_25y0m_1_fluent_141,0.1019287109375,0.1290283203125,0.123046875,0.10357666015625,0.057586669921875
1578,M_1099_25y0m_1_fluent_142,0.142578125,0.138916015625,0.0738525390625,0.10894775390625,0.2115478515625
1579,M_1099_25y0m_1_fluent_143,0.203857421875,0.12890625,0.0211639404296875,0.0215301513671875,0.044677734375
1580,M_1099_25y0m_1_fluent_144,0.0592041015625,0.20068359375,0.2225341796875,0.18798828125,0.061767578125
1581,M_1099_25y0m_1_fluent_145,0.07806396484375,0.137939453125,0.0186920166015625,0.0204925537109375,0.03192138671875
1582,M_1099_25y0m_1_fluent_146,0.0546875,0.1153564453125,0.07452392578125,0.0987548828125,0.037261962890625
1583,M_1099_25y0m_1_fluent_147,0.06488037109375,0.1500244140625,0.127197265625,0.1414794921875,0.047149658203125
1584,M_1099_25y0m_1_fluent_148,0.06231689453125,0.1282958984375,0.04840087890625,0.0299835205078125,0.08831787109375
1585,M_1099_25y0m_1_fluent_149,0.04742431640625,0.089111328125,0.040985107421875,0.047882080078125,0.06256103515625
1586,M_1099_25y0m_1_fluent_150,0.08709716796875,0.10467529296875,0.021087646484375,0.0203704833984375,0.0615234375
1587,M_1099_25y0m_1_fluent_151,0.122314453125,0.1651611328125,0.058441162109375,0.039794921875,0.1044921875
1588,M_1099_25y0m_1_fluent_152,0.046478271484375,0.093505859375,0.04638671875,0.08831787109375,0.047515869140625
1589,M_1099_25y0m_1_fluent_153,0.1318359375,0.20654296875,0.33447265625,0.2476806640625,0.110107421875
1590,M_1099_25y0m_1_fluent_154,0.1878662109375,0.419677734375,0.2469482421875,0.0869140625,0.465576171875
1591,M_1099_25y0m_1_fluent_155,0.234619140625,0.09979248046875,0.0215301513671875,0.0313720703125,0.57177734375
1592,M_1099_25y0m_1_fluent_156,0.07501220703125,0.11798095703125,0.039947509765625,0.03155517578125,0.041534423828125
1593,M_1099_25y0m_1_fluent_157,0.044769287109375,0.08062744140625,0.02801513671875,0.044097900390625,0.037109375
1594,M_1099_25y0m_1_fluent_158,0.09722900390625,0.1298828125,0.12359619140625,0.1578369140625,0.060211181640625
1595,M_1099_25y0m_1_fluent_159,0.150634765625,0.1358642578125,0.091064453125,0.136474609375,0.15380859375
1596,M_1099_25y0m_1_fluent_160,0.12176513671875,0.2242431640625,0.2314453125,0.1077880859375,0.092529296875
1597,M_1099_25y0m_1_fluent_161,0.05889892578125,0.09027099609375,0.0285491943359375,0.047515869140625,0.0517578125
1598,M_1099_25y0m_1_fluent_162,0.0943603515625,0.285888671875,0.267578125,0.1239013671875,0.4716796875
1599,M_1099_25y0m_1_fluent_163,0.08062744140625,0.1171875,0.05511474609375,0.07489013671875,0.034759521484375
1600,M_1099_25y0m_1_fluent_164,0.1397705078125,0.1427001953125,0.044769287109375,0.0849609375,0.175537109375
1601,M_1099_25y0m_1_fluent_165,0.05340576171875,0.0880126953125,0.0206451416015625,0.03759765625,0.034698486328125
1602,M_1099_25y0m_1_fluent_166,0.07763671875,0.2255859375,0.4091796875,0.355224609375,0.1265869140625
1603,M_1099_25y0m_1_fluent_167,0.1455078125,0.131591796875,0.0268096923828125,0.0247955322265625,0.038330078125
1604,M_1099_25y0m_1_fluent_168,0.124755859375,0.126953125,0.053314208984375,0.1312255859375,0.07696533203125
1605,M_1099_25y0m_1_fluent_169,0.1263427734375,0.1339111328125,0.07611083984375,0.1121826171875,0.04486083984375
1606,M_1099_25y0m_1_fluent_170,0.103759765625,0.1527099609375,0.2015380859375,0.309326171875,0.1400146484375
1607,M_1099_25y0m_1_fluent_171,0.050323486328125,0.15966796875,0.1619873046875,0.1063232421875,0.07208251953125
1608,M_1099_25y0m_1_fluent_172,0.10089111328125,0.08990478515625,0.045196533203125,0.0863037109375,0.04638671875
1609,M_1099_25y0m_1_fluent_173,0.050140380859375,0.1632080078125,0.03753662109375,0.02655029296875,0.042816162109375
1610,M_1099_25y0m_1_fluent_174,0.155029296875,0.1630859375,0.1851806640625,0.2418212890625,0.12841796875
1611,M_1099_25y0m_1_fluent_175,0.0728759765625,0.20654296875,0.150390625,0.03173828125,0.06097412109375
1612,M_1099_25y0m_1_fluent_176,0.1761474609375,0.11932373046875,0.046478271484375,0.0261993408203125,0.040618896484375
1613,M_1099_25y0m_1_fluent_177,0.1087646484375,0.1292724609375,0.058013916015625,0.033538818359375,0.07781982421875
1614,M_1099_25y0m_1_fluent_178,0.061431884765625,0.1280517578125,0.07720947265625,0.10357666015625,0.0546875
1615,M_1099_25y0m_1_fluent_179,0.200439453125,0.10595703125,0.0240020751953125,0.0289764404296875,0.1063232421875
1616,M_1099_25y0m_1_fluent_180,0.0526123046875,0.1163330078125,0.038818359375,0.07135009765625,0.1319580078125
1617,M_1099_25y0m_1_fluent_181,0.1363525390625,0.258056640625,0.2310791015625,0.1175537109375,0.71728515625
1618,M_1099_25y0m_1_fluent_182,0.06683349609375,0.1114501953125,0.103759765625,0.1259765625,0.17822265625
1619,M_1099_25y0m_1_fluent_183,0.0701904296875,0.1087646484375,0.10284423828125,0.235595703125,0.10089111328125
1620,M_1099_25y0m_1_fluent_184,0.041839599609375,0.07763671875,0.0240478515625,0.06622314453125,0.06109619140625
1621,M_1099_25y0m_1_fluent_185,0.05645751953125,0.2152099609375,0.2401123046875,0.2171630859375,0.070068359375
1622,M_1099_25y0m_1_fluent_186,0.2098388671875,0.12127685546875,0.08880615234375,0.1435546875,0.07806396484375
1623,M_1099_25y0m_1_fluent_187,0.05877685546875,0.1436767578125,0.14013671875,0.11474609375,0.0517578125
1624,M_1099_25y0m_1_fluent_188,0.06610107421875,0.1063232421875,0.08978271484375,0.1414794921875,0.06597900390625
1625,M_1099_25y0m_1_fluent_189,0.1370849609375,0.09893798828125,0.033477783203125,0.02752685546875,0.04803466796875
1626,M_1099_25y0m_1_fluent_190,0.07183837890625,0.1943359375,0.1734619140625,0.1475830078125,0.0855712890625
1627,M_1099_25y0m_1_fluent_191,0.278076171875,0.1541748046875,0.0966796875,0.1439208984375,0.0987548828125
1628,M_1099_25y0m_1_fluent_192,0.07891845703125,0.07781982421875,0.040985107421875,0.049407958984375,0.10125732421875
1629,M_1099_25y0m_1_fluent_193,0.0439453125,0.171630859375,0.063720703125,0.0938720703125,0.053314208984375
1630,M_1099_25y0m_1_fluent_194,0.1405029296875,0.16845703125,0.0704345703125,0.04486083984375,0.06536865234375
1631,M_1099_25y0m_1_fluent_195,0.1727294921875,0.0802001953125,0.0633544921875,0.1015625,0.0439453125
1632,M_1099_25y0m_1_fluent_196,0.0738525390625,0.15478515625,0.10302734375,0.06890869140625,0.110107421875
1633,M_1099_25y0m_1_fluent_197,0.044342041015625,0.11199951171875,0.06903076171875,0.07794189453125,0.03515625
1634,M_1099_25y0m_1_fluent_198,0.0850830078125,0.13818359375,0.050048828125,0.0310821533203125,0.036712646484375
1635,M_1099_25y0m_1_fluent_199,0.11993408203125,0.1187744140625,0.045196533203125,0.059539794921875,0.0300445556640625
1636,M_1099_25y0m_1_fluent_200,0.141845703125,0.15625,0.1407470703125,0.27685546875,0.163818359375
1637,M_1099_25y0m_1_fluent_201,0.038909912109375,0.11083984375,0.056640625,0.03155517578125,0.0831298828125
1638,M_1099_25y0m_1_fluent_202,0.058135986328125,0.1304931640625,0.1502685546875,0.09893798828125,0.04840087890625
1639,M_1099_25y0m_1_fluent_203,0.1700439453125,0.1634521484375,0.0135345458984375,0.017242431640625,0.093505859375
1640,M_1099_25y0m_1_fluent_204,0.048126220703125,0.106689453125,0.0247955322265625,0.01519012451171875,0.0843505859375
1641,M_1099_25y0m_1_fluent_205,0.036163330078125,0.2080078125,0.1910400390625,0.08587646484375,0.054595947265625
1642,M_1099_25y0m_1_fluent_206,0.06622314453125,0.07904052734375,0.0312042236328125,0.023193359375,0.06915283203125
1643,M_1099_25y0m_1_fluent_207,0.1610107421875,0.1395263671875,0.150634765625,0.0965576171875,0.06268310546875
1644,M_1099_25y0m_1_fluent_208,0.1893310546875,0.0792236328125,0.0469970703125,0.06427001953125,0.03704833984375
1645,M_1099_25y0m_1_fluent_209,0.08123779296875,0.122314453125,0.10430908203125,0.1981201171875,0.07080078125
1646,M_1099_25y0m_1_fluent_210,0.077392578125,0.09600830078125,0.022796630859375,0.035064697265625,0.07171630859375
1647,M_1099_25y0m_1_fluent_211,0.05450439453125,0.12139892578125,0.09039306640625,0.10797119140625,0.049041748046875
1648,M_1099_25y0m_1_fluent_212,0.09930419921875,0.14453125,0.10089111328125,0.15771484375,0.04559326171875
1649,M_1099_25y0m_1_fluent_213,0.047882080078125,0.1339111328125,0.0150146484375,0.02532958984375,0.052703857421875
1650,M_1099_25y0m_1_fluent_214,0.26513671875,0.2042236328125,0.09686279296875,0.08929443359375,0.07147216796875
1651,M_1099_25y0m_1_fluent_215,0.189697265625,0.176513671875,0.129150390625,0.131591796875,0.0509033203125
1652,M_1099_25y0m_1_fluent_216,0.20166015625,0.08599853515625,0.02044677734375,0.030853271484375,0.1334228515625
1653,M_1099_25y0m_1_fluent_217,0.0309600830078125,0.07891845703125,0.03204345703125,0.0180206298828125,0.040924072265625
1654,M_1099_25y0m_1_fluent_218,0.058135986328125,0.1685791015625,0.033660888671875,0.040313720703125,0.03460693359375
1655,M_1099_25y0m_1_fluent_219,0.2135009765625,0.1041259765625,0.0293121337890625,0.034698486328125,0.08526611328125
1656,M_1099_25y0m_1_fluent_220,0.05450439453125,0.06475830078125,0.0131683349609375,0.0225067138671875,0.03643798828125
1657,M_1099_25y0m_1_fluent_221,0.272705078125,0.1759033203125,0.061981201171875,0.061767578125,0.169921875
1658,M_1099_25y0m_1_fluent_222,0.06231689453125,0.1597900390625,0.08648681640625,0.056243896484375,0.08123779296875
1659,M_1099_25y0m_1_fluent_223,0.07977294921875,0.12322998046875,0.1419677734375,0.158935546875,0.06231689453125
1660,M_1099_25y0m_1_fluent_224,0.156982421875,0.182373046875,0.1591796875,0.183349609375,0.0753173828125
1661,M_1099_25y0m_1_fluent_225,0.078369140625,0.1524658203125,0.04876708984375,0.06268310546875,0.0364990234375
1662,M_1099_25y0m_1_fluent_226,0.08062744140625,0.1787109375,0.2098388671875,0.217529296875,0.081787109375
1663,M_1099_25y0m_1_fluent_227,0.0546875,0.2078857421875,0.0257110595703125,0.019195556640625,0.051544189453125
1664,M_1099_25y0m_1_fluent_228,0.128173828125,0.2342529296875,0.2445068359375,0.309326171875,0.259521484375
1665,M_1099_25y0m_1_fluent_229,0.06732177734375,0.1822509765625,0.1806640625,0.1622314453125,0.07763671875
1666,M_1099_25y0m_1_fluent_230,0.07305908203125,0.13720703125,0.09503173828125,0.06866455078125,0.09771728515625
1667,M_1099_25y0m_1_fluent_231,0.1019287109375,0.1947021484375,0.1976318359375,0.1710205078125,0.0504150390625
1668,M_1099_25y0m_1_fluent_232,0.04949951171875,0.1563720703125,0.1883544921875,0.1739501953125,0.045440673828125
1669,M_1099_25y0m_1_fluent_233,0.1341552734375,0.1365966796875,0.04949951171875,0.0823974609375,0.12176513671875
1670,M_1099_25y0m_1_fluent_234,0.07122802734375,0.1483154296875,0.080810546875,0.13037109375,0.0885009765625
1671,M_1099_25y0m_1_fluent_235,0.1231689453125,0.097412109375,0.0640869140625,0.0762939453125,0.043212890625
1672,M_1099_25y0m_1_fluent_236,0.0369873046875,0.15087890625,0.052032470703125,0.038970947265625,0.03662109375
1673,M_1099_25y0m_1_fluent_237,0.11419677734375,0.18603515625,0.10015869140625,0.0823974609375,0.024932861328125
1674,M_1099_25y0m_1_fluent_238,0.04083251953125,0.09619140625,0.056243896484375,0.051544189453125,0.03289794921875
1675,M_1099_25y0m_1_fluent_239,0.09552001953125,0.270751953125,0.1815185546875,0.093017578125,0.055206298828125
1676,M_1099_25y0m_1_fluent_240,0.042572021484375,0.1190185546875,0.11981201171875,0.16064453125,0.06756591796875
1677,M_1099_25y0m_1_fluent_241,0.12188720703125,0.17822265625,0.07330322265625,0.08282470703125,0.358154296875
1678,M_1099_25y0m_1_fluent_242,0.1231689453125,0.10797119140625,0.034942626953125,0.076416015625,0.1199951171875
1679,M_1099_25y0m_1_fluent_243,0.182373046875,0.094482421875,0.09222412109375,0.2467041015625,0.20068359375
1680,M_1099_25y0m_1_fluent_244,0.0830078125,0.116943359375,0.071044921875,0.1278076171875,0.047088623046875
1681,M_1099_25y0m_1_fluent_245,0.07275390625,0.1761474609375,0.12335205078125,0.07122802734375,0.0869140625
1682,M_1099_25y0m_1_fluent_246,0.1251220703125,0.09222412109375,0.012054443359375,0.0241851806640625,0.12042236328125
1683,M_1099_25y0m_1_fluent_247,0.1177978515625,0.1617431640625,0.24853515625,0.18798828125,0.085693359375
1684,M_1099_25y0m_1_fluent_248,0.1717529296875,0.12347412109375,0.06817626953125,0.1019287109375,0.07159423828125
1685,M_1099_25y0m_1_fluent_249,0.07421875,0.09912109375,0.051849365234375,0.07208251953125,0.04083251953125
1686,M_1099_25y0m_1_fluent_250,0.055511474609375,0.1358642578125,0.08038330078125,0.1246337890625,0.055511474609375
1687,M_1099_25y0m_1_fluent_251,0.08831787109375,0.13623046875,0.230712890625,0.232666015625,0.08404541015625
1688,M_1099_25y0m_1_fluent_252,0.107421875,0.257568359375,0.14501953125,0.169677734375,0.08209228515625
1689,M_1099_25y0m_1_fluent_253,0.1177978515625,0.08978271484375,0.046722412109375,0.033843994140625,0.0253753662109375
1690,M_1099_25y0m_1_fluent_254,0.105224609375,0.13525390625,0.046112060546875,0.03240966796875,0.024932861328125
1691,M_1099_25y0m_1_fluent_255,0.189697265625,0.1683349609375,0.01363372802734375,0.02069091796875,0.51416015625
1692,M_1099_25y0m_1_fluent_256,0.151123046875,0.11358642578125,0.0254669189453125,0.044189453125,0.05340576171875
1693,M_1099_25y0m_1_fluent_257,0.035675048828125,0.1512451171875,0.054595947265625,0.03912353515625,0.06231689453125
1694,M_1099_25y0m_1_fluent_258,0.062225341796875,0.0943603515625,0.0282745361328125,0.03607177734375,0.05194091796875
1695,M_1099_25y0m_1_fluent_259,0.07330322265625,0.1312255859375,0.039794921875,0.0537109375,0.048583984375
1696,M_1099_25y0m_1_fluent_260,0.08282470703125,0.08929443359375,0.046722412109375,0.030670166015625,0.028167724609375
1697,M_1099_25y0m_1_fluent_261,0.09332275390625,0.12322998046875,0.08990478515625,0.08526611328125,0.06622314453125
1698,M_1099_25y0m_1_fluent_262,0.09686279296875,0.0728759765625,0.0150146484375,0.014556884765625,0.05023193359375
1699,M_1099_25y0m_1_fluent_263,0.03424072265625,0.10015869140625,0.03265380859375,0.038604736328125,0.06536865234375
1700,M_1099_25y0m_1_fluent_264,0.10430908203125,0.1300048828125,0.06781005859375,0.07342529296875,0.053314208984375
1701,M_1099_25y0m_1_fluent_265,0.10540771484375,0.2115478515625,0.06719970703125,0.0831298828125,0.12158203125
1702,M_1099_25y0m_1_fluent_266,0.10614013671875,0.10284423828125,0.055511474609375,0.06109619140625,0.0369873046875
1703,M_1099_25y0m_1_fluent_267,0.070068359375,0.1195068359375,0.040924072265625,0.06292724609375,0.040618896484375
1704,M_1099_25y0m_1_fluent_268,0.06634521484375,0.11456298828125,0.04107666015625,0.06927490234375,0.038909912109375
1705,M_1099_25y0m_1_fluent_269,0.06658935546875,0.15185546875,0.06878662109375,0.0401611328125,0.03533935546875
1706,M_1099_25y0m_1_fluent_270,0.064208984375,0.140380859375,0.033477783203125,0.0201416015625,0.0185089111328125
1707,M_1099_25y0m_1_fluent_271,0.336669921875,0.168701171875,0.1644287109375,0.1795654296875,0.0743408203125
1708,M_1099_25y0m_1_fluent_272,0.122314453125,0.1578369140625,0.09979248046875,0.06756591796875,0.03594970703125
1709,M_1099_25y0m_1_fluent_273,0.3115234375,0.1766357421875,0.16015625,0.158935546875,0.1007080078125
1710,M_1099_25y0m_1_fluent_274,0.1563720703125,0.1044921875,0.03179931640625,0.07684326171875,0.08154296875
1711,M_1099_25y0m_1_fluent_275,0.1436767578125,0.26953125,0.05242919921875,0.058135986328125,0.0574951171875
1712,M_1099_25y0m_1_fluent_276,0.0548095703125,0.1468505859375,0.090576171875,0.1292724609375,0.05645751953125
1713,M_1099_25y0m_1_fluent_277,0.2646484375,0.151611328125,0.08050537109375,0.09271240234375,0.0816650390625
1714,M_1099_25y0m_1_fluent_278,0.042572021484375,0.1015625,0.045013427734375,0.061309814453125,0.06878662109375
1715,M_1099_25y0m_1_fluent_279,0.08062744140625,0.135009765625,0.11376953125,0.09368896484375,0.06500244140625
1716,M_1099_25y0m_1_fluent_280,0.09686279296875,0.089599609375,0.0212860107421875,0.03131103515625,0.03289794921875
1717,M_1099_25y0m_1_fluent_281,0.07501220703125,0.1697998046875,0.0849609375,0.12432861328125,0.056854248046875
1718,M_1099_25y0m_1_fluent_282,0.1573486328125,0.0982666015625,0.0535888671875,0.035614013671875,0.11614990234375
1719,M_1099_25y0m_1_fluent_283,0.18603515625,0.1605224609375,0.05572509765625,0.0965576171875,0.1502685546875
1720,M_1099_25y0m_1_fluent_284,0.0863037109375,0.1468505859375,0.04742431640625,0.07611083984375,0.059539794921875
1721,M_1099_25y0m_1_fluent_285,0.04132080078125,0.169189453125,0.1884765625,0.17919921875,0.047515869140625
1722,M_1099_25y0m_1_fluent_286,0.09368896484375,0.1251220703125,0.0843505859375,0.10797119140625,0.109130859375
1723,M_1099_25y0m_1_fluent_287,0.26953125,0.1651611328125,0.2021484375,0.1851806640625,0.060302734375
1724,M_1099_25y0m_1_fluent_288,0.06231689453125,0.09039306640625,0.03216552734375,0.06243896484375,0.070556640625
1725,M_1099_25y0m_1_fluent_289,0.2193603515625,0.1973876953125,0.08135986328125,0.133056640625,0.227783203125
1726,M_1099_25y0m_1_fluent_290,0.1453857421875,0.1451416015625,0.04876708984375,0.1121826171875,0.10821533203125
1727,M_1099_25y0m_1_fluent_291,0.09222412109375,0.09857177734375,0.030914306640625,0.09967041015625,0.1536865234375
1728,M_1099_25y0m_1_fluent_292,0.056549072265625,0.13720703125,0.1451416015625,0.10687255859375,0.0582275390625
1729,M_1099_25y0m_1_fluent_293,0.12445068359375,0.1334228515625,0.06781005859375,0.07464599609375,0.09600830078125
1730,M_1099_25y0m_1_fluent_294,0.12359619140625,0.1446533203125,0.06817626953125,0.11199951171875,0.058441162109375
1731,M_1099_25y0m_1_fluent_295,0.035552978515625,0.1512451171875,0.10540771484375,0.11553955078125,0.0751953125
1732,M_1099_25y0m_1_fluent_296,0.1490478515625,0.14990234375,0.0309600830078125,0.0240936279296875,0.044097900390625
1733,M_1099_25y0m_1_fluent_297,0.0537109375,0.080078125,0.00701141357421875,0.014007568359375,0.033721923828125
1734,M_1099_25y0m_1_fluent_298,0.0810546875,0.1573486328125,0.0204925537109375,0.05340576171875,0.08648681640625
1735,M_1099_25y0m_1_fluent_299,0.11798095703125,0.0850830078125,0.057708740234375,0.044525146484375,0.044586181640625
1736,M_1099_25y0m_1_fluent_300,0.04052734375,0.1224365234375,0.09967041015625,0.11260986328125,0.036285400390625
1737,M_1099_25y0m_1_fluent_301,0.06829833984375,0.10723876953125,0.023101806640625,0.019989013671875,0.033721923828125
1738,M_1099_25y0m_1_fluent_302,0.1361083984375,0.1339111328125,0.06488037109375,0.0838623046875,0.11376953125
1739,M_1099_25y0m_1_fluent_303,0.0592041015625,0.0792236328125,0.023468017578125,0.031494140625,0.06109619140625
1740,M_1099_25y0m_1_fluent_304,0.126953125,0.12744140625,0.053192138671875,0.2093505859375,0.1177978515625
1741,M_1099_25y0m_1_fluent_305,0.15576171875,0.27197265625,0.09686279296875,0.082275390625,0.2060546875
1742,M_1099_25y0m_1_fluent_306,0.106689453125,0.1260986328125,0.048583984375,0.07904052734375,0.05560302734375
1743,M_1099_25y0m_1_fluent_307,0.1014404296875,0.1446533203125,0.09185791015625,0.1671142578125,0.05987548828125
1744,M_1099_25y0m_1_fluent_308,0.058013916015625,0.173828125,0.223876953125,0.291748046875,0.08660888671875
1745,M_1099_25y0m_1_fluent_309,0.1632080078125,0.1851806640625,0.05145263671875,0.0517578125,0.1153564453125
1746,M_1099_25y0m_1_fluent_310,0.14501953125,0.2137451171875,0.469482421875,0.335205078125,0.150634765625
1747,M_1099_25y0m_1_fluent_311,0.097900390625,0.18701171875,0.12890625,0.1229248046875,0.04107666015625
1748,M_1099_25y0m_1_fluent_312,0.33154296875,0.1630859375,0.0279083251953125,0.0180206298828125,0.521484375
1749,M_1099_25y0m_1_fluent_313,0.1331787109375,0.177001953125,0.11083984375,0.176513671875,0.07196044921875
1750,M_1099_25y0m_1_fluent_314,0.07781982421875,0.1414794921875,0.11859130859375,0.0704345703125,0.046722412109375
1751,M_1099_25y0m_1_fluent_315,0.07171630859375,0.1181640625,0.063232421875,0.06427001953125,0.0809326171875
1752,M_1099_25y0m_1_fluent_316,0.07574462890625,0.17724609375,0.205810546875,0.200439453125,0.08270263671875
1753,M_1099_25y0m_1_fluent_317,0.039794921875,0.1396484375,0.0526123046875,0.08465576171875,0.0472412109375
1754,M_1099_25y0m_1_fluent_318,0.06658935546875,0.0560302734375,0.015838623046875,0.029144287109375,0.03704833984375
1755,M_1099_25y0m_1_fluent_319,0.13427734375,0.1773681640625,0.0567626953125,0.0455322265625,0.412841796875
1756,M_1099_25y0m_1_fluent_320,0.045440673828125,0.09075927734375,0.0258026123046875,0.033203125,0.042724609375
1757,M_1099_25y0m_1_fluent_321,0.05419921875,0.153564453125,0.03533935546875,0.0310821533203125,0.04681396484375
1758,M_1099_25y0m_1_fluent_322,0.03985595703125,0.15478515625,0.044097900390625,0.06719970703125,0.0360107421875
1759,M_1099_25y0m_1_fluent_323,0.1163330078125,0.1663818359375,0.1746826171875,0.1282958984375,0.0880126953125
1760,M_1099_25y0m_1_fluent_324,0.046905517578125,0.1556396484375,0.05108642578125,0.053985595703125,0.034423828125
1761,M_1099_25y0m_1_fluent_325,0.2235107421875,0.1419677734375,0.1114501953125,0.157470703125,0.0751953125
1762,M_1099_25y0m_1_fluent_326,0.097412109375,0.14013671875,0.06524658203125,0.09075927734375,0.042633056640625
1763,M_1099_25y0m_1_fluent_327,0.042236328125,0.1455078125,0.1187744140625,0.16748046875,0.0982666015625
1764,M_1099_25y0m_1_fluent_328,0.060760498046875,0.106689453125,0.050811767578125,0.0293121337890625,0.2359619140625
1765,M_1099_25y0m_1_fluent_329,0.07720947265625,0.1370849609375,0.224853515625,0.25146484375,0.109130859375
1766,M_1099_25y0m_1_fluent_330,0.0345458984375,0.154541015625,0.10174560546875,0.126220703125,0.07891845703125
1767,M_1099_25y0m_1_fluent_331,0.0784912109375,0.1336669921875,0.14306640625,0.14697265625,0.070556640625
1768,M_1099_25y0m_1_fluent_332,0.042724609375,0.093017578125,0.05706787109375,0.035003662109375,0.056121826171875
1769,M_1099_25y0m_1_fluent_333,0.1553955078125,0.468017578125,0.270263671875,0.09967041015625,0.478515625
1770,M_1099_25y0m_1_fluent_334,0.033782958984375,0.079345703125,0.033538818359375,0.0360107421875,0.0740966796875
1771,M_1099_25y0m_1_fluent_335,0.204833984375,0.082275390625,0.015777587890625,0.0292510986328125,0.27392578125
1772,M_1099_25y0m_1_fluent_336,0.0810546875,0.123046875,0.1727294921875,0.1514892578125,0.077392578125
1773,M_1099_25y0m_1_fluent_337,0.1734619140625,0.1171875,0.0240478515625,0.038543701171875,0.051666259765625
1774,M_1099_25y0m_1_fluent_338,0.07366943359375,0.258056640625,0.11419677734375,0.060760498046875,0.1326904296875
1775,M_1099_25y0m_1_fluent_339,0.2337646484375,0.1070556640625,0.10284423828125,0.11981201171875,0.04986572265625
1776,M_1099_25y0m_1_fluent_340,0.11163330078125,0.11676025390625,0.1163330078125,0.146240234375,0.06439208984375
1777,M_1099_25y0m_1_fluent_341,0.0869140625,0.110107421875,0.027801513671875,0.0278472900390625,0.0206451416015625
1778,M_1099_25y0m_1_fluent_342,0.154541015625,0.182861328125,0.11474609375,0.1175537109375,0.059661865234375
1779,M_1099_25y0m_1_fluent_343,0.1895751953125,0.176513671875,0.107421875,0.058563232421875,0.05145263671875
1780,M_1099_25y0m_1_fluent_344,0.07080078125,0.1427001953125,0.0699462890625,0.044281005859375,0.0240936279296875
1781,M_1099_25y0m_1_fluent_345,0.1282958984375,0.166015625,0.06890869140625,0.1251220703125,0.046112060546875
1782,M_1099_25y0m_1_fluent_346,0.04400634765625,0.2337646484375,0.10504150390625,0.09368896484375,0.1588134765625
1783,M_1099_25y0m_1_fluent_347,0.11163330078125,0.09771728515625,0.0352783203125,0.0535888671875,0.1673583984375
1784,M_1099_25y0m_1_fluent_348,0.092041015625,0.17578125,0.0843505859375,0.07977294921875,0.04559326171875
1785,M_1099_25y0m_1_fluent_349,0.045440673828125,0.115966796875,0.040252685546875,0.0311431884765625,0.035888671875
1786,M_1099_25y0m_1_fluent_350,0.1217041015625,0.47802734375,0.1510009765625,0.043701171875,0.33544921875
1787,M_1099_25y0m_1_fluent_351,0.15771484375,0.10968017578125,0.045196533203125,0.041229248046875,0.049407958984375
1788,M_1099_25y0m_1_fluent_352,0.07366943359375,0.201171875,0.1304931640625,0.1702880859375,0.09320068359375
1789,M_1099_25y0m_1_fluent_353,0.090087890625,0.09979248046875,0.05419921875,0.06707763671875,0.060760498046875
1790,M_1099_25y0m_1_fluent_354,0.054107666015625,0.095703125,0.01467132568359375,0.02191162109375,0.03436279296875
1791,M_1099_25y0m_1_fluent_355,0.0751953125,0.083740234375,0.0217742919921875,0.0266571044921875,0.03607177734375
1792,M_1099_25y0m_1_fluent_356,0.0482177734375,0.1951904296875,0.164306640625,0.0537109375,0.0782470703125
1793,M_1099_25y0m_1_fluent_357,0.07366943359375,0.1263427734375,0.1533203125,0.141357421875,0.060302734375
1794,M_1099_25y0m_1_fluent_358,0.1636962890625,0.1260986328125,0.046905517578125,0.04052734375,0.06451416015625
1795,M_1099_25y0m_1_fluent_359,0.08282470703125,0.1324462890625,0.11163330078125,0.07720947265625,0.047943115234375
1796,M_1099_25y0m_1_fluent_360,0.1629638671875,0.146240234375,0.0782470703125,0.09857177734375,0.75439453125
1797,M_1099_25y0m_1_fluent_361,0.06524658203125,0.1019287109375,0.07171630859375,0.1463623046875,0.1456298828125
1798,M_1099_25y0m_1_fluent_362,0.043212890625,0.126953125,0.09979248046875,0.1202392578125,0.0546875
1799,M_1099_25y0m_1_fluent_363,0.06573486328125,0.1429443359375,0.06915283203125,0.034698486328125,0.029815673828125
1800,M_1099_25y0m_1_fluent_364,0.140869140625,0.09271240234375,0.03424072265625,0.057373046875,0.05706787109375
1801,M_1099_25y0m_1_fluent_365,0.04534912109375,0.1514892578125,0.036773681640625,0.06744384765625,0.050048828125
1802,M_1099_25y0m_1_fluent_366,0.10052490234375,0.11260986328125,0.035003662109375,0.04296875,0.07684326171875
1803,M_1099_25y0m_1_fluent_367,0.10321044921875,0.07879638671875,0.015899658203125,0.023956298828125,0.63330078125
1804,M_1099_25y0m_1_fluent_368,0.032958984375,0.136474609375,0.021820068359375,0.01666259765625,0.0209197998046875
1805,M_1099_25y0m_1_fluent_369,0.053497314453125,0.2232666015625,0.036834716796875,0.042633056640625,0.1766357421875
1806,M_1099_25y0m_1_fluent_370,0.07476806640625,0.1282958984375,0.06085205078125,0.06939697265625,0.07666015625
1807,M_1099_25y0m_1_fluent_371,0.149169921875,0.1453857421875,0.049591064453125,0.07574462890625,0.0509033203125
1808,M_1099_25y0m_1_fluent_372,0.11376953125,0.28515625,0.2459716796875,0.1488037109375,0.75
1809,M_1099_25y0m_1_fluent_373,0.06927490234375,0.2445068359375,0.11676025390625,0.0782470703125,0.521484375
1810,M_1099_25y0m_1_fluent_374,0.03424072265625,0.174560546875,0.1405029296875,0.1376953125,0.07122802734375
1811,M_1099_25y0m_1_fluent_375,0.04046630859375,0.1077880859375,0.0411376953125,0.0784912109375,0.11163330078125
1812,M_1099_25y0m_1_fluent_376,0.07183837890625,0.11376953125,0.06585693359375,0.1885986328125,0.1336669921875
1813,M_1099_25y0m_1_fluent_377,0.08929443359375,0.1290283203125,0.04840087890625,0.043609619140625,0.08154296875
1814,M_1099_25y0m_1_fluent_378,0.04779052734375,0.1270751953125,0.0855712890625,0.10614013671875,0.07684326171875
1815,M_1099_25y0m_1_fluent_379,0.08447265625,0.21435546875,0.24853515625,0.279052734375,0.0843505859375
1816,M_1099_25y0m_1_fluent_380,0.09283447265625,0.2269287109375,0.2322998046875,0.177001953125,0.53955078125
1817,M_1099_25y0m_1_fluent_381,0.1044921875,0.177001953125,0.145263671875,0.1871337890625,0.06488037109375
1818,M_1099_25y0m_1_fluent_382,0.1744384765625,0.1346435546875,0.031982421875,0.08740234375,0.1163330078125
1819,M_1099_25y0m_1_fluent_383,0.1087646484375,0.11029052734375,0.1094970703125,0.13134765625,0.1444091796875
1820,M_1099_25y0m_1_fluent_384,0.05889892578125,0.137451171875,0.2109375,0.1285400390625,0.0496826171875
1821,M_1099_25y0m_1_fluent_385,0.1143798828125,0.0948486328125,0.05389404296875,0.06927490234375,0.06842041015625
1822,M_1099_25y0m_1_fluent_386,0.195556640625,0.1617431640625,0.1163330078125,0.1951904296875,0.7666015625
1823,M_1099_25y0m_1_fluent_387,0.0633544921875,0.11260986328125,0.06512451171875,0.1424560546875,0.0762939453125
1824,M_1099_25y0m_1_fluent_388,0.040771484375,0.1231689453125,0.052337646484375,0.0634765625,0.06915283203125
1825,M_1099_25y0m_1_fluent_389,0.03460693359375,0.1729736328125,0.06500244140625,0.080078125,0.06982421875
1826,M_1099_25y0m_1_fluent_390,0.11553955078125,0.169189453125,0.140869140625,0.255615234375,0.492431640625
1827,M_1099_25y0m_1_fluent_391,0.185791015625,0.1904296875,0.0165252685546875,0.0266571044921875,0.1390380859375
1828,M_1099_25y0m_1_fluent_392,0.0784912109375,0.1534423828125,0.1810302734375,0.255126953125,0.082275390625
1829,M_1099_25y0m_1_fluent_393,0.09893798828125,0.141845703125,0.0863037109375,0.1279296875,0.051177978515625
1830,M_1099_25y0m_1_fluent_394,0.08770751953125,0.09503173828125,0.047515869140625,0.0526123046875,0.053985595703125
1831,M_1099_25y0m_1_fluent_395,0.059539794921875,0.1632080078125,0.11798095703125,0.078369140625,0.058135986328125
1832,M_1099_25y0m_1_fluent_396,0.2467041015625,0.09124755859375,0.0203399658203125,0.027801513671875,0.14990234375
1833,M_1099_25y0m_1_fluent_397,0.06243896484375,0.1751708984375,0.2110595703125,0.09857177734375,0.048309326171875
1834,M_1099_25y0m_1_fluent_398,0.07122802734375,0.232177734375,0.08209228515625,0.040771484375,0.329345703125
1835,M_1099_25y0m_1_fluent_399,0.07080078125,0.0784912109375,0.0226287841796875,0.026702880859375,0.03875732421875
1836,M_1099_25y0m_1_fluent_400,0.05291748046875,0.094482421875,0.03753662109375,0.0413818359375,0.04296875
1837,M_1099_25y0m_1_fluent_401,0.1063232421875,0.1337890625,0.060211181640625,0.0548095703125,0.11279296875
1838,M_1099_25y0m_1_fluent_402,0.06854248046875,0.10125732421875,0.097412109375,0.054107666015625,0.2548828125
1839,M_1099_25y0m_1_fluent_403,0.11920166015625,0.454345703125,0.295654296875,0.10357666015625,0.255615234375
1840,M_1100_28y0m_1_dysfluent_000,0.037109375,0.14453125,0.053009033203125,0.1461181640625,0.306396484375
1841,M_1100_28y0m_1_dysfluent_001,0.0330810546875,0.166015625,0.0171051025390625,0.038818359375,0.133056640625
1842,M_1100_28y0m_1_dysfluent_002,0.08251953125,0.36083984375,0.03253173828125,0.048309326171875,0.248291015625
1843,M_1100_28y0m_1_dysfluent_003,0.1224365234375,0.1483154296875,0.0165252685546875,0.029815673828125,0.1658935546875
1844,M_1100_28y0m_1_dysfluent_004,0.037200927734375,0.10089111328125,0.02532958984375,0.056121826171875,0.09185791015625
1845,M_1100_28y0m_1_dysfluent_005,0.052520751953125,0.1492919921875,0.057281494140625,0.093994140625,0.11993408203125
1846,M_1100_28y0m_1_dysfluent_006,0.054107666015625,0.2099609375,0.0784912109375,0.0211181640625,0.05792236328125
1847,M_1100_28y0m_1_dysfluent_007,0.070068359375,0.194580078125,0.22509765625,0.12420654296875,0.2021484375
1848,M_1100_28y0m_1_dysfluent_008,0.058135986328125,0.1787109375,0.1461181640625,0.09619140625,0.28857421875
1849,M_1100_28y0m_1_dysfluent_009,0.050811767578125,0.1890869140625,0.1546630859375,0.1337890625,0.272216796875
1850,M_1100_28y0m_1_dysfluent_010,0.039276123046875,0.21728515625,0.1776123046875,0.1114501953125,0.122314453125
1851,M_1100_28y0m_1_dysfluent_011,0.05792236328125,0.1737060546875,0.052032470703125,0.027740478515625,0.081787109375
1852,M_1100_28y0m_1_dysfluent_012,0.07763671875,0.2149658203125,0.060516357421875,0.0390625,0.418701171875
1853,M_1100_28y0m_1_dysfluent_013,0.1318359375,0.1353759765625,0.029083251953125,0.02447509765625,0.36376953125
1854,M_1100_28y0m_1_dysfluent_014,0.045196533203125,0.2427978515625,0.194580078125,0.2093505859375,0.159423828125
1855,M_1100_28y0m_1_dysfluent_015,0.5302734375,0.2088623046875,0.0740966796875,0.04168701171875,0.280029296875
1856,M_1100_28y0m_1_dysfluent_016,0.63525390625,0.200927734375,0.10302734375,0.0310821533203125,0.154296875
1857,M_1100_28y0m_1_dysfluent_017,0.32177734375,0.2352294921875,0.1572265625,0.06451416015625,0.65185546875
1858,M_1100_28y0m_1_dysfluent_018,0.1298828125,0.25146484375,0.11981201171875,0.06964111328125,0.53662109375
1859,M_1100_28y0m_1_dysfluent_019,0.275146484375,0.28515625,0.1458740234375,0.0885009765625,0.76806640625
1860,M_1100_28y0m_1_dysfluent_020,0.325927734375,0.29443359375,0.0836181640625,0.060638427734375,0.716796875
1861,M_1100_28y0m_1_dysfluent_021,0.18310546875,0.223876953125,0.0191192626953125,0.0282135009765625,0.10595703125
1862,M_1100_28y0m_1_dysfluent_022,0.07696533203125,0.23681640625,0.03802490234375,0.063720703125,0.08331298828125
1863,M_1100_28y0m_1_dysfluent_023,0.07794189453125,0.2271728515625,0.0635986328125,0.06585693359375,0.04443359375
1864,M_1100_28y0m_1_dysfluent_024,0.12249755859375,0.1746826171875,0.04681396484375,0.015960693359375,0.04840087890625
1865,M_1100_28y0m_1_dysfluent_025,0.1456298828125,0.10321044921875,0.035736083984375,0.01763916015625,0.050048828125
1866,M_1100_28y0m_1_dysfluent_026,0.055938720703125,0.163330078125,0.1199951171875,0.1778564453125,0.053314208984375
1867,M_1100_28y0m_1_dysfluent_027,0.08477783203125,0.11358642578125,0.04302978515625,0.0279541015625,0.03216552734375
1868,M_1100_28y0m_1_dysfluent_028,0.0615234375,0.1622314453125,0.09088134765625,0.03582763671875,0.0305633544921875
1869,M_1100_28y0m_1_dysfluent_029,0.06280517578125,0.146484375,0.055419921875,0.0211639404296875,0.0284423828125
1870,M_1100_28y0m_1_dysfluent_030,0.089599609375,0.138916015625,0.05718994140625,0.0239105224609375,0.034423828125
1871,M_1100_28y0m_1_dysfluent_031,0.095703125,0.1351318359375,0.0521240234375,0.0266571044921875,0.06427001953125
1872,M_1100_28y0m_1_dysfluent_032,0.1322021484375,0.21484375,0.045440673828125,0.0413818359375,0.1868896484375
1873,M_1100_28y0m_1_dysfluent_033,0.310546875,0.28173828125,0.1033935546875,0.09844970703125,0.39306640625
1874,M_1100_28y0m_1_dysfluent_034,0.10125732421875,0.080078125,0.0310211181640625,0.055816650390625,0.431640625
1875,M_1100_28y0m_1_dysfluent_035,0.1280517578125,0.0943603515625,0.0257110595703125,0.10174560546875,0.73193359375
1876,M_1100_28y0m_1_dysfluent_036,0.138427734375,0.10302734375,0.015777587890625,0.0706787109375,0.51416015625
1877,M_1100_28y0m_1_dysfluent_037,0.1624755859375,0.1337890625,0.00878143310546875,0.009857177734375,0.126953125
1878,M_1100_28y0m_1_dysfluent_038,0.19287109375,0.1527099609375,0.0165863037109375,0.009521484375,0.13818359375
1879,M_1100_28y0m_1_dysfluent_039,0.04443359375,0.204345703125,0.0194244384765625,0.0301055908203125,0.09619140625
1880,M_1100_28y0m_1_dysfluent_040,0.06512451171875,0.35791015625,0.09857177734375,0.06292724609375,0.0548095703125
1881,M_1100_28y0m_1_dysfluent_041,0.0751953125,0.26904296875,0.03289794921875,0.04327392578125,0.1131591796875
1882,M_1100_28y0m_1_dysfluent_042,0.059661865234375,0.3291015625,0.136962890625,0.05987548828125,0.0274810791015625
1883,M_1100_28y0m_1_dysfluent_043,0.45947265625,0.25732421875,0.090576171875,0.05792236328125,0.39208984375
1884,M_1100_28y0m_1_dysfluent_044,0.59765625,0.388671875,0.31298828125,0.0775146484375,0.09039306640625
1885,M_1100_28y0m_1_dysfluent_045,0.58837890625,0.1756591796875,0.03143310546875,0.0221099853515625,0.30908203125
1886,M_1100_28y0m_1_dysfluent_046,0.479736328125,0.083740234375,0.018646240234375,0.0202178955078125,0.4443359375
1887,M_1100_28y0m_1_dysfluent_047,0.284423828125,0.11358642578125,0.0413818359375,0.06500244140625,0.87109375
1888,M_1100_28y0m_1_dysfluent_048,0.06805419921875,0.06964111328125,0.02203369140625,0.142333984375,0.1448974609375
1889,M_1100_28y0m_1_dysfluent_049,0.03607177734375,0.1007080078125,0.046112060546875,0.10284423828125,0.201171875
1890,M_1100_28y0m_1_dysfluent_050,0.10992431640625,0.16064453125,0.00933837890625,0.0116424560546875,0.1461181640625
1891,M_1100_28y0m_1_dysfluent_051,0.239013671875,0.1400146484375,0.0268096923828125,0.0211181640625,0.2166748046875
1892,M_1100_28y0m_1_dysfluent_052,0.1253662109375,0.1190185546875,0.0197906494140625,0.04638671875,0.23583984375
1893,M_1100_28y0m_1_dysfluent_053,0.06573486328125,0.0970458984375,0.060760498046875,0.047882080078125,0.062225341796875
1894,M_1100_28y0m_1_dysfluent_054,0.079345703125,0.09503173828125,0.0531005859375,0.041473388671875,0.045684814453125
1895,M_1100_28y0m_1_dysfluent_055,0.0401611328125,0.31005859375,0.10577392578125,0.045013427734375,0.0482177734375
1896,M_1100_28y0m_1_dysfluent_056,0.06903076171875,0.1256103515625,0.062103271484375,0.10723876953125,0.0416259765625
1897,M_1100_28y0m_1_dysfluent_057,0.043212890625,0.14892578125,0.08197021484375,0.10894775390625,0.06842041015625
1898,M_1100_28y0m_1_dysfluent_058,0.04840087890625,0.11199951171875,0.05340576171875,0.08868408203125,0.09588623046875
1899,M_1100_28y0m_1_dysfluent_059,0.0792236328125,0.09222412109375,0.02880859375,0.06512451171875,0.10107421875
1900,M_1100_28y0m_1_dysfluent_060,0.04876708984375,0.0880126953125,0.03289794921875,0.06500244140625,0.1551513671875
1901,M_1100_28y0m_1_dysfluent_061,0.1124267578125,0.089111328125,0.017242431640625,0.06292724609375,0.2413330078125
1902,M_1100_28y0m_1_dysfluent_062,0.13232421875,0.1468505859375,0.03839111328125,0.0726318359375,0.28076171875
1903,M_1100_28y0m_1_dysfluent_063,0.044281005859375,0.2076416015625,0.0241851806640625,0.029876708984375,0.29052734375
1904,M_1100_28y0m_1_dysfluent_064,0.070556640625,0.2115478515625,0.057708740234375,0.06488037109375,0.30517578125
1905,M_1100_28y0m_1_dysfluent_065,0.1829833984375,0.1202392578125,0.027008056640625,0.027740478515625,0.037200927734375
1906,M_1100_28y0m_1_dysfluent_066,0.122314453125,0.1014404296875,0.04010009765625,0.034759521484375,0.044097900390625
1907,M_1100_28y0m_1_dysfluent_067,0.12408447265625,0.1534423828125,0.0531005859375,0.059661865234375,0.102294921875
1908,M_1100_28y0m_1_dysfluent_068,0.06744384765625,0.199951171875,0.160400390625,0.07861328125,0.094482421875
1909,M_1100_28y0m_1_dysfluent_069,0.0222015380859375,0.10052490234375,0.01395416259765625,0.0276336669921875,0.060516357421875
1910,M_1100_28y0m_1_dysfluent_070,0.03289794921875,0.13671875,0.0548095703125,0.07965087890625,0.143798828125
1911,M_1100_28y0m_1_dysfluent_071,0.21337890625,0.11676025390625,0.00997161865234375,0.0177764892578125,0.64453125
1912,M_1100_28y0m_1_dysfluent_072,0.045257568359375,0.2427978515625,0.06658935546875,0.08251953125,0.1143798828125
1913,M_1100_28y0m_1_dysfluent_073,0.040313720703125,0.1827392578125,0.050140380859375,0.06854248046875,0.092041015625
1914,M_1100_28y0m_1_dysfluent_074,0.08990478515625,0.06561279296875,0.0189361572265625,0.0634765625,0.475341796875
1915,M_1100_28y0m_1_dysfluent_075,0.090087890625,0.10089111328125,0.077392578125,0.2529296875,0.861328125
1916,M_1100_28y0m_1_dysfluent_076,0.060211181640625,0.0948486328125,0.0850830078125,0.342041015625,0.6416015625
1917,M_1100_28y0m_1_dysfluent_077,0.0726318359375,0.1636962890625,0.06707763671875,0.03802490234375,0.08135986328125
1918,M_1100_28y0m_1_dysfluent_078,0.08648681640625,0.328857421875,0.061767578125,0.139404296875,0.37451171875
1919,M_1100_28y0m_1_dysfluent_079,0.255615234375,0.08209228515625,0.0272216796875,0.11798095703125,0.7890625
1920,M_1100_28y0m_1_dysfluent_080,0.1209716796875,0.09173583984375,0.034088134765625,0.08331298828125,0.391845703125
1921,M_1100_28y0m_1_dysfluent_081,0.1431884765625,0.1751708984375,0.0241851806640625,0.01262664794921875,0.058441162109375
1922,M_1100_28y0m_1_dysfluent_082,0.042816162109375,0.1446533203125,0.13037109375,0.07464599609375,0.1070556640625
1923,M_1100_28y0m_1_dysfluent_083,0.054595947265625,0.17529296875,0.12103271484375,0.079345703125,0.03204345703125
1924,M_1100_28y0m_1_dysfluent_084,0.174072265625,0.200439453125,0.007175445556640625,0.0187225341796875,0.2318115234375
1925,M_1100_28y0m_1_dysfluent_085,0.227294921875,0.129150390625,0.01073455810546875,0.0189056396484375,0.1014404296875
1926,M_1100_28y0m_1_dysfluent_086,0.30029296875,0.08648681640625,0.0100555419921875,0.01132965087890625,0.0701904296875
1927,M_1100_28y0m_1_dysfluent_087,0.0740966796875,0.208984375,0.0994873046875,0.08929443359375,0.103759765625
1928,M_1100_28y0m_1_dysfluent_088,0.046478271484375,0.2257080078125,0.07275390625,0.040985107421875,0.059417724609375
1929,M_1100_28y0m_1_dysfluent_089,0.155517578125,0.337890625,0.03753662109375,0.035614013671875,0.17138671875
1930,M_1100_28y0m_1_dysfluent_090,0.10302734375,0.1773681640625,0.0295867919921875,0.036834716796875,0.235595703125
1931,M_1100_28y0m_1_dysfluent_091,0.051666259765625,0.09185791015625,0.027740478515625,0.037109375,0.036895751953125
1932,M_1100_28y0m_1_dysfluent_092,0.038238525390625,0.1300048828125,0.07135009765625,0.0792236328125,0.036224365234375
1933,M_1100_28y0m_1_dysfluent_093,0.14404296875,0.10125732421875,0.0182647705078125,0.04559326171875,0.67041015625
1934,M_1100_28y0m_1_dysfluent_094,0.260498046875,0.10302734375,0.00867462158203125,0.0225372314453125,0.33251953125
1935,M_1100_28y0m_1_dysfluent_095,0.1373291015625,0.10797119140625,0.089599609375,0.054290771484375,0.56689453125
1936,M_1100_28y0m_1_dysfluent_096,0.1077880859375,0.141357421875,0.072265625,0.08819580078125,0.68994140625
1937,M_1100_28y0m_1_dysfluent_097,0.277587890625,0.1541748046875,0.30126953125,0.2274169921875,0.343505859375
1938,M_1100_28y0m_1_dysfluent_098,0.307861328125,0.146240234375,0.1976318359375,0.2257080078125,0.5322265625
1939,M_1100_28y0m_1_dysfluent_099,0.33349609375,0.1656494140625,0.1905517578125,0.220703125,0.6064453125
1940,M_1100_28y0m_1_dysfluent_100,0.138427734375,0.1573486328125,0.146484375,0.13916015625,0.6904296875
1941,M_1100_28y0m_1_dysfluent_101,0.38623046875,0.2152099609375,0.053314208984375,0.058990478515625,0.119384765625
1942,M_1100_28y0m_1_dysfluent_102,0.327392578125,0.327880859375,0.1678466796875,0.153076171875,0.1251220703125
1943,M_1100_28y0m_1_dysfluent_103,0.09222412109375,0.152099609375,0.06903076171875,0.02508544921875,0.03143310546875
1944,M_1100_28y0m_1_dysfluent_104,0.058135986328125,0.1331787109375,0.054107666015625,0.055816650390625,0.029144287109375
1945,M_1100_28y0m_1_dysfluent_105,0.055206298828125,0.10394287109375,0.0164031982421875,0.04876708984375,0.1505126953125
1946,M_1100_28y0m_1_dysfluent_106,0.09893798828125,0.093017578125,0.017913818359375,0.014617919921875,0.0203399658203125
1947,M_1100_28y0m_1_dysfluent_107,0.1400146484375,0.169921875,0.017578125,0.0142822265625,0.0219879150390625
1948,M_1100_28y0m_1_dysfluent_108,0.1077880859375,0.1915283203125,0.01233673095703125,0.033660888671875,0.062103271484375
1949,M_1100_28y0m_1_dysfluent_109,0.2257080078125,0.13330078125,0.0242767333984375,0.036224365234375,0.40625
1950,M_1100_28y0m_1_dysfluent_110,0.2109375,0.1627197265625,0.11181640625,0.146484375,0.90283203125
1951,M_1100_28y0m_1_dysfluent_111,0.11798095703125,0.07879638671875,0.0268096923828125,0.10595703125,0.84765625
1952,M_1100_28y0m_1_dysfluent_112,0.09844970703125,0.10015869140625,0.0343017578125,0.10107421875,0.84033203125
1953,M_1100_28y0m_1_dysfluent_113,0.060638427734375,0.07794189453125,0.01348114013671875,0.0618896484375,0.1866455078125
1954,M_1100_28y0m_1_dysfluent_114,0.061981201171875,0.332763671875,0.071044921875,0.0390625,0.087890625
1955,M_1100_28y0m_1_dysfluent_115,0.095703125,0.1939697265625,0.019195556640625,0.020294189453125,0.052703857421875
1956,M_1100_28y0m_1_dysfluent_116,0.09417724609375,0.220458984375,0.0246124267578125,0.0229339599609375,0.060516357421875
1957,M_1100_28y0m_1_dysfluent_117,0.0982666015625,0.122314453125,0.05224609375,0.043365478515625,0.346435546875
1958,M_1100_28y0m_1_dysfluent_118,0.1033935546875,0.1124267578125,0.0218658447265625,0.0242767333984375,0.3291015625
1959,M_1100_28y0m_1_dysfluent_119,0.456787109375,0.13134765625,0.046478271484375,0.025909423828125,0.06658935546875
1960,M_1100_28y0m_1_dysfluent_120,0.30029296875,0.1014404296875,0.017913818359375,0.030792236328125,0.332275390625
1961,M_1100_28y0m_1_dysfluent_121,0.4775390625,0.25,0.057586669921875,0.034759521484375,0.284912109375
1962,M_1100_28y0m_1_dysfluent_122,0.32958984375,0.1114501953125,0.0165252685546875,0.0294189453125,0.316162109375
1963,M_1100_28y0m_1_dysfluent_123,0.228515625,0.11737060546875,0.029815673828125,0.046539306640625,0.368408203125
1964,M_1100_28y0m_1_dysfluent_124,0.3349609375,0.1376953125,0.0225067138671875,0.02691650390625,0.53955078125
1965,M_1100_28y0m_1_dysfluent_125,0.274658203125,0.3876953125,0.09088134765625,0.024749755859375,0.12213134765625
1966,M_1100_28y0m_1_dysfluent_126,0.224853515625,0.39697265625,0.0704345703125,0.0263519287109375,0.09234619140625
1967,M_1100_28y0m_1_dysfluent_127,0.230224609375,0.11181640625,0.02276611328125,0.0301513671875,0.0810546875
1968,M_1100_28y0m_1_dysfluent_128,0.234375,0.161865234375,0.043365478515625,0.038604736328125,0.07171630859375
1969,M_1100_28y0m_1_dysfluent_129,0.09637451171875,0.08599853515625,0.03179931640625,0.0592041015625,0.1693115234375
1970,M_1100_28y0m_1_dysfluent_130,0.0753173828125,0.208984375,0.04638671875,0.030792236328125,0.09124755859375
1971,M_1100_28y0m_1_dysfluent_131,0.06866455078125,0.1259765625,0.0560302734375,0.05145263671875,0.0472412109375
1972,M_1100_28y0m_1_dysfluent_132,0.09857177734375,0.1077880859375,0.01116180419921875,0.0323486328125,0.2783203125
1973,M_1100_28y0m_1_dysfluent_133,0.155517578125,0.1273193359375,0.0261993408203125,0.06524658203125,0.46142578125
1974,M_1100_28y0m_1_dysfluent_134,0.1834716796875,0.1759033203125,0.0263519287109375,0.042877197265625,0.6044921875
1975,M_1100_28y0m_1_dysfluent_135,0.2100830078125,0.1165771484375,0.057281494140625,0.083740234375,0.857421875
1976,M_1100_28y0m_1_dysfluent_136,0.1925048828125,0.12054443359375,0.05340576171875,0.060638427734375,0.74951171875
1977,M_1100_28y0m_1_dysfluent_137,0.190673828125,0.1217041015625,0.049224853515625,0.047088623046875,0.422119140625
1978,M_1100_28y0m_1_dysfluent_138,0.18115234375,0.127197265625,0.07989501953125,0.05987548828125,0.412841796875
1979,M_1100_28y0m_1_dysfluent_139,0.2166748046875,0.1239013671875,0.03704833984375,0.046539306640625,0.483642578125
1980,M_1100_28y0m_1_dysfluent_140,0.10858154296875,0.1165771484375,0.038330078125,0.0318603515625,0.29150390625
1981,M_1100_28y0m_1_dysfluent_141,0.0849609375,0.16259765625,0.02215576171875,0.0273284912109375,0.1419677734375
1982,M_1100_28y0m_1_dysfluent_142,0.083740234375,0.1705322265625,0.0290374755859375,0.028656005859375,0.23095703125
1983,M_1100_28y0m_1_dysfluent_143,0.070556640625,0.2467041015625,0.53564453125,0.2919921875,0.1199951171875
1984,M_1100_28y0m_1_dysfluent_144,0.30029296875,0.169677734375,0.01233673095703125,0.0213623046875,0.5
1985,M_1100_28y0m_1_dysfluent_145,0.3447265625,0.1407470703125,0.0141754150390625,0.020721435546875,0.443359375
1986,M_1100_28y0m_1_dysfluent_146,0.3984375,0.16748046875,0.0203399658203125,0.0237274169921875,0.6083984375
1987,M_1100_28y0m_1_dysfluent_147,0.186279296875,0.185546875,0.023101806640625,0.022674560546875,0.04681396484375
1988,M_1100_28y0m_1_dysfluent_148,0.08599853515625,0.1903076171875,0.042724609375,0.0240020751953125,0.0282745361328125
1989,M_1100_28y0m_1_dysfluent_149,0.1190185546875,0.137939453125,0.051544189453125,0.0233306884765625,0.0240020751953125
1990,M_1100_28y0m_1_dysfluent_150,0.162109375,0.21337890625,0.06292724609375,0.0240020751953125,0.037200927734375
1991,M_1100_28y0m_1_dysfluent_151,0.1019287109375,0.26123046875,0.036712646484375,0.01433563232421875,0.043853759765625
1992,M_1100_28y0m_1_dysfluent_152,0.08819580078125,0.265625,0.048858642578125,0.0202178955078125,0.03033447265625
1993,M_1100_28y0m_1_dysfluent_153,0.0869140625,0.2998046875,0.05706787109375,0.026153564453125,0.047149658203125
1994,M_1100_28y0m_1_dysfluent_154,0.08416748046875,0.259033203125,0.167724609375,0.1285400390625,0.41015625
1995,M_1100_28y0m_1_dysfluent_155,0.08416748046875,0.259033203125,0.167724609375,0.1285400390625,0.41015625
1996,M_1100_28y0m_1_dysfluent_156,0.145263671875,0.1070556640625,0.01332855224609375,0.0164642333984375,0.08050537109375
1997,M_1100_28y0m_1_dysfluent_157,0.086181640625,0.148681640625,0.048309326171875,0.1341552734375,0.1673583984375
1998,M_1100_28y0m_1_dysfluent_158,0.091552734375,0.11199951171875,0.0633544921875,0.11419677734375,0.72216796875
1999,M_1100_28y0m_1_dysfluent_159,0.06561279296875,0.1766357421875,0.08062744140625,0.1826171875,0.66748046875
2000,M_1100_28y0m_1_dysfluent_160,0.06109619140625,0.16455078125,0.01132965087890625,0.0258026123046875,0.1837158203125
2001,M_1100_28y0m_1_dysfluent_161,0.0880126953125,0.15478515625,0.01348114013671875,0.0230712890625,0.444580078125
2002,M_1100_28y0m_1_dysfluent_162,0.1236572265625,0.1163330078125,0.093994140625,0.0738525390625,0.2178955078125
2003,M_1100_28y0m_1_dysfluent_163,0.043609619140625,0.10614013671875,0.01763916015625,0.025177001953125,0.0197601318359375
2004,M_1100_28y0m_1_dysfluent_164,0.09368896484375,0.1566162109375,0.019866943359375,0.0274810791015625,0.02801513671875
2005,M_1100_28y0m_1_dysfluent_165,0.07611083984375,0.17919921875,0.0212860107421875,0.029876708984375,0.027069091796875
2006,M_1100_28y0m_1_dysfluent_166,0.0618896484375,0.278076171875,0.1177978515625,0.04302978515625,0.1124267578125
2007,M_1100_28y0m_1_dysfluent_167,0.058349609375,0.252197265625,0.08648681640625,0.06524658203125,0.1517333984375
2008,M_1100_28y0m_1_dysfluent_168,0.189208984375,0.1077880859375,0.0455322265625,0.041229248046875,0.41259765625
2009,M_1100_28y0m_1_dysfluent_169,0.1280517578125,0.130615234375,0.10650634765625,0.0809326171875,0.65771484375
2010,M_1100_28y0m_1_dysfluent_170,0.0567626953125,0.149658203125,0.015960693359375,0.01282501220703125,0.02886962890625
2011,M_1100_28y0m_1_dysfluent_171,0.1285400390625,0.224853515625,0.08343505859375,0.04913330078125,0.257568359375
2012,M_1100_28y0m_1_dysfluent_172,0.5537109375,0.2186279296875,0.0285491943359375,0.01395416259765625,0.11474609375
2013,M_1100_28y0m_1_dysfluent_173,0.51904296875,0.2103271484375,0.037384033203125,0.0235595703125,0.075439453125
2014,M_1100_28y0m_1_dysfluent_174,0.12493896484375,0.1602783203125,0.037322998046875,0.03460693359375,0.018341064453125
2015,M_1100_28y0m_1_dysfluent_175,0.06927490234375,0.092041015625,0.036773681640625,0.04345703125,0.054412841796875
2016,M_1100_28y0m_1_dysfluent_176,0.03662109375,0.09637451171875,0.0872802734375,0.086181640625,0.095703125
2017,M_1100_28y0m_1_dysfluent_177,0.1265869140625,0.10797119140625,0.02508544921875,0.0115966796875,0.020294189453125
2018,M_1100_28y0m_1_dysfluent_178,0.1258544921875,0.159423828125,0.0103302001953125,0.0103302001953125,0.110107421875
2019,M_1100_28y0m_1_dysfluent_179,0.23193359375,0.1417236328125,0.010406494140625,0.016021728515625,0.09222412109375
2020,M_1100_28y0m_1_dysfluent_180,0.097900390625,0.2215576171875,0.027008056640625,0.03656005859375,0.1959228515625
2021,M_1100_28y0m_1_dysfluent_181,0.0215301513671875,0.1593017578125,0.01322174072265625,0.0303802490234375,0.16943359375
2022,M_1100_28y0m_1_dysfluent_182,0.1121826171875,0.20166015625,0.0245208740234375,0.024932861328125,0.051177978515625
2023,M_1100_28y0m_1_dysfluent_183,0.1798095703125,0.2281494140625,0.0253753662109375,0.0230712890625,0.051361083984375
2024,M_1100_28y0m_1_dysfluent_184,0.33154296875,0.128662109375,0.0301055908203125,0.049774169921875,0.79833984375
2025,M_1100_28y0m_1_dysfluent_185,0.222900390625,0.1044921875,0.047943115234375,0.1256103515625,0.86181640625
2026,M_1100_28y0m_1_dysfluent_186,0.212890625,0.11578369140625,0.06573486328125,0.0948486328125,0.6923828125
2027,M_1100_28y0m_1_dysfluent_187,0.2381591796875,0.10284423828125,0.01262664794921875,0.014617919921875,0.1385498046875
2028,M_1100_28y0m_1_dysfluent_188,0.1593017578125,0.1251220703125,0.0224151611328125,0.059967041015625,0.174560546875
2029,M_1100_28y0m_1_dysfluent_189,0.1358642578125,0.087890625,0.0116424560546875,0.0244293212890625,0.1322021484375
2030,M_1100_28y0m_1_dysfluent_190,0.06280517578125,0.093505859375,0.016021728515625,0.0280609130859375,0.11297607421875
2031,M_1100_28y0m_1_dysfluent_191,0.0455322265625,0.100341796875,0.08587646484375,0.1470947265625,0.326416015625
2032,M_1100_28y0m_1_dysfluent_192,0.11578369140625,0.06597900390625,0.00926971435546875,0.0136871337890625,0.036346435546875
2033,M_1100_28y0m_1_dysfluent_193,0.301513671875,0.2342529296875,0.2032470703125,0.083740234375,0.09600830078125
2034,M_1100_28y0m_1_dysfluent_194,0.30126953125,0.240234375,0.3984375,0.34619140625,0.177978515625
2035,M_1100_28y0m_1_dysfluent_195,0.333251953125,0.23876953125,0.371826171875,0.26806640625,0.135009765625
2036,M_1100_28y0m_1_dysfluent_196,0.1199951171875,0.267333984375,0.1837158203125,0.10821533203125,0.09637451171875
2037,M_1100_28y0m_1_dysfluent_197,0.0638427734375,0.471435546875,0.181884765625,0.060760498046875,0.0631103515625
2038,M_1100_28y0m_1_dysfluent_198,0.0638427734375,0.471435546875,0.181884765625,0.060760498046875,0.0631103515625
2039,M_1100_28y0m_1_dysfluent_199,0.24853515625,0.07696533203125,0.0191650390625,0.052703857421875,0.1600341796875
2040,M_1100_28y0m_1_dysfluent_200,0.5634765625,0.1121826171875,0.060089111328125,0.10504150390625,0.316650390625
2041,M_1100_28y0m_1_dysfluent_201,0.498046875,0.1077880859375,0.06439208984375,0.11419677734375,0.25732421875
2042,M_1100_28y0m_1_dysfluent_202,0.529296875,0.1094970703125,0.06671142578125,0.114990234375,0.3046875
2043,M_1100_28y0m_1_dysfluent_203,0.1495361328125,0.1026611328125,0.024566650390625,0.053802490234375,0.802734375
2044,M_1100_28y0m_1_dysfluent_204,0.047515869140625,0.11419677734375,0.083740234375,0.22900390625,0.452392578125
2045,M_1100_28y0m_1_dysfluent_205,0.0740966796875,0.06805419921875,0.0187225341796875,0.1165771484375,0.61669921875
2046,M_1100_28y0m_1_dysfluent_206,0.049957275390625,0.0728759765625,0.0252685546875,0.116943359375,0.62109375
2047,M_1100_28y0m_1_dysfluent_207,0.040771484375,0.072265625,0.0225067138671875,0.10467529296875,0.414306640625
2048,M_1100_28y0m_1_dysfluent_208,0.1700439453125,0.164794921875,0.0457763671875,0.06536865234375,0.701171875
2049,M_1100_28y0m_1_dysfluent_209,0.0489501953125,0.0723876953125,0.0104522705078125,0.01490020751953125,0.0457763671875
2050,M_1100_28y0m_1_dysfluent_210,0.1661376953125,0.0838623046875,0.01384735107421875,0.016845703125,0.0413818359375
2051,M_1100_28y0m_1_dysfluent_211,0.10797119140625,0.208984375,0.0294189453125,0.01238250732421875,0.03179931640625
2052,M_1100_28y0m_1_dysfluent_212,0.1636962890625,0.134521484375,0.0164642333984375,0.01085662841796875,0.0364990234375
2053,M_1100_28y0m_1_dysfluent_213,0.1435546875,0.384033203125,0.1689453125,0.09075927734375,0.282470703125
2054,M_1100_28y0m_1_dysfluent_214,0.10992431640625,0.278564453125,0.10467529296875,0.11358642578125,0.3076171875
2055,M_1100_28y0m_1_dysfluent_215,0.08447265625,0.173583984375,0.08465576171875,0.2059326171875,0.368408203125
2056,M_1100_28y0m_1_dysfluent_216,0.0535888671875,0.1632080078125,0.0966796875,0.278564453125,0.35302734375
2057,M_1100_28y0m_1_dysfluent_217,0.110107421875,0.11297607421875,0.01751708984375,0.03179931640625,0.0548095703125
2058,M_1100_28y0m_1_dysfluent_218,0.06561279296875,0.08660888671875,0.01073455810546875,0.0233306884765625,0.06500244140625
2059,M_1100_28y0m_1_dysfluent_219,0.2352294921875,0.173828125,0.034423828125,0.034881591796875,0.04595947265625
2060,M_1100_28y0m_1_dysfluent_220,0.0802001953125,0.10174560546875,0.033538818359375,0.040374755859375,0.023651123046875
2061,M_1100_28y0m_1_dysfluent_221,0.059112548828125,0.12646484375,0.0489501953125,0.05633544921875,0.027374267578125
2062,M_1100_28y0m_1_dysfluent_222,0.0567626953125,0.11419677734375,0.0489501953125,0.0634765625,0.028594970703125
2063,M_1100_28y0m_1_dysfluent_223,0.0782470703125,0.1473388671875,0.11920166015625,0.0762939453125,0.06573486328125
2064,M_1100_28y0m_1_dysfluent_224,0.0295867919921875,0.149658203125,0.070556640625,0.02880859375,0.03228759765625
2065,M_1100_28y0m_1_dysfluent_225,0.08135986328125,0.1995849609375,0.033538818359375,0.0212860107421875,0.024658203125
2066,M_1100_28y0m_1_dysfluent_226,0.06396484375,0.278564453125,0.190673828125,0.073974609375,0.073974609375
2067,M_1100_28y0m_1_dysfluent_227,0.033203125,0.2113037109375,0.173583984375,0.0970458984375,0.0618896484375
2068,M_1100_28y0m_1_dysfluent_228,0.0328369140625,0.1773681640625,0.1409912109375,0.10821533203125,0.11358642578125
2069,M_1100_28y0m_1_dysfluent_229,0.0316162109375,0.164306640625,0.12127685546875,0.1497802734375,0.1322021484375
2070,M_1100_28y0m_1_dysfluent_230,0.089599609375,0.1856689453125,0.037689208984375,0.0217742919921875,0.2020263671875
2071,M_1100_28y0m_1_dysfluent_231,0.089599609375,0.15771484375,0.050994873046875,0.2398681640625,0.5673828125
2072,M_1100_28y0m_1_dysfluent_232,0.0855712890625,0.09808349609375,0.0261077880859375,0.1820068359375,0.59423828125
2073,M_1100_28y0m_1_dysfluent_233,0.1309814453125,0.1455078125,0.0823974609375,0.298583984375,0.63427734375
2074,M_1100_28y0m_1_dysfluent_234,0.10931396484375,0.1285400390625,0.08282470703125,0.1856689453125,0.72607421875
2075,M_1100_28y0m_1_dysfluent_235,0.103759765625,0.186279296875,0.056640625,0.07696533203125,0.70849609375
2076,M_1100_28y0m_1_dysfluent_236,0.093017578125,0.184326171875,0.03948974609375,0.060516357421875,0.63427734375
2077,M_1100_28y0m_1_dysfluent_237,0.0880126953125,0.1734619140625,0.02947998046875,0.058135986328125,0.54736328125
2078,M_1100_28y0m_1_dysfluent_238,0.06231689453125,0.14453125,0.03289794921875,0.03607177734375,0.0894775390625
2079,M_1100_28y0m_1_dysfluent_239,0.056243896484375,0.128662109375,0.03753662109375,0.059417724609375,0.11553955078125
2080,M_1100_28y0m_1_dysfluent_240,0.087890625,0.11358642578125,0.0156707763671875,0.02276611328125,0.1014404296875
2081,M_1100_28y0m_1_dysfluent_241,0.059539794921875,0.1298828125,0.062103271484375,0.189697265625,0.295166015625
2082,M_1100_28y0m_1_dysfluent_242,0.09368896484375,0.152587890625,0.0567626953125,0.06573486328125,0.4814453125
2083,M_1100_28y0m_1_dysfluent_243,0.288330078125,0.26513671875,0.11474609375,0.024749755859375,0.10650634765625
2084,M_1100_28y0m_1_dysfluent_244,0.336669921875,0.306640625,0.093994140625,0.01751708984375,0.054595947265625
2085,M_1100_28y0m_1_dysfluent_245,0.1461181640625,0.0948486328125,0.029541015625,0.0272216796875,0.26416015625
2086,M_1100_28y0m_1_dysfluent_246,0.0753173828125,0.11260986328125,0.024749755859375,0.0352783203125,0.06561279296875
2087,M_1100_28y0m_1_dysfluent_247,0.0948486328125,0.15478515625,0.035491943359375,0.059417724609375,0.061981201171875
2088,M_1100_28y0m_1_dysfluent_248,0.12408447265625,0.14794921875,0.04620361328125,0.05792236328125,0.029754638671875
2089,M_1100_28y0m_1_dysfluent_249,0.246337890625,0.28515625,0.018585205078125,0.013427734375,0.03204345703125
2090,M_1100_28y0m_1_dysfluent_250,0.284912109375,0.43115234375,0.1759033203125,0.09039306640625,0.408935546875
2091,M_1100_28y0m_1_dysfluent_251,0.3203125,0.256591796875,0.08740234375,0.083740234375,0.496337890625
2092,M_1100_28y0m_1_dysfluent_252,0.07318115234375,0.149658203125,0.017303466796875,0.0129241943359375,0.02191162109375
2093,M_1100_28y0m_1_dysfluent_253,0.04779052734375,0.07965087890625,0.00609588623046875,0.0161590576171875,0.0634765625
2094,M_1100_28y0m_1_dysfluent_254,0.159423828125,0.21240234375,0.155517578125,0.328125,0.822265625
2095,M_1100_28y0m_1_dysfluent_255,0.0699462890625,0.12054443359375,0.01467132568359375,0.05865478515625,0.361083984375
2096,M_1100_28y0m_1_dysfluent_256,0.48388671875,0.2421875,0.0869140625,0.04083251953125,0.49755859375
2097,M_1100_28y0m_1_dysfluent_257,0.560546875,0.1729736328125,0.08709716796875,0.08477783203125,0.521484375
2098,M_1100_28y0m_1_dysfluent_258,0.22021484375,0.19580078125,0.1650390625,0.1104736328125,0.55712890625
2099,M_1100_28y0m_1_dysfluent_259,0.22021484375,0.19580078125,0.1650390625,0.1104736328125,0.55712890625
2100,M_1100_28y0m_1_dysfluent_260,0.09979248046875,0.340087890625,0.01971435546875,0.0233306884765625,0.10430908203125
2101,M_1100_28y0m_1_dysfluent_261,0.048675537109375,0.2352294921875,0.025665283203125,0.07305908203125,0.1048583984375
2102,M_1100_28y0m_1_dysfluent_262,0.055511474609375,0.223388671875,0.03594970703125,0.0217437744140625,0.024139404296875
2103,M_1100_28y0m_1_dysfluent_263,0.18994140625,0.222412109375,0.0164642333984375,0.009674072265625,0.022369384765625
2104,M_1100_28y0m_1_dysfluent_264,0.20166015625,0.30126953125,0.027374267578125,0.0117340087890625,0.040252685546875
2105,M_1100_28y0m_1_dysfluent_265,0.271484375,0.1346435546875,0.0279541015625,0.01983642578125,0.042327880859375
2106,M_1100_28y0m_1_dysfluent_266,0.310546875,0.1519775390625,0.01363372802734375,0.020721435546875,0.10687255859375
2107,M_1100_28y0m_1_dysfluent_267,0.40625,0.2425537109375,0.021209716796875,0.0200653076171875,0.05645751953125
2108,M_1100_28y0m_1_dysfluent_268,0.15576171875,0.15673828125,0.0141754150390625,0.0201416015625,0.061431884765625
2109,M_1100_28y0m_1_dysfluent_269,0.1898193359375,0.148681640625,0.01302337646484375,0.00891876220703125,0.034881591796875
2110,M_1100_28y0m_1_dysfluent_270,0.0517578125,0.09124755859375,0.014556884765625,0.0161590576171875,0.03143310546875
2111,M_1100_28y0m_1_dysfluent_271,0.05645751953125,0.11163330078125,0.0229339599609375,0.039642333984375,0.10858154296875
2112,M_1100_28y0m_1_dysfluent_272,0.03033447265625,0.168701171875,0.12127685546875,0.1551513671875,0.22216796875
2113,M_1100_28y0m_1_dysfluent_273,0.03253173828125,0.0740966796875,0.0161590576171875,0.0305633544921875,0.0244293212890625
2114,M_1100_28y0m_1_dysfluent_274,0.0364990234375,0.130859375,0.021484375,0.028594970703125,0.018768310546875
2115,M_1100_28y0m_1_dysfluent_275,0.0364990234375,0.130859375,0.021484375,0.028594970703125,0.018768310546875
2116,M_1100_28y0m_1_dysfluent_276,0.1734619140625,0.2027587890625,0.0247039794921875,0.0083160400390625,0.043853759765625
2117,M_1100_28y0m_1_dysfluent_277,0.08978271484375,0.0863037109375,0.03143310546875,0.0223236083984375,0.018768310546875
2118,M_1100_28y0m_1_dysfluent_278,0.053802490234375,0.0953369140625,0.03436279296875,0.038116455078125,0.0394287109375
2119,M_1100_28y0m_1_dysfluent_279,0.05865478515625,0.127197265625,0.038818359375,0.03802490234375,0.0364990234375
2120,M_1100_28y0m_1_dysfluent_280,0.115966796875,0.325927734375,0.044586181640625,0.0180206298828125,0.033905029296875
2121,M_1100_28y0m_1_dysfluent_281,0.04296875,0.196044921875,0.035491943359375,0.02484130859375,0.1688232421875
2122,M_1100_28y0m_1_dysfluent_282,0.05291748046875,0.25439453125,0.06890869140625,0.06756591796875,0.11614990234375
2123,M_1100_28y0m_1_dysfluent_283,0.0256195068359375,0.2427978515625,0.103759765625,0.09979248046875,0.050140380859375
2124,M_1100_28y0m_1_dysfluent_284,0.228515625,0.093994140625,0.040618896484375,0.1134033203125,0.88330078125
2125,M_1100_28y0m_1_dysfluent_285,0.01971435546875,0.11065673828125,0.045257568359375,0.08282470703125,0.04638671875
2126,M_1100_28y0m_1_dysfluent_286,0.033782958984375,0.130859375,0.06396484375,0.050140380859375,0.03436279296875
2127,M_1100_28y0m_1_dysfluent_287,0.1070556640625,0.11395263671875,0.015899658203125,0.030914306640625,0.027740478515625
2128,M_1100_28y0m_1_dysfluent_288,0.0809326171875,0.0765380859375,0.01332855224609375,0.025909423828125,0.060516357421875
2129,M_1100_28y0m_1_dysfluent_289,0.10321044921875,0.06597900390625,0.015960693359375,0.03521728515625,0.11029052734375
2130,M_1100_28y0m_1_dysfluent_290,0.66650390625,0.253662109375,0.07305908203125,0.0457763671875,0.48193359375
2131,M_1100_28y0m_1_dysfluent_291,0.58154296875,0.192138671875,0.035064697265625,0.0235595703125,0.260498046875
2132,M_1100_28y0m_1_dysfluent_292,0.1845703125,0.2230224609375,0.1253662109375,0.03289794921875,0.02880859375
2133,M_1100_28y0m_1_dysfluent_293,0.1845703125,0.2230224609375,0.1253662109375,0.03289794921875,0.02880859375
2134,M_1100_28y0m_1_dysfluent_294,0.092529296875,0.1673583984375,0.033599853515625,0.0179901123046875,0.0379638671875
2135,M_1100_28y0m_1_dysfluent_295,0.130615234375,0.1414794921875,0.03643798828125,0.0177154541015625,0.041778564453125
2136,M_1100_28y0m_1_dysfluent_296,0.044677734375,0.1588134765625,0.0214080810546875,0.017578125,0.0218658447265625
2137,M_1100_28y0m_1_dysfluent_297,0.04248046875,0.24658203125,0.044921875,0.0202484130859375,0.0226287841796875
2138,M_1100_28y0m_1_dysfluent_298,0.08477783203125,0.293212890625,0.0257568359375,0.01242828369140625,0.0282745361328125
2139,M_1100_28y0m_1_dysfluent_299,0.0810546875,0.1993408203125,0.018768310546875,0.02691650390625,0.0262603759765625
2140,M_1100_28y0m_1_dysfluent_300,0.1697998046875,0.266357421875,0.0574951171875,0.0634765625,0.172119140625
2141,M_1100_28y0m_1_dysfluent_301,0.1444091796875,0.203125,0.01322174072265625,0.0220794677734375,0.30615234375
2142,M_1100_28y0m_1_dysfluent_302,0.1444091796875,0.203125,0.01322174072265625,0.0220794677734375,0.30615234375
2143,M_1100_28y0m_1_dysfluent_303,0.1629638671875,0.120361328125,0.03521728515625,0.045867919921875,0.4892578125
2144,M_1100_28y0m_1_dysfluent_304,0.32177734375,0.0872802734375,0.01495361328125,0.05059814453125,0.416015625
2145,M_1100_28y0m_1_dysfluent_305,0.376708984375,0.1591796875,0.10107421875,0.1497802734375,0.84521484375
2146,M_1100_28y0m_1_dysfluent_306,0.473388671875,0.277099609375,0.157958984375,0.109130859375,0.75146484375
2147,M_1100_28y0m_1_dysfluent_307,0.306884765625,0.10821533203125,0.03662109375,0.09075927734375,0.401611328125
2148,M_1100_28y0m_1_dysfluent_308,0.205322265625,0.1611328125,0.07318115234375,0.08660888671875,0.0401611328125
2149,M_1100_28y0m_1_dysfluent_309,0.02886962890625,0.1585693359375,0.2391357421875,0.1322021484375,0.1402587890625
2150,M_1100_28y0m_1_dysfluent_310,0.0439453125,0.18505859375,0.270751953125,0.1048583984375,0.140869140625
2151,M_1100_28y0m_1_dysfluent_311,0.25341796875,0.1656494140625,0.02886962890625,0.009521484375,0.07501220703125
2152,M_1100_28y0m_1_dysfluent_312,0.2325439453125,0.2257080078125,0.027740478515625,0.00803375244140625,0.0341796875
2153,M_1100_28y0m_1_dysfluent_313,0.1087646484375,0.11297607421875,0.08538818359375,0.196044921875,0.4072265625
2154,M_1100_28y0m_1_dysfluent_314,0.07989501953125,0.31396484375,0.236572265625,0.1806640625,0.22216796875
2155,M_1100_28y0m_1_dysfluent_315,0.0987548828125,0.333740234375,0.163818359375,0.2119140625,0.2171630859375
2156,M_1100_28y0m_1_dysfluent_316,0.089111328125,0.12322998046875,0.028656005859375,0.0703125,0.299072265625
2157,M_1100_28y0m_1_dysfluent_317,0.17333984375,0.1680908203125,0.0209197998046875,0.0187225341796875,0.08282470703125
2158,M_1100_28y0m_1_dysfluent_318,0.060089111328125,0.1190185546875,0.038238525390625,0.020721435546875,0.044281005859375
2159,M_1100_28y0m_1_dysfluent_319,0.314453125,0.182861328125,0.03582763671875,0.03131103515625,0.070556640625
2160,M_1100_28y0m_1_dysfluent_320,0.410400390625,0.42529296875,0.167724609375,0.06585693359375,0.063720703125
2161,M_1100_28y0m_1_dysfluent_321,0.4130859375,0.2744140625,0.06927490234375,0.0330810546875,0.044586181640625
2162,M_1100_28y0m_1_dysfluent_322,0.089111328125,0.1094970703125,0.0116424560546875,0.01142120361328125,0.042724609375
2163,M_1100_28y0m_1_dysfluent_323,0.04052734375,0.2254638671875,0.06732177734375,0.07720947265625,0.06781005859375
2164,M_1100_28y0m_1_dysfluent_324,0.1439208984375,0.26123046875,0.0965576171875,0.055511474609375,0.028167724609375
2165,M_1100_28y0m_1_dysfluent_325,0.1334228515625,0.05340576171875,0.0225067138671875,0.03875732421875,0.142333984375
2166,M_1100_28y0m_1_dysfluent_326,0.391845703125,0.1463623046875,0.0855712890625,0.159912109375,0.658203125
2167,M_1100_28y0m_1_dysfluent_327,0.388916015625,0.1546630859375,0.061309814453125,0.138916015625,0.7021484375
2168,M_1100_28y0m_1_dysfluent_328,0.50341796875,0.176513671875,0.053009033203125,0.07965087890625,0.5283203125
2169,M_1100_28y0m_1_dysfluent_329,0.07879638671875,0.2034912109375,0.0706787109375,0.09271240234375,0.04046630859375
2170,M_1100_28y0m_1_dysfluent_330,0.06866455078125,0.1435546875,0.032470703125,0.0199432373046875,0.12890625
2171,M_1100_28y0m_1_dysfluent_331,0.1949462890625,0.1490478515625,0.013427734375,0.00881195068359375,0.0638427734375
2172,M_1100_28y0m_1_dysfluent_332,0.34912109375,0.17724609375,0.0299224853515625,0.011199951171875,0.1646728515625
2173,M_1100_28y0m_1_dysfluent_333,0.07708740234375,0.387451171875,0.0411376953125,0.054901123046875,0.2452392578125
2174,M_1100_28y0m_1_dysfluent_334,0.145751953125,0.08331298828125,0.023101806640625,0.08648681640625,0.57177734375
2175,M_1100_28y0m_1_dysfluent_335,0.06793212890625,0.2020263671875,0.10992431640625,0.0970458984375,0.153564453125
2176,M_1100_28y0m_1_dysfluent_336,0.050048828125,0.1790771484375,0.1778564453125,0.1624755859375,0.2120361328125
2177,M_1100_28y0m_1_dysfluent_337,0.06939697265625,0.110107421875,0.0182342529296875,0.07366943359375,0.07366943359375
2178,M_1100_28y0m_1_dysfluent_338,0.05706787109375,0.161376953125,0.040374755859375,0.041534423828125,0.037109375
2179,M_1100_28y0m_1_dysfluent_339,0.0792236328125,0.2109375,0.03204345703125,0.038543701171875,0.281982421875
2180,M_1100_28y0m_1_dysfluent_340,0.048309326171875,0.17236328125,0.07275390625,0.06768798828125,0.047698974609375
2181,M_1100_28y0m_1_dysfluent_341,0.03326416015625,0.1624755859375,0.04010009765625,0.03216552734375,0.050048828125
2182,M_1100_28y0m_1_dysfluent_342,0.0496826171875,0.274169921875,0.0345458984375,0.0260009765625,0.12841796875
2183,M_1100_28y0m_1_dysfluent_343,0.07342529296875,0.34716796875,0.03173828125,0.0244293212890625,0.154296875
2184,M_1100_28y0m_1_dysfluent_344,0.1640625,0.1995849609375,0.019500732421875,0.0224151611328125,0.320068359375
2185,M_1100_28y0m_1_dysfluent_345,0.041839599609375,0.1871337890625,0.0100555419921875,0.0141143798828125,0.04296875
2186,M_1100_28y0m_1_dysfluent_346,0.02630615234375,0.178955078125,0.1104736328125,0.1468505859375,0.11126708984375
2187,M_1100_28y0m_1_dysfluent_347,0.0254669189453125,0.10858154296875,0.0309600830078125,0.0792236328125,0.072509765625
2188,M_1100_28y0m_1_dysfluent_348,0.070556640625,0.29541015625,0.087890625,0.08404541015625,0.04986572265625
2189,M_1100_28y0m_1_dysfluent_349,0.046539306640625,0.1781005859375,0.036712646484375,0.038818359375,0.04913330078125
2190,M_1100_28y0m_1_dysfluent_350,0.06854248046875,0.110107421875,0.020843505859375,0.02001953125,0.018157958984375
2191,M_1100_28y0m_1_dysfluent_351,0.07122802734375,0.090087890625,0.023101806640625,0.0252227783203125,0.042022705078125
2192,M_1100_28y0m_1_dysfluent_352,0.058349609375,0.1282958984375,0.0867919921875,0.04913330078125,0.07421875
2193,M_1100_28y0m_1_dysfluent_353,0.11163330078125,0.339599609375,0.183837890625,0.08123779296875,0.59375
2194,M_1100_28y0m_1_dysfluent_354,0.1190185546875,0.306396484375,0.1790771484375,0.09124755859375,0.66064453125
2195,M_1100_28y0m_1_dysfluent_355,0.11920166015625,0.41064453125,0.15673828125,0.07366943359375,0.1600341796875
2196,M_1100_28y0m_1_dysfluent_356,0.136962890625,0.4267578125,0.09912109375,0.041229248046875,0.08270263671875
2197,M_1100_28y0m_1_dysfluent_357,0.1417236328125,0.06634521484375,0.031494140625,0.10089111328125,0.513671875
2198,M_1100_28y0m_1_dysfluent_358,0.157470703125,0.08270263671875,0.02655029296875,0.0831298828125,0.576171875
2199,M_1100_28y0m_1_dysfluent_359,0.1163330078125,0.08831787109375,0.0182952880859375,0.0156707763671875,0.103759765625
2200,M_1100_28y0m_1_dysfluent_360,0.1353759765625,0.0762939453125,0.0294189453125,0.0213623046875,0.470947265625
2201,M_1100_28y0m_1_dysfluent_361,0.2265625,0.16748046875,0.03021240234375,0.0208892822265625,0.58056640625
2202,M_1100_28y0m_1_dysfluent_362,0.19873046875,0.13232421875,0.038970947265625,0.033721923828125,0.65234375
2203,M_1100_28y0m_1_dysfluent_363,0.07476806640625,0.053314208984375,0.01029205322265625,0.01061248779296875,0.034088134765625
2204,M_1100_28y0m_1_dysfluent_364,0.123046875,0.07489013671875,0.0231475830078125,0.044586181640625,0.053192138671875
2205,M_1100_28y0m_1_dysfluent_365,0.1383056640625,0.217529296875,0.0153656005859375,0.0191192626953125,0.349853515625
2206,M_1100_28y0m_1_dysfluent_366,0.12213134765625,0.09637451171875,0.01036834716796875,0.0240936279296875,0.02508544921875
2207,M_1100_28y0m_1_dysfluent_367,0.072265625,0.1041259765625,0.0313720703125,0.049041748046875,0.043701171875
2208,M_1100_28y0m_1_dysfluent_368,0.0723876953125,0.1041259765625,0.0313720703125,0.04913330078125,0.043853759765625
2209,M_1100_28y0m_1_dysfluent_369,0.183349609375,0.1070556640625,0.0115509033203125,0.011688232421875,0.10595703125
2210,M_1100_28y0m_1_dysfluent_370,0.163818359375,0.09222412109375,0.01450347900390625,0.01678466796875,0.021484375
2211,M_1100_28y0m_1_dysfluent_371,0.0469970703125,0.19091796875,0.1513671875,0.184814453125,0.11456298828125
2212,M_1100_28y0m_1_dysfluent_372,0.05780029296875,0.171142578125,0.08929443359375,0.171875,0.052032470703125
2213,M_1100_28y0m_1_dysfluent_373,0.04931640625,0.15234375,0.035064697265625,0.044189453125,0.07476806640625
2214,M_1100_28y0m_1_dysfluent_374,0.03271484375,0.1710205078125,0.045196533203125,0.062225341796875,0.15576171875
2215,M_1100_28y0m_1_dysfluent_375,0.03607177734375,0.092041015625,0.0141143798828125,0.033599853515625,0.03912353515625
2216,M_1100_28y0m_1_dysfluent_376,0.0592041015625,0.1077880859375,0.11065673828125,0.13720703125,0.227294921875
2217,M_1100_28y0m_1_dysfluent_377,0.274169921875,0.2432861328125,0.0753173828125,0.02386474609375,0.03515625
2218,M_1100_28y0m_1_dysfluent_378,0.3486328125,0.327392578125,0.110107421875,0.0197906494140625,0.044281005859375
2219,M_1100_28y0m_1_dysfluent_379,0.16455078125,0.255126953125,0.1083984375,0.0292510986328125,0.06878662109375
2220,M_1100_28y0m_1_dysfluent_380,0.10504150390625,0.29931640625,0.05023193359375,0.0189361572265625,0.035491943359375
2221,M_1100_28y0m_1_dysfluent_381,0.105224609375,0.29931640625,0.050323486328125,0.01898193359375,0.035552978515625
2222,M_1100_28y0m_1_dysfluent_382,0.0640869140625,0.0999755859375,0.0390625,0.0364990234375,0.023773193359375
2223,M_1100_28y0m_1_dysfluent_383,0.362548828125,0.107421875,0.04327392578125,0.045684814453125,0.3525390625
2224,M_1100_28y0m_1_dysfluent_384,0.331787109375,0.118408203125,0.03314208984375,0.04913330078125,0.53466796875
2225,M_1100_28y0m_1_dysfluent_385,0.07501220703125,0.09808349609375,0.03228759765625,0.033599853515625,0.0173797607421875
2226,M_1100_28y0m_1_dysfluent_386,0.0633544921875,0.156005859375,0.037109375,0.044677734375,0.03216552734375
2227,M_1100_28y0m_1_dysfluent_387,0.1363525390625,0.080078125,0.0164031982421875,0.01306915283203125,0.049591064453125
2228,M_1100_28y0m_1_dysfluent_388,0.135986328125,0.270751953125,0.05792236328125,0.0330810546875,0.2335205078125
2229,M_1100_28y0m_1_dysfluent_389,0.1041259765625,0.2393798828125,0.048583984375,0.03643798828125,0.1649169921875
2230,M_1100_28y0m_1_dysfluent_390,0.06622314453125,0.11676025390625,0.051666259765625,0.0273284912109375,0.037261962890625
2231,M_1100_28y0m_1_dysfluent_391,0.03515625,0.1387939453125,0.0394287109375,0.039794921875,0.0252685546875
2232,M_1100_28y0m_1_dysfluent_392,0.04168701171875,0.1475830078125,0.05450439453125,0.06793212890625,0.0633544921875
2233,M_1100_28y0m_1_dysfluent_393,0.07318115234375,0.09771728515625,0.0343017578125,0.05865478515625,0.05645751953125
2234,M_1100_28y0m_1_dysfluent_394,0.0943603515625,0.11474609375,0.0179901123046875,0.061187744140625,0.1474609375
2235,M_1100_28y0m_1_dysfluent_395,0.03790283203125,0.1568603515625,0.0200958251953125,0.100341796875,0.279052734375
2236,M_1100_28y0m_1_dysfluent_396,0.08831787109375,0.262451171875,0.187255859375,0.1416015625,0.599609375
2237,M_1100_28y0m_1_dysfluent_397,0.058013916015625,0.2493896484375,0.057281494140625,0.05023193359375,0.06231689453125
2238,M_1100_28y0m_1_dysfluent_398,0.0634765625,0.275146484375,0.128662109375,0.10723876953125,0.07183837890625
2239,M_1100_28y0m_1_dysfluent_399,0.047088623046875,0.2469482421875,0.06292724609375,0.0775146484375,0.0517578125
2240,M_1100_28y0m_1_dysfluent_400,0.047698974609375,0.2115478515625,0.164794921875,0.208984375,0.08416748046875
2241,M_1100_28y0m_1_dysfluent_401,0.13916015625,0.330078125,0.4541015625,0.12286376953125,0.0701904296875
2242,M_1100_28y0m_1_dysfluent_402,0.06768798828125,0.205078125,0.0196075439453125,0.050140380859375,0.1744384765625
2243,M_1100_28y0m_1_dysfluent_403,0.02752685546875,0.1744384765625,0.050994873046875,0.0855712890625,0.08343505859375
2244,M_1100_28y0m_1_dysfluent_404,0.022247314453125,0.1400146484375,0.055938720703125,0.1689453125,0.1492919921875
2245,M_1100_28y0m_1_fluent_000,0.048492431640625,0.1812744140625,0.06768798828125,0.0802001953125,0.042724609375
2246,M_1100_28y0m_1_fluent_001,0.04010009765625,0.235595703125,0.060760498046875,0.0496826171875,0.043853759765625
2247,M_1100_28y0m_1_fluent_002,0.0753173828125,0.07598876953125,0.0154876708984375,0.0170440673828125,0.1485595703125
2248,M_1100_28y0m_1_fluent_003,0.1546630859375,0.22900390625,0.205810546875,0.2325439453125,0.059967041015625
2249,M_1100_28y0m_1_fluent_004,0.09088134765625,0.1397705078125,0.2210693359375,0.1365966796875,0.08758544921875
2250,M_1100_28y0m_1_fluent_005,0.04193115234375,0.193603515625,0.128662109375,0.0953369140625,0.039276123046875
2251,M_1100_28y0m_1_fluent_006,0.08587646484375,0.136962890625,0.12347412109375,0.303955078125,0.1239013671875
2252,M_1100_28y0m_1_fluent_007,0.11614990234375,0.09124755859375,0.07452392578125,0.0762939453125,0.08197021484375
2253,M_1100_28y0m_1_fluent_008,0.03656005859375,0.189208984375,0.1287841796875,0.093017578125,0.036712646484375
2254,M_1100_28y0m_1_fluent_009,0.044281005859375,0.2138671875,0.06256103515625,0.049774169921875,0.025177001953125
2255,M_1100_28y0m_1_fluent_010,0.043365478515625,0.171630859375,0.1370849609375,0.10687255859375,0.03662109375
2256,M_1100_28y0m_1_fluent_011,0.06744384765625,0.2171630859375,0.10894775390625,0.273681640625,0.1300048828125
2257,M_1100_28y0m_1_fluent_012,0.059326171875,0.21728515625,0.0885009765625,0.05499267578125,0.0268096923828125
2258,M_1100_28y0m_1_fluent_013,0.07464599609375,0.139404296875,0.09844970703125,0.07342529296875,0.028594970703125
2259,M_1100_28y0m_1_fluent_014,0.1026611328125,0.17236328125,0.15625,0.1646728515625,0.206298828125
2260,M_1100_28y0m_1_fluent_015,0.0242767333984375,0.1480712890625,0.0209197998046875,0.0386962890625,0.11029052734375
2261,M_1100_28y0m_1_fluent_016,0.13916015625,0.26513671875,0.12176513671875,0.04400634765625,0.08404541015625
2262,M_1100_28y0m_1_fluent_017,0.0394287109375,0.1279296875,0.1905517578125,0.11962890625,0.053802490234375
2263,M_1100_28y0m_1_fluent_018,0.090576171875,0.0970458984375,0.021697998046875,0.05108642578125,0.045196533203125
2264,M_1100_28y0m_1_fluent_019,0.0802001953125,0.328857421875,0.092041015625,0.053985595703125,0.040924072265625
2265,M_1100_28y0m_1_fluent_020,0.04217529296875,0.173828125,0.09027099609375,0.07196044921875,0.05706787109375
2266,M_1100_28y0m_1_fluent_021,0.06866455078125,0.250244140625,0.09173583984375,0.082275390625,0.0863037109375
2267,M_1100_28y0m_1_fluent_022,0.0634765625,0.1436767578125,0.00557708740234375,0.01107025146484375,0.0390625
2268,M_1100_28y0m_1_fluent_023,0.071044921875,0.177001953125,0.337646484375,0.136962890625,0.052703857421875
2269,M_1100_28y0m_1_fluent_024,0.04132080078125,0.122314453125,0.119384765625,0.118408203125,0.0762939453125
2270,M_1100_28y0m_1_fluent_025,0.058349609375,0.355224609375,0.248291015625,0.0994873046875,0.053009033203125
2271,M_1100_28y0m_1_fluent_026,0.085693359375,0.1669921875,0.077392578125,0.044097900390625,0.0273284912109375
2272,M_1100_28y0m_1_fluent_027,0.04248046875,0.08251953125,0.00453948974609375,0.0144500732421875,0.08599853515625
2273,M_1100_28y0m_1_fluent_028,0.11260986328125,0.17041015625,0.045440673828125,0.0225372314453125,0.03515625
2274,M_1100_28y0m_1_fluent_029,0.07421875,0.1553955078125,0.08538818359375,0.1478271484375,0.0469970703125
2275,M_1100_28y0m_1_fluent_030,0.1077880859375,0.157958984375,0.0592041015625,0.06097412109375,0.035888671875
2276,M_1100_28y0m_1_fluent_031,0.0322265625,0.1505126953125,0.0293731689453125,0.0240478515625,0.0252227783203125
2277,M_1100_28y0m_1_fluent_032,0.06610107421875,0.08343505859375,0.03173828125,0.07720947265625,0.05072021484375
2278,M_1100_28y0m_1_fluent_033,0.05419921875,0.216064453125,0.1998291015625,0.2237548828125,0.0855712890625
2279,M_1100_28y0m_1_fluent_034,0.02947998046875,0.1668701171875,0.00881195068359375,0.019500732421875,0.0537109375
2280,M_1100_28y0m_1_fluent_035,0.10052490234375,0.191650390625,0.2021484375,0.1978759765625,0.07318115234375
2281,M_1100_28y0m_1_fluent_036,0.0240936279296875,0.1572265625,0.03314208984375,0.047882080078125,0.105224609375
2282,M_1100_28y0m_1_fluent_037,0.03802490234375,0.166259765625,0.0173797607421875,0.0259552001953125,0.2235107421875
2283,M_1100_28y0m_1_fluent_038,0.058990478515625,0.135009765625,0.24169921875,0.14111328125,0.06585693359375
2284,M_1100_28y0m_1_fluent_039,0.05865478515625,0.1402587890625,0.0496826171875,0.0258636474609375,0.0301055908203125
2285,M_1100_28y0m_1_fluent_040,0.2113037109375,0.13037109375,0.0364990234375,0.0999755859375,0.873046875
2286,M_1100_28y0m_1_fluent_041,0.164306640625,0.223388671875,0.2078857421875,0.14208984375,0.04107666015625
2287,M_1100_28y0m_1_fluent_042,0.0631103515625,0.18701171875,0.042388916015625,0.018829345703125,0.035003662109375
2288,M_1100_28y0m_1_fluent_043,0.061187744140625,0.299560546875,0.09722900390625,0.06109619140625,0.041839599609375
2289,M_1100_28y0m_1_fluent_044,0.07464599609375,0.0948486328125,0.08880615234375,0.0635986328125,0.042877197265625
2290,M_1100_28y0m_1_fluent_045,0.042236328125,0.1905517578125,0.1175537109375,0.1312255859375,0.103759765625
2291,M_1100_28y0m_1_fluent_046,0.0413818359375,0.22607421875,0.0304412841796875,0.042022705078125,0.2318115234375
2292,M_1100_28y0m_1_fluent_047,0.1041259765625,0.2352294921875,0.04949951171875,0.02752685546875,0.152587890625
2293,M_1100_28y0m_1_fluent_048,0.0287017822265625,0.1434326171875,0.11968994140625,0.10284423828125,0.07574462890625
2294,M_1100_28y0m_1_fluent_049,0.06683349609375,0.1124267578125,0.08709716796875,0.0849609375,0.06964111328125
2295,M_1100_28y0m_1_fluent_050,0.04840087890625,0.1444091796875,0.09234619140625,0.06671142578125,0.036773681640625
2296,M_1100_28y0m_1_fluent_051,0.1746826171875,0.1602783203125,0.09893798828125,0.06829833984375,0.06646728515625
2297,M_1100_28y0m_1_fluent_052,0.07159423828125,0.21728515625,0.09075927734375,0.06915283203125,0.02655029296875
2298,M_1100_28y0m_1_fluent_053,0.03143310546875,0.1248779296875,0.02191162109375,0.0257568359375,0.042816162109375
2299,M_1100_28y0m_1_fluent_054,0.09515380859375,0.218994140625,0.2049560546875,0.13330078125,0.04840087890625
2300,M_1100_28y0m_1_fluent_055,0.049407958984375,0.26953125,0.07684326171875,0.079345703125,0.045257568359375
2301,M_1100_28y0m_1_fluent_056,0.054595947265625,0.1187744140625,0.15625,0.09320068359375,0.09124755859375
2302,M_1100_28y0m_1_fluent_057,0.07452392578125,0.27880859375,0.08416748046875,0.06512451171875,0.0258026123046875
2303,M_1100_28y0m_1_fluent_058,0.035003662109375,0.31298828125,0.2020263671875,0.09234619140625,0.059112548828125
2304,M_1100_28y0m_1_fluent_059,0.11517333984375,0.360595703125,0.1502685546875,0.03033447265625,0.07080078125
2305,M_1100_28y0m_1_fluent_060,0.199462890625,0.1124267578125,0.07696533203125,0.06597900390625,0.06768798828125
2306,M_1100_28y0m_1_fluent_061,0.058013916015625,0.132568359375,0.06695556640625,0.036224365234375,0.033660888671875
2307,M_1100_28y0m_1_fluent_062,0.049591064453125,0.16259765625,0.06427001953125,0.0251312255859375,0.024566650390625
2308,M_1100_28y0m_1_fluent_063,0.06683349609375,0.0999755859375,0.05780029296875,0.1019287109375,0.06878662109375
2309,M_1100_28y0m_1_fluent_064,0.057586669921875,0.137939453125,0.09173583984375,0.09930419921875,0.03155517578125
2310,M_1100_28y0m_1_fluent_065,0.132568359375,0.233154296875,0.2418212890625,0.1905517578125,0.048675537109375
2311,M_1100_28y0m_1_fluent_066,0.12420654296875,0.09686279296875,0.0207672119140625,0.044342041015625,0.05560302734375
2312,M_1100_28y0m_1_fluent_067,0.060089111328125,0.1893310546875,0.0631103515625,0.050506591796875,0.04107666015625
2313,M_1100_28y0m_1_fluent_068,0.097900390625,0.1473388671875,0.1812744140625,0.178955078125,0.08758544921875
2314,M_1100_28y0m_1_fluent_069,0.09637451171875,0.1187744140625,0.035491943359375,0.0333251953125,0.05560302734375
2315,M_1100_28y0m_1_fluent_070,0.05718994140625,0.1561279296875,0.049407958984375,0.0171051025390625,0.025665283203125
2316,M_1100_28y0m_1_fluent_071,0.1033935546875,0.158447265625,0.07159423828125,0.11517333984375,0.05194091796875
2317,M_1100_28y0m_1_fluent_072,0.0246124267578125,0.1405029296875,0.06292724609375,0.10015869140625,0.122314453125
2318,M_1100_28y0m_1_fluent_073,0.0792236328125,0.1700439453125,0.2362060546875,0.1865234375,0.056549072265625
2319,M_1100_28y0m_1_fluent_074,0.041534423828125,0.1553955078125,0.091552734375,0.07696533203125,0.057586669921875
2320,M_1100_28y0m_1_fluent_075,0.06890869140625,0.1484375,0.03436279296875,0.0457763671875,0.0287017822265625
2321,M_1100_28y0m_1_fluent_076,0.06500244140625,0.1083984375,0.0268096923828125,0.0325927734375,0.0305023193359375
2322,M_1100_28y0m_1_fluent_077,0.1114501953125,0.17724609375,0.01132965087890625,0.0141143798828125,0.172607421875
2323,M_1100_28y0m_1_fluent_078,0.04840087890625,0.1798095703125,0.09600830078125,0.0472412109375,0.044281005859375
2324,M_1100_28y0m_1_fluent_079,0.060089111328125,0.218994140625,0.08270263671875,0.136962890625,0.287841796875
2325,M_1100_28y0m_1_fluent_080,0.050811767578125,0.11181640625,0.050811767578125,0.0784912109375,0.0709228515625
2326,M_1100_28y0m_1_fluent_081,0.04302978515625,0.198486328125,0.23193359375,0.1827392578125,0.06793212890625
2327,M_1100_28y0m_1_fluent_082,0.0272674560546875,0.10858154296875,0.02655029296875,0.042877197265625,0.03326416015625
2328,M_1100_28y0m_1_fluent_083,0.06695556640625,0.1322021484375,0.060638427734375,0.049407958984375,0.136474609375
2329,M_1100_28y0m_1_fluent_084,0.06427001953125,0.133544921875,0.02276611328125,0.041473388671875,0.0885009765625
2330,M_1100_28y0m_1_fluent_085,0.1607666015625,0.171630859375,0.0567626953125,0.053497314453125,0.03643798828125
2331,M_1100_28y0m_1_fluent_086,0.07196044921875,0.12646484375,0.09503173828125,0.055511474609375,0.036163330078125
2332,M_1100_28y0m_1_fluent_087,0.06915283203125,0.15087890625,0.0638427734375,0.037109375,0.0304412841796875
2333,M_1100_28y0m_1_fluent_088,0.1019287109375,0.2125244140625,0.1995849609375,0.219970703125,0.05511474609375
2334,M_1100_28y0m_1_fluent_089,0.06256103515625,0.12493896484375,0.0794677734375,0.046722412109375,0.09637451171875
2335,M_1100_28y0m_1_fluent_090,0.21142578125,0.2091064453125,0.16748046875,0.45458984375,0.8017578125
2336,M_1100_28y0m_1_fluent_091,0.078369140625,0.1776123046875,0.1514892578125,0.09722900390625,0.031494140625
2337,M_1100_28y0m_1_fluent_092,0.06488037109375,0.142822265625,0.061767578125,0.036773681640625,0.048675537109375
2338,M_1100_28y0m_1_fluent_093,0.06634521484375,0.15576171875,0.085693359375,0.07586669921875,0.037750244140625
2339,M_1100_28y0m_1_fluent_094,0.034423828125,0.1224365234375,0.0794677734375,0.2303466796875,0.417236328125
2340,M_1100_28y0m_1_fluent_095,0.09552001953125,0.232177734375,0.17919921875,0.158935546875,0.2000732421875
2341,M_1100_28y0m_1_fluent_096,0.03240966796875,0.1502685546875,0.090576171875,0.056976318359375,0.04248046875
2342,M_1100_28y0m_1_fluent_097,0.062225341796875,0.1143798828125,0.037384033203125,0.09893798828125,0.06427001953125
2343,M_1100_28y0m_1_fluent_098,0.07611083984375,0.08331298828125,0.0141754150390625,0.0240020751953125,0.0289764404296875
2344,M_1100_28y0m_1_fluent_099,0.155029296875,0.173828125,0.135986328125,0.1375732421875,0.125244140625
2345,M_1100_28y0m_1_fluent_100,0.0869140625,0.1387939453125,0.04510498046875,0.0379638671875,0.058441162109375
2346,M_1100_28y0m_1_fluent_101,0.055816650390625,0.1959228515625,0.2440185546875,0.301025390625,0.1591796875
2347,M_1100_28y0m_1_fluent_102,0.059112548828125,0.1673583984375,0.2183837890625,0.10858154296875,0.046630859375
2348,M_1100_28y0m_1_fluent_103,0.1041259765625,0.0838623046875,0.008514404296875,0.00821685791015625,0.0250396728515625
2349,M_1100_28y0m_1_fluent_104,0.05633544921875,0.17431640625,0.1591796875,0.0965576171875,0.03192138671875
2350,M_1100_28y0m_1_fluent_105,0.11029052734375,0.08978271484375,0.011199951171875,0.006439208984375,0.0300445556640625
2351,M_1100_28y0m_1_fluent_106,0.06634521484375,0.18701171875,0.050506591796875,0.10650634765625,0.2489013671875
2352,M_1100_28y0m_1_fluent_107,0.039794921875,0.206298828125,0.216796875,0.12261962890625,0.052703857421875
2353,M_1100_28y0m_1_fluent_108,0.1260986328125,0.1251220703125,0.134033203125,0.21142578125,0.396240234375
2354,M_1100_28y0m_1_fluent_109,0.039947509765625,0.143798828125,0.06634521484375,0.041839599609375,0.06646728515625
2355,M_1100_28y0m_1_fluent_110,0.15380859375,0.11376953125,0.053192138671875,0.04248046875,0.073974609375
2356,M_1100_28y0m_1_fluent_111,0.11981201171875,0.198974609375,0.05975341796875,0.08465576171875,0.14111328125
2357,M_1100_28y0m_1_fluent_112,0.09552001953125,0.283935546875,0.2349853515625,0.21435546875,0.11932373046875
2358,M_1100_28y0m_1_fluent_113,0.0635986328125,0.195556640625,0.097900390625,0.06085205078125,0.022369384765625
2359,M_1100_28y0m_1_fluent_114,0.07763671875,0.295654296875,0.050811767578125,0.0469970703125,0.444580078125
2360,M_1100_28y0m_1_fluent_115,0.114990234375,0.19775390625,0.10321044921875,0.05194091796875,0.07147216796875
2361,M_1100_28y0m_1_fluent_116,0.0709228515625,0.1396484375,0.0701904296875,0.058135986328125,0.07135009765625
2362,M_1100_28y0m_1_fluent_117,0.07861328125,0.197021484375,0.1077880859375,0.07586669921875,0.0287017822265625
2363,M_1100_28y0m_1_fluent_118,0.1474609375,0.1365966796875,0.08831787109375,0.1300048828125,0.331787109375
2364,M_1100_28y0m_1_fluent_119,0.04052734375,0.1605224609375,0.1622314453125,0.12139892578125,0.042877197265625
2365,M_1100_28y0m_1_fluent_120,0.058135986328125,0.2100830078125,0.1966552734375,0.2083740234375,0.2269287109375
2366,M_1100_28y0m_1_fluent_121,0.06524658203125,0.1502685546875,0.07794189453125,0.0726318359375,0.0296478271484375
2367,M_1100_28y0m_1_fluent_122,0.06256103515625,0.08282470703125,0.025177001953125,0.050140380859375,0.070068359375
2368,M_1100_28y0m_1_fluent_123,0.06793212890625,0.265625,0.351318359375,0.18408203125,0.077392578125
2369,M_1100_28y0m_1_fluent_124,0.2230224609375,0.29150390625,0.11981201171875,0.15380859375,0.537109375
2370,M_1100_28y0m_1_fluent_125,0.06451416015625,0.2220458984375,0.2496337890625,0.185302734375,0.048492431640625
2371,M_1100_28y0m_1_fluent_126,0.1259765625,0.191162109375,0.11083984375,0.2193603515625,0.184326171875
2372,M_1100_28y0m_1_fluent_127,0.09222412109375,0.089599609375,0.0153656005859375,0.0179901123046875,0.0504150390625
2373,M_1100_28y0m_1_fluent_128,0.2430419921875,0.1392822265625,0.0127716064453125,0.01512908935546875,0.3759765625
2374,M_1100_28y0m_1_fluent_129,0.030853271484375,0.1971435546875,0.06982421875,0.1104736328125,0.08154296875
2375,M_1100_28y0m_1_fluent_130,0.08978271484375,0.244140625,0.2271728515625,0.0994873046875,0.0755615234375
2376,M_1100_28y0m_1_fluent_131,0.04595947265625,0.09503173828125,0.035491943359375,0.03338623046875,0.03533935546875
2377,M_1100_28y0m_1_fluent_132,0.060638427734375,0.08135986328125,0.0203704833984375,0.03216552734375,0.0496826171875
2378,M_1100_28y0m_1_fluent_133,0.023284912109375,0.092529296875,0.00815582275390625,0.0296478271484375,0.09234619140625
2379,M_1100_28y0m_1_fluent_134,0.06768798828125,0.1392822265625,0.12408447265625,0.131591796875,0.06280517578125
2380,M_1100_28y0m_1_fluent_135,0.16650390625,0.1751708984375,0.141845703125,0.2064208984375,0.056243896484375
2381,M_1100_28y0m_1_fluent_136,0.11083984375,0.1405029296875,0.1270751953125,0.063720703125,0.039947509765625
2382,M_1100_28y0m_1_fluent_137,0.1622314453125,0.193359375,0.0325927734375,0.0258026123046875,0.0248870849609375
2383,M_1100_28y0m_1_fluent_138,0.05560302734375,0.1083984375,0.06524658203125,0.1981201171875,0.158447265625
2384,M_1100_28y0m_1_fluent_139,0.0282745361328125,0.1395263671875,0.0260009765625,0.03143310546875,0.0469970703125
2385,M_1100_28y0m_1_fluent_140,0.16015625,0.1358642578125,0.07977294921875,0.07330322265625,0.057586669921875
2386,M_1100_28y0m_1_fluent_141,0.03033447265625,0.200439453125,0.08740234375,0.10107421875,0.09271240234375
2387,M_1100_28y0m_1_fluent_142,0.040008544921875,0.276123046875,0.11968994140625,0.09503173828125,0.04779052734375
2388,M_1100_28y0m_1_fluent_143,0.044677734375,0.09027099609375,0.0216522216796875,0.023956298828125,0.1195068359375
2389,M_1100_28y0m_1_fluent_144,0.05072021484375,0.18212890625,0.14599609375,0.26220703125,0.1583251953125
2390,M_1100_28y0m_1_fluent_145,0.05792236328125,0.20751953125,0.2022705078125,0.2142333984375,0.0552978515625
2391,M_1100_28y0m_1_fluent_146,0.10247802734375,0.1033935546875,0.02423095703125,0.040618896484375,0.038330078125
2392,M_1100_28y0m_1_fluent_147,0.0704345703125,0.228515625,0.059661865234375,0.04132080078125,0.0227203369140625
2393,M_1100_28y0m_1_fluent_148,0.1485595703125,0.220703125,0.020721435546875,0.0194549560546875,0.027374267578125
2394,M_1100_28y0m_1_fluent_149,0.1910400390625,0.09039306640625,0.05145263671875,0.06951904296875,0.19580078125
2395,M_1100_28y0m_1_fluent_150,0.0775146484375,0.1280517578125,0.005889892578125,0.014007568359375,0.037322998046875
2396,M_1100_28y0m_1_fluent_151,0.07135009765625,0.1820068359375,0.138671875,0.1466064453125,0.03912353515625
2397,M_1100_28y0m_1_fluent_152,0.11376953125,0.2314453125,0.302978515625,0.226318359375,0.09515380859375
2398,M_1100_28y0m_1_fluent_153,0.10894775390625,0.12890625,0.136962890625,0.1396484375,0.133056640625
2399,M_1100_28y0m_1_fluent_154,0.04620361328125,0.193359375,0.04443359375,0.0330810546875,0.060089111328125
2400,M_1100_28y0m_1_fluent_155,0.1397705078125,0.1943359375,0.1778564453125,0.36181640625,0.380859375
2401,M_1100_28y0m_1_fluent_156,0.033660888671875,0.126708984375,0.021331787109375,0.0244293212890625,0.04046630859375
2402,M_1100_28y0m_1_fluent_157,0.306884765625,0.2445068359375,0.06085205078125,0.0239105224609375,0.320068359375
2403,M_1100_28y0m_1_fluent_158,0.042572021484375,0.132080078125,0.115966796875,0.0615234375,0.042083740234375
2404,M_1100_28y0m_1_fluent_159,0.0994873046875,0.19677734375,0.315673828125,0.1439208984375,0.051361083984375
2405,M_1100_28y0m_1_fluent_160,0.0330810546875,0.197021484375,0.2235107421875,0.1524658203125,0.06964111328125
2406,M_1100_28y0m_1_fluent_161,0.05291748046875,0.1240234375,0.11395263671875,0.0838623046875,0.07330322265625
2407,M_1100_28y0m_1_fluent_162,0.06683349609375,0.080078125,0.07080078125,0.049591064453125,0.046722412109375
2408,M_1100_28y0m_1_fluent_163,0.04510498046875,0.156494140625,0.140869140625,0.06982421875,0.04193115234375
2409,M_1100_28y0m_1_fluent_164,0.06793212890625,0.155029296875,0.058441162109375,0.0184326171875,0.03021240234375
2410,M_1100_28y0m_1_fluent_165,0.291748046875,0.1689453125,0.0141754150390625,0.0257568359375,0.5947265625
2411,M_1100_28y0m_1_fluent_166,0.050323486328125,0.17578125,0.313720703125,0.292236328125,0.2060546875
2412,M_1100_28y0m_1_fluent_167,0.052032470703125,0.12335205078125,0.15380859375,0.154296875,0.11578369140625
2413,M_1100_28y0m_1_fluent_168,0.05889892578125,0.1279296875,0.005100250244140625,0.01302337646484375,0.047149658203125
2414,M_1100_28y0m_1_fluent_169,0.0638427734375,0.235107421875,0.04595947265625,0.0280609130859375,0.035888671875
2415,M_1100_28y0m_1_fluent_170,0.046905517578125,0.1925048828125,0.19482421875,0.2178955078125,0.07305908203125
2416,M_1100_28y0m_1_fluent_171,0.0938720703125,0.17431640625,0.06573486328125,0.04803466796875,0.029541015625
2417,M_1100_28y0m_1_fluent_172,0.1300048828125,0.2020263671875,0.2076416015625,0.329833984375,0.359375
2418,M_1100_28y0m_1_fluent_173,0.0843505859375,0.11199951171875,0.0225067138671875,0.041229248046875,0.0521240234375
2419,M_1100_28y0m_1_fluent_174,0.057708740234375,0.1748046875,0.2119140625,0.1796875,0.0633544921875
2420,M_1100_28y0m_1_fluent_175,0.092529296875,0.199462890625,0.12445068359375,0.08154296875,0.034088134765625
2421,M_1100_28y0m_1_fluent_176,0.0567626953125,0.09967041015625,0.04217529296875,0.097900390625,0.03533935546875
2422,M_1100_28y0m_1_fluent_177,0.04913330078125,0.17138671875,0.038970947265625,0.02203369140625,0.0260009765625
2423,M_1100_28y0m_1_fluent_178,0.044189453125,0.1175537109375,0.0723876953125,0.045684814453125,0.036834716796875
2424,M_1100_28y0m_1_fluent_179,0.08648681640625,0.173095703125,0.1177978515625,0.0765380859375,0.04302978515625
2425,M_1100_28y0m_1_fluent_180,0.045013427734375,0.1373291015625,0.09039306640625,0.0809326171875,0.03607177734375
2426,M_1100_28y0m_1_fluent_181,0.05877685546875,0.126220703125,0.129150390625,0.046478271484375,0.03643798828125
2427,M_1100_28y0m_1_fluent_182,0.03802490234375,0.1385498046875,0.164306640625,0.0863037109375,0.0604248046875
2428,M_1100_28y0m_1_fluent_183,0.06427001953125,0.164306640625,0.07891845703125,0.1444091796875,0.1221923828125
2429,M_1100_28y0m_1_fluent_184,0.062103271484375,0.239013671875,0.165771484375,0.21240234375,0.270263671875
2430,M_1100_28y0m_1_fluent_185,0.08123779296875,0.166259765625,0.10467529296875,0.058441162109375,0.042724609375
2431,M_1100_28y0m_1_fluent_186,0.035888671875,0.1619873046875,0.0218658447265625,0.0234222412109375,0.056854248046875
2432,M_1100_28y0m_1_fluent_187,0.2425537109375,0.1134033203125,0.0182952880859375,0.01137542724609375,0.050140380859375
2433,M_1100_28y0m_1_fluent_188,0.05889892578125,0.1767578125,0.0755615234375,0.08416748046875,0.13818359375
2434,M_1100_28y0m_1_fluent_189,0.06878662109375,0.128662109375,0.01078033447265625,0.02191162109375,0.051849365234375
2435,M_1100_28y0m_1_fluent_190,0.07708740234375,0.10357666015625,0.06243896484375,0.057586669921875,0.0987548828125
2436,M_1100_28y0m_1_fluent_191,0.06573486328125,0.110107421875,0.06427001953125,0.1368408203125,0.07598876953125
2437,M_1100_28y0m_1_fluent_192,0.09857177734375,0.1336669921875,0.09075927734375,0.064208984375,0.034820556640625
2438,M_1100_28y0m_1_fluent_193,0.055816650390625,0.1304931640625,0.1251220703125,0.143798828125,0.0965576171875
2439,M_1100_28y0m_1_fluent_194,0.08209228515625,0.1201171875,0.020965576171875,0.043701171875,0.056121826171875
2440,M_1100_28y0m_1_fluent_195,0.038238525390625,0.27392578125,0.11517333984375,0.0994873046875,0.07275390625
2441,M_1100_28y0m_1_fluent_196,0.12139892578125,0.26708984375,0.2315673828125,0.1806640625,0.042633056640625
2442,M_1100_28y0m_1_fluent_197,0.49365234375,0.13134765625,0.02276611328125,0.030914306640625,0.250732421875
2443,M_1100_28y0m_1_fluent_198,0.11029052734375,0.1795654296875,0.0231475830078125,0.035400390625,0.2900390625
2444,M_1100_28y0m_1_fluent_199,0.2230224609375,0.095703125,0.00926971435546875,0.0127716064453125,0.443359375
2445,M_1100_28y0m_1_fluent_200,0.0305023193359375,0.08038330078125,0.006122589111328125,0.025909423828125,0.0994873046875
2446,M_1100_28y0m_1_fluent_201,0.1761474609375,0.10858154296875,0.12042236328125,0.12127685546875,0.1485595703125
2447,M_1100_28y0m_1_fluent_202,0.0345458984375,0.1431884765625,0.07861328125,0.08709716796875,0.05419921875
2448,M_1100_28y0m_1_fluent_203,0.1048583984375,0.1124267578125,0.02606201171875,0.038909912109375,0.0237274169921875
2449,M_1100_28y0m_1_fluent_204,0.043365478515625,0.2548828125,0.230712890625,0.1171875,0.0794677734375
2450,M_1100_28y0m_1_fluent_205,0.08477783203125,0.203125,0.09912109375,0.025665283203125,0.03875732421875
2451,M_1100_28y0m_1_fluent_206,0.08770751953125,0.125732421875,0.178955078125,0.11376953125,0.07342529296875
2452,M_1100_28y0m_1_fluent_207,0.045196533203125,0.1729736328125,0.089599609375,0.09283447265625,0.0762939453125
2453,M_1100_28y0m_1_fluent_208,0.1455078125,0.1134033203125,0.01233673095703125,0.017852783203125,0.04779052734375
2454,M_1100_28y0m_1_fluent_209,0.051544189453125,0.155517578125,0.11578369140625,0.094482421875,0.04638671875
2455,M_1100_28y0m_1_fluent_210,0.078369140625,0.19580078125,0.1114501953125,0.1671142578125,0.0843505859375
2456,M_1100_28y0m_1_fluent_211,0.05499267578125,0.18701171875,0.0180206298828125,0.01433563232421875,0.1414794921875
2457,M_1100_28y0m_1_fluent_212,0.1453857421875,0.08929443359375,0.0115509033203125,0.0112457275390625,0.02886962890625
2458,M_1100_28y0m_1_fluent_213,0.0855712890625,0.176513671875,0.2362060546875,0.1339111328125,0.0504150390625
2459,M_1100_28y0m_1_fluent_214,0.07977294921875,0.2078857421875,0.0850830078125,0.080810546875,0.04400634765625
2460,M_1100_28y0m_1_fluent_215,0.1312255859375,0.2333984375,0.0194244384765625,0.0240020751953125,0.1607666015625
2461,M_1100_28y0m_1_fluent_216,0.08135986328125,0.281494140625,0.07574462890625,0.06292724609375,0.03582763671875
2462,M_1100_28y0m_1_fluent_217,0.06488037109375,0.144775390625,0.1890869140625,0.185791015625,0.1114501953125
2463,M_1100_28y0m_1_fluent_218,0.04742431640625,0.1954345703125,0.04620361328125,0.035491943359375,0.024932861328125
2464,M_1100_28y0m_1_fluent_219,0.07684326171875,0.377197265625,0.226806640625,0.0838623046875,0.049224853515625
2465,M_1100_28y0m_1_fluent_220,0.06292724609375,0.095703125,0.1094970703125,0.1898193359375,0.06903076171875
2466,M_1100_28y0m_1_fluent_221,0.0535888671875,0.187255859375,0.1326904296875,0.09222412109375,0.09124755859375
2467,M_1100_28y0m_1_fluent_222,0.154541015625,0.1187744140625,0.118408203125,0.09686279296875,0.06658935546875
2468,M_1100_28y0m_1_fluent_223,0.06439208984375,0.063720703125,0.0181884765625,0.044586181640625,0.122314453125
2469,M_1100_28y0m_1_fluent_224,0.0765380859375,0.230712890625,0.1534423828125,0.1190185546875,0.03131103515625
2470,M_1100_28y0m_1_fluent_225,0.1961669921875,0.1729736328125,0.1434326171875,0.397216796875,0.849609375
2471,M_1100_28y0m_1_fluent_226,0.04779052734375,0.12286376953125,0.07366943359375,0.04296875,0.03167724609375
2472,M_1100_28y0m_1_fluent_227,0.052032470703125,0.137939453125,0.280029296875,0.1685791015625,0.06719970703125
2473,M_1100_28y0m_1_fluent_228,0.06622314453125,0.15478515625,0.05511474609375,0.08270263671875,0.2080078125
2474,M_1100_28y0m_1_fluent_229,0.10894775390625,0.1739501953125,0.048858642578125,0.0272674560546875,0.149169921875
2475,M_1100_28y0m_1_fluent_230,0.1163330078125,0.087890625,0.06817626953125,0.09619140625,0.280517578125
2476,M_1100_28y0m_1_fluent_231,0.100341796875,0.201171875,0.0836181640625,0.11614990234375,0.050994873046875
2477,M_1100_28y0m_1_fluent_232,0.227783203125,0.133056640625,0.06268310546875,0.1964111328125,0.45263671875
2478,M_1100_28y0m_1_fluent_233,0.11102294921875,0.1671142578125,0.1505126953125,0.07501220703125,0.033905029296875
2479,M_1100_28y0m_1_fluent_234,0.09417724609375,0.17626953125,0.32861328125,0.283203125,0.07574462890625
2480,M_1100_28y0m_1_fluent_235,0.03759765625,0.1754150390625,0.015716552734375,0.0150146484375,0.04486083984375
2481,M_1100_28y0m_1_fluent_236,0.10394287109375,0.200439453125,0.186279296875,0.11065673828125,0.051544189453125
2482,M_1100_28y0m_1_fluent_237,0.055816650390625,0.1312255859375,0.160400390625,0.1446533203125,0.11260986328125
2483,M_1100_28y0m_1_fluent_238,0.09515380859375,0.1416015625,0.0810546875,0.05224609375,0.06890869140625
2484,M_1100_28y0m_1_fluent_239,0.050140380859375,0.11102294921875,0.03240966796875,0.047698974609375,0.11199951171875
2485,M_1100_28y0m_1_fluent_240,0.140869140625,0.2548828125,0.07122802734375,0.044342041015625,0.2230224609375
2486,M_1100_28y0m_1_fluent_241,0.189697265625,0.1578369140625,0.09503173828125,0.056854248046875,0.04595947265625
2487,M_1100_28y0m_1_fluent_242,0.0360107421875,0.1474609375,0.1304931640625,0.10211181640625,0.19189453125
2488,M_1100_28y0m_1_fluent_243,0.07122802734375,0.1904296875,0.189208984375,0.11474609375,0.036773681640625
2489,M_1100_28y0m_1_fluent_244,0.06719970703125,0.2958984375,0.058349609375,0.05224609375,0.03839111328125
2490,M_1100_28y0m_1_fluent_245,0.193115234375,0.22216796875,0.10760498046875,0.03143310546875,0.131103515625
2491,M_1100_28y0m_1_fluent_246,0.0810546875,0.23876953125,0.1322021484375,0.08831787109375,0.0306243896484375
2492,M_1100_28y0m_1_fluent_247,0.030731201171875,0.138916015625,0.05877685546875,0.07318115234375,0.0994873046875
2493,M_1100_28y0m_1_fluent_248,0.0411376953125,0.185546875,0.1981201171875,0.11920166015625,0.0457763671875
2494,M_1100_28y0m_1_fluent_249,0.0728759765625,0.1517333984375,0.2314453125,0.183349609375,0.056854248046875
2495,M_1100_28y0m_1_fluent_250,0.03594970703125,0.1336669921875,0.0279083251953125,0.0439453125,0.0276336669921875
2496,M_1100_28y0m_1_fluent_251,0.10760498046875,0.2005615234375,0.2127685546875,0.20654296875,0.051544189453125
2497,M_1100_28y0m_1_fluent_252,0.05145263671875,0.1868896484375,0.1942138671875,0.1077880859375,0.045013427734375
2498,M_1100_28y0m_1_fluent_253,0.1048583984375,0.146728515625,0.126220703125,0.17041015625,0.06500244140625
2499,M_1100_28y0m_1_fluent_254,0.046112060546875,0.178466796875,0.1048583984375,0.034088134765625,0.044677734375
2500,M_1100_28y0m_1_fluent_255,0.09136962890625,0.09844970703125,0.039337158203125,0.06683349609375,0.05340576171875
2501,M_1100_28y0m_1_fluent_256,0.0809326171875,0.1175537109375,0.05242919921875,0.1453857421875,0.053192138671875
2502,M_1100_28y0m_1_fluent_257,0.036834716796875,0.17041015625,0.0263519287109375,0.0252227783203125,0.0872802734375
2503,M_1100_28y0m_1_fluent_258,0.060760498046875,0.1448974609375,0.060089111328125,0.0836181640625,0.041473388671875
2504,M_1100_28y0m_1_fluent_259,0.09619140625,0.119384765625,0.05059814453125,0.06280517578125,0.0238189697265625
2505,M_1100_28y0m_1_fluent_260,0.25048828125,0.2259521484375,0.038970947265625,0.018768310546875,0.343505859375
2506,M_1100_28y0m_1_fluent_261,0.133544921875,0.08251953125,0.018096923828125,0.02606201171875,0.026611328125
2507,M_1100_28y0m_1_fluent_262,0.0994873046875,0.260498046875,0.0141143798828125,0.017303466796875,0.2099609375
2508,M_1100_28y0m_1_fluent_263,0.062103271484375,0.10968017578125,0.11199951171875,0.1524658203125,0.14013671875
2509,M_1100_28y0m_1_fluent_264,0.1026611328125,0.385498046875,0.1773681640625,0.06561279296875,0.04327392578125
2510,M_1100_28y0m_1_fluent_265,0.11029052734375,0.1134033203125,0.049407958984375,0.0416259765625,0.0273284912109375
2511,M_1100_28y0m_1_fluent_266,0.03436279296875,0.17236328125,0.10540771484375,0.0810546875,0.08209228515625
2512,M_1100_28y0m_1_fluent_267,0.0802001953125,0.25146484375,0.181396484375,0.185302734375,0.1121826171875
2513,M_1100_28y0m_1_fluent_268,0.1014404296875,0.194091796875,0.362060546875,0.2010498046875,0.07684326171875
2514,M_1100_28y0m_1_fluent_269,0.049591064453125,0.1153564453125,0.005321502685546875,0.0141143798828125,0.04876708984375
2515,M_1100_28y0m_1_fluent_270,0.09808349609375,0.1845703125,0.1806640625,0.2286376953125,0.09027099609375
2516,M_1100_28y0m_1_fluent_271,0.1551513671875,0.137939453125,0.044525146484375,0.02947998046875,0.03662109375
2517,M_1100_28y0m_1_fluent_272,0.0618896484375,0.21044921875,0.264892578125,0.329833984375,0.12493896484375
2518,M_1100_28y0m_1_fluent_273,0.322021484375,0.1484375,0.020294189453125,0.048858642578125,0.78857421875
2519,M_1100_28y0m_1_fluent_274,0.0394287109375,0.146240234375,0.1163330078125,0.203857421875,0.10321044921875
2520,M_1100_28y0m_1_fluent_275,0.125244140625,0.350341796875,0.0224151611328125,0.0284423828125,0.191650390625
2521,M_1100_28y0m_1_fluent_276,0.11798095703125,0.13818359375,0.21630859375,0.1259765625,0.03875732421875
2522,M_1100_28y0m_1_fluent_277,0.076416015625,0.1405029296875,0.27294921875,0.1993408203125,0.077392578125
2523,M_1100_28y0m_1_fluent_278,0.0352783203125,0.16259765625,0.01322174072265625,0.019012451171875,0.0264129638671875
2524,M_1100_28y0m_1_fluent_279,0.0548095703125,0.0982666015625,0.05059814453125,0.11395263671875,0.037750244140625
2525,M_1100_28y0m_1_fluent_280,0.021453857421875,0.1519775390625,0.07354736328125,0.07464599609375,0.134033203125
2526,M_1100_28y0m_1_fluent_281,0.06982421875,0.0966796875,0.06524658203125,0.053985595703125,0.03759765625
2527,M_1100_28y0m_1_fluent_282,0.093994140625,0.1466064453125,0.12103271484375,0.322265625,0.6630859375
2528,M_1100_28y0m_1_fluent_283,0.086181640625,0.194091796875,0.09039306640625,0.0482177734375,0.063232421875
2529,M_1100_28y0m_1_fluent_284,0.091552734375,0.1978759765625,0.11065673828125,0.1602783203125,0.0548095703125
2530,M_1100_28y0m_1_fluent_285,0.05126953125,0.1202392578125,0.04052734375,0.04913330078125,0.026611328125
2531,M_1100_28y0m_1_fluent_286,0.0604248046875,0.2335205078125,0.056640625,0.07794189453125,0.047698974609375
2532,M_1100_28y0m_1_fluent_287,0.09320068359375,0.09027099609375,0.033966064453125,0.03228759765625,0.0504150390625
2533,M_1100_28y0m_1_fluent_288,0.07354736328125,0.1512451171875,0.046630859375,0.08465576171875,0.053802490234375
2534,M_1100_28y0m_1_fluent_289,0.1026611328125,0.1376953125,0.130859375,0.09893798828125,0.094482421875
2535,M_1100_28y0m_1_fluent_290,0.1717529296875,0.1177978515625,0.0196380615234375,0.0274810791015625,0.6474609375
2536,M_1100_28y0m_1_fluent_291,0.06878662109375,0.1368408203125,0.04052734375,0.043365478515625,0.095703125
2537,M_1100_28y0m_1_fluent_292,0.1251220703125,0.1951904296875,0.28857421875,0.15478515625,0.08477783203125
2538,M_1100_28y0m_1_fluent_293,0.1104736328125,0.1795654296875,0.2427978515625,0.414306640625,0.13232421875
2539,M_1100_28y0m_1_fluent_294,0.03607177734375,0.12335205078125,0.0704345703125,0.049591064453125,0.034759521484375
2540,M_1100_28y0m_1_fluent_295,0.082275390625,0.10247802734375,0.04052734375,0.022796630859375,0.01763916015625
2541,M_1100_28y0m_1_fluent_296,0.089599609375,0.172119140625,0.027435302734375,0.0294189453125,0.1279296875
2542,M_1100_28y0m_1_fluent_297,0.10467529296875,0.1864013671875,0.08282470703125,0.06719970703125,0.0322265625
2543,M_1100_28y0m_1_fluent_298,0.0299835205078125,0.1478271484375,0.0726318359375,0.07354736328125,0.04302978515625
2544,M_1100_28y0m_1_fluent_299,0.06878662109375,0.1534423828125,0.259765625,0.185302734375,0.07806396484375
2545,M_1100_28y0m_1_fluent_300,0.12261962890625,0.163818359375,0.037750244140625,0.05291748046875,0.05224609375
2546,M_1100_28y0m_1_fluent_301,0.06866455078125,0.1396484375,0.085693359375,0.04681396484375,0.08880615234375
2547,M_1100_28y0m_1_fluent_302,0.037200927734375,0.2095947265625,0.12127685546875,0.11102294921875,0.04345703125
2548,M_1100_28y0m_1_fluent_303,0.0792236328125,0.1632080078125,0.1253662109375,0.03173828125,0.0374755859375
2549,M_1100_28y0m_1_fluent_304,0.0552978515625,0.1614990234375,0.169921875,0.10302734375,0.043701171875
2550,M_1100_28y0m_1_fluent_305,0.0394287109375,0.109130859375,0.06854248046875,0.047149658203125,0.05194091796875
2551,M_1100_28y0m_1_fluent_306,0.1982421875,0.1014404296875,0.0460205078125,0.0274810791015625,0.0401611328125
2552,M_1100_28y0m_1_fluent_307,0.0582275390625,0.2607421875,0.0560302734375,0.03875732421875,0.02685546875
2553,M_1100_28y0m_1_fluent_308,0.04510498046875,0.122314453125,0.00482940673828125,0.01262664794921875,0.036895751953125
2554,M_1100_28y0m_1_fluent_309,0.04931640625,0.1490478515625,0.0457763671875,0.035888671875,0.041778564453125
2555,M_1100_28y0m_1_fluent_310,0.07171630859375,0.1727294921875,0.0352783203125,0.0170440673828125,0.02630615234375
2556,M_1100_28y0m_1_fluent_311,0.08416748046875,0.1934814453125,0.277099609375,0.1771240234375,0.082275390625
2557,M_1100_28y0m_1_fluent_312,0.053314208984375,0.13720703125,0.06939697265625,0.1436767578125,0.102294921875
2558,M_1100_28y0m_1_fluent_313,0.0762939453125,0.09588623046875,0.0213623046875,0.022247314453125,0.130126953125
2559,M_1100_28y0m_1_fluent_314,0.290283203125,0.277587890625,0.1199951171875,0.06744384765625,0.669921875
2560,M_1100_28y0m_1_fluent_315,0.12274169921875,0.18896484375,0.299560546875,0.1478271484375,0.04248046875
2561,M_1100_28y0m_1_fluent_316,0.05450439453125,0.1175537109375,0.0704345703125,0.038604736328125,0.0299224853515625
2562,M_1100_28y0m_1_fluent_317,0.1351318359375,0.17431640625,0.26220703125,0.1409912109375,0.04302978515625
2563,M_1100_28y0m_1_fluent_318,0.039337158203125,0.14599609375,0.080078125,0.063232421875,0.03515625
2564,M_1100_28y0m_1_fluent_319,0.05792236328125,0.30615234375,0.0982666015625,0.055419921875,0.0250396728515625
2565,M_1100_28y0m_1_fluent_320,0.0701904296875,0.11737060546875,0.02001953125,0.0227203369140625,0.06451416015625
2566,M_1100_28y0m_1_fluent_321,0.037200927734375,0.1163330078125,0.0242767333984375,0.02655029296875,0.0197906494140625
2567,M_1100_28y0m_1_fluent_322,0.03802490234375,0.09808349609375,0.06610107421875,0.2078857421875,0.1207275390625
2568,M_1100_28y0m_1_fluent_323,0.222900390625,0.1630859375,0.09503173828125,0.0615234375,0.06951904296875
2569,M_1100_28y0m_1_fluent_324,0.03802490234375,0.188720703125,0.15576171875,0.1558837890625,0.05126953125
2570,M_1100_28y0m_1_fluent_325,0.2135009765625,0.2401123046875,0.271728515625,0.26220703125,0.105224609375
2571,M_1100_28y0m_1_fluent_326,0.2120361328125,0.11163330078125,0.01358795166015625,0.013275146484375,0.07305908203125
2572,M_1100_28y0m_1_fluent_327,0.03436279296875,0.1190185546875,0.015716552734375,0.021484375,0.0225372314453125
2573,M_1100_28y0m_1_fluent_328,0.0867919921875,0.282470703125,0.440673828125,0.2210693359375,0.09027099609375
2574,M_1100_28y0m_1_fluent_329,0.025421142578125,0.146240234375,0.0207672119140625,0.0369873046875,0.153564453125
2575,M_1100_28y0m_1_fluent_330,0.166259765625,0.45947265625,0.2998046875,0.090087890625,0.059417724609375
2576,M_1100_28y0m_1_fluent_331,0.05792236328125,0.1865234375,0.1593017578125,0.2322998046875,0.08477783203125
2577,M_1100_28y0m_1_fluent_332,0.0521240234375,0.1512451171875,0.06463623046875,0.049224853515625,0.0287017822265625
2578,M_1100_28y0m_1_fluent_333,0.044281005859375,0.1536865234375,0.09771728515625,0.08282470703125,0.10394287109375
2579,M_1100_28y0m_1_fluent_334,0.036163330078125,0.1405029296875,0.035003662109375,0.044189453125,0.0531005859375
2580,M_1100_28y0m_1_fluent_335,0.1124267578125,0.294677734375,0.17724609375,0.12158203125,0.06500244140625
2581,M_1100_28y0m_1_fluent_336,0.154541015625,0.134521484375,0.06524658203125,0.0313720703125,0.06427001953125
2582,M_1100_28y0m_1_fluent_337,0.11859130859375,0.263916015625,0.015777587890625,0.012054443359375,0.049957275390625
2583,M_1100_28y0m_1_fluent_338,0.037200927734375,0.1700439453125,0.04376220703125,0.0309600830078125,0.0309600830078125
2584,M_1100_28y0m_1_fluent_339,0.043853759765625,0.1370849609375,0.0165863037109375,0.0219879150390625,0.038818359375
2585,M_1100_28y0m_1_fluent_340,0.138427734375,0.1297607421875,0.0975341796875,0.0723876953125,0.054290771484375
2586,M_1100_28y0m_1_fluent_341,0.105224609375,0.18310546875,0.2401123046875,0.2401123046875,0.08587646484375
2587,M_1100_28y0m_1_fluent_342,0.07135009765625,0.1607666015625,0.279052734375,0.1314697265625,0.0504150390625
2588,M_1100_28y0m_1_fluent_343,0.060638427734375,0.1590576171875,0.339111328125,0.1585693359375,0.062103271484375
2589,M_1100_28y0m_1_fluent_344,0.205810546875,0.456787109375,0.32763671875,0.07965087890625,0.07159423828125
2590,M_1100_28y0m_1_fluent_345,0.06939697265625,0.35986328125,0.2391357421875,0.16162109375,0.43603515625
2591,M_1100_28y0m_1_fluent_346,0.0618896484375,0.12213134765625,0.0379638671875,0.032470703125,0.10858154296875
2592,M_1100_28y0m_1_fluent_347,0.1409912109375,0.2022705078125,0.318115234375,0.18408203125,0.055938720703125
2593,M_1100_28y0m_1_fluent_348,0.1510009765625,0.1678466796875,0.146484375,0.09027099609375,0.222900390625
2594,M_1100_28y0m_1_fluent_349,0.064208984375,0.2022705078125,0.2880859375,0.18798828125,0.0831298828125
2595,M_1100_28y0m_1_fluent_350,0.058349609375,0.1982421875,0.1947021484375,0.220458984375,0.06890869140625
2596,M_1100_28y0m_1_fluent_351,0.07965087890625,0.1297607421875,0.0869140625,0.10467529296875,0.06854248046875
2597,M_1100_28y0m_1_fluent_352,0.03753662109375,0.1611328125,0.1341552734375,0.08709716796875,0.035736083984375
2598,M_1100_28y0m_1_fluent_353,0.1787109375,0.280517578125,0.33349609375,0.387451171875,0.1175537109375
2599,M_1100_28y0m_1_fluent_354,0.0633544921875,0.169189453125,0.0830078125,0.046539306640625,0.0728759765625
2600,M_1100_28y0m_1_fluent_355,0.075439453125,0.1341552734375,0.04986572265625,0.047698974609375,0.075439453125
2601,M_1100_28y0m_1_fluent_356,0.0823974609375,0.28125,0.034027099609375,0.04510498046875,0.11474609375
2602,M_1100_28y0m_1_fluent_357,0.0830078125,0.12066650390625,0.00844573974609375,0.00948333740234375,0.0255584716796875
2603,M_1100_28y0m_1_fluent_358,0.0794677734375,0.145751953125,0.0775146484375,0.0965576171875,0.0460205078125
2604,M_1100_28y0m_1_fluent_359,0.057281494140625,0.120361328125,0.04400634765625,0.038818359375,0.02215576171875
2605,M_1100_28y0m_1_fluent_360,0.172119140625,0.106689453125,0.10614013671875,0.09332275390625,0.174560546875
2606,M_1100_28y0m_1_fluent_361,0.092041015625,0.139404296875,0.07708740234375,0.049591064453125,0.040985107421875
2607,M_1100_28y0m_1_fluent_362,0.1278076171875,0.1463623046875,0.137451171875,0.08929443359375,0.056640625
2608,M_1100_28y0m_1_fluent_363,0.0850830078125,0.2427978515625,0.1585693359375,0.1153564453125,0.045257568359375
2609,M_1100_28y0m_1_fluent_364,0.03875732421875,0.1866455078125,0.2305908203125,0.1661376953125,0.09136962890625
2610,M_1100_28y0m_1_fluent_365,0.04913330078125,0.178955078125,0.12200927734375,0.07421875,0.032470703125
2611,M_1100_28y0m_1_fluent_366,0.0276336669921875,0.1300048828125,0.06622314453125,0.09088134765625,0.09027099609375
2612,M_1100_28y0m_1_fluent_367,0.0784912109375,0.189208984375,0.0726318359375,0.04986572265625,0.03607177734375
2613,M_1100_28y0m_1_fluent_368,0.061431884765625,0.12420654296875,0.03912353515625,0.03155517578125,0.0618896484375
2614,M_1100_28y0m_1_fluent_369,0.0504150390625,0.08978271484375,0.10357666015625,0.18359375,0.06951904296875
2615,M_1100_28y0m_1_fluent_370,0.0272674560546875,0.2410888671875,0.047088623046875,0.04296875,0.11578369140625
2616,M_1100_28y0m_1_fluent_371,0.26806640625,0.1971435546875,0.193603515625,0.5205078125,0.85693359375
2617,M_1100_28y0m_1_fluent_372,0.106689453125,0.295166015625,0.012725830078125,0.017242431640625,0.079345703125
2618,M_1100_28y0m_1_fluent_373,0.06109619140625,0.184814453125,0.274658203125,0.1436767578125,0.06597900390625
2619,M_1100_28y0m_1_fluent_374,0.1258544921875,0.1346435546875,0.058135986328125,0.06744384765625,0.0469970703125
2620,M_1100_28y0m_1_fluent_375,0.10797119140625,0.12359619140625,0.01554107666015625,0.0163421630859375,0.047332763671875
2621,M_1100_28y0m_1_fluent_376,0.10968017578125,0.12066650390625,0.07666015625,0.034088134765625,0.04168701171875
2622,M_1100_28y0m_1_fluent_377,0.060302734375,0.33349609375,0.1278076171875,0.0618896484375,0.03277587890625
2623,M_1100_28y0m_1_fluent_378,0.1259765625,0.22900390625,0.266357421875,0.2646484375,0.07708740234375
2624,M_1100_28y0m_1_fluent_379,0.06878662109375,0.23876953125,0.2451171875,0.138671875,0.07318115234375
2625,M_1100_28y0m_1_fluent_380,0.033660888671875,0.1851806640625,0.11676025390625,0.14111328125,0.0560302734375
2626,M_1100_28y0m_1_fluent_381,0.09619140625,0.151611328125,0.06964111328125,0.09075927734375,0.06854248046875
2627,M_1100_28y0m_1_fluent_382,0.047149658203125,0.1534423828125,0.1910400390625,0.09136962890625,0.044769287109375
2628,M_1100_28y0m_1_fluent_383,0.191162109375,0.12420654296875,0.1942138671875,0.17431640625,0.11676025390625
2629,M_1100_28y0m_1_fluent_384,0.174560546875,0.1873779296875,0.2440185546875,0.341796875,0.08154296875
2630,M_1100_28y0m_1_fluent_385,0.07586669921875,0.16064453125,0.07366943359375,0.048126220703125,0.0225067138671875
2631,M_1100_28y0m_1_fluent_386,0.1396484375,0.2440185546875,0.339111328125,0.25341796875,0.06231689453125
2632,M_1100_28y0m_1_fluent_387,0.055206298828125,0.1878662109375,0.297607421875,0.1842041015625,0.056243896484375
2633,M_1100_28y0m_1_fluent_388,0.09503173828125,0.252685546875,0.1695556640625,0.1417236328125,0.038604736328125
2634,M_1100_28y0m_1_fluent_389,0.08465576171875,0.1435546875,0.1033935546875,0.04327392578125,0.034942626953125
2635,M_1100_28y0m_1_fluent_390,0.048583984375,0.154296875,0.103759765625,0.0782470703125,0.0782470703125
2636,M_1100_28y0m_1_fluent_391,0.134765625,0.2218017578125,0.2265625,0.235107421875,0.056243896484375
2637,M_1100_28y0m_1_fluent_392,0.0762939453125,0.12213134765625,0.0345458984375,0.09771728515625,0.126220703125
2638,M_1100_28y0m_1_fluent_393,0.04510498046875,0.1256103515625,0.00530242919921875,0.01242828369140625,0.058441162109375
2639,M_1100_28y0m_1_fluent_394,0.06793212890625,0.08740234375,0.040008544921875,0.0306243896484375,0.0263519287109375
2640,M_1100_28y0m_1_fluent_395,0.09844970703125,0.2108154296875,0.32080078125,0.2108154296875,0.08990478515625
2641,M_1100_28y0m_1_fluent_396,0.04217529296875,0.1802978515625,0.0225830078125,0.045196533203125,0.0792236328125
2642,M_1100_28y0m_1_fluent_397,0.051544189453125,0.132568359375,0.1611328125,0.0850830078125,0.042327880859375
2643,M_1100_28y0m_1_fluent_398,0.05633544921875,0.125244140625,0.0701904296875,0.028106689453125,0.0252685546875
2644,M_1100_28y0m_1_fluent_399,0.054290771484375,0.196044921875,0.1885986328125,0.24853515625,0.09808349609375
2645,M_1100_28y0m_1_fluent_400,0.03515625,0.1365966796875,0.0239105224609375,0.034698486328125,0.056243896484375
2646,M_1100_28y0m_1_fluent_401,0.05059814453125,0.294921875,0.10052490234375,0.08447265625,0.102294921875
2647,M_1100_28y0m_1_fluent_402,0.07330322265625,0.1697998046875,0.091552734375,0.10577392578125,0.07342529296875
2648,M_1100_28y0m_1_fluent_403,0.090087890625,0.42138671875,0.1624755859375,0.09686279296875,0.061981201171875
2649,M_1100_28y0m_1_fluent_404,0.06744384765625,0.11676025390625,0.0880126953125,0.10247802734375,0.035552978515625
2650,M_1100_28y0m_1_fluent_405,0.1553955078125,0.1993408203125,0.2044677734375,0.072509765625,0.042022705078125
2651,M_1100_28y0m_1_fluent_406,0.0333251953125,0.1361083984375,0.04840087890625,0.0699462890625,0.037200927734375
2652,M_1100_28y0m_1_fluent_407,0.080078125,0.2366943359375,0.03424072265625,0.033843994140625,0.41650390625
2653,M_1100_28y0m_1_fluent_408,0.1273193359375,0.1749267578125,0.182861328125,0.175537109375,0.05291748046875
2654,M_1100_28y0m_1_fluent_409,0.1055908203125,0.148193359375,0.264404296875,0.11279296875,0.1280517578125
2655,M_1100_28y0m_1_fluent_410,0.059967041015625,0.1658935546875,0.10125732421875,0.09893798828125,0.049957275390625
2656,M_1100_28y0m_1_fluent_411,0.0728759765625,0.085693359375,0.061431884765625,0.0489501953125,0.038177490234375
2657,M_1100_28y0m_1_fluent_412,0.042633056640625,0.223876953125,0.107421875,0.06878662109375,0.0247955322265625
2658,M_1100_28y0m_1_fluent_413,0.050506591796875,0.126953125,0.132568359375,0.0496826171875,0.0352783203125
2659,M_1100_28y0m_1_fluent_414,0.055206298828125,0.157958984375,0.0743408203125,0.051666259765625,0.05877685546875
2660,M_1100_28y0m_1_fluent_415,0.06817626953125,0.1689453125,0.0948486328125,0.158447265625,0.0701904296875
2661,M_1100_28y0m_1_fluent_416,0.09173583984375,0.2398681640625,0.202880859375,0.2110595703125,0.14697265625
2662,M_1100_28y0m_1_fluent_417,0.05108642578125,0.1510009765625,0.178955078125,0.08343505859375,0.050048828125
2663,M_1100_28y0m_1_fluent_418,0.047882080078125,0.1572265625,0.11419677734375,0.259033203125,0.11279296875
2664,M_1100_28y0m_1_fluent_419,0.06097412109375,0.2462158203125,0.06768798828125,0.06658935546875,0.03314208984375
2665,M_1100_28y0m_1_fluent_420,0.25537109375,0.1590576171875,0.0258026123046875,0.01337432861328125,0.045196533203125
2666,M_1101_35y0m_1_dysfluent_000,0.2337646484375,0.165771484375,0.1939697265625,0.301513671875,0.400390625
2667,M_1101_35y0m_1_dysfluent_001,0.342529296875,0.307861328125,0.22265625,0.08447265625,0.09637451171875
2668,M_1101_35y0m_1_dysfluent_002,0.12359619140625,0.1856689453125,0.029815673828125,0.02508544921875,0.10540771484375
2669,M_1101_35y0m_1_dysfluent_003,0.177001953125,0.2020263671875,0.027587890625,0.0218658447265625,0.042388916015625
2670,M_1101_35y0m_1_dysfluent_004,0.51904296875,0.217529296875,0.143310546875,0.039276123046875,0.1201171875
2671,M_1101_35y0m_1_dysfluent_005,0.3408203125,0.17919921875,0.17333984375,0.0333251953125,0.05706787109375
2672,M_1101_35y0m_1_dysfluent_006,0.295166015625,0.158935546875,0.056121826171875,0.0240936279296875,0.093505859375
2673,M_1101_35y0m_1_dysfluent_007,0.33203125,0.24853515625,0.1397705078125,0.022674560546875,0.091552734375
2674,M_1101_35y0m_1_dysfluent_008,0.33935546875,0.280029296875,0.276611328125,0.036163330078125,0.0704345703125
2675,M_1101_35y0m_1_dysfluent_009,0.043365478515625,0.2294921875,0.2548828125,0.1163330078125,0.1343994140625
2676,M_1101_35y0m_1_dysfluent_010,0.043365478515625,0.2294921875,0.2548828125,0.1163330078125,0.1343994140625
2677,M_1101_35y0m_1_dysfluent_011,0.282470703125,0.28125,0.306640625,0.10614013671875,0.06695556640625
2678,M_1101_35y0m_1_dysfluent_012,0.2183837890625,0.2186279296875,0.2073974609375,0.08270263671875,0.050994873046875
2679,M_1101_35y0m_1_dysfluent_013,0.58837890625,0.18798828125,0.04742431640625,0.043701171875,0.67333984375
2680,M_1101_35y0m_1_dysfluent_014,0.1749267578125,0.1513671875,0.0953369140625,0.048675537109375,0.276611328125
2681,M_1101_35y0m_1_dysfluent_015,0.3271484375,0.1527099609375,0.10302734375,0.06524658203125,0.82568359375
2682,M_1101_35y0m_1_dysfluent_016,0.287109375,0.172607421875,0.1280517578125,0.08209228515625,0.8232421875
2683,M_1101_35y0m_1_dysfluent_017,0.2095947265625,0.18896484375,0.285400390625,0.047882080078125,0.06707763671875
2684,M_1101_35y0m_1_dysfluent_018,0.28564453125,0.16015625,0.0631103515625,0.0189361572265625,0.0743408203125
2685,M_1101_35y0m_1_dysfluent_019,0.36181640625,0.09136962890625,0.029754638671875,0.0220794677734375,0.12335205078125
2686,M_1101_35y0m_1_dysfluent_020,0.37060546875,0.2359619140625,0.19287109375,0.049224853515625,0.342041015625
2687,M_1101_35y0m_1_dysfluent_021,0.1007080078125,0.177490234375,0.0521240234375,0.019989013671875,0.0970458984375
2688,M_1101_35y0m_1_dysfluent_022,0.1634521484375,0.2322998046875,0.2027587890625,0.036712646484375,0.2115478515625
2689,M_1101_35y0m_1_dysfluent_023,0.07666015625,0.1512451171875,0.1014404296875,0.033782958984375,0.04559326171875
2690,M_1101_35y0m_1_dysfluent_024,0.07208251953125,0.157470703125,0.197265625,0.12744140625,0.047882080078125
2691,M_1101_35y0m_1_dysfluent_025,0.10107421875,0.143310546875,0.05389404296875,0.017303466796875,0.1328125
2692,M_1101_35y0m_1_dysfluent_026,0.1905517578125,0.2119140625,0.020294189453125,0.02484130859375,0.265380859375
2693,M_1101_35y0m_1_dysfluent_027,0.200927734375,0.469970703125,0.65625,0.1773681640625,0.1668701171875
2694,M_1101_35y0m_1_dysfluent_028,0.18603515625,0.356201171875,0.65966796875,0.339599609375,0.2459716796875
2695,M_1101_35y0m_1_dysfluent_029,0.1544189453125,0.360595703125,0.53125,0.2119140625,0.13232421875
2696,M_1101_35y0m_1_dysfluent_030,0.10357666015625,0.286865234375,0.33447265625,0.1351318359375,0.24365234375
2697,M_1101_35y0m_1_dysfluent_031,0.093505859375,0.060211181640625,0.0247955322265625,0.0313720703125,0.039337158203125
2698,M_1101_35y0m_1_dysfluent_032,0.07318115234375,0.228515625,0.08050537109375,0.0223236083984375,0.0240020751953125
2699,M_1101_35y0m_1_dysfluent_033,0.1358642578125,0.1458740234375,0.12432861328125,0.017578125,0.0299835205078125
2700,M_1101_35y0m_1_dysfluent_034,0.285888671875,0.18994140625,0.1055908203125,0.015777587890625,0.060760498046875
2701,M_1101_35y0m_1_dysfluent_035,0.09320068359375,0.1773681640625,0.09283447265625,0.0190582275390625,0.0253753662109375
2702,M_1101_35y0m_1_dysfluent_036,0.2303466796875,0.1895751953125,0.04296875,0.02447509765625,0.03228759765625
2703,M_1101_35y0m_1_dysfluent_037,0.242919921875,0.256591796875,0.1693115234375,0.043609619140625,0.04638671875
2704,M_1101_35y0m_1_dysfluent_038,0.2220458984375,0.336669921875,0.364013671875,0.056121826171875,0.070556640625
2705,M_1101_35y0m_1_dysfluent_039,0.444091796875,0.28466796875,0.32177734375,0.046295166015625,0.07421875
2706,M_1101_35y0m_1_dysfluent_040,0.45068359375,0.24658203125,0.2342529296875,0.029144287109375,0.097900390625
2707,M_1101_35y0m_1_dysfluent_041,0.1505126953125,0.16650390625,0.34130859375,0.097412109375,0.216064453125
2708,M_1101_35y0m_1_dysfluent_042,0.130615234375,0.1390380859375,0.11920166015625,0.12213134765625,0.39404296875
2709,M_1101_35y0m_1_dysfluent_043,0.744140625,0.39306640625,0.28466796875,0.054901123046875,0.218505859375
2710,M_1101_35y0m_1_dysfluent_044,0.419677734375,0.1492919921875,0.0217742919921875,0.0287017822265625,0.6123046875
2711,M_1101_35y0m_1_dysfluent_045,0.265380859375,0.1597900390625,0.0237274169921875,0.040618896484375,0.74072265625
2712,M_1101_35y0m_1_dysfluent_046,0.268310546875,0.1685791015625,0.0413818359375,0.06561279296875,0.865234375
2713,M_1101_35y0m_1_dysfluent_047,0.325927734375,0.1876220703125,0.140380859375,0.1669921875,0.8447265625
2714,M_1101_35y0m_1_dysfluent_048,0.424072265625,0.2900390625,0.4814453125,0.147705078125,0.2191162109375
2715,M_1101_35y0m_1_dysfluent_049,0.51708984375,0.377197265625,0.57080078125,0.10577392578125,0.2216796875
2716,M_1101_35y0m_1_dysfluent_050,0.38134765625,0.34228515625,0.32470703125,0.044586181640625,0.27783203125
2717,M_1101_35y0m_1_dysfluent_051,0.38134765625,0.34228515625,0.32470703125,0.044586181640625,0.27783203125
2718,M_1101_35y0m_1_dysfluent_052,0.2000732421875,0.150390625,0.081787109375,0.024139404296875,0.378173828125
2719,M_1101_35y0m_1_dysfluent_053,0.19775390625,0.118408203125,0.047607421875,0.019378662109375,0.1695556640625
2720,M_1101_35y0m_1_dysfluent_054,0.271728515625,0.1744384765625,0.07147216796875,0.01090240478515625,0.05450439453125
2721,M_1101_35y0m_1_dysfluent_055,0.3125,0.2333984375,0.0802001953125,0.0139007568359375,0.146240234375
2722,M_1101_35y0m_1_dysfluent_056,0.1629638671875,0.1490478515625,0.0216522216796875,0.0120086669921875,0.2587890625
2723,M_1101_35y0m_1_dysfluent_057,0.38232421875,0.1378173828125,0.036834716796875,0.0210113525390625,0.473876953125
2724,M_1101_35y0m_1_dysfluent_058,0.41357421875,0.10394287109375,0.07781982421875,0.056976318359375,0.662109375
2725,M_1101_35y0m_1_dysfluent_059,0.177001953125,0.1351318359375,0.059112548828125,0.05792236328125,0.1033935546875
2726,M_1101_35y0m_1_dysfluent_060,0.159423828125,0.115966796875,0.09771728515625,0.06878662109375,0.1619873046875
2727,M_1101_35y0m_1_dysfluent_061,0.2406005859375,0.130859375,0.1300048828125,0.06396484375,0.14794921875
2728,M_1101_35y0m_1_dysfluent_062,0.2235107421875,0.10858154296875,0.0638427734375,0.0323486328125,0.21142578125
2729,M_1101_35y0m_1_dysfluent_063,0.3798828125,0.1055908203125,0.05792236328125,0.052032470703125,0.1259765625
2730,M_1101_35y0m_1_dysfluent_064,0.1676025390625,0.06243896484375,0.04510498046875,0.042572021484375,0.114990234375
2731,M_1101_35y0m_1_dysfluent_065,0.188232421875,0.10894775390625,0.042572021484375,0.0112457275390625,0.06427001953125
2732,M_1101_35y0m_1_dysfluent_066,0.341796875,0.106689453125,0.0455322265625,0.017181396484375,0.2115478515625
2733,M_1101_35y0m_1_dysfluent_067,0.1656494140625,0.0872802734375,0.10931396484375,0.06890869140625,0.265625
2734,M_1101_35y0m_1_dysfluent_068,0.1893310546875,0.1578369140625,0.11553955078125,0.034027099609375,0.052825927734375
2735,M_1101_35y0m_1_dysfluent_069,0.294189453125,0.10467529296875,0.036163330078125,0.01332855224609375,0.1361083984375
2736,M_1101_35y0m_1_dysfluent_070,0.3564453125,0.092529296875,0.027740478515625,0.0184783935546875,0.17333984375
2737,M_1101_35y0m_1_dysfluent_071,0.447021484375,0.1353759765625,0.0723876953125,0.04486083984375,0.7548828125
2738,M_1101_35y0m_1_dysfluent_072,0.4501953125,0.2218017578125,0.1431884765625,0.07684326171875,0.74755859375
2739,M_1101_35y0m_1_dysfluent_073,0.3193359375,0.12200927734375,0.158935546875,0.1214599609375,0.65087890625
2740,M_1101_35y0m_1_dysfluent_074,0.1236572265625,0.11376953125,0.10107421875,0.092041015625,0.0706787109375
2741,M_1101_35y0m_1_dysfluent_075,0.11065673828125,0.19091796875,0.334228515625,0.12261962890625,0.055938720703125
2742,M_1101_35y0m_1_dysfluent_076,0.07806396484375,0.200439453125,0.046295166015625,0.021331787109375,0.039794921875
2743,M_1101_35y0m_1_dysfluent_077,0.09552001953125,0.3525390625,0.12139892578125,0.0280609130859375,0.085693359375
2744,M_1101_35y0m_1_dysfluent_078,0.1488037109375,0.424072265625,0.173583984375,0.037322998046875,0.0880126953125
2745,M_1101_35y0m_1_dysfluent_079,0.26953125,0.2139892578125,0.09039306640625,0.059417724609375,0.149658203125
2746,M_1101_35y0m_1_dysfluent_080,0.1551513671875,0.2454833984375,0.085693359375,0.020294189453125,0.24560546875
2747,M_1101_35y0m_1_dysfluent_081,0.1895751953125,0.168701171875,0.081787109375,0.0141754150390625,0.1187744140625
2748,M_1101_35y0m_1_dysfluent_082,0.1895751953125,0.168701171875,0.081787109375,0.0141754150390625,0.1187744140625
2749,M_1101_35y0m_1_dysfluent_083,0.3505859375,0.162109375,0.07586669921875,0.050506591796875,0.2646484375
2750,M_1101_35y0m_1_dysfluent_084,0.414794921875,0.09515380859375,0.03436279296875,0.01934814453125,0.294189453125
2751,M_1101_35y0m_1_dysfluent_085,0.2381591796875,0.2012939453125,0.232666015625,0.033660888671875,0.07989501953125
2752,M_1101_35y0m_1_dysfluent_086,0.22607421875,0.127685546875,0.161376953125,0.1019287109375,0.1622314453125
2753,M_1101_35y0m_1_dysfluent_087,0.295654296875,0.1934814453125,0.358154296875,0.1815185546875,0.196044921875
2754,M_1101_35y0m_1_dysfluent_088,0.292724609375,0.163818359375,0.086181640625,0.059539794921875,0.08660888671875
2755,M_1101_35y0m_1_dysfluent_089,0.4443359375,0.1884765625,0.174560546875,0.1510009765625,0.1287841796875
2756,M_1101_35y0m_1_dysfluent_090,0.5341796875,0.2171630859375,0.248291015625,0.13916015625,0.126220703125
2757,M_1101_35y0m_1_dysfluent_091,0.49853515625,0.242919921875,0.158447265625,0.03216552734375,0.0794677734375
2758,M_1101_35y0m_1_dysfluent_092,0.378662109375,0.345703125,0.1822509765625,0.0237274169921875,0.1019287109375
2759,M_1101_35y0m_1_dysfluent_093,0.437255859375,0.1912841796875,0.110107421875,0.0240020751953125,0.230224609375
2760,M_1101_35y0m_1_dysfluent_094,0.43408203125,0.305419921875,0.193359375,0.0235595703125,0.182861328125
2761,M_1101_35y0m_1_dysfluent_095,0.732421875,0.2939453125,0.2108154296875,0.06658935546875,0.341796875
2762,M_1101_35y0m_1_dysfluent_096,0.77880859375,0.338134765625,0.2042236328125,0.08526611328125,0.307861328125
2763,M_1101_35y0m_1_dysfluent_097,0.0740966796875,0.11029052734375,0.0271148681640625,0.017852783203125,0.037689208984375
2764,M_1101_35y0m_1_dysfluent_098,0.27294921875,0.1837158203125,0.12042236328125,0.055206298828125,0.1871337890625
2765,M_1101_35y0m_1_dysfluent_099,0.24853515625,0.17431640625,0.10284423828125,0.045440673828125,0.1649169921875
2766,M_1101_35y0m_1_dysfluent_100,0.241455078125,0.16357421875,0.09320068359375,0.052032470703125,0.1561279296875
2767,M_1101_35y0m_1_dysfluent_101,0.18310546875,0.1378173828125,0.01302337646484375,0.010528564453125,0.1781005859375
2768,M_1101_35y0m_1_dysfluent_102,0.09552001953125,0.184814453125,0.2215576171875,0.05059814453125,0.3349609375
2769,M_1101_35y0m_1_dysfluent_103,0.11163330078125,0.3701171875,0.479736328125,0.1414794921875,0.07806396484375
2770,M_1101_35y0m_1_dysfluent_104,0.116943359375,0.234619140625,0.248046875,0.1171875,0.06964111328125
2771,M_1101_35y0m_1_dysfluent_105,0.268310546875,0.478271484375,0.310546875,0.03704833984375,0.105224609375
2772,M_1101_35y0m_1_dysfluent_106,0.12646484375,0.325927734375,0.1895751953125,0.0416259765625,0.1287841796875
2773,M_1101_35y0m_1_dysfluent_107,0.36279296875,0.255615234375,0.09637451171875,0.03460693359375,0.07476806640625
2774,M_1101_35y0m_1_dysfluent_108,0.434814453125,0.406982421875,0.3486328125,0.05560302734375,0.1893310546875
2775,M_1101_35y0m_1_dysfluent_109,0.434814453125,0.406982421875,0.3486328125,0.05560302734375,0.1893310546875
2776,M_1101_35y0m_1_dysfluent_110,0.37548828125,0.268798828125,0.2108154296875,0.035064697265625,0.2127685546875
2777,M_1101_35y0m_1_dysfluent_111,0.52392578125,0.369140625,0.272705078125,0.03533935546875,0.17578125
2778,M_1101_35y0m_1_dysfluent_112,0.1868896484375,0.1666259765625,0.146484375,0.183349609375,0.7294921875
2779,M_1101_35y0m_1_dysfluent_113,0.1868896484375,0.1666259765625,0.146484375,0.183349609375,0.7294921875
2780,M_1101_35y0m_1_dysfluent_114,0.1063232421875,0.110107421875,0.0265045166015625,0.0139007568359375,0.051544189453125
2781,M_1101_35y0m_1_dysfluent_115,0.1063232421875,0.110107421875,0.0265045166015625,0.0139007568359375,0.051544189453125
2782,M_1101_35y0m_1_dysfluent_116,0.33154296875,0.364501953125,0.388671875,0.05877685546875,0.24853515625
2783,M_1101_35y0m_1_dysfluent_117,0.155517578125,0.11419677734375,0.11676025390625,0.03839111328125,0.08123779296875
2784,M_1101_35y0m_1_dysfluent_118,0.1014404296875,0.1336669921875,0.045196533203125,0.0239105224609375,0.25146484375
2785,M_1101_35y0m_1_dysfluent_119,0.18505859375,0.15966796875,0.085693359375,0.017242431640625,0.11376953125
2786,M_1101_35y0m_1_dysfluent_120,0.2059326171875,0.1334228515625,0.10089111328125,0.03204345703125,0.055206298828125
2787,M_1101_35y0m_1_dysfluent_121,0.4521484375,0.3505859375,0.2490234375,0.041229248046875,0.2418212890625
2788,M_1101_35y0m_1_dysfluent_122,0.2432861328125,0.318603515625,0.26123046875,0.02606201171875,0.1600341796875
2789,M_1101_35y0m_1_dysfluent_123,0.2271728515625,0.22802734375,0.12841796875,0.023651123046875,0.158935546875
2790,M_1101_35y0m_1_dysfluent_124,0.38525390625,0.383056640625,0.165283203125,0.0224151611328125,0.042877197265625
2791,M_1101_35y0m_1_dysfluent_125,0.38525390625,0.383056640625,0.1650390625,0.022369384765625,0.042877197265625
2792,M_1101_35y0m_1_dysfluent_126,0.4189453125,0.1494140625,0.043121337890625,0.0169830322265625,0.1265869140625
2793,M_1101_35y0m_1_dysfluent_127,0.42919921875,0.184814453125,0.11358642578125,0.0236968994140625,0.1019287109375
2794,M_1101_35y0m_1_dysfluent_128,0.418212890625,0.2078857421875,0.2919921875,0.087890625,0.0953369140625
2795,M_1101_35y0m_1_dysfluent_129,0.344482421875,0.2432861328125,0.2216796875,0.0633544921875,0.0753173828125
2796,M_1101_35y0m_1_dysfluent_130,0.26513671875,0.2032470703125,0.2880859375,0.135986328125,0.2027587890625
2797,M_1101_35y0m_1_dysfluent_131,0.24169921875,0.1494140625,0.13916015625,0.0253753662109375,0.127197265625
2798,M_1101_35y0m_1_dysfluent_132,0.131591796875,0.091552734375,0.06781005859375,0.027587890625,0.06500244140625
2799,M_1101_35y0m_1_dysfluent_133,0.47216796875,0.30712890625,0.37353515625,0.055816650390625,0.18115234375
2800,M_1101_35y0m_1_dysfluent_134,0.297119140625,0.25927734375,0.343017578125,0.05645751953125,0.2333984375
2801,M_1101_35y0m_1_dysfluent_135,0.5576171875,0.30712890625,0.196533203125,0.0302734375,0.08447265625
2802,M_1101_35y0m_1_dysfluent_136,0.435546875,0.325439453125,0.2230224609375,0.047332763671875,0.376708984375
2803,M_1101_35y0m_1_dysfluent_137,0.34814453125,0.1258544921875,0.1368408203125,0.08660888671875,0.5693359375
2804,M_1101_35y0m_1_dysfluent_138,0.70556640625,0.420654296875,0.1826171875,0.031982421875,0.28662109375
2805,M_1101_35y0m_1_dysfluent_139,0.75146484375,0.373046875,0.218505859375,0.038604736328125,0.16357421875
2806,M_1101_35y0m_1_dysfluent_140,0.39111328125,0.409912109375,0.1240234375,0.0252227783203125,0.051666259765625
2807,M_1101_35y0m_1_dysfluent_141,0.300537109375,0.446533203125,0.2337646484375,0.04327392578125,0.1497802734375
2808,M_1101_35y0m_1_dysfluent_142,0.533203125,0.4716796875,0.381103515625,0.058349609375,0.26953125
2809,M_1101_35y0m_1_dysfluent_143,0.5380859375,0.34375,0.2269287109375,0.039642333984375,0.1368408203125
2810,M_1101_35y0m_1_dysfluent_144,0.1922607421875,0.1685791015625,0.1802978515625,0.041473388671875,0.046295166015625
2811,M_1101_35y0m_1_dysfluent_145,0.09912109375,0.10174560546875,0.037384033203125,0.0236968994140625,0.058013916015625
2812,M_1101_35y0m_1_dysfluent_146,0.05706787109375,0.1114501953125,0.126953125,0.0472412109375,0.072265625
2813,M_1101_35y0m_1_dysfluent_147,0.171875,0.2130126953125,0.2401123046875,0.048675537109375,0.07586669921875
2814,M_1101_35y0m_1_dysfluent_148,0.05511474609375,0.12042236328125,0.0439453125,0.0831298828125,0.1351318359375
2815,M_1101_35y0m_1_dysfluent_149,0.0823974609375,0.091552734375,0.06719970703125,0.08135986328125,0.1497802734375
2816,M_1101_35y0m_1_dysfluent_150,0.4541015625,0.416748046875,0.4384765625,0.06744384765625,0.1845703125
2817,M_1101_35y0m_1_dysfluent_151,0.5390625,0.2783203125,0.40234375,0.07275390625,0.254638671875
2818,M_1101_35y0m_1_dysfluent_152,0.5244140625,0.216064453125,0.1798095703125,0.034698486328125,0.2734375
2819,M_1101_35y0m_1_dysfluent_153,0.259765625,0.202392578125,0.192138671875,0.09912109375,0.1865234375
2820,M_1101_35y0m_1_dysfluent_154,0.226806640625,0.3232421875,0.483642578125,0.1336669921875,0.2109375
2821,M_1101_35y0m_1_dysfluent_155,0.055938720703125,0.2197265625,0.2037353515625,0.053314208984375,0.070068359375
2822,M_1101_35y0m_1_dysfluent_156,0.3388671875,0.1966552734375,0.06488037109375,0.046630859375,0.1981201171875
2823,M_1101_35y0m_1_dysfluent_157,0.06427001953125,0.0999755859375,0.078369140625,0.09234619140625,0.0869140625
2824,M_1101_35y0m_1_dysfluent_158,0.09332275390625,0.15087890625,0.116943359375,0.14013671875,0.10595703125
2825,M_1101_35y0m_1_dysfluent_159,0.62451171875,0.258056640625,0.09283447265625,0.0318603515625,0.05511474609375
2826,M_1101_35y0m_1_dysfluent_160,0.341796875,0.1358642578125,0.056854248046875,0.021209716796875,0.04302978515625
2827,M_1101_35y0m_1_dysfluent_161,0.3427734375,0.1357421875,0.0567626953125,0.0211639404296875,0.04302978515625
2828,M_1101_35y0m_1_dysfluent_162,0.10089111328125,0.114990234375,0.1689453125,0.10052490234375,0.36767578125
2829,M_1101_35y0m_1_dysfluent_163,0.2183837890625,0.103759765625,0.0207977294921875,0.0247039794921875,0.1702880859375
2830,M_1101_35y0m_1_dysfluent_164,0.1912841796875,0.08740234375,0.03662109375,0.072265625,0.2198486328125
2831,M_1101_35y0m_1_dysfluent_165,0.060638427734375,0.089111328125,0.051361083984375,0.0802001953125,0.262939453125
2832,M_1101_35y0m_1_dysfluent_166,0.060638427734375,0.089111328125,0.051361083984375,0.0802001953125,0.262939453125
2833,M_1101_35y0m_1_dysfluent_167,0.05865478515625,0.28662109375,0.49609375,0.129150390625,0.2149658203125
2834,M_1101_35y0m_1_dysfluent_168,0.06793212890625,0.198974609375,0.04132080078125,0.0244293212890625,0.206787109375
2835,M_1101_35y0m_1_dysfluent_169,0.2181396484375,0.292724609375,0.07879638671875,0.021209716796875,0.13330078125
2836,M_1101_35y0m_1_dysfluent_170,0.1749267578125,0.08447265625,0.07330322265625,0.07666015625,0.478759765625
2837,M_1101_35y0m_1_dysfluent_171,0.41796875,0.27490234375,0.177001953125,0.037109375,0.267333984375
2838,M_1101_35y0m_1_dysfluent_172,0.357177734375,0.35546875,0.2086181640625,0.024749755859375,0.153564453125
2839,M_1101_35y0m_1_dysfluent_173,0.247314453125,0.3486328125,0.132568359375,0.0231475830078125,0.10968017578125
2840,M_1101_35y0m_1_dysfluent_174,0.184814453125,0.27783203125,0.158935546875,0.0153045654296875,0.06304931640625
2841,M_1101_35y0m_1_dysfluent_175,0.174560546875,0.11163330078125,0.1104736328125,0.0765380859375,0.1697998046875
2842,M_1101_35y0m_1_dysfluent_176,0.10211181640625,0.120361328125,0.09222412109375,0.052825927734375,0.1658935546875
2843,M_1101_35y0m_1_dysfluent_177,0.0411376953125,0.1444091796875,0.135009765625,0.0830078125,0.130126953125
2844,M_1101_35y0m_1_dysfluent_178,0.28564453125,0.140869140625,0.072265625,0.035491943359375,0.26416015625
2845,M_1101_35y0m_1_dysfluent_179,0.328125,0.09417724609375,0.078369140625,0.08270263671875,0.80908203125
2846,M_1101_35y0m_1_dysfluent_180,0.26220703125,0.1650390625,0.2237548828125,0.12493896484375,0.78857421875
2847,M_1101_35y0m_1_dysfluent_181,0.1683349609375,0.1871337890625,0.263671875,0.06866455078125,0.263427734375
2848,M_1101_35y0m_1_dysfluent_182,0.197021484375,0.4013671875,0.43408203125,0.06756591796875,0.08343505859375
2849,M_1101_35y0m_1_dysfluent_183,0.1898193359375,0.2099609375,0.1949462890625,0.04351806640625,0.055816650390625
2850,M_1101_35y0m_1_dysfluent_184,0.1619873046875,0.286865234375,0.15185546875,0.0258636474609375,0.0352783203125
2851,M_1101_35y0m_1_dysfluent_185,0.31689453125,0.162353515625,0.0948486328125,0.10015869140625,0.7685546875
2852,M_1101_35y0m_1_dysfluent_186,0.0970458984375,0.3076171875,0.2469482421875,0.07489013671875,0.06707763671875
2853,M_1101_35y0m_1_dysfluent_187,0.260009765625,0.25146484375,0.2171630859375,0.1278076171875,0.212890625
2854,M_1101_35y0m_1_dysfluent_188,0.09417724609375,0.11920166015625,0.0775146484375,0.157958984375,0.1934814453125
2855,M_1101_35y0m_1_dysfluent_189,0.12744140625,0.18212890625,0.1251220703125,0.1668701171875,0.8876953125
2856,M_1101_35y0m_1_dysfluent_190,0.1500244140625,0.198486328125,0.17919921875,0.25341796875,0.880859375
2857,M_1101_35y0m_1_dysfluent_191,0.1634521484375,0.1163330078125,0.05633544921875,0.1177978515625,0.857421875
2858,M_1101_35y0m_1_dysfluent_192,0.0762939453125,0.1549072265625,0.09136962890625,0.04742431640625,0.430908203125
2859,M_1101_35y0m_1_dysfluent_193,0.056640625,0.1396484375,0.1265869140625,0.055419921875,0.2022705078125
2860,M_1101_35y0m_1_fluent_000,0.06622314453125,0.2386474609375,0.31689453125,0.174560546875,0.12054443359375
2861,M_1101_35y0m_1_fluent_001,0.040008544921875,0.26220703125,0.20703125,0.0830078125,0.053802490234375
2862,M_1101_35y0m_1_fluent_002,0.15673828125,0.1351318359375,0.0836181640625,0.021087646484375,0.030914306640625
2863,M_1101_35y0m_1_fluent_003,0.0616455078125,0.1134033203125,0.07904052734375,0.05224609375,0.1402587890625
2864,M_1101_35y0m_1_fluent_004,0.141357421875,0.146484375,0.281982421875,0.2005615234375,0.06610107421875
2865,M_1101_35y0m_1_fluent_005,0.1837158203125,0.11102294921875,0.042633056640625,0.07501220703125,0.38916015625
2866,M_1101_35y0m_1_fluent_006,0.07159423828125,0.095703125,0.0322265625,0.0199432373046875,0.04046630859375
2867,M_1101_35y0m_1_fluent_007,0.182861328125,0.092529296875,0.03875732421875,0.05718994140625,0.5068359375
2868,M_1101_35y0m_1_fluent_008,0.05108642578125,0.2138671875,0.261474609375,0.1546630859375,0.07196044921875
2869,M_1101_35y0m_1_fluent_009,0.0765380859375,0.339599609375,0.311767578125,0.09466552734375,0.0640869140625
2870,M_1101_35y0m_1_fluent_010,0.04949951171875,0.2398681640625,0.25537109375,0.10797119140625,0.08197021484375
2871,M_1101_35y0m_1_fluent_011,0.2152099609375,0.16357421875,0.0755615234375,0.01262664794921875,0.054595947265625
2872,M_1101_35y0m_1_fluent_012,0.281005859375,0.11065673828125,0.082275390625,0.036224365234375,0.2802734375
2873,M_1101_35y0m_1_fluent_013,0.2509765625,0.1395263671875,0.07891845703125,0.0411376953125,0.044342041015625
2874,M_1101_35y0m_1_fluent_014,0.1573486328125,0.1717529296875,0.2144775390625,0.0369873046875,0.06231689453125
2875,M_1101_35y0m_1_fluent_015,0.1812744140625,0.11297607421875,0.0592041015625,0.1229248046875,0.3369140625
2876,M_1101_35y0m_1_fluent_016,0.043701171875,0.1033935546875,0.02630615234375,0.03021240234375,0.0704345703125
2877,M_1101_35y0m_1_fluent_017,0.07330322265625,0.2578125,0.41015625,0.1834716796875,0.107421875
2878,M_1101_35y0m_1_fluent_018,0.06890869140625,0.316162109375,0.32080078125,0.08404541015625,0.07318115234375
2879,M_1101_35y0m_1_fluent_019,0.2529296875,0.07684326171875,0.023956298828125,0.038116455078125,0.4169921875
2880,M_1101_35y0m_1_fluent_020,0.22900390625,0.1668701171875,0.09771728515625,0.1121826171875,0.091064453125
2881,M_1101_35y0m_1_fluent_021,0.10107421875,0.1104736328125,0.17529296875,0.0635986328125,0.1883544921875
2882,M_1101_35y0m_1_fluent_022,0.05108642578125,0.163818359375,0.2410888671875,0.204345703125,0.059326171875
2883,M_1101_35y0m_1_fluent_023,0.07421875,0.1915283203125,0.11859130859375,0.0374755859375,0.08135986328125
2884,M_1101_35y0m_1_fluent_024,0.07586669921875,0.1163330078125,0.079345703125,0.1458740234375,0.059326171875
2885,M_1101_35y0m_1_fluent_025,0.08135986328125,0.100341796875,0.1258544921875,0.09417724609375,0.1015625
2886,M_1101_35y0m_1_fluent_026,0.06573486328125,0.26806640625,0.33544921875,0.1685791015625,0.07464599609375
2887,M_1101_35y0m_1_fluent_027,0.141357421875,0.406982421875,0.30126953125,0.06866455078125,0.07196044921875
2888,M_1101_35y0m_1_fluent_028,0.15869140625,0.156982421875,0.0982666015625,0.03192138671875,0.033538818359375
2889,M_1101_35y0m_1_fluent_029,0.1026611328125,0.11578369140625,0.10125732421875,0.12347412109375,0.1683349609375
2890,M_1101_35y0m_1_fluent_030,0.04620361328125,0.17138671875,0.1959228515625,0.161376953125,0.052703857421875
2891,M_1101_35y0m_1_fluent_031,0.047943115234375,0.1446533203125,0.1114501953125,0.1771240234375,0.09857177734375
2892,M_1101_35y0m_1_fluent_032,0.09271240234375,0.1240234375,0.049774169921875,0.0233306884765625,0.042633056640625
2893,M_1101_35y0m_1_fluent_033,0.161376953125,0.473388671875,0.356201171875,0.06561279296875,0.0762939453125
2894,M_1101_35y0m_1_fluent_034,0.09124755859375,0.16064453125,0.1260986328125,0.05499267578125,0.038909912109375
2895,M_1101_35y0m_1_fluent_035,0.09771728515625,0.1429443359375,0.1376953125,0.2371826171875,0.10174560546875
2896,M_1101_35y0m_1_fluent_036,0.040679931640625,0.1239013671875,0.10968017578125,0.0704345703125,0.09893798828125
2897,M_1101_35y0m_1_fluent_037,0.057373046875,0.273193359375,0.3251953125,0.08831787109375,0.1348876953125
2898,M_1101_35y0m_1_fluent_038,0.11163330078125,0.322021484375,0.267822265625,0.1610107421875,0.24365234375
2899,M_1101_35y0m_1_fluent_039,0.2386474609375,0.154052734375,0.04803466796875,0.093994140625,0.189697265625
2900,M_1101_35y0m_1_fluent_040,0.060516357421875,0.08416748046875,0.0794677734375,0.07330322265625,0.115966796875
2901,M_1101_35y0m_1_fluent_041,0.055816650390625,0.255615234375,0.308349609375,0.11419677734375,0.06915283203125
2902,M_1101_35y0m_1_fluent_042,0.048675537109375,0.1746826171875,0.224365234375,0.1639404296875,0.06817626953125
2903,M_1101_35y0m_1_fluent_043,0.08123779296875,0.1572265625,0.081787109375,0.033660888671875,0.03985595703125
2904,M_1101_35y0m_1_fluent_044,0.1654052734375,0.12347412109375,0.1781005859375,0.11962890625,0.07421875
2905,M_1101_35y0m_1_fluent_045,0.07196044921875,0.1190185546875,0.138916015625,0.054107666015625,0.05224609375
2906,M_1101_35y0m_1_fluent_046,0.07574462890625,0.228515625,0.387939453125,0.374267578125,0.177978515625
2907,M_1101_35y0m_1_fluent_047,0.041778564453125,0.1063232421875,0.054290771484375,0.05450439453125,0.04779052734375
2908,M_1101_35y0m_1_fluent_048,0.1710205078125,0.217041015625,0.1202392578125,0.09503173828125,0.115966796875
2909,M_1101_35y0m_1_fluent_049,0.048492431640625,0.187255859375,0.17041015625,0.07763671875,0.08062744140625
2910,M_1101_35y0m_1_fluent_050,0.04534912109375,0.164794921875,0.343017578125,0.2646484375,0.116943359375
2911,M_1101_35y0m_1_fluent_051,0.07354736328125,0.1309814453125,0.1337890625,0.10504150390625,0.035736083984375
2912,M_1101_35y0m_1_fluent_052,0.07159423828125,0.12841796875,0.1087646484375,0.1700439453125,0.07489013671875
2913,M_1101_35y0m_1_fluent_053,0.07794189453125,0.181396484375,0.12335205078125,0.11126708984375,0.035400390625
2914,M_1101_35y0m_1_fluent_054,0.1048583984375,0.361083984375,0.4541015625,0.150146484375,0.08123779296875
2915,M_1101_35y0m_1_fluent_055,0.044921875,0.1494140625,0.1318359375,0.09637451171875,0.050323486328125
2916,M_1101_35y0m_1_fluent_056,0.1446533203125,0.1187744140625,0.08416748046875,0.017852783203125,0.1094970703125
2917,M_1101_35y0m_1_fluent_057,0.08477783203125,0.188232421875,0.12066650390625,0.0245208740234375,0.036834716796875
2918,M_1101_35y0m_1_fluent_058,0.03802490234375,0.142333984375,0.11737060546875,0.0546875,0.06927490234375
2919,M_1101_35y0m_1_fluent_059,0.2470703125,0.143310546875,0.06939697265625,0.0189361572265625,0.1334228515625
2920,M_1101_35y0m_1_fluent_060,0.24658203125,0.2490234375,0.2108154296875,0.034881591796875,0.1668701171875
2921,M_1101_35y0m_1_fluent_061,0.07464599609375,0.07159423828125,0.024658203125,0.056243896484375,0.055419921875
2922,M_1101_35y0m_1_fluent_062,0.1630859375,0.1246337890625,0.1571044921875,0.09027099609375,0.046630859375
2923,M_1101_35y0m_1_fluent_063,0.06561279296875,0.19580078125,0.0965576171875,0.0411376953125,0.10394287109375
2924,M_1101_35y0m_1_fluent_064,0.226806640625,0.1365966796875,0.093017578125,0.03839111328125,0.0810546875
2925,M_1101_35y0m_1_fluent_065,0.060760498046875,0.197021484375,0.3310546875,0.165283203125,0.08135986328125
2926,M_1101_35y0m_1_fluent_066,0.059417724609375,0.1396484375,0.28271484375,0.1295166015625,0.08416748046875
2927,M_1101_35y0m_1_fluent_067,0.06475830078125,0.185791015625,0.17236328125,0.1513671875,0.0723876953125
2928,M_1101_35y0m_1_fluent_068,0.06549072265625,0.1314697265625,0.0268096923828125,0.026702880859375,0.058990478515625
2929,M_1101_35y0m_1_fluent_069,0.09075927734375,0.09136962890625,0.09967041015625,0.051544189453125,0.045257568359375
2930,M_1101_35y0m_1_fluent_070,0.03253173828125,0.199462890625,0.1434326171875,0.06475830078125,0.056121826171875
2931,M_1101_35y0m_1_fluent_071,0.097900390625,0.12744140625,0.17822265625,0.11358642578125,0.051849365234375
2932,M_1101_35y0m_1_fluent_072,0.386962890625,0.2021484375,0.1529541015625,0.09027099609375,0.09136962890625
2933,M_1101_35y0m_1_fluent_073,0.06939697265625,0.222900390625,0.3662109375,0.348388671875,0.1279296875
2934,M_1101_35y0m_1_fluent_074,0.232666015625,0.140625,0.09600830078125,0.047332763671875,0.04296875
2935,M_1101_35y0m_1_fluent_075,0.156494140625,0.1556396484375,0.290283203125,0.171875,0.061187744140625
2936,M_1101_35y0m_1_fluent_076,0.03338623046875,0.08526611328125,0.021240234375,0.06512451171875,0.13330078125
2937,M_1101_35y0m_1_fluent_077,0.056121826171875,0.10760498046875,0.12139892578125,0.06683349609375,0.1734619140625
2938,M_1101_35y0m_1_fluent_078,0.04931640625,0.1427001953125,0.1199951171875,0.10577392578125,0.042633056640625
2939,M_1101_35y0m_1_fluent_079,0.1451416015625,0.1668701171875,0.29052734375,0.187255859375,0.056640625
2940,M_1101_35y0m_1_fluent_080,0.05645751953125,0.1807861328125,0.2286376953125,0.33447265625,0.151123046875
2941,M_1101_35y0m_1_fluent_081,0.2064208984375,0.094482421875,0.060638427734375,0.056243896484375,0.38427734375
2942,M_1101_35y0m_1_fluent_082,0.152587890625,0.13134765625,0.1787109375,0.0965576171875,0.0802001953125
2943,M_1101_35y0m_1_fluent_083,0.051544189453125,0.2095947265625,0.216064453125,0.075439453125,0.1683349609375
2944,M_1101_35y0m_1_fluent_084,0.07794189453125,0.281494140625,0.26708984375,0.049774169921875,0.11279296875
2945,M_1103_20y0m_1_dysfluent_000,0.06982421875,0.34375,0.39208984375,0.292236328125,0.385986328125
2946,M_1103_20y0m_1_dysfluent_001,0.06793212890625,0.31982421875,0.50927734375,0.313232421875,0.270263671875
2947,M_1103_20y0m_1_dysfluent_002,0.15283203125,0.2705078125,0.12066650390625,0.1048583984375,0.41845703125
2948,M_1103_20y0m_1_dysfluent_003,0.0987548828125,0.437744140625,0.266357421875,0.267333984375,0.2374267578125
2949,M_1103_20y0m_1_dysfluent_004,0.08990478515625,0.40185546875,0.314697265625,0.29443359375,0.1845703125
2950,M_1103_20y0m_1_dysfluent_005,0.052825927734375,0.258056640625,0.255615234375,0.171875,0.2081298828125
2951,M_1103_20y0m_1_dysfluent_006,0.1275634765625,0.1964111328125,0.08123779296875,0.2098388671875,0.51904296875
2952,M_1103_20y0m_1_dysfluent_007,0.12451171875,0.1822509765625,0.0987548828125,0.39794921875,0.64013671875
2953,M_1103_20y0m_1_dysfluent_008,0.1258544921875,0.126953125,0.05633544921875,0.294921875,0.70556640625
2954,M_1103_20y0m_1_dysfluent_009,0.1544189453125,0.1707763671875,0.11517333984375,0.364501953125,0.41357421875
2955,M_1103_20y0m_1_dysfluent_010,0.06646728515625,0.250732421875,0.30810546875,0.381103515625,0.1558837890625
2956,M_1103_20y0m_1_dysfluent_011,0.033905029296875,0.1954345703125,0.175537109375,0.2298583984375,0.288818359375
2957,M_1103_20y0m_1_dysfluent_012,0.07611083984375,0.2125244140625,0.056640625,0.136962890625,0.44970703125
2958,M_1103_20y0m_1_dysfluent_013,0.22265625,0.19189453125,0.08343505859375,0.22216796875,0.9287109375
2959,M_1103_20y0m_1_dysfluent_014,0.185302734375,0.155517578125,0.10284423828125,0.3310546875,0.91015625
2960,M_1103_20y0m_1_dysfluent_015,0.052825927734375,0.1754150390625,0.2626953125,0.265380859375,0.15966796875
2961,M_1103_20y0m_1_dysfluent_016,0.07208251953125,0.212890625,0.056640625,0.189208984375,0.451416015625
2962,M_1103_20y0m_1_dysfluent_017,0.2447509765625,0.15234375,0.0173797607421875,0.048126220703125,0.41552734375
2963,M_1103_20y0m_1_dysfluent_018,0.042724609375,0.2115478515625,0.11737060546875,0.293212890625,0.2978515625
2964,M_1103_20y0m_1_dysfluent_019,0.0592041015625,0.316650390625,0.2147216796875,0.35693359375,0.45751953125
2965,M_1103_20y0m_1_dysfluent_020,0.09185791015625,0.2188720703125,0.1982421875,0.286376953125,0.69482421875
2966,M_1103_20y0m_1_dysfluent_021,0.11395263671875,0.1790771484375,0.09283447265625,0.218994140625,0.865234375
2967,M_1103_20y0m_1_dysfluent_022,0.08740234375,0.2294921875,0.1597900390625,0.2470703125,0.7626953125
2968,M_1103_20y0m_1_dysfluent_023,0.0738525390625,0.2237548828125,0.15087890625,0.202392578125,0.72314453125
2969,M_1103_20y0m_1_dysfluent_024,0.09368896484375,0.377685546875,0.30126953125,0.188232421875,0.26611328125
2970,M_1103_20y0m_1_dysfluent_025,0.131591796875,0.2032470703125,0.08740234375,0.1942138671875,0.8642578125
2971,M_1103_20y0m_1_dysfluent_026,0.056121826171875,0.263427734375,0.06585693359375,0.1607666015625,0.5673828125
2972,M_1103_20y0m_1_dysfluent_027,0.10284423828125,0.176513671875,0.0276947021484375,0.11376953125,0.802734375
2973,M_1103_20y0m_1_dysfluent_028,0.11181640625,0.17138671875,0.028167724609375,0.131103515625,0.783203125
2974,M_1103_20y0m_1_dysfluent_029,0.1163330078125,0.1448974609375,0.0220794677734375,0.10968017578125,0.82666015625
2975,M_1103_20y0m_1_dysfluent_030,0.432373046875,0.251953125,0.2012939453125,0.455322265625,0.77294921875
2976,M_1103_20y0m_1_dysfluent_031,0.05706787109375,0.15478515625,0.086181640625,0.275146484375,0.5908203125
2977,M_1103_20y0m_1_dysfluent_032,0.03656005859375,0.2225341796875,0.1591796875,0.224609375,0.25537109375
2978,M_1103_20y0m_1_dysfluent_033,0.03271484375,0.14208984375,0.10015869140625,0.1995849609375,0.1392822265625
2979,M_1103_20y0m_1_dysfluent_034,0.046905517578125,0.36328125,0.348876953125,0.1484375,0.1240234375
2980,M_1103_20y0m_1_dysfluent_035,0.143310546875,0.453857421875,0.11676025390625,0.0802001953125,0.267333984375
2981,M_1103_20y0m_1_dysfluent_036,0.06817626953125,0.129150390625,0.053314208984375,0.09088134765625,0.51416015625
2982,M_1103_20y0m_1_dysfluent_037,0.06817626953125,0.1292724609375,0.053314208984375,0.09075927734375,0.51318359375
2983,M_1103_20y0m_1_dysfluent_038,0.1121826171875,0.151611328125,0.0416259765625,0.166259765625,0.69384765625
2984,M_1103_20y0m_1_dysfluent_039,0.114990234375,0.298583984375,0.11279296875,0.293212890625,0.293701171875
2985,M_1103_20y0m_1_dysfluent_040,0.11102294921875,0.444580078125,0.073974609375,0.05511474609375,0.140625
2986,M_1103_20y0m_1_dysfluent_041,0.12322998046875,0.491943359375,0.291259765625,0.10247802734375,0.10174560546875
2987,M_1103_20y0m_1_dysfluent_042,0.11553955078125,0.48974609375,0.2462158203125,0.07586669921875,0.07342529296875
2988,M_1103_20y0m_1_dysfluent_043,0.1055908203125,0.275146484375,0.0526123046875,0.028594970703125,0.06927490234375
2989,M_1103_20y0m_1_dysfluent_044,0.23779296875,0.13134765625,0.2147216796875,0.13134765625,0.486328125
2990,M_1103_20y0m_1_dysfluent_045,0.28466796875,0.1876220703125,0.166259765625,0.34326171875,0.81982421875
2991,M_1103_20y0m_1_dysfluent_046,0.07879638671875,0.198486328125,0.0740966796875,0.17333984375,0.775390625
2992,M_1103_20y0m_1_dysfluent_047,0.123779296875,0.337646484375,0.39208984375,0.415771484375,0.2110595703125
2993,M_1103_20y0m_1_dysfluent_048,0.132568359375,0.304931640625,0.1776123046875,0.306640625,0.8037109375
2994,M_1103_20y0m_1_dysfluent_049,0.10174560546875,0.307373046875,0.172119140625,0.226806640625,0.6044921875
2995,M_1103_20y0m_1_dysfluent_050,0.07598876953125,0.3154296875,0.22802734375,0.1346435546875,0.0953369140625
2996,M_1103_20y0m_1_dysfluent_051,0.06622314453125,0.31005859375,0.2314453125,0.161865234375,0.142578125
2997,M_1103_20y0m_1_dysfluent_052,0.142333984375,0.1883544921875,0.059326171875,0.2646484375,0.68505859375
2998,M_1103_20y0m_1_dysfluent_053,0.12347412109375,0.419189453125,0.32421875,0.369140625,0.2122802734375
2999,M_1103_20y0m_1_dysfluent_054,0.399169921875,0.34228515625,0.150634765625,0.04559326171875,0.0616455078125
3000,M_1103_20y0m_1_dysfluent_055,0.54931640625,0.328369140625,0.060516357421875,0.02532958984375,0.07720947265625
3001,M_1103_20y0m_1_dysfluent_056,0.1326904296875,0.2322998046875,0.16650390625,0.20166015625,0.52001953125
3002,M_1103_20y0m_1_dysfluent_057,0.1019287109375,0.1983642578125,0.2132568359375,0.1375732421875,0.1385498046875
3003,M_1103_20y0m_1_dysfluent_058,0.103759765625,0.2327880859375,0.05145263671875,0.043853759765625,0.2347412109375
3004,M_1103_20y0m_1_dysfluent_059,0.058013916015625,0.232177734375,0.08868408203125,0.09283447265625,0.07318115234375
3005,M_1103_20y0m_1_dysfluent_060,0.044342041015625,0.2255859375,0.037811279296875,0.09185791015625,0.0843505859375
3006,M_1103_20y0m_1_dysfluent_061,0.057373046875,0.30712890625,0.13232421875,0.2054443359375,0.169921875
3007,M_1103_20y0m_1_dysfluent_062,0.062103271484375,0.343994140625,0.13134765625,0.08197021484375,0.05633544921875
3008,M_1103_20y0m_1_dysfluent_063,0.06585693359375,0.287353515625,0.271484375,0.1083984375,0.1341552734375
3009,M_1103_20y0m_1_dysfluent_064,0.05877685546875,0.304443359375,0.25439453125,0.10247802734375,0.11199951171875
3010,M_1103_20y0m_1_dysfluent_065,0.05975341796875,0.322998046875,0.2469482421875,0.1923828125,0.1661376953125
3011,M_1103_20y0m_1_dysfluent_066,0.05792236328125,0.283447265625,0.2509765625,0.1748046875,0.1728515625
3012,M_1103_20y0m_1_dysfluent_067,0.06573486328125,0.1624755859375,0.1312255859375,0.343505859375,0.189208984375
3013,M_1103_20y0m_1_dysfluent_068,0.07122802734375,0.277587890625,0.1409912109375,0.300537109375,0.428955078125
3014,M_1103_20y0m_1_dysfluent_069,0.155517578125,0.447021484375,0.2022705078125,0.22509765625,0.45068359375
3015,M_1103_20y0m_1_dysfluent_070,0.251953125,0.26123046875,0.04803466796875,0.040008544921875,0.344970703125
3016,M_1103_20y0m_1_dysfluent_071,0.3564453125,0.173583984375,0.218017578125,0.2208251953125,0.248046875
3017,M_1103_20y0m_1_dysfluent_072,0.324462890625,0.15625,0.2171630859375,0.1966552734375,0.251953125
3018,M_1103_20y0m_1_dysfluent_073,0.343994140625,0.1505126953125,0.20166015625,0.2147216796875,0.37060546875
3019,M_1103_20y0m_1_dysfluent_074,0.324462890625,0.18603515625,0.2239990234375,0.298095703125,0.46142578125
3020,M_1103_20y0m_1_dysfluent_075,0.0460205078125,0.165283203125,0.106689453125,0.313720703125,0.2437744140625
3021,M_1103_20y0m_1_dysfluent_076,0.0994873046875,0.395751953125,0.3466796875,0.2144775390625,0.2490234375
3022,M_1103_20y0m_1_dysfluent_077,0.0994873046875,0.395751953125,0.3466796875,0.2144775390625,0.2489013671875
3023,M_1103_20y0m_1_dysfluent_078,0.047515869140625,0.265625,0.192138671875,0.30859375,0.205322265625
3024,M_1103_20y0m_1_dysfluent_079,0.2232666015625,0.46484375,0.5517578125,0.161376953125,0.125244140625
3025,M_1103_20y0m_1_dysfluent_080,0.2232666015625,0.46484375,0.5517578125,0.161376953125,0.125244140625
3026,M_1103_20y0m_1_dysfluent_081,0.364501953125,0.560546875,0.2529296875,0.0802001953125,0.205810546875
3027,M_1103_20y0m_1_dysfluent_082,0.259765625,0.454833984375,0.187255859375,0.058441162109375,0.1983642578125
3028,M_1103_20y0m_1_dysfluent_083,0.259765625,0.454833984375,0.187255859375,0.058441162109375,0.1983642578125
3029,M_1103_20y0m_1_dysfluent_084,0.062103271484375,0.1026611328125,0.0139007568359375,0.036163330078125,0.1083984375
3030,M_1103_20y0m_1_dysfluent_085,0.2359619140625,0.346435546875,0.34130859375,0.10723876953125,0.05224609375
3031,M_1103_20y0m_1_dysfluent_086,0.312255859375,0.27001953125,0.291015625,0.06427001953125,0.091064453125
3032,M_1103_20y0m_1_dysfluent_087,0.1728515625,0.303466796875,0.171142578125,0.06085205078125,0.0794677734375
3033,M_1103_20y0m_1_dysfluent_088,0.04376220703125,0.1517333984375,0.0299224853515625,0.08868408203125,0.340087890625
3034,M_1103_20y0m_1_dysfluent_089,0.0975341796875,0.17822265625,0.11962890625,0.06573486328125,0.138671875
3035,M_1103_20y0m_1_dysfluent_090,0.0704345703125,0.289794921875,0.29296875,0.11456298828125,0.14794921875
3036,M_1103_20y0m_1_dysfluent_091,0.07208251953125,0.38623046875,0.1385498046875,0.09466552734375,0.078369140625
3037,M_1103_20y0m_1_dysfluent_092,0.06781005859375,0.3681640625,0.1654052734375,0.105224609375,0.25634765625
3038,M_1103_20y0m_1_dysfluent_093,0.042083740234375,0.27880859375,0.055511474609375,0.05645751953125,0.0885009765625
3039,M_1103_20y0m_1_dysfluent_094,0.0472412109375,0.1370849609375,0.02069091796875,0.0227203369140625,0.0948486328125
3040,M_1103_20y0m_1_dysfluent_095,0.1083984375,0.2303466796875,0.17529296875,0.037109375,0.044097900390625
3041,M_1103_20y0m_1_dysfluent_096,0.168212890625,0.34912109375,0.0728759765625,0.036773681640625,0.1251220703125
3042,M_1103_20y0m_1_dysfluent_097,0.1353759765625,0.2022705078125,0.0982666015625,0.29638671875,0.8681640625
3043,M_1103_20y0m_1_dysfluent_098,0.1358642578125,0.20751953125,0.087890625,0.275146484375,0.8251953125
3044,M_1103_20y0m_1_dysfluent_099,0.1358642578125,0.1883544921875,0.1380615234375,0.354736328125,0.81103515625
3045,M_1103_20y0m_1_dysfluent_100,0.0222930908203125,0.22900390625,0.207275390625,0.10968017578125,0.11456298828125
3046,M_1103_20y0m_1_dysfluent_101,0.07489013671875,0.376953125,0.169189453125,0.03448486328125,0.059539794921875
3047,M_1103_20y0m_1_dysfluent_102,0.10504150390625,0.44873046875,0.55517578125,0.1187744140625,0.1602783203125
3048,M_1103_20y0m_1_dysfluent_103,0.1409912109375,0.2095947265625,0.1463623046875,0.2252197265625,0.239013671875
3049,M_1103_20y0m_1_dysfluent_104,0.04010009765625,0.218994140625,0.257568359375,0.224853515625,0.249755859375
3050,M_1103_20y0m_1_dysfluent_105,0.1705322265625,0.2354736328125,0.048126220703125,0.08135986328125,0.0948486328125
3051,M_1103_20y0m_1_dysfluent_106,0.08465576171875,0.1787109375,0.07574462890625,0.07574462890625,0.1285400390625
3052,M_1103_20y0m_1_dysfluent_107,0.06964111328125,0.276123046875,0.08880615234375,0.1710205078125,0.3662109375
3053,M_1103_20y0m_1_dysfluent_108,0.053985595703125,0.171875,0.1988525390625,0.12176513671875,0.036712646484375
3054,M_1103_20y0m_1_dysfluent_109,0.10968017578125,0.307373046875,0.384033203125,0.089111328125,0.1357421875
3055,M_1103_20y0m_1_dysfluent_110,0.0278472900390625,0.09967041015625,0.0191650390625,0.043121337890625,0.11968994140625
3056,M_1103_20y0m_1_dysfluent_111,0.3525390625,0.207275390625,0.1114501953125,0.1246337890625,0.125732421875
3057,M_1103_20y0m_1_dysfluent_112,0.1121826171875,0.1622314453125,0.12451171875,0.2020263671875,0.18359375
3058,M_1103_20y0m_1_dysfluent_113,0.17431640625,0.215576171875,0.0701904296875,0.169189453125,0.6123046875
3059,M_1103_20y0m_1_dysfluent_114,0.42431640625,0.1318359375,0.081787109375,0.1614990234375,0.1912841796875
3060,M_1103_20y0m_1_dysfluent_115,0.303955078125,0.1884765625,0.1995849609375,0.132568359375,0.7548828125
3061,M_1103_20y0m_1_dysfluent_116,0.267822265625,0.2088623046875,0.36376953125,0.158935546875,0.50927734375
3062,M_1103_20y0m_1_dysfluent_117,0.06781005859375,0.340087890625,0.362060546875,0.1083984375,0.1651611328125
3063,M_1103_20y0m_1_dysfluent_118,0.337158203125,0.277099609375,0.2225341796875,0.2100830078125,0.2017822265625
3064,M_1103_20y0m_1_dysfluent_119,0.2264404296875,0.2100830078125,0.142333984375,0.080078125,0.1826171875
3065,M_1103_20y0m_1_dysfluent_120,0.11614990234375,0.26904296875,0.09686279296875,0.0309600830078125,0.030670166015625
3066,M_1103_20y0m_1_dysfluent_121,0.26806640625,0.27978515625,0.11376953125,0.1580810546875,0.6083984375
3067,M_1103_20y0m_1_dysfluent_122,0.134765625,0.28759765625,0.09619140625,0.043701171875,0.070556640625
3068,M_1103_20y0m_1_dysfluent_123,0.220703125,0.373291015625,0.0276336669921875,0.027069091796875,0.1280517578125
3069,M_1103_20y0m_1_dysfluent_124,0.326416015625,0.1800537109375,0.06634521484375,0.1143798828125,0.83837890625
3070,M_1103_20y0m_1_dysfluent_125,0.410888671875,0.19873046875,0.10577392578125,0.07159423828125,0.8046875
3071,M_1103_20y0m_1_dysfluent_126,0.226318359375,0.20556640625,0.1339111328125,0.1434326171875,0.8046875
3072,M_1103_20y0m_1_dysfluent_127,0.272216796875,0.28369140625,0.1619873046875,0.062103271484375,0.47314453125
3073,M_1103_20y0m_1_dysfluent_128,0.048858642578125,0.29833984375,0.14453125,0.06890869140625,0.06304931640625
3074,M_1103_20y0m_1_dysfluent_129,0.0823974609375,0.388916015625,0.271484375,0.06622314453125,0.050994873046875
3075,M_1103_20y0m_1_dysfluent_130,0.11395263671875,0.1505126953125,0.2239990234375,0.468994140625,0.3330078125
3076,M_1103_20y0m_1_dysfluent_131,0.229736328125,0.1671142578125,0.06427001953125,0.126953125,0.28662109375
3077,M_1103_20y0m_1_dysfluent_132,0.10394287109375,0.345458984375,0.061981201171875,0.12451171875,0.51220703125
3078,M_1103_20y0m_1_dysfluent_133,0.1114501953125,0.318359375,0.18701171875,0.1455078125,0.456298828125
3079,M_1103_20y0m_1_dysfluent_134,0.11163330078125,0.31787109375,0.1864013671875,0.1448974609375,0.45556640625
3080,M_1103_20y0m_1_dysfluent_135,0.06781005859375,0.3271484375,0.44287109375,0.196044921875,0.1375732421875
3081,M_1103_20y0m_1_dysfluent_136,0.13623046875,0.2076416015625,0.04742431640625,0.038604736328125,0.179931640625
3082,M_1103_20y0m_1_dysfluent_137,0.0948486328125,0.421630859375,0.354736328125,0.09686279296875,0.10968017578125
3083,M_1103_20y0m_1_dysfluent_138,0.09466552734375,0.422119140625,0.355224609375,0.0970458984375,0.10992431640625
3084,M_1103_20y0m_1_dysfluent_139,0.06597900390625,0.2237548828125,0.0631103515625,0.04534912109375,0.1429443359375
3085,M_1103_20y0m_1_dysfluent_140,0.040771484375,0.298095703125,0.18701171875,0.0784912109375,0.037750244140625
3086,M_1103_20y0m_1_dysfluent_141,0.07720947265625,0.386474609375,0.470458984375,0.11358642578125,0.0743408203125
3087,M_1103_20y0m_1_dysfluent_142,0.077392578125,0.38671875,0.470947265625,0.11376953125,0.07452392578125
3088,M_1103_20y0m_1_dysfluent_143,0.2005615234375,0.2413330078125,0.05572509765625,0.0230255126953125,0.11395263671875
3089,M_1103_20y0m_1_dysfluent_144,0.3125,0.2445068359375,0.0299224853515625,0.024566650390625,0.14404296875
3090,M_1103_20y0m_1_dysfluent_145,0.054595947265625,0.282470703125,0.047149658203125,0.039276123046875,0.037109375
3091,M_1103_20y0m_1_dysfluent_146,0.07305908203125,0.468505859375,0.1796875,0.06396484375,0.04742431640625
3092,M_1103_20y0m_1_dysfluent_147,0.375732421875,0.1221923828125,0.033905029296875,0.0313720703125,0.1922607421875
3093,M_1103_20y0m_1_dysfluent_148,0.55908203125,0.2208251953125,0.185546875,0.219482421875,0.8154296875
3094,M_1103_20y0m_1_dysfluent_149,0.2374267578125,0.21484375,0.130615234375,0.2342529296875,0.62939453125
3095,M_1103_20y0m_1_dysfluent_150,0.06829833984375,0.10394287109375,0.039794921875,0.11279296875,0.09320068359375
3096,M_1103_20y0m_1_dysfluent_151,0.3720703125,0.431396484375,0.44921875,0.1275634765625,0.09619140625
3097,M_1103_20y0m_1_fluent_000,0.072265625,0.264404296875,0.2138671875,0.2469482421875,0.31005859375
3098,M_1103_20y0m_1_fluent_001,0.028656005859375,0.1795654296875,0.0180511474609375,0.02276611328125,0.042633056640625
3099,M_1103_20y0m_1_fluent_002,0.0885009765625,0.26611328125,0.1778564453125,0.2381591796875,0.168701171875
3100,M_1103_20y0m_1_fluent_003,0.04296875,0.239501953125,0.183837890625,0.1549072265625,0.155029296875
3101,M_1103_20y0m_1_fluent_004,0.15673828125,0.265869140625,0.1982421875,0.450439453125,0.71337890625
3102,M_1103_20y0m_1_fluent_005,0.046539306640625,0.1787109375,0.2470703125,0.2421875,0.2474365234375
3103,M_1103_20y0m_1_fluent_006,0.0482177734375,0.2374267578125,0.2391357421875,0.1414794921875,0.097412109375
3104,M_1103_20y0m_1_fluent_007,0.09283447265625,0.3076171875,0.06280517578125,0.0701904296875,0.1585693359375
3105,M_1103_20y0m_1_fluent_008,0.029083251953125,0.19287109375,0.026763916015625,0.03759765625,0.085693359375
3106,M_1103_20y0m_1_fluent_009,0.06097412109375,0.380859375,0.212890625,0.10107421875,0.04559326171875
3107,M_1103_20y0m_1_fluent_010,0.037200927734375,0.2069091796875,0.060516357421875,0.078369140625,0.1165771484375
3108,M_1103_20y0m_1_fluent_011,0.10247802734375,0.1666259765625,0.080810546875,0.21533203125,0.57470703125
3109,M_1103_20y0m_1_fluent_012,0.0635986328125,0.1490478515625,0.0310821533203125,0.1488037109375,0.20849609375
3110,M_1103_20y0m_1_fluent_013,0.09222412109375,0.241455078125,0.10760498046875,0.2037353515625,0.1285400390625
3111,M_1103_20y0m_1_fluent_014,0.401611328125,0.265625,0.341064453125,0.265869140625,0.326904296875
3112,M_1103_20y0m_1_fluent_015,0.0592041015625,0.0836181640625,0.00626373291015625,0.035003662109375,0.1533203125
3113,M_1103_20y0m_1_fluent_016,0.06610107421875,0.25634765625,0.1610107421875,0.1856689453125,0.1583251953125
3114,M_1103_20y0m_1_fluent_017,0.06732177734375,0.274169921875,0.056549072265625,0.17626953125,0.20751953125
3115,M_1103_20y0m_1_fluent_018,0.0948486328125,0.193603515625,0.30810546875,0.313720703125,0.12841796875
3116,M_1103_20y0m_1_fluent_019,0.07464599609375,0.26123046875,0.320068359375,0.276123046875,0.1373291015625
3117,M_1103_20y0m_1_fluent_020,0.09185791015625,0.26806640625,0.16357421875,0.1807861328125,0.1282958984375
3118,M_1103_20y0m_1_fluent_021,0.436279296875,0.309326171875,0.353271484375,0.30126953125,0.55419921875
3119,M_1103_20y0m_1_fluent_022,0.07318115234375,0.2861328125,0.052520751953125,0.0460205078125,0.0592041015625
3120,M_1103_20y0m_1_fluent_023,0.06915283203125,0.2144775390625,0.09124755859375,0.1851806640625,0.456298828125
3121,M_1103_20y0m_1_fluent_024,0.14453125,0.1505126953125,0.1207275390625,0.23974609375,0.423583984375
3122,M_1103_20y0m_1_fluent_025,0.251220703125,0.282470703125,0.12200927734375,0.276611328125,0.7099609375
3123,M_1103_20y0m_1_fluent_026,0.1470947265625,0.24658203125,0.033599853515625,0.08123779296875,0.58544921875
3124,M_1103_20y0m_1_fluent_027,0.50927734375,0.28662109375,0.259521484375,0.465576171875,0.74169921875
3125,M_1103_20y0m_1_fluent_028,0.04217529296875,0.07879638671875,0.006290435791015625,0.023284912109375,0.07708740234375
3126,M_1103_20y0m_1_fluent_029,0.0855712890625,0.2274169921875,0.0823974609375,0.07330322265625,0.0869140625
3127,M_1103_20y0m_1_fluent_030,0.2020263671875,0.268798828125,0.2203369140625,0.328369140625,0.6611328125
3128,M_1103_20y0m_1_fluent_031,0.11279296875,0.255615234375,0.31591796875,0.202880859375,0.07977294921875
3129,M_1103_20y0m_1_fluent_032,0.0994873046875,0.34130859375,0.49658203125,0.303955078125,0.1544189453125
3130,M_1103_20y0m_1_fluent_033,0.0616455078125,0.2490234375,0.041778564453125,0.08477783203125,0.1488037109375
3131,M_1103_20y0m_1_fluent_034,0.04931640625,0.1815185546875,0.1685791015625,0.241455078125,0.39306640625
3132,M_1103_20y0m_1_fluent_035,0.13525390625,0.21630859375,0.09979248046875,0.216796875,0.46142578125
3133,M_1103_20y0m_1_fluent_036,0.398193359375,0.23388671875,0.08197021484375,0.0294189453125,0.0574951171875
3134,M_1103_20y0m_1_fluent_037,0.135986328125,0.25244140625,0.1761474609375,0.28466796875,0.66943359375
3135,M_1103_20y0m_1_fluent_038,0.051666259765625,0.2078857421875,0.1285400390625,0.2410888671875,0.412841796875
3136,M_1103_20y0m_1_fluent_039,0.041473388671875,0.30126953125,0.11456298828125,0.12493896484375,0.06982421875
3137,M_1103_20y0m_1_fluent_040,0.222900390625,0.1663818359375,0.1533203125,0.190673828125,0.6328125
3138,M_1103_20y0m_1_fluent_041,0.149169921875,0.305419921875,0.1134033203125,0.0792236328125,0.1904296875
3139,M_1103_20y0m_1_fluent_042,0.412841796875,0.2493896484375,0.2783203125,0.37451171875,0.494873046875
3140,M_1103_20y0m_1_fluent_043,0.05889892578125,0.10931396484375,0.059661865234375,0.0567626953125,0.06781005859375
3141,M_1103_20y0m_1_fluent_044,0.047515869140625,0.2059326171875,0.10107421875,0.1171875,0.04595947265625
3142,M_1103_20y0m_1_fluent_045,0.055816650390625,0.161865234375,0.08404541015625,0.07159423828125,0.04876708984375
3143,M_1103_20y0m_1_fluent_046,0.06585693359375,0.25146484375,0.357666015625,0.302734375,0.146240234375
3144,M_1103_20y0m_1_fluent_047,0.04949951171875,0.1451416015625,0.2088623046875,0.165771484375,0.15673828125
3145,M_1103_20y0m_1_fluent_048,0.0531005859375,0.1947021484375,0.1800537109375,0.18701171875,0.1702880859375
3146,M_1103_20y0m_1_fluent_049,0.175537109375,0.389892578125,0.032470703125,0.04443359375,0.1422119140625
3147,M_1103_20y0m_1_fluent_050,0.056121826171875,0.350341796875,0.040985107421875,0.080078125,0.080078125
3148,M_1103_20y0m_1_fluent_051,0.0489501953125,0.25830078125,0.268798828125,0.2110595703125,0.2120361328125
3149,M_1103_20y0m_1_fluent_052,0.051177978515625,0.222412109375,0.058441162109375,0.08526611328125,0.044342041015625
3150,M_1103_20y0m_1_fluent_053,0.047332763671875,0.244140625,0.1275634765625,0.14208984375,0.047698974609375
3151,M_1103_20y0m_1_fluent_054,0.08282470703125,0.266845703125,0.08587646484375,0.1240234375,0.0970458984375
3152,M_1103_20y0m_1_fluent_055,0.1492919921875,0.1915283203125,0.08123779296875,0.198974609375,0.77978515625
3153,M_1103_20y0m_1_fluent_056,0.0574951171875,0.15283203125,0.02337646484375,0.1114501953125,0.1341552734375
3154,M_1103_20y0m_1_fluent_057,0.044189453125,0.166259765625,0.07147216796875,0.07489013671875,0.08050537109375
3155,M_1103_20y0m_1_fluent_058,0.07464599609375,0.36474609375,0.19287109375,0.08929443359375,0.04638671875
3156,M_1103_20y0m_1_fluent_059,0.0704345703125,0.18212890625,0.0287017822265625,0.1458740234375,0.266357421875
3157,M_1103_20y0m_1_fluent_060,0.043365478515625,0.273193359375,0.06951904296875,0.049041748046875,0.04376220703125
3158,M_1103_20y0m_1_fluent_061,0.09222412109375,0.2142333984375,0.040924072265625,0.2127685546875,0.62158203125
3159,M_1103_20y0m_1_fluent_062,0.06915283203125,0.2305908203125,0.26220703125,0.2210693359375,0.1580810546875
3160,M_1103_20y0m_1_fluent_063,0.1453857421875,0.2474365234375,0.154296875,0.2841796875,0.281005859375
3161,M_1103_20y0m_1_fluent_064,0.0723876953125,0.0863037109375,0.0059814453125,0.03912353515625,0.31787109375
3162,M_1103_20y0m_1_fluent_065,0.1094970703125,0.13671875,0.1165771484375,0.324951171875,0.263427734375
3163,M_1103_20y0m_1_fluent_066,0.08447265625,0.42724609375,0.22216796875,0.2060546875,0.09808349609375
3164,M_1103_20y0m_1_fluent_067,0.07611083984375,0.21630859375,0.406005859375,0.392578125,0.30615234375
3165,M_1103_20y0m_1_fluent_068,0.154052734375,0.1644287109375,0.12139892578125,0.1915283203125,0.156494140625
3166,M_1103_20y0m_1_fluent_069,0.07366943359375,0.100341796875,0.0220794677734375,0.123046875,0.5498046875
3167,M_1103_20y0m_1_fluent_070,0.086181640625,0.24365234375,0.1787109375,0.18603515625,0.135986328125
3168,M_1103_20y0m_1_fluent_071,0.1463623046875,0.2384033203125,0.047149658203125,0.1409912109375,0.437744140625
3169,M_1103_20y0m_1_fluent_072,0.427001953125,0.27001953125,0.29345703125,0.329833984375,0.80517578125
3170,M_1103_20y0m_1_fluent_073,0.04559326171875,0.250244140625,0.08331298828125,0.2086181640625,0.2073974609375
3171,M_1103_20y0m_1_fluent_074,0.1279296875,0.2476806640625,0.0792236328125,0.0216217041015625,0.1077880859375
3172,M_1103_20y0m_1_fluent_075,0.10968017578125,0.378662109375,0.1544189453125,0.1175537109375,0.160400390625
3173,M_1103_20y0m_1_fluent_076,0.1239013671875,0.1728515625,0.156494140625,0.1485595703125,0.406005859375
3174,M_1103_20y0m_1_fluent_077,0.08477783203125,0.23974609375,0.0855712890625,0.054595947265625,0.124755859375
3175,M_1103_20y0m_1_fluent_078,0.046630859375,0.337890625,0.11029052734375,0.07342529296875,0.09722900390625
3176,M_1103_20y0m_1_fluent_079,0.044342041015625,0.1927490234375,0.10284423828125,0.222900390625,0.1319580078125
3177,M_1103_20y0m_1_fluent_080,0.0987548828125,0.2293701171875,0.3525390625,0.28125,0.1685791015625
3178,M_1103_20y0m_1_fluent_081,0.1309814453125,0.2088623046875,0.073974609375,0.2021484375,0.26904296875
3179,M_1103_20y0m_1_fluent_082,0.11279296875,0.1259765625,0.0254669189453125,0.1697998046875,0.7119140625
3180,M_1103_20y0m_1_fluent_083,0.06719970703125,0.2113037109375,0.341796875,0.397705078125,0.3349609375
3181,M_1103_20y0m_1_fluent_084,0.07330322265625,0.1187744140625,0.03643798828125,0.2130126953125,0.6865234375
3182,M_1103_20y0m_1_fluent_085,0.03253173828125,0.164794921875,0.08038330078125,0.1597900390625,0.37939453125
3183,M_1103_20y0m_1_fluent_086,0.04443359375,0.07135009765625,0.0059356689453125,0.03302001953125,0.220703125
3184,M_1103_20y0m_1_fluent_087,0.142822265625,0.12359619140625,0.0252685546875,0.0289764404296875,0.0228424072265625
3185,M_1103_20y0m_1_fluent_088,0.29833984375,0.247314453125,0.216552734375,0.344482421875,0.6181640625
3186,M_1103_20y0m_1_fluent_089,0.07135009765625,0.2314453125,0.35302734375,0.28662109375,0.1400146484375
3187,M_1103_20y0m_1_fluent_090,0.0704345703125,0.2060546875,0.27099609375,0.32177734375,0.1636962890625
3188,M_1103_20y0m_1_fluent_091,0.132568359375,0.1912841796875,0.01337432861328125,0.0099334716796875,0.04949951171875
3189,M_1103_20y0m_1_fluent_092,0.2059326171875,0.2486572265625,0.323486328125,0.1378173828125,0.173583984375
3190,M_1103_20y0m_1_fluent_093,0.07476806640625,0.39111328125,0.2078857421875,0.0938720703125,0.045257568359375
3191,M_1103_20y0m_1_fluent_094,0.06524658203125,0.2445068359375,0.2425537109375,0.18359375,0.242431640625
3192,M_1103_20y0m_1_fluent_095,0.1104736328125,0.27294921875,0.188232421875,0.302001953125,0.322265625
3193,M_1103_20y0m_1_fluent_096,0.0504150390625,0.2017822265625,0.1572265625,0.346923828125,0.1292724609375
3194,M_1103_20y0m_1_fluent_097,0.1044921875,0.2462158203125,0.417724609375,0.34619140625,0.1441650390625
3195,M_1103_20y0m_1_fluent_098,0.042816162109375,0.19873046875,0.10247802734375,0.12249755859375,0.090576171875
3196,M_1103_20y0m_1_fluent_099,0.1143798828125,0.335693359375,0.0257110595703125,0.0310211181640625,0.2149658203125
3197,M_1103_20y0m_1_fluent_100,0.09967041015625,0.265380859375,0.1033935546875,0.30517578125,0.409423828125
3198,M_1103_20y0m_1_fluent_101,0.059539794921875,0.0823974609375,0.008544921875,0.0276947021484375,0.09075927734375
3199,M_1103_20y0m_1_fluent_102,0.284912109375,0.16748046875,0.080810546875,0.0341796875,0.03753662109375
3200,M_1103_20y0m_1_fluent_103,0.05072021484375,0.276611328125,0.08135986328125,0.0482177734375,0.0970458984375
3201,M_1103_20y0m_1_fluent_104,0.06085205078125,0.20068359375,0.2469482421875,0.1492919921875,0.1292724609375
3202,M_1103_20y0m_1_fluent_105,0.2032470703125,0.346923828125,0.361328125,0.194091796875,0.1556396484375
3203,M_1103_20y0m_1_fluent_106,0.08465576171875,0.29345703125,0.43310546875,0.273681640625,0.1795654296875
3204,M_1103_20y0m_1_fluent_107,0.43408203125,0.2587890625,0.2462158203125,0.447265625,0.73486328125
3205,M_1103_20y0m_1_fluent_108,0.038116455078125,0.19287109375,0.1015625,0.1365966796875,0.048583984375
3206,M_1103_20y0m_1_fluent_109,0.1492919921875,0.1939697265625,0.0305633544921875,0.1724853515625,0.61376953125
3207,M_1103_20y0m_1_fluent_110,0.10015869140625,0.312744140625,0.0855712890625,0.166259765625,0.06890869140625
3208,M_1103_20y0m_1_fluent_111,0.092529296875,0.315185546875,0.28857421875,0.2271728515625,0.132080078125
3209,M_1103_20y0m_1_fluent_112,0.043212890625,0.264404296875,0.1494140625,0.102294921875,0.1015625
3210,M_1103_20y0m_1_fluent_113,0.045440673828125,0.1993408203125,0.1663818359375,0.138671875,0.202392578125
3211,M_1103_20y0m_1_fluent_114,0.10394287109375,0.2276611328125,0.341796875,0.44287109375,0.1346435546875
3212,M_1103_20y0m_1_fluent_115,0.027801513671875,0.1815185546875,0.1529541015625,0.1912841796875,0.1844482421875
3213,M_1103_20y0m_1_fluent_116,0.138427734375,0.294677734375,0.490234375,0.44287109375,0.2724609375
3214,M_1103_20y0m_1_fluent_117,0.058135986328125,0.191650390625,0.26220703125,0.1671142578125,0.12359619140625
3215,M_1103_20y0m_1_fluent_118,0.290771484375,0.33447265625,0.323974609375,0.315185546875,0.755859375
3216,M_1103_20y0m_1_fluent_119,0.43115234375,0.253173828125,0.2470703125,0.489990234375,0.79150390625
3217,M_1103_20y0m_1_fluent_120,0.12939453125,0.1708984375,0.07611083984375,0.06866455078125,0.1405029296875
3218,M_1103_20y0m_1_fluent_121,0.040374755859375,0.1419677734375,0.0239105224609375,0.0258636474609375,0.0455322265625
3219,M_1103_20y0m_1_fluent_122,0.05389404296875,0.2132568359375,0.22021484375,0.314453125,0.1514892578125
3220,M_1103_20y0m_1_fluent_123,0.0867919921875,0.2490234375,0.3232421875,0.2276611328125,0.232666015625
3221,M_1103_20y0m_1_fluent_124,0.1607666015625,0.267578125,0.043853759765625,0.115966796875,0.712890625
3222,M_1103_20y0m_1_fluent_125,0.07464599609375,0.2257080078125,0.278076171875,0.151611328125,0.06671142578125
3223,M_1103_20y0m_1_fluent_126,0.051849365234375,0.1656494140625,0.2354736328125,0.267333984375,0.291748046875
3224,M_1103_20y0m_1_fluent_127,0.1419677734375,0.37255859375,0.08477783203125,0.04248046875,0.1077880859375
3225,M_1103_20y0m_1_fluent_128,0.049591064453125,0.179931640625,0.0374755859375,0.11920166015625,0.1104736328125
3226,M_1103_20y0m_1_fluent_129,0.46337890625,0.255859375,0.2421875,0.259033203125,0.6416015625
3227,M_1103_20y0m_1_fluent_130,0.1318359375,0.13232421875,0.0236968994140625,0.0384521484375,0.05023193359375
3228,M_1103_20y0m_1_fluent_131,0.05511474609375,0.166259765625,0.1717529296875,0.264404296875,0.53662109375
3229,M_1103_20y0m_1_fluent_132,0.08599853515625,0.351806640625,0.10052490234375,0.220458984375,0.224853515625
3230,M_1103_20y0m_1_fluent_133,0.1041259765625,0.345458984375,0.07763671875,0.046722412109375,0.050811767578125
3231,M_1103_20y0m_1_fluent_134,0.033599853515625,0.174072265625,0.03216552734375,0.0276947021484375,0.035552978515625
3232,M_1103_20y0m_1_fluent_135,0.0706787109375,0.303466796875,0.263671875,0.2022705078125,0.1826171875
3233,M_1103_20y0m_1_fluent_136,0.043853759765625,0.09075927734375,0.0156707763671875,0.083740234375,0.630859375
3234,M_1103_20y0m_1_fluent_137,0.06109619140625,0.277587890625,0.034423828125,0.048126220703125,0.38671875
3235,M_1103_20y0m_1_fluent_138,0.07464599609375,0.1776123046875,0.157470703125,0.0994873046875,0.054290771484375
3236,M_1103_20y0m_1_fluent_139,0.0740966796875,0.298095703125,0.1240234375,0.07464599609375,0.034881591796875
3237,M_1103_20y0m_1_fluent_140,0.08135986328125,0.2060546875,0.1358642578125,0.1689453125,0.091552734375
3238,M_1103_20y0m_1_fluent_141,0.04168701171875,0.11981201171875,0.1597900390625,0.125732421875,0.1270751953125
3239,M_1103_20y0m_1_fluent_142,0.1436767578125,0.0966796875,0.051666259765625,0.177490234375,0.2841796875
3240,M_1103_20y0m_1_fluent_143,0.0330810546875,0.153076171875,0.035736083984375,0.04327392578125,0.08209228515625
3241,M_1103_20y0m_1_fluent_144,0.11395263671875,0.2305908203125,0.486328125,0.438232421875,0.307861328125
3242,M_1103_20y0m_1_fluent_145,0.1285400390625,0.2802734375,0.291748046875,0.47509765625,0.467041015625
3243,M_1103_20y0m_1_fluent_146,0.125244140625,0.22802734375,0.044921875,0.1419677734375,0.59765625
3244,M_1103_20y0m_1_fluent_147,0.05450439453125,0.2049560546875,0.1578369140625,0.296875,0.0982666015625
3245,M_1103_20y0m_1_fluent_148,0.0548095703125,0.1883544921875,0.281494140625,0.3955078125,0.2919921875
3246,M_1103_20y0m_1_fluent_149,0.0616455078125,0.20849609375,0.1236572265625,0.097412109375,0.0413818359375
3247,M_1103_20y0m_1_fluent_150,0.425537109375,0.24853515625,0.280517578125,0.26123046875,0.49169921875
3248,M_1103_20y0m_1_fluent_151,0.2122802734375,0.281005859375,0.413330078125,0.310302734375,0.1517333984375
3249,M_1103_20y0m_1_fluent_152,0.1199951171875,0.3828125,0.185302734375,0.28955078125,0.2210693359375
3250,M_1103_20y0m_1_fluent_153,0.10107421875,0.177978515625,0.37841796875,0.347900390625,0.35595703125
3251,M_1103_20y0m_1_fluent_154,0.5107421875,0.28857421875,0.298095703125,0.45654296875,0.7294921875
3252,M_1103_20y0m_1_fluent_155,0.1207275390625,0.30712890625,0.17822265625,0.1925048828125,0.265869140625
3253,M_1103_20y0m_1_fluent_156,0.097412109375,0.1461181640625,0.08740234375,0.1512451171875,0.1456298828125
3254,M_1103_20y0m_1_fluent_157,0.1822509765625,0.29150390625,0.250244140625,0.385986328125,0.65576171875
3255,M_1103_20y0m_1_fluent_158,0.07464599609375,0.09808349609375,0.023284912109375,0.094482421875,0.167236328125
3256,M_1103_20y0m_1_fluent_159,0.1153564453125,0.26220703125,0.373046875,0.47021484375,0.2314453125
3257,M_1103_20y0m_1_fluent_160,0.0309600830078125,0.2178955078125,0.1273193359375,0.1363525390625,0.1412353515625
3258,M_1103_20y0m_1_fluent_161,0.055938720703125,0.1649169921875,0.10595703125,0.1171875,0.0482177734375
3259,M_1103_20y0m_1_fluent_162,0.06396484375,0.2012939453125,0.0999755859375,0.304931640625,0.1845703125
3260,M_1103_20y0m_1_fluent_163,0.06427001953125,0.30224609375,0.1787109375,0.260986328125,0.1134033203125
3261,M_1103_20y0m_1_fluent_164,0.0560302734375,0.204833984375,0.26416015625,0.3359375,0.19873046875
3262,M_1103_20y0m_1_fluent_165,0.11553955078125,0.26904296875,0.448974609375,0.376708984375,0.172607421875
3263,M_1103_20y0m_1_fluent_166,0.047149658203125,0.27783203125,0.1368408203125,0.0836181640625,0.039276123046875
3264,M_1103_20y0m_1_fluent_167,0.06658935546875,0.1778564453125,0.114990234375,0.156982421875,0.09637451171875
3265,M_1103_20y0m_1_fluent_168,0.042633056640625,0.2393798828125,0.09027099609375,0.10125732421875,0.04742431640625
3266,M_1103_20y0m_1_fluent_169,0.043121337890625,0.248046875,0.26220703125,0.2213134765625,0.2108154296875
3267,M_1103_20y0m_1_fluent_170,0.09600830078125,0.25244140625,0.435791015625,0.310302734375,0.1783447265625
3268,M_1103_20y0m_1_fluent_171,0.048858642578125,0.1412353515625,0.058013916015625,0.2138671875,0.55908203125
3269,M_1103_20y0m_1_fluent_172,0.0305633544921875,0.2158203125,0.185546875,0.08758544921875,0.115966796875
3270,M_1104_40y0m_1_dysfluent_000,0.399658203125,0.1634521484375,0.029083251953125,0.03240966796875,0.251953125
3271,M_1104_40y0m_1_dysfluent_001,0.314697265625,0.1181640625,0.0328369140625,0.08331298828125,0.21484375
3272,M_1104_40y0m_1_dysfluent_002,0.408203125,0.0867919921875,0.052703857421875,0.120849609375,0.58447265625
3273,M_1104_40y0m_1_dysfluent_003,0.345458984375,0.08038330078125,0.03607177734375,0.08929443359375,0.78515625
3274,M_1104_40y0m_1_dysfluent_004,0.51806640625,0.10894775390625,0.0631103515625,0.09185791015625,0.73291015625
3275,M_1104_40y0m_1_dysfluent_005,0.5439453125,0.144775390625,0.0843505859375,0.1300048828125,0.72412109375
3276,M_1104_40y0m_1_dysfluent_006,0.5068359375,0.1783447265625,0.1346435546875,0.1416015625,0.239013671875
3277,M_1104_40y0m_1_dysfluent_007,0.053497314453125,0.090576171875,0.023468017578125,0.056640625,0.06256103515625
3278,M_1104_40y0m_1_dysfluent_008,0.1898193359375,0.273681640625,0.021575927734375,0.029083251953125,0.05023193359375
3279,M_1104_40y0m_1_dysfluent_009,0.60400390625,0.2047119140625,0.06671142578125,0.07366943359375,0.5703125
3280,M_1104_40y0m_1_dysfluent_010,0.312255859375,0.127197265625,0.033660888671875,0.1265869140625,0.87451171875
3281,M_1104_40y0m_1_dysfluent_011,0.2335205078125,0.1995849609375,0.06756591796875,0.148193359375,0.058441162109375
3282,M_1104_40y0m_1_dysfluent_012,0.65771484375,0.16943359375,0.05059814453125,0.05072021484375,0.1414794921875
3283,M_1104_40y0m_1_dysfluent_013,0.5107421875,0.185302734375,0.1431884765625,0.1217041015625,0.1517333984375
3284,M_1104_40y0m_1_dysfluent_014,0.3935546875,0.1790771484375,0.2252197265625,0.21728515625,0.66064453125
3285,M_1104_40y0m_1_dysfluent_015,0.11737060546875,0.16650390625,0.1790771484375,0.401611328125,0.68798828125
3286,M_1104_40y0m_1_dysfluent_016,0.2216796875,0.1070556640625,0.0604248046875,0.070556640625,0.1558837890625
3287,M_1104_40y0m_1_dysfluent_017,0.315673828125,0.191650390625,0.12261962890625,0.0439453125,0.10992431640625
3288,M_1104_40y0m_1_dysfluent_018,0.435791015625,0.1724853515625,0.1436767578125,0.0775146484375,0.0965576171875
3289,M_1104_40y0m_1_dysfluent_019,0.17333984375,0.08831787109375,0.03424072265625,0.07421875,0.1761474609375
3290,M_1104_40y0m_1_dysfluent_020,0.17333984375,0.08831787109375,0.03424072265625,0.07421875,0.1761474609375
3291,M_1104_40y0m_1_dysfluent_021,0.223388671875,0.08404541015625,0.044921875,0.02386474609375,0.12274169921875
3292,M_1104_40y0m_1_dysfluent_022,0.2281494140625,0.10504150390625,0.0099334716796875,0.044342041015625,0.0999755859375
3293,M_1104_40y0m_1_dysfluent_023,0.2281494140625,0.10504150390625,0.0099334716796875,0.044342041015625,0.0999755859375
3294,M_1104_40y0m_1_dysfluent_024,0.350341796875,0.203369140625,0.09808349609375,0.1981201171875,0.330322265625
3295,M_1104_40y0m_1_dysfluent_025,0.1546630859375,0.1558837890625,0.1365966796875,0.2158203125,0.4609375
3296,M_1104_40y0m_1_dysfluent_026,0.6484375,0.2022705078125,0.1448974609375,0.1661376953125,0.7431640625
3297,M_1104_40y0m_1_dysfluent_027,0.623046875,0.1507568359375,0.07684326171875,0.09039306640625,0.775390625
3298,M_1104_40y0m_1_dysfluent_028,0.05242919921875,0.1602783203125,0.0117340087890625,0.036285400390625,0.36669921875
3299,M_1104_40y0m_1_dysfluent_029,0.63330078125,0.1640625,0.02838134765625,0.019683837890625,0.34765625
3300,M_1104_40y0m_1_dysfluent_030,0.63330078125,0.164306640625,0.02838134765625,0.01971435546875,0.34765625
3301,M_1104_40y0m_1_dysfluent_031,0.317626953125,0.33447265625,0.224609375,0.039642333984375,0.1864013671875
3302,M_1104_40y0m_1_dysfluent_032,0.1966552734375,0.250244140625,0.141845703125,0.0604248046875,0.56005859375
3303,M_1104_40y0m_1_dysfluent_033,0.296142578125,0.09967041015625,0.040985107421875,0.042816162109375,0.176513671875
3304,M_1104_40y0m_1_dysfluent_034,0.362548828125,0.1474609375,0.054107666015625,0.019683837890625,0.07794189453125
3305,M_1104_40y0m_1_dysfluent_035,0.1512451171875,0.09844970703125,0.06109619140625,0.216552734375,0.37353515625
3306,M_1104_40y0m_1_dysfluent_036,0.0802001953125,0.1632080078125,0.10968017578125,0.27490234375,0.28125
3307,M_1104_40y0m_1_dysfluent_037,0.234375,0.0816650390625,0.06396484375,0.202880859375,0.68408203125
3308,M_1104_40y0m_1_dysfluent_038,0.20703125,0.1387939453125,0.110107421875,0.3720703125,0.5263671875
3309,M_1104_40y0m_1_dysfluent_039,0.310791015625,0.1976318359375,0.183349609375,0.400390625,0.470458984375
3310,M_1104_40y0m_1_dysfluent_040,0.51123046875,0.1949462890625,0.03240966796875,0.022369384765625,0.07763671875
3311,M_1104_40y0m_1_dysfluent_041,0.5859375,0.181396484375,0.0615234375,0.03021240234375,0.1083984375
3312,M_1104_40y0m_1_dysfluent_042,0.477783203125,0.169189453125,0.028656005859375,0.06903076171875,0.5263671875
3313,M_1104_40y0m_1_dysfluent_043,0.2440185546875,0.1842041015625,0.0282745361328125,0.059661865234375,0.1470947265625
3314,M_1104_40y0m_1_dysfluent_044,0.41552734375,0.1466064453125,0.06597900390625,0.0836181640625,0.1300048828125
3315,M_1104_40y0m_1_dysfluent_045,0.5283203125,0.255615234375,0.0439453125,0.0189056396484375,0.134765625
3316,M_1104_40y0m_1_dysfluent_046,0.321533203125,0.0999755859375,0.02685546875,0.08819580078125,0.2064208984375
3317,M_1104_40y0m_1_dysfluent_047,0.229736328125,0.12054443359375,0.0082550048828125,0.0222930908203125,0.2188720703125
3318,M_1104_40y0m_1_dysfluent_048,0.423828125,0.1534423828125,0.06939697265625,0.08154296875,0.66845703125
3319,M_1104_40y0m_1_dysfluent_049,0.317626953125,0.1510009765625,0.034027099609375,0.1448974609375,0.45751953125
3320,M_1104_40y0m_1_dysfluent_050,0.35791015625,0.093994140625,0.034027099609375,0.10430908203125,0.8603515625
3321,M_1104_40y0m_1_dysfluent_051,0.277587890625,0.10430908203125,0.09039306640625,0.119384765625,0.68115234375
3322,M_1104_40y0m_1_dysfluent_053,0.149169921875,0.1044921875,0.08135986328125,0.1295166015625,0.50732421875
3323,M_1104_40y0m_1_dysfluent_054,0.4462890625,0.267578125,0.029541015625,0.045684814453125,0.165771484375
3324,M_1104_40y0m_1_dysfluent_055,0.268310546875,0.17626953125,0.12188720703125,0.13232421875,0.2049560546875
3325,M_1104_40y0m_1_dysfluent_056,0.15625,0.11676025390625,0.033660888671875,0.1434326171875,0.2666015625
3326,M_1104_40y0m_1_dysfluent_057,0.408447265625,0.160888671875,0.2247314453125,0.27880859375,0.546875
3327,M_1104_40y0m_1_dysfluent_058,0.16943359375,0.1114501953125,0.057708740234375,0.262451171875,0.6298828125
3328,M_1104_40y0m_1_dysfluent_059,0.364501953125,0.1868896484375,0.0723876953125,0.10357666015625,0.78466796875
3329,M_1104_40y0m_1_dysfluent_060,0.68212890625,0.29833984375,0.303955078125,0.062225341796875,0.16259765625
3330,M_1104_40y0m_1_dysfluent_061,0.68212890625,0.29833984375,0.3037109375,0.062225341796875,0.1629638671875
3331,M_1104_40y0m_1_dysfluent_062,0.39404296875,0.279052734375,0.032958984375,0.09771728515625,0.203369140625
3332,M_1104_40y0m_1_dysfluent_063,0.1014404296875,0.1171875,0.06817626953125,0.218505859375,0.4091796875
3333,M_1104_40y0m_1_dysfluent_064,0.13525390625,0.17822265625,0.09686279296875,0.2315673828125,0.1431884765625
3334,M_1104_40y0m_1_dysfluent_065,0.191162109375,0.08831787109375,0.034423828125,0.060760498046875,0.294921875
3335,M_1104_40y0m_1_dysfluent_066,0.1822509765625,0.10821533203125,0.0222930908203125,0.0472412109375,0.5732421875
3336,M_1104_40y0m_1_dysfluent_067,0.047882080078125,0.1510009765625,0.04803466796875,0.047607421875,0.141357421875
3337,M_1104_40y0m_1_dysfluent_068,0.0261077880859375,0.1287841796875,0.107421875,0.1761474609375,0.1683349609375
3338,M_1104_40y0m_1_dysfluent_069,0.03302001953125,0.1602783203125,0.18896484375,0.258056640625,0.2105712890625
3339,M_1104_40y0m_1_dysfluent_070,0.07965087890625,0.10357666015625,0.049774169921875,0.264892578125,0.6181640625
3340,M_1104_40y0m_1_dysfluent_071,0.086181640625,0.140625,0.077392578125,0.287353515625,0.450927734375
3341,M_1104_40y0m_1_dysfluent_072,0.06646728515625,0.135986328125,0.07135009765625,0.190673828125,0.2685546875
3342,M_1104_40y0m_1_dysfluent_073,0.043853759765625,0.1480712890625,0.01094818115234375,0.046478271484375,0.1663818359375
3343,M_1104_40y0m_1_dysfluent_074,0.18212890625,0.2166748046875,0.094482421875,0.30712890625,0.24169921875
3344,M_1104_40y0m_1_dysfluent_075,0.32861328125,0.09857177734375,0.10894775390625,0.2315673828125,0.4404296875
3345,M_1104_40y0m_1_dysfluent_076,0.2286376953125,0.32666015625,0.1287841796875,0.090087890625,0.058563232421875
3346,M_1104_40y0m_1_dysfluent_077,0.1314697265625,0.18310546875,0.0083770751953125,0.03302001953125,0.1077880859375
3347,M_1104_40y0m_1_dysfluent_078,0.364013671875,0.2418212890625,0.05780029296875,0.0411376953125,0.032958984375
3348,M_1104_40y0m_1_dysfluent_079,0.25927734375,0.23095703125,0.09039306640625,0.1383056640625,0.04345703125
3349,M_1104_40y0m_1_dysfluent_080,0.2340087890625,0.14501953125,0.044525146484375,0.1866455078125,0.32958984375
3350,M_1104_40y0m_1_dysfluent_081,0.5625,0.11126708984375,0.05792236328125,0.0810546875,0.7509765625
3351,M_1104_40y0m_1_dysfluent_082,0.138427734375,0.187744140625,0.018402099609375,0.0333251953125,0.052520751953125
3352,M_1104_40y0m_1_dysfluent_083,0.171630859375,0.1727294921875,0.0246124267578125,0.061981201171875,0.053802490234375
3353,M_1104_40y0m_1_dysfluent_084,0.31494140625,0.139404296875,0.049591064453125,0.1026611328125,0.279541015625
3354,M_1104_40y0m_1_dysfluent_085,0.266357421875,0.1319580078125,0.08526611328125,0.149169921875,0.55810546875
3355,M_1104_40y0m_1_dysfluent_086,0.16748046875,0.09619140625,0.10052490234375,0.2371826171875,0.75439453125
3356,M_1104_40y0m_1_dysfluent_087,0.4013671875,0.165771484375,0.1083984375,0.222412109375,0.31494140625
3357,M_1104_40y0m_1_dysfluent_088,0.276611328125,0.2437744140625,0.125732421875,0.203369140625,0.11920166015625
3358,M_1104_40y0m_1_dysfluent_089,0.271728515625,0.1033935546875,0.082275390625,0.11083984375,0.556640625
3359,M_1104_40y0m_1_dysfluent_090,0.258544921875,0.0894775390625,0.063232421875,0.11260986328125,0.7939453125
3360,M_1104_40y0m_1_dysfluent_091,0.428466796875,0.25439453125,0.08038330078125,0.062225341796875,0.114990234375
3361,M_1104_40y0m_1_dysfluent_092,0.216796875,0.1912841796875,0.040679931640625,0.0250396728515625,0.0830078125
3362,M_1104_40y0m_1_dysfluent_093,0.392578125,0.2322998046875,0.283935546875,0.07330322265625,0.20556640625
3363,M_1104_40y0m_1_dysfluent_094,0.182861328125,0.204833984375,0.02337646484375,0.0141754150390625,0.08251953125
3364,M_1104_40y0m_1_dysfluent_095,0.1829833984375,0.204833984375,0.02337646484375,0.0141754150390625,0.08270263671875
3365,M_1104_40y0m_1_dysfluent_096,0.167236328125,0.0982666015625,0.007205963134765625,0.019195556640625,0.055511474609375
3366,M_1104_40y0m_1_dysfluent_097,0.5859375,0.17822265625,0.045196533203125,0.06854248046875,0.48876953125
3367,M_1104_40y0m_1_dysfluent_098,0.1661376953125,0.2366943359375,0.109130859375,0.274169921875,0.251953125
3368,M_1104_40y0m_1_dysfluent_099,0.1488037109375,0.1229248046875,0.07275390625,0.09893798828125,0.150390625
3369,M_1104_40y0m_1_dysfluent_100,0.126708984375,0.1402587890625,0.0309600830078125,0.089599609375,0.2049560546875
3370,M_1104_40y0m_1_dysfluent_101,0.343017578125,0.1334228515625,0.0394287109375,0.1181640625,0.7939453125
3371,M_1104_40y0m_1_dysfluent_102,0.318359375,0.234619140625,0.0258636474609375,0.049407958984375,0.0582275390625
3372,M_1104_40y0m_1_dysfluent_103,0.2374267578125,0.1492919921875,0.030792236328125,0.172119140625,0.26904296875
3373,M_1104_40y0m_1_dysfluent_104,0.2548828125,0.12335205078125,0.029541015625,0.040924072265625,0.0391845703125
3374,M_1104_40y0m_1_dysfluent_105,0.1380615234375,0.154296875,0.14501953125,0.07366943359375,0.11181640625
3375,M_1104_40y0m_1_dysfluent_106,0.5673828125,0.384765625,0.2005615234375,0.045013427734375,0.059112548828125
3376,M_1104_40y0m_1_dysfluent_107,0.1363525390625,0.09771728515625,0.033203125,0.044525146484375,0.03582763671875
3377,M_1104_40y0m_1_dysfluent_108,0.31201171875,0.09912109375,0.020599365234375,0.0242767333984375,0.04949951171875
3378,M_1104_40y0m_1_dysfluent_109,0.34716796875,0.09722900390625,0.0154266357421875,0.0537109375,0.2042236328125
3379,M_1104_40y0m_1_dysfluent_110,0.2073974609375,0.0869140625,0.01242828369140625,0.04510498046875,0.11456298828125
3380,M_1104_40y0m_1_dysfluent_111,0.2073974609375,0.0869140625,0.01242828369140625,0.04510498046875,0.11456298828125
3381,M_1104_40y0m_1_dysfluent_112,0.249755859375,0.1495361328125,0.0885009765625,0.1033935546875,0.318359375
3382,M_1104_40y0m_1_dysfluent_113,0.1864013671875,0.1856689453125,0.030670166015625,0.0200653076171875,0.10302734375
3383,M_1104_40y0m_1_dysfluent_114,0.66845703125,0.23876953125,0.07666015625,0.0631103515625,0.171630859375
3384,M_1104_40y0m_1_dysfluent_115,0.634765625,0.2032470703125,0.06451416015625,0.091064453125,0.412353515625
3385,M_1104_40y0m_1_dysfluent_116,0.68603515625,0.2139892578125,0.07183837890625,0.03338623046875,0.07318115234375
3386,M_1104_40y0m_1_dysfluent_117,0.2666015625,0.2210693359375,0.197265625,0.447509765625,0.371826171875
3387,M_1104_40y0m_1_dysfluent_118,0.1895751953125,0.1240234375,0.05450439453125,0.18115234375,0.427734375
3388,M_1104_40y0m_1_dysfluent_119,0.3056640625,0.16455078125,0.021820068359375,0.0169830322265625,0.1751708984375
3389,M_1104_40y0m_1_dysfluent_120,0.4853515625,0.2359619140625,0.06878662109375,0.045257568359375,0.162109375
3390,M_1104_40y0m_1_dysfluent_121,0.25244140625,0.1328125,0.014007568359375,0.035675048828125,0.430419921875
3391,M_1104_40y0m_1_dysfluent_122,0.409423828125,0.1319580078125,0.0119171142578125,0.0239105224609375,0.491455078125
3392,M_1104_40y0m_1_dysfluent_123,0.49853515625,0.185791015625,0.050140380859375,0.0276947021484375,0.0880126953125
3393,M_1104_40y0m_1_dysfluent_124,0.45458984375,0.1273193359375,0.04046630859375,0.0290374755859375,0.06939697265625
3394,M_1104_40y0m_1_dysfluent_125,0.1624755859375,0.1297607421875,0.082275390625,0.0592041015625,0.12286376953125
3395,M_1104_40y0m_1_dysfluent_126,0.484375,0.09136962890625,0.03155517578125,0.048675537109375,0.7607421875
3396,M_1104_40y0m_1_dysfluent_127,0.10894775390625,0.14208984375,0.1807861328125,0.24072265625,0.09173583984375
3397,M_1104_40y0m_1_dysfluent_128,0.2548828125,0.34765625,0.58447265625,0.471923828125,0.2447509765625
3398,M_1104_40y0m_1_dysfluent_129,0.1497802734375,0.10430908203125,0.0226287841796875,0.12066650390625,0.422607421875
3399,M_1104_40y0m_1_dysfluent_130,0.164306640625,0.298095703125,0.11419677734375,0.08050537109375,0.11981201171875
3400,M_1104_40y0m_1_dysfluent_131,0.239013671875,0.222412109375,0.1259765625,0.1795654296875,0.3505859375
3401,M_1104_40y0m_1_dysfluent_132,0.142578125,0.139404296875,0.120361328125,0.20703125,0.377685546875
3402,M_1104_40y0m_1_dysfluent_133,0.148681640625,0.2685546875,0.32763671875,0.343505859375,0.28125
3403,M_1104_40y0m_1_dysfluent_134,0.2093505859375,0.103759765625,0.1124267578125,0.1407470703125,0.290283203125
3404,M_1104_40y0m_1_dysfluent_135,0.1121826171875,0.07574462890625,0.02044677734375,0.030670166015625,0.1383056640625
3405,M_1104_40y0m_1_dysfluent_136,0.5439453125,0.10687255859375,0.05633544921875,0.08282470703125,0.71533203125
3406,M_1104_40y0m_1_dysfluent_137,0.1998291015625,0.217529296875,0.150146484375,0.326171875,0.81396484375
3407,M_1104_40y0m_1_dysfluent_138,0.5556640625,0.11968994140625,0.0379638671875,0.05718994140625,0.4873046875
3408,M_1104_40y0m_1_dysfluent_139,0.74072265625,0.2281494140625,0.201171875,0.146240234375,0.474609375
3409,M_1104_40y0m_1_dysfluent_140,0.734375,0.173095703125,0.1282958984375,0.08251953125,0.389892578125
3410,M_1104_40y0m_1_dysfluent_141,0.1497802734375,0.29638671875,0.2059326171875,0.0970458984375,0.053009033203125
3411,M_1104_40y0m_1_dysfluent_142,0.29248046875,0.1546630859375,0.0265045166015625,0.063232421875,0.70947265625
3412,M_1104_40y0m_1_dysfluent_143,0.2381591796875,0.1485595703125,0.1063232421875,0.1680908203125,0.77099609375
3413,M_1104_40y0m_1_dysfluent_144,0.2381591796875,0.1485595703125,0.1063232421875,0.1680908203125,0.77099609375
3414,M_1104_40y0m_1_dysfluent_145,0.68115234375,0.2420654296875,0.10211181640625,0.114990234375,0.432373046875
3415,M_1104_40y0m_1_dysfluent_146,0.437255859375,0.15966796875,0.10089111328125,0.1871337890625,0.198974609375
3416,M_1104_40y0m_1_dysfluent_147,0.1915283203125,0.102294921875,0.026458740234375,0.06622314453125,0.154541015625
3417,M_1104_40y0m_1_dysfluent_148,0.369384765625,0.1290283203125,0.0177764892578125,0.047088623046875,0.54052734375
3418,M_1104_40y0m_1_dysfluent_149,0.1976318359375,0.0830078125,0.017913818359375,0.05108642578125,0.6416015625
3419,M_1104_40y0m_1_dysfluent_150,0.1541748046875,0.06890869140625,0.007038116455078125,0.0257110595703125,0.09588623046875
3420,M_1104_40y0m_1_dysfluent_151,0.07879638671875,0.1636962890625,0.056640625,0.1363525390625,0.31689453125
3421,M_1104_40y0m_1_dysfluent_152,0.2454833984375,0.11376953125,0.11279296875,0.1539306640625,0.477294921875
3422,M_1104_40y0m_1_dysfluent_153,0.134765625,0.119384765625,0.093994140625,0.2020263671875,0.1708984375
3423,M_1104_40y0m_1_dysfluent_154,0.093017578125,0.090087890625,0.06231689453125,0.1805419921875,0.174072265625
3424,M_1104_40y0m_1_dysfluent_155,0.11029052734375,0.08831787109375,0.029144287109375,0.1448974609375,0.1041259765625
3425,M_1104_40y0m_1_dysfluent_156,0.141357421875,0.2078857421875,0.06951904296875,0.151123046875,0.11083984375
3426,M_1104_40y0m_1_dysfluent_157,0.141357421875,0.2076416015625,0.06939697265625,0.1510009765625,0.11102294921875
3427,M_1104_40y0m_1_dysfluent_158,0.141357421875,0.2078857421875,0.06951904296875,0.151123046875,0.11083984375
3428,M_1104_40y0m_1_dysfluent_159,0.245849609375,0.380126953125,0.070068359375,0.0472412109375,0.2783203125
3429,M_1104_40y0m_1_dysfluent_160,0.1143798828125,0.144775390625,0.02630615234375,0.0255584716796875,0.06488037109375
3430,M_1104_40y0m_1_dysfluent_161,0.1351318359375,0.097412109375,0.041229248046875,0.06524658203125,0.0531005859375
3431,M_1104_40y0m_1_dysfluent_162,0.50341796875,0.1483154296875,0.04595947265625,0.092529296875,0.8408203125
3432,M_1104_40y0m_1_dysfluent_163,0.273193359375,0.10931396484375,0.015838623046875,0.01450347900390625,0.235595703125
3433,M_1104_40y0m_1_dysfluent_164,0.26513671875,0.1375732421875,0.07080078125,0.0394287109375,0.27294921875
3434,M_1104_40y0m_1_dysfluent_165,0.1988525390625,0.10052490234375,0.055419921875,0.1265869140625,0.8544921875
3435,M_1104_40y0m_1_dysfluent_166,0.2005615234375,0.09930419921875,0.050323486328125,0.2037353515625,0.91357421875
3436,M_1104_40y0m_1_dysfluent_167,0.18310546875,0.1929931640625,0.0289764404296875,0.0177764892578125,0.052032470703125
3437,M_1104_40y0m_1_dysfluent_168,0.2119140625,0.11553955078125,0.0271148681640625,0.042724609375,0.244384765625
3438,M_1104_40y0m_1_dysfluent_169,0.1539306640625,0.356689453125,0.09857177734375,0.10821533203125,0.1751708984375
3439,M_1104_40y0m_1_dysfluent_170,0.064208984375,0.1763916015625,0.052337646484375,0.043609619140625,0.0489501953125
3440,M_1104_40y0m_1_dysfluent_171,0.09088134765625,0.284912109375,0.42529296875,0.276611328125,0.09417724609375
3441,M_1104_40y0m_1_dysfluent_172,0.0894775390625,0.356689453125,0.474365234375,0.2919921875,0.1357421875
3442,M_1104_40y0m_1_dysfluent_173,0.36669921875,0.177978515625,0.1534423828125,0.0872802734375,0.163330078125
3443,M_1104_40y0m_1_dysfluent_174,0.28564453125,0.1395263671875,0.09332275390625,0.081787109375,0.1282958984375
3444,M_1104_40y0m_1_dysfluent_175,0.374267578125,0.168212890625,0.0162200927734375,0.0352783203125,0.07159423828125
3445,M_1104_40y0m_1_dysfluent_176,0.07879638671875,0.2325439453125,0.0156707763671875,0.0310821533203125,0.046905517578125
3446,M_1104_40y0m_1_dysfluent_177,0.60986328125,0.197021484375,0.142578125,0.10089111328125,0.109130859375
3447,M_1104_40y0m_1_dysfluent_178,0.52685546875,0.1978759765625,0.1759033203125,0.150634765625,0.11163330078125
3448,M_1104_40y0m_1_dysfluent_179,0.2117919921875,0.2281494140625,0.09466552734375,0.1705322265625,0.290283203125
3449,M_1104_40y0m_1_dysfluent_180,0.061767578125,0.1739501953125,0.07781982421875,0.1746826171875,0.268310546875
3450,M_1104_40y0m_1_dysfluent_181,0.1513671875,0.1363525390625,0.07318115234375,0.12646484375,0.273193359375
3451,M_1104_40y0m_1_dysfluent_182,0.203857421875,0.072509765625,0.01374053955078125,0.04681396484375,0.1444091796875
3452,M_1104_40y0m_1_dysfluent_183,0.114990234375,0.0618896484375,0.0200653076171875,0.072509765625,0.1063232421875
3453,M_1104_40y0m_1_dysfluent_184,0.172607421875,0.2012939453125,0.0469970703125,0.1629638671875,0.13916015625
3454,M_1104_40y0m_1_dysfluent_185,0.0616455078125,0.1304931640625,0.01898193359375,0.10858154296875,0.1500244140625
3455,M_1104_40y0m_1_dysfluent_186,0.1865234375,0.142822265625,0.08209228515625,0.30517578125,0.2119140625
3456,M_1104_40y0m_1_dysfluent_187,0.318603515625,0.11395263671875,0.036712646484375,0.180419921875,0.491455078125
3457,M_1104_40y0m_1_dysfluent_188,0.62353515625,0.170654296875,0.03155517578125,0.0531005859375,0.42138671875
3458,M_1104_40y0m_1_dysfluent_189,0.39111328125,0.1728515625,0.10211181640625,0.07171630859375,0.65380859375
3459,M_1104_40y0m_1_dysfluent_190,0.13134765625,0.318603515625,0.12127685546875,0.36669921875,0.307373046875
3460,M_1104_40y0m_1_dysfluent_191,0.11920166015625,0.256103515625,0.091064453125,0.27294921875,0.169189453125
3461,M_1104_40y0m_1_dysfluent_192,0.1318359375,0.2216796875,0.11395263671875,0.313720703125,0.12115478515625
3462,M_1104_40y0m_1_dysfluent_193,0.2047119140625,0.129638671875,0.01483917236328125,0.05560302734375,0.1856689453125
3463,M_1104_40y0m_1_dysfluent_194,0.1326904296875,0.17529296875,0.00806427001953125,0.0200653076171875,0.046630859375
3464,M_1104_40y0m_1_dysfluent_195,0.15673828125,0.12493896484375,0.035675048828125,0.17724609375,0.1663818359375
3465,M_1104_40y0m_1_dysfluent_196,0.337646484375,0.3544921875,0.0987548828125,0.0224151611328125,0.1446533203125
3466,M_1104_40y0m_1_dysfluent_197,0.32763671875,0.2181396484375,0.06536865234375,0.035675048828125,0.10504150390625
3467,M_1104_40y0m_1_dysfluent_198,0.1033935546875,0.1055908203125,0.04400634765625,0.19091796875,0.73876953125
3468,M_1104_40y0m_1_dysfluent_199,0.6904296875,0.2197265625,0.1134033203125,0.04376220703125,0.1422119140625
3469,M_1104_40y0m_1_dysfluent_200,0.15771484375,0.1767578125,0.03173828125,0.1883544921875,0.410400390625
3470,M_1104_40y0m_1_dysfluent_201,0.1517333984375,0.1402587890625,0.017303466796875,0.09771728515625,0.3984375
3471,M_1104_40y0m_1_dysfluent_202,0.27001953125,0.218994140625,0.0189361572265625,0.06829833984375,0.198974609375
3472,M_1104_40y0m_1_dysfluent_203,0.195556640625,0.2220458984375,0.0296478271484375,0.11676025390625,0.397705078125
3473,M_1104_40y0m_1_dysfluent_204,0.1319580078125,0.1614990234375,0.037689208984375,0.1964111328125,0.444580078125
3474,M_1104_40y0m_1_dysfluent_205,0.139404296875,0.1961669921875,0.03448486328125,0.06768798828125,0.5439453125
3475,M_1104_40y0m_1_dysfluent_206,0.4248046875,0.3427734375,0.0531005859375,0.0209197998046875,0.27783203125
3476,M_1104_40y0m_1_dysfluent_207,0.2138671875,0.1217041015625,0.1044921875,0.1322021484375,0.25341796875
3477,M_1104_40y0m_1_dysfluent_208,0.29248046875,0.10992431640625,0.105224609375,0.1759033203125,0.57861328125
3478,M_1104_40y0m_1_dysfluent_209,0.49072265625,0.1422119140625,0.0341796875,0.0740966796875,0.796875
3479,M_1104_40y0m_1_dysfluent_210,0.495849609375,0.18359375,0.11456298828125,0.171630859375,0.4296875
3480,M_1104_40y0m_1_dysfluent_211,0.5068359375,0.2259521484375,0.203369140625,0.22265625,0.43115234375
3481,M_1104_40y0m_1_dysfluent_212,0.541015625,0.21533203125,0.18115234375,0.2509765625,0.428466796875
3482,M_1104_40y0m_1_dysfluent_213,0.36865234375,0.159912109375,0.258544921875,0.42919921875,0.478271484375
3483,M_1104_40y0m_1_dysfluent_214,0.158935546875,0.262939453125,0.059326171875,0.07861328125,0.552734375
3484,M_1104_40y0m_1_dysfluent_215,0.14697265625,0.2197265625,0.0306243896484375,0.04876708984375,0.564453125
3485,M_1104_40y0m_1_dysfluent_216,0.481201171875,0.26904296875,0.10858154296875,0.12548828125,0.578125
3486,M_1104_40y0m_1_dysfluent_217,0.5703125,0.1646728515625,0.1602783203125,0.126220703125,0.2490234375
3487,M_1104_40y0m_1_dysfluent_218,0.365478515625,0.1805419921875,0.1630859375,0.0775146484375,0.06622314453125
3488,M_1104_40y0m_1_dysfluent_219,0.198486328125,0.1502685546875,0.070556640625,0.053314208984375,0.06256103515625
3489,M_1104_40y0m_1_dysfluent_220,0.09503173828125,0.07684326171875,0.0284881591796875,0.07476806640625,0.06280517578125
3490,M_1104_40y0m_1_dysfluent_221,0.09027099609375,0.0880126953125,0.027008056640625,0.07501220703125,0.07366943359375
3491,M_1104_40y0m_1_dysfluent_222,0.08331298828125,0.09967041015625,0.02685546875,0.0638427734375,0.06744384765625
3492,M_1104_40y0m_1_dysfluent_223,0.10894775390625,0.08831787109375,0.035614013671875,0.21044921875,0.43798828125
3493,M_1104_40y0m_1_fluent_000,0.1798095703125,0.10760498046875,0.0855712890625,0.28369140625,0.2313232421875
3494,M_1104_40y0m_1_fluent_001,0.11260986328125,0.16259765625,0.08123779296875,0.0311431884765625,0.052703857421875
3495,M_1104_40y0m_1_fluent_002,0.09930419921875,0.1463623046875,0.00701141357421875,0.021453857421875,0.041534423828125
3496,M_1104_40y0m_1_fluent_003,0.0312042236328125,0.1954345703125,0.0143890380859375,0.037689208984375,0.060638427734375
3497,M_1104_40y0m_1_fluent_004,0.174560546875,0.08538818359375,0.03662109375,0.13818359375,0.359375
3498,M_1104_40y0m_1_fluent_005,0.0192413330078125,0.09515380859375,0.00989532470703125,0.0305633544921875,0.1396484375
3499,M_1104_40y0m_1_fluent_006,0.171142578125,0.268310546875,0.04327392578125,0.04351806640625,0.365478515625
3500,M_1104_40y0m_1_fluent_007,0.09912109375,0.1751708984375,0.030853271484375,0.038116455078125,0.0948486328125
3501,M_1104_40y0m_1_fluent_008,0.0810546875,0.1290283203125,0.055511474609375,0.09912109375,0.445556640625
3502,M_1104_40y0m_1_fluent_009,0.09124755859375,0.08465576171875,0.004573822021484375,0.01384735107421875,0.06292724609375
3503,M_1104_40y0m_1_fluent_010,0.15966796875,0.1812744140625,0.09039306640625,0.048492431640625,0.1600341796875
3504,M_1104_40y0m_1_fluent_011,0.1402587890625,0.09039306640625,0.02288818359375,0.1070556640625,0.51708984375
3505,M_1104_40y0m_1_fluent_012,0.1114501953125,0.10302734375,0.01422882080078125,0.030914306640625,0.1358642578125
3506,M_1104_40y0m_1_fluent_013,0.05340576171875,0.1416015625,0.08209228515625,0.1781005859375,0.1812744140625
3507,M_1104_40y0m_1_fluent_014,0.1766357421875,0.0889892578125,0.048126220703125,0.1983642578125,0.273193359375
3508,M_1104_40y0m_1_fluent_015,0.072509765625,0.1859130859375,0.07574462890625,0.0753173828125,0.135498046875
3509,M_1104_40y0m_1_fluent_016,0.0582275390625,0.0810546875,0.005344390869140625,0.028594970703125,0.1494140625
3510,M_1104_40y0m_1_fluent_017,0.08526611328125,0.1297607421875,0.11029052734375,0.25927734375,0.356201171875
3511,M_1104_40y0m_1_fluent_018,0.2215576171875,0.198974609375,0.166015625,0.1619873046875,0.212890625
3512,M_1104_40y0m_1_fluent_019,0.143310546875,0.09039306640625,0.0260009765625,0.11474609375,0.5146484375
3513,M_1104_40y0m_1_fluent_020,0.126953125,0.10015869140625,0.026611328125,0.034881591796875,0.14013671875
3514,M_1104_40y0m_1_fluent_021,0.1077880859375,0.09619140625,0.038543701171875,0.091064453125,0.1253662109375
3515,M_1104_40y0m_1_fluent_022,0.09771728515625,0.15869140625,0.018829345703125,0.0202178955078125,0.051849365234375
3516,M_1104_40y0m_1_fluent_023,0.2327880859375,0.1934814453125,0.135009765625,0.2125244140625,0.1361083984375
3517,M_1104_40y0m_1_fluent_024,0.06646728515625,0.18115234375,0.184326171875,0.1591796875,0.116943359375
3518,M_1104_40y0m_1_fluent_025,0.1143798828125,0.060760498046875,0.012237548828125,0.0341796875,0.443359375
3519,M_1104_40y0m_1_fluent_026,0.035491943359375,0.09075927734375,0.00731658935546875,0.0224609375,0.2078857421875
3520,M_1104_40y0m_1_fluent_027,0.078369140625,0.0938720703125,0.0999755859375,0.053802490234375,0.042388916015625
3521,M_1104_40y0m_1_fluent_028,0.1343994140625,0.11737060546875,0.017852783203125,0.046905517578125,0.379638671875
3522,M_1104_40y0m_1_fluent_029,0.09368896484375,0.09967041015625,0.11962890625,0.05194091796875,0.1077880859375
3523,M_1104_40y0m_1_fluent_030,0.1829833984375,0.08740234375,0.02203369140625,0.11102294921875,0.408447265625
3524,M_1104_40y0m_1_fluent_031,0.0823974609375,0.12066650390625,0.03173828125,0.051361083984375,0.26513671875
3525,M_1104_40y0m_1_fluent_032,0.46923828125,0.2247314453125,0.2420654296875,0.344970703125,0.4990234375
3526,M_1104_40y0m_1_fluent_033,0.1416015625,0.11395263671875,0.0289306640625,0.07464599609375,0.2095947265625
3527,M_1104_40y0m_1_fluent_034,0.11102294921875,0.07696533203125,0.00963592529296875,0.0239105224609375,0.038909912109375
3528,M_1104_40y0m_1_fluent_035,0.45458984375,0.255615234375,0.260009765625,0.314453125,0.352783203125
3529,M_1104_40y0m_1_fluent_036,0.26416015625,0.302001953125,0.040313720703125,0.04779052734375,0.0704345703125
3530,M_1104_40y0m_1_fluent_037,0.252685546875,0.1298828125,0.055206298828125,0.2568359375,0.413330078125
3531,M_1104_40y0m_1_fluent_038,0.1153564453125,0.222900390625,0.191162109375,0.09912109375,0.1455078125
3532,M_1104_40y0m_1_fluent_039,0.1343994140625,0.103759765625,0.0504150390625,0.1070556640625,0.268310546875
3533,M_1104_40y0m_1_fluent_040,0.151123046875,0.09185791015625,0.1153564453125,0.0775146484375,0.2384033203125
3534,M_1104_40y0m_1_fluent_041,0.25634765625,0.1767578125,0.060638427734375,0.270751953125,0.2093505859375
3535,M_1104_40y0m_1_fluent_042,0.14404296875,0.194091796875,0.15283203125,0.0472412109375,0.116943359375
3536,M_1104_40y0m_1_fluent_043,0.10821533203125,0.11083984375,0.015838623046875,0.034088134765625,0.11456298828125
3537,M_1104_40y0m_1_fluent_044,0.11376953125,0.14501953125,0.024932861328125,0.033203125,0.1253662109375
3538,M_1104_40y0m_1_fluent_045,0.07708740234375,0.13037109375,0.05499267578125,0.0592041015625,0.37548828125
3539,M_1104_40y0m_1_fluent_046,0.1983642578125,0.1884765625,0.035614013671875,0.031982421875,0.234375
3540,M_1104_40y0m_1_fluent_047,0.08154296875,0.1259765625,0.04559326171875,0.07965087890625,0.411865234375
3541,M_1104_40y0m_1_fluent_048,0.27978515625,0.1175537109375,0.057281494140625,0.1353759765625,0.13525390625
3542,M_1104_40y0m_1_fluent_049,0.10760498046875,0.22216796875,0.227783203125,0.08270263671875,0.08123779296875
3543,M_1104_40y0m_1_fluent_050,0.147705078125,0.16015625,0.0251312255859375,0.1883544921875,0.254150390625
3544,M_1104_40y0m_1_fluent_051,0.04010009765625,0.19091796875,0.0163421630859375,0.0185394287109375,0.048583984375
3545,M_1104_40y0m_1_fluent_052,0.266357421875,0.1729736328125,0.07147216796875,0.0855712890625,0.482421875
3546,M_1104_40y0m_1_fluent_053,0.31640625,0.177001953125,0.128173828125,0.1475830078125,0.257568359375
3547,M_1104_40y0m_1_fluent_054,0.045867919921875,0.093994140625,0.004520416259765625,0.02288818359375,0.1214599609375
3548,M_1104_40y0m_1_fluent_055,0.10894775390625,0.1375732421875,0.08197021484375,0.2088623046875,0.417724609375
3549,M_1104_40y0m_1_fluent_056,0.362060546875,0.1976318359375,0.1893310546875,0.44384765625,0.74658203125
3550,M_1104_40y0m_1_fluent_057,0.1285400390625,0.1514892578125,0.0831298828125,0.2020263671875,0.431396484375
3551,M_1104_40y0m_1_fluent_058,0.1810302734375,0.09979248046875,0.00981903076171875,0.06915283203125,0.521484375
3552,M_1104_40y0m_1_fluent_059,0.032470703125,0.1341552734375,0.0213623046875,0.0266571044921875,0.037261962890625
3553,M_1104_40y0m_1_fluent_060,0.20068359375,0.1910400390625,0.07171630859375,0.042816162109375,0.1910400390625
3554,M_1104_40y0m_1_fluent_061,0.06646728515625,0.08251953125,0.004520416259765625,0.016021728515625,0.059661865234375
3555,M_1104_40y0m_1_fluent_062,0.040679931640625,0.08648681640625,0.004665374755859375,0.0217437744140625,0.1715087890625
3556,M_1104_40y0m_1_fluent_063,0.177490234375,0.06719970703125,0.01450347900390625,0.05194091796875,0.490234375
3557,M_1104_40y0m_1_fluent_064,0.484130859375,0.2191162109375,0.0966796875,0.0850830078125,0.091064453125
3558,M_1104_40y0m_1_fluent_065,0.07965087890625,0.1617431640625,0.042083740234375,0.05987548828125,0.1358642578125
3559,M_1104_40y0m_1_fluent_066,0.289794921875,0.2069091796875,0.1448974609375,0.26318359375,0.2186279296875
3560,M_1104_40y0m_1_fluent_067,0.08990478515625,0.17724609375,0.07135009765625,0.0345458984375,0.059539794921875
3561,M_1104_40y0m_1_fluent_068,0.126953125,0.157958984375,0.0323486328125,0.157470703125,0.152587890625
3562,M_1104_40y0m_1_fluent_069,0.08587646484375,0.216796875,0.02203369140625,0.0311431884765625,0.07781982421875
3563,M_1104_40y0m_1_fluent_070,0.17626953125,0.091552734375,0.01090240478515625,0.07080078125,0.51513671875
3564,M_1104_40y0m_1_fluent_071,0.0604248046875,0.10107421875,0.004070281982421875,0.01049041748046875,0.0472412109375
3565,M_1104_40y0m_1_fluent_072,0.2568359375,0.09088134765625,0.053985595703125,0.10992431640625,0.390625
3566,M_1104_40y0m_1_fluent_073,0.06829833984375,0.1666259765625,0.070068359375,0.03424072265625,0.05224609375
3567,M_1104_40y0m_1_fluent_074,0.08526611328125,0.241455078125,0.1708984375,0.073974609375,0.050048828125
3568,M_1104_40y0m_1_fluent_075,0.19775390625,0.0994873046875,0.00989532470703125,0.063232421875,0.49853515625
3569,M_1104_40y0m_1_fluent_076,0.53857421875,0.25732421875,0.259765625,0.406494140625,0.61474609375
3570,M_1104_40y0m_1_fluent_077,0.045257568359375,0.263671875,0.0261993408203125,0.05987548828125,0.06683349609375
3571,M_1104_40y0m_1_fluent_078,0.1055908203125,0.23779296875,0.25732421875,0.10858154296875,0.0723876953125
3572,M_1104_40y0m_1_fluent_079,0.217529296875,0.0948486328125,0.0235595703125,0.09771728515625,0.6259765625
3573,M_1104_40y0m_1_fluent_080,0.204833984375,0.059112548828125,0.0154266357421875,0.040618896484375,0.291015625
3574,M_1104_40y0m_1_fluent_081,0.07366943359375,0.06268310546875,0.0104522705078125,0.017578125,0.05450439453125
3575,M_1104_40y0m_1_fluent_082,0.198486328125,0.2459716796875,0.10247802734375,0.047088623046875,0.1500244140625
3576,M_1104_40y0m_1_fluent_083,0.11297607421875,0.240234375,0.265380859375,0.10467529296875,0.09234619140625
3577,M_1104_40y0m_1_fluent_084,0.120849609375,0.172607421875,0.05718994140625,0.0299224853515625,0.039947509765625
3578,M_1104_40y0m_1_fluent_085,0.35302734375,0.2049560546875,0.1318359375,0.240966796875,0.454345703125
3579,M_1104_40y0m_1_fluent_086,0.2310791015625,0.197021484375,0.13427734375,0.306640625,0.28466796875
3580,M_1104_40y0m_1_fluent_087,0.0843505859375,0.07208251953125,0.015899658203125,0.06805419921875,0.076416015625
3581,M_1104_40y0m_1_fluent_088,0.254150390625,0.144287109375,0.03582763671875,0.058013916015625,0.0782470703125
3582,M_1104_40y0m_1_fluent_089,0.1510009765625,0.08416748046875,0.0304412841796875,0.06744384765625,0.2568359375
3583,M_1104_40y0m_1_fluent_090,0.0728759765625,0.20703125,0.13330078125,0.09600830078125,0.1324462890625
3584,M_1104_40y0m_1_fluent_091,0.1549072265625,0.08135986328125,0.01061248779296875,0.017913818359375,0.0303802490234375
3585,M_1104_40y0m_1_fluent_092,0.155517578125,0.08343505859375,0.023101806640625,0.053314208984375,0.32421875
3586,M_1104_40y0m_1_fluent_093,0.14306640625,0.258544921875,0.267333984375,0.06707763671875,0.0823974609375
3587,M_1104_40y0m_1_fluent_094,0.306884765625,0.229736328125,0.1766357421875,0.2548828125,0.2198486328125
3588,M_1104_40y0m_1_fluent_095,0.355224609375,0.141845703125,0.0521240234375,0.1217041015625,0.1927490234375
3589,M_1104_40y0m_1_fluent_096,0.06695556640625,0.11199951171875,0.0188751220703125,0.02880859375,0.12158203125
3590,M_1105_21y0m_1_dysfluent_000,0.057586669921875,0.206787109375,0.3115234375,0.10577392578125,0.09722900390625
3591,M_1105_21y0m_1_dysfluent_001,0.1640625,0.363525390625,0.6962890625,0.376220703125,0.2406005859375
3592,M_1105_21y0m_1_dysfluent_002,0.0704345703125,0.271484375,0.352294921875,0.11676025390625,0.09857177734375
3593,M_1105_21y0m_1_dysfluent_003,0.17724609375,0.09600830078125,0.093505859375,0.14208984375,0.258056640625
3594,M_1105_21y0m_1_dysfluent_004,0.06817626953125,0.203857421875,0.237060546875,0.10797119140625,0.06646728515625
3595,M_1105_21y0m_1_dysfluent_005,0.055511474609375,0.337646484375,0.3291015625,0.091064453125,0.10821533203125
3596,M_1105_21y0m_1_dysfluent_006,0.09515380859375,0.310791015625,0.27783203125,0.1077880859375,0.136962890625
3597,M_1105_21y0m_1_dysfluent_007,0.59521484375,0.29736328125,0.505859375,0.296630859375,0.355224609375
3598,M_1105_21y0m_1_dysfluent_008,0.03155517578125,0.281494140625,0.06903076171875,0.0740966796875,0.09283447265625
3599,M_1105_21y0m_1_dysfluent_009,0.03155517578125,0.281494140625,0.06890869140625,0.0740966796875,0.09283447265625
3600,M_1105_21y0m_1_dysfluent_010,0.1650390625,0.22265625,0.1304931640625,0.2430419921875,0.10992431640625
3601,M_1105_21y0m_1_dysfluent_011,0.04248046875,0.1334228515625,0.0938720703125,0.1121826171875,0.1751708984375
3602,M_1105_21y0m_1_dysfluent_012,0.042327880859375,0.2161865234375,0.118408203125,0.059417724609375,0.14208984375
3603,M_1105_21y0m_1_dysfluent_013,0.04296875,0.1583251953125,0.21728515625,0.11029052734375,0.1702880859375
3604,M_1105_21y0m_1_dysfluent_014,0.048858642578125,0.199951171875,0.1512451171875,0.055816650390625,0.1134033203125
3605,M_1105_21y0m_1_dysfluent_015,0.0496826171875,0.1951904296875,0.124755859375,0.027740478515625,0.0489501953125
3606,M_1105_21y0m_1_dysfluent_016,0.060089111328125,0.13671875,0.194580078125,0.08978271484375,0.157470703125
3607,M_1105_21y0m_1_dysfluent_017,0.07611083984375,0.184326171875,0.097412109375,0.207275390625,0.438232421875
3608,M_1105_21y0m_1_dysfluent_018,0.11419677734375,0.1798095703125,0.2362060546875,0.443115234375,0.29638671875
3609,M_1105_21y0m_1_dysfluent_019,0.04327392578125,0.29443359375,0.2119140625,0.1397705078125,0.1248779296875
3610,M_1105_21y0m_1_dysfluent_020,0.04327392578125,0.29443359375,0.2119140625,0.1397705078125,0.1248779296875
3611,M_1105_21y0m_1_dysfluent_021,0.052032470703125,0.08740234375,0.059326171875,0.0258636474609375,0.021240234375
3612,M_1105_21y0m_1_dysfluent_022,0.052032470703125,0.08740234375,0.059326171875,0.0258636474609375,0.021240234375
3613,M_1105_21y0m_1_dysfluent_023,0.052032470703125,0.08740234375,0.059326171875,0.0258636474609375,0.021240234375
3614,M_1105_21y0m_1_dysfluent_024,0.12548828125,0.277587890625,0.52734375,0.490234375,0.4345703125
3615,M_1105_21y0m_1_dysfluent_025,0.1015625,0.27294921875,0.51123046875,0.434326171875,0.40380859375
3616,M_1105_21y0m_1_dysfluent_026,0.0299835205078125,0.16259765625,0.080810546875,0.2294921875,0.452880859375
3617,M_1105_21y0m_1_dysfluent_027,0.0341796875,0.250244140625,0.055816650390625,0.063232421875,0.2427978515625
3618,M_1105_21y0m_1_dysfluent_028,0.049224853515625,0.285400390625,0.03179931640625,0.037322998046875,0.2265625
3619,M_1105_21y0m_1_dysfluent_029,0.06781005859375,0.2666015625,0.03955078125,0.044097900390625,0.4951171875
3620,M_1105_21y0m_1_dysfluent_030,0.06878662109375,0.27490234375,0.5224609375,0.26318359375,0.290283203125
3621,M_1105_21y0m_1_dysfluent_031,0.0640869140625,0.2076416015625,0.1929931640625,0.26416015625,0.09332275390625
3622,M_1105_21y0m_1_dysfluent_032,0.0504150390625,0.33642578125,0.1435546875,0.09368896484375,0.06463623046875
3623,M_1105_21y0m_1_dysfluent_033,0.0472412109375,0.354736328125,0.1585693359375,0.0894775390625,0.0704345703125
3624,M_1105_21y0m_1_dysfluent_034,0.063232421875,0.313232421875,0.444580078125,0.2069091796875,0.075439453125
3625,M_1105_21y0m_1_dysfluent_035,0.055511474609375,0.328125,0.486328125,0.1351318359375,0.0894775390625
3626,M_1105_21y0m_1_dysfluent_036,0.0241851806640625,0.21484375,0.1094970703125,0.0782470703125,0.089111328125
3627,M_1105_21y0m_1_dysfluent_037,0.0894775390625,0.240234375,0.06610107421875,0.0704345703125,0.09619140625
3628,M_1105_21y0m_1_dysfluent_038,0.09637451171875,0.2193603515625,0.222412109375,0.247802734375,0.1094970703125
3629,M_1105_21y0m_1_dysfluent_039,0.04840087890625,0.24853515625,0.1934814453125,0.1456298828125,0.091552734375
3630,M_1105_21y0m_1_dysfluent_040,0.048492431640625,0.24853515625,0.193603515625,0.1456298828125,0.091552734375
3631,M_1105_21y0m_1_dysfluent_041,0.10125732421875,0.339599609375,0.63623046875,0.1878662109375,0.1077880859375
3632,M_1105_21y0m_1_dysfluent_042,0.0574951171875,0.2303466796875,0.056549072265625,0.092529296875,0.223388671875
3633,M_1105_21y0m_1_dysfluent_043,0.053009033203125,0.294677734375,0.29345703125,0.1044921875,0.0850830078125
3634,M_1105_21y0m_1_dysfluent_044,0.12408447265625,0.241455078125,0.11181640625,0.05645751953125,0.24560546875
3635,M_1105_21y0m_1_dysfluent_045,0.12408447265625,0.241455078125,0.11181640625,0.05645751953125,0.24560546875
3636,M_1105_21y0m_1_dysfluent_046,0.06719970703125,0.2117919921875,0.1781005859375,0.07598876953125,0.2421875
3637,M_1105_21y0m_1_dysfluent_047,0.263916015625,0.25732421875,0.15087890625,0.059326171875,0.53076171875
3638,M_1105_21y0m_1_dysfluent_048,0.2120361328125,0.33642578125,0.38427734375,0.2734375,0.09368896484375
3639,M_1105_21y0m_1_dysfluent_049,0.056549072265625,0.21728515625,0.08880615234375,0.0838623046875,0.06756591796875
3640,M_1105_21y0m_1_dysfluent_050,0.196044921875,0.2333984375,0.41162109375,0.298828125,0.2452392578125
3641,M_1105_21y0m_1_dysfluent_051,0.2186279296875,0.3125,0.55322265625,0.43701171875,0.35498046875
3642,M_1105_21y0m_1_dysfluent_052,0.0321044921875,0.168212890625,0.1104736328125,0.08062744140625,0.04107666015625
3643,M_1105_21y0m_1_dysfluent_053,0.0273284912109375,0.1883544921875,0.157958984375,0.06829833984375,0.0537109375
3644,M_1105_21y0m_1_dysfluent_054,0.023193359375,0.1806640625,0.10125732421875,0.058135986328125,0.050994873046875
3645,M_1105_21y0m_1_dysfluent_055,0.0255584716796875,0.1954345703125,0.07879638671875,0.046295166015625,0.06561279296875
3646,M_1105_21y0m_1_dysfluent_056,0.11859130859375,0.33154296875,0.499267578125,0.1446533203125,0.06719970703125
3647,M_1105_21y0m_1_dysfluent_057,0.11859130859375,0.33154296875,0.499267578125,0.1446533203125,0.06719970703125
3648,M_1105_21y0m_1_dysfluent_058,0.056549072265625,0.2152099609375,0.475341796875,0.270751953125,0.12420654296875
3649,M_1105_21y0m_1_dysfluent_059,0.185546875,0.377197265625,0.489013671875,0.118408203125,0.169921875
3650,M_1105_21y0m_1_dysfluent_060,0.1856689453125,0.377197265625,0.4892578125,0.118408203125,0.1700439453125
3651,M_1105_21y0m_1_dysfluent_061,0.43310546875,0.2362060546875,0.1737060546875,0.1607666015625,0.19091796875
3652,M_1105_21y0m_1_dysfluent_062,0.4404296875,0.243408203125,0.158935546875,0.193359375,0.2218017578125
3653,M_1105_21y0m_1_dysfluent_063,0.33447265625,0.30078125,0.27685546875,0.1314697265625,0.30859375
3654,M_1105_21y0m_1_dysfluent_064,0.045684814453125,0.304443359375,0.2476806640625,0.102294921875,0.05987548828125
3655,M_1105_21y0m_1_dysfluent_065,0.078369140625,0.296875,0.44287109375,0.1622314453125,0.0762939453125
3656,M_1105_21y0m_1_dysfluent_066,0.04217529296875,0.1754150390625,0.1864013671875,0.1502685546875,0.0872802734375
3657,M_1105_21y0m_1_dysfluent_067,0.03955078125,0.2578125,0.326171875,0.091064453125,0.1187744140625
3658,M_1105_21y0m_1_dysfluent_068,0.07452392578125,0.265625,0.1517333984375,0.1285400390625,0.1236572265625
3659,M_1105_21y0m_1_dysfluent_069,0.052032470703125,0.26806640625,0.300537109375,0.13916015625,0.057373046875
3660,M_1105_21y0m_1_dysfluent_070,0.08038330078125,0.291015625,0.370361328125,0.281005859375,0.1246337890625
3661,M_1105_21y0m_1_dysfluent_071,0.08135986328125,0.306640625,0.371826171875,0.26904296875,0.1370849609375
3662,M_1105_21y0m_1_dysfluent_072,0.062103271484375,0.28564453125,0.2462158203125,0.218017578125,0.105224609375
3663,M_1105_21y0m_1_dysfluent_073,0.37548828125,0.298828125,0.53173828125,0.413818359375,0.2225341796875
3664,M_1105_21y0m_1_dysfluent_074,0.1461181640625,0.232177734375,0.463134765625,0.336669921875,0.1790771484375
3665,M_1105_21y0m_1_dysfluent_075,0.10015869140625,0.1929931640625,0.288330078125,0.25146484375,0.230224609375
3666,M_1105_21y0m_1_dysfluent_076,0.10321044921875,0.233154296875,0.44384765625,0.2587890625,0.18896484375
3667,M_1105_21y0m_1_dysfluent_077,0.09039306640625,0.29736328125,0.61181640625,0.27001953125,0.2130126953125
3668,M_1105_21y0m_1_dysfluent_078,0.1070556640625,0.321044921875,0.6103515625,0.300537109375,0.1761474609375
3669,M_1105_21y0m_1_dysfluent_079,0.0699462890625,0.308837890625,0.45166015625,0.203369140625,0.2137451171875
3670,M_1105_21y0m_1_dysfluent_080,0.08477783203125,0.307373046875,0.470947265625,0.2493896484375,0.37255859375
3671,M_1105_21y0m_1_dysfluent_081,0.05126953125,0.2802734375,0.2352294921875,0.1707763671875,0.353271484375
3672,M_1105_21y0m_1_dysfluent_082,0.0880126953125,0.3251953125,0.5185546875,0.261962890625,0.1214599609375
3673,M_1105_21y0m_1_dysfluent_083,0.0880126953125,0.3251953125,0.5185546875,0.261962890625,0.1214599609375
3674,M_1105_21y0m_1_dysfluent_084,0.0880126953125,0.3251953125,0.5185546875,0.261962890625,0.1214599609375
3675,M_1105_21y0m_1_dysfluent_085,0.07122802734375,0.240966796875,0.395751953125,0.34521484375,0.43603515625
3676,M_1105_21y0m_1_dysfluent_086,0.6630859375,0.228515625,0.281005859375,0.17626953125,0.372314453125
3677,M_1105_21y0m_1_dysfluent_087,0.6630859375,0.228515625,0.281005859375,0.17626953125,0.372314453125
3678,M_1105_21y0m_1_dysfluent_088,0.6416015625,0.252197265625,0.39208984375,0.199951171875,0.2822265625
3679,M_1105_21y0m_1_dysfluent_089,0.52490234375,0.1995849609375,0.381591796875,0.172607421875,0.1971435546875
3680,M_1105_21y0m_1_dysfluent_090,0.1431884765625,0.19775390625,0.28564453125,0.1910400390625,0.11614990234375
3681,M_1105_21y0m_1_dysfluent_091,0.048309326171875,0.263916015625,0.303955078125,0.1007080078125,0.07476806640625
3682,M_1105_21y0m_1_dysfluent_092,0.0618896484375,0.2890625,0.337158203125,0.082275390625,0.06866455078125
3683,M_1105_21y0m_1_dysfluent_093,0.1331787109375,0.28564453125,0.472412109375,0.295654296875,0.11065673828125
3684,M_1105_21y0m_1_dysfluent_094,0.135986328125,0.279541015625,0.576171875,0.385498046875,0.2349853515625
3685,M_1105_21y0m_1_dysfluent_095,0.144287109375,0.223876953125,0.51171875,0.3359375,0.28759765625
3686,M_1105_21y0m_1_dysfluent_096,0.147216796875,0.342041015625,0.70556640625,0.290283203125,0.224365234375
3687,M_1105_21y0m_1_dysfluent_097,0.1083984375,0.281982421875,0.6142578125,0.2325439453125,0.305419921875
3688,M_1105_21y0m_1_dysfluent_098,0.1279296875,0.249267578125,0.41748046875,0.377197265625,0.237548828125
3689,M_1105_21y0m_1_dysfluent_099,0.110107421875,0.267333984375,0.4755859375,0.431396484375,0.2103271484375
3690,M_1105_21y0m_1_dysfluent_100,0.059539794921875,0.313720703125,0.412109375,0.1114501953125,0.08648681640625
3691,M_1105_21y0m_1_dysfluent_101,0.052032470703125,0.28857421875,0.355712890625,0.10931396484375,0.0792236328125
3692,M_1105_21y0m_1_dysfluent_102,0.07366943359375,0.169677734375,0.41455078125,0.146484375,0.052520751953125
3693,M_1105_21y0m_1_dysfluent_103,0.07366943359375,0.169677734375,0.41455078125,0.146484375,0.052520751953125
3694,M_1105_21y0m_1_dysfluent_104,0.1175537109375,0.293212890625,0.499267578125,0.379150390625,0.1270751953125
3695,M_1105_21y0m_1_dysfluent_105,0.1175537109375,0.293212890625,0.499267578125,0.379150390625,0.1270751953125
3696,M_1105_21y0m_1_dysfluent_106,0.06231689453125,0.2548828125,0.317626953125,0.1492919921875,0.09124755859375
3697,M_1105_21y0m_1_dysfluent_107,0.07080078125,0.260498046875,0.37451171875,0.169677734375,0.1328125
3698,M_1105_21y0m_1_dysfluent_108,0.06622314453125,0.212890625,0.1669921875,0.08135986328125,0.09857177734375
3699,M_1105_21y0m_1_dysfluent_109,0.044586181640625,0.20947265625,0.189208984375,0.1446533203125,0.060638427734375
3700,M_1105_21y0m_1_dysfluent_110,0.044189453125,0.2113037109375,0.147216796875,0.11798095703125,0.049407958984375
3701,M_1105_21y0m_1_dysfluent_111,0.0287017822265625,0.1231689453125,0.089599609375,0.136474609375,0.1856689453125
3702,M_1105_21y0m_1_dysfluent_112,0.0460205078125,0.2218017578125,0.31689453125,0.2237548828125,0.1473388671875
3703,M_1105_21y0m_1_dysfluent_113,0.06396484375,0.2919921875,0.27978515625,0.2130126953125,0.1763916015625
3704,M_1105_21y0m_1_dysfluent_114,0.07159423828125,0.357666015625,0.40576171875,0.1827392578125,0.1591796875
3705,M_1105_21y0m_1_dysfluent_115,0.060211181640625,0.308349609375,0.34619140625,0.1773681640625,0.1678466796875
3706,M_1105_21y0m_1_dysfluent_116,0.135498046875,0.3466796875,0.564453125,0.2374267578125,0.290283203125
3707,M_1105_21y0m_1_dysfluent_117,0.109130859375,0.1929931640625,0.24853515625,0.1571044921875,0.4404296875
3708,M_1105_21y0m_1_dysfluent_118,0.175537109375,0.315673828125,0.61279296875,0.435546875,0.1953125
3709,M_1105_21y0m_1_dysfluent_119,0.1453857421875,0.383544921875,0.697265625,0.15673828125,0.1417236328125
3710,M_1105_21y0m_1_dysfluent_120,0.100341796875,0.364990234375,0.650390625,0.157470703125,0.11181640625
3711,M_1105_21y0m_1_dysfluent_121,0.1209716796875,0.355224609375,0.63525390625,0.138916015625,0.11798095703125
3712,M_1105_21y0m_1_dysfluent_122,0.28173828125,0.4169921875,0.5859375,0.19677734375,0.114990234375
3713,M_1105_21y0m_1_dysfluent_123,0.25,0.311279296875,0.4365234375,0.17529296875,0.11126708984375
3714,M_1105_21y0m_1_dysfluent_124,0.188232421875,0.316162109375,0.1978759765625,0.07879638671875,0.05072021484375
3715,M_1105_21y0m_1_dysfluent_125,0.07904052734375,0.267822265625,0.2218017578125,0.07598876953125,0.051666259765625
3716,M_1105_21y0m_1_dysfluent_126,0.0753173828125,0.279052734375,0.431396484375,0.1251220703125,0.1282958984375
3717,M_1105_21y0m_1_dysfluent_127,0.062225341796875,0.333984375,0.3359375,0.0966796875,0.1502685546875
3718,M_1105_21y0m_1_dysfluent_128,0.06396484375,0.407958984375,0.294677734375,0.0751953125,0.12420654296875
3719,M_1105_21y0m_1_dysfluent_129,0.06396484375,0.407958984375,0.294921875,0.0751953125,0.12420654296875
3720,M_1105_21y0m_1_dysfluent_130,0.1383056640625,0.265869140625,0.24853515625,0.31298828125,0.19775390625
3721,M_1105_21y0m_1_dysfluent_131,0.0765380859375,0.26025390625,0.4453125,0.28857421875,0.1788330078125
3722,M_1105_21y0m_1_dysfluent_132,0.08038330078125,0.300537109375,0.5927734375,0.32177734375,0.20703125
3723,M_1105_21y0m_1_dysfluent_133,0.09588623046875,0.29931640625,0.5810546875,0.369140625,0.1669921875
3724,M_1105_21y0m_1_dysfluent_134,0.08447265625,0.290771484375,0.6015625,0.3251953125,0.139892578125
3725,M_1105_21y0m_1_dysfluent_135,0.114990234375,0.284912109375,0.444580078125,0.237548828125,0.12042236328125
3726,M_1105_21y0m_1_dysfluent_136,0.12322998046875,0.289306640625,0.491455078125,0.29541015625,0.1463623046875
3727,M_1105_21y0m_1_dysfluent_137,0.10015869140625,0.254150390625,0.32275390625,0.26904296875,0.1319580078125
3728,M_1105_21y0m_1_dysfluent_138,0.0738525390625,0.2158203125,0.266845703125,0.25634765625,0.109130859375
3729,M_1105_21y0m_1_dysfluent_139,0.463623046875,0.21533203125,0.342529296875,0.259765625,0.18505859375
3730,M_1105_21y0m_1_dysfluent_140,0.465576171875,0.1951904296875,0.311767578125,0.256591796875,0.1683349609375
3731,M_1105_21y0m_1_dysfluent_141,0.481689453125,0.2259521484375,0.371826171875,0.34326171875,0.257080078125
3732,M_1105_21y0m_1_dysfluent_142,0.47265625,0.2410888671875,0.33984375,0.410400390625,0.34423828125
3733,M_1105_21y0m_1_dysfluent_143,0.1834716796875,0.298828125,0.53369140625,0.494873046875,0.303955078125
3734,M_1105_21y0m_1_dysfluent_144,0.1165771484375,0.323974609375,0.56982421875,0.3193359375,0.139892578125
3735,M_1105_21y0m_1_dysfluent_145,0.07861328125,0.11181640625,0.045257568359375,0.02947998046875,0.08282470703125
3736,M_1105_21y0m_1_dysfluent_146,0.11553955078125,0.1883544921875,0.1778564453125,0.330078125,0.50439453125
3737,M_1105_21y0m_1_dysfluent_147,0.1259765625,0.2410888671875,0.26220703125,0.21484375,0.44677734375
3738,M_1105_21y0m_1_dysfluent_148,0.04534912109375,0.1851806640625,0.1171875,0.1763916015625,0.08477783203125
3739,M_1105_21y0m_1_dysfluent_149,0.0537109375,0.1163330078125,0.08465576171875,0.1658935546875,0.42041015625
3740,M_1105_21y0m_1_dysfluent_150,0.08050537109375,0.12200927734375,0.0740966796875,0.145751953125,0.43017578125
3741,M_1105_21y0m_1_dysfluent_151,0.07080078125,0.11737060546875,0.0535888671875,0.100341796875,0.350830078125
3742,M_1105_21y0m_1_dysfluent_152,0.0634765625,0.25634765625,0.1705322265625,0.1949462890625,0.1851806640625
3743,M_1105_21y0m_1_dysfluent_153,0.045257568359375,0.25341796875,0.386962890625,0.181640625,0.1607666015625
3744,M_1105_21y0m_1_dysfluent_154,0.046722412109375,0.2493896484375,0.372802734375,0.1837158203125,0.1490478515625
3745,M_1105_21y0m_1_dysfluent_155,0.044586181640625,0.253662109375,0.3818359375,0.1329345703125,0.10089111328125
3746,M_1105_21y0m_1_dysfluent_156,0.044677734375,0.2548828125,0.412841796875,0.152587890625,0.0994873046875
3747,M_1105_21y0m_1_dysfluent_157,0.063232421875,0.198486328125,0.281494140625,0.32568359375,0.1795654296875
3748,M_1105_21y0m_1_dysfluent_158,0.10015869140625,0.250244140625,0.44091796875,0.44580078125,0.2225341796875
3749,M_1105_21y0m_1_dysfluent_159,0.060760498046875,0.2218017578125,0.37255859375,0.330322265625,0.229248046875
3750,M_1105_21y0m_1_dysfluent_160,0.0526123046875,0.274169921875,0.189208984375,0.08758544921875,0.2119140625
3751,M_1105_21y0m_1_dysfluent_161,0.047332763671875,0.248046875,0.2012939453125,0.10821533203125,0.3095703125
3752,M_1105_21y0m_1_dysfluent_162,0.05877685546875,0.29931640625,0.2413330078125,0.1513671875,0.34912109375
3753,M_1105_21y0m_1_dysfluent_163,0.05877685546875,0.29931640625,0.2410888671875,0.1512451171875,0.34912109375
3754,M_1105_21y0m_1_dysfluent_164,0.060302734375,0.278076171875,0.1285400390625,0.11376953125,0.1693115234375
3755,M_1105_21y0m_1_dysfluent_165,0.07464599609375,0.3408203125,0.451416015625,0.1441650390625,0.12103271484375
3756,M_1105_21y0m_1_dysfluent_166,0.08978271484375,0.26611328125,0.478759765625,0.33154296875,0.153564453125
3757,M_1105_21y0m_1_dysfluent_167,0.08331298828125,0.247314453125,0.395263671875,0.32373046875,0.1585693359375
3758,M_1105_21y0m_1_dysfluent_168,0.04913330078125,0.202392578125,0.27880859375,0.141357421875,0.07696533203125
3759,M_1105_21y0m_1_dysfluent_169,0.04913330078125,0.202392578125,0.27880859375,0.1412353515625,0.07696533203125
3760,M_1105_21y0m_1_dysfluent_170,0.357177734375,0.13720703125,0.1915283203125,0.15478515625,0.490478515625
3761,M_1105_21y0m_1_dysfluent_171,0.37353515625,0.1370849609375,0.203369140625,0.1912841796875,0.49560546875
3762,M_1105_21y0m_1_dysfluent_172,0.4384765625,0.1533203125,0.18994140625,0.2255859375,0.494140625
3763,M_1105_21y0m_1_dysfluent_173,0.41845703125,0.1427001953125,0.170654296875,0.205810546875,0.51220703125
3764,M_1105_21y0m_1_dysfluent_174,0.059112548828125,0.30859375,0.412109375,0.089599609375,0.08599853515625
3765,M_1105_21y0m_1_dysfluent_175,0.03790283203125,0.2398681640625,0.043121337890625,0.05572509765625,0.10357666015625
3766,M_1105_21y0m_1_dysfluent_176,0.10174560546875,0.27783203125,0.274658203125,0.34521484375,0.3916015625
3767,M_1105_21y0m_1_dysfluent_177,0.10247802734375,0.273193359375,0.416259765625,0.334228515625,0.293212890625
3768,M_1105_21y0m_1_dysfluent_178,0.08990478515625,0.254150390625,0.4990234375,0.384033203125,0.2890625
3769,M_1105_21y0m_1_dysfluent_179,0.058349609375,0.2103271484375,0.376220703125,0.264404296875,0.271728515625
3770,M_1105_21y0m_1_dysfluent_180,0.058349609375,0.2103271484375,0.376220703125,0.264404296875,0.271728515625
3771,M_1105_21y0m_1_dysfluent_181,0.0738525390625,0.318359375,0.599609375,0.2117919921875,0.1998291015625
3772,M_1105_21y0m_1_dysfluent_182,0.09124755859375,0.313232421875,0.572265625,0.281982421875,0.328857421875
3773,M_1105_21y0m_1_dysfluent_183,0.321044921875,0.332275390625,0.468994140625,0.40234375,0.458984375
3774,M_1105_21y0m_1_dysfluent_184,0.346435546875,0.2626953125,0.34814453125,0.40234375,0.54296875
3775,M_1105_21y0m_1_dysfluent_185,0.361328125,0.265625,0.30078125,0.395751953125,0.55322265625
3776,M_1105_21y0m_1_dysfluent_186,0.368408203125,0.22900390625,0.25732421875,0.41015625,0.5849609375
3777,M_1105_21y0m_1_dysfluent_187,0.377197265625,0.257080078125,0.31640625,0.452392578125,0.62841796875
3778,M_1105_21y0m_1_dysfluent_188,0.26025390625,0.1622314453125,0.10107421875,0.1787109375,0.33642578125
3779,M_1105_21y0m_1_dysfluent_189,0.14794921875,0.2091064453125,0.2371826171875,0.1336669921875,0.17822265625
3780,M_1105_21y0m_1_dysfluent_190,0.177001953125,0.3125,0.42138671875,0.294189453125,0.2147216796875
3781,M_1105_21y0m_1_dysfluent_191,0.059112548828125,0.353759765625,0.305419921875,0.171630859375,0.09857177734375
3782,M_1105_21y0m_1_dysfluent_192,0.06903076171875,0.306396484375,0.416015625,0.2467041015625,0.1260986328125
3783,M_1105_21y0m_1_dysfluent_193,0.06109619140625,0.20849609375,0.27490234375,0.255126953125,0.52392578125
3784,M_1105_21y0m_1_dysfluent_194,0.0531005859375,0.24072265625,0.32958984375,0.219482421875,0.2578125
3785,M_1105_21y0m_1_dysfluent_195,0.05072021484375,0.264404296875,0.13330078125,0.0469970703125,0.043609619140625
3786,M_1105_21y0m_1_dysfluent_196,0.06512451171875,0.265380859375,0.386474609375,0.1668701171875,0.1927490234375
3787,M_1105_21y0m_1_dysfluent_197,0.10614013671875,0.26318359375,0.272705078125,0.2447509765625,0.5224609375
3788,M_1105_21y0m_1_dysfluent_198,0.03839111328125,0.2568359375,0.216796875,0.176513671875,0.1915283203125
3789,M_1105_21y0m_1_dysfluent_199,0.07574462890625,0.276611328125,0.126220703125,0.0880126953125,0.1329345703125
3790,M_1105_21y0m_1_dysfluent_200,0.08270263671875,0.23095703125,0.11102294921875,0.1259765625,0.0782470703125
3791,M_1105_21y0m_1_dysfluent_201,0.0489501953125,0.247802734375,0.29052734375,0.12335205078125,0.2213134765625
3792,M_1105_21y0m_1_dysfluent_202,0.06695556640625,0.28369140625,0.283935546875,0.07183837890625,0.05572509765625
3793,M_1105_21y0m_1_dysfluent_203,0.1131591796875,0.279296875,0.54833984375,0.376220703125,0.279541015625
3794,M_1105_21y0m_1_dysfluent_204,0.054290771484375,0.26025390625,0.50146484375,0.2646484375,0.29052734375
3795,M_1105_21y0m_1_dysfluent_205,0.0582275390625,0.2333984375,0.489990234375,0.324462890625,0.255615234375
3796,M_1105_21y0m_1_dysfluent_206,0.048492431640625,0.2230224609375,0.405029296875,0.28466796875,0.2666015625
3797,M_1105_21y0m_1_dysfluent_207,0.06268310546875,0.198974609375,0.36474609375,0.287841796875,0.382080078125
3798,M_1105_21y0m_1_dysfluent_208,0.0765380859375,0.2578125,0.32666015625,0.1656494140625,0.28466796875
3799,M_1105_21y0m_1_dysfluent_209,0.1087646484375,0.29052734375,0.53125,0.234375,0.220703125
3800,M_1105_21y0m_1_dysfluent_210,0.04302978515625,0.2919921875,0.09466552734375,0.0836181640625,0.2890625
3801,M_1105_21y0m_1_dysfluent_211,0.04986572265625,0.306396484375,0.1455078125,0.1387939453125,0.240234375
3802,M_1105_21y0m_1_dysfluent_212,0.03662109375,0.1424560546875,0.10015869140625,0.2005615234375,0.313232421875
3803,M_1105_21y0m_1_dysfluent_213,0.035064697265625,0.1285400390625,0.2220458984375,0.1639404296875,0.1114501953125
3804,M_1105_21y0m_1_dysfluent_214,0.050994873046875,0.260498046875,0.4248046875,0.1585693359375,0.1195068359375
3805,M_1105_21y0m_1_dysfluent_215,0.1707763671875,0.258056640625,0.466064453125,0.12890625,0.16357421875
3806,M_1105_21y0m_1_dysfluent_216,0.1494140625,0.315185546875,0.60986328125,0.145263671875,0.1644287109375
3807,M_1105_21y0m_1_dysfluent_217,0.08154296875,0.30859375,0.54150390625,0.2548828125,0.21044921875
3808,M_1105_21y0m_1_dysfluent_218,0.0699462890625,0.2352294921875,0.455322265625,0.268798828125,0.281982421875
3809,M_1105_21y0m_1_dysfluent_219,0.0830078125,0.23974609375,0.5205078125,0.2139892578125,0.0889892578125
3810,M_1105_21y0m_1_dysfluent_220,0.04486083984375,0.29833984375,0.26513671875,0.12408447265625,0.10894775390625
3811,M_1105_21y0m_1_dysfluent_221,0.044525146484375,0.297607421875,0.1265869140625,0.1019287109375,0.093994140625
3812,M_1105_21y0m_1_dysfluent_222,0.143798828125,0.3125,0.61279296875,0.45947265625,0.1900634765625
3813,M_1105_21y0m_1_dysfluent_223,0.1475830078125,0.279296875,0.487060546875,0.541015625,0.2069091796875
3814,M_1105_21y0m_1_dysfluent_224,0.35205078125,0.1820068359375,0.267578125,0.337646484375,0.274658203125
3815,M_1105_21y0m_1_dysfluent_225,0.426025390625,0.217529296875,0.355712890625,0.300048828125,0.28369140625
3816,M_1105_21y0m_1_dysfluent_226,0.042877197265625,0.218994140625,0.200439453125,0.1624755859375,0.185546875
3817,M_1105_21y0m_1_dysfluent_227,0.06866455078125,0.2340087890625,0.325927734375,0.21337890625,0.469482421875
3818,M_1105_21y0m_1_dysfluent_228,0.076416015625,0.262451171875,0.20751953125,0.1934814453125,0.475341796875
3819,M_1105_21y0m_1_dysfluent_229,0.10125732421875,0.343017578125,0.71875,0.254150390625,0.146484375
3820,M_1105_21y0m_1_dysfluent_230,0.09808349609375,0.267333984375,0.492919921875,0.255615234375,0.082275390625
3821,M_1105_21y0m_1_dysfluent_231,0.10687255859375,0.28466796875,0.416015625,0.1591796875,0.06683349609375
3822,M_1105_21y0m_1_dysfluent_232,0.075439453125,0.309326171875,0.392822265625,0.1810302734375,0.14697265625
3823,M_1105_21y0m_1_dysfluent_233,0.1812744140625,0.2342529296875,0.2095947265625,0.1134033203125,0.1734619140625
3824,M_1105_21y0m_1_dysfluent_234,0.10247802734375,0.2203369140625,0.218017578125,0.1904296875,0.1876220703125
3825,M_1105_21y0m_1_dysfluent_235,0.07904052734375,0.2109375,0.255615234375,0.1845703125,0.30810546875
3826,M_1105_21y0m_1_dysfluent_236,0.059967041015625,0.2303466796875,0.1937255859375,0.1497802734375,0.31103515625
3827,M_1105_21y0m_1_dysfluent_237,0.05865478515625,0.260986328125,0.3447265625,0.2197265625,0.38525390625
3828,M_1105_21y0m_1_dysfluent_238,0.035064697265625,0.302490234375,0.138671875,0.134033203125,0.387939453125
3829,M_1105_21y0m_1_dysfluent_239,0.10284423828125,0.151611328125,0.09368896484375,0.207275390625,0.2413330078125
3830,M_1105_21y0m_1_dysfluent_240,0.09283447265625,0.270263671875,0.24853515625,0.206298828125,0.10015869140625
3831,M_1105_21y0m_1_dysfluent_241,0.06573486328125,0.285888671875,0.265869140625,0.1988525390625,0.0863037109375
3832,M_1105_21y0m_1_dysfluent_242,0.05389404296875,0.286376953125,0.283203125,0.18212890625,0.0953369140625
3833,M_1105_21y0m_1_dysfluent_243,0.47314453125,0.16357421875,0.321044921875,0.1455078125,0.2381591796875
3834,M_1105_21y0m_1_dysfluent_244,0.53076171875,0.1480712890625,0.28271484375,0.1729736328125,0.17724609375
3835,M_1105_21y0m_1_dysfluent_245,0.6083984375,0.2122802734375,0.36181640625,0.218994140625,0.23583984375
3836,M_1105_21y0m_1_dysfluent_246,0.08587646484375,0.2958984375,0.367431640625,0.09912109375,0.283935546875
3837,M_1105_21y0m_1_dysfluent_247,0.130859375,0.12445068359375,0.1373291015625,0.05877685546875,0.38916015625
3838,M_1105_21y0m_1_dysfluent_248,0.044342041015625,0.1077880859375,0.08770751953125,0.060638427734375,0.306884765625
3839,M_1105_21y0m_1_dysfluent_249,0.0548095703125,0.1580810546875,0.09893798828125,0.079345703125,0.33447265625
3840,M_1105_21y0m_1_dysfluent_250,0.03662109375,0.18994140625,0.1893310546875,0.1368408203125,0.216552734375
3841,M_1105_21y0m_1_dysfluent_251,0.04010009765625,0.18310546875,0.2529296875,0.251953125,0.1585693359375
3842,M_1105_21y0m_1_dysfluent_252,0.053497314453125,0.08929443359375,0.200439453125,0.10723876953125,0.0531005859375
3843,M_1105_21y0m_1_dysfluent_253,0.050994873046875,0.263916015625,0.3427734375,0.102294921875,0.045867919921875
3844,M_1105_21y0m_1_dysfluent_254,0.26220703125,0.1759033203125,0.258544921875,0.1993408203125,0.1842041015625
3845,M_1105_21y0m_1_dysfluent_255,0.374267578125,0.1925048828125,0.182861328125,0.181884765625,0.1983642578125
3846,M_1105_21y0m_1_dysfluent_256,0.244384765625,0.1605224609375,0.1190185546875,0.22021484375,0.2371826171875
3847,M_1105_21y0m_1_dysfluent_257,0.301025390625,0.16748046875,0.12359619140625,0.2298583984375,0.265625
3848,M_1105_21y0m_1_dysfluent_258,0.031982421875,0.283935546875,0.1351318359375,0.07720947265625,0.09722900390625
3849,M_1105_21y0m_1_dysfluent_259,0.033782958984375,0.330078125,0.142822265625,0.08154296875,0.1026611328125
3850,M_1105_21y0m_1_dysfluent_260,0.034759521484375,0.321533203125,0.0855712890625,0.0751953125,0.10015869140625
3851,M_1105_21y0m_1_dysfluent_261,0.0439453125,0.328125,0.07196044921875,0.08154296875,0.16015625
3852,M_1105_21y0m_1_dysfluent_262,0.045013427734375,0.273681640625,0.05560302734375,0.1466064453125,0.381591796875
3853,M_1105_21y0m_1_dysfluent_263,0.043365478515625,0.24658203125,0.298095703125,0.100341796875,0.1488037109375
3854,M_1105_21y0m_1_dysfluent_264,0.043365478515625,0.24658203125,0.298095703125,0.100341796875,0.148681640625
3855,M_1105_21y0m_1_dysfluent_265,0.1617431640625,0.243408203125,0.260009765625,0.1551513671875,0.68994140625
3856,M_1105_21y0m_1_dysfluent_266,0.1533203125,0.2183837890625,0.157470703125,0.11395263671875,0.73095703125
3857,M_1105_21y0m_1_dysfluent_267,0.172119140625,0.263671875,0.308837890625,0.1639404296875,0.69677734375
3858,M_1105_21y0m_1_dysfluent_268,0.172119140625,0.263671875,0.308837890625,0.1639404296875,0.69677734375
3859,M_1105_21y0m_1_dysfluent_269,0.63427734375,0.175537109375,0.219482421875,0.1844482421875,0.623046875
3860,M_1105_21y0m_1_dysfluent_270,0.66015625,0.1634521484375,0.17236328125,0.1837158203125,0.455810546875
3861,M_1105_21y0m_1_dysfluent_271,0.6416015625,0.1436767578125,0.143310546875,0.17578125,0.44482421875
3862,M_1105_21y0m_1_dysfluent_272,0.60205078125,0.1893310546875,0.1676025390625,0.2325439453125,0.62353515625
3863,M_1105_21y0m_1_dysfluent_273,0.46484375,0.2587890625,0.181884765625,0.196533203125,0.521484375
3864,M_1105_21y0m_1_dysfluent_274,0.053802490234375,0.386962890625,0.239013671875,0.06524658203125,0.09234619140625
3865,M_1105_21y0m_1_dysfluent_275,0.1279296875,0.1134033203125,0.09185791015625,0.0312042236328125,0.043853759765625
3866,M_1105_21y0m_1_dysfluent_276,0.258544921875,0.386474609375,0.68212890625,0.29052734375,0.26806640625
3867,M_1105_21y0m_1_dysfluent_277,0.30029296875,0.401611328125,0.6728515625,0.282470703125,0.287841796875
3868,M_1105_21y0m_1_dysfluent_278,0.33740234375,0.40234375,0.662109375,0.280029296875,0.29296875
3869,M_1105_21y0m_1_dysfluent_279,0.10174560546875,0.328369140625,0.68798828125,0.320556640625,0.2208251953125
3870,M_1105_21y0m_1_dysfluent_280,0.07720947265625,0.34130859375,0.623046875,0.25146484375,0.1829833984375
3871,M_1105_21y0m_1_dysfluent_281,0.047332763671875,0.28515625,0.373291015625,0.1702880859375,0.147216796875
3872,M_1105_21y0m_1_dysfluent_282,0.0531005859375,0.306640625,0.385009765625,0.156494140625,0.140380859375
3873,M_1105_21y0m_1_dysfluent_283,0.0531005859375,0.306640625,0.384765625,0.156494140625,0.1405029296875
3874,M_1105_21y0m_1_dysfluent_284,0.48779296875,0.205322265625,0.194580078125,0.265625,0.457763671875
3875,M_1105_21y0m_1_dysfluent_285,0.432373046875,0.264404296875,0.361328125,0.343017578125,0.3134765625
3876,M_1105_21y0m_1_dysfluent_286,0.07354736328125,0.3759765625,0.461669921875,0.226806640625,0.1961669921875
3877,M_1105_21y0m_1_dysfluent_287,0.07354736328125,0.3759765625,0.4619140625,0.226806640625,0.1964111328125
3878,M_1105_21y0m_1_dysfluent_288,0.07354736328125,0.3759765625,0.461669921875,0.226806640625,0.1961669921875
3879,M_1105_21y0m_1_dysfluent_289,0.103759765625,0.36376953125,0.541015625,0.294921875,0.44287109375
3880,M_1105_21y0m_1_dysfluent_290,0.07861328125,0.353515625,0.427978515625,0.1864013671875,0.35791015625
3881,M_1105_21y0m_1_dysfluent_291,0.0755615234375,0.341796875,0.349365234375,0.137939453125,0.3740234375
3882,M_1105_21y0m_1_dysfluent_292,0.07708740234375,0.306640625,0.394287109375,0.07720947265625,0.042572021484375
3883,M_1105_21y0m_1_dysfluent_293,0.07708740234375,0.306396484375,0.394287109375,0.07720947265625,0.042572021484375
3884,M_1105_21y0m_1_dysfluent_294,0.058563232421875,0.34912109375,0.1895751953125,0.051177978515625,0.061981201171875
3885,M_1105_21y0m_1_dysfluent_295,0.03289794921875,0.1646728515625,0.04986572265625,0.0282745361328125,0.05645751953125
3886,M_1105_21y0m_1_dysfluent_296,0.0970458984375,0.387451171875,0.6943359375,0.2017822265625,0.162353515625
3887,M_1105_21y0m_1_dysfluent_297,0.09283447265625,0.38623046875,0.7080078125,0.2000732421875,0.1746826171875
3888,M_1105_21y0m_1_dysfluent_298,0.06878662109375,0.334716796875,0.60107421875,0.1729736328125,0.08709716796875
3889,M_1105_21y0m_1_dysfluent_299,0.06878662109375,0.334716796875,0.60107421875,0.1729736328125,0.08709716796875
3890,M_1105_21y0m_1_dysfluent_300,0.10015869140625,0.340087890625,0.57666015625,0.350341796875,0.2100830078125
3891,M_1105_21y0m_1_dysfluent_301,0.11798095703125,0.326416015625,0.64111328125,0.323974609375,0.1761474609375
3892,M_1105_21y0m_1_dysfluent_302,0.1124267578125,0.377197265625,0.5791015625,0.1375732421875,0.1468505859375
3893,M_1105_21y0m_1_dysfluent_303,0.11083984375,0.374267578125,0.60302734375,0.1630859375,0.132568359375
3894,M_1105_21y0m_1_dysfluent_304,0.14306640625,0.309814453125,0.52490234375,0.465087890625,0.21533203125
3895,M_1105_21y0m_1_dysfluent_305,0.08135986328125,0.300537109375,0.52294921875,0.320068359375,0.1279296875
3896,M_1105_21y0m_1_dysfluent_306,0.1334228515625,0.1177978515625,0.0849609375,0.389892578125,0.63623046875
3897,M_1105_21y0m_1_dysfluent_307,0.056640625,0.24169921875,0.250244140625,0.1778564453125,0.08819580078125
3898,M_1105_21y0m_1_dysfluent_308,0.09979248046875,0.291015625,0.28369140625,0.258544921875,0.1866455078125
3899,M_1105_21y0m_1_dysfluent_309,0.034759521484375,0.274658203125,0.138671875,0.0843505859375,0.1094970703125
3900,M_1105_21y0m_1_dysfluent_310,0.050994873046875,0.298828125,0.2265625,0.1273193359375,0.08526611328125
3901,M_1105_21y0m_1_dysfluent_311,0.047607421875,0.166259765625,0.07171630859375,0.1666259765625,0.5380859375
3902,M_1105_21y0m_1_dysfluent_312,0.08050537109375,0.24853515625,0.0970458984375,0.1298828125,0.1651611328125
3903,M_1105_21y0m_1_dysfluent_313,0.0517578125,0.261962890625,0.269775390625,0.0889892578125,0.06085205078125
3904,M_1105_21y0m_1_dysfluent_314,0.0302734375,0.2099609375,0.2362060546875,0.0699462890625,0.097900390625
3905,M_1105_21y0m_1_dysfluent_315,0.02886962890625,0.1884765625,0.102294921875,0.0740966796875,0.07501220703125
3906,M_1105_21y0m_1_dysfluent_316,0.414306640625,0.2191162109375,0.2259521484375,0.262939453125,0.7734375
3907,M_1105_21y0m_1_dysfluent_317,0.41259765625,0.249267578125,0.1431884765625,0.1591796875,0.79345703125
3908,M_1105_21y0m_1_dysfluent_318,0.5751953125,0.228515625,0.2027587890625,0.1871337890625,0.73974609375
3909,M_1105_21y0m_1_dysfluent_319,0.337158203125,0.2117919921875,0.118408203125,0.08343505859375,0.654296875
3910,M_1105_21y0m_1_dysfluent_320,0.18359375,0.2109375,0.3857421875,0.1588134765625,0.495849609375
3911,M_1105_21y0m_1_dysfluent_321,0.1834716796875,0.2109375,0.385498046875,0.1588134765625,0.495849609375
3912,M_1105_21y0m_1_dysfluent_322,0.07977294921875,0.247802734375,0.274169921875,0.2391357421875,0.06927490234375
3913,M_1105_21y0m_1_dysfluent_323,0.0794677734375,0.27734375,0.2314453125,0.1898193359375,0.0582275390625
3914,M_1105_21y0m_1_dysfluent_324,0.07208251953125,0.299072265625,0.28173828125,0.1708984375,0.06805419921875
3915,M_1105_21y0m_1_dysfluent_325,0.058441162109375,0.2421875,0.2142333984375,0.1536865234375,0.095703125
3916,M_1105_21y0m_1_dysfluent_326,0.1055908203125,0.220458984375,0.361328125,0.48828125,0.373779296875
3917,M_1105_21y0m_1_dysfluent_327,0.1829833984375,0.273193359375,0.1873779296875,0.2117919921875,0.64697265625
3918,M_1105_21y0m_1_dysfluent_328,0.0762939453125,0.2496337890625,0.062103271484375,0.12322998046875,0.27197265625
3919,M_1105_21y0m_1_dysfluent_329,0.0723876953125,0.243408203125,0.07781982421875,0.1480712890625,0.32177734375
3920,M_1105_21y0m_1_dysfluent_330,0.035552978515625,0.2705078125,0.10968017578125,0.07684326171875,0.049774169921875
3921,M_1105_21y0m_1_dysfluent_331,0.039947509765625,0.205322265625,0.19580078125,0.11358642578125,0.050506591796875
3922,M_1105_21y0m_1_dysfluent_332,0.0699462890625,0.2230224609375,0.158935546875,0.208984375,0.703125
3923,M_1105_21y0m_1_dysfluent_333,0.036773681640625,0.2147216796875,0.2646484375,0.1868896484375,0.3154296875
3924,M_1105_21y0m_1_dysfluent_334,0.04803466796875,0.252685546875,0.4267578125,0.1734619140625,0.171630859375
3925,M_1105_21y0m_1_dysfluent_335,0.04559326171875,0.28759765625,0.399169921875,0.188720703125,0.1593017578125
3926,M_1105_21y0m_1_dysfluent_336,0.03271484375,0.264404296875,0.223388671875,0.142333984375,0.136962890625
3927,M_1105_21y0m_1_dysfluent_337,0.038330078125,0.205322265625,0.2490234375,0.2064208984375,0.264892578125
3928,M_1105_21y0m_1_dysfluent_338,0.046539306640625,0.2298583984375,0.337890625,0.2100830078125,0.287353515625
3929,M_1105_21y0m_1_dysfluent_339,0.0271759033203125,0.1458740234375,0.09503173828125,0.081787109375,0.06549072265625
3930,M_1105_21y0m_1_dysfluent_340,0.029205322265625,0.1724853515625,0.133056640625,0.10125732421875,0.07720947265625
3931,M_1105_21y0m_1_dysfluent_341,0.0302734375,0.168212890625,0.11737060546875,0.07861328125,0.06512451171875
3932,M_1105_21y0m_1_dysfluent_342,0.0258636474609375,0.188232421875,0.1280517578125,0.087890625,0.06097412109375
3933,M_1105_21y0m_1_dysfluent_343,0.06488037109375,0.11065673828125,0.046539306640625,0.04296875,0.235595703125
3934,M_1105_21y0m_1_dysfluent_344,0.047943115234375,0.1201171875,0.077392578125,0.055419921875,0.2015380859375
3935,M_1105_21y0m_1_dysfluent_345,0.07586669921875,0.285888671875,0.595703125,0.326171875,0.1783447265625
3936,M_1105_21y0m_1_dysfluent_346,0.07684326171875,0.297119140625,0.6220703125,0.28955078125,0.1580810546875
3937,M_1105_21y0m_1_dysfluent_347,0.07696533203125,0.2802734375,0.55517578125,0.264892578125,0.1473388671875
3938,M_1105_21y0m_1_dysfluent_348,0.07696533203125,0.2802734375,0.55517578125,0.264892578125,0.147216796875
3939,M_1105_21y0m_1_dysfluent_349,0.040985107421875,0.297607421875,0.25244140625,0.0855712890625,0.07861328125
3940,M_1105_21y0m_1_dysfluent_350,0.03521728515625,0.27001953125,0.1610107421875,0.056549072265625,0.06536865234375
3941,M_1105_21y0m_1_dysfluent_351,0.03521728515625,0.269775390625,0.160888671875,0.05645751953125,0.06536865234375
3942,M_1105_21y0m_1_dysfluent_352,0.046905517578125,0.326904296875,0.20068359375,0.0880126953125,0.048126220703125
3943,M_1105_21y0m_1_dysfluent_353,0.04681396484375,0.326904296875,0.200439453125,0.0880126953125,0.048126220703125
3944,M_1105_21y0m_1_dysfluent_354,0.12493896484375,0.31298828125,0.419921875,0.28173828125,0.46142578125
3945,M_1105_21y0m_1_dysfluent_355,0.124755859375,0.312744140625,0.419677734375,0.281494140625,0.46142578125
3946,M_1105_21y0m_1_dysfluent_356,0.0970458984375,0.26171875,0.45263671875,0.3515625,0.22509765625
3947,M_1105_21y0m_1_dysfluent_357,0.0706787109375,0.245849609375,0.446044921875,0.30712890625,0.2109375
3948,M_1105_21y0m_1_dysfluent_358,0.06829833984375,0.263427734375,0.55322265625,0.251220703125,0.212890625
3949,M_1105_21y0m_1_dysfluent_359,0.03985595703125,0.25732421875,0.100341796875,0.0999755859375,0.11981201171875
3950,M_1105_21y0m_1_dysfluent_360,0.05242919921875,0.251220703125,0.1275634765625,0.149169921875,0.1541748046875
3951,M_1105_21y0m_1_dysfluent_361,0.057373046875,0.2398681640625,0.2091064453125,0.2166748046875,0.120361328125
3952,M_1105_21y0m_1_dysfluent_362,0.04913330078125,0.26123046875,0.1632080078125,0.12548828125,0.061187744140625
3953,M_1105_21y0m_1_dysfluent_363,0.09844970703125,0.2386474609375,0.4375,0.449951171875,0.157958984375
3954,M_1105_21y0m_1_dysfluent_364,0.102294921875,0.1943359375,0.37744140625,0.446044921875,0.235107421875
3955,M_1105_21y0m_1_dysfluent_365,0.08929443359375,0.2318115234375,0.344970703125,0.322265625,0.2099609375
3956,M_1105_21y0m_1_dysfluent_366,0.09368896484375,0.288818359375,0.409912109375,0.317626953125,0.301513671875
3957,M_1105_21y0m_1_dysfluent_367,0.10394287109375,0.33544921875,0.5908203125,0.26220703125,0.1927490234375
3958,M_1105_21y0m_1_dysfluent_368,0.1376953125,0.36181640625,0.67529296875,0.29736328125,0.1866455078125
3959,M_1105_21y0m_1_dysfluent_369,0.1202392578125,0.31201171875,0.53076171875,0.3486328125,0.13232421875
3960,M_1105_21y0m_1_dysfluent_370,0.1131591796875,0.287109375,0.498291015625,0.35693359375,0.146728515625
3961,M_1105_21y0m_1_dysfluent_371,0.07147216796875,0.2474365234375,0.212890625,0.12158203125,0.06927490234375
3962,M_1105_21y0m_1_dysfluent_372,0.046722412109375,0.286376953125,0.34814453125,0.11297607421875,0.07183837890625
3963,M_1105_21y0m_1_dysfluent_373,0.06658935546875,0.2744140625,0.4189453125,0.277587890625,0.326171875
3964,M_1105_21y0m_1_dysfluent_374,0.07781982421875,0.281005859375,0.439208984375,0.300537109375,0.37158203125
3965,M_1105_21y0m_1_dysfluent_375,0.07366943359375,0.268310546875,0.587890625,0.279541015625,0.302001953125
3966,M_1105_21y0m_1_dysfluent_376,0.064208984375,0.2705078125,0.50390625,0.156494140625,0.17431640625
3967,M_1105_21y0m_1_dysfluent_377,0.02691650390625,0.12493896484375,0.01322174072265625,0.01837158203125,0.023284912109375
3968,M_1105_21y0m_1_dysfluent_378,0.040771484375,0.1981201171875,0.226318359375,0.1689453125,0.04400634765625
3969,M_1105_21y0m_1_dysfluent_379,0.0509033203125,0.2176513671875,0.2327880859375,0.171630859375,0.08770751953125
3970,M_1105_21y0m_1_dysfluent_380,0.10125732421875,0.25146484375,0.41162109375,0.391845703125,0.2371826171875
3971,M_1105_21y0m_1_dysfluent_381,0.10430908203125,0.2269287109375,0.249267578125,0.346435546875,0.1715087890625
3972,M_1105_21y0m_1_dysfluent_382,0.14404296875,0.2188720703125,0.230224609375,0.437255859375,0.20166015625
3973,M_1105_21y0m_1_dysfluent_383,0.1632080078125,0.2034912109375,0.2152099609375,0.4658203125,0.2076416015625
3974,M_1105_21y0m_1_dysfluent_384,0.20654296875,0.154052734375,0.1177978515625,0.386962890625,0.1859130859375
3975,M_1105_21y0m_1_dysfluent_385,0.1981201171875,0.093994140625,0.037750244140625,0.1181640625,0.1033935546875
3976,M_1105_21y0m_1_dysfluent_386,0.10284423828125,0.191162109375,0.2452392578125,0.5087890625,0.4814453125
3977,M_1105_21y0m_1_dysfluent_387,0.11181640625,0.244140625,0.433349609375,0.345458984375,0.4833984375
3978,M_1105_21y0m_1_dysfluent_388,0.038116455078125,0.2213134765625,0.2420654296875,0.092529296875,0.1507568359375
3979,M_1105_21y0m_1_dysfluent_389,0.03515625,0.189208984375,0.328857421875,0.16015625,0.0880126953125
3980,M_1105_21y0m_1_dysfluent_390,0.0460205078125,0.3037109375,0.3935546875,0.1104736328125,0.07208251953125
3981,M_1105_21y0m_1_dysfluent_391,0.0460205078125,0.3037109375,0.3935546875,0.1104736328125,0.07208251953125
3982,M_1105_21y0m_1_dysfluent_392,0.048675537109375,0.2218017578125,0.08038330078125,0.057586669921875,0.0546875
3983,M_1105_21y0m_1_dysfluent_393,0.0872802734375,0.1988525390625,0.157958984375,0.199951171875,0.07806396484375
3984,M_1105_21y0m_1_dysfluent_394,0.08978271484375,0.2406005859375,0.431884765625,0.3193359375,0.1865234375
3985,M_1105_21y0m_1_dysfluent_395,0.07879638671875,0.2265625,0.441650390625,0.312255859375,0.1634521484375
3986,M_1105_21y0m_1_dysfluent_396,0.04345703125,0.25830078125,0.1796875,0.134033203125,0.06671142578125
3987,M_1105_21y0m_1_dysfluent_397,0.039947509765625,0.2347412109375,0.1287841796875,0.1251220703125,0.062225341796875
3988,M_1105_21y0m_1_dysfluent_398,0.039947509765625,0.2347412109375,0.1287841796875,0.1251220703125,0.062225341796875
3989,M_1105_21y0m_1_dysfluent_399,0.0894775390625,0.35986328125,0.34912109375,0.2032470703125,0.16015625
3990,M_1105_21y0m_1_dysfluent_400,0.0894775390625,0.35986328125,0.34912109375,0.2032470703125,0.16015625
3991,M_1105_21y0m_1_dysfluent_401,0.0535888671875,0.293701171875,0.218017578125,0.17626953125,0.12335205078125
3992,M_1105_21y0m_1_dysfluent_402,0.06524658203125,0.269287109375,0.11358642578125,0.1597900390625,0.1488037109375
3993,M_1105_21y0m_1_dysfluent_403,0.06524658203125,0.149169921875,0.011688232421875,0.048492431640625,0.1912841796875
3994,M_1105_21y0m_1_dysfluent_404,0.061309814453125,0.1468505859375,0.03216552734375,0.08154296875,0.10931396484375
3995,M_1105_21y0m_1_dysfluent_405,0.059661865234375,0.2467041015625,0.334228515625,0.18408203125,0.09368896484375
3996,M_1105_21y0m_1_dysfluent_406,0.05419921875,0.33251953125,0.50244140625,0.128173828125,0.10931396484375
3997,M_1105_21y0m_1_dysfluent_407,0.0616455078125,0.316162109375,0.5048828125,0.15966796875,0.1033935546875
3998,M_1105_21y0m_1_dysfluent_408,0.0616455078125,0.316162109375,0.5048828125,0.15966796875,0.1033935546875
3999,M_1105_21y0m_1_dysfluent_409,0.058349609375,0.23583984375,0.1015625,0.08154296875,0.052337646484375
4000,M_1105_21y0m_1_dysfluent_410,0.047149658203125,0.2210693359375,0.2237548828125,0.17041015625,0.06781005859375
4001,M_1105_21y0m_1_dysfluent_411,0.047149658203125,0.2210693359375,0.2237548828125,0.17041015625,0.06781005859375
4002,M_1105_21y0m_1_dysfluent_412,0.114990234375,0.26025390625,0.46728515625,0.337646484375,0.1383056640625
4003,M_1105_21y0m_1_dysfluent_413,0.04876708984375,0.218505859375,0.1971435546875,0.10760498046875,0.09027099609375
4004,M_1105_21y0m_1_dysfluent_414,0.044189453125,0.206787109375,0.299072265625,0.17529296875,0.199462890625
4005,M_1105_21y0m_1_dysfluent_415,0.05108642578125,0.18505859375,0.077392578125,0.05572509765625,0.10174560546875
4006,M_1105_21y0m_1_dysfluent_416,0.297119140625,0.2281494140625,0.1893310546875,0.1639404296875,0.78271484375
4007,M_1105_21y0m_1_dysfluent_417,0.31689453125,0.24853515625,0.1773681640625,0.167724609375,0.83203125
4008,M_1105_21y0m_1_dysfluent_418,0.322998046875,0.2445068359375,0.10107421875,0.105224609375,0.80810546875
4009,M_1105_21y0m_1_dysfluent_419,0.3115234375,0.28173828125,0.197265625,0.1441650390625,0.78173828125
4010,M_1105_21y0m_1_dysfluent_420,0.42333984375,0.306640625,0.2298583984375,0.09686279296875,0.6318359375
4011,M_1105_21y0m_1_dysfluent_421,0.171875,0.281005859375,0.270751953125,0.0762939453125,0.45751953125
4012,M_1105_21y0m_1_dysfluent_422,0.54931640625,0.1845703125,0.1971435546875,0.1649169921875,0.72607421875
4013,M_1105_21y0m_1_dysfluent_423,0.52734375,0.196044921875,0.15576171875,0.1746826171875,0.72802734375
4014,M_1105_21y0m_1_dysfluent_424,0.42724609375,0.2138671875,0.1937255859375,0.1807861328125,0.685546875
4015,M_1105_21y0m_1_dysfluent_425,0.10968017578125,0.233154296875,0.2301025390625,0.3330078125,0.53125
4016,M_1105_21y0m_1_dysfluent_426,0.10968017578125,0.233154296875,0.2301025390625,0.3330078125,0.53125
4017,M_1105_21y0m_1_dysfluent_427,0.1392822265625,0.287109375,0.4921875,0.55908203125,0.366455078125
4018,M_1105_21y0m_1_dysfluent_428,0.1083984375,0.2374267578125,0.42529296875,0.5341796875,0.25927734375
4019,M_1105_21y0m_1_dysfluent_429,0.1134033203125,0.2186279296875,0.349365234375,0.55126953125,0.452392578125
4020,M_1105_21y0m_1_dysfluent_430,0.11260986328125,0.218994140625,0.38916015625,0.52978515625,0.27734375
4021,M_1105_21y0m_1_fluent_000,0.06939697265625,0.1044921875,0.09600830078125,0.050048828125,0.050994873046875
4022,M_1105_21y0m_1_fluent_001,0.1776123046875,0.1678466796875,0.415283203125,0.2340087890625,0.0762939453125
4023,M_1105_21y0m_1_fluent_002,0.039642333984375,0.1746826171875,0.2271728515625,0.1737060546875,0.145263671875
4024,M_1105_21y0m_1_fluent_003,0.06866455078125,0.1014404296875,0.1937255859375,0.1610107421875,0.093017578125
4025,M_1105_21y0m_1_fluent_004,0.1414794921875,0.09857177734375,0.059112548828125,0.052703857421875,0.02947998046875
4026,M_1105_21y0m_1_fluent_005,0.049224853515625,0.26904296875,0.289306640625,0.1451416015625,0.0740966796875
4027,M_1105_21y0m_1_fluent_006,0.070556640625,0.0836181640625,0.061981201171875,0.0282745361328125,0.023956298828125
4028,M_1105_21y0m_1_fluent_007,0.383544921875,0.15478515625,0.1829833984375,0.06951904296875,0.04620361328125
4029,M_1105_21y0m_1_fluent_008,0.07464599609375,0.1361083984375,0.29052734375,0.248046875,0.06854248046875
4030,M_1105_21y0m_1_fluent_009,0.04010009765625,0.13671875,0.236328125,0.1514892578125,0.2193603515625
4031,M_1105_21y0m_1_fluent_010,0.0272216796875,0.07989501953125,0.06671142578125,0.057281494140625,0.0295867919921875
4032,M_1105_21y0m_1_fluent_011,0.0836181640625,0.182373046875,0.2420654296875,0.10357666015625,0.039337158203125
4033,M_1105_21y0m_1_fluent_012,0.1287841796875,0.135986328125,0.08868408203125,0.08465576171875,0.073974609375
4034,M_1105_21y0m_1_fluent_013,0.1199951171875,0.2242431640625,0.058013916015625,0.040252685546875,0.070068359375
4035,M_1105_21y0m_1_fluent_014,0.03125,0.164306640625,0.1474609375,0.086181640625,0.0299224853515625
4036,M_1105_21y0m_1_fluent_015,0.056854248046875,0.14111328125,0.224853515625,0.08819580078125,0.064208984375
4037,M_1105_21y0m_1_fluent_016,0.11676025390625,0.093017578125,0.06732177734375,0.061431884765625,0.03656005859375
4038,M_1105_21y0m_1_fluent_017,0.0489501953125,0.135498046875,0.224365234375,0.216796875,0.0765380859375
4039,M_1105_21y0m_1_fluent_018,0.10504150390625,0.18408203125,0.333251953125,0.1441650390625,0.0723876953125
4040,M_1105_21y0m_1_fluent_019,0.1378173828125,0.09283447265625,0.163818359375,0.0784912109375,0.049774169921875
4041,M_1105_21y0m_1_fluent_020,0.3427734375,0.1195068359375,0.1165771484375,0.056549072265625,0.044281005859375
4042,M_1105_21y0m_1_fluent_021,0.11578369140625,0.2386474609375,0.431396484375,0.1591796875,0.1495361328125
4043,M_1105_21y0m_1_fluent_022,0.05419921875,0.159912109375,0.11181640625,0.0604248046875,0.047607421875
4044,M_1105_21y0m_1_fluent_023,0.06231689453125,0.1748046875,0.3095703125,0.259521484375,0.193115234375
4045,M_1105_21y0m_1_fluent_024,0.07989501953125,0.1458740234375,0.2032470703125,0.11065673828125,0.048675537109375
4046,M_1105_21y0m_1_fluent_025,0.27197265625,0.158935546875,0.437255859375,0.19677734375,0.1114501953125
4047,M_1105_21y0m_1_fluent_026,0.08154296875,0.1351318359375,0.1044921875,0.056976318359375,0.1474609375
4048,M_1105_21y0m_1_fluent_027,0.097900390625,0.11517333984375,0.1419677734375,0.0706787109375,0.02838134765625
4049,M_1105_21y0m_1_fluent_028,0.33642578125,0.162353515625,0.1475830078125,0.05499267578125,0.0364990234375
4050,M_1105_21y0m_1_fluent_029,0.043121337890625,0.1190185546875,0.323486328125,0.12158203125,0.09283447265625
4051,M_1105_21y0m_1_fluent_030,0.0701904296875,0.140869140625,0.2861328125,0.2186279296875,0.061187744140625
4052,M_1105_21y0m_1_fluent_031,0.07684326171875,0.06878662109375,0.05224609375,0.02685546875,0.042236328125
4053,M_1105_21y0m_1_fluent_032,0.058349609375,0.08929443359375,0.0604248046875,0.043212890625,0.0360107421875
4054,M_1105_21y0m_1_fluent_033,0.043609619140625,0.303466796875,0.331298828125,0.089599609375,0.07354736328125
4055,M_1105_21y0m_1_fluent_034,0.1236572265625,0.11517333984375,0.0938720703125,0.05877685546875,0.042236328125
4056,M_1105_21y0m_1_fluent_035,0.1771240234375,0.1536865234375,0.20703125,0.11614990234375,0.04046630859375
4057,M_1105_21y0m_1_fluent_036,0.04486083984375,0.11517333984375,0.0970458984375,0.038818359375,0.076416015625
4058,M_1105_21y0m_1_fluent_037,0.1279296875,0.119384765625,0.317626953125,0.1602783203125,0.06292724609375
4059,M_1105_21y0m_1_fluent_038,0.05224609375,0.20263671875,0.2197265625,0.07891845703125,0.136962890625
4060,M_1105_21y0m_1_fluent_039,0.1998291015625,0.1048583984375,0.123046875,0.09686279296875,0.06951904296875
4061,M_1105_21y0m_1_fluent_040,0.033660888671875,0.10174560546875,0.1783447265625,0.10614013671875,0.053314208984375
4062,M_1105_21y0m_1_fluent_041,0.105224609375,0.140380859375,0.2354736328125,0.1094970703125,0.061981201171875
4063,M_1105_21y0m_1_fluent_042,0.1710205078125,0.0838623046875,0.15380859375,0.127685546875,0.06610107421875
4064,M_1105_21y0m_1_fluent_043,0.0296478271484375,0.128173828125,0.0161590576171875,0.0209197998046875,0.0162200927734375
4065,M_1105_21y0m_1_fluent_044,0.2060546875,0.10614013671875,0.1273193359375,0.07891845703125,0.055938720703125
4066,M_1105_21y0m_1_fluent_045,0.265380859375,0.07452392578125,0.0548095703125,0.046630859375,0.0567626953125
4067,M_1105_21y0m_1_fluent_046,0.08343505859375,0.1007080078125,0.08465576171875,0.048858642578125,0.028656005859375
4068,M_1105_21y0m_1_fluent_047,0.1934814453125,0.095703125,0.1033935546875,0.06890869140625,0.035888671875
4069,M_1105_21y0m_1_fluent_048,0.234375,0.10052490234375,0.1405029296875,0.12261962890625,0.07452392578125
4070,M_1105_21y0m_1_fluent_049,0.07574462890625,0.1693115234375,0.123779296875,0.1063232421875,0.11065673828125
4071,M_1105_21y0m_1_fluent_050,0.236328125,0.1195068359375,0.11126708984375,0.0521240234375,0.043121337890625
4072,M_1105_21y0m_1_fluent_051,0.046630859375,0.09332275390625,0.155517578125,0.15771484375,0.1553955078125
4073,M_1105_21y0m_1_fluent_052,0.2110595703125,0.1571044921875,0.454345703125,0.2252197265625,0.11181640625
4074,M_1105_21y0m_1_fluent_053,0.0816650390625,0.10760498046875,0.12066650390625,0.059326171875,0.0537109375
4075,M_1105_21y0m_1_fluent_054,0.0352783203125,0.2108154296875,0.12445068359375,0.08404541015625,0.036895751953125
4076,M_1105_21y0m_1_fluent_055,0.0743408203125,0.115966796875,0.330810546875,0.1370849609375,0.203369140625
4077,M_1105_21y0m_1_fluent_056,0.064208984375,0.1807861328125,0.4306640625,0.1812744140625,0.062225341796875
4078,M_1105_21y0m_1_fluent_057,0.10107421875,0.326171875,0.57861328125,0.198974609375,0.1070556640625
4079,M_1105_21y0m_1_fluent_058,0.1514892578125,0.11456298828125,0.12841796875,0.092041015625,0.0325927734375
4080,M_1105_21y0m_1_fluent_059,0.037322998046875,0.0966796875,0.1754150390625,0.07598876953125,0.080078125
4081,M_1105_21y0m_1_fluent_060,0.2047119140625,0.1336669921875,0.0982666015625,0.061981201171875,0.062225341796875
4082,M_1105_21y0m_1_fluent_061,0.270263671875,0.1759033203125,0.17236328125,0.0889892578125,0.082275390625
4083,M_1105_21y0m_1_fluent_062,0.1285400390625,0.100341796875,0.09173583984375,0.0546875,0.0521240234375
4084,M_1105_21y0m_1_fluent_063,0.09320068359375,0.2001953125,0.311279296875,0.09912109375,0.0880126953125
4085,M_1105_21y0m_1_fluent_064,0.058349609375,0.1534423828125,0.10723876953125,0.03448486328125,0.028594970703125
4086,M_1105_21y0m_1_fluent_065,0.1175537109375,0.127197265625,0.2059326171875,0.100341796875,0.040252685546875
4087,M_1105_21y0m_1_fluent_066,0.29150390625,0.128662109375,0.150146484375,0.0504150390625,0.037750244140625
4088,M_1105_21y0m_1_fluent_067,0.09088134765625,0.1851806640625,0.26123046875,0.12139892578125,0.06463623046875
4089,M_1105_21y0m_1_fluent_068,0.05560302734375,0.158935546875,0.2452392578125,0.0943603515625,0.0305023193359375
4090,M_1105_21y0m_1_fluent_069,0.070556640625,0.140869140625,0.2197265625,0.06866455078125,0.06231689453125
4091,M_1105_21y0m_1_fluent_070,0.09027099609375,0.330078125,0.623046875,0.260986328125,0.152099609375
4092,M_1105_21y0m_1_fluent_071,0.06671142578125,0.1177978515625,0.06866455078125,0.03704833984375,0.0504150390625
4093,M_1105_21y0m_1_fluent_072,0.2646484375,0.1859130859375,0.326171875,0.158935546875,0.061309814453125
4094,M_1105_21y0m_1_fluent_073,0.0301055908203125,0.14501953125,0.17724609375,0.1014404296875,0.033905029296875
4095,M_1105_21y0m_1_fluent_074,0.289794921875,0.165283203125,0.183837890625,0.07806396484375,0.055419921875
4096,M_1105_21y0m_1_fluent_075,0.05145263671875,0.17919921875,0.2139892578125,0.056121826171875,0.0849609375
4097,M_1105_21y0m_1_fluent_076,0.462646484375,0.2371826171875,0.165283203125,0.0384521484375,0.087890625
4098,M_1105_21y0m_1_fluent_077,0.05224609375,0.091552734375,0.173095703125,0.1451416015625,0.11029052734375
4099,M_1105_21y0m_1_fluent_078,0.050506591796875,0.150146484375,0.1724853515625,0.06719970703125,0.0469970703125
4100,M_1105_21y0m_1_fluent_079,0.1248779296875,0.07794189453125,0.134521484375,0.1041259765625,0.049407958984375
4101,M_1105_21y0m_1_fluent_080,0.12548828125,0.1240234375,0.272705078125,0.0953369140625,0.060211181640625
4102,M_1105_21y0m_1_fluent_081,0.04010009765625,0.130126953125,0.1761474609375,0.09417724609375,0.0304412841796875
4103,M_1105_21y0m_1_fluent_082,0.1376953125,0.08135986328125,0.042388916015625,0.030792236328125,0.055206298828125
4104,M_1105_21y0m_1_fluent_083,0.248046875,0.07806396484375,0.06805419921875,0.0517578125,0.056121826171875
4105,M_1105_21y0m_1_fluent_084,0.1851806640625,0.08929443359375,0.042633056640625,0.033599853515625,0.0310211181640625
4106,M_1105_21y0m_1_fluent_085,0.04052734375,0.164306640625,0.120361328125,0.044342041015625,0.0391845703125
4107,M_1105_21y0m_1_fluent_086,0.034820556640625,0.142578125,0.166015625,0.14990234375,0.234619140625
4108,M_1105_21y0m_1_fluent_087,0.32861328125,0.1063232421875,0.06646728515625,0.042083740234375,0.050811767578125
4109,M_1105_21y0m_1_fluent_088,0.090087890625,0.1754150390625,0.2125244140625,0.08123779296875,0.034759521484375
4110,M_1105_21y0m_1_fluent_089,0.07879638671875,0.08538818359375,0.2318115234375,0.2110595703125,0.09332275390625
4111,M_1105_21y0m_1_fluent_090,0.08660888671875,0.187744140625,0.1346435546875,0.05645751953125,0.0765380859375
4112,M_1105_21y0m_1_fluent_091,0.047882080078125,0.2098388671875,0.325439453125,0.11065673828125,0.040313720703125
4113,M_1105_21y0m_1_fluent_092,0.049957275390625,0.1556396484375,0.135986328125,0.052032470703125,0.05194091796875
4114,M_1105_21y0m_1_fluent_093,0.1964111328125,0.08758544921875,0.08868408203125,0.07684326171875,0.04742431640625
4115,M_1105_21y0m_1_fluent_094,0.19287109375,0.10467529296875,0.1673583984375,0.1251220703125,0.056243896484375
4116,M_1105_21y0m_1_fluent_095,0.2171630859375,0.330078125,0.326171875,0.1055908203125,0.075439453125
4117,M_1105_21y0m_1_fluent_096,0.14697265625,0.14990234375,0.30029296875,0.1708984375,0.0849609375
4118,M_1105_21y0m_1_fluent_097,0.2208251953125,0.092529296875,0.07879638671875,0.054595947265625,0.06781005859375
4119,M_1105_21y0m_1_fluent_098,0.049774169921875,0.1917724609375,0.222412109375,0.10430908203125,0.042572021484375
4120,M_1105_21y0m_1_fluent_099,0.07354736328125,0.1077880859375,0.2091064453125,0.1199951171875,0.05560302734375
4121,M_1105_21y0m_1_fluent_100,0.288330078125,0.260009765625,0.1607666015625,0.167236328125,0.1260986328125
4122,M_1105_21y0m_1_fluent_101,0.22509765625,0.1163330078125,0.174072265625,0.09637451171875,0.058441162109375
4123,M_1105_21y0m_1_fluent_102,0.2452392578125,0.1019287109375,0.10577392578125,0.06756591796875,0.046630859375
4124,M_1105_21y0m_1_fluent_103,0.039947509765625,0.17822265625,0.1353759765625,0.0634765625,0.044769287109375
4125,M_1105_21y0m_1_fluent_104,0.0294189453125,0.2022705078125,0.147705078125,0.0738525390625,0.0546875
4126,M_1105_21y0m_1_fluent_105,0.0794677734375,0.2318115234375,0.2447509765625,0.11279296875,0.04046630859375
4127,M_1105_21y0m_1_fluent_106,0.0894775390625,0.1480712890625,0.115966796875,0.06793212890625,0.257568359375
4128,M_1105_21y0m_1_fluent_107,0.09722900390625,0.06707763671875,0.0567626953125,0.04931640625,0.03302001953125
4129,M_1105_21y0m_1_fluent_108,0.0753173828125,0.1318359375,0.27490234375,0.2005615234375,0.2215576171875
4130,M_1105_21y0m_1_fluent_109,0.0567626953125,0.10894775390625,0.0521240234375,0.028594970703125,0.0290374755859375
4131,M_1105_21y0m_1_fluent_110,0.10968017578125,0.11260986328125,0.07696533203125,0.04534912109375,0.07904052734375
4132,M_1105_21y0m_1_fluent_111,0.04559326171875,0.1488037109375,0.2178955078125,0.1190185546875,0.0310821533203125
4133,M_1105_21y0m_1_fluent_112,0.154296875,0.11163330078125,0.11199951171875,0.031494140625,0.0535888671875
4134,M_1105_21y0m_1_fluent_113,0.04931640625,0.2073974609375,0.1754150390625,0.0810546875,0.06231689453125
4135,M_1105_21y0m_1_fluent_114,0.085693359375,0.318603515625,0.63232421875,0.27001953125,0.156494140625
4136,M_1105_21y0m_1_fluent_115,0.12158203125,0.152587890625,0.266357421875,0.1124267578125,0.14013671875
4137,M_1105_21y0m_1_fluent_116,0.3037109375,0.1240234375,0.2269287109375,0.11676025390625,0.07305908203125
4138,M_1105_21y0m_1_fluent_117,0.044281005859375,0.23681640625,0.140625,0.04620361328125,0.061309814453125
4139,M_1105_21y0m_1_fluent_118,0.07586669921875,0.10211181640625,0.10687255859375,0.06817626953125,0.043365478515625
4140,M_1105_21y0m_1_fluent_119,0.03265380859375,0.246337890625,0.229248046875,0.0816650390625,0.06549072265625
4141,M_1105_21y0m_1_fluent_120,0.049224853515625,0.1190185546875,0.1995849609375,0.07891845703125,0.06915283203125
4142,M_1105_21y0m_1_fluent_121,0.116943359375,0.109130859375,0.2078857421875,0.11859130859375,0.0560302734375
4143,M_1105_21y0m_1_fluent_122,0.058135986328125,0.2100830078125,0.08038330078125,0.0203704833984375,0.054290771484375
4144,M_1105_21y0m_1_fluent_123,0.050811767578125,0.1334228515625,0.197021484375,0.073974609375,0.0352783203125
4145,M_1105_21y0m_1_fluent_124,0.024658203125,0.06573486328125,0.043609619140625,0.05194091796875,0.03125
4146,M_1105_21y0m_1_fluent_125,0.05072021484375,0.355224609375,0.4892578125,0.1165771484375,0.077392578125
4147,M_1105_21y0m_1_fluent_126,0.0970458984375,0.154052734375,0.2386474609375,0.0830078125,0.070068359375
4148,M_1105_21y0m_1_fluent_127,0.055511474609375,0.1751708984375,0.3173828125,0.236328125,0.10821533203125
4149,M_1105_21y0m_1_fluent_128,0.044586181640625,0.1019287109375,0.059661865234375,0.03790283203125,0.042327880859375
4150,M_1105_21y0m_1_fluent_129,0.06951904296875,0.107421875,0.078369140625,0.039642333984375,0.0982666015625
4151,M_1105_21y0m_1_fluent_130,0.124755859375,0.09967041015625,0.1585693359375,0.07891845703125,0.04107666015625
4152,M_1105_21y0m_1_fluent_131,0.0723876953125,0.247314453125,0.3837890625,0.1734619140625,0.1348876953125
4153,M_1105_21y0m_1_fluent_132,0.047698974609375,0.354248046875,0.406982421875,0.08648681640625,0.06109619140625
4154,M_1105_21y0m_1_fluent_133,0.132568359375,0.1153564453125,0.2286376953125,0.1405029296875,0.05511474609375
4155,M_1105_21y0m_1_fluent_134,0.08538818359375,0.154052734375,0.18603515625,0.12176513671875,0.056549072265625
4156,M_1105_21y0m_1_fluent_135,0.2489013671875,0.10467529296875,0.1436767578125,0.1278076171875,0.0699462890625
4157,M_1105_21y0m_1_fluent_136,0.1971435546875,0.06878662109375,0.05108642578125,0.03643798828125,0.05145263671875
4158,M_1105_21y0m_1_fluent_137,0.298583984375,0.1177978515625,0.1591796875,0.08660888671875,0.047088623046875
4159,M_1105_21y0m_1_fluent_138,0.1240234375,0.10467529296875,0.0775146484375,0.04803466796875,0.06634521484375
4160,M_1105_21y0m_1_fluent_139,0.047882080078125,0.1551513671875,0.1328125,0.075439453125,0.138427734375
4161,M_1105_21y0m_1_fluent_140,0.060638427734375,0.08282470703125,0.1715087890625,0.10357666015625,0.052825927734375
4162,M_1105_21y0m_1_fluent_141,0.059417724609375,0.1806640625,0.1300048828125,0.0843505859375,0.315185546875
4163,M_1105_21y0m_1_fluent_142,0.12249755859375,0.1258544921875,0.17236328125,0.08709716796875,0.035552978515625
4164,M_1105_21y0m_1_fluent_143,0.058013916015625,0.12249755859375,0.1541748046875,0.060760498046875,0.03265380859375
4165,M_1105_21y0m_1_fluent_144,0.053802490234375,0.1951904296875,0.358642578125,0.2093505859375,0.102294921875
4166,M_1105_21y0m_1_fluent_145,0.1239013671875,0.33056640625,0.406005859375,0.1685791015625,0.07476806640625
4167,M_1105_21y0m_1_fluent_146,0.30224609375,0.1177978515625,0.16943359375,0.1531982421875,0.08740234375
4168,M_1105_21y0m_1_fluent_147,0.1966552734375,0.2413330078125,0.34326171875,0.07305908203125,0.07806396484375
4169,M_1105_21y0m_1_fluent_148,0.2578125,0.1258544921875,0.234375,0.12548828125,0.07501220703125
4170,M_1105_21y0m_1_fluent_149,0.04931640625,0.11395263671875,0.08599853515625,0.0322265625,0.0240020751953125
4171,M_1105_21y0m_1_fluent_150,0.2225341796875,0.128173828125,0.1190185546875,0.06719970703125,0.0303802490234375
4172,M_1105_21y0m_1_fluent_151,0.05291748046875,0.311767578125,0.44775390625,0.123046875,0.09185791015625
4173,M_1105_21y0m_1_fluent_152,0.0765380859375,0.143310546875,0.2978515625,0.2271728515625,0.07806396484375
4174,M_1105_21y0m_1_fluent_153,0.27392578125,0.1287841796875,0.1942138671875,0.106689453125,0.056121826171875
4175,M_1105_21y0m_1_fluent_154,0.0391845703125,0.22607421875,0.230712890625,0.1416015625,0.060089111328125
4176,M_1105_21y0m_1_fluent_155,0.1878662109375,0.1134033203125,0.2115478515625,0.0965576171875,0.04443359375
4177,M_1105_21y0m_1_fluent_156,0.0784912109375,0.08587646484375,0.2288818359375,0.120361328125,0.072265625
4178,M_1105_21y0m_1_fluent_157,0.0352783203125,0.12200927734375,0.12115478515625,0.053192138671875,0.0574951171875
4179,M_1105_21y0m_1_fluent_158,0.046295166015625,0.09967041015625,0.08538818359375,0.046539306640625,0.097412109375
4180,M_1105_21y0m_1_fluent_159,0.0509033203125,0.259521484375,0.2176513671875,0.1402587890625,0.06817626953125
4181,M_1105_21y0m_1_fluent_160,0.06805419921875,0.1439208984375,0.1904296875,0.06622314453125,0.02801513671875
4182,M_1105_21y0m_1_fluent_161,0.185302734375,0.1478271484375,0.164794921875,0.054901123046875,0.055816650390625
4183,M_1105_21y0m_1_fluent_162,0.323486328125,0.227783203125,0.1070556640625,0.1114501953125,0.2427978515625
4184,M_1105_21y0m_1_fluent_163,0.2427978515625,0.166015625,0.318359375,0.11199951171875,0.050048828125
4185,M_1105_21y0m_1_fluent_164,0.05023193359375,0.137451171875,0.165283203125,0.06903076171875,0.03436279296875
4186,M_1105_21y0m_1_fluent_165,0.147705078125,0.1375732421875,0.2401123046875,0.126708984375,0.052825927734375
4187,M_1105_21y0m_1_fluent_166,0.034759521484375,0.24365234375,0.279052734375,0.110107421875,0.07666015625
4188,M_1105_21y0m_1_fluent_167,0.080078125,0.07708740234375,0.07452392578125,0.06463623046875,0.0582275390625
4189,M_1105_21y0m_1_fluent_168,0.04296875,0.1087646484375,0.242431640625,0.163818359375,0.061187744140625
4190,M_1105_21y0m_1_fluent_169,0.1434326171875,0.1551513671875,0.472412109375,0.26611328125,0.1319580078125
4191,M_1105_21y0m_1_fluent_170,0.352783203125,0.1341552734375,0.1485595703125,0.05126953125,0.05560302734375
4192,M_1105_21y0m_1_fluent_171,0.114990234375,0.103759765625,0.15625,0.08404541015625,0.04443359375
4193,M_1105_21y0m_1_fluent_172,0.045013427734375,0.1318359375,0.237060546875,0.14111328125,0.1617431640625
4194,M_1105_21y0m_1_fluent_173,0.27978515625,0.07135009765625,0.050811767578125,0.03192138671875,0.05560302734375
4195,M_1105_21y0m_1_fluent_174,0.0802001953125,0.198486328125,0.28662109375,0.1104736328125,0.06982421875
4196,M_1105_21y0m_1_fluent_175,0.06768798828125,0.2454833984375,0.556640625,0.223876953125,0.0782470703125
4197,M_1105_21y0m_1_fluent_176,0.09222412109375,0.130126953125,0.125732421875,0.052337646484375,0.028656005859375
4198,M_1105_21y0m_1_fluent_177,0.09039306640625,0.12646484375,0.27587890625,0.0751953125,0.062225341796875
4199,M_1105_21y0m_1_fluent_178,0.0831298828125,0.10107421875,0.2198486328125,0.1143798828125,0.06085205078125
4200,M_1105_21y0m_1_fluent_179,0.0325927734375,0.186279296875,0.174072265625,0.087890625,0.04248046875
4201,M_1105_21y0m_1_fluent_180,0.2998046875,0.1041259765625,0.1419677734375,0.06634521484375,0.1231689453125
4202,M_1105_21y0m_1_fluent_181,0.045013427734375,0.1805419921875,0.1695556640625,0.06805419921875,0.09722900390625
4203,M_1105_21y0m_1_fluent_182,0.042816162109375,0.1883544921875,0.110107421875,0.06439208984375,0.0283355712890625
4204,M_1105_21y0m_1_fluent_183,0.2105712890625,0.2012939453125,0.12432861328125,0.063232421875,0.038330078125
4205,M_1105_21y0m_1_fluent_184,0.09075927734375,0.15283203125,0.2139892578125,0.1619873046875,0.06304931640625
4206,M_1105_21y0m_1_fluent_185,0.127685546875,0.08154296875,0.0295867919921875,0.0272674560546875,0.0289764404296875
4207,M_1105_21y0m_1_fluent_186,0.10211181640625,0.181640625,0.08929443359375,0.038543701171875,0.06646728515625
4208,M_1105_21y0m_1_fluent_187,0.116943359375,0.164306640625,0.2078857421875,0.1263427734375,0.056976318359375
4209,M_1105_21y0m_1_fluent_188,0.06396484375,0.116943359375,0.181884765625,0.07586669921875,0.048583984375
4210,M_1105_21y0m_1_fluent_189,0.08062744140625,0.1275634765625,0.129638671875,0.089599609375,0.040008544921875
4211,M_1105_21y0m_1_fluent_190,0.3642578125,0.137939453125,0.15771484375,0.05792236328125,0.045196533203125
4212,M_1105_21y0m_1_fluent_191,0.1810302734375,0.13134765625,0.189697265625,0.1055908203125,0.056854248046875
4213,M_1105_21y0m_1_fluent_192,0.07904052734375,0.0889892578125,0.150146484375,0.181884765625,0.1466064453125
4214,M_1105_21y0m_1_fluent_193,0.08648681640625,0.08465576171875,0.083740234375,0.051361083984375,0.035491943359375
4215,M_1105_21y0m_1_fluent_194,0.1341552734375,0.20849609375,0.32958984375,0.1480712890625,0.0784912109375
4216,M_1105_21y0m_1_fluent_195,0.10650634765625,0.1993408203125,0.31005859375,0.10577392578125,0.044769287109375
4217,M_1105_21y0m_1_fluent_196,0.10540771484375,0.10858154296875,0.19091796875,0.10931396484375,0.04486083984375
4218,M_1105_21y0m_1_fluent_197,0.11981201171875,0.094482421875,0.06488037109375,0.06524658203125,0.041229248046875
4219,M_1105_21y0m_1_fluent_198,0.10052490234375,0.1336669921875,0.052703857421875,0.0287017822265625,0.0635986328125
4220,M_1105_21y0m_1_fluent_199,0.0285491943359375,0.1033935546875,0.07421875,0.06488037109375,0.105224609375
4221,M_1105_21y0m_1_fluent_200,0.1568603515625,0.163330078125,0.10723876953125,0.07489013671875,0.03436279296875
4222,M_1105_21y0m_1_fluent_201,0.0604248046875,0.1610107421875,0.12432861328125,0.0794677734375,0.0994873046875
4223,M_1105_21y0m_1_fluent_202,0.1163330078125,0.1376953125,0.23193359375,0.06597900390625,0.05987548828125
4224,M_1105_21y0m_1_fluent_203,0.076416015625,0.12408447265625,0.1246337890625,0.041229248046875,0.049407958984375
4225,M_1105_21y0m_1_fluent_204,0.1163330078125,0.10504150390625,0.05889892578125,0.019195556640625,0.040313720703125
4226,M_1105_21y0m_1_fluent_205,0.08465576171875,0.337646484375,0.583984375,0.255615234375,0.09588623046875
4227,M_1105_21y0m_1_fluent_206,0.229248046875,0.11260986328125,0.07977294921875,0.0411376953125,0.04010009765625
4228,M_1105_21y0m_1_fluent_207,0.06488037109375,0.1439208984375,0.08270263671875,0.053192138671875,0.050994873046875
4229,M_1105_21y0m_1_fluent_208,0.075439453125,0.1390380859375,0.2958984375,0.0762939453125,0.059326171875
4230,M_1105_21y0m_1_fluent_209,0.318115234375,0.123779296875,0.0894775390625,0.0379638671875,0.050048828125
4231,M_1105_21y0m_1_fluent_210,0.1202392578125,0.125244140625,0.18505859375,0.1705322265625,0.058349609375
4232,M_1105_21y0m_1_fluent_211,0.10107421875,0.09136962890625,0.091552734375,0.04949951171875,0.09088134765625
4233,M_1105_21y0m_1_fluent_212,0.1517333984375,0.167236328125,0.335693359375,0.143310546875,0.051544189453125
4234,M_1105_21y0m_1_fluent_213,0.1617431640625,0.341796875,0.466064453125,0.181396484375,0.0863037109375
4235,M_1105_21y0m_1_fluent_214,0.1470947265625,0.12127685546875,0.1983642578125,0.146484375,0.047515869140625
4236,M_1105_21y0m_1_fluent_215,0.2252197265625,0.08587646484375,0.1055908203125,0.0765380859375,0.062103271484375
4237,M_1105_21y0m_1_fluent_216,0.297119140625,0.1689453125,0.15966796875,0.06439208984375,0.057281494140625
4238,M_1105_21y0m_1_fluent_217,0.701171875,0.154541015625,0.06927490234375,0.043212890625,0.0850830078125
4239,M_1105_21y0m_1_fluent_218,0.1982421875,0.22900390625,0.281494140625,0.07183837890625,0.06707763671875
4240,M_1105_21y0m_1_fluent_219,0.094482421875,0.11395263671875,0.141845703125,0.097900390625,0.034027099609375
4241,M_1105_21y0m_1_fluent_220,0.0374755859375,0.156005859375,0.10931396484375,0.05291748046875,0.03436279296875
4242,M_1105_21y0m_1_fluent_221,0.044586181640625,0.164306640625,0.26220703125,0.1209716796875,0.186279296875
4243,M_1105_21y0m_1_fluent_222,0.1485595703125,0.2744140625,0.2254638671875,0.093017578125,0.06512451171875
4244,M_1105_21y0m_1_fluent_223,0.078369140625,0.1312255859375,0.13720703125,0.1087646484375,0.0592041015625
4245,M_1105_21y0m_1_fluent_224,0.0460205078125,0.1885986328125,0.239501953125,0.1171875,0.140625
4246,M_1105_21y0m_1_fluent_225,0.09234619140625,0.2060546875,0.2822265625,0.126953125,0.08447265625
4247,M_1105_21y0m_1_fluent_226,0.033538818359375,0.12939453125,0.0830078125,0.1163330078125,0.2352294921875
4248,M_1105_21y0m_1_fluent_227,0.045257568359375,0.299560546875,0.361328125,0.20263671875,0.10430908203125
4249,M_1105_21y0m_1_fluent_228,0.033782958984375,0.2139892578125,0.1512451171875,0.105224609375,0.13232421875
4250,M_1105_21y0m_1_fluent_229,0.047149658203125,0.1617431640625,0.183349609375,0.10015869140625,0.0567626953125
4251,M_1105_21y0m_1_fluent_230,0.0849609375,0.1763916015625,0.265869140625,0.1104736328125,0.0457763671875
4252,M_1105_21y0m_1_fluent_231,0.06231689453125,0.135498046875,0.291748046875,0.12359619140625,0.057586669921875
4253,M_1105_21y0m_1_fluent_232,0.06610107421875,0.1766357421875,0.37841796875,0.2366943359375,0.05706787109375
4254,M_1105_21y0m_1_fluent_233,0.07763671875,0.09808349609375,0.2310791015625,0.1558837890625,0.053985595703125
4255,M_1105_21y0m_1_fluent_234,0.06610107421875,0.1424560546875,0.149658203125,0.04132080078125,0.044586181640625
4256,M_1105_21y0m_1_fluent_235,0.1683349609375,0.086181640625,0.091552734375,0.0706787109375,0.054595947265625
4257,M_1105_21y0m_1_fluent_236,0.1304931640625,0.21728515625,0.1510009765625,0.06573486328125,0.03204345703125
4258,M_1105_21y0m_1_fluent_237,0.029144287109375,0.1829833984375,0.1317138671875,0.061981201171875,0.07275390625
4259,M_1105_21y0m_1_fluent_238,0.28515625,0.1478271484375,0.1351318359375,0.05572509765625,0.0369873046875
4260,M_1105_21y0m_1_fluent_239,0.06439208984375,0.143798828125,0.327880859375,0.11083984375,0.06781005859375
4261,M_1105_21y0m_1_fluent_240,0.10302734375,0.11102294921875,0.110107421875,0.043853759765625,0.03912353515625
4262,M_1105_21y0m_1_fluent_241,0.1473388671875,0.2166748046875,0.25732421875,0.1787109375,0.07806396484375
4263,M_1105_21y0m_1_fluent_242,0.04510498046875,0.1143798828125,0.1807861328125,0.09771728515625,0.0300445556640625
4264,M_1105_21y0m_1_fluent_243,0.43017578125,0.1578369140625,0.287841796875,0.136962890625,0.0743408203125
4265,M_1105_21y0m_1_fluent_244,0.06512451171875,0.1363525390625,0.2445068359375,0.10302734375,0.053009033203125
4266,M_1105_21y0m_1_fluent_245,0.0200958251953125,0.0728759765625,0.0244293212890625,0.0271148681640625,0.0274810791015625
4267,M_1105_21y0m_1_fluent_246,0.09686279296875,0.151123046875,0.205810546875,0.0849609375,0.033660888671875
4268,M_1105_21y0m_1_fluent_247,0.2059326171875,0.10797119140625,0.1019287109375,0.059326171875,0.0306243896484375
4269,M_1105_21y0m_1_fluent_248,0.0325927734375,0.1904296875,0.152587890625,0.12322998046875,0.1904296875
4270,M_1105_21y0m_1_fluent_249,0.07708740234375,0.174560546875,0.220703125,0.05780029296875,0.1044921875
4271,M_1105_21y0m_1_fluent_250,0.10894775390625,0.2359619140625,0.2001953125,0.06658935546875,0.0252685546875
4272,M_1105_21y0m_1_fluent_251,0.236328125,0.1663818359375,0.17138671875,0.083740234375,0.04400634765625
4273,M_1105_21y0m_1_fluent_252,0.08990478515625,0.1285400390625,0.2237548828125,0.10125732421875,0.06585693359375
4274,M_1105_21y0m_1_fluent_253,0.06927490234375,0.12158203125,0.0701904296875,0.034027099609375,0.02838134765625
4275,M_1105_21y0m_1_fluent_254,0.18994140625,0.11260986328125,0.20556640625,0.12347412109375,0.06585693359375
4276,M_1105_21y0m_1_fluent_255,0.0755615234375,0.09368896484375,0.1361083984375,0.0849609375,0.04296875
4277,M_1105_21y0m_1_fluent_256,0.1318359375,0.09088134765625,0.1177978515625,0.09368896484375,0.06610107421875
4278,M_1105_21y0m_1_fluent_257,0.140625,0.11102294921875,0.206787109375,0.09619140625,0.07501220703125
4279,M_1105_21y0m_1_fluent_258,0.11126708984375,0.1165771484375,0.0633544921875,0.044586181640625,0.02508544921875
4280,M_1105_21y0m_1_fluent_259,0.089599609375,0.1392822265625,0.269287109375,0.16064453125,0.10394287109375
4281,M_1105_21y0m_1_fluent_260,0.059661865234375,0.07275390625,0.09283447265625,0.0994873046875,0.07159423828125
4282,M_1105_21y0m_1_fluent_261,0.049957275390625,0.103759765625,0.139892578125,0.2130126953125,0.158203125
4283,M_1105_21y0m_1_fluent_262,0.1815185546875,0.191650390625,0.2998046875,0.17138671875,0.04443359375
4284,M_1105_21y0m_1_fluent_263,0.12213134765625,0.2012939453125,0.4677734375,0.2578125,0.132568359375
4285,M_1105_21y0m_1_fluent_264,0.078369140625,0.15576171875,0.07501220703125,0.04107666015625,0.1754150390625
4286,M_1105_21y0m_1_fluent_265,0.049957275390625,0.167724609375,0.222900390625,0.0965576171875,0.0999755859375
4287,M_1105_21y0m_1_fluent_266,0.144775390625,0.1563720703125,0.22216796875,0.06964111328125,0.092041015625
4288,M_1105_21y0m_1_fluent_267,0.16845703125,0.09967041015625,0.0823974609375,0.06756591796875,0.04681396484375
4289,M_1105_21y0m_1_fluent_268,0.28857421875,0.1495361328125,0.162353515625,0.052825927734375,0.061981201171875
4290,M_1105_21y0m_1_fluent_269,0.08819580078125,0.1856689453125,0.2349853515625,0.10821533203125,0.040771484375
4291,M_1105_21y0m_1_fluent_270,0.054290771484375,0.199462890625,0.4208984375,0.278076171875,0.1865234375
4292,M_1105_21y0m_1_fluent_271,0.11126708984375,0.079345703125,0.049041748046875,0.03253173828125,0.055816650390625
4293,M_1105_21y0m_1_fluent_272,0.278076171875,0.1461181640625,0.1279296875,0.061431884765625,0.07891845703125
4294,M_1105_21y0m_1_fluent_273,0.1424560546875,0.185546875,0.413330078125,0.264404296875,0.07489013671875
4295,M_1105_21y0m_1_fluent_274,0.11297607421875,0.09600830078125,0.0615234375,0.024993896484375,0.07489013671875
4296,M_1105_21y0m_1_fluent_275,0.033905029296875,0.12322998046875,0.1588134765625,0.0738525390625,0.02752685546875
4297,M_1105_21y0m_1_fluent_276,0.10321044921875,0.1007080078125,0.07464599609375,0.048858642578125,0.0289764404296875
4298,M_1105_21y0m_1_fluent_277,0.077392578125,0.11962890625,0.07452392578125,0.06707763671875,0.026458740234375
4299,M_1105_21y0m_1_fluent_278,0.244140625,0.119384765625,0.08990478515625,0.056640625,0.04400634765625
4300,M_1105_21y0m_1_fluent_279,0.0248870849609375,0.07330322265625,0.008544921875,0.0244293212890625,0.0262603759765625
4301,M_1105_21y0m_1_fluent_280,0.1512451171875,0.0938720703125,0.0616455078125,0.049224853515625,0.03753662109375
4302,M_1105_21y0m_1_fluent_281,0.270263671875,0.10931396484375,0.1439208984375,0.1270751953125,0.0738525390625
4303,M_1105_21y0m_1_fluent_282,0.0394287109375,0.1239013671875,0.10284423828125,0.043609619140625,0.06427001953125
4304,M_1105_21y0m_1_fluent_283,0.06243896484375,0.1883544921875,0.1435546875,0.07421875,0.028656005859375
4305,M_1105_21y0m_1_fluent_284,0.2362060546875,0.1195068359375,0.190673828125,0.09515380859375,0.1246337890625
4306,M_1105_21y0m_1_fluent_285,0.10821533203125,0.07122802734375,0.040985107421875,0.034423828125,0.151123046875
4307,M_1105_21y0m_1_fluent_286,0.07684326171875,0.0838623046875,0.0970458984375,0.0582275390625,0.08880615234375
4308,M_1105_21y0m_1_fluent_287,0.07275390625,0.06939697265625,0.0638427734375,0.0299835205078125,0.03125
4309,M_1105_21y0m_1_fluent_288,0.053009033203125,0.2039794921875,0.398193359375,0.1669921875,0.1715087890625
4310,M_1105_21y0m_1_fluent_289,0.09332275390625,0.1358642578125,0.109130859375,0.06256103515625,0.0838623046875
4311,M_1105_21y0m_1_fluent_290,0.0966796875,0.07708740234375,0.07904052734375,0.0830078125,0.0618896484375
4312,M_1105_21y0m_1_fluent_291,0.091552734375,0.1943359375,0.310791015625,0.15673828125,0.08135986328125
4313,M_1105_21y0m_1_fluent_292,0.363037109375,0.1563720703125,0.229736328125,0.0970458984375,0.059326171875
4314,M_1105_21y0m_1_fluent_293,0.041534423828125,0.2001953125,0.158447265625,0.07586669921875,0.0872802734375
4315,M_1105_21y0m_1_fluent_294,0.11859130859375,0.124755859375,0.1717529296875,0.0966796875,0.029815673828125
4316,M_1105_21y0m_1_fluent_295,0.0360107421875,0.1556396484375,0.13427734375,0.08416748046875,0.125732421875
4317,M_1105_21y0m_1_fluent_296,0.0740966796875,0.204345703125,0.089111328125,0.0709228515625,0.0855712890625
4318,M_1105_21y0m_1_fluent_297,0.055938720703125,0.124755859375,0.1373291015625,0.09552001953125,0.0325927734375
4319,M_1105_21y0m_1_fluent_298,0.2203369140625,0.1121826171875,0.1654052734375,0.0869140625,0.05108642578125
4320,M_1105_21y0m_1_fluent_299,0.270263671875,0.140380859375,0.10968017578125,0.053192138671875,0.093017578125
4321,M_1105_21y0m_1_fluent_300,0.089599609375,0.10284423828125,0.10357666015625,0.07720947265625,0.09417724609375
4322,M_1105_21y0m_1_fluent_301,0.0546875,0.107421875,0.201171875,0.149658203125,0.1396484375
4323,M_1105_21y0m_1_fluent_302,0.075439453125,0.09136962890625,0.1983642578125,0.1290283203125,0.06292724609375
4324,M_1105_21y0m_1_fluent_303,0.0802001953125,0.1429443359375,0.115966796875,0.07171630859375,0.0953369140625
4325,M_1105_21y0m_1_fluent_304,0.017913818359375,0.09320068359375,0.0243377685546875,0.037811279296875,0.0253753662109375
4326,M_1105_21y0m_1_fluent_305,0.036224365234375,0.2347412109375,0.29736328125,0.1199951171875,0.08050537109375
4327,M_1105_21y0m_1_fluent_306,0.08251953125,0.1270751953125,0.327880859375,0.206787109375,0.07708740234375
4328,M_1105_21y0m_1_fluent_307,0.0634765625,0.329345703125,0.55615234375,0.17333984375,0.0728759765625
4329,M_1105_21y0m_1_fluent_308,0.0292510986328125,0.2203369140625,0.194091796875,0.07305908203125,0.1455078125
4330,M_1105_21y0m_1_fluent_309,0.1163330078125,0.295166015625,0.369140625,0.12445068359375,0.06427001953125
4331,M_1105_21y0m_1_fluent_310,0.28515625,0.1165771484375,0.1748046875,0.1368408203125,0.07275390625
4332,M_1105_21y0m_1_fluent_311,0.070068359375,0.138671875,0.09552001953125,0.07305908203125,0.033599853515625
4333,M_1105_21y0m_1_fluent_312,0.08660888671875,0.2401123046875,0.1998291015625,0.0469970703125,0.0635986328125
4334,M_1105_21y0m_1_fluent_313,0.048126220703125,0.258056640625,0.32958984375,0.10052490234375,0.07183837890625
4335,M_1105_21y0m_1_fluent_314,0.07476806640625,0.137939453125,0.186279296875,0.07806396484375,0.09332275390625
4336,M_1105_21y0m_1_fluent_315,0.1488037109375,0.11083984375,0.1094970703125,0.06085205078125,0.046905517578125
4337,M_1105_21y0m_1_fluent_316,0.05499267578125,0.292724609375,0.251953125,0.12939453125,0.06671142578125
4338,M_1105_21y0m_1_fluent_317,0.035552978515625,0.07183837890625,0.061431884765625,0.044586181640625,0.02288818359375
4339,M_1105_21y0m_1_fluent_318,0.03265380859375,0.1490478515625,0.14453125,0.0838623046875,0.058013916015625
4340,M_1105_21y0m_1_fluent_319,0.078369140625,0.1895751953125,0.1810302734375,0.0784912109375,0.100341796875
4341,M_1105_21y0m_1_fluent_320,0.086181640625,0.11456298828125,0.2257080078125,0.097900390625,0.059112548828125
4342,M_1105_21y0m_1_fluent_321,0.054901123046875,0.09222412109375,0.0738525390625,0.046295166015625,0.0360107421875
4343,M_1105_21y0m_1_fluent_322,0.095703125,0.10858154296875,0.1807861328125,0.09722900390625,0.046722412109375
4344,M_1105_21y0m_1_fluent_323,0.1937255859375,0.13720703125,0.2474365234375,0.161376953125,0.0616455078125
4345,M_1105_21y0m_1_fluent_324,0.029876708984375,0.1361083984375,0.09283447265625,0.08978271484375,0.31591796875
4346,M_1105_21y0m_1_fluent_325,0.044342041015625,0.1611328125,0.284912109375,0.206787109375,0.1295166015625
4347,M_1105_21y0m_1_fluent_326,0.052825927734375,0.2083740234375,0.1959228515625,0.061309814453125,0.080810546875
4348,M_1105_21y0m_1_fluent_327,0.06964111328125,0.114990234375,0.1864013671875,0.058349609375,0.042022705078125
4349,M_1105_21y0m_1_fluent_328,0.0880126953125,0.11376953125,0.09271240234375,0.06646728515625,0.058135986328125
4350,M_1105_21y0m_1_fluent_329,0.07476806640625,0.160888671875,0.318603515625,0.1678466796875,0.08209228515625
4351,M_1105_21y0m_1_fluent_330,0.216064453125,0.09466552734375,0.093017578125,0.061981201171875,0.04638671875
4352,M_1105_21y0m_1_fluent_331,0.32373046875,0.204833984375,0.2391357421875,0.11859130859375,0.04248046875
4353,M_1105_21y0m_1_fluent_332,0.1884765625,0.1708984375,0.15283203125,0.0638427734375,0.057586669921875
4354,M_1105_21y0m_1_fluent_333,0.1339111328125,0.163818359375,0.1383056640625,0.11029052734375,0.12890625
4355,M_1105_21y0m_1_fluent_334,0.10211181640625,0.07318115234375,0.06878662109375,0.06854248046875,0.059417724609375
4356,M_1105_21y0m_1_fluent_335,0.10321044921875,0.07666015625,0.059967041015625,0.059417724609375,0.097412109375
4357,M_1105_21y0m_1_fluent_336,0.05389404296875,0.1668701171875,0.316650390625,0.2274169921875,0.217529296875
4358,M_1105_21y0m_1_fluent_337,0.05633544921875,0.32275390625,0.4365234375,0.228271484375,0.12359619140625
4359,M_1105_21y0m_1_fluent_338,0.1214599609375,0.1270751953125,0.1505126953125,0.0738525390625,0.07861328125
4360,M_1105_21y0m_1_fluent_339,0.11737060546875,0.1275634765625,0.266357421875,0.134765625,0.1981201171875
4361,M_1105_21y0m_1_fluent_340,0.2099609375,0.130859375,0.162109375,0.073974609375,0.06524658203125
4362,M_1105_21y0m_1_fluent_341,0.2427978515625,0.12274169921875,0.330322265625,0.2152099609375,0.13623046875
4363,M_1105_21y0m_1_fluent_342,0.2298583984375,0.1455078125,0.135986328125,0.040771484375,0.141357421875
4364,M_1105_21y0m_1_fluent_343,0.056243896484375,0.2890625,0.47412109375,0.234619140625,0.11260986328125
4365,M_1105_21y0m_1_fluent_344,0.072265625,0.12335205078125,0.11932373046875,0.0386962890625,0.056243896484375
4366,M_1105_21y0m_1_fluent_345,0.240966796875,0.080078125,0.06536865234375,0.040924072265625,0.03338623046875
4367,M_1105_21y0m_1_fluent_346,0.0953369140625,0.12939453125,0.1807861328125,0.06622314453125,0.094482421875
4368,M_1105_21y0m_1_fluent_347,0.09368896484375,0.17333984375,0.218505859375,0.083740234375,0.0390625
4369,M_1105_21y0m_1_fluent_348,0.1436767578125,0.10015869140625,0.2032470703125,0.10504150390625,0.0938720703125
4370,M_1105_21y0m_1_fluent_349,0.2098388671875,0.0867919921875,0.0810546875,0.033203125,0.11163330078125
4371,M_1105_21y0m_1_fluent_350,0.04107666015625,0.09124755859375,0.0704345703125,0.0762939453125,0.063232421875
4372,M_1105_21y0m_1_fluent_351,0.1885986328125,0.10107421875,0.09136962890625,0.045684814453125,0.037811279296875
4373,M_1105_21y0m_1_fluent_352,0.10992431640625,0.09503173828125,0.27392578125,0.1842041015625,0.08154296875
4374,M_1105_21y0m_1_fluent_353,0.045196533203125,0.09368896484375,0.107421875,0.10107421875,0.06280517578125
4375,M_1105_21y0m_1_fluent_354,0.0948486328125,0.0994873046875,0.193603515625,0.10992431640625,0.051544189453125
4376,M_1105_21y0m_1_fluent_355,0.060302734375,0.1702880859375,0.094482421875,0.029144287109375,0.04931640625
4377,M_1105_21y0m_1_fluent_356,0.03424072265625,0.2265625,0.226318359375,0.0953369140625,0.059326171875
4378,M_1105_21y0m_1_fluent_357,0.056243896484375,0.1546630859375,0.09466552734375,0.03753662109375,0.033843994140625
4379,M_1105_21y0m_1_fluent_358,0.0867919921875,0.1431884765625,0.18408203125,0.1434326171875,0.06439208984375
4380,M_1105_21y0m_1_fluent_359,0.1614990234375,0.10174560546875,0.06597900390625,0.0197601318359375,0.048583984375
4381,M_1105_21y0m_1_fluent_360,0.100341796875,0.08587646484375,0.1124267578125,0.1143798828125,0.08599853515625
4382,M_1105_21y0m_1_fluent_361,0.1591796875,0.08709716796875,0.0894775390625,0.083740234375,0.0635986328125
4383,M_1105_21y0m_1_fluent_362,0.10540771484375,0.1280517578125,0.1700439453125,0.0751953125,0.036712646484375
4384,M_1105_21y0m_1_fluent_363,0.058990478515625,0.1143798828125,0.044921875,0.0546875,0.1285400390625
4385,M_1105_21y0m_1_fluent_364,0.03594970703125,0.06085205078125,0.036346435546875,0.030853271484375,0.018798828125
4386,M_1105_21y0m_1_fluent_365,0.206298828125,0.1014404296875,0.09771728515625,0.059326171875,0.033660888671875
4387,M_1105_21y0m_1_fluent_366,0.1448974609375,0.11181640625,0.0855712890625,0.08404541015625,0.0496826171875
4388,M_1105_21y0m_1_fluent_367,0.07342529296875,0.0802001953125,0.208984375,0.139892578125,0.0640869140625
4389,M_1105_21y0m_1_fluent_368,0.03515625,0.116943359375,0.1539306640625,0.07989501953125,0.07611083984375
4390,M_1105_21y0m_1_fluent_369,0.77734375,0.1693115234375,0.1392822265625,0.07464599609375,0.179931640625
4391,M_1105_21y0m_1_fluent_370,0.1673583984375,0.160888671875,0.22021484375,0.1217041015625,0.047882080078125
4392,M_1105_21y0m_1_fluent_371,0.082275390625,0.0704345703125,0.044097900390625,0.0413818359375,0.0706787109375
4393,M_1105_21y0m_1_fluent_372,0.09844970703125,0.152587890625,0.07452392578125,0.044769287109375,0.038238525390625
4394,M_1105_21y0m_1_fluent_373,0.033905029296875,0.11065673828125,0.1014404296875,0.05572509765625,0.0219879150390625
4395,M_1105_21y0m_1_fluent_374,0.06475830078125,0.2215576171875,0.264892578125,0.09637451171875,0.07159423828125
4396,M_1105_21y0m_1_fluent_375,0.05145263671875,0.18505859375,0.14501953125,0.0455322265625,0.05340576171875
4397,M_1105_21y0m_1_fluent_376,0.0640869140625,0.12249755859375,0.2252197265625,0.10577392578125,0.047882080078125
4398,M_1105_21y0m_1_fluent_377,0.07342529296875,0.1251220703125,0.323486328125,0.1988525390625,0.09619140625
4399,M_1105_21y0m_1_fluent_378,0.04248046875,0.07989501953125,0.1536865234375,0.126220703125,0.063720703125
4400,M_1105_21y0m_1_fluent_379,0.2489013671875,0.190673828125,0.465087890625,0.31298828125,0.172119140625
4401,M_1105_21y0m_1_fluent_380,0.13330078125,0.106689453125,0.1114501953125,0.0762939453125,0.09075927734375
4402,M_1105_21y0m_1_fluent_381,0.0482177734375,0.141357421875,0.228271484375,0.126953125,0.2152099609375
4403,M_1105_21y0m_1_fluent_382,0.0889892578125,0.06634521484375,0.04534912109375,0.040618896484375,0.061767578125
4404,M_1105_21y0m_1_fluent_383,0.047088623046875,0.13037109375,0.09075927734375,0.05633544921875,0.04620361328125
4405,M_1105_21y0m_1_fluent_384,0.1767578125,0.09912109375,0.1328125,0.08819580078125,0.038909912109375
4406,M_1105_21y0m_1_fluent_385,0.0836181640625,0.08978271484375,0.09771728515625,0.062103271484375,0.0304412841796875
4407,M_1105_21y0m_1_fluent_386,0.04620361328125,0.344970703125,0.41796875,0.09686279296875,0.0634765625
4408,M_1105_21y0m_1_fluent_387,0.235595703125,0.1634521484375,0.277587890625,0.124755859375,0.07861328125
4409,M_1105_21y0m_1_fluent_388,0.09124755859375,0.09088134765625,0.06842041015625,0.061981201171875,0.0374755859375
4410,M_1105_21y0m_1_fluent_389,0.0855712890625,0.10321044921875,0.2073974609375,0.11163330078125,0.055419921875
4411,M_1105_21y0m_1_fluent_390,0.07342529296875,0.143798828125,0.1898193359375,0.11083984375,0.044921875
4412,M_1105_21y0m_1_fluent_391,0.022796630859375,0.0849609375,0.057586669921875,0.0472412109375,0.026153564453125
4413,M_1105_21y0m_1_fluent_392,0.0723876953125,0.07696533203125,0.16943359375,0.1461181640625,0.06768798828125
4414,M_1105_21y0m_1_fluent_393,0.2086181640625,0.161865234375,0.183837890625,0.0938720703125,0.043609619140625
4415,M_1105_21y0m_1_fluent_394,0.0755615234375,0.144775390625,0.43359375,0.178955078125,0.054107666015625
4416,M_1105_21y0m_1_fluent_395,0.048126220703125,0.349609375,0.27880859375,0.11297607421875,0.05877685546875
4417,M_1105_21y0m_1_fluent_396,0.08477783203125,0.1837158203125,0.18212890625,0.093017578125,0.35498046875
4418,M_1105_21y0m_1_fluent_397,0.06695556640625,0.1121826171875,0.1890869140625,0.08251953125,0.04986572265625
4419,M_1105_21y0m_1_fluent_398,0.055419921875,0.242919921875,0.3701171875,0.2012939453125,0.1365966796875
4420,M_1105_21y0m_1_fluent_399,0.043121337890625,0.1448974609375,0.0765380859375,0.057373046875,0.0938720703125
4421,M_1105_21y0m_1_fluent_400,0.203857421875,0.1650390625,0.23193359375,0.06939697265625,0.0823974609375
4422,M_1105_21y0m_1_fluent_401,0.0304412841796875,0.1915283203125,0.1507568359375,0.055938720703125,0.043365478515625
4423,M_1105_21y0m_1_fluent_402,0.11737060546875,0.2342529296875,0.1597900390625,0.060089111328125,0.059967041015625
4424,M_1105_21y0m_1_fluent_403,0.039947509765625,0.2330322265625,0.351806640625,0.1683349609375,0.14501953125
4425,M_1105_21y0m_1_fluent_404,0.28564453125,0.07464599609375,0.041778564453125,0.03204345703125,0.0638427734375
4426,M_1105_21y0m_1_fluent_405,0.1478271484375,0.1285400390625,0.232177734375,0.1578369140625,0.04803466796875
4427,M_1105_21y0m_1_fluent_406,0.058563232421875,0.3642578125,0.4375,0.1473388671875,0.06951904296875
4428,M_1105_21y0m_1_fluent_407,0.301025390625,0.1318359375,0.1783447265625,0.06585693359375,0.040924072265625
4429,M_1105_21y0m_1_fluent_408,0.18310546875,0.107421875,0.07879638671875,0.06695556640625,0.034881591796875
4430,M_1105_21y0m_1_fluent_409,0.038238525390625,0.07666015625,0.097412109375,0.06231689453125,0.044189453125
4431,M_1105_21y0m_1_fluent_410,0.040313720703125,0.1265869140625,0.059967041015625,0.027587890625,0.029876708984375
4432,M_1105_21y0m_1_fluent_411,0.18701171875,0.1787109375,0.44873046875,0.2362060546875,0.07208251953125
4433,M_1105_21y0m_1_fluent_412,0.08416748046875,0.1796875,0.19775390625,0.05645751953125,0.08209228515625
4434,M_1105_21y0m_1_fluent_413,0.1728515625,0.12890625,0.1326904296875,0.04803466796875,0.0802001953125
4435,M_1105_21y0m_1_fluent_414,0.409423828125,0.1683349609375,0.32568359375,0.16455078125,0.07147216796875
4436,M_1105_21y0m_1_fluent_415,0.2366943359375,0.12200927734375,0.12139892578125,0.092529296875,0.039642333984375
4437,M_1105_21y0m_1_fluent_416,0.1015625,0.10687255859375,0.319091796875,0.1776123046875,0.09271240234375
4438,M_1105_21y0m_1_fluent_417,0.06451416015625,0.2459716796875,0.240966796875,0.11358642578125,0.06109619140625
4439,M_1105_21y0m_1_fluent_418,0.03204345703125,0.21435546875,0.155029296875,0.09088134765625,0.06451416015625
4440,M_1105_21y0m_1_fluent_419,0.048858642578125,0.1358642578125,0.25732421875,0.13427734375,0.0391845703125
4441,M_1105_21y0m_1_fluent_420,0.12432861328125,0.0869140625,0.03875732421875,0.02532958984375,0.0273284912109375
4442,M_1105_21y0m_1_fluent_421,0.303955078125,0.1993408203125,0.416259765625,0.23193359375,0.1163330078125
4443,M_1105_21y0m_1_fluent_422,0.06781005859375,0.1923828125,0.050811767578125,0.048583984375,0.0728759765625
4444,M_1105_21y0m_1_fluent_423,0.1802978515625,0.082275390625,0.0535888671875,0.0360107421875,0.027801513671875
4445,M_1105_21y0m_1_fluent_424,0.21484375,0.0775146484375,0.055206298828125,0.037322998046875,0.0299224853515625
4446,M_1105_21y0m_1_fluent_425,0.200439453125,0.294921875,0.49609375,0.263427734375,0.1400146484375
4447,M_1105_21y0m_1_fluent_426,0.07794189453125,0.0823974609375,0.2183837890625,0.14208984375,0.11614990234375
4448,M_1105_21y0m_1_fluent_427,0.11419677734375,0.09124755859375,0.06982421875,0.040618896484375,0.07891845703125
4449,M_1105_21y0m_1_fluent_428,0.0975341796875,0.156494140625,0.2379150390625,0.14599609375,0.056640625
4450,M_1105_21y0m_1_fluent_429,0.1885986328125,0.1263427734375,0.14404296875,0.056854248046875,0.0753173828125
4451,M_1105_21y0m_1_fluent_430,0.040618896484375,0.161865234375,0.1463623046875,0.059112548828125,0.044525146484375
4452,M_1105_21y0m_1_fluent_431,0.07586669921875,0.09722900390625,0.0975341796875,0.05645751953125,0.046112060546875
4453,M_1105_21y0m_1_fluent_432,0.158447265625,0.09503173828125,0.151123046875,0.08154296875,0.044525146484375
4454,M_1105_21y0m_1_fluent_433,0.15576171875,0.12042236328125,0.0885009765625,0.0289764404296875,0.1007080078125
4455,M_1105_21y0m_1_fluent_434,0.037750244140625,0.2314453125,0.14453125,0.0574951171875,0.12493896484375
4456,M_1105_21y0m_1_fluent_435,0.2095947265625,0.082275390625,0.04913330078125,0.033782958984375,0.02685546875
4457,M_1105_21y0m_1_fluent_436,0.0517578125,0.1087646484375,0.07781982421875,0.045440673828125,0.035003662109375
4458,M_1105_21y0m_1_fluent_437,0.1673583984375,0.087890625,0.06097412109375,0.048858642578125,0.045440673828125
4459,M_1105_21y0m_1_fluent_438,0.04443359375,0.09503173828125,0.0889892578125,0.06488037109375,0.09930419921875
4460,M_1105_21y0m_1_fluent_439,0.07611083984375,0.093994140625,0.05059814453125,0.04376220703125,0.0352783203125
4461,M_1105_21y0m_1_fluent_440,0.382080078125,0.1297607421875,0.275634765625,0.1407470703125,0.0830078125
4462,M_1105_21y0m_1_fluent_441,0.09368896484375,0.1866455078125,0.2255859375,0.0548095703125,0.08880615234375
4463,M_1105_21y0m_1_fluent_442,0.04595947265625,0.171630859375,0.1937255859375,0.08709716796875,0.06781005859375
4464,M_1105_21y0m_1_fluent_443,0.0187225341796875,0.109130859375,0.025177001953125,0.030792236328125,0.023651123046875
4465,M_1105_21y0m_1_fluent_444,0.038330078125,0.150146484375,0.2088623046875,0.11859130859375,0.1400146484375
4466,M_1105_21y0m_1_fluent_445,0.12408447265625,0.1533203125,0.2027587890625,0.11083984375,0.08868408203125
4467,M_1105_21y0m_1_fluent_446,0.1837158203125,0.174072265625,0.4072265625,0.320068359375,0.1134033203125
4468,M_1105_21y0m_1_fluent_447,0.02630615234375,0.130859375,0.1087646484375,0.1055908203125,0.2091064453125
4469,M_1105_21y0m_1_fluent_448,0.1070556640625,0.154541015625,0.280029296875,0.149658203125,0.05059814453125
4470,M_1105_21y0m_1_fluent_449,0.1622314453125,0.132568359375,0.2401123046875,0.097900390625,0.0413818359375
4471,M_1105_21y0m_1_fluent_450,0.051666259765625,0.1063232421875,0.1500244140625,0.0631103515625,0.06634521484375
4472,M_1105_21y0m_1_fluent_451,0.1983642578125,0.2235107421875,0.31640625,0.07489013671875,0.07763671875
4473,M_1105_21y0m_1_fluent_452,0.14208984375,0.08648681640625,0.14404296875,0.135986328125,0.0634765625
4474,M_1105_21y0m_1_fluent_453,0.03265380859375,0.1055908203125,0.01094818115234375,0.0191650390625,0.0182952880859375
4475,M_1105_21y0m_1_fluent_454,0.15185546875,0.2303466796875,0.19189453125,0.212890625,0.1007080078125
4476,M_1105_21y0m_1_fluent_455,0.114990234375,0.102294921875,0.1343994140625,0.10595703125,0.04559326171875
4477,M_1105_21y0m_1_fluent_456,0.224609375,0.1224365234375,0.12939453125,0.078369140625,0.034423828125
4478,M_1105_21y0m_1_fluent_457,0.157958984375,0.1309814453125,0.2142333984375,0.1356201171875,0.04931640625
4479,M_1105_21y0m_1_fluent_458,0.04168701171875,0.10687255859375,0.046478271484375,0.033477783203125,0.02880859375
4480,M_1105_21y0m_1_fluent_459,0.045257568359375,0.1337890625,0.1669921875,0.149169921875,0.09136962890625
4481,M_1105_21y0m_1_fluent_460,0.089599609375,0.1346435546875,0.263916015625,0.28759765625,0.239013671875
4482,M_1105_21y0m_1_fluent_461,0.041229248046875,0.17724609375,0.36279296875,0.20751953125,0.1590576171875
4483,M_1105_21y0m_1_fluent_462,0.0299835205078125,0.095703125,0.1014404296875,0.06939697265625,0.0294189453125
4484,M_1105_21y0m_1_fluent_463,0.3056640625,0.1373291015625,0.28857421875,0.160888671875,0.07366943359375
4485,M_1105_21y0m_1_fluent_464,0.18359375,0.10089111328125,0.04986572265625,0.0169830322265625,0.037689208984375
4486,M_1105_21y0m_1_fluent_465,0.03948974609375,0.19091796875,0.30126953125,0.144775390625,0.14404296875
4487,M_1105_21y0m_1_fluent_466,0.09088134765625,0.248046875,0.1942138671875,0.07904052734375,0.03594970703125
4488,M_1105_21y0m_1_fluent_467,0.07464599609375,0.0894775390625,0.1634521484375,0.0994873046875,0.05450439453125
4489,M_1105_21y0m_1_fluent_468,0.031494140625,0.130615234375,0.1444091796875,0.061431884765625,0.059112548828125
4490,M_1105_21y0m_1_fluent_469,0.0765380859375,0.1309814453125,0.289794921875,0.279052734375,0.0809326171875
4491,M_1105_21y0m_1_fluent_470,0.256103515625,0.10284423828125,0.135009765625,0.07708740234375,0.053497314453125
4492,M_1105_21y0m_1_fluent_471,0.030670166015625,0.204345703125,0.2042236328125,0.0755615234375,0.05059814453125
4493,M_1105_21y0m_1_fluent_472,0.06463623046875,0.076416015625,0.0869140625,0.027740478515625,0.0245208740234375
4494,M_1105_21y0m_1_fluent_473,0.228271484375,0.257568359375,0.177001953125,0.17626953125,0.08831787109375
4495,M_1105_21y0m_1_fluent_474,0.158935546875,0.1246337890625,0.282470703125,0.11517333984375,0.0816650390625
4496,M_1105_21y0m_1_fluent_475,0.07080078125,0.1409912109375,0.2447509765625,0.0938720703125,0.08282470703125
4497,M_1105_21y0m_1_fluent_476,0.2978515625,0.1014404296875,0.1751708984375,0.0894775390625,0.08197021484375
4498,M_1105_21y0m_1_fluent_477,0.050140380859375,0.226806640625,0.295654296875,0.094482421875,0.07696533203125
4499,M_1105_21y0m_1_fluent_478,0.053802490234375,0.0982666015625,0.06854248046875,0.053009033203125,0.030914306640625
4500,M_1105_21y0m_1_fluent_479,0.1324462890625,0.219482421875,0.1929931640625,0.08538818359375,0.024658203125
4501,M_1105_21y0m_1_fluent_480,0.0850830078125,0.2021484375,0.31640625,0.124755859375,0.047607421875
4502,M_1105_21y0m_1_fluent_481,0.1422119140625,0.130615234375,0.1458740234375,0.06451416015625,0.0526123046875
4503,M_1105_21y0m_1_fluent_482,0.11083984375,0.2425537109375,0.312255859375,0.11456298828125,0.0872802734375
4504,M_1105_21y0m_1_fluent_483,0.04742431640625,0.123779296875,0.276611328125,0.169921875,0.059417724609375
4505,M_1105_21y0m_1_fluent_484,0.04132080078125,0.1124267578125,0.0301513671875,0.02203369140625,0.075439453125
4506,M_1105_21y0m_1_fluent_485,0.2254638671875,0.15478515625,0.1842041015625,0.08770751953125,0.048309326171875
4507,M_1105_21y0m_1_fluent_486,0.2178955078125,0.11395263671875,0.12939453125,0.0709228515625,0.04193115234375
4508,M_1105_21y0m_1_fluent_487,0.199951171875,0.07666015625,0.04217529296875,0.03656005859375,0.0701904296875
4509,M_1105_21y0m_1_fluent_488,0.060302734375,0.1202392578125,0.12335205078125,0.05242919921875,0.04168701171875
4510,M_1105_21y0m_1_fluent_489,0.09368896484375,0.10125732421875,0.1702880859375,0.08123779296875,0.044189453125
4511,M_1105_21y0m_1_fluent_490,0.0953369140625,0.12188720703125,0.2578125,0.142822265625,0.043365478515625
4512,M_1105_21y0m_1_fluent_491,0.10302734375,0.10650634765625,0.089599609375,0.042388916015625,0.0489501953125
4513,M_1105_21y0m_1_fluent_492,0.08282470703125,0.1998291015625,0.296142578125,0.09075927734375,0.079345703125
4514,M_1105_21y0m_1_fluent_493,0.0194549560546875,0.0885009765625,0.017913818359375,0.0264129638671875,0.0229339599609375
4515,M_1105_21y0m_1_fluent_494,0.2413330078125,0.1873779296875,0.34521484375,0.1767578125,0.061981201171875
4516,M_1105_21y0m_1_fluent_495,0.091552734375,0.1207275390625,0.09600830078125,0.06085205078125,0.04681396484375
4517,M_1105_21y0m_1_fluent_496,0.044189453125,0.181396484375,0.2242431640625,0.1181640625,0.0802001953125
4518,M_1105_21y0m_1_fluent_497,0.04193115234375,0.2110595703125,0.26318359375,0.06683349609375,0.0784912109375
4519,M_1105_21y0m_1_fluent_498,0.046630859375,0.09075927734375,0.1800537109375,0.09619140625,0.050323486328125
4520,M_1105_21y0m_1_fluent_499,0.058563232421875,0.14990234375,0.3349609375,0.1339111328125,0.044769287109375
4521,M_1105_21y0m_1_fluent_500,0.0634765625,0.08990478515625,0.06634521484375,0.046539306640625,0.036773681640625
4522,M_1105_21y0m_1_fluent_501,0.024993896484375,0.154296875,0.142578125,0.10577392578125,0.185791015625
4523,M_1105_21y0m_1_fluent_502,0.04840087890625,0.14501953125,0.154541015625,0.1380615234375,0.06768798828125
4524,M_1105_21y0m_1_fluent_503,0.08050537109375,0.2144775390625,0.156982421875,0.042388916015625,0.039276123046875
4525,M_1105_21y0m_1_fluent_504,0.0994873046875,0.205322265625,0.288818359375,0.0706787109375,0.0775146484375
4526,M_1105_21y0m_1_fluent_505,0.035675048828125,0.2152099609375,0.1583251953125,0.093994140625,0.081787109375
4527,M_1105_21y0m_1_fluent_506,0.05706787109375,0.06890869140625,0.0604248046875,0.07806396484375,0.0509033203125
4528,M_1105_21y0m_1_fluent_507,0.05291748046875,0.12054443359375,0.268310546875,0.0889892578125,0.0699462890625
4529,M_1105_21y0m_1_fluent_508,0.07806396484375,0.08758544921875,0.1260986328125,0.1019287109375,0.04217529296875
4530,M_1105_21y0m_1_fluent_509,0.0966796875,0.14453125,0.316650390625,0.1876220703125,0.05975341796875
4531,M_1105_21y0m_1_fluent_510,0.08038330078125,0.14306640625,0.25634765625,0.09844970703125,0.061981201171875
4532,M_1105_21y0m_1_fluent_511,0.057373046875,0.1326904296875,0.08416748046875,0.06610107421875,0.11199951171875
4533,M_1105_21y0m_1_fluent_512,0.11376953125,0.1044921875,0.0782470703125,0.05633544921875,0.1279296875
4534,M_1105_21y0m_1_fluent_513,0.1259765625,0.1705322265625,0.306884765625,0.1302490234375,0.059967041015625
4535,M_1105_21y0m_1_fluent_514,0.11376953125,0.2734375,0.302978515625,0.0885009765625,0.0728759765625
4536,M_1105_21y0m_1_fluent_515,0.12890625,0.0880126953125,0.11029052734375,0.10992431640625,0.097900390625
4537,M_1105_21y0m_1_fluent_516,0.07354736328125,0.07684326171875,0.0836181640625,0.090087890625,0.056549072265625
4538,M_1105_21y0m_1_fluent_517,0.0810546875,0.1815185546875,0.15625,0.054595947265625,0.048126220703125
4539,M_1105_21y0m_1_fluent_518,0.08648681640625,0.110107421875,0.29931640625,0.10723876953125,0.1319580078125
4540,M_1105_21y0m_1_fluent_519,0.05572509765625,0.10931396484375,0.07476806640625,0.11737060546875,0.1673583984375
4541,M_1105_21y0m_1_fluent_520,0.1717529296875,0.11981201171875,0.06292724609375,0.13671875,0.2254638671875
4542,M_1105_21y0m_1_fluent_521,0.0309600830078125,0.160888671875,0.135009765625,0.058013916015625,0.037261962890625
4543,M_1105_21y0m_1_fluent_522,0.0472412109375,0.12890625,0.146728515625,0.06939697265625,0.052337646484375
4544,M_1105_21y0m_1_fluent_523,0.05450439453125,0.1209716796875,0.1727294921875,0.0723876953125,0.06109619140625
4545,M_1105_21y0m_1_fluent_524,0.0784912109375,0.0838623046875,0.0738525390625,0.06756591796875,0.054107666015625
4546,M_1105_21y0m_1_fluent_525,0.058135986328125,0.19677734375,0.288818359375,0.136474609375,0.1375732421875
4547,M_1105_21y0m_1_fluent_526,0.038543701171875,0.15185546875,0.174072265625,0.06927490234375,0.0753173828125
4548,M_1105_21y0m_1_fluent_527,0.1298828125,0.09283447265625,0.0855712890625,0.043212890625,0.049041748046875
4549,M_1105_21y0m_1_fluent_528,0.0816650390625,0.130126953125,0.2144775390625,0.1719970703125,0.17529296875
4550,M_1105_21y0m_1_fluent_529,0.2481689453125,0.090576171875,0.07684326171875,0.04534912109375,0.06756591796875
4551,M_1105_21y0m_1_fluent_530,0.04742431640625,0.09088134765625,0.08526611328125,0.0504150390625,0.03521728515625
4552,M_1105_21y0m_1_fluent_531,0.131103515625,0.1229248046875,0.2420654296875,0.148681640625,0.06610107421875
4553,M_1105_21y0m_1_fluent_532,0.1376953125,0.1143798828125,0.236572265625,0.1041259765625,0.073974609375
4554,M_1105_21y0m_1_fluent_533,0.048583984375,0.1358642578125,0.1925048828125,0.169677734375,0.060516357421875
4555,M_1105_21y0m_1_fluent_534,0.155029296875,0.10894775390625,0.1195068359375,0.0809326171875,0.040924072265625
4556,M_1105_21y0m_1_fluent_535,0.0457763671875,0.1456298828125,0.15380859375,0.134033203125,0.09771728515625
4557,M_1105_21y0m_1_fluent_536,0.040618896484375,0.1435546875,0.228515625,0.1014404296875,0.1409912109375
4558,M_1105_21y0m_1_fluent_537,0.08282470703125,0.1571044921875,0.313720703125,0.154541015625,0.0850830078125
4559,M_1105_21y0m_1_fluent_538,0.024383544921875,0.086181640625,0.06951904296875,0.05108642578125,0.029083251953125
4560,M_1105_21y0m_1_fluent_539,0.05706787109375,0.2391357421875,0.255615234375,0.09320068359375,0.08447265625
4561,M_1106_25y0m_1_dysfluent_000,0.051177978515625,0.1583251953125,0.1685791015625,0.0843505859375,0.1724853515625
4562,M_1106_25y0m_1_dysfluent_001,0.05633544921875,0.2125244140625,0.3291015625,0.1475830078125,0.1961669921875
4563,M_1106_25y0m_1_dysfluent_002,0.10723876953125,0.260498046875,0.5341796875,0.277099609375,0.266357421875
4564,M_1106_25y0m_1_dysfluent_003,0.035491943359375,0.2349853515625,0.254638671875,0.06646728515625,0.0548095703125
4565,M_1106_25y0m_1_dysfluent_004,0.0416259765625,0.1859130859375,0.167236328125,0.043609619140625,0.040771484375
4566,M_1106_25y0m_1_dysfluent_005,0.0341796875,0.1610107421875,0.1302490234375,0.03955078125,0.034088134765625
4567,M_1106_25y0m_1_dysfluent_006,0.0341796875,0.1610107421875,0.1302490234375,0.03955078125,0.034088134765625
4568,M_1106_25y0m_1_dysfluent_007,0.059112548828125,0.228515625,0.28515625,0.064208984375,0.038238525390625
4569,M_1106_25y0m_1_dysfluent_008,0.059112548828125,0.228515625,0.28515625,0.064208984375,0.038238525390625
4570,M_1106_25y0m_1_dysfluent_009,0.0631103515625,0.1976318359375,0.1055908203125,0.059112548828125,0.390625
4571,M_1106_25y0m_1_dysfluent_010,0.1868896484375,0.105224609375,0.0254669189453125,0.0135345458984375,0.060211181640625
4572,M_1106_25y0m_1_dysfluent_011,0.20654296875,0.078369140625,0.0214080810546875,0.0121917724609375,0.089599609375
4573,M_1106_25y0m_1_dysfluent_012,0.169677734375,0.2509765625,0.447021484375,0.2384033203125,0.174072265625
4574,M_1106_25y0m_1_dysfluent_013,0.20556640625,0.27587890625,0.465087890625,0.13330078125,0.08740234375
4575,M_1106_25y0m_1_dysfluent_014,0.20556640625,0.27587890625,0.465087890625,0.13330078125,0.08740234375
4576,M_1106_25y0m_1_dysfluent_015,0.26806640625,0.356201171875,0.66650390625,0.2822265625,0.244384765625
4577,M_1106_25y0m_1_dysfluent_016,0.097900390625,0.1788330078125,0.3046875,0.336181640625,0.65576171875
4578,M_1106_25y0m_1_dysfluent_017,0.10467529296875,0.174560546875,0.279052734375,0.317626953125,0.673828125
4579,M_1106_25y0m_1_dysfluent_018,0.053802490234375,0.1829833984375,0.224609375,0.136962890625,0.12451171875
4580,M_1106_25y0m_1_dysfluent_019,0.10015869140625,0.137939453125,0.14404296875,0.0546875,0.25732421875
4581,M_1106_25y0m_1_dysfluent_020,0.058135986328125,0.1513671875,0.10430908203125,0.0303802490234375,0.06781005859375
4582,M_1106_25y0m_1_dysfluent_021,0.0526123046875,0.169189453125,0.09503173828125,0.09967041015625,0.358642578125
4583,M_1106_25y0m_1_dysfluent_022,0.03271484375,0.137939453125,0.062225341796875,0.03533935546875,0.033782958984375
4584,M_1106_25y0m_1_dysfluent_023,0.06756591796875,0.11981201171875,0.12841796875,0.0726318359375,0.14013671875
4585,M_1106_25y0m_1_dysfluent_024,0.056640625,0.23095703125,0.248291015625,0.1507568359375,0.08831787109375
4586,M_1106_25y0m_1_dysfluent_025,0.049591064453125,0.2213134765625,0.339599609375,0.1654052734375,0.10174560546875
4587,M_1106_25y0m_1_dysfluent_026,0.035003662109375,0.1719970703125,0.08270263671875,0.033966064453125,0.059661865234375
4588,M_1106_25y0m_1_dysfluent_027,0.14404296875,0.2330322265625,0.49365234375,0.22900390625,0.317138671875
4589,M_1106_25y0m_1_dysfluent_028,0.14404296875,0.2330322265625,0.49365234375,0.22900390625,0.317138671875
4590,M_1106_25y0m_1_dysfluent_029,0.1319580078125,0.2841796875,0.5146484375,0.2337646484375,0.217041015625
4591,M_1106_25y0m_1_dysfluent_030,0.1573486328125,0.2069091796875,0.1939697265625,0.07305908203125,0.0526123046875
4592,M_1106_25y0m_1_dysfluent_031,0.1573486328125,0.2069091796875,0.1939697265625,0.07305908203125,0.0526123046875
4593,M_1106_25y0m_1_dysfluent_032,0.306640625,0.2354736328125,0.335205078125,0.1866455078125,0.4482421875
4594,M_1106_25y0m_1_dysfluent_033,0.41064453125,0.259521484375,0.284423828125,0.2081298828125,0.458251953125
4595,M_1106_25y0m_1_dysfluent_034,0.044189453125,0.184326171875,0.1448974609375,0.05072021484375,0.03515625
4596,M_1106_25y0m_1_dysfluent_035,0.07708740234375,0.20703125,0.41455078125,0.25732421875,0.263671875
4597,M_1106_25y0m_1_dysfluent_036,0.07489013671875,0.2000732421875,0.404541015625,0.352783203125,0.3095703125
4598,M_1106_25y0m_1_dysfluent_037,0.08050537109375,0.26611328125,0.465576171875,0.259033203125,0.2705078125
4599,M_1106_25y0m_1_dysfluent_038,0.042083740234375,0.236328125,0.1927490234375,0.0567626953125,0.043365478515625
4600,M_1106_25y0m_1_dysfluent_039,0.042083740234375,0.236328125,0.1927490234375,0.0567626953125,0.043365478515625
4601,M_1106_25y0m_1_dysfluent_040,0.042083740234375,0.236328125,0.1927490234375,0.0567626953125,0.043365478515625
4602,M_1106_25y0m_1_dysfluent_041,0.37841796875,0.28857421875,0.58349609375,0.31884765625,0.2288818359375
4603,M_1106_25y0m_1_dysfluent_042,0.073974609375,0.20166015625,0.385986328125,0.291748046875,0.293701171875
4604,M_1106_25y0m_1_dysfluent_043,0.45166015625,0.17578125,0.140380859375,0.1019287109375,0.05975341796875
4605,M_1106_25y0m_1_dysfluent_044,0.382568359375,0.2705078125,0.36279296875,0.13427734375,0.458251953125
4606,M_1106_25y0m_1_dysfluent_045,0.41845703125,0.2393798828125,0.384521484375,0.1851806640625,0.57421875
4607,M_1106_25y0m_1_dysfluent_046,0.0728759765625,0.3173828125,0.31689453125,0.083740234375,0.08880615234375
4608,M_1106_25y0m_1_dysfluent_047,0.0728759765625,0.3173828125,0.31689453125,0.0838623046875,0.08880615234375
4609,M_1106_25y0m_1_dysfluent_048,0.0728759765625,0.3173828125,0.317138671875,0.0838623046875,0.08880615234375
4610,M_1106_25y0m_1_dysfluent_049,0.10723876953125,0.2347412109375,0.232177734375,0.1239013671875,0.143798828125
4611,M_1106_25y0m_1_dysfluent_050,0.1121826171875,0.21142578125,0.274169921875,0.199951171875,0.120849609375
4612,M_1106_25y0m_1_dysfluent_051,0.1026611328125,0.14599609375,0.09185791015625,0.0343017578125,0.06512451171875
4613,M_1106_25y0m_1_dysfluent_052,0.06488037109375,0.169677734375,0.24560546875,0.1485595703125,0.09771728515625
4614,M_1106_25y0m_1_dysfluent_053,0.089111328125,0.195556640625,0.400634765625,0.370849609375,0.2022705078125
4615,M_1106_25y0m_1_dysfluent_054,0.1019287109375,0.250244140625,0.54541015625,0.34814453125,0.2257080078125
4616,M_1106_25y0m_1_dysfluent_055,0.66748046875,0.1519775390625,0.1201171875,0.043365478515625,0.20947265625
4617,M_1106_25y0m_1_dysfluent_056,0.5703125,0.142333984375,0.12127685546875,0.05389404296875,0.09466552734375
4618,M_1106_25y0m_1_dysfluent_057,0.2467041015625,0.08880615234375,0.0867919921875,0.042572021484375,0.10650634765625
4619,M_1106_25y0m_1_dysfluent_058,0.382568359375,0.1783447265625,0.1490478515625,0.052520751953125,0.1153564453125
4620,M_1106_25y0m_1_dysfluent_059,0.325927734375,0.17529296875,0.2476806640625,0.07275390625,0.202392578125
4621,M_1106_25y0m_1_dysfluent_060,0.045013427734375,0.128662109375,0.15380859375,0.1873779296875,0.1640625
4622,M_1106_25y0m_1_dysfluent_061,0.026763916015625,0.137939453125,0.0831298828125,0.07598876953125,0.11737060546875
4623,M_1106_25y0m_1_dysfluent_062,0.0310821533203125,0.1014404296875,0.058563232421875,0.03167724609375,0.05108642578125
4624,M_1106_25y0m_1_dysfluent_063,0.089599609375,0.23583984375,0.419189453125,0.0943603515625,0.06524658203125
4625,M_1106_25y0m_1_dysfluent_064,0.07904052734375,0.2110595703125,0.5068359375,0.2064208984375,0.1373291015625
4626,M_1106_25y0m_1_dysfluent_065,0.1187744140625,0.177001953125,0.396484375,0.205810546875,0.16455078125
4627,M_1106_25y0m_1_dysfluent_066,0.0273284912109375,0.1336669921875,0.0867919921875,0.06439208984375,0.05706787109375
4628,M_1106_25y0m_1_dysfluent_067,0.0496826171875,0.2103271484375,0.182861328125,0.050994873046875,0.08587646484375
4629,M_1106_25y0m_1_dysfluent_068,0.035003662109375,0.1513671875,0.08331298828125,0.03436279296875,0.055419921875
4630,M_1106_25y0m_1_fluent_000,0.0411376953125,0.2496337890625,0.233154296875,0.072509765625,0.041473388671875
4631,M_1106_25y0m_1_fluent_001,0.08404541015625,0.0631103515625,0.038970947265625,0.033477783203125,0.024993896484375
4632,M_1106_25y0m_1_fluent_002,0.0709228515625,0.11297607421875,0.10894775390625,0.04046630859375,0.023651123046875
4633,M_1106_25y0m_1_fluent_003,0.2705078125,0.11029052734375,0.1611328125,0.07977294921875,0.0560302734375
4634,M_1106_25y0m_1_fluent_004,0.07135009765625,0.12744140625,0.204345703125,0.09173583984375,0.045257568359375
4635,M_1106_25y0m_1_fluent_005,0.3173828125,0.1339111328125,0.083740234375,0.0222930908203125,0.039276123046875
4636,M_1106_25y0m_1_fluent_006,0.1700439453125,0.241455078125,0.199951171875,0.07080078125,0.033843994140625
4637,M_1106_25y0m_1_fluent_007,0.0701904296875,0.06768798828125,0.057586669921875,0.049957275390625,0.0279083251953125
4638,M_1106_25y0m_1_fluent_008,0.11456298828125,0.07275390625,0.093505859375,0.06744384765625,0.05987548828125
4639,M_1106_25y0m_1_fluent_009,0.11798095703125,0.0843505859375,0.07781982421875,0.035888671875,0.03125
4640,M_1106_25y0m_1_fluent_010,0.167724609375,0.0831298828125,0.093505859375,0.05792236328125,0.04132080078125
4641,M_1106_25y0m_1_fluent_011,0.0872802734375,0.06903076171875,0.0188751220703125,0.018829345703125,0.017913818359375
4642,M_1106_25y0m_1_fluent_012,0.2469482421875,0.1044921875,0.07208251953125,0.032958984375,0.045257568359375
4643,M_1106_25y0m_1_fluent_013,0.04443359375,0.12066650390625,0.054290771484375,0.0272674560546875,0.026153564453125
4644,M_1106_25y0m_1_fluent_014,0.11199951171875,0.07904052734375,0.1077880859375,0.080078125,0.029541015625
4645,M_1106_25y0m_1_fluent_015,0.1263427734375,0.06658935546875,0.11163330078125,0.12646484375,0.09234619140625
4646,M_1106_25y0m_1_fluent_016,0.1041259765625,0.07611083984375,0.10321044921875,0.056640625,0.0762939453125
4647,M_1106_25y0m_1_fluent_017,0.263427734375,0.1214599609375,0.09185791015625,0.03594970703125,0.0394287109375
4648,M_1106_25y0m_1_fluent_018,0.038116455078125,0.09588623046875,0.0272216796875,0.0261077880859375,0.018829345703125
4649,M_1106_25y0m_1_fluent_019,0.06439208984375,0.08599853515625,0.1300048828125,0.06695556640625,0.0330810546875
4650,M_1106_25y0m_1_fluent_020,0.093505859375,0.1275634765625,0.05511474609375,0.0239105224609375,0.0162200927734375
4651,M_1106_25y0m_1_fluent_021,0.02752685546875,0.09283447265625,0.01467132568359375,0.019195556640625,0.020599365234375
4652,M_1106_25y0m_1_fluent_022,0.072509765625,0.126953125,0.045196533203125,0.0165863037109375,0.021697998046875
4653,M_1106_25y0m_1_fluent_023,0.0236968994140625,0.1165771484375,0.0125274658203125,0.020843505859375,0.036834716796875
4654,M_1106_25y0m_1_fluent_024,0.2001953125,0.10394287109375,0.21142578125,0.148193359375,0.1273193359375
4655,M_1106_25y0m_1_fluent_025,0.08416748046875,0.08154296875,0.093017578125,0.091552734375,0.047515869140625
4656,M_1106_25y0m_1_fluent_026,0.0631103515625,0.055419921875,0.092529296875,0.095703125,0.08050537109375
4657,M_1106_25y0m_1_fluent_027,0.277099609375,0.09283447265625,0.095703125,0.0552978515625,0.037750244140625
4658,M_1106_25y0m_1_fluent_028,0.193359375,0.138671875,0.2083740234375,0.10467529296875,0.04913330078125
4659,M_1106_25y0m_1_fluent_029,0.10821533203125,0.14111328125,0.2047119140625,0.0738525390625,0.03594970703125
4660,M_1106_25y0m_1_fluent_030,0.044281005859375,0.1014404296875,0.0328369140625,0.0163421630859375,0.024139404296875
4661,M_1106_25y0m_1_fluent_031,0.09637451171875,0.07275390625,0.0706787109375,0.05023193359375,0.0323486328125
4662,M_1106_25y0m_1_fluent_032,0.0701904296875,0.060211181640625,0.10089111328125,0.10015869140625,0.0762939453125
4663,M_1106_25y0m_1_fluent_033,0.1396484375,0.060638427734375,0.05145263671875,0.046539306640625,0.028656005859375
4664,M_1106_25y0m_1_fluent_034,0.11578369140625,0.09136962890625,0.10931396484375,0.06671142578125,0.033660888671875
4665,M_1106_25y0m_1_fluent_035,0.10107421875,0.053497314453125,0.06658935546875,0.0618896484375,0.0394287109375
4666,M_1106_25y0m_1_fluent_036,0.079345703125,0.106689453125,0.1351318359375,0.061431884765625,0.0279083251953125
4667,M_1106_25y0m_1_fluent_037,0.1177978515625,0.0849609375,0.110107421875,0.08038330078125,0.05145263671875
4668,M_1106_25y0m_1_fluent_038,0.040374755859375,0.11474609375,0.043609619140625,0.0278472900390625,0.0262603759765625
4669,M_1106_25y0m_1_fluent_039,0.1845703125,0.2130126953125,0.169189453125,0.0762939453125,0.03167724609375
4670,M_1106_25y0m_1_fluent_040,0.2440185546875,0.0987548828125,0.09808349609375,0.046478271484375,0.03582763671875
4671,M_1106_25y0m_1_fluent_041,0.09967041015625,0.09320068359375,0.11932373046875,0.059539794921875,0.04876708984375
4672,M_1106_25y0m_1_fluent_042,0.1431884765625,0.07891845703125,0.100341796875,0.052337646484375,0.0765380859375
4673,M_1106_25y0m_1_fluent_043,0.200439453125,0.0855712890625,0.1588134765625,0.1326904296875,0.12359619140625
4674,M_1106_25y0m_1_fluent_044,0.11297607421875,0.0740966796875,0.1014404296875,0.1077880859375,0.0638427734375
4675,M_1106_25y0m_1_fluent_045,0.147216796875,0.0869140625,0.08929443359375,0.03790283203125,0.035614013671875
4676,M_1106_25y0m_1_fluent_046,0.1422119140625,0.2095947265625,0.132568359375,0.037750244140625,0.0255126953125
4677,M_1106_25y0m_1_fluent_047,0.158447265625,0.06292724609375,0.0775146484375,0.080078125,0.09368896484375
4678,M_1106_25y0m_1_fluent_048,0.23388671875,0.08709716796875,0.08343505859375,0.04248046875,0.03338623046875
4679,M_1106_25y0m_1_fluent_049,0.27001953125,0.11163330078125,0.0823974609375,0.0287628173828125,0.047943115234375
4680,M_1106_25y0m_1_fluent_050,0.344970703125,0.134033203125,0.10821533203125,0.050323486328125,0.060760498046875
4681,M_1106_25y0m_1_fluent_051,0.1893310546875,0.087890625,0.035491943359375,0.022674560546875,0.0276947021484375
4682,M_1106_25y0m_1_fluent_052,0.334716796875,0.10687255859375,0.0782470703125,0.035888671875,0.049957275390625
4683,M_1106_25y0m_1_fluent_053,0.11474609375,0.1671142578125,0.135009765625,0.039947509765625,0.0245208740234375
4684,M_1106_25y0m_1_fluent_054,0.1737060546875,0.0810546875,0.1363525390625,0.07464599609375,0.08587646484375
4685,M_1106_25y0m_1_fluent_055,0.14892578125,0.09185791015625,0.09283447265625,0.04400634765625,0.0306243896484375
4686,M_1106_25y0m_1_fluent_056,0.070068359375,0.11419677734375,0.154052734375,0.04949951171875,0.023284912109375
4687,M_1106_25y0m_1_fluent_057,0.0966796875,0.0703125,0.1558837890625,0.14794921875,0.1334228515625
4688,M_1106_25y0m_1_fluent_058,0.312744140625,0.10687255859375,0.1258544921875,0.06475830078125,0.07318115234375
4689,M_1106_25y0m_1_fluent_059,0.0390625,0.239013671875,0.29248046875,0.09619140625,0.053314208984375
4690,M_1106_25y0m_1_fluent_060,0.15625,0.1417236328125,0.08880615234375,0.036834716796875,0.01934814453125
4691,M_1106_25y0m_1_fluent_061,0.15478515625,0.0850830078125,0.1307373046875,0.090087890625,0.03955078125
4692,M_1106_25y0m_1_fluent_062,0.2371826171875,0.1275634765625,0.1357421875,0.06781005859375,0.0322265625
4693,M_1106_25y0m_1_fluent_063,0.272216796875,0.11578369140625,0.1392822265625,0.061309814453125,0.04351806640625
4694,M_1106_25y0m_1_fluent_064,0.06573486328125,0.1390380859375,0.06768798828125,0.03271484375,0.0170440673828125
4695,M_1106_25y0m_1_fluent_065,0.1866455078125,0.1865234375,0.154541015625,0.0765380859375,0.03582763671875
4696,M_1106_25y0m_1_fluent_066,0.131103515625,0.1453857421875,0.0938720703125,0.021820068359375,0.024749755859375
4697,M_1106_25y0m_1_fluent_067,0.234619140625,0.0782470703125,0.1121826171875,0.07806396484375,0.063720703125
4698,M_1106_25y0m_1_fluent_068,0.12890625,0.14111328125,0.091552734375,0.03515625,0.018585205078125
4699,M_1106_25y0m_1_fluent_069,0.22216796875,0.137939453125,0.1190185546875,0.037200927734375,0.035736083984375
4700,M_1106_25y0m_1_fluent_070,0.1884765625,0.10797119140625,0.1275634765625,0.043121337890625,0.039642333984375
4701,M_1106_25y0m_1_fluent_071,0.163818359375,0.06744384765625,0.1202392578125,0.11474609375,0.1307373046875
4702,M_1106_25y0m_1_fluent_072,0.325439453125,0.149169921875,0.1884765625,0.0703125,0.04443359375
4703,M_1106_25y0m_1_fluent_073,0.07708740234375,0.08050537109375,0.10052490234375,0.05645751953125,0.032958984375
4704,M_1106_25y0m_1_fluent_074,0.0987548828125,0.1094970703125,0.12548828125,0.05340576171875,0.028656005859375
4705,M_1106_25y0m_1_fluent_075,0.06646728515625,0.10467529296875,0.1905517578125,0.089111328125,0.03955078125
4706,M_1106_25y0m_1_fluent_076,0.1177978515625,0.08404541015625,0.1492919921875,0.0755615234375,0.0743408203125
4707,M_1106_25y0m_1_fluent_077,0.0723876953125,0.075439453125,0.03424072265625,0.0265045166015625,0.0162200927734375
4708,M_1106_25y0m_1_fluent_078,0.09283447265625,0.1358642578125,0.06903076171875,0.0224151611328125,0.019500732421875
4709,M_1106_25y0m_1_fluent_079,0.1497802734375,0.089599609375,0.1295166015625,0.0699462890625,0.057281494140625
4710,M_1106_25y0m_1_fluent_080,0.30224609375,0.136474609375,0.12115478515625,0.04595947265625,0.044586181640625
