,Clip,Prolongation,Block,SoundRep,WordRep,Interjection
0,StrongVoices_3_17,0.08197021484375,0.06109619140625,0.04534912109375,0.0165252685546875,0.021331787109375
1,StrongVoices_6_179,0.054412841796875,0.218017578125,0.0416259765625,0.019683837890625,0.0169830322265625
2,StutterTalk_72_147,0.06512451171875,0.2919921875,0.058349609375,0.10302734375,0.1927490234375
3,WomenWhoStutter_62_102,0.295654296875,0.0889892578125,0.01233673095703125,0.047515869140625,0.77783203125
4,StrongVoices_1_12,0.06451416015625,0.173828125,0.0222015380859375,0.01322174072265625,0.0164031982421875
5,StutterTalk_72_145,0.1448974609375,0.2467041015625,0.072509765625,0.0279541015625,0.033966064453125
6,HVSA_2_108,0.1070556640625,0.36962890625,0.55224609375,0.275390625,0.304931640625
7,HVSA_2_66,0.07135009765625,0.326904296875,0.1646728515625,0.1300048828125,0.485595703125
8,StutterTalk_18_23,0.031982421875,0.12408447265625,0.08123779296875,0.2047119140625,0.042388916015625
9,StrongVoices_32_31,0.137939453125,0.11083984375,0.01229095458984375,0.01267242431640625,0.05572509765625
10,StrongVoices_14_22,0.0182647705078125,0.1370849609375,0.0304412841796875,0.038604736328125,0.11297607421875
11,StrongVoices_1_0,0.0360107421875,0.1610107421875,0.09637451171875,0.250732421875,0.08465576171875
12,StrongVoices_23_174,0.09912109375,0.16943359375,0.02069091796875,0.039276123046875,0.9189453125
13,WomenWhoStutter_2_107,0.041534423828125,0.06805419921875,0.01322174072265625,0.03289794921875,0.0289764404296875
14,StutterTalk_26_108,0.042877197265625,0.092041015625,0.0210418701171875,0.0182342529296875,0.0153656005859375
15,StutteringIsCool_55_36,0.03265380859375,0.044342041015625,0.007404327392578125,0.015960693359375,0.0455322265625
16,StutterTalk_34_1,0.0970458984375,0.0994873046875,0.024993896484375,0.0293731689453125,0.02056884765625
17,StutterTalk_25_22,0.04681396484375,0.09588623046875,0.01519012451171875,0.042022705078125,0.037384033203125
18,StutterTalk_15_0,0.06915283203125,0.05108642578125,0.009521484375,0.0210113525390625,0.0297088623046875
19,StutterTalk_12_21,0.1744384765625,0.08758544921875,0.040924072265625,0.047882080078125,0.029541015625
20,StrongVoices_10_188,0.2225341796875,0.07763671875,0.015838623046875,0.02484130859375,0.04486083984375
21,HeStutters_5_151,0.053802490234375,0.26806640625,0.04345703125,0.0751953125,0.16064453125
22,StutteringIsCool_80_18,0.06719970703125,0.0802001953125,0.017181396484375,0.1781005859375,0.501953125
23,StutterTalk_9_27,0.054290771484375,0.04913330078125,0.0189361572265625,0.03521728515625,0.0222930908203125
24,StrongVoices_7_33,0.05780029296875,0.07342529296875,0.01056671142578125,0.0413818359375,0.1937255859375
25,WomenWhoStutter_68_22,0.0740966796875,0.1624755859375,0.0247955322265625,0.05419921875,0.44140625
26,StrongVoices_32_152,0.6962890625,0.145751953125,0.10858154296875,0.02276611328125,0.026763916015625
27,WomenWhoStutter_96_145,0.03228759765625,0.17529296875,0.058441162109375,0.051849365234375,0.0282745361328125
28,MyStutteringLife_18_12,0.136474609375,0.0885009765625,0.010009765625,0.053497314453125,0.7822265625
29,MyStutteringLife_19_33,0.04876708984375,0.10174560546875,0.00763702392578125,0.00806427001953125,0.0312042236328125
30,StutterTalk_15_32,0.039703369140625,0.047607421875,0.01061248779296875,0.027069091796875,0.026153564453125
31,StutteringIsCool_75_10,0.036285400390625,0.1524658203125,0.044189453125,0.07696533203125,0.13330078125
32,WomenWhoStutter_2_116,0.09039306640625,0.11395263671875,0.0103302001953125,0.042236328125,0.93994140625
33,WomenWhoStutter_87_48,0.044921875,0.1912841796875,0.059661865234375,0.2064208984375,0.74951171875
34,StrongVoices_8_8,0.343994140625,0.11578369140625,0.0352783203125,0.0169219970703125,0.0809326171875
35,WomenWhoStutter_10_195,0.12200927734375,0.32958984375,0.0830078125,0.054412841796875,0.036712646484375
36,StrongVoices_2_9,0.1669921875,0.12286376953125,0.0194244384765625,0.01554107666015625,0.041534423828125
37,HVSA_1_147,0.7529296875,0.110107421875,0.041778564453125,0.0247955322265625,0.55712890625
38,WomenWhoStutter_68_28,0.0343017578125,0.10650634765625,0.0241851806640625,0.202880859375,0.140380859375
39,StutterTalk_16_20,0.0296478271484375,0.336669921875,0.343505859375,0.1744384765625,0.037200927734375
40,WomenWhoStutter_14_66,0.044342041015625,0.2413330078125,0.10430908203125,0.1187744140625,0.09283447265625
41,StutterTalk_31_3,0.0222015380859375,0.059661865234375,0.013275146484375,0.038604736328125,0.02447509765625
42,StutteringIsCool_29_29,0.01751708984375,0.07666015625,0.0322265625,0.0634765625,0.07171630859375
43,WomenWhoStutter_2_67,0.09222412109375,0.204833984375,0.043365478515625,0.2166748046875,0.791015625
44,WomenWhoStutter_30_55,0.029541015625,0.12213134765625,0.03533935546875,0.07354736328125,0.10614013671875
45,StutterTalk_32_33,0.038330078125,0.2005615234375,0.019866943359375,0.023468017578125,0.055816650390625
46,WomenWhoStutter_83_25,0.2763671875,0.0809326171875,0.01374053955078125,0.06524658203125,0.8037109375
47,HVSA_0_41,0.505859375,0.10595703125,0.042633056640625,0.0197601318359375,0.1553955078125
48,StrongVoices_32_40,0.11676025390625,0.1513671875,0.00974273681640625,0.04931640625,0.19677734375
49,StutteringIsCool_80_97,0.04302978515625,0.08135986328125,0.0229339599609375,0.0282745361328125,0.03704833984375
50,MyStutteringLife_38_20,0.09075927734375,0.1336669921875,0.030914306640625,0.079345703125,0.9208984375
51,StutteringIsCool_76_6,0.6630859375,0.10614013671875,0.0509033203125,0.08062744140625,0.62109375
52,StutterTalk_69_10,0.2607421875,0.141845703125,0.06939697265625,0.05340576171875,0.041534423828125
53,StutteringIsCool_16_9,0.1578369140625,0.10723876953125,0.0231475830078125,0.054107666015625,0.1602783203125
54,StrongVoices_32_28,0.312255859375,0.3310546875,0.2410888671875,0.12420654296875,0.055511474609375
55,HeStutters_5_35,0.037109375,0.123046875,0.06396484375,0.064208984375,0.040679931640625
56,WomenWhoStutter_86_165,0.1668701171875,0.141845703125,0.0194244384765625,0.06939697265625,0.86376953125
57,WomenWhoStutter_83_9,0.1392822265625,0.04913330078125,0.01306915283203125,0.03271484375,0.31591796875
58,StrongVoices_32_115,0.046478271484375,0.14599609375,0.00881195068359375,0.0316162109375,0.0885009765625
59,StrongVoices_0_33,0.09844970703125,0.183349609375,0.021942138671875,0.01363372802734375,0.0255126953125
60,StutterTalk_72_90,0.480712890625,0.10968017578125,0.0143890380859375,0.0192413330078125,0.1842041015625
61,WomenWhoStutter_42_76,0.326416015625,0.07989501953125,0.00981903076171875,0.01525115966796875,0.2183837890625
62,StutterTalk_8_132,0.0633544921875,0.053497314453125,0.00926971435546875,0.02191162109375,0.06622314453125
63,WomenWhoStutter_2_124,0.12103271484375,0.1121826171875,0.0222930908203125,0.058441162109375,0.65478515625
64,StutterTalk_26_78,0.05706787109375,0.1583251953125,0.037384033203125,0.044586181640625,0.052337646484375
65,WomenWhoStutter_42_258,0.021484375,0.13623046875,0.025909423828125,0.08648681640625,0.26904296875
66,StutterTalk_8_48,0.062103271484375,0.05450439453125,0.021697998046875,0.056549072265625,0.035675048828125
67,HVSA_2_30,0.2235107421875,0.255126953125,0.41064453125,0.041534423828125,0.06549072265625
68,StrongVoices_18_14,0.0235137939453125,0.1229248046875,0.0263519287109375,0.0966796875,0.047882080078125
69,StutteringIsCool_34_154,0.026702880859375,0.0999755859375,0.051177978515625,0.2783203125,0.0830078125
70,HVSA_2_71,0.40087890625,0.148681640625,0.07489013671875,0.0162200927734375,0.230712890625
71,StutteringIsCool_46_39,0.02630615234375,0.058563232421875,0.01129150390625,0.06634521484375,0.07275390625
72,StrongVoices_28_34,0.2354736328125,0.14599609375,0.061981201171875,0.0210113525390625,0.042633056640625
73,StutterTalk_12_4,0.2303466796875,0.09912109375,0.042816162109375,0.048492431640625,0.5615234375
74,StutteringIsCool_38_3,0.1246337890625,0.1083984375,0.0112457275390625,0.00945281982421875,0.07611083984375
75,HeStutters_11_138,0.12103271484375,0.130859375,0.04803466796875,0.285888671875,0.55419921875
76,StutterTalk_42_37,0.02447509765625,0.1661376953125,0.0169830322265625,0.0174407958984375,0.07147216796875
77,StutteringIsCool_34_137,0.106689453125,0.176513671875,0.202392578125,0.258056640625,0.380859375
78,StutterTalk_22_25,0.0208892822265625,0.061431884765625,0.01450347900390625,0.05889892578125,0.07989501953125
79,WomenWhoStutter_87_49,0.06939697265625,0.25927734375,0.1978759765625,0.17529296875,0.442138671875
80,StrongVoices_32_71,0.250244140625,0.270263671875,0.037109375,0.057373046875,0.06573486328125
81,StutterTalk_26_95,0.02001953125,0.12176513671875,0.01384735107421875,0.0276336669921875,0.0386962890625
82,StrongVoices_17_19,0.34326171875,0.09515380859375,0.049774169921875,0.08038330078125,0.06951904296875
83,WomenWhoStutter_15_27,0.0301055908203125,0.166015625,0.036285400390625,0.09808349609375,0.301513671875
84,HeStutters_2_89,0.062225341796875,0.1783447265625,0.017913818359375,0.0723876953125,0.276611328125
85,StutteringIsCool_28_6,0.0310821533203125,0.057373046875,0.0202178955078125,0.0197906494140625,0.034698486328125
86,StutterTalk_37_190,0.1455078125,0.07421875,0.0283355712890625,0.063720703125,0.09368896484375
87,WomenWhoStutter_97_167,0.274658203125,0.343505859375,0.377197265625,0.081787109375,0.0582275390625
88,WomenWhoStutter_10_54,0.1431884765625,0.314697265625,0.1651611328125,0.04400634765625,0.043121337890625
89,HVSA_2_29,0.094482421875,0.2037353515625,0.154296875,0.12176513671875,0.021331787109375
90,IStutterSoWhat_0_60,0.1177978515625,0.11798095703125,0.0279541015625,0.0206451416015625,0.01525115966796875
91,HeStutters_11_190,0.203857421875,0.19677734375,0.036163330078125,0.042083740234375,0.10052490234375
92,WomenWhoStutter_2_74,0.136474609375,0.22119140625,0.033843994140625,0.0276947021484375,0.034088134765625
93,WomenWhoStutter_52_17,0.2215576171875,0.106689453125,0.017303466796875,0.019195556640625,0.038970947265625
94,StutterTalk_8_99,0.05511474609375,0.09124755859375,0.03314208984375,0.10577392578125,0.1666259765625
95,IStutterSoWhat_3_64,0.0755615234375,0.1187744140625,0.11859130859375,0.26220703125,0.30712890625
96,StrongVoices_34_31,0.1055908203125,0.11297607421875,0.02947998046875,0.10211181640625,0.93359375
97,StrongVoices_3_33,0.09552001953125,0.1904296875,0.0167236328125,0.027587890625,0.055938720703125
98,StrongVoices_17_24,0.04876708984375,0.1685791015625,0.042816162109375,0.019989013671875,0.050048828125
99,HVSA_1_155,0.0369873046875,0.1529541015625,0.02288818359375,0.07879638671875,0.615234375
100,MyStutteringLife_8_38,0.1697998046875,0.425537109375,0.455322265625,0.276123046875,0.5146484375
101,WomenWhoStutter_52_33,0.054412841796875,0.237548828125,0.043609619140625,0.042083740234375,0.1143798828125
102,StrongVoices_4_20,0.1044921875,0.103759765625,0.00577545166015625,0.0120086669921875,0.037750244140625
103,HeStutters_2_57,0.1312255859375,0.10797119140625,0.037750244140625,0.05108642578125,0.0384521484375
104,WomenWhoStutter_25_2,0.049407958984375,0.1845703125,0.01763916015625,0.06890869140625,0.6494140625
105,HVSA_0_3,0.0823974609375,0.077392578125,0.0110321044921875,0.01983642578125,0.1695556640625
106,StutterTalk_26_62,0.024749755859375,0.11181640625,0.0184783935546875,0.042724609375,0.17041015625
107,StutteringIsCool_2_23,0.13818359375,0.120361328125,0.049224853515625,0.038330078125,0.0201416015625
108,StrongVoices_2_37,0.1710205078125,0.124755859375,0.05889892578125,0.020294189453125,0.02655029296875
109,StutteringIsCool_49_10,0.06451416015625,0.11029052734375,0.0310211181640625,0.0257110595703125,0.0312042236328125
110,HeStutters_11_127,0.358154296875,0.2093505859375,0.02691650390625,0.0300445556640625,0.0728759765625
111,StrongVoices_28_1,0.279052734375,0.1605224609375,0.0235137939453125,0.0089874267578125,0.040252685546875
112,StutteringIsCool_80_75,0.08709716796875,0.158203125,0.1214599609375,0.437255859375,0.7275390625
113,StutterTalk_26_51,0.02069091796875,0.2252197265625,0.0823974609375,0.197021484375,0.1773681640625
114,WomenWhoStutter_30_19,0.300537109375,0.10467529296875,0.0318603515625,0.01983642578125,0.06768798828125
115,StutterTalk_8_137,0.2059326171875,0.154052734375,0.126953125,0.232666015625,0.8408203125
116,WomenWhoStutter_2_49,0.10174560546875,0.1171875,0.01519012451171875,0.0301055908203125,0.10394287109375
117,WomenWhoStutter_42_129,0.09844970703125,0.138427734375,0.0115509033203125,0.0162811279296875,0.021484375
118,WomenWhoStutter_30_51,0.1083984375,0.10540771484375,0.0253753662109375,0.148681640625,0.171875
119,StutterTalk_22_24,0.044525146484375,0.044921875,0.012237548828125,0.0295867919921875,0.0250396728515625
120,StutterTalk_64_67,0.28271484375,0.09857177734375,0.0300445556640625,0.01287078857421875,0.036346435546875
121,StutteringIsCool_80_23,0.0196380615234375,0.0703125,0.03125,0.045684814453125,0.0225372314453125
122,StrongVoices_32_94,0.271240234375,0.22021484375,0.052825927734375,0.0321044921875,0.057708740234375
123,StutterTalk_12_19,0.392333984375,0.12103271484375,0.053985595703125,0.05145263671875,0.86572265625
124,StrongVoices_23_68,0.20703125,0.21044921875,0.0216217041015625,0.010650634765625,0.063232421875
125,StutterTalk_29_7,0.0241851806640625,0.15283203125,0.03839111328125,0.06719970703125,0.0304412841796875
126,StrongVoices_26_23,0.26904296875,0.307373046875,0.10821533203125,0.03314208984375,0.06793212890625
127,StutterTalk_8_67,0.09979248046875,0.09039306640625,0.0237274169921875,0.081787109375,0.814453125
128,StrongVoices_10_70,0.080078125,0.061431884765625,0.0142822265625,0.03448486328125,0.0261077880859375
129,StutterTalk_8_171,0.156494140625,0.172119140625,0.11981201171875,0.26220703125,0.79052734375
130,WomenWhoStutter_21_164,0.325439453125,0.1348876953125,0.040924072265625,0.1849365234375,0.2264404296875
131,StutterTalk_37_20,0.26806640625,0.042877197265625,0.0147857666015625,0.046478271484375,0.5185546875
132,WomenWhoStutter_10_9,0.045196533203125,0.0823974609375,0.007404327392578125,0.0333251953125,0.1502685546875
133,StutterTalk_26_171,0.04010009765625,0.1640625,0.033721923828125,0.01953125,0.025421142578125
134,StutterTalk_15_1,0.0345458984375,0.0948486328125,0.04168701171875,0.1114501953125,0.06683349609375
135,WomenWhoStutter_2_213,0.12646484375,0.322021484375,0.1077880859375,0.10797119140625,0.3251953125
136,StrongVoices_5_21,0.1807861328125,0.35986328125,0.04400634765625,0.0213623046875,0.061767578125
137,WomenWhoStutter_69_12,0.1435546875,0.2301025390625,0.046539306640625,0.08251953125,0.371337890625
138,HVSA_0_36,0.106689453125,0.18798828125,0.055511474609375,0.05975341796875,0.072509765625
139,StutteringIsCool_23_35,0.10321044921875,0.038330078125,0.0165252685546875,0.0167236328125,0.06805419921875
140,HVSA_3_146,0.05242919921875,0.313720703125,0.1683349609375,0.08447265625,0.109130859375
141,HVSA_2_13,0.287109375,0.12493896484375,0.07891845703125,0.062225341796875,0.08990478515625
142,StutteringIsCool_34_176,0.07476806640625,0.2122802734375,0.07183837890625,0.0849609375,0.61669921875
143,StrongVoices_13_31,0.09283447265625,0.0472412109375,0.006488800048828125,0.0257568359375,0.0885009765625
144,WomenWhoStutter_26_35,0.712890625,0.229248046875,0.217529296875,0.09088134765625,0.09124755859375
145,StutterTalk_59_23,0.0235137939453125,0.14013671875,0.03228759765625,0.2037353515625,0.265625
146,HVSA_0_27,0.045440673828125,0.11932373046875,0.02203369140625,0.042633056640625,0.058013916015625
147,StrongVoices_4_38,0.04742431640625,0.156494140625,0.07080078125,0.133544921875,0.0496826171875
148,StutterTalk_64_191,0.0333251953125,0.1015625,0.0548095703125,0.1357421875,0.09967041015625
149,HVSA_2_12,0.1864013671875,0.335205078125,0.277099609375,0.0496826171875,0.09185791015625
150,WomenWhoStutter_2_184,0.131103515625,0.513671875,0.4736328125,0.18505859375,0.416748046875
151,StrongVoices_32_92,0.145751953125,0.132568359375,0.01142120361328125,0.035491943359375,0.35498046875
152,StutteringIsCool_73_31,0.11395263671875,0.1588134765625,0.0699462890625,0.259521484375,0.591796875
153,StrongVoices_1_23,0.029083251953125,0.09124755859375,0.01483917236328125,0.027008056640625,0.019561767578125
154,StrongVoices_10_17,0.0740966796875,0.185546875,0.1290283203125,0.1763916015625,0.1773681640625
155,StutterTalk_64_53,0.03173828125,0.0836181640625,0.03192138671875,0.1973876953125,0.38525390625
156,IStutterSoWhat_0_100,0.2254638671875,0.276123046875,0.2685546875,0.467529296875,0.46435546875
157,WomenWhoStutter_97_57,0.1014404296875,0.136962890625,0.0182647705078125,0.12139892578125,0.69189453125
158,StutteringIsCool_28_11,0.247802734375,0.09124755859375,0.0119171142578125,0.0141143798828125,0.038818359375
159,StutterTalk_48_16,0.0323486328125,0.08135986328125,0.01262664794921875,0.06707763671875,0.0546875
160,StutterTalk_26_180,0.08758544921875,0.15966796875,0.047698974609375,0.05108642578125,0.26953125
161,StutterTalk_30_4,0.1165771484375,0.4287109375,0.498291015625,0.07763671875,0.143310546875
162,HVSA_3_39,0.072265625,0.355224609375,0.2418212890625,0.0537109375,0.093994140625
163,WomenWhoStutter_2_21,0.10687255859375,0.407958984375,0.2010498046875,0.128173828125,0.55419921875
164,HeStutters_3_28,0.059326171875,0.1856689453125,0.030731201171875,0.029541015625,0.0184783935546875
165,StutterTalk_63_14,0.1405029296875,0.20751953125,0.02386474609375,0.016021728515625,0.324951171875
166,StutteringIsCool_14_30,0.048309326171875,0.0616455078125,0.041839599609375,0.0225830078125,0.039642333984375
167,StutterTalk_22_18,0.2105712890625,0.1790771484375,0.0439453125,0.07861328125,0.9306640625
168,HVSA_0_114,0.04400634765625,0.0635986328125,0.0110321044921875,0.01861572265625,0.1229248046875
169,WomenWhoStutter_46_16,0.056549072265625,0.08050537109375,0.01666259765625,0.1292724609375,0.27490234375
170,HeStutters_12_164,0.1982421875,0.2156982421875,0.1634521484375,0.47509765625,0.8046875
171,StutterTalk_26_159,0.1405029296875,0.14501953125,0.07147216796875,0.01495361328125,0.03460693359375
172,WomenWhoStutter_21_165,0.1357421875,0.0782470703125,0.00971221923828125,0.010650634765625,0.59716796875
173,StutterTalk_37_113,0.5927734375,0.1348876953125,0.0894775390625,0.07794189453125,0.039947509765625
174,HeStutters_19_126,0.036163330078125,0.1485595703125,0.040618896484375,0.3115234375,0.40087890625
175,StutteringIsCool_70_24,0.040679931640625,0.042724609375,0.004039764404296875,0.00971221923828125,0.06256103515625
176,StrongVoices_2_26,0.367919921875,0.0982666015625,0.01111602783203125,0.016845703125,0.250244140625
177,StutteringIsCool_80_91,0.309814453125,0.1644287109375,0.12249755859375,0.14306640625,0.076416015625
178,StutterTalk_26_34,0.261474609375,0.08447265625,0.01560211181640625,0.0261993408203125,0.037200927734375
179,StrongVoices_21_142,0.07354736328125,0.097412109375,0.042572021484375,0.270263671875,0.1827392578125
180,WomenWhoStutter_10_33,0.1988525390625,0.254150390625,0.07598876953125,0.158935546875,0.12176513671875
181,StutteringIsCool_37_25,0.60595703125,0.18994140625,0.06268310546875,0.059539794921875,0.1331787109375
182,HeStutters_16_186,0.0182952880859375,0.14111328125,0.045257568359375,0.204345703125,0.260498046875
183,WomenWhoStutter_90_39,0.04534912109375,0.326904296875,0.4599609375,0.346435546875,0.08197021484375
184,StrongVoices_32_169,0.31396484375,0.1947021484375,0.1317138671875,0.035064697265625,0.0379638671875
185,WomenWhoStutter_2_195,0.07977294921875,0.2069091796875,0.041839599609375,0.2340087890625,0.294189453125
186,StrongVoices_32_146,0.04876708984375,0.12335205078125,0.0078125,0.036712646484375,0.1700439453125
187,WomenWhoStutter_62_170,0.11553955078125,0.1351318359375,0.0223236083984375,0.10052490234375,0.9140625
188,MyStutteringLife_5_4,0.1397705078125,0.10504150390625,0.0184783935546875,0.03021240234375,0.12445068359375
189,StutteringIsCool_28_29,0.06903076171875,0.061767578125,0.00518035888671875,0.021331787109375,0.254150390625
190,StrongVoices_23_202,0.10931396484375,0.421875,0.1856689453125,0.07708740234375,0.038818359375
191,WomenWhoStutter_68_31,0.0638427734375,0.40478515625,0.262939453125,0.1153564453125,0.09039306640625
192,WomenWhoStutter_30_141,0.054290771484375,0.09417724609375,0.006290435791015625,0.04559326171875,0.1265869140625
193,WomenWhoStutter_79_29,0.1390380859375,0.384033203125,0.152099609375,0.11456298828125,0.083740234375
194,StrongVoices_6_178,0.2347412109375,0.366943359375,0.10931396484375,0.08819580078125,0.09124755859375
195,StutterTalk_38_25,0.023284912109375,0.07794189453125,0.0256195068359375,0.0948486328125,0.076416015625
196,StrongVoices_9_19,0.08990478515625,0.0521240234375,0.00878143310546875,0.03314208984375,0.282470703125
197,StutterTalk_64_113,0.0615234375,0.06622314453125,0.045684814453125,0.029205322265625,0.042633056640625
198,HeStutters_18_96,0.1790771484375,0.1402587890625,0.018096923828125,0.1181640625,0.82763671875
199,StutterTalk_68_181,0.039642333984375,0.053009033203125,0.006313323974609375,0.0343017578125,0.08209228515625
200,WomenWhoStutter_108_30,0.1484375,0.197021484375,0.1199951171875,0.0333251953125,0.1451416015625
201,WomenWhoStutter_10_159,0.175537109375,0.10394287109375,0.007205963134765625,0.02423095703125,0.72265625
202,WomenWhoStutter_97_91,0.08770751953125,0.2315673828125,0.040313720703125,0.18115234375,0.5361328125
203,WomenWhoStutter_58_18,0.061187744140625,0.1175537109375,0.10125732421875,0.250244140625,0.23193359375
204,WomenWhoStutter_2_150,0.0743408203125,0.07806396484375,0.00926971435546875,0.0238189697265625,0.200927734375
205,HVSA_1_89,0.0885009765625,0.488525390625,0.472412109375,0.1124267578125,0.1671142578125
206,WomenWhoStutter_30_14,0.0802001953125,0.05291748046875,0.004848480224609375,0.01036834716796875,0.1373291015625
207,HeStutters_19_12,0.0604248046875,0.1094970703125,0.06781005859375,0.433349609375,0.156982421875
208,StrongVoices_0_2,0.0802001953125,0.2646484375,0.0254669189453125,0.0207977294921875,0.03594970703125
209,StutterTalk_14_22,0.29296875,0.11126708984375,0.06524658203125,0.2230224609375,0.896484375
210,StutterTalk_26_170,0.03253173828125,0.09808349609375,0.023284912109375,0.08123779296875,0.59619140625
211,StutterTalk_34_22,0.1165771484375,0.1549072265625,0.040008544921875,0.04949951171875,0.09637451171875
212,StrongVoices_21_119,0.274169921875,0.132568359375,0.049224853515625,0.0174407958984375,0.022674560546875
213,StutterTalk_37_8,0.089111328125,0.1593017578125,0.176513671875,0.06243896484375,0.050506591796875
214,StutteringIsCool_79_11,0.267822265625,0.10931396484375,0.171875,0.00948333740234375,0.0289306640625
215,StrongVoices_6_200,0.44189453125,0.1766357421875,0.036712646484375,0.0325927734375,0.04345703125
216,StutterTalk_76_0,0.1326904296875,0.1302490234375,0.0207977294921875,0.0384521484375,0.93994140625
217,StutterTalk_79_15,0.033966064453125,0.051177978515625,0.00841522216796875,0.0118255615234375,0.01374053955078125
218,StutterTalk_64_179,0.346435546875,0.09893798828125,0.05126953125,0.0751953125,0.732421875
219,WomenWhoStutter_43_22,0.337890625,0.156494140625,0.0276947021484375,0.151123046875,0.35546875
220,StrongVoices_17_18,0.41748046875,0.2548828125,0.09027099609375,0.12286376953125,0.09222412109375
221,StrongVoices_8_0,0.2138671875,0.2301025390625,0.038909912109375,0.0297088623046875,0.061981201171875
222,StutterTalk_30_9,0.1417236328125,0.133056640625,0.03326416015625,0.03759765625,0.043365478515625
223,StrongVoices_32_153,0.047882080078125,0.126708984375,0.00955963134765625,0.0100555419921875,0.0144500732421875
224,IStutterSoWhat_0_63,0.159912109375,0.1646728515625,0.0413818359375,0.0306243896484375,0.08648681640625
225,WomenWhoStutter_97_3,0.0794677734375,0.2335205078125,0.0247955322265625,0.0831298828125,0.64501953125
226,MyStutteringLife_8_15,0.0271759033203125,0.242919921875,0.0284423828125,0.03656005859375,0.0401611328125
227,WomenWhoStutter_97_106,0.06903076171875,0.3984375,0.52978515625,0.2705078125,0.08831787109375
228,StrongVoices_1_9,0.040985107421875,0.157470703125,0.046905517578125,0.09930419921875,0.044586181640625
229,HeStutters_5_5,0.053497314453125,0.1776123046875,0.0269622802734375,0.0279083251953125,0.0284423828125
230,StutterTalk_62_15,0.371337890625,0.08880615234375,0.034759521484375,0.056121826171875,0.060760498046875
231,StutterTalk_9_17,0.67333984375,0.1478271484375,0.047943115234375,0.042022705078125,0.244140625
232,WomenWhoStutter_14_23,0.2158203125,0.10247802734375,0.02801513671875,0.033203125,0.0472412109375
233,HeStutters_11_93,0.0202178955078125,0.06903076171875,0.00945281982421875,0.036773681640625,0.06280517578125
234,StrongVoices_12_30,0.049591064453125,0.09722900390625,0.01337432861328125,0.0235137939453125,0.03955078125
235,HeStutters_10_4,0.1943359375,0.2105712890625,0.10321044921875,0.12103271484375,0.06707763671875
236,HeStutters_16_98,0.323486328125,0.21240234375,0.0753173828125,0.06243896484375,0.06878662109375
237,StutterTalk_64_29,0.17626953125,0.06951904296875,0.041534423828125,0.0244293212890625,0.0248870849609375
238,HeStutters_11_124,0.06488037109375,0.2210693359375,0.03277587890625,0.0782470703125,0.08477783203125
239,WomenWhoStutter_27_25,0.04443359375,0.206787109375,0.042022705078125,0.0171051025390625,0.02947998046875
240,WomenWhoStutter_13_29,0.311279296875,0.1363525390625,0.0154266357421875,0.0177764892578125,0.11578369140625
241,WomenWhoStutter_21_17,0.1724853515625,0.1395263671875,0.0169830322265625,0.0241851806640625,0.051177978515625
242,WomenWhoStutter_3_21,0.07611083984375,0.1280517578125,0.01085662841796875,0.00760650634765625,0.04486083984375
243,StrongVoices_23_168,0.1761474609375,0.2459716796875,0.0699462890625,0.014556884765625,0.0285491943359375
244,StrongVoices_2_34,0.151611328125,0.1209716796875,0.01090240478515625,0.00948333740234375,0.0222930908203125
245,StutteringIsCool_33_31,0.042236328125,0.09912109375,0.035888671875,0.03033447265625,0.07147216796875
246,StutteringIsCool_23_8,0.036346435546875,0.052520751953125,0.0103302001953125,0.02838134765625,0.05865478515625
247,HeStutters_11_52,0.036712646484375,0.332275390625,0.13525390625,0.1510009765625,0.134521484375
248,HVSA_2_77,0.12200927734375,0.1802978515625,0.24560546875,0.091064453125,0.07196044921875
249,WomenWhoStutter_2_50,0.1556396484375,0.282958984375,0.1688232421875,0.244873046875,0.376708984375
250,HeStutters_11_159,0.09515380859375,0.1905517578125,0.0221099853515625,0.020965576171875,0.0869140625
251,StutterTalk_16_6,0.1070556640625,0.26220703125,0.05877685546875,0.06890869140625,0.08526611328125
252,WomenWhoStutter_30_43,0.1802978515625,0.07720947265625,0.0106964111328125,0.024139404296875,0.16650390625
253,StrongVoices_10_71,0.039276123046875,0.1199951171875,0.0106964111328125,0.037261962890625,0.1456298828125
254,StutterTalk_1_34,0.33935546875,0.0726318359375,0.01483917236328125,0.06427001953125,0.7333984375
255,StrongVoices_32_181,0.07977294921875,0.312744140625,0.0885009765625,0.03460693359375,0.163818359375
256,StutteringIsCool_1_8,0.017181396484375,0.044586181640625,0.008880615234375,0.043121337890625,0.04345703125
257,StutterTalk_34_28,0.06890869140625,0.12115478515625,0.0205230712890625,0.1124267578125,0.08526611328125
258,StutterTalk_64_19,0.1719970703125,0.1165771484375,0.0244293212890625,0.08660888671875,0.93896484375
259,StutteringIsCool_34_184,0.09075927734375,0.1988525390625,0.09912109375,0.05108642578125,0.042572021484375
260,WomenWhoStutter_102_15,0.06756591796875,0.1566162109375,0.016021728515625,0.057586669921875,0.33447265625
261,StutteringIsCool_79_34,0.200927734375,0.2490234375,0.0252227783203125,0.0139007568359375,0.037261962890625
262,StutterTalk_26_58,0.126953125,0.089111328125,0.01384735107421875,0.037811279296875,0.236328125
263,StrongVoices_0_38,0.2489013671875,0.2017822265625,0.053192138671875,0.0165863037109375,0.0287017822265625
264,StutteringIsCool_23_32,0.08587646484375,0.136474609375,0.01337432861328125,0.056243896484375,0.88427734375
265,StutterTalk_77_14,0.053497314453125,0.1541748046875,0.04681396484375,0.041778564453125,0.053009033203125
266,StutterTalk_25_28,0.022247314453125,0.109130859375,0.04052734375,0.130126953125,0.10174560546875
267,StutterTalk_37_40,0.06842041015625,0.07666015625,0.075439453125,0.249755859375,0.081787109375
268,HVSA_2_22,0.62109375,0.286865234375,0.32080078125,0.06634521484375,0.11065673828125
269,WomenWhoStutter_10_156,0.0701904296875,0.09515380859375,0.01934814453125,0.023101806640625,0.56640625
270,StrongVoices_14_19,0.335205078125,0.04595947265625,0.018157958984375,0.05419921875,0.2109375
271,WomenWhoStutter_2_117,0.047943115234375,0.08709716796875,0.01507568359375,0.1405029296875,0.44873046875
272,HVSA_1_75,0.10107421875,0.25244140625,0.09515380859375,0.03955078125,0.028106689453125
273,StutterTalk_12_25,0.2142333984375,0.1055908203125,0.042236328125,0.09136962890625,0.8505859375
274,HVSA_1_87,0.07318115234375,0.1834716796875,0.1396484375,0.18408203125,0.08135986328125
275,WomenWhoStutter_43_32,0.03143310546875,0.06439208984375,0.015838623046875,0.049957275390625,0.039947509765625
276,WomenWhoStutter_14_116,0.061767578125,0.229736328125,0.06109619140625,0.06646728515625,0.0567626953125
277,StutterTalk_60_6,0.1201171875,0.1744384765625,0.167724609375,0.078369140625,0.1077880859375
278,StrongVoices_23_29,0.56884765625,0.1026611328125,0.0205230712890625,0.0121002197265625,0.0823974609375
279,StrongVoices_21_122,0.0293121337890625,0.0775146484375,0.0210113525390625,0.03326416015625,0.0255584716796875
280,StutteringIsCool_69_12,0.010406494140625,0.08978271484375,0.0271759033203125,0.1630859375,0.091552734375
281,StrongVoices_31_1,0.06427001953125,0.06793212890625,0.006072998046875,0.00894927978515625,0.10650634765625
282,HeStutters_11_72,0.040618896484375,0.059326171875,0.0059356689453125,0.0293731689453125,0.1375732421875
283,WomenWhoStutter_63_31,0.1181640625,0.0634765625,0.010986328125,0.06597900390625,0.054595947265625
284,StutteringIsCool_81_27,0.24365234375,0.1427001953125,0.08880615234375,0.0247955322265625,0.06866455078125
285,StrongVoices_10_120,0.06890869140625,0.0751953125,0.0257110595703125,0.035675048828125,0.0272216796875
286,StutterTalk_25_182,0.0280609130859375,0.1153564453125,0.01358795166015625,0.01983642578125,0.0305633544921875
287,StrongVoices_21_131,0.032958984375,0.142822265625,0.03753662109375,0.058135986328125,0.043121337890625
288,WomenWhoStutter_81_128,0.024749755859375,0.11358642578125,0.0135345458984375,0.0289764404296875,0.1309814453125
289,StrongVoices_0_8,0.1263427734375,0.222412109375,0.0278472900390625,0.027374267578125,0.1904296875
290,StutterTalk_8_168,0.0328369140625,0.080810546875,0.053009033203125,0.05450439453125,0.0301513671875
291,StutterTalk_37_28,0.6376953125,0.14111328125,0.06536865234375,0.041534423828125,0.1568603515625
292,StrongVoices_21_178,0.044189453125,0.09283447265625,0.01214599609375,0.01358795166015625,0.019500732421875
293,StutteringIsCool_80_5,0.049591064453125,0.1851806640625,0.0321044921875,0.033905029296875,0.09088134765625
294,StutterTalk_63_55,0.0472412109375,0.12646484375,0.01016998291015625,0.014556884765625,0.09588623046875
295,WomenWhoStutter_21_5,0.298828125,0.145263671875,0.0272674560546875,0.03515625,0.9267578125
296,WomenWhoStutter_81_124,0.02484130859375,0.12359619140625,0.0154266357421875,0.038116455078125,0.07611083984375
297,StutteringIsCool_37_29,0.044525146484375,0.293701171875,0.075439453125,0.0341796875,0.07464599609375
298,WomenWhoStutter_14_22,0.141845703125,0.09637451171875,0.01262664794921875,0.0391845703125,0.90087890625
299,StrongVoices_21_47,0.1033935546875,0.12445068359375,0.018157958984375,0.0293121337890625,0.0782470703125
300,StutteringIsCool_61_9,0.029083251953125,0.2486572265625,0.06573486328125,0.043701171875,0.09686279296875
301,StrongVoices_0_11,0.06829833984375,0.097900390625,0.00933837890625,0.0104522705078125,0.011688232421875
302,StutterTalk_63_46,0.151611328125,0.184814453125,0.0141143798828125,0.05511474609375,0.70166015625
303,HeStutters_12_212,0.09234619140625,0.1273193359375,0.009674072265625,0.00989532470703125,0.11968994140625
304,WomenWhoStutter_97_200,0.129150390625,0.1634521484375,0.0194244384765625,0.070556640625,0.9267578125
305,WomenWhoStutter_86_25,0.022796630859375,0.127197265625,0.02276611328125,0.09088134765625,0.049224853515625
306,WomenWhoStutter_2_196,0.10089111328125,0.12493896484375,0.058441162109375,0.2333984375,0.71142578125
307,HVSA_2_9,0.1495361328125,0.275634765625,0.360107421875,0.145263671875,0.043365478515625
308,StutteringIsCool_55_2,0.0345458984375,0.087890625,0.0193023681640625,0.030914306640625,0.03131103515625
309,StrongVoices_28_32,0.27490234375,0.03912353515625,0.011199951171875,0.0182952880859375,0.04876708984375
310,WomenWhoStutter_8_8,0.07586669921875,0.415771484375,0.55224609375,0.2117919921875,0.10467529296875
311,StutteringIsCool_34_179,0.05560302734375,0.12890625,0.075439453125,0.203857421875,0.0704345703125
312,StutteringIsCool_38_15,0.034423828125,0.11578369140625,0.048126220703125,0.0726318359375,0.1195068359375
313,StutterTalk_49_35,0.0266571044921875,0.0938720703125,0.0236053466796875,0.036773681640625,0.06707763671875
314,HVSA_0_30,0.0987548828125,0.12335205078125,0.021820068359375,0.035552978515625,0.0938720703125
315,WomenWhoStutter_86_142,0.1375732421875,0.2109375,0.019500732421875,0.05419921875,0.8193359375
316,StutterTalk_59_3,0.018402099609375,0.1678466796875,0.0631103515625,0.230224609375,0.050140380859375
317,StutterTalk_12_5,0.2276611328125,0.11376953125,0.1300048828125,0.09771728515625,0.053985595703125
318,StrongVoices_10_56,0.0274810791015625,0.05389404296875,0.0160980224609375,0.0212860107421875,0.04083251953125
319,HeStutters_18_26,0.11993408203125,0.12347412109375,0.0162200927734375,0.046295166015625,0.1610107421875
320,StrongVoices_10_104,0.11163330078125,0.17529296875,0.1468505859375,0.114990234375,0.1181640625
321,StrongVoices_6_31,0.11920166015625,0.3544921875,0.0567626953125,0.0243377685546875,0.021453857421875
322,StutterTalk_0_16,0.056640625,0.127197265625,0.015899658203125,0.043365478515625,0.089111328125
323,HVSA_0_96,0.05560302734375,0.21484375,0.093017578125,0.0284881591796875,0.047943115234375
324,StrongVoices_1_35,0.06878662109375,0.07696533203125,0.045196533203125,0.075439453125,0.035614013671875
325,StutteringIsCool_29_25,0.0222015380859375,0.06915283203125,0.0165863037109375,0.0384521484375,0.09893798828125
326,WomenWhoStutter_21_34,0.12066650390625,0.059326171875,0.005664825439453125,0.005512237548828125,0.06658935546875
327,StutterTalk_46_8,0.050140380859375,0.060760498046875,0.0199127197265625,0.01238250732421875,0.0341796875
328,StutterTalk_77_34,0.06585693359375,0.0885009765625,0.007404327392578125,0.00997161865234375,0.0313720703125
329,WomenWhoStutter_76_8,0.0259552001953125,0.08599853515625,0.007724761962890625,0.0295867919921875,0.05889892578125
330,WomenWhoStutter_14_126,0.081787109375,0.2064208984375,0.022247314453125,0.034423828125,0.237548828125
331,HeStutters_2_111,0.11676025390625,0.1544189453125,0.07794189453125,0.05889892578125,0.0156707763671875
332,StutterTalk_64_118,0.1578369140625,0.139892578125,0.1207275390625,0.10723876953125,0.055419921875
333,WomenWhoStutter_8_6,0.12939453125,0.46728515625,0.423583984375,0.037384033203125,0.11920166015625
334,StutterTalk_26_81,0.034423828125,0.0965576171875,0.00878143310546875,0.0294189453125,0.0638427734375
335,HeStutters_12_79,0.086181640625,0.2037353515625,0.037689208984375,0.0213623046875,0.04620361328125
336,WomenWhoStutter_21_61,0.07977294921875,0.320068359375,0.064208984375,0.063232421875,0.12127685546875
337,StrongVoices_10_10,0.381103515625,0.1678466796875,0.035614013671875,0.0526123046875,0.075439453125
338,HeStutters_16_158,0.035400390625,0.11920166015625,0.0251312255859375,0.05865478515625,0.0264129638671875
339,StutteringIsCool_38_23,0.09808349609375,0.258544921875,0.1676025390625,0.1392822265625,0.040985107421875
340,HVSA_0_77,0.24072265625,0.177001953125,0.033538818359375,0.0137939453125,0.09967041015625
341,StutterTalk_63_105,0.161376953125,0.151123046875,0.0521240234375,0.1925048828125,0.71826171875
342,StutteringIsCool_27_21,0.04132080078125,0.313232421875,0.1279296875,0.062225341796875,0.03179931640625
343,HVSA_2_130,0.145263671875,0.08477783203125,0.034027099609375,0.038543701171875,0.11163330078125
344,StutteringIsCool_17_8,0.17236328125,0.1494140625,0.11260986328125,0.360595703125,0.7900390625
345,StutterTalk_18_1,0.03314208984375,0.1787109375,0.03302001953125,0.0164642333984375,0.018096923828125
346,StutteringIsCool_23_7,0.032470703125,0.047882080078125,0.0255584716796875,0.0943603515625,0.047882080078125
347,HeStutters_19_43,0.220458984375,0.1317138671875,0.01132965087890625,0.0391845703125,0.91796875
348,WomenWhoStutter_2_176,0.06451416015625,0.143798828125,0.04345703125,0.01090240478515625,0.10321044921875
349,HVSA_3_96,0.03204345703125,0.0987548828125,0.0235595703125,0.0222930908203125,0.026153564453125
350,StutterTalk_26_83,0.03448486328125,0.06536865234375,0.004451751708984375,0.0153045654296875,0.07965087890625
351,StutteringIsCool_17_39,0.0802001953125,0.1439208984375,0.02203369140625,0.03173828125,0.19580078125
352,WomenWhoStutter_69_14,0.1063232421875,0.177490234375,0.09185791015625,0.08587646484375,0.0618896484375
353,StutteringIsCool_55_13,0.07696533203125,0.055938720703125,0.0316162109375,0.060089111328125,0.05572509765625
354,StrongVoices_26_28,0.036163330078125,0.1390380859375,0.01267242431640625,0.013427734375,0.0504150390625
355,StrongVoices_12_5,0.10125732421875,0.13232421875,0.011688232421875,0.0170440673828125,0.0284881591796875
356,HeStutters_18_99,0.31298828125,0.12054443359375,0.042327880859375,0.04534912109375,0.1787109375
357,MyStutteringLife_39_0,0.0247039794921875,0.09722900390625,0.03607177734375,0.023773193359375,0.0472412109375
358,StutteringIsCool_2_2,0.09368896484375,0.33447265625,0.58251953125,0.286865234375,0.14697265625
359,WomenWhoStutter_37_21,0.0560302734375,0.437744140625,0.49267578125,0.1434326171875,0.1007080078125
360,StrongVoices_7_3,0.06903076171875,0.0863037109375,0.0164642333984375,0.021820068359375,0.0374755859375
361,StutteringIsCool_73_35,0.024993896484375,0.09368896484375,0.0274810791015625,0.1478271484375,0.220458984375
362,StrongVoices_25_34,0.0341796875,0.1551513671875,0.019683837890625,0.05291748046875,0.04107666015625
363,WomenWhoStutter_2_186,0.1414794921875,0.43212890625,0.271728515625,0.124755859375,0.299072265625
364,StutterTalk_69_22,0.127685546875,0.176513671875,0.0251312255859375,0.0154876708984375,0.15087890625
365,StutterTalk_37_165,0.1668701171875,0.0965576171875,0.0274810791015625,0.06561279296875,0.11279296875
366,StutterTalk_64_157,0.08599853515625,0.1341552734375,0.1044921875,0.02691650390625,0.0322265625
367,StrongVoices_1_8,0.078369140625,0.2012939453125,0.0171051025390625,0.0156707763671875,0.029815673828125
368,HeStutters_16_12,0.028106689453125,0.058990478515625,0.0083465576171875,0.0631103515625,0.457275390625
369,StutterTalk_15_22,0.430419921875,0.06451416015625,0.0143890380859375,0.041229248046875,0.273681640625
370,StutterTalk_8_172,0.0386962890625,0.09173583984375,0.06085205078125,0.07806396484375,0.033203125
371,StrongVoices_33_34,0.1402587890625,0.12939453125,0.0050201416015625,0.00763702392578125,0.185302734375
372,WomenWhoStutter_82_5,0.1375732421875,0.10174560546875,0.004962921142578125,0.01348114013671875,0.37744140625
373,StrongVoices_28_24,0.4091796875,0.062103271484375,0.05877685546875,0.12646484375,0.1322021484375
374,StutterTalk_64_141,0.06304931640625,0.2264404296875,0.19287109375,0.048583984375,0.038238525390625
375,HeStutters_10_6,0.186279296875,0.09844970703125,0.011962890625,0.061981201171875,0.8232421875
376,HeStutters_16_17,0.296875,0.0728759765625,0.0092315673828125,0.0341796875,0.61474609375
377,StutteringIsCool_23_39,0.0164031982421875,0.09552001953125,0.0185394287109375,0.07421875,0.0810546875
378,StutterTalk_8_158,0.1431884765625,0.085693359375,0.021209716796875,0.06500244140625,0.8984375
379,IStutterSoWhat_0_125,0.266357421875,0.120849609375,0.0254669189453125,0.0526123046875,0.69970703125
380,StutterTalk_64_42,0.33544921875,0.05145263671875,0.01111602783203125,0.05780029296875,0.60791015625
381,WomenWhoStutter_10_0,0.08343505859375,0.1539306640625,0.0212860107421875,0.00937652587890625,0.0287017822265625
382,StutteringIsCool_73_7,0.0221099853515625,0.0592041015625,0.01312255859375,0.07794189453125,0.05889892578125
383,StrongVoices_28_14,0.1502685546875,0.09368896484375,0.0313720703125,0.024993896484375,0.0271148681640625
384,IStutterSoWhat_0_126,0.31201171875,0.19580078125,0.046630859375,0.061187744140625,0.904296875
385,WomenWhoStutter_21_16,0.08154296875,0.12335205078125,0.0165252685546875,0.0305633544921875,0.041778564453125
386,StutteringIsCool_33_4,0.0312042236328125,0.1041259765625,0.01422882080078125,0.053802490234375,0.494140625
387,HVSA_0_53,0.167724609375,0.11578369140625,0.0306243896484375,0.11859130859375,0.54931640625
388,WomenWhoStutter_10_172,0.0728759765625,0.46337890625,0.37841796875,0.076416015625,0.12188720703125
389,WomenWhoStutter_2_154,0.1231689453125,0.205810546875,0.20068359375,0.151123046875,0.165771484375
390,StrongVoices_32_44,0.0416259765625,0.1175537109375,0.00878143310546875,0.02056884765625,0.046722412109375
391,WomenWhoStutter_42_15,0.0965576171875,0.094482421875,0.0209197998046875,0.023468017578125,0.058990478515625
392,StutterTalk_52_13,0.0260009765625,0.145263671875,0.0278472900390625,0.078369140625,0.0794677734375
393,WomenWhoStutter_12_37,0.08404541015625,0.07452392578125,0.0104522705078125,0.043365478515625,0.136962890625
394,StutteringIsCool_70_20,0.0234222412109375,0.059661865234375,0.0125732421875,0.0250396728515625,0.018768310546875
395,StutterTalk_58_22,0.08587646484375,0.26025390625,0.50830078125,0.463134765625,0.234375
396,IStutterSoWhat_3_86,0.085693359375,0.23583984375,0.08587646484375,0.045196533203125,0.06622314453125
397,StutterTalk_34_3,0.09234619140625,0.270751953125,0.2093505859375,0.1981201171875,0.12493896484375
398,StutterTalk_64_201,0.0966796875,0.1431884765625,0.148681640625,0.1015625,0.03338623046875
399,StrongVoices_32_173,0.057586669921875,0.1617431640625,0.0147857666015625,0.0240478515625,0.03271484375
400,StrongVoices_2_20,0.034881591796875,0.1300048828125,0.0162200927734375,0.039276123046875,0.0239105224609375
401,HeStutters_3_22,0.08135986328125,0.07989501953125,0.0117340087890625,0.12359619140625,0.85498046875
402,HeStutters_10_35,0.038238525390625,0.07208251953125,0.017303466796875,0.06781005859375,0.042236328125
403,WomenWhoStutter_8_17,0.033538818359375,0.1693115234375,0.06439208984375,0.0170440673828125,0.03955078125
404,StutteringIsCool_28_18,0.07598876953125,0.129638671875,0.0131683349609375,0.0095977783203125,0.02447509765625
405,WomenWhoStutter_35_31,0.059112548828125,0.2298583984375,0.293701171875,0.060211181640625,0.06396484375
406,StutteringIsCool_65_12,0.08197021484375,0.0616455078125,0.046112060546875,0.105224609375,0.131103515625
407,StrongVoices_4_12,0.07452392578125,0.0965576171875,0.0137939453125,0.07159423828125,0.30078125
408,WomenWhoStutter_35_10,0.2432861328125,0.1285400390625,0.0240478515625,0.0391845703125,0.91015625
409,StutterTalk_49_0,0.177978515625,0.10321044921875,0.018402099609375,0.047515869140625,0.958984375
410,HeStutters_11_22,0.049407958984375,0.0526123046875,0.015960693359375,0.011688232421875,0.01512908935546875
411,HeStutters_16_91,0.08197021484375,0.09320068359375,0.0310821533203125,0.130126953125,0.0753173828125
412,StutteringIsCool_34_130,0.1573486328125,0.1700439453125,0.040008544921875,0.019989013671875,0.06793212890625
413,StrongVoices_23_214,0.10107421875,0.2213134765625,0.028594970703125,0.030670166015625,0.1453857421875
414,StrongVoices_21_197,0.052032470703125,0.12103271484375,0.0087127685546875,0.021484375,0.1728515625
415,StrongVoices_23_67,0.271484375,0.236328125,0.0994873046875,0.0269622802734375,0.02685546875
416,StutterTalk_16_12,0.149658203125,0.1605224609375,0.0312042236328125,0.0263519287109375,0.042083740234375
417,StrongVoices_23_95,0.1104736328125,0.1165771484375,0.00634002685546875,0.007965087890625,0.19287109375
418,StutterTalk_26_2,0.10760498046875,0.07861328125,0.02630615234375,0.07720947265625,0.68017578125
419,StutteringIsCool_64_10,0.0460205078125,0.13037109375,0.0285491943359375,0.037689208984375,0.3359375
420,WomenWhoStutter_46_39,0.049957275390625,0.11260986328125,0.01056671142578125,0.03125,0.509765625
421,StrongVoices_23_134,0.296875,0.278076171875,0.072509765625,0.0240478515625,0.03643798828125
422,WomenWhoStutter_26_25,0.063720703125,0.0987548828125,0.009674072265625,0.031494140625,0.0247039794921875
423,StutteringIsCool_27_26,0.1104736328125,0.21484375,0.5087890625,0.3447265625,0.179931640625
424,HeStutters_2_151,0.035064697265625,0.094482421875,0.01483917236328125,0.0262603759765625,0.070068359375
425,StrongVoices_23_127,0.1444091796875,0.159423828125,0.0142822265625,0.0082550048828125,0.05560302734375
426,WomenWhoStutter_97_13,0.02386474609375,0.09515380859375,0.028594970703125,0.0482177734375,0.0301055908203125
427,StutterTalk_26_22,0.125732421875,0.06744384765625,0.018798828125,0.0271759033203125,0.042388916015625
428,StutterTalk_3_6,0.05023193359375,0.395263671875,0.271240234375,0.05389404296875,0.059326171875
429,WomenWhoStutter_82_6,0.0640869140625,0.1695556640625,0.0186920166015625,0.082275390625,0.343017578125
430,WomenWhoStutter_10_135,0.06982421875,0.316162109375,0.1446533203125,0.0235595703125,0.1019287109375
431,StutteringIsCool_34_142,0.11859130859375,0.0855712890625,0.0177764892578125,0.08880615234375,0.8828125
432,StutterTalk_48_20,0.06927490234375,0.43115234375,0.5302734375,0.1551513671875,0.09619140625
433,HVSA_2_21,0.09271240234375,0.13818359375,0.1087646484375,0.33447265625,0.59814453125
434,HeStutters_12_126,0.055419921875,0.1904296875,0.0236053466796875,0.13623046875,0.7236328125
435,HVSA_1_110,0.0635986328125,0.1541748046875,0.0283355712890625,0.0136871337890625,0.04876708984375
436,HVSA_0_26,0.1771240234375,0.07989501953125,0.021331787109375,0.0171051025390625,0.0560302734375
437,StutterTalk_72_14,0.05291748046875,0.187744140625,0.013427734375,0.035491943359375,0.044921875
438,StrongVoices_1_31,0.05560302734375,0.0802001953125,0.012969970703125,0.021575927734375,0.026702880859375
439,HeStutters_18_128,0.178466796875,0.09844970703125,0.01024627685546875,0.0867919921875,0.810546875
440,StutterTalk_22_8,0.12347412109375,0.09088134765625,0.0197601318359375,0.047698974609375,0.90966796875
441,IStutterSoWhat_3_7,0.090087890625,0.40966796875,0.439697265625,0.10821533203125,0.1866455078125
442,HeStutters_18_148,0.08660888671875,0.11376953125,0.023284912109375,0.14111328125,0.74560546875
443,StrongVoices_32_61,0.247802734375,0.1708984375,0.0154266357421875,0.0200653076171875,0.0369873046875
444,StrongVoices_9_2,0.2276611328125,0.321533203125,0.1446533203125,0.11376953125,0.293212890625
445,StutterTalk_72_98,0.04949951171875,0.2152099609375,0.055206298828125,0.060211181640625,0.036346435546875
446,WomenWhoStutter_62_36,0.045196533203125,0.11163330078125,0.02056884765625,0.06805419921875,0.063232421875
447,StrongVoices_21_138,0.054107666015625,0.1756591796875,0.021484375,0.025421142578125,0.07781982421875
448,StutterTalk_12_23,0.276611328125,0.11920166015625,0.03662109375,0.042572021484375,0.43310546875
449,StutterTalk_63_137,0.03594970703125,0.2218017578125,0.1802978515625,0.1978759765625,0.15966796875
450,WomenWhoStutter_87_47,0.023773193359375,0.187255859375,0.158447265625,0.2193603515625,0.1568603515625
451,StrongVoices_32_51,0.685546875,0.1600341796875,0.079345703125,0.030853271484375,0.036773681640625
452,StutterTalk_78_29,0.2393798828125,0.14599609375,0.059326171875,0.005512237548828125,0.030670166015625
453,MyStutteringLife_1_2,0.03240966796875,0.0810546875,0.01495361328125,0.0177764892578125,0.0169219970703125
454,WomenWhoStutter_33_35,0.2015380859375,0.266845703125,0.029083251953125,0.04638671875,0.6474609375
455,WomenWhoStutter_86_84,0.77734375,0.2318115234375,0.2054443359375,0.12054443359375,0.347900390625
456,HeStutters_5_19,0.11358642578125,0.481201171875,0.7470703125,0.1070556640625,0.0816650390625
457,MyStutteringLife_18_10,0.042572021484375,0.06939697265625,0.015716552734375,0.061309814453125,0.252685546875
458,StutterTalk_58_20,0.0374755859375,0.1177978515625,0.09466552734375,0.1917724609375,0.150146484375
459,StrongVoices_26_20,0.1044921875,0.1436767578125,0.009124755859375,0.00948333740234375,0.2010498046875
460,StutteringIsCool_38_6,0.0526123046875,0.1700439453125,0.0230712890625,0.04345703125,0.12066650390625
461,StutterTalk_64_146,0.265869140625,0.1251220703125,0.0975341796875,0.029083251953125,0.030914306640625
462,HeStutters_12_156,0.07318115234375,0.08062744140625,0.0144500732421875,0.0142822265625,0.0225830078125
463,HeStutters_11_160,0.06707763671875,0.333251953125,0.06805419921875,0.0616455078125,0.09912109375
464,StutterTalk_68_185,0.0469970703125,0.1993408203125,0.0197906494140625,0.0108184814453125,0.03167724609375
465,WomenWhoStutter_30_95,0.041229248046875,0.1422119140625,0.0221099853515625,0.0171051025390625,0.0207977294921875
466,StrongVoices_7_31,0.040771484375,0.21728515625,0.12322998046875,0.20556640625,0.04168701171875
467,WomenWhoStutter_105_4,0.1619873046875,0.11859130859375,0.0117340087890625,0.021453857421875,0.26318359375
468,HVSA_2_18,0.11358642578125,0.1805419921875,0.29443359375,0.1632080078125,0.4755859375
469,StrongVoices_32_200,0.1849365234375,0.1368408203125,0.0301513671875,0.056549072265625,0.1026611328125
470,StutteringIsCool_80_1,0.089599609375,0.350341796875,0.51416015625,0.29736328125,0.07147216796875
471,StutteringIsCool_44_38,0.1611328125,0.1373291015625,0.0300445556640625,0.03204345703125,0.024932861328125
472,MyStutteringLife_39_31,0.02276611328125,0.12493896484375,0.01262664794921875,0.052703857421875,0.2113037109375
473,StutterTalk_23_31,0.0208892822265625,0.228271484375,0.1263427734375,0.244873046875,0.07354736328125
474,HeStutters_5_8,0.1070556640625,0.1143798828125,0.0287017822265625,0.07989501953125,0.044586181640625
475,StutteringIsCool_34_143,0.041778564453125,0.125244140625,0.046722412109375,0.2191162109375,0.74609375
476,HeStutters_12_152,0.04248046875,0.14794921875,0.0237274169921875,0.0173797607421875,0.0379638671875
477,StrongVoices_33_23,0.384521484375,0.1507568359375,0.030670166015625,0.0180511474609375,0.033477783203125
478,StrongVoices_6_169,0.39892578125,0.1639404296875,0.02655029296875,0.0173797607421875,0.411865234375
479,StutteringIsCool_46_35,0.1810302734375,0.039703369140625,0.004573822021484375,0.0100555419921875,0.10284423828125
480,StutterTalk_7_5,0.035064697265625,0.09588623046875,0.0258636474609375,0.059417724609375,0.033203125
481,StutterTalk_64_187,0.1568603515625,0.0975341796875,0.07464599609375,0.07574462890625,0.0582275390625
482,StutteringIsCool_14_38,0.0537109375,0.09173583984375,0.034820556640625,0.10089111328125,0.7978515625
483,IStutterSoWhat_3_46,0.02203369140625,0.247802734375,0.219482421875,0.29248046875,0.184814453125
484,StutteringIsCool_43_26,0.08062744140625,0.058441162109375,0.01024627685546875,0.017242431640625,0.0202484130859375
485,HeStutters_2_34,0.06536865234375,0.1995849609375,0.050506591796875,0.04559326171875,0.06756591796875
486,StrongVoices_6_65,0.027740478515625,0.17822265625,0.0211639404296875,0.0226287841796875,0.048675537109375
487,StrongVoices_14_9,0.446044921875,0.08868408203125,0.040008544921875,0.03204345703125,0.044525146484375
488,StutteringIsCool_45_9,0.11474609375,0.2880859375,0.0640869140625,0.0156707763671875,0.1363525390625
489,WomenWhoStutter_82_11,0.058349609375,0.50341796875,0.29052734375,0.0638427734375,0.12115478515625
490,StrongVoices_23_247,0.39990234375,0.2073974609375,0.08538818359375,0.01302337646484375,0.06890869140625
491,StutterTalk_62_6,0.042877197265625,0.09088134765625,0.017578125,0.022674560546875,0.033477783203125
492,StrongVoices_12_31,0.07159423828125,0.08062744140625,0.00555419921875,0.0221099853515625,0.4150390625
493,StrongVoices_7_0,0.03759765625,0.2152099609375,0.06695556640625,0.1473388671875,0.06549072265625
494,StrongVoices_25_29,0.45556640625,0.1417236328125,0.023651123046875,0.02606201171875,0.744140625
495,StrongVoices_10_163,0.42138671875,0.091552734375,0.0173797607421875,0.047515869140625,0.298828125
496,StutterTalk_10_23,0.153076171875,0.152587890625,0.0360107421875,0.10357666015625,0.04742431640625
497,MyStutteringLife_5_3,0.08526611328125,0.2069091796875,0.0762939453125,0.1439208984375,0.048675537109375
498,StrongVoices_23_234,0.142822265625,0.298095703125,0.04400634765625,0.0154266357421875,0.073974609375
499,StrongVoices_2_23,0.2978515625,0.1900634765625,0.03289794921875,0.04010009765625,0.0872802734375
500,WomenWhoStutter_30_57,0.0743408203125,0.09588623046875,0.00714874267578125,0.015716552734375,0.0849609375
501,StrongVoices_21_53,0.0413818359375,0.08447265625,0.0177154541015625,0.09173583984375,0.2724609375
502,StutterTalk_79_28,0.31103515625,0.06500244140625,0.01009368896484375,0.0137939453125,0.0343017578125
503,StutteringIsCool_17_20,0.0401611328125,0.0582275390625,0.00955963134765625,0.0233306884765625,0.0251312255859375
504,HeStutters_18_131,0.11676025390625,0.138916015625,0.0179901123046875,0.024139404296875,0.106689453125
505,WomenWhoStutter_48_8,0.055419921875,0.1044921875,0.01554107666015625,0.06805419921875,0.04534912109375
506,WomenWhoStutter_2_93,0.23388671875,0.1590576171875,0.031494140625,0.029205322265625,0.29248046875
507,WomenWhoStutter_42_19,0.287841796875,0.2020263671875,0.1798095703125,0.375244140625,0.1707763671875
508,StutterTalk_64_5,0.2181396484375,0.2186279296875,0.3251953125,0.234375,0.517578125
509,WomenWhoStutter_21_57,0.11376953125,0.1995849609375,0.0855712890625,0.10394287109375,0.04840087890625
510,StutterTalk_37_175,0.287109375,0.1666259765625,0.11260986328125,0.10125732421875,0.09857177734375
511,HeStutters_11_198,0.12890625,0.393310546875,0.157958984375,0.1873779296875,0.308349609375
512,WomenWhoStutter_81_109,0.18359375,0.303955078125,0.133056640625,0.0285491943359375,0.07330322265625
513,StutterTalk_8_106,0.1248779296875,0.09979248046875,0.041473388671875,0.1336669921875,0.75732421875
514,MyStutteringLife_0_12,0.05145263671875,0.06658935546875,0.020416259765625,0.03131103515625,0.04052734375
515,StutterTalk_77_38,0.375,0.27734375,0.205078125,0.08343505859375,0.034820556640625
516,StutterTalk_9_8,0.08050537109375,0.07421875,0.0227203369140625,0.021942138671875,0.0297088623046875
517,StrongVoices_9_13,0.1171875,0.06793212890625,0.01763916015625,0.0179901123046875,0.042022705078125
518,HeStutters_2_21,0.042633056640625,0.2000732421875,0.116943359375,0.26953125,0.266845703125
519,WomenWhoStutter_14_114,0.11279296875,0.226318359375,0.04638671875,0.1414794921875,0.137451171875
520,StrongVoices_5_30,0.093994140625,0.2020263671875,0.024932861328125,0.018646240234375,0.01116180419921875
521,WomenWhoStutter_2_144,0.35546875,0.0802001953125,0.01111602783203125,0.033905029296875,0.68798828125
522,HeStutters_2_14,0.04803466796875,0.151611328125,0.032958984375,0.085693359375,0.2176513671875
523,WomenWhoStutter_105_38,0.09039306640625,0.2183837890625,0.03875732421875,0.034820556640625,0.71337890625
524,StrongVoices_21_128,0.03289794921875,0.06280517578125,0.00787353515625,0.024139404296875,0.042724609375
525,HeStutters_12_210,0.10687255859375,0.1314697265625,0.022796630859375,0.12432861328125,0.246337890625
526,StutterTalk_64_80,0.1923828125,0.05633544921875,0.020172119140625,0.01525115966796875,0.447509765625
527,StrongVoices_32_75,0.4375,0.2086181640625,0.030853271484375,0.01467132568359375,0.1715087890625
528,StutterTalk_72_62,0.06109619140625,0.206787109375,0.022979736328125,0.0295867919921875,0.115966796875
529,StrongVoices_28_18,0.2198486328125,0.1533203125,0.03204345703125,0.01384735107421875,0.0154266357421875
530,WomenWhoStutter_86_17,0.093994140625,0.1474609375,0.0215301513671875,0.144775390625,0.9208984375
531,StutterTalk_63_160,0.52392578125,0.091064453125,0.024749755859375,0.0221099853515625,0.06549072265625
532,WomenWhoStutter_86_16,0.06109619140625,0.265380859375,0.09075927734375,0.26904296875,0.2325439453125
533,StutteringIsCool_1_22,0.685546875,0.374755859375,0.202880859375,0.051666259765625,0.08868408203125
534,StrongVoices_21_186,0.048126220703125,0.1807861328125,0.06243896484375,0.1121826171875,0.04345703125
535,StutterTalk_63_111,0.1265869140625,0.37890625,0.3388671875,0.02069091796875,0.059326171875
536,StrongVoices_0_18,0.491455078125,0.18310546875,0.0294189453125,0.0604248046875,0.10968017578125
537,WomenWhoStutter_64_6,0.08135986328125,0.146728515625,0.06512451171875,0.1678466796875,0.8369140625
538,StrongVoices_23_253,0.06890869140625,0.42919921875,0.1424560546875,0.0469970703125,0.04742431640625
539,WomenWhoStutter_97_183,0.56884765625,0.37255859375,0.32275390625,0.1746826171875,0.1539306640625
540,StrongVoices_2_10,0.040985107421875,0.1573486328125,0.0310821533203125,0.03436279296875,0.017578125
541,StutteringIsCool_50_9,0.07989501953125,0.422607421875,0.1580810546875,0.059326171875,0.05242919921875
542,StutterTalk_49_34,0.11517333984375,0.09808349609375,0.02215576171875,0.025909423828125,0.01473236083984375
543,StutteringIsCool_75_5,0.0794677734375,0.1258544921875,0.0154876708984375,0.016021728515625,0.03912353515625
544,StutterTalk_72_56,0.06500244140625,0.29052734375,0.1439208984375,0.185791015625,0.0706787109375
545,WomenWhoStutter_42_123,0.05072021484375,0.1475830078125,0.035003662109375,0.17236328125,0.12420654296875
546,StutterTalk_25_131,0.04351806640625,0.1270751953125,0.01337432861328125,0.0115966796875,0.05499267578125
547,StutterTalk_64_23,0.1446533203125,0.09088134765625,0.07464599609375,0.02191162109375,0.077392578125
548,StutteringIsCool_34_123,0.059967041015625,0.198974609375,0.0838623046875,0.394287109375,0.49853515625
549,StrongVoices_32_70,0.1314697265625,0.280029296875,0.0272216796875,0.01107025146484375,0.02685546875
550,HeStutters_11_49,0.04217529296875,0.294677734375,0.07366943359375,0.03424072265625,0.023651123046875
551,StutterTalk_8_60,0.1441650390625,0.143310546875,0.1446533203125,0.045196533203125,0.04620361328125
552,StrongVoices_4_22,0.09088134765625,0.1810302734375,0.026458740234375,0.07720947265625,0.91162109375
553,HVSA_2_131,0.055206298828125,0.12451171875,0.0880126953125,0.205322265625,0.15869140625
554,StutterTalk_37_39,0.0255126953125,0.09637451171875,0.0753173828125,0.3037109375,0.13671875
555,HeStutters_18_18,0.06805419921875,0.16162109375,0.0181884765625,0.07574462890625,0.187744140625
556,StrongVoices_10_125,0.08526611328125,0.30419921875,0.254150390625,0.1683349609375,0.142333984375
557,StutteringIsCool_64_16,0.14892578125,0.31591796875,0.0618896484375,0.0260009765625,0.1978759765625
558,StrongVoices_5_29,0.1165771484375,0.200439453125,0.0236053466796875,0.0164642333984375,0.05224609375
559,StutterTalk_26_130,0.03253173828125,0.255126953125,0.1680908203125,0.081787109375,0.0293121337890625
560,WomenWhoStutter_96_113,0.08929443359375,0.258056640625,0.128173828125,0.50439453125,0.14013671875
561,HeStutters_3_38,0.03253173828125,0.259521484375,0.127197265625,0.08038330078125,0.0210418701171875
562,StrongVoices_21_143,0.05780029296875,0.1978759765625,0.042388916015625,0.0638427734375,0.11798095703125
563,StutteringIsCool_77_28,0.1781005859375,0.38427734375,0.26806640625,0.036285400390625,0.076416015625
564,StrongVoices_23_187,0.5205078125,0.224609375,0.0843505859375,0.0131683349609375,0.0369873046875
565,HeStutters_17_26,0.1943359375,0.1121826171875,0.017303466796875,0.03460693359375,0.87158203125
566,StutterTalk_77_30,0.1510009765625,0.237060546875,0.044769287109375,0.04913330078125,0.0517578125
567,WomenWhoStutter_10_31,0.046539306640625,0.2220458984375,0.0855712890625,0.1776123046875,0.2454833984375
568,StutterTalk_7_13,0.1409912109375,0.40771484375,0.11553955078125,0.047515869140625,0.05242919921875
569,StutterTalk_26_115,0.165771484375,0.3701171875,0.343994140625,0.34814453125,0.1231689453125
570,StutteringIsCool_80_108,0.263671875,0.1114501953125,0.06524658203125,0.2587890625,0.83837890625
571,StutterTalk_59_4,0.0238189697265625,0.09808349609375,0.01337432861328125,0.050506591796875,0.03802490234375
572,StutterTalk_62_19,0.032958984375,0.043212890625,0.0074310302734375,0.0217437744140625,0.054107666015625
573,StutterTalk_1_15,0.040252685546875,0.11419677734375,0.043701171875,0.2054443359375,0.396240234375
574,StutteringIsCool_75_25,0.061981201171875,0.342041015625,0.2548828125,0.06549072265625,0.022369384765625
575,WomenWhoStutter_81_97,0.07366943359375,0.31640625,0.047882080078125,0.0341796875,0.07183837890625
576,HeStutters_11_33,0.05194091796875,0.10394287109375,0.0106964111328125,0.060760498046875,0.73876953125
577,HVSA_0_117,0.038909912109375,0.1763916015625,0.126220703125,0.09271240234375,0.11981201171875
578,StrongVoices_1_13,0.0302734375,0.13916015625,0.020599365234375,0.0253753662109375,0.02838134765625
579,WomenWhoStutter_87_160,0.10302734375,0.10540771484375,0.03424072265625,0.0548095703125,0.10577392578125
580,StutterTalk_49_37,0.063720703125,0.2158203125,0.1473388671875,0.322021484375,0.4560546875
581,StutterTalk_51_34,0.01519012451171875,0.06890869140625,0.0127716064453125,0.0574951171875,0.1402587890625
582,WomenWhoStutter_96_187,0.10284423828125,0.25732421875,0.08758544921875,0.06451416015625,0.0210418701171875
583,HeStutters_18_203,0.07586669921875,0.181884765625,0.11395263671875,0.193603515625,0.07452392578125
584,StutterTalk_10_2,0.07977294921875,0.0504150390625,0.01337432861328125,0.0297088623046875,0.04168701171875
585,WomenWhoStutter_97_168,0.05224609375,0.1856689453125,0.0301055908203125,0.0794677734375,0.87548828125
586,WomenWhoStutter_49_35,0.10052490234375,0.1959228515625,0.042816162109375,0.038970947265625,0.070556640625
587,StrongVoices_32_141,0.59228515625,0.09722900390625,0.0294189453125,0.018798828125,0.1300048828125
588,WomenWhoStutter_30_37,0.47705078125,0.376708984375,0.417236328125,0.1666259765625,0.1424560546875
589,StutterTalk_22_23,0.0276947021484375,0.1429443359375,0.060516357421875,0.309326171875,0.259033203125
590,StutterTalk_15_29,0.056854248046875,0.07586669921875,0.0260009765625,0.0263519287109375,0.0259552001953125
591,StrongVoices_10_139,0.2459716796875,0.162109375,0.0182647705078125,0.01242828369140625,0.3291015625
592,WomenWhoStutter_87_144,0.06842041015625,0.2144775390625,0.050140380859375,0.07720947265625,0.344970703125
593,HeStutters_11_112,0.11474609375,0.1470947265625,0.0271759033203125,0.07476806640625,0.9423828125
594,StutterTalk_40_3,0.0885009765625,0.0880126953125,0.015716552734375,0.0112457275390625,0.0255584716796875
595,WomenWhoStutter_102_7,0.564453125,0.248291015625,0.080810546875,0.05792236328125,0.48779296875
596,StrongVoices_32_170,0.0276336669921875,0.1883544921875,0.038909912109375,0.044677734375,0.2149658203125
597,StutteringIsCool_38_33,0.061309814453125,0.037322998046875,0.0082550048828125,0.0199432373046875,0.0322265625
598,StutteringIsCool_46_95,0.0634765625,0.233154296875,0.13623046875,0.2802734375,0.1240234375
599,StrongVoices_17_15,0.06982421875,0.158447265625,0.012725830078125,0.01229095458984375,0.054595947265625
600,StrongVoices_13_33,0.09234619140625,0.0982666015625,0.0191650390625,0.034820556640625,0.2724609375
601,IStutterSoWhat_0_71,0.032958984375,0.1279296875,0.01348114013671875,0.07208251953125,0.3447265625
602,MyStutteringLife_19_31,0.04986572265625,0.1473388671875,0.034942626953125,0.0215301513671875,0.0135345458984375
603,HVSA_0_103,0.1300048828125,0.166259765625,0.0220794677734375,0.035552978515625,0.491455078125
604,StrongVoices_14_10,0.1280517578125,0.1124267578125,0.02276611328125,0.034881591796875,0.06951904296875
605,StutteringIsCool_79_36,0.11419677734375,0.426513671875,0.487548828125,0.278564453125,0.08831787109375
606,StrongVoices_6_203,0.059661865234375,0.250244140625,0.029205322265625,0.0224609375,0.0282745361328125
607,StutterTalk_72_15,0.335693359375,0.10467529296875,0.0125274658203125,0.00937652587890625,0.04327392578125
608,StrongVoices_10_86,0.0252685546875,0.10211181640625,0.050140380859375,0.07464599609375,0.07183837890625
609,StrongVoices_19_9,0.172607421875,0.0867919921875,0.0209197998046875,0.010009765625,0.10284423828125
610,HeStutters_11_167,0.58544921875,0.322021484375,0.1329345703125,0.0304412841796875,0.1190185546875
611,StutterTalk_64_102,0.165283203125,0.19775390625,0.089599609375,0.0966796875,0.158203125
612,StutteringIsCool_33_3,0.052032470703125,0.08648681640625,0.02508544921875,0.0213623046875,0.0526123046875
613,HeStutters_11_99,0.0975341796875,0.2105712890625,0.033966064453125,0.1534423828125,0.86328125
614,StutterTalk_26_7,0.08758544921875,0.25146484375,0.052032470703125,0.062103271484375,0.482666015625
615,StutteringIsCool_34_125,0.04876708984375,0.159423828125,0.053802490234375,0.046722412109375,0.046295166015625
616,HeStutters_2_187,0.1455078125,0.286865234375,0.294921875,0.340576171875,0.28515625
617,WomenWhoStutter_30_8,0.1693115234375,0.2225341796875,0.03985595703125,0.0401611328125,0.42822265625
618,StutterTalk_64_109,0.049957275390625,0.1385498046875,0.0162200927734375,0.03460693359375,0.062103271484375
619,StutterTalk_3_8,0.0723876953125,0.2042236328125,0.0517578125,0.00933837890625,0.0189056396484375
620,StutterTalk_1_21,0.036773681640625,0.318603515625,0.2127685546875,0.138427734375,0.11395263671875
621,MyStutteringLife_1_36,0.034759521484375,0.12158203125,0.0160980224609375,0.0469970703125,0.130859375
622,StutterTalk_63_30,0.1651611328125,0.09722900390625,0.00803375244140625,0.04400634765625,0.400634765625
623,StrongVoices_2_21,0.036285400390625,0.1436767578125,0.0260009765625,0.037261962890625,0.0223236083984375
624,WomenWhoStutter_107_34,0.06243896484375,0.09271240234375,0.013275146484375,0.01560211181640625,0.041778564453125
625,StutterTalk_37_178,0.1275634765625,0.08538818359375,0.020843505859375,0.0204925537109375,0.0252685546875
626,IStutterSoWhat_0_59,0.10247802734375,0.105224609375,0.019012451171875,0.0190887451171875,0.0411376953125
627,StrongVoices_10_9,0.320556640625,0.118408203125,0.038543701171875,0.035064697265625,0.0535888671875
628,StutteringIsCool_1_38,0.1163330078125,0.24169921875,0.1751708984375,0.237548828125,0.697265625
629,StrongVoices_6_123,0.039947509765625,0.2027587890625,0.0343017578125,0.04351806640625,0.03314208984375
630,StutterTalk_12_26,0.1767578125,0.103759765625,0.044769287109375,0.1070556640625,0.912109375
631,StrongVoices_9_18,0.1737060546875,0.2144775390625,0.0179901123046875,0.0285491943359375,0.100341796875
632,StutterTalk_72_187,0.1033935546875,0.200439453125,0.040924072265625,0.158203125,0.904296875
633,HVSA_2_78,0.07684326171875,0.1375732421875,0.16748046875,0.199462890625,0.16064453125
634,StutterTalk_26_87,0.1689453125,0.2083740234375,0.022247314453125,0.01384735107421875,0.06658935546875
635,HeStutters_16_71,0.087890625,0.296142578125,0.2054443359375,0.297119140625,0.2509765625
636,HVSA_0_35,0.11981201171875,0.20166015625,0.050323486328125,0.02947998046875,0.266357421875
637,WomenWhoStutter_97_129,0.1671142578125,0.1680908203125,0.1259765625,0.13818359375,0.07421875
638,StrongVoices_21_115,0.0303802490234375,0.048583984375,0.004364013671875,0.011199951171875,0.045684814453125
639,HeStutters_12_70,0.1348876953125,0.3310546875,0.2286376953125,0.05889892578125,0.03033447265625
640,IStutterSoWhat_3_20,0.178466796875,0.1810302734375,0.30615234375,0.27392578125,0.65771484375
641,WomenWhoStutter_30_12,0.062225341796875,0.29345703125,0.10125732421875,0.0182647705078125,0.040313720703125
642,StrongVoices_12_32,0.11798095703125,0.1591796875,0.0150146484375,0.0083465576171875,0.03326416015625
643,MyStutteringLife_1_11,0.0360107421875,0.176513671875,0.0262603759765625,0.024383544921875,0.0202484130859375
644,HeStutters_11_18,0.28759765625,0.0616455078125,0.01016998291015625,0.037200927734375,0.137939453125
645,WomenWhoStutter_35_29,0.061309814453125,0.0704345703125,0.0185394287109375,0.07171630859375,0.1378173828125
646,StrongVoices_21_158,0.03021240234375,0.092041015625,0.03436279296875,0.127685546875,0.06744384765625
647,WomenWhoStutter_22_13,0.0489501953125,0.274169921875,0.1640625,0.389892578125,0.1453857421875
648,MyStutteringLife_21_20,0.0709228515625,0.346435546875,0.1929931640625,0.051544189453125,0.050811767578125
649,HeStutters_19_111,0.089599609375,0.129638671875,0.0108184814453125,0.07989501953125,0.7080078125
650,StutterTalk_64_16,0.0560302734375,0.139404296875,0.0282135009765625,0.054412841796875,0.0295867919921875
651,StrongVoices_21_107,0.033843994140625,0.04351806640625,0.01137542724609375,0.020721435546875,0.0255126953125
652,StutterTalk_1_10,0.0293731689453125,0.12249755859375,0.052703857421875,0.28955078125,0.17138671875
653,WomenWhoStutter_87_134,0.09912109375,0.120849609375,0.0390625,0.1396484375,0.87548828125
654,WomenWhoStutter_64_37,0.042388916015625,0.1829833984375,0.1104736328125,0.1949462890625,0.29931640625
655,WomenWhoStutter_96_189,0.040313720703125,0.3037109375,0.171142578125,0.051849365234375,0.026763916015625
656,StutterTalk_34_36,0.357421875,0.2208251953125,0.0567626953125,0.0323486328125,0.07977294921875
657,StutterTalk_66_9,0.196044921875,0.1810302734375,0.0261993408203125,0.017578125,0.05194091796875
658,StutteringIsCool_80_33,0.271728515625,0.167236328125,0.054901123046875,0.0197601318359375,0.091552734375
659,StutterTalk_26_96,0.027008056640625,0.08587646484375,0.01363372802734375,0.025909423828125,0.08209228515625
660,StutteringIsCool_38_39,0.199951171875,0.140869140625,0.03955078125,0.0966796875,0.91650390625
661,StutteringIsCool_80_94,0.0638427734375,0.046722412109375,0.010528564453125,0.05572509765625,0.1177978515625
662,HeStutters_10_36,0.041839599609375,0.036895751953125,0.009674072265625,0.06610107421875,0.04193115234375
663,WomenWhoStutter_62_155,0.05194091796875,0.04345703125,0.007205963134765625,0.025909423828125,0.1571044921875
664,StutteringIsCool_40_23,0.054412841796875,0.092041015625,0.1048583984375,0.0509033203125,0.03033447265625
665,StutterTalk_3_34,0.05389404296875,0.31298828125,0.376708984375,0.24658203125,0.316162109375
666,StutteringIsCool_70_34,0.04742431640625,0.037750244140625,0.00806427001953125,0.019561767578125,0.02056884765625
667,StutterTalk_64_91,0.1558837890625,0.11083984375,0.0301513671875,0.124755859375,0.59033203125
668,HeStutters_12_153,0.07684326171875,0.352294921875,0.429443359375,0.33203125,0.11126708984375
669,StrongVoices_7_18,0.0301055908203125,0.253173828125,0.09552001953125,0.0794677734375,0.0185394287109375
670,StrongVoices_5_18,0.2103271484375,0.26171875,0.05499267578125,0.047607421875,0.09320068359375
671,StutterTalk_78_7,0.047882080078125,0.093505859375,0.042877197265625,0.059539794921875,0.041534423828125
672,StrongVoices_32_67,0.302490234375,0.12115478515625,0.00806427001953125,0.0305633544921875,0.16943359375
673,StutterTalk_25_5,0.0188751220703125,0.1405029296875,0.035888671875,0.043121337890625,0.039947509765625
674,StrongVoices_14_7,0.1240234375,0.12127685546875,0.06268310546875,0.09588623046875,0.7509765625
675,StutteringIsCool_64_11,0.061187744140625,0.1405029296875,0.0226287841796875,0.042633056640625,0.1868896484375
676,HeStutters_19_154,0.0894775390625,0.1639404296875,0.09320068359375,0.326171875,0.50634765625
677,WomenWhoStutter_86_81,0.171142578125,0.102294921875,0.01560211181640625,0.07501220703125,0.5322265625
678,StutterTalk_49_31,0.0838623046875,0.033966064453125,0.004505157470703125,0.00878143310546875,0.046905517578125
679,HeStutters_11_92,0.1087646484375,0.10052490234375,0.024993896484375,0.028167724609375,0.04376220703125
680,StrongVoices_6_67,0.08404541015625,0.184326171875,0.019683837890625,0.026702880859375,0.0182952880859375
681,StutterTalk_72_67,0.07501220703125,0.41552734375,0.30029296875,0.186279296875,0.1336669921875
682,StutterTalk_51_1,0.02447509765625,0.1483154296875,0.02630615234375,0.023193359375,0.028167724609375
683,StrongVoices_6_189,0.357421875,0.1959228515625,0.0203704833984375,0.0127716064453125,0.08770751953125
684,StutterTalk_10_35,0.038909912109375,0.058441162109375,0.017578125,0.046112060546875,0.02508544921875
685,StrongVoices_23_21,0.1239013671875,0.1973876953125,0.0177154541015625,0.0141754150390625,0.05987548828125
686,StutteringIsCool_69_3,0.01983642578125,0.116943359375,0.0301513671875,0.1513671875,0.291748046875
687,StutterTalk_12_1,0.1610107421875,0.133544921875,0.06915283203125,0.05340576171875,0.056854248046875
688,HeStutters_12_211,0.29296875,0.330810546875,0.3759765625,0.12939453125,0.0762939453125
689,StrongVoices_0_30,0.040924072265625,0.1395263671875,0.01490020751953125,0.0264129638671875,0.0709228515625
690,WomenWhoStutter_108_21,0.08538818359375,0.281494140625,0.25830078125,0.24169921875,0.415771484375
691,WomenWhoStutter_73_14,0.08270263671875,0.273681640625,0.08648681640625,0.266357421875,0.1546630859375
692,WomenWhoStutter_25_1,0.0535888671875,0.11102294921875,0.005062103271484375,0.01282501220703125,0.11737060546875
693,WomenWhoStutter_79_12,0.2298583984375,0.1175537109375,0.01061248779296875,0.0279541015625,0.2578125
694,StutteringIsCool_80_2,0.03594970703125,0.0869140625,0.03521728515625,0.10321044921875,0.0142822265625
695,StutteringIsCool_34_165,0.058349609375,0.2132568359375,0.051177978515625,0.129638671875,0.59375
696,WomenWhoStutter_30_24,0.0302734375,0.105224609375,0.01337432861328125,0.037811279296875,0.1658935546875
697,WomenWhoStutter_62_62,0.10797119140625,0.1751708984375,0.037109375,0.15087890625,0.82861328125
698,StrongVoices_21_134,0.048675537109375,0.09124755859375,0.01111602783203125,0.0205230712890625,0.05242919921875
699,WomenWhoStutter_107_31,0.44287109375,0.118408203125,0.021575927734375,0.0323486328125,0.141845703125
700,HeStutters_18_36,0.10284423828125,0.283447265625,0.10394287109375,0.092529296875,0.03033447265625
701,IStutterSoWhat_3_78,0.08447265625,0.10247802734375,0.050811767578125,0.1083984375,0.6181640625
702,StrongVoices_10_180,0.1322021484375,0.2113037109375,0.039794921875,0.021209716796875,0.034820556640625
703,StrongVoices_21_193,0.0469970703125,0.248046875,0.06085205078125,0.06744384765625,0.138916015625
704,StutterTalk_60_5,0.09124755859375,0.1341552734375,0.020721435546875,0.1187744140625,0.92724609375
705,StutterTalk_25_47,0.0208892822265625,0.2108154296875,0.06890869140625,0.05511474609375,0.10357666015625
706,StutteringIsCool_40_3,0.055938720703125,0.159912109375,0.09619140625,0.0318603515625,0.0193023681640625
707,StrongVoices_29_6,0.0287017822265625,0.052825927734375,0.01090240478515625,0.0177764892578125,0.0200653076171875
708,StutteringIsCool_15_32,0.058135986328125,0.049591064453125,0.01016998291015625,0.0139007568359375,0.0202484130859375
709,HeStutters_11_186,0.18115234375,0.296875,0.090576171875,0.062103271484375,0.43359375
710,StrongVoices_32_150,0.21728515625,0.1431884765625,0.015716552734375,0.02069091796875,0.0165252685546875
711,StutterTalk_12_36,0.29345703125,0.08404541015625,0.032470703125,0.0257110595703125,0.153076171875
712,StrongVoices_10_103,0.0257110595703125,0.07342529296875,0.019195556640625,0.0616455078125,0.091552734375
713,StutterTalk_7_24,0.024566650390625,0.09124755859375,0.0226287841796875,0.023468017578125,0.0240478515625
714,MyStutteringLife_0_32,0.04376220703125,0.09136962890625,0.0531005859375,0.1597900390625,0.1424560546875
715,MyStutteringLife_0_35,0.224853515625,0.276123046875,0.198974609375,0.05340576171875,0.04351806640625
716,StrongVoices_32_176,0.1259765625,0.2032470703125,0.0177154541015625,0.0213623046875,0.0171051025390625
717,HVSA_0_91,0.1417236328125,0.1993408203125,0.12420654296875,0.023651123046875,0.09271240234375
718,HeStutters_2_138,0.0631103515625,0.2386474609375,0.1632080078125,0.147216796875,0.07696533203125
719,StutterTalk_37_90,0.3759765625,0.24169921875,0.27734375,0.1019287109375,0.0966796875
720,StrongVoices_32_99,0.1539306640625,0.259765625,0.09185791015625,0.034942626953125,0.01214599609375
721,StutterTalk_26_35,0.026458740234375,0.057281494140625,0.01262664794921875,0.032958984375,0.038330078125
722,StutterTalk_69_26,0.447509765625,0.193603515625,0.025665283203125,0.05126953125,0.114990234375
723,StrongVoices_23_204,0.35595703125,0.2218017578125,0.0517578125,0.0115966796875,0.054595947265625
724,HeStutters_12_163,0.259521484375,0.080078125,0.01837158203125,0.05987548828125,0.1055908203125
725,StutterTalk_59_12,0.0295867919921875,0.11920166015625,0.025177001953125,0.1328125,0.0701904296875
726,WomenWhoStutter_27_5,0.277099609375,0.332275390625,0.1134033203125,0.09771728515625,0.434814453125
727,StutterTalk_16_5,0.172607421875,0.126953125,0.0190582275390625,0.00847625732421875,0.047149658203125
728,WomenWhoStutter_87_29,0.041534423828125,0.279052734375,0.20703125,0.3017578125,0.35009765625
729,StrongVoices_21_36,0.0496826171875,0.1563720703125,0.08587646484375,0.044677734375,0.04217529296875
730,MyStutteringLife_0_18,0.034027099609375,0.051666259765625,0.01029205322265625,0.0181884765625,0.02337646484375
731,WomenWhoStutter_30_27,0.07861328125,0.306884765625,0.12213134765625,0.01073455810546875,0.05419921875
732,StutteringIsCool_40_19,0.1048583984375,0.040924072265625,0.00930023193359375,0.020843505859375,0.1259765625
733,HeStutters_11_125,0.11419677734375,0.137939453125,0.07598876953125,0.1446533203125,0.0830078125
734,HVSA_0_68,0.356201171875,0.06854248046875,0.0154876708984375,0.0089874267578125,0.158203125
735,WomenWhoStutter_14_18,0.60595703125,0.26025390625,0.246337890625,0.08538818359375,0.12286376953125
736,StutteringIsCool_29_31,0.0225067138671875,0.10760498046875,0.09173583984375,0.182373046875,0.1513671875
737,HeStutters_18_53,0.08538818359375,0.050811767578125,0.0057525634765625,0.019683837890625,0.280029296875
738,StrongVoices_25_6,0.159912109375,0.07208251953125,0.0121917724609375,0.01490020751953125,0.0325927734375
739,HeStutters_17_27,0.1680908203125,0.1319580078125,0.0179901123046875,0.07781982421875,0.86376953125
740,StutterTalk_64_44,0.12139892578125,0.086181640625,0.03436279296875,0.042022705078125,0.138916015625
741,StutterTalk_8_80,0.24072265625,0.097412109375,0.0345458984375,0.079345703125,0.908203125
742,HeStutters_16_211,0.2322998046875,0.1771240234375,0.040374755859375,0.0222015380859375,0.24658203125
743,HeStutters_2_125,0.3076171875,0.338623046875,0.1468505859375,0.176513671875,0.1981201171875
744,WomenWhoStutter_97_177,0.193359375,0.19580078125,0.01934814453125,0.07452392578125,0.420654296875
745,StutteringIsCool_80_123,0.040374755859375,0.11279296875,0.0074310302734375,0.021820068359375,0.31787109375
746,StrongVoices_10_211,0.043609619140625,0.15576171875,0.0287017822265625,0.034698486328125,0.03521728515625
747,WomenWhoStutter_2_44,0.033477783203125,0.11163330078125,0.01384735107421875,0.06927490234375,0.2193603515625
748,StutterTalk_72_13,0.05572509765625,0.13232421875,0.01024627685546875,0.092041015625,0.354736328125
749,StutterTalk_49_39,0.0369873046875,0.10858154296875,0.01094818115234375,0.0261993408203125,0.159912109375
750,StutterTalk_63_161,0.0276947021484375,0.04803466796875,0.01094818115234375,0.0313720703125,0.054595947265625
751,HeStutters_2_37,0.0849609375,0.1495361328125,0.0743408203125,0.1988525390625,0.0460205078125
752,StrongVoices_2_33,0.179443359375,0.1585693359375,0.0118255615234375,0.020965576171875,0.034423828125
753,StrongVoices_19_7,0.06756591796875,0.037811279296875,0.0057525634765625,0.0236053466796875,0.095703125
754,StrongVoices_25_24,0.11962890625,0.1536865234375,0.019561767578125,0.029205322265625,0.07891845703125
755,StutterTalk_16_31,0.625,0.18701171875,0.340087890625,0.2064208984375,0.27099609375
756,HVSA_0_118,0.06951904296875,0.1279296875,0.0321044921875,0.059967041015625,0.7861328125
757,WomenWhoStutter_30_151,0.052032470703125,0.06695556640625,0.0089874267578125,0.012237548828125,0.03021240234375
758,HeStutters_11_53,0.0472412109375,0.11920166015625,0.00948333740234375,0.041778564453125,0.0943603515625
759,StrongVoices_14_11,0.08251953125,0.110107421875,0.0165863037109375,0.0171051025390625,0.0189056396484375
760,HVSA_2_99,0.07354736328125,0.327880859375,0.3349609375,0.1580810546875,0.3330078125
761,HVSA_3_44,0.05889892578125,0.1346435546875,0.027435302734375,0.0201416015625,0.0999755859375
762,HeStutters_2_157,0.03753662109375,0.10467529296875,0.01467132568359375,0.054412841796875,0.036895751953125
763,HVSA_2_94,0.19580078125,0.10174560546875,0.050506591796875,0.154052734375,0.50146484375
764,StutterTalk_64_137,0.10321044921875,0.12335205078125,0.0321044921875,0.0202178955078125,0.052520751953125
765,StutteringIsCool_61_12,0.1954345703125,0.1763916015625,0.038818359375,0.044921875,0.6796875
766,WomenWhoStutter_63_24,0.042724609375,0.060760498046875,0.006984710693359375,0.06512451171875,0.12213134765625
767,IStutterSoWhat_0_102,0.412109375,0.1279296875,0.09088134765625,0.053802490234375,0.08978271484375
768,StrongVoices_23_182,0.356201171875,0.11181640625,0.0184783935546875,0.00894927978515625,0.06097412109375
769,StrongVoices_10_115,0.53369140625,0.14697265625,0.04876708984375,0.022247314453125,0.157470703125
770,HeStutters_5_41,0.09552001953125,0.11126708984375,0.00878143310546875,0.0150146484375,0.019866943359375
771,WomenWhoStutter_21_12,0.1727294921875,0.1175537109375,0.0164642333984375,0.015838623046875,0.07989501953125
772,HVSA_3_123,0.478759765625,0.12890625,0.0394287109375,0.035552978515625,0.65966796875
773,StrongVoices_8_37,0.1427001953125,0.073974609375,0.0127716064453125,0.0287017822265625,0.10015869140625
774,WomenWhoStutter_86_104,0.017852783203125,0.1541748046875,0.0616455078125,0.1700439453125,0.2783203125
775,StrongVoices_19_22,0.381103515625,0.054901123046875,0.024139404296875,0.03790283203125,0.416748046875
776,HVSA_0_112,0.1094970703125,0.226318359375,0.076416015625,0.0293731689453125,0.41455078125
777,StutterTalk_72_185,0.042327880859375,0.141357421875,0.0181884765625,0.06512451171875,0.08929443359375
778,StrongVoices_21_3,0.036773681640625,0.156494140625,0.0225830078125,0.04010009765625,0.1202392578125
779,StutterTalk_8_133,0.0260009765625,0.07183837890625,0.035552978515625,0.0709228515625,0.0263519287109375
780,StutterTalk_72_183,0.11199951171875,0.203369140625,0.09320068359375,0.10015869140625,0.0810546875
781,StrongVoices_14_30,0.06793212890625,0.06768798828125,0.0193023681640625,0.04217529296875,0.20556640625
782,StutterTalk_63_92,0.11981201171875,0.07183837890625,0.004230499267578125,0.0163421630859375,0.350341796875
783,StrongVoices_8_1,0.401123046875,0.23583984375,0.057586669921875,0.0143890380859375,0.02838134765625
784,StutteringIsCool_79_31,0.0616455078125,0.416748046875,0.1873779296875,0.116943359375,0.09808349609375
785,HVSA_1_68,0.2257080078125,0.40185546875,0.1959228515625,0.016845703125,0.07574462890625
786,WomenWhoStutter_30_113,0.377197265625,0.25732421875,0.271728515625,0.163330078125,0.34228515625
787,StutteringIsCool_70_36,0.056854248046875,0.027008056640625,0.00547027587890625,0.0274810791015625,0.09637451171875
788,WomenWhoStutter_10_116,0.59765625,0.23876953125,0.277099609375,0.035491943359375,0.054595947265625
789,WomenWhoStutter_76_18,0.0255126953125,0.1063232421875,0.018798828125,0.06268310546875,0.033905029296875
790,HVSA_1_144,0.1253662109375,0.1591796875,0.037200927734375,0.04327392578125,0.378173828125
791,MyStutteringLife_0_33,0.051849365234375,0.09185791015625,0.0294189453125,0.036712646484375,0.05126953125
792,WomenWhoStutter_108_38,0.04638671875,0.130126953125,0.01322174072265625,0.0640869140625,0.435791015625
793,WomenWhoStutter_76_38,0.083740234375,0.139404296875,0.022674560546875,0.05450439453125,0.05560302734375
794,StutterTalk_3_19,0.10760498046875,0.38623046875,0.29833984375,0.1409912109375,0.07366943359375
795,StrongVoices_12_1,0.07275390625,0.2303466796875,0.0460205078125,0.04595947265625,0.07452392578125
796,StrongVoices_28_8,0.06915283203125,0.2137451171875,0.04486083984375,0.055419921875,0.334716796875
797,StutterTalk_16_13,0.34765625,0.42529296875,0.7021484375,0.1865234375,0.131103515625
798,StutterTalk_16_1,0.03515625,0.1923828125,0.052032470703125,0.040008544921875,0.0869140625
799,HVSA_0_19,0.103759765625,0.336181640625,0.252685546875,0.0328369140625,0.050140380859375
800,StutterTalk_64_15,0.45068359375,0.1876220703125,0.05633544921875,0.054412841796875,0.1336669921875
801,StutterTalk_64_12,0.1693115234375,0.09588623046875,0.04876708984375,0.041534423828125,0.052032470703125
802,StutterTalk_58_34,0.019012451171875,0.0738525390625,0.03253173828125,0.072509765625,0.23974609375
803,HVSA_0_57,0.1104736328125,0.054107666015625,0.00424957275390625,0.01116180419921875,0.33251953125
804,HVSA_0_78,0.081787109375,0.1812744140625,0.046112060546875,0.00714874267578125,0.11029052734375
805,StrongVoices_23_116,0.1644287109375,0.223388671875,0.027587890625,0.01490020751953125,0.050811767578125
806,StrongVoices_23_60,0.1761474609375,0.288818359375,0.08648681640625,0.034881591796875,0.035675048828125
807,StutterTalk_64_17,0.1165771484375,0.182373046875,0.06964111328125,0.10247802734375,0.031982421875
808,StutterTalk_25_41,0.0299835205078125,0.06488037109375,0.0125274658203125,0.0143890380859375,0.01422882080078125
809,IStutterSoWhat_3_66,0.1292724609375,0.435546875,0.248291015625,0.10723876953125,0.449951171875
810,HVSA_2_198,0.04534912109375,0.28857421875,0.392578125,0.26416015625,0.08251953125
811,HVSA_1_181,0.0289764404296875,0.12890625,0.018402099609375,0.0255126953125,0.1536865234375
812,StrongVoices_32_12,0.352294921875,0.371826171875,0.2362060546875,0.086181640625,0.048583984375
813,WomenWhoStutter_68_8,0.199951171875,0.1259765625,0.0289306640625,0.0843505859375,0.1629638671875
814,HVSA_3_143,0.082275390625,0.38232421875,0.478759765625,0.080078125,0.0439453125
815,HeStutters_16_209,0.052703857421875,0.256103515625,0.13037109375,0.144287109375,0.10174560546875
816,WomenWhoStutter_30_135,0.03515625,0.11199951171875,0.037261962890625,0.1572265625,0.2213134765625
817,HeStutters_12_165,0.14306640625,0.07354736328125,0.005344390869140625,0.015777587890625,0.2451171875
818,StutterTalk_59_7,0.0177154541015625,0.06903076171875,0.0264129638671875,0.08660888671875,0.05450439453125
819,StrongVoices_22_24,0.0239105224609375,0.04876708984375,0.0143890380859375,0.0322265625,0.05706787109375
820,WomenWhoStutter_21_153,0.266357421875,0.359619140625,0.1444091796875,0.051849365234375,0.0765380859375
821,HeStutters_12_64,0.40673828125,0.25927734375,0.1309814453125,0.11260986328125,0.86376953125
822,StutterTalk_38_9,0.1787109375,0.12408447265625,0.0247955322265625,0.10089111328125,0.68212890625
823,StrongVoices_23_210,0.3583984375,0.154296875,0.041778564453125,0.015899658203125,0.10247802734375
824,WomenWhoStutter_10_40,0.220703125,0.17138671875,0.0127716064453125,0.023193359375,0.4521484375
825,StutterTalk_38_32,0.1943359375,0.07147216796875,0.0142822265625,0.024139404296875,0.1302490234375
826,StrongVoices_10_40,0.17041015625,0.07208251953125,0.00905609130859375,0.0165252685546875,0.135009765625
827,StutterTalk_79_10,0.07305908203125,0.0360107421875,0.00443267822265625,0.017852783203125,0.061767578125
828,StutterTalk_64_183,0.21630859375,0.110107421875,0.039642333984375,0.0999755859375,0.93017578125
829,HVSA_3_206,0.1224365234375,0.251708984375,0.185791015625,0.0816650390625,0.0282745361328125
830,MyStutteringLife_16_36,0.091552734375,0.2425537109375,0.1055908203125,0.10125732421875,0.0300445556640625
831,StrongVoices_8_3,0.4365234375,0.257080078125,0.092041015625,0.029205322265625,0.033721923828125
832,StutteringIsCool_80_109,0.08758544921875,0.11029052734375,0.047149658203125,0.1448974609375,0.82177734375
833,StutterTalk_26_52,0.04302978515625,0.0743408203125,0.021575927734375,0.012054443359375,0.027435302734375
834,WomenWhoStutter_14_8,0.042633056640625,0.197021484375,0.027801513671875,0.04742431640625,0.03240966796875
835,StutterTalk_77_15,0.04681396484375,0.1776123046875,0.04193115234375,0.04595947265625,0.04132080078125
836,StutterTalk_25_21,0.0258636474609375,0.1446533203125,0.01473236083984375,0.016845703125,0.0302734375
837,HeStutters_16_64,0.27392578125,0.06463623046875,0.006488800048828125,0.046112060546875,0.435546875
838,StutterTalk_34_14,0.073974609375,0.1534423828125,0.020965576171875,0.030914306640625,0.2093505859375
839,StrongVoices_6_174,0.29833984375,0.1500244140625,0.0182647705078125,0.0235137939453125,0.2646484375
840,StutterTalk_76_35,0.0243377685546875,0.1368408203125,0.0248870849609375,0.0276947021484375,0.0118255615234375
841,WomenWhoStutter_97_88,0.235107421875,0.102294921875,0.015777587890625,0.060302734375,0.1763916015625
842,StutterTalk_10_5,0.075439453125,0.1290283203125,0.0318603515625,0.014007568359375,0.01129150390625
843,StutterTalk_49_13,0.09185791015625,0.093505859375,0.0170440673828125,0.06256103515625,0.270263671875
844,StutterTalk_58_30,0.0219879150390625,0.07354736328125,0.07763671875,0.2015380859375,0.060516357421875
845,StrongVoices_32_90,0.05450439453125,0.2064208984375,0.06890869140625,0.07196044921875,0.23583984375
846,StutteringIsCool_80_47,0.0313720703125,0.0723876953125,0.024383544921875,0.049224853515625,0.0755615234375
847,WomenWhoStutter_14_159,0.0982666015625,0.16845703125,0.01525115966796875,0.01358795166015625,0.04345703125
848,StutterTalk_52_11,0.040618896484375,0.11163330078125,0.01495361328125,0.054107666015625,0.07965087890625
849,StrongVoices_8_5,0.15625,0.0987548828125,0.0225372314453125,0.01512908935546875,0.03802490234375
850,StutterTalk_7_16,0.0289764404296875,0.139404296875,0.0265045166015625,0.0810546875,0.07598876953125
851,StutterTalk_26_191,0.2335205078125,0.16943359375,0.056243896484375,0.0526123046875,0.342041015625
852,StutteringIsCool_40_27,0.1429443359375,0.0792236328125,0.05792236328125,0.01512908935546875,0.035552978515625
853,StutteringIsCool_1_4,0.07135009765625,0.2467041015625,0.053009033203125,0.0220794677734375,0.0165252685546875
854,WomenWhoStutter_21_14,0.23193359375,0.11029052734375,0.043121337890625,0.03656005859375,0.07965087890625
855,WomenWhoStutter_13_16,0.163818359375,0.10858154296875,0.0082855224609375,0.00881195068359375,0.29248046875
856,StutterTalk_26_100,0.09588623046875,0.0863037109375,0.03143310546875,0.059417724609375,0.09857177734375
857,MyStutteringLife_39_25,0.11163330078125,0.08740234375,0.0129241943359375,0.03607177734375,0.092041015625
858,WomenWhoStutter_86_1,0.148193359375,0.1416015625,0.019012451171875,0.0894775390625,0.951171875
859,HVSA_2_8,0.41796875,0.30078125,0.5283203125,0.1343994140625,0.077392578125
860,StrongVoices_17_12,0.0364990234375,0.1207275390625,0.0153045654296875,0.01751708984375,0.04052734375
861,StutteringIsCool_37_32,0.25146484375,0.184326171875,0.12939453125,0.0704345703125,0.0469970703125
862,StutterTalk_64_47,0.08197021484375,0.1083984375,0.0217437744140625,0.046295166015625,0.046630859375
863,StrongVoices_21_156,0.06915283203125,0.09039306640625,0.00963592529296875,0.0207977294921875,0.039276123046875
864,StutterTalk_30_34,0.12261962890625,0.1990966796875,0.02447509765625,0.007785797119140625,0.0699462890625
865,StutteringIsCool_80_88,0.033843994140625,0.1573486328125,0.040008544921875,0.0838623046875,0.0816650390625
866,StutterTalk_25_156,0.135009765625,0.080078125,0.0321044921875,0.0247039794921875,0.0190582275390625
867,HeStutters_5_122,0.1949462890625,0.27392578125,0.28564453125,0.49365234375,0.646484375
868,StutterTalk_25_66,0.0243377685546875,0.1202392578125,0.00809478759765625,0.0147857666015625,0.09088134765625
869,MyStutteringLife_5_8,0.0289306640625,0.1995849609375,0.0706787109375,0.07147216796875,0.041534423828125
870,StrongVoices_23_18,0.5380859375,0.2447509765625,0.0794677734375,0.0165252685546875,0.1339111328125
871,StutterTalk_8_54,0.40380859375,0.1429443359375,0.16015625,0.291748046875,0.373291015625
872,StutterTalk_77_6,0.07666015625,0.2137451171875,0.1475830078125,0.234375,0.320068359375
873,IStutterSoWhat_0_68,0.463134765625,0.11260986328125,0.043121337890625,0.0755615234375,0.0975341796875
874,WomenWhoStutter_30_200,0.07696533203125,0.059417724609375,0.00679779052734375,0.02886962890625,0.093505859375
875,StutterTalk_8_64,0.046722412109375,0.044586181640625,0.01751708984375,0.0305023193359375,0.035614013671875
876,StutteringIsCool_45_31,0.11126708984375,0.1424560546875,0.0141143798828125,0.0276336669921875,0.06610107421875
877,HeStutters_18_41,0.0156707763671875,0.105224609375,0.030914306640625,0.229736328125,0.1153564453125
878,StutterTalk_7_31,0.021331787109375,0.091064453125,0.04534912109375,0.09332275390625,0.0293121337890625
879,StutterTalk_51_0,0.0240936279296875,0.1810302734375,0.0863037109375,0.073974609375,0.0343017578125
880,WomenWhoStutter_86_15,0.174072265625,0.161865234375,0.03460693359375,0.1390380859375,0.72265625
881,WomenWhoStutter_58_5,0.150634765625,0.23828125,0.030853271484375,0.049774169921875,0.033721923828125
882,StrongVoices_32_193,0.06085205078125,0.344970703125,0.049407958984375,0.06500244140625,0.10125732421875
883,StutteringIsCool_56_20,0.0341796875,0.11358642578125,0.0121917724609375,0.0318603515625,0.19189453125
884,StutterTalk_77_13,0.318115234375,0.23388671875,0.0889892578125,0.036712646484375,0.091552734375
885,StrongVoices_10_21,0.1417236328125,0.09857177734375,0.029876708984375,0.034423828125,0.017852783203125
886,StutterTalk_37_27,0.09686279296875,0.22265625,0.302734375,0.2418212890625,0.12939453125
887,StutterTalk_16_22,0.12493896484375,0.20166015625,0.33544921875,0.4267578125,0.368408203125
888,StutterTalk_26_53,0.1650390625,0.1717529296875,0.035614013671875,0.078369140625,0.80224609375
889,StrongVoices_23_2,0.17138671875,0.156982421875,0.109130859375,0.440673828125,0.8212890625
890,StrongVoices_25_4,0.049774169921875,0.10931396484375,0.00908660888671875,0.0120086669921875,0.0210418701171875
891,StrongVoices_6_124,0.114990234375,0.326171875,0.0266571044921875,0.01678466796875,0.0262603759765625
892,StutterTalk_64_68,0.21240234375,0.11358642578125,0.07135009765625,0.01384735107421875,0.027435302734375
893,WomenWhoStutter_10_160,0.1256103515625,0.12139892578125,0.0313720703125,0.0194549560546875,0.0273284912109375
894,StrongVoices_31_33,0.06866455078125,0.105224609375,0.011962890625,0.034423828125,0.333251953125
895,StutterTalk_76_32,0.0582275390625,0.190673828125,0.11163330078125,0.033477783203125,0.022247314453125
896,StutterTalk_76_30,0.288330078125,0.10394287109375,0.01116180419921875,0.03912353515625,0.8427734375
897,HeStutters_12_26,0.1524658203125,0.30224609375,0.2705078125,0.06878662109375,0.10357666015625
898,StutteringIsCool_80_102,0.03448486328125,0.11993408203125,0.1458740234375,0.275146484375,0.2183837890625
899,IStutterSoWhat_3_158,0.560546875,0.1541748046875,0.133056640625,0.029754638671875,0.045257568359375
900,StrongVoices_32_120,0.1859130859375,0.1229248046875,0.018646240234375,0.01016998291015625,0.038909912109375
901,StrongVoices_6_146,0.038543701171875,0.2294921875,0.015899658203125,0.0222930908203125,0.072509765625
902,WomenWhoStutter_64_12,0.06744384765625,0.2100830078125,0.19189453125,0.307373046875,0.6220703125
903,WomenWhoStutter_26_5,0.055419921875,0.146240234375,0.01137542724609375,0.0225372314453125,0.06744384765625
904,StutterTalk_32_37,0.0251312255859375,0.08740234375,0.00731658935546875,0.020721435546875,0.0723876953125
905,StrongVoices_32_196,0.09637451171875,0.0816650390625,0.04345703125,0.148681640625,0.45751953125
906,StrongVoices_10_18,0.52783203125,0.13525390625,0.0258026123046875,0.026153564453125,0.174560546875
907,StutterTalk_72_99,0.057586669921875,0.380859375,0.25634765625,0.1988525390625,0.16650390625
908,StutteringIsCool_62_23,0.0394287109375,0.1737060546875,0.06085205078125,0.06439208984375,0.06280517578125
909,StrongVoices_21_101,0.037261962890625,0.12115478515625,0.010986328125,0.017578125,0.048126220703125
910,StrongVoices_21_192,0.165771484375,0.14453125,0.03179931640625,0.0236053466796875,0.02508544921875
911,StutterTalk_72_97,0.090087890625,0.10247802734375,0.0089874267578125,0.0115966796875,0.05059814453125
912,WomenWhoStutter_58_34,0.038116455078125,0.1640625,0.05059814453125,0.1556396484375,0.36767578125
913,WomenWhoStutter_69_13,0.13134765625,0.1458740234375,0.02191162109375,0.020599365234375,0.1541748046875
914,StutteringIsCool_33_36,0.365234375,0.0999755859375,0.038604736328125,0.1256103515625,0.76953125
915,HVSA_3_125,0.0849609375,0.1414794921875,0.020172119140625,0.0247955322265625,0.1083984375
916,HVSA_0_69,0.0938720703125,0.149169921875,0.020965576171875,0.048583984375,0.5693359375
917,WomenWhoStutter_46_11,0.07684326171875,0.054901123046875,0.02606201171875,0.07861328125,0.1181640625
918,StrongVoices_23_243,0.1588134765625,0.349365234375,0.0999755859375,0.09503173828125,0.249267578125
919,HVSA_2_53,0.4697265625,0.1114501953125,0.08990478515625,0.038818359375,0.04638671875
920,StrongVoices_9_9,0.1461181640625,0.06768798828125,0.00891876220703125,0.015960693359375,0.18798828125
921,StutterTalk_26_4,0.0251312255859375,0.07421875,0.020416259765625,0.1253662109375,0.15576171875
922,WomenWhoStutter_30_159,0.0521240234375,0.07135009765625,0.0100555419921875,0.01242828369140625,0.054595947265625
923,WomenWhoStutter_97_176,0.10284423828125,0.427734375,0.40966796875,0.3876953125,0.3759765625
924,StutterTalk_69_3,0.391357421875,0.0802001953125,0.0163421630859375,0.021453857421875,0.042877197265625
925,MyStutteringLife_8_2,0.03521728515625,0.171142578125,0.02886962890625,0.018402099609375,0.0257110595703125
926,MyStutteringLife_8_22,0.06842041015625,0.07208251953125,0.01406097412109375,0.0284423828125,0.0300445556640625
927,StutterTalk_38_39,0.115966796875,0.169921875,0.0457763671875,0.1544189453125,0.93505859375
928,StrongVoices_23_151,0.74951171875,0.2384033203125,0.2042236328125,0.06085205078125,0.1055908203125
929,StutterTalk_8_45,0.08465576171875,0.189697265625,0.2039794921875,0.355712890625,0.336181640625
930,StutterTalk_38_31,0.1439208984375,0.09185791015625,0.0087432861328125,0.03521728515625,0.7998046875
931,HeStutters_12_155,0.034881591796875,0.07781982421875,0.0059814453125,0.0293121337890625,0.400146484375
932,StutterTalk_8_11,0.09271240234375,0.178955078125,0.1800537109375,0.399169921875,0.47314453125
933,HeStutters_18_136,0.140869140625,0.043365478515625,0.004486083984375,0.0255584716796875,0.19580078125
934,StutterTalk_37_121,0.1695556640625,0.0794677734375,0.02484130859375,0.1260986328125,0.93115234375
935,StutteringIsCool_49_20,0.32080078125,0.07275390625,0.015960693359375,0.0248870849609375,0.27392578125
936,StutteringIsCool_34_124,0.03875732421875,0.298095703125,0.13232421875,0.1634521484375,0.312744140625
937,StutterTalk_26_152,0.0345458984375,0.373779296875,0.1356201171875,0.07904052734375,0.060089111328125
938,StrongVoices_8_28,0.131103515625,0.133544921875,0.034942626953125,0.00989532470703125,0.03125
939,StutterTalk_68_82,0.021087646484375,0.08929443359375,0.02337646484375,0.058441162109375,0.09857177734375
940,StutteringIsCool_81_8,0.09637451171875,0.062225341796875,0.00908660888671875,0.00821685791015625,0.0274810791015625
941,StutterTalk_80_16,0.023773193359375,0.06243896484375,0.01395416259765625,0.0247955322265625,0.052825927734375
942,WomenWhoStutter_76_25,0.06829833984375,0.148193359375,0.01107025146484375,0.017242431640625,0.039794921875
943,StutterTalk_64_138,0.232177734375,0.2113037109375,0.1724853515625,0.029541015625,0.05780029296875
944,StrongVoices_0_25,0.0258026123046875,0.138671875,0.015716552734375,0.0241851806640625,0.059112548828125
945,WomenWhoStutter_97_2,0.041473388671875,0.130859375,0.045684814453125,0.325927734375,0.30517578125
946,HeStutters_11_157,0.06805419921875,0.275634765625,0.0413818359375,0.042388916015625,0.086181640625
947,HeStutters_17_21,0.08868408203125,0.16259765625,0.042022705078125,0.01934814453125,0.03802490234375
948,StutteringIsCool_28_7,0.2430419921875,0.294677734375,0.2352294921875,0.1549072265625,0.82373046875
949,HVSA_0_45,0.295166015625,0.1519775390625,0.0855712890625,0.0472412109375,0.23388671875
950,HeStutters_16_66,0.30859375,0.0948486328125,0.0181884765625,0.050048828125,0.060516357421875
951,StutterTalk_8_164,0.04742431640625,0.11065673828125,0.04046630859375,0.1390380859375,0.5244140625
952,StutteringIsCool_15_17,0.0253753662109375,0.1600341796875,0.01242828369140625,0.01229095458984375,0.085693359375
953,HVSA_2_2,0.29931640625,0.2191162109375,0.1807861328125,0.1063232421875,0.51953125
954,WomenWhoStutter_5_31,0.040313720703125,0.1708984375,0.0177154541015625,0.022369384765625,0.093994140625
955,WomenWhoStutter_52_1,0.076416015625,0.1328125,0.0274810791015625,0.0165863037109375,0.09588623046875
956,WomenWhoStutter_10_161,0.0323486328125,0.308349609375,0.183837890625,0.09588623046875,0.129638671875
957,WomenWhoStutter_15_4,0.08209228515625,0.400634765625,0.273193359375,0.1710205078125,0.07684326171875
958,StutteringIsCool_2_16,0.11260986328125,0.138427734375,0.0867919921875,0.133056640625,0.25048828125
959,StutteringIsCool_60_21,0.038543701171875,0.075439453125,0.029205322265625,0.0197906494140625,0.034881591796875
960,StutterTalk_8_70,0.03521728515625,0.03460693359375,0.007404327392578125,0.0117340087890625,0.050323486328125
961,StrongVoices_7_36,0.05224609375,0.287109375,0.138671875,0.09027099609375,0.06890869140625
962,StutterTalk_37_12,0.0271148681640625,0.0850830078125,0.04046630859375,0.1383056640625,0.035400390625
963,StrongVoices_23_213,0.342041015625,0.345703125,0.11614990234375,0.038177490234375,0.0616455078125
964,IStutterSoWhat_3_153,0.0809326171875,0.32958984375,0.4873046875,0.2242431640625,0.33056640625
965,StutterTalk_79_13,0.054412841796875,0.053802490234375,0.00945281982421875,0.053985595703125,0.036773681640625
966,StrongVoices_6_57,0.287109375,0.10821533203125,0.013275146484375,0.02508544921875,0.310546875
967,StrongVoices_21_104,0.0496826171875,0.09173583984375,0.0120086669921875,0.0162811279296875,0.03643798828125
968,StutterTalk_25_161,0.09930419921875,0.115966796875,0.038116455078125,0.0247039794921875,0.02044677734375
969,StutteringIsCool_33_25,0.087890625,0.0460205078125,0.0112457275390625,0.021575927734375,0.04046630859375
970,StutterTalk_12_0,0.180419921875,0.0889892578125,0.0316162109375,0.0247039794921875,0.03643798828125
971,HeStutters_11_24,0.1630859375,0.348876953125,0.05126953125,0.072509765625,0.5537109375
972,StutterTalk_14_7,0.041778564453125,0.1671142578125,0.035675048828125,0.035003662109375,0.051666259765625
973,HVSA_2_60,0.1353759765625,0.216064453125,0.2900390625,0.23779296875,0.03839111328125
974,IStutterSoWhat_0_55,0.0753173828125,0.0966796875,0.008880615234375,0.0121917724609375,0.152587890625
975,WomenWhoStutter_86_98,0.2330322265625,0.302978515625,0.0999755859375,0.25244140625,0.70654296875
976,StutterTalk_37_44,0.055206298828125,0.11578369140625,0.0850830078125,0.11578369140625,0.049591064453125
977,IStutterSoWhat_3_0,0.0970458984375,0.278076171875,0.130126953125,0.027801513671875,0.04876708984375
978,WomenWhoStutter_86_166,0.19580078125,0.1094970703125,0.0217742919921875,0.1739501953125,0.87353515625
979,StutterTalk_72_66,0.449951171875,0.353271484375,0.287353515625,0.1131591796875,0.335205078125
980,MyStutteringLife_5_13,0.1407470703125,0.288330078125,0.253662109375,0.018829345703125,0.030731201171875
981,StutterTalk_8_123,0.2264404296875,0.09088134765625,0.05877685546875,0.10125732421875,0.56689453125
982,StrongVoices_32_88,0.53662109375,0.11083984375,0.03875732421875,0.052337646484375,0.0869140625
983,StutteringIsCool_2_22,0.0517578125,0.092529296875,0.09332275390625,0.1114501953125,0.037200927734375
984,StrongVoices_28_38,0.235595703125,0.19580078125,0.0726318359375,0.03143310546875,0.1815185546875
985,HVSA_0_22,0.08197021484375,0.294189453125,0.1094970703125,0.013427734375,0.1492919921875
986,StutterTalk_53_2,0.0872802734375,0.35302734375,0.4443359375,0.13623046875,0.484375
987,StutterTalk_30_31,0.0755615234375,0.422607421875,0.38134765625,0.0809326171875,0.10394287109375
988,MyStutteringLife_8_9,0.109130859375,0.255859375,0.0264129638671875,0.018646240234375,0.038604736328125
989,StrongVoices_27_26,0.06549072265625,0.2152099609375,0.0199127197265625,0.0261993408203125,0.1256103515625
990,WomenWhoStutter_21_134,0.06231689453125,0.08282470703125,0.01287078857421875,0.03253173828125,0.2354736328125
991,HVSA_1_151,0.04302978515625,0.182373046875,0.14404296875,0.0794677734375,0.04620361328125
992,StutterTalk_14_16,0.360107421875,0.0706787109375,0.0171051025390625,0.05975341796875,0.90966796875
993,WomenWhoStutter_87_89,0.059326171875,0.171142578125,0.06243896484375,0.10968017578125,0.67626953125
994,WomenWhoStutter_96_119,0.175537109375,0.2042236328125,0.0285491943359375,0.06439208984375,0.5078125
995,StutterTalk_52_0,0.04595947265625,0.046539306640625,0.0106964111328125,0.07366943359375,0.10614013671875
996,WomenWhoStutter_14_74,0.021942138671875,0.16943359375,0.061431884765625,0.06304931640625,0.09844970703125
997,StrongVoices_17_7,0.1124267578125,0.40087890625,0.251708984375,0.10357666015625,0.058349609375
998,HeStutters_16_13,0.7138671875,0.1787109375,0.1480712890625,0.06243896484375,0.0838623046875
999,StutterTalk_64_82,0.1248779296875,0.0792236328125,0.048583984375,0.1259765625,0.75634765625
1000,WomenWhoStutter_10_46,0.1893310546875,0.484619140625,0.67626953125,0.06793212890625,0.07196044921875
1001,StutterTalk_64_154,0.419677734375,0.09552001953125,0.07318115234375,0.060638427734375,0.081787109375
1002,StrongVoices_10_116,0.1422119140625,0.040771484375,0.004573822021484375,0.0177154541015625,0.2088623046875
1003,HVSA_2_173,0.1842041015625,0.20556640625,0.1710205078125,0.1622314453125,0.474609375
1004,StrongVoices_31_34,0.237060546875,0.08123779296875,0.03277587890625,0.0310211181640625,0.1259765625
1005,WomenWhoStutter_97_148,0.12432861328125,0.4677734375,0.54541015625,0.188720703125,0.1375732421875
1006,StutteringIsCool_38_26,0.027008056640625,0.24365234375,0.1376953125,0.0738525390625,0.034759521484375
1007,WomenWhoStutter_86_137,0.3447265625,0.11474609375,0.0276336669921875,0.092041015625,0.53955078125
1008,WomenWhoStutter_17_22,0.1304931640625,0.1534423828125,0.01560211181640625,0.0127716064453125,0.0304412841796875
1009,StutterTalk_18_18,0.01554107666015625,0.1864013671875,0.12042236328125,0.2421875,0.10894775390625
1010,WomenWhoStutter_49_8,0.040924072265625,0.0762939453125,0.012054443359375,0.1014404296875,0.27392578125
1011,WomenWhoStutter_37_11,0.0999755859375,0.25634765625,0.0509033203125,0.0203399658203125,0.0250396728515625
1012,StrongVoices_32_65,0.2440185546875,0.1923828125,0.0266571044921875,0.0190887451171875,0.0171051025390625
1013,StutteringIsCool_1_6,0.1827392578125,0.281982421875,0.1500244140625,0.0144500732421875,0.041839599609375
1014,StutterTalk_8_141,0.0379638671875,0.055511474609375,0.038330078125,0.07208251953125,0.0794677734375
1015,HVSA_2_192,0.1153564453125,0.267578125,0.323974609375,0.1787109375,0.043121337890625
1016,StrongVoices_21_163,0.06597900390625,0.0943603515625,0.051544189453125,0.322265625,0.365478515625
1017,MyStutteringLife_5_17,0.054290771484375,0.422607421875,0.52099609375,0.092529296875,0.03143310546875
1018,StutteringIsCool_1_37,0.12261962890625,0.1015625,0.0460205078125,0.0537109375,0.07196044921875
1019,HeStutters_2_22,0.04620361328125,0.06939697265625,0.01137542724609375,0.0141754150390625,0.05987548828125
1020,WomenWhoStutter_49_37,0.190673828125,0.054901123046875,0.006877899169921875,0.03607177734375,0.451171875
1021,WomenWhoStutter_62_16,0.03192138671875,0.07586669921875,0.0097808837890625,0.046539306640625,0.0726318359375
1022,StrongVoices_4_39,0.04443359375,0.1490478515625,0.024993896484375,0.0182342529296875,0.03802490234375
1023,StrongVoices_23_74,0.246337890625,0.162353515625,0.01512908935546875,0.0191192626953125,0.56005859375
1024,HeStutters_12_137,0.0272674560546875,0.06524658203125,0.008880615234375,0.03515625,0.102294921875
1025,StutterTalk_16_15,0.1798095703125,0.126953125,0.04376220703125,0.029876708984375,0.0311431884765625
1026,WomenWhoStutter_62_198,0.033782958984375,0.169921875,0.0889892578125,0.392333984375,0.642578125
1027,WomenWhoStutter_14_21,0.178466796875,0.14892578125,0.035675048828125,0.1524658203125,0.91162109375
1028,StutteringIsCool_81_38,0.169921875,0.08868408203125,0.0078125,0.038604736328125,0.57666015625
1029,StutteringIsCool_33_12,0.052520751953125,0.04913330078125,0.00948333740234375,0.02655029296875,0.11279296875
1030,IStutterSoWhat_0_69,0.30126953125,0.07318115234375,0.0118255615234375,0.01322174072265625,0.182373046875
1031,StutteringIsCool_33_29,0.07598876953125,0.307373046875,0.0953369140625,0.12432861328125,0.41015625
1032,StrongVoices_6_148,0.0257110595703125,0.250244140625,0.03271484375,0.0592041015625,0.06512451171875
1033,WomenWhoStutter_10_157,0.0953369140625,0.1961669921875,0.01467132568359375,0.02606201171875,0.2086181640625
1034,StrongVoices_21_81,0.15478515625,0.16748046875,0.046722412109375,0.0200653076171875,0.11395263671875
1035,WomenWhoStutter_87_137,0.076416015625,0.278076171875,0.309326171875,0.471923828125,0.389404296875
1036,StrongVoices_23_64,0.10015869140625,0.244384765625,0.057373046875,0.01483917236328125,0.037200927734375
1037,StutterTalk_64_126,0.042327880859375,0.0460205078125,0.00971221923828125,0.028656005859375,0.030731201171875
1038,StutterTalk_53_32,0.0191192626953125,0.235595703125,0.142822265625,0.09417724609375,0.042724609375
1039,StutteringIsCool_61_8,0.1400146484375,0.177490234375,0.0290374755859375,0.013275146484375,0.03338623046875
1040,StutteringIsCool_46_194,0.040008544921875,0.1597900390625,0.02069091796875,0.0310821533203125,0.0457763671875
1041,StutterTalk_25_127,0.052337646484375,0.185302734375,0.01348114013671875,0.0160980224609375,0.1646728515625
1042,StrongVoices_21_195,0.041839599609375,0.10540771484375,0.00653839111328125,0.01358795166015625,0.095703125
1043,WomenWhoStutter_30_111,0.0305023193359375,0.06475830078125,0.01009368896484375,0.041534423828125,0.124755859375
1044,StrongVoices_13_34,0.09600830078125,0.432861328125,0.41650390625,0.09417724609375,0.06927490234375
1045,IStutterSoWhat_0_53,0.258544921875,0.173828125,0.0215301513671875,0.0090179443359375,0.2342529296875
1046,StutterTalk_72_51,0.33642578125,0.410888671875,0.60546875,0.27587890625,0.189697265625
1047,StutteringIsCool_46_109,0.0224609375,0.09686279296875,0.0256195068359375,0.0546875,0.0284423828125
1048,WomenWhoStutter_96_35,0.309326171875,0.07989501953125,0.00989532470703125,0.0216522216796875,0.196533203125
1049,StutterTalk_64_117,0.07904052734375,0.236328125,0.2117919921875,0.1790771484375,0.1336669921875
1050,HVSA_3_155,0.147705078125,0.230224609375,0.255859375,0.0217437744140625,0.01934814453125
1051,WomenWhoStutter_69_1,0.448974609375,0.10614013671875,0.030853271484375,0.0631103515625,0.47900390625
1052,StrongVoices_6_180,0.0726318359375,0.25,0.027740478515625,0.0234222412109375,0.0196380615234375
1053,HVSA_1_103,0.02880859375,0.2301025390625,0.0640869140625,0.08197021484375,0.034942626953125
1054,StutteringIsCool_62_32,0.1937255859375,0.309326171875,0.040313720703125,0.06646728515625,0.1357421875
1055,StutterTalk_68_75,0.023101806640625,0.051849365234375,0.0082550048828125,0.0150146484375,0.0297088623046875
1056,StutterTalk_1_9,0.1282958984375,0.436767578125,0.568359375,0.26806640625,0.235107421875
1057,HVSA_1_38,0.281982421875,0.1505126953125,0.0894775390625,0.04351806640625,0.30810546875
1058,HeStutters_2_97,0.06451416015625,0.191650390625,0.06964111328125,0.087890625,0.019989013671875
1059,StrongVoices_6_175,0.0384521484375,0.18359375,0.017242431640625,0.0272674560546875,0.037689208984375
1060,HeStutters_2_135,0.052825927734375,0.1544189453125,0.0106964111328125,0.01337432861328125,0.125732421875
1061,WomenWhoStutter_2_85,0.07586669921875,0.3681640625,0.1578369140625,0.170654296875,0.494140625
1062,StrongVoices_33_33,0.054107666015625,0.3193359375,0.10357666015625,0.137451171875,0.06597900390625
1063,HVSA_3_64,0.06292724609375,0.332763671875,0.49072265625,0.082275390625,0.0472412109375
1064,WomenWhoStutter_58_25,0.05889892578125,0.1346435546875,0.017852783203125,0.0297088623046875,0.06585693359375
1065,StrongVoices_32_113,0.03314208984375,0.38720703125,0.09637451171875,0.06744384765625,0.05499267578125
1066,StrongVoices_12_6,0.0248870849609375,0.089599609375,0.00577545166015625,0.0289764404296875,0.1866455078125
1067,WomenWhoStutter_108_5,0.2178955078125,0.09027099609375,0.0121002197265625,0.0160980224609375,0.05511474609375
1068,StutteringIsCool_84_36,0.01322174072265625,0.040374755859375,0.007549285888671875,0.0245208740234375,0.06256103515625
1069,StutterTalk_64_167,0.25048828125,0.08038330078125,0.0165863037109375,0.0390625,0.7626953125
1070,StutteringIsCool_80_49,0.167236328125,0.3349609375,0.1678466796875,0.0325927734375,0.04107666015625
1071,WomenWhoStutter_108_31,0.06695556640625,0.18603515625,0.055938720703125,0.07122802734375,0.043609619140625
1072,StutteringIsCool_38_2,0.058013916015625,0.06854248046875,0.0266571044921875,0.06231689453125,0.03289794921875
1073,StutterTalk_16_19,0.0496826171875,0.413330078125,0.59619140625,0.26220703125,0.07598876953125
1074,HeStutters_2_182,0.03802490234375,0.10504150390625,0.0131683349609375,0.039642333984375,0.040252685546875
1075,IStutterSoWhat_0_66,0.57080078125,0.10015869140625,0.0294189453125,0.05645751953125,0.83984375
1076,StrongVoices_23_176,0.1719970703125,0.264404296875,0.042083740234375,0.04534912109375,0.10821533203125
1077,StutterTalk_0_5,0.12042236328125,0.062103271484375,0.007205963134765625,0.01861572265625,0.1737060546875
1078,HeStutters_11_106,0.08154296875,0.1131591796875,0.00867462158203125,0.043609619140625,0.8818359375
1079,StutterTalk_64_150,0.05194091796875,0.07611083984375,0.0401611328125,0.08978271484375,0.11102294921875
1080,StrongVoices_32_156,0.59326171875,0.262939453125,0.1917724609375,0.0312042236328125,0.12054443359375
1081,HVSA_3_74,0.038604736328125,0.114990234375,0.0384521484375,0.038604736328125,0.06439208984375
1082,StutterTalk_76_12,0.14501953125,0.11981201171875,0.012725830078125,0.04803466796875,0.9482421875
1083,StrongVoices_6_62,0.72705078125,0.23876953125,0.1026611328125,0.0251312255859375,0.1070556640625
1084,StutterTalk_59_36,0.016021728515625,0.077392578125,0.02606201171875,0.0592041015625,0.040618896484375
1085,StrongVoices_2_8,0.67626953125,0.1300048828125,0.0271759033203125,0.0284881591796875,0.56689453125
1086,StutterTalk_38_18,0.036834716796875,0.0823974609375,0.01450347900390625,0.040679931640625,0.039703369140625
1087,StutteringIsCool_80_145,0.2340087890625,0.1845703125,0.07684326171875,0.03759765625,0.06982421875
1088,StrongVoices_32_187,0.187744140625,0.17138671875,0.00963592529296875,0.0094146728515625,0.037384033203125
1089,StrongVoices_10_192,0.07891845703125,0.11358642578125,0.036712646484375,0.034027099609375,0.0304412841796875
1090,StrongVoices_32_147,0.5478515625,0.233154296875,0.1737060546875,0.044586181640625,0.053802490234375
1091,StutterTalk_28_37,0.04681396484375,0.218017578125,0.1495361328125,0.0472412109375,0.08123779296875
1092,StutterTalk_8_116,0.0574951171875,0.0738525390625,0.04913330078125,0.11102294921875,0.4453125
1093,WomenWhoStutter_87_164,0.07781982421875,0.1533203125,0.061187744140625,0.141357421875,0.156982421875
1094,StutteringIsCool_69_6,0.021942138671875,0.11456298828125,0.035736083984375,0.0792236328125,0.21337890625
1095,StutterTalk_37_118,0.342529296875,0.302490234375,0.404541015625,0.10430908203125,0.049224853515625
1096,WomenWhoStutter_12_32,0.174560546875,0.12493896484375,0.00634002685546875,0.01450347900390625,0.126953125
1097,StutterTalk_44_15,0.0282135009765625,0.07965087890625,0.0156707763671875,0.0294189453125,0.0255584716796875
1098,WomenWhoStutter_86_154,0.1541748046875,0.1859130859375,0.035064697265625,0.1033935546875,0.955078125
1099,StutterTalk_8_46,0.136962890625,0.092041015625,0.0284881591796875,0.06903076171875,0.783203125
1100,StutterTalk_26_160,0.0364990234375,0.126220703125,0.04840087890625,0.10614013671875,0.14111328125
1101,WomenWhoStutter_10_193,0.15380859375,0.134033203125,0.0273284912109375,0.07208251953125,0.95166015625
1102,StutterTalk_68_6,0.034820556640625,0.06536865234375,0.01049041748046875,0.16650390625,0.29150390625
1103,StutterTalk_54_14,0.05706787109375,0.173583984375,0.2156982421875,0.57275390625,0.1727294921875
1104,StutteringIsCool_46_104,0.0753173828125,0.2578125,0.15625,0.080078125,0.03155517578125
1105,StutterTalk_29_9,0.0242767333984375,0.147705078125,0.047698974609375,0.0229339599609375,0.04443359375
1106,StrongVoices_7_5,0.032958984375,0.1239013671875,0.03167724609375,0.1815185546875,0.21435546875
1107,HVSA_0_133,0.045684814453125,0.2318115234375,0.07196044921875,0.137451171875,0.5078125
1108,StrongVoices_21_15,0.046630859375,0.1851806640625,0.02947998046875,0.0289764404296875,0.051849365234375
1109,MyStutteringLife_0_16,0.237060546875,0.05780029296875,0.01137542724609375,0.018585205078125,0.07080078125
1110,HeStutters_12_80,0.0943603515625,0.356201171875,0.281005859375,0.044097900390625,0.07318115234375
1111,HeStutters_12_109,0.12042236328125,0.2310791015625,0.140869140625,0.2034912109375,0.156494140625
1112,StrongVoices_21_42,0.5888671875,0.18408203125,0.05145263671875,0.05511474609375,0.54248046875
1113,StutteringIsCool_23_14,0.035064697265625,0.05145263671875,0.023101806640625,0.07708740234375,0.1556396484375
1114,WomenWhoStutter_2_119,0.061431884765625,0.075439453125,0.0117340087890625,0.0147857666015625,0.042388916015625
1115,StutteringIsCool_23_9,0.05224609375,0.06927490234375,0.0261077880859375,0.0203399658203125,0.1143798828125
1116,StrongVoices_28_26,0.26953125,0.1453857421875,0.06536865234375,0.013427734375,0.08050537109375
1117,HVSA_1_41,0.06524658203125,0.1864013671875,0.041839599609375,0.06683349609375,0.52783203125
1118,MyStutteringLife_16_2,0.57177734375,0.23193359375,0.18994140625,0.07305908203125,0.07965087890625
1119,StutterTalk_49_4,0.11962890625,0.155517578125,0.00997161865234375,0.017242431640625,0.1048583984375
1120,StutterTalk_38_4,0.03533935546875,0.1376953125,0.018829345703125,0.0401611328125,0.047515869140625
1121,HeStutters_11_139,0.445068359375,0.275634765625,0.1363525390625,0.1336669921875,0.7822265625
1122,HVSA_2_49,0.13623046875,0.10723876953125,0.0276947021484375,0.040374755859375,0.07861328125
1123,HVSA_3_202,0.08740234375,0.269775390625,0.52734375,0.057373046875,0.046539306640625
1124,StrongVoices_21_77,0.093017578125,0.15771484375,0.0311431884765625,0.024932861328125,0.03271484375
1125,HVSA_3_91,0.41748046875,0.1981201171875,0.32470703125,0.08123779296875,0.08270263671875
1126,StutterTalk_49_10,0.01507568359375,0.1063232421875,0.024993896484375,0.08343505859375,0.1324462890625
1127,StutterTalk_3_25,0.13232421875,0.1800537109375,0.0638427734375,0.1236572265625,0.9228515625
1128,WomenWhoStutter_3_22,0.2037353515625,0.26416015625,0.1143798828125,0.24365234375,0.342529296875
1129,HeStutters_11_170,0.0699462890625,0.1201171875,0.01267242431640625,0.03704833984375,0.6123046875
1130,HVSA_2_159,0.09979248046875,0.1583251953125,0.141845703125,0.058135986328125,0.041778564453125
1131,WomenWhoStutter_37_38,0.03125,0.2744140625,0.1456298828125,0.05108642578125,0.06280517578125
1132,MyStutteringLife_18_34,0.321533203125,0.054901123046875,0.0099334716796875,0.0222930908203125,0.1202392578125
1133,WomenWhoStutter_30_199,0.05645751953125,0.1175537109375,0.01467132568359375,0.0142822265625,0.05072021484375
1134,MyStutteringLife_25_16,0.0203704833984375,0.0872802734375,0.00919342041015625,0.028106689453125,0.0889892578125
1135,WomenWhoStutter_86_127,0.120361328125,0.1534423828125,0.020294189453125,0.07684326171875,0.947265625
1136,StrongVoices_8_17,0.03228759765625,0.07891845703125,0.01348114013671875,0.06231689453125,0.0704345703125
1137,StutteringIsCool_84_24,0.043853759765625,0.07366943359375,0.027587890625,0.0171051025390625,0.030853271484375
1138,IStutterSoWhat_3_147,0.050811767578125,0.0999755859375,0.019683837890625,0.093505859375,0.6376953125
1139,WomenWhoStutter_87_162,0.432861328125,0.316650390625,0.21435546875,0.0548095703125,0.32861328125
1140,StrongVoices_10_214,0.1737060546875,0.240478515625,0.08209228515625,0.0526123046875,0.0574951171875
1141,StutteringIsCool_2_9,0.01495361328125,0.119384765625,0.06585693359375,0.18115234375,0.076416015625
1142,WomenWhoStutter_46_37,0.1134033203125,0.06500244140625,0.0104522705078125,0.06304931640625,0.546875
1143,StutteringIsCool_69_25,0.10894775390625,0.10968017578125,0.00701141357421875,0.012969970703125,0.249267578125
1144,WomenWhoStutter_42_3,0.1280517578125,0.12200927734375,0.00997161865234375,0.019866943359375,0.0310821533203125
1145,WomenWhoStutter_30_7,0.278564453125,0.13525390625,0.0194244384765625,0.0709228515625,0.68603515625
1146,StutterTalk_64_48,0.020965576171875,0.10211181640625,0.020294189453125,0.07611083984375,0.0740966796875
1147,StutterTalk_48_31,0.0229339599609375,0.06536865234375,0.00809478759765625,0.017303466796875,0.03656005859375
1148,StutterTalk_37_106,0.059326171875,0.043212890625,0.01242828369140625,0.030731201171875,0.0309600830078125
1149,MyStutteringLife_38_34,0.1553955078125,0.2000732421875,0.050323486328125,0.1055908203125,0.923828125
1150,WomenWhoStutter_68_29,0.0345458984375,0.1749267578125,0.06549072265625,0.10015869140625,0.0838623046875
1151,StrongVoices_23_128,0.1856689453125,0.397705078125,0.07476806640625,0.029541015625,0.089111328125
1152,IStutterSoWhat_3_40,0.12322998046875,0.415771484375,0.66357421875,0.228271484375,0.17529296875
1153,HeStutters_5_126,0.0633544921875,0.242431640625,0.1771240234375,0.326904296875,0.611328125
1154,StutterTalk_8_101,0.070556640625,0.0546875,0.01971435546875,0.047332763671875,0.313720703125
1155,StutterTalk_30_15,0.1448974609375,0.1474609375,0.0390625,0.029815673828125,0.05291748046875
1156,StutterTalk_63_106,0.04296875,0.097412109375,0.01490020751953125,0.0849609375,0.322265625
1157,StrongVoices_32_129,0.2314453125,0.270263671875,0.06829833984375,0.044281005859375,0.258056640625
1158,StutteringIsCool_18_1,0.03656005859375,0.13134765625,0.042022705078125,0.16845703125,0.556640625
1159,StutterTalk_64_45,0.11981201171875,0.10052490234375,0.0181884765625,0.037689208984375,0.04803466796875
1160,HVSA_0_90,0.73486328125,0.1934814453125,0.1563720703125,0.0379638671875,0.0615234375
1161,HeStutters_3_4,0.057586669921875,0.1312255859375,0.01282501220703125,0.052703857421875,0.1202392578125
1162,StutterTalk_64_92,0.044281005859375,0.1187744140625,0.0303802490234375,0.048675537109375,0.07781982421875
1163,StrongVoices_10_81,0.1370849609375,0.2117919921875,0.04534912109375,0.0460205078125,0.2109375
1164,StutterTalk_8_88,0.07452392578125,0.10894775390625,0.07806396484375,0.083740234375,0.09637451171875
1165,WomenWhoStutter_2_89,0.057586669921875,0.06097412109375,0.015716552734375,0.0230255126953125,0.035675048828125
1166,StrongVoices_28_0,0.332275390625,0.06658935546875,0.00557708740234375,0.0101318359375,0.376953125
1167,HeStutters_7_2,0.4443359375,0.23876953125,0.0938720703125,0.0240478515625,0.0305023193359375
1168,HeStutters_18_59,0.23876953125,0.138671875,0.04400634765625,0.048126220703125,0.8896484375
1169,StutterTalk_13_29,0.079345703125,0.129638671875,0.04107666015625,0.007785797119140625,0.0202484130859375
1170,StutterTalk_55_38,0.03607177734375,0.08404541015625,0.007373809814453125,0.0287017822265625,0.050506591796875
1171,StutteringIsCool_16_6,0.0163421630859375,0.1190185546875,0.0240936279296875,0.046905517578125,0.01837158203125
1172,HVSA_2_74,0.10321044921875,0.38818359375,0.5576171875,0.0631103515625,0.033538818359375
1173,StutteringIsCool_62_37,0.4111328125,0.1531982421875,0.0310211181640625,0.0635986328125,0.153564453125
1174,StutterTalk_26_49,0.0276947021484375,0.07135009765625,0.0092315673828125,0.027435302734375,0.023651123046875
1175,IStutterSoWhat_3_109,0.040985107421875,0.37060546875,0.5478515625,0.09686279296875,0.044677734375
1176,HVSA_2_76,0.129150390625,0.09686279296875,0.054290771484375,0.04510498046875,0.1298828125
1177,IStutterSoWhat_3_122,0.080078125,0.07080078125,0.00945281982421875,0.018829345703125,0.042022705078125
1178,HVSA_2_100,0.36181640625,0.311279296875,0.374267578125,0.04248046875,0.03289794921875
1179,StrongVoices_3_10,0.201171875,0.393798828125,0.1397705078125,0.1517333984375,0.03912353515625
1180,WomenWhoStutter_2_211,0.07275390625,0.3486328125,0.2103271484375,0.363525390625,0.25830078125
1181,WomenWhoStutter_87_27,0.1163330078125,0.1279296875,0.052825927734375,0.093994140625,0.156494140625
1182,StutterTalk_34_5,0.276123046875,0.1754150390625,0.047088623046875,0.0220794677734375,0.119384765625
1183,StutteringIsCool_64_7,0.024566650390625,0.1312255859375,0.089599609375,0.45703125,0.20263671875
1184,WomenWhoStutter_90_36,0.03173828125,0.28857421875,0.365234375,0.286865234375,0.09124755859375
1185,StutterTalk_68_165,0.31201171875,0.1680908203125,0.045196533203125,0.0631103515625,0.88720703125
1186,StutteringIsCool_2_11,0.047607421875,0.2022705078125,0.109130859375,0.227294921875,0.09979248046875
1187,StutterTalk_68_32,0.023101806640625,0.13037109375,0.029205322265625,0.16162109375,0.1214599609375
1188,StutteringIsCool_29_20,0.0305023193359375,0.11676025390625,0.059967041015625,0.050048828125,0.106689453125
1189,StrongVoices_21_111,0.0219879150390625,0.11456298828125,0.0165863037109375,0.029876708984375,0.0316162109375
1190,IStutterSoWhat_0_45,0.063232421875,0.328125,0.3759765625,0.193115234375,0.06622314453125
1191,WomenWhoStutter_5_6,0.05419921875,0.087890625,0.008514404296875,0.0144500732421875,0.07696533203125
1192,StrongVoices_10_98,0.654296875,0.2294921875,0.1298828125,0.04876708984375,0.30908203125
1193,HeStutters_16_15,0.11578369140625,0.09332275390625,0.0211181640625,0.06707763671875,0.26953125
1194,StrongVoices_14_14,0.0751953125,0.070556640625,0.049224853515625,0.05450439453125,0.469970703125
1195,HVSA_1_56,0.07183837890625,0.470458984375,0.501953125,0.0699462890625,0.044677734375
1196,HeStutters_11_12,0.0257568359375,0.07977294921875,0.022674560546875,0.11962890625,0.136474609375
1197,StutterTalk_64_63,0.1285400390625,0.128173828125,0.08282470703125,0.0306243896484375,0.070556640625
1198,WomenWhoStutter_97_165,0.10858154296875,0.353271484375,0.1826171875,0.2142333984375,0.64599609375
1199,HeStutters_17_23,0.08831787109375,0.418212890625,0.31884765625,0.060211181640625,0.042083740234375
1200,StutteringIsCool_46_191,0.1478271484375,0.0863037109375,0.015899658203125,0.01129150390625,0.093017578125
1201,HVSA_2_147,0.135986328125,0.218505859375,0.10504150390625,0.0784912109375,0.3193359375
1202,StutterTalk_72_9,0.10992431640625,0.087890625,0.01233673095703125,0.01302337646484375,0.0232391357421875
1203,WomenWhoStutter_30_176,0.1866455078125,0.0943603515625,0.006145477294921875,0.0217437744140625,0.0943603515625
1204,StrongVoices_23_165,0.0439453125,0.257080078125,0.03155517578125,0.05126953125,0.049224853515625
1205,WomenWhoStutter_21_6,0.038238525390625,0.12054443359375,0.02838134765625,0.035888671875,0.06732177734375
1206,StutterTalk_64_162,0.41796875,0.06512451171875,0.033538818359375,0.0762939453125,0.39111328125
1207,HeStutters_5_42,0.11419677734375,0.1478271484375,0.046905517578125,0.06744384765625,0.038238525390625
1208,WomenWhoStutter_81_73,0.10321044921875,0.0863037109375,0.00989532470703125,0.06097412109375,0.7724609375
1209,StutteringIsCool_34_174,0.33837890625,0.150146484375,0.040008544921875,0.0240478515625,0.366455078125
1210,WomenWhoStutter_2_110,0.0293731689453125,0.1634521484375,0.0189056396484375,0.052032470703125,0.2406005859375
1211,WomenWhoStutter_2_4,0.1683349609375,0.226806640625,0.1307373046875,0.4912109375,0.5380859375
1212,StutterTalk_63_116,0.1209716796875,0.182861328125,0.036712646484375,0.1815185546875,0.7470703125
1213,StutterTalk_76_24,0.293212890625,0.110107421875,0.039703369140625,0.07135009765625,0.06695556640625
1214,StutterTalk_64_21,0.05059814453125,0.1474609375,0.040618896484375,0.0546875,0.0259552001953125
1215,StutteringIsCool_46_152,0.07794189453125,0.17626953125,0.027740478515625,0.01332855224609375,0.0225830078125
1216,HeStutters_5_154,0.0738525390625,0.240966796875,0.1767578125,0.293212890625,0.6376953125
1217,WomenWhoStutter_21_80,0.051544189453125,0.060089111328125,0.0036792755126953125,0.0125274658203125,0.07891845703125
1218,StutterTalk_34_31,0.102294921875,0.1326904296875,0.019561767578125,0.06622314453125,0.2042236328125
1219,WomenWhoStutter_46_19,0.27490234375,0.12408447265625,0.0162200927734375,0.043365478515625,0.72119140625
1220,StutterTalk_80_21,0.0240020751953125,0.0830078125,0.0322265625,0.026458740234375,0.01934814453125
1221,StrongVoices_21_56,0.037384033203125,0.09637451171875,0.004810333251953125,0.0117340087890625,0.0938720703125
1222,WomenWhoStutter_96_14,0.462646484375,0.38916015625,0.4013671875,0.076416015625,0.060089111328125
1223,StutterTalk_42_36,0.0285491943359375,0.08770751953125,0.00766754150390625,0.06927490234375,0.1912841796875
1224,StutterTalk_37_164,0.199462890625,0.1636962890625,0.1666259765625,0.342529296875,0.75439453125
1225,StutterTalk_78_24,0.10284423828125,0.26123046875,0.08648681640625,0.0259552001953125,0.09368896484375
1226,HVSA_2_73,0.08868408203125,0.2020263671875,0.090576171875,0.12408447265625,0.576171875
1227,HeStutters_18_83,0.105224609375,0.10821533203125,0.01036834716796875,0.035400390625,0.92626953125
1228,HVSA_2_145,0.03985595703125,0.20849609375,0.12445068359375,0.2042236328125,0.349609375
1229,StutterTalk_7_12,0.0439453125,0.141845703125,0.015960693359375,0.0173797607421875,0.0153045654296875
1230,StutterTalk_37_185,0.126953125,0.090576171875,0.03875732421875,0.042816162109375,0.0293731689453125
1231,StutteringIsCool_61_35,0.3974609375,0.086181640625,0.030670166015625,0.0194244384765625,0.041534423828125
1232,WomenWhoStutter_25_36,0.06634521484375,0.050506591796875,0.005535125732421875,0.0164642333984375,0.082275390625
1233,StutteringIsCool_38_38,0.07861328125,0.0970458984375,0.0116424560546875,0.0255126953125,0.0279541015625
1234,HVSA_2_65,0.07501220703125,0.285888671875,0.306396484375,0.1251220703125,0.06658935546875
1235,HeStutters_16_22,0.2088623046875,0.1121826171875,0.02508544921875,0.092529296875,0.9384765625
1236,StrongVoices_32_111,0.061981201171875,0.1470947265625,0.01111602783203125,0.01229095458984375,0.026702880859375
1237,IStutterSoWhat_0_124,0.1751708984375,0.07794189453125,0.007518768310546875,0.0185089111328125,0.0701904296875
1238,StutteringIsCool_46_64,0.02203369140625,0.21337890625,0.050048828125,0.11376953125,0.07666015625
1239,HeStutters_5_192,0.06243896484375,0.1885986328125,0.01384735107421875,0.042022705078125,0.0943603515625
1240,HeStutters_16_97,0.11456298828125,0.165283203125,0.060516357421875,0.40966796875,0.6298828125
1241,StutterTalk_64_99,0.2313232421875,0.10577392578125,0.0283355712890625,0.0706787109375,0.2034912109375
1242,WomenWhoStutter_86_144,0.03277587890625,0.106689453125,0.0110321044921875,0.027587890625,0.046905517578125
1243,HeStutters_5_117,0.06903076171875,0.466064453125,0.366943359375,0.1143798828125,0.0863037109375
1244,WomenWhoStutter_14_113,0.0838623046875,0.1329345703125,0.022674560546875,0.10504150390625,0.884765625
1245,HeStutters_17_11,0.064208984375,0.13037109375,0.0136871337890625,0.020172119140625,0.037811279296875
1246,StutterTalk_18_9,0.036346435546875,0.2232666015625,0.0217742919921875,0.0280609130859375,0.11859130859375
1247,StutteringIsCool_80_122,0.080810546875,0.034698486328125,0.00426483154296875,0.00861358642578125,0.10302734375
1248,WomenWhoStutter_46_17,0.100341796875,0.10125732421875,0.01467132568359375,0.0439453125,0.92041015625
1249,StrongVoices_34_38,0.0567626953125,0.251708984375,0.05194091796875,0.07720947265625,0.556640625
1250,StrongVoices_19_32,0.42138671875,0.1307373046875,0.1153564453125,0.0273284912109375,0.03607177734375
1251,HVSA_0_47,0.1253662109375,0.06292724609375,0.01519012451171875,0.016845703125,0.0638427734375
1252,WomenWhoStutter_13_35,0.10968017578125,0.236572265625,0.0213623046875,0.020843505859375,0.07275390625
1253,WomenWhoStutter_87_90,0.12158203125,0.261474609375,0.1822509765625,0.36376953125,0.71728515625
1254,StrongVoices_21_183,0.059539794921875,0.15185546875,0.038177490234375,0.036163330078125,0.10540771484375
1255,WomenWhoStutter_14_11,0.06085205078125,0.2264404296875,0.07318115234375,0.03125,0.011199951171875
1256,WomenWhoStutter_79_31,0.048126220703125,0.09979248046875,0.00981903076171875,0.033203125,0.04949951171875
1257,StutteringIsCool_14_21,0.042083740234375,0.040985107421875,0.0150146484375,0.034942626953125,0.0999755859375
1258,WomenWhoStutter_62_64,0.07452392578125,0.1533203125,0.01358795166015625,0.056854248046875,0.1279296875
1259,StutterTalk_31_0,0.0302734375,0.075439453125,0.005260467529296875,0.0268096923828125,0.06915283203125
1260,StutteringIsCool_80_80,0.035400390625,0.1654052734375,0.06781005859375,0.091552734375,0.07330322265625
1261,StrongVoices_27_14,0.053009033203125,0.1015625,0.01267242431640625,0.0325927734375,0.036712646484375
1262,WomenWhoStutter_14_7,0.0343017578125,0.1348876953125,0.017181396484375,0.037200927734375,0.024139404296875
1263,WomenWhoStutter_37_14,0.13720703125,0.374267578125,0.142822265625,0.026763916015625,0.028167724609375
1264,WomenWhoStutter_76_32,0.164794921875,0.28759765625,0.21240234375,0.5537109375,0.54736328125
1265,StrongVoices_19_20,0.1639404296875,0.06597900390625,0.023956298828125,0.06939697265625,0.1143798828125
1266,StrongVoices_28_37,0.10430908203125,0.10614013671875,0.01129150390625,0.034942626953125,0.2352294921875
1267,StrongVoices_12_34,0.05877685546875,0.0704345703125,0.011688232421875,0.0212860107421875,0.0272216796875
1268,StutterTalk_39_36,0.040771484375,0.09552001953125,0.00905609130859375,0.007122039794921875,0.0265045166015625
1269,WomenWhoStutter_86_54,0.10595703125,0.2481689453125,0.064208984375,0.2037353515625,0.81591796875
1270,StutterTalk_64_203,0.376220703125,0.131591796875,0.234375,0.049041748046875,0.038116455078125
1271,WomenWhoStutter_21_171,0.1981201171875,0.116943359375,0.0164642333984375,0.01073455810546875,0.03460693359375
1272,WomenWhoStutter_30_169,0.043212890625,0.061187744140625,0.005260467529296875,0.00997161865234375,0.04681396484375
1273,MyStutteringLife_21_16,0.11968994140625,0.16357421875,0.0253753662109375,0.137939453125,0.6318359375
1274,HeStutters_17_5,0.2247314453125,0.1627197265625,0.0391845703125,0.056121826171875,0.9130859375
1275,StutterTalk_63_7,0.08660888671875,0.216064453125,0.043853759765625,0.0236053466796875,0.10687255859375
1276,HVSA_1_40,0.2322998046875,0.11517333984375,0.036224365234375,0.0169830322265625,0.0121917724609375
1277,WomenWhoStutter_22_18,0.165771484375,0.172607421875,0.0701904296875,0.06719970703125,0.1884765625
1278,StrongVoices_22_25,0.0740966796875,0.0413818359375,0.006877899169921875,0.0182647705078125,0.0560302734375
1279,WomenWhoStutter_79_22,0.09771728515625,0.1041259765625,0.01016998291015625,0.02276611328125,0.42041015625
1280,StutterTalk_14_30,0.5673828125,0.1414794921875,0.052825927734375,0.0255584716796875,0.1015625
1281,StutterTalk_66_17,0.0310821533203125,0.1019287109375,0.0266571044921875,0.060638427734375,0.02752685546875
1282,StutterTalk_54_33,0.2010498046875,0.1396484375,0.045440673828125,0.193603515625,0.806640625
1283,HVSA_0_81,0.0274810791015625,0.05059814453125,0.0188751220703125,0.094482421875,0.1121826171875
1284,StrongVoices_31_12,0.046295166015625,0.0850830078125,0.01433563232421875,0.0189361572265625,0.018585205078125
1285,StrongVoices_23_241,0.63818359375,0.1754150390625,0.11181640625,0.0197601318359375,0.06646728515625
1286,StrongVoices_32_3,0.09686279296875,0.329833984375,0.09075927734375,0.05706787109375,0.2568359375
1287,StutterTalk_54_32,0.044097900390625,0.07781982421875,0.03155517578125,0.25341796875,0.159912109375
1288,StutterTalk_26_177,0.02508544921875,0.046112060546875,0.004665374755859375,0.0240936279296875,0.136962890625
1289,StutterTalk_23_32,0.029083251953125,0.10723876953125,0.00997161865234375,0.0219879150390625,0.03607177734375
1290,HVSA_1_138,0.06866455078125,0.07342529296875,0.018341064453125,0.033782958984375,0.08819580078125
1291,StutteringIsCool_33_33,0.056640625,0.06280517578125,0.0150146484375,0.0169830322265625,0.05126953125
1292,StrongVoices_28_19,0.1446533203125,0.09600830078125,0.010406494140625,0.00864410400390625,0.1279296875
1293,StutterTalk_58_25,0.0284881591796875,0.044281005859375,0.0115966796875,0.049957275390625,0.0810546875
1294,StrongVoices_21_40,0.04193115234375,0.09912109375,0.01433563232421875,0.05780029296875,0.177978515625
1295,StutterTalk_8_104,0.08868408203125,0.0633544921875,0.0199432373046875,0.032470703125,0.086181640625
1296,StutteringIsCool_1_14,0.025421142578125,0.053497314453125,0.00669097900390625,0.015777587890625,0.027374267578125
1297,WomenWhoStutter_20_38,0.15673828125,0.12213134765625,0.063232421875,0.1412353515625,0.336669921875
1298,StutterTalk_60_10,0.049041748046875,0.165283203125,0.0153656005859375,0.063232421875,0.712890625
1299,WomenWhoStutter_22_2,0.1923828125,0.1290283203125,0.022674560546875,0.03302001953125,0.4326171875
1300,StrongVoices_8_19,0.224609375,0.09637451171875,0.0233306884765625,0.0141143798828125,0.090576171875
1301,WomenWhoStutter_30_130,0.1964111328125,0.222412109375,0.06451416015625,0.03167724609375,0.11163330078125
1302,HeStutters_5_62,0.2032470703125,0.2213134765625,0.05975341796875,0.10321044921875,0.93896484375
1303,WomenWhoStutter_35_5,0.194091796875,0.08709716796875,0.0177154541015625,0.0472412109375,0.2274169921875
1304,StutterTalk_0_34,0.05419921875,0.059112548828125,0.0116424560546875,0.04217529296875,0.0273284912109375
1305,StrongVoices_5_11,0.058135986328125,0.2269287109375,0.034759521484375,0.02532958984375,0.0213623046875
1306,StrongVoices_12_13,0.02880859375,0.07806396484375,0.00757598876953125,0.0300445556640625,0.041778564453125
1307,StutteringIsCool_33_1,0.08270263671875,0.0455322265625,0.0118255615234375,0.021484375,0.1055908203125
1308,StrongVoices_23_211,0.0489501953125,0.2073974609375,0.027587890625,0.01262664794921875,0.05780029296875
1309,StutteringIsCool_23_20,0.1541748046875,0.047607421875,0.01512908935546875,0.03167724609375,0.1007080078125
1310,StutterTalk_64_165,0.047515869140625,0.07598876953125,0.0256195068359375,0.043609619140625,0.0753173828125
1311,WomenWhoStutter_96_177,0.400390625,0.2685546875,0.0966796875,0.1444091796875,0.204833984375
1312,WomenWhoStutter_87_91,0.07720947265625,0.09967041015625,0.0174407958984375,0.046478271484375,0.837890625
1313,StutteringIsCool_1_17,0.01229095458984375,0.07904052734375,0.0194244384765625,0.06646728515625,0.151611328125
1314,StrongVoices_32_186,0.10504150390625,0.1270751953125,0.00582122802734375,0.023468017578125,0.2012939453125
1315,StrongVoices_19_0,0.054107666015625,0.039947509765625,0.01267242431640625,0.01337432861328125,0.019012451171875
1316,WomenWhoStutter_90_7,0.06292724609375,0.256103515625,0.1611328125,0.316650390625,0.1314697265625
1317,WomenWhoStutter_15_38,0.151123046875,0.1392822265625,0.00690460205078125,0.022796630859375,0.414794921875
1318,StutteringIsCool_46_138,0.1231689453125,0.139404296875,0.01177978515625,0.01358795166015625,0.08538818359375
1319,StrongVoices_32_2,0.0830078125,0.1292724609375,0.050140380859375,0.0127716064453125,0.037689208984375
1320,HeStutters_5_57,0.194580078125,0.255859375,0.05718994140625,0.06915283203125,0.08154296875
1321,HeStutters_2_85,0.431640625,0.272705078125,0.193603515625,0.152099609375,0.1885986328125
1322,StutterTalk_59_5,0.07781982421875,0.109130859375,0.0255584716796875,0.061767578125,0.09979248046875
1323,StrongVoices_10_41,0.053985595703125,0.06243896484375,0.00916290283203125,0.04400634765625,0.06488037109375
1324,HVSA_2_17,0.08929443359375,0.355712890625,0.371826171875,0.0885009765625,0.0701904296875
1325,HVSA_0_76,0.20556640625,0.07891845703125,0.0100555419921875,0.0214080810546875,0.9453125
1326,MyStutteringLife_8_16,0.097900390625,0.296875,0.057586669921875,0.01495361328125,0.0190887451171875
1327,StrongVoices_28_23,0.1650390625,0.08740234375,0.0082550048828125,0.01085662841796875,0.239013671875
1328,StutteringIsCool_80_140,0.205078125,0.2130126953125,0.08050537109375,0.0280609130859375,0.27392578125
1329,StutterTalk_78_37,0.282470703125,0.07452392578125,0.01490020751953125,0.026763916015625,0.7158203125
1330,StutteringIsCool_38_13,0.0521240234375,0.143798828125,0.027008056640625,0.04296875,0.135498046875
1331,HVSA_0_40,0.173583984375,0.09857177734375,0.04296875,0.280517578125,0.6259765625
1332,StutteringIsCool_77_13,0.0604248046875,0.1644287109375,0.0322265625,0.0087432861328125,0.11297607421875
1333,StrongVoices_6_15,0.029754638671875,0.14453125,0.01214599609375,0.035675048828125,0.04327392578125
1334,WomenWhoStutter_69_33,0.127685546875,0.091064453125,0.01049041748046875,0.06982421875,0.75341796875
1335,StrongVoices_6_147,0.1639404296875,0.29638671875,0.1495361328125,0.08477783203125,0.1376953125
1336,StrongVoices_14_16,0.0809326171875,0.05975341796875,0.00397491455078125,0.01348114013671875,0.11517333984375
1337,WomenWhoStutter_87_138,0.2352294921875,0.06549072265625,0.0101318359375,0.0313720703125,0.8310546875
1338,WomenWhoStutter_97_161,0.06427001953125,0.131103515625,0.05633544921875,0.1971435546875,0.67529296875
1339,StutteringIsCool_29_34,0.01953125,0.04376220703125,0.01177978515625,0.037384033203125,0.06536865234375
1340,StrongVoices_23_137,0.8330078125,0.230224609375,0.1407470703125,0.0401611328125,0.1959228515625
1341,StutterTalk_16_38,0.097900390625,0.250244140625,0.1871337890625,0.03643798828125,0.0728759765625
1342,StutteringIsCool_1_7,0.0095977783203125,0.0726318359375,0.020599365234375,0.057586669921875,0.0244293212890625
1343,StutteringIsCool_55_12,0.026763916015625,0.23876953125,0.2022705078125,0.1636962890625,0.06768798828125
1344,StrongVoices_5_4,0.06671142578125,0.12200927734375,0.0186920166015625,0.018341064453125,0.01129150390625
1345,WomenWhoStutter_12_35,0.33935546875,0.29833984375,0.123779296875,0.0293121337890625,0.2257080078125
1346,StrongVoices_25_18,0.2047119140625,0.1466064453125,0.03289794921875,0.050140380859375,0.07904052734375
1347,StutterTalk_63_1,0.038330078125,0.05340576171875,0.018798828125,0.019683837890625,0.04638671875
1348,StutterTalk_22_5,0.043853759765625,0.10821533203125,0.06915283203125,0.30078125,0.1424560546875
1349,StrongVoices_10_54,0.437744140625,0.10723876953125,0.02191162109375,0.017242431640625,0.2322998046875
1350,HeStutters_5_7,0.0311431884765625,0.15478515625,0.034759521484375,0.1240234375,0.078369140625
1351,StrongVoices_6_64,0.036773681640625,0.1658935546875,0.01395416259765625,0.0282135009765625,0.03326416015625
1352,WomenWhoStutter_97_85,0.05633544921875,0.2032470703125,0.04046630859375,0.15673828125,0.6171875
1353,StutterTalk_24_1,0.091064453125,0.437255859375,0.1700439453125,0.06292724609375,0.09857177734375
1354,StrongVoices_23_63,0.2086181640625,0.193603515625,0.046630859375,0.0200653076171875,0.01467132568359375
1355,HVSA_0_116,0.070068359375,0.0849609375,0.021087646484375,0.06903076171875,0.59814453125
1356,HeStutters_2_204,0.1915283203125,0.3310546875,0.344970703125,0.05865478515625,0.0280609130859375
1357,HVSA_2_155,0.041778564453125,0.12286376953125,0.036285400390625,0.11920166015625,0.15234375
1358,StutterTalk_8_118,0.160400390625,0.1143798828125,0.06707763671875,0.060760498046875,0.1943359375
1359,StutteringIsCool_67_30,0.0738525390625,0.10540771484375,0.01395416259765625,0.034942626953125,0.88525390625
1360,StutterTalk_72_85,0.1796875,0.279541015625,0.3017578125,0.28515625,0.0765380859375
1361,StutterTalk_77_8,0.06585693359375,0.2322998046875,0.0634765625,0.0836181640625,0.07208251953125
1362,WomenWhoStutter_10_56,0.1898193359375,0.2188720703125,0.01490020751953125,0.009674072265625,0.134033203125
1363,StrongVoices_21_13,0.49267578125,0.1314697265625,0.06451416015625,0.044189453125,0.042236328125
1364,HVSA_3_23,0.09979248046875,0.255126953125,0.339111328125,0.0222930908203125,0.0161590576171875
1365,HVSA_2_143,0.056976318359375,0.1484375,0.06671142578125,0.4287109375,0.685546875
1366,StutteringIsCool_37_23,0.2125244140625,0.179443359375,0.0236968994140625,0.0345458984375,0.56396484375
1367,WomenWhoStutter_76_20,0.0171051025390625,0.10992431640625,0.0118255615234375,0.059539794921875,0.0823974609375
1368,HeStutters_12_73,0.037261962890625,0.299072265625,0.1922607421875,0.1671142578125,0.05780029296875
1369,StutterTalk_7_3,0.09552001953125,0.399169921875,0.3984375,0.3603515625,0.346435546875
1370,HeStutters_18_50,0.03662109375,0.287841796875,0.1331787109375,0.287353515625,0.11395263671875
1371,StutterTalk_72_83,0.06085205078125,0.097900390625,0.0185089111328125,0.09466552734375,0.344482421875
1372,StrongVoices_1_38,0.0188751220703125,0.164794921875,0.10211181640625,0.1663818359375,0.035064697265625
1373,WomenWhoStutter_87_32,0.0161590576171875,0.09320068359375,0.03143310546875,0.07366943359375,0.08880615234375
1374,StutterTalk_80_6,0.0214080810546875,0.09503173828125,0.018829345703125,0.0265045166015625,0.03204345703125
1375,StutterTalk_64_25,0.060211181640625,0.08648681640625,0.038970947265625,0.0489501953125,0.06756591796875
1376,StutteringIsCool_34_168,0.28125,0.1590576171875,0.081787109375,0.149169921875,0.89501953125
1377,StutteringIsCool_28_27,0.0296478271484375,0.11163330078125,0.0160980224609375,0.0177154541015625,0.037261962890625
1378,HeStutters_16_54,0.06817626953125,0.106689453125,0.0219879150390625,0.08251953125,0.273193359375
1379,StutterTalk_8_163,0.2393798828125,0.12432861328125,0.0802001953125,0.11163330078125,0.712890625
1380,StutterTalk_64_62,0.2037353515625,0.09619140625,0.041778564453125,0.05340576171875,0.91064453125
1381,WomenWhoStutter_17_24,0.12054443359375,0.41064453125,0.30419921875,0.11798095703125,0.0640869140625
1382,StrongVoices_6_27,0.10723876953125,0.28515625,0.038116455078125,0.1199951171875,0.75390625
1383,WomenWhoStutter_62_113,0.0728759765625,0.1527099609375,0.1510009765625,0.366943359375,0.55419921875
1384,StrongVoices_31_0,0.02386474609375,0.09967041015625,0.00885009765625,0.03131103515625,0.1673583984375
1385,StutterTalk_22_2,0.034423828125,0.2340087890625,0.095703125,0.1702880859375,0.1356201171875
1386,StutterTalk_8_7,0.0469970703125,0.07135009765625,0.0242767333984375,0.04046630859375,0.138427734375
1387,StutterTalk_59_6,0.2147216796875,0.07354736328125,0.0164031982421875,0.041839599609375,0.042022705078125
1388,StrongVoices_32_79,0.10595703125,0.244384765625,0.06646728515625,0.090087890625,0.6083984375
1389,StrongVoices_3_8,0.0316162109375,0.28125,0.037109375,0.06951904296875,0.2822265625
1390,MyStutteringLife_1_14,0.0509033203125,0.37060546875,0.171875,0.04217529296875,0.05340576171875
1391,StrongVoices_32_41,0.139892578125,0.1541748046875,0.01078033447265625,0.01337432861328125,0.029815673828125
1392,StrongVoices_12_39,0.075439453125,0.0784912109375,0.007694244384765625,0.01348114013671875,0.0250396728515625
1393,StrongVoices_26_17,0.64111328125,0.1417236328125,0.07489013671875,0.0872802734375,0.166015625
1394,StutterTalk_26_10,0.044342041015625,0.06951904296875,0.0221099853515625,0.06829833984375,0.070556640625
1395,StutteringIsCool_67_39,0.11993408203125,0.1873779296875,0.045013427734375,0.08038330078125,0.8525390625
1396,WomenWhoStutter_97_1,0.3935546875,0.1748046875,0.033477783203125,0.024139404296875,0.08538818359375
1397,HeStutters_7_17,0.2939453125,0.10125732421875,0.01056671142578125,0.01073455810546875,0.703125
1398,StutterTalk_32_39,0.046722412109375,0.09271240234375,0.0115509033203125,0.0216522216796875,0.016021728515625
1399,IStutterSoWhat_0_54,0.2352294921875,0.06524658203125,0.0228424072265625,0.0209197998046875,0.028106689453125
1400,StrongVoices_1_21,0.242919921875,0.11553955078125,0.0191650390625,0.0066680908203125,0.0302734375
1401,HVSA_2_181,0.09771728515625,0.31591796875,0.257568359375,0.11358642578125,0.2493896484375
1402,MyStutteringLife_25_28,0.1104736328125,0.080078125,0.006824493408203125,0.01036834716796875,0.0333251953125
1403,StrongVoices_19_14,0.11474609375,0.070556640625,0.059967041015625,0.061309814453125,0.049591064453125
1404,StutterTalk_26_94,0.0258636474609375,0.2314453125,0.0259552001953125,0.033966064453125,0.09283447265625
1405,StutteringIsCool_33_35,0.036163330078125,0.1324462890625,0.12054443359375,0.377197265625,0.4208984375
1406,HVSA_0_1,0.188232421875,0.04876708984375,0.006744384765625,0.0304412841796875,0.4921875
1407,StutterTalk_49_23,0.25341796875,0.2239990234375,0.046905517578125,0.1402587890625,0.1177978515625
1408,StutteringIsCool_81_2,0.109130859375,0.0762939453125,0.021575927734375,0.033660888671875,0.039642333984375
1409,StutterTalk_18_34,0.06597900390625,0.11065673828125,0.057586669921875,0.04351806640625,0.0222930908203125
1410,StrongVoices_14_25,0.0310821533203125,0.0743408203125,0.0164642333984375,0.03662109375,0.029815673828125
1411,HVSA_2_14,0.423583984375,0.244384765625,0.389892578125,0.0604248046875,0.08758544921875
1412,StrongVoices_11_8,0.1448974609375,0.147705078125,0.09283447265625,0.10430908203125,0.464599609375
1413,StutterTalk_9_35,0.32861328125,0.21142578125,0.28857421875,0.1959228515625,0.06512451171875
1414,StrongVoices_17_33,0.2445068359375,0.258056640625,0.041839599609375,0.0271148681640625,0.0631103515625
1415,MyStutteringLife_38_6,0.04534912109375,0.0753173828125,0.01337432861328125,0.026458740234375,0.07684326171875
1416,WomenWhoStutter_17_32,0.12066650390625,0.1993408203125,0.021697998046875,0.0472412109375,0.7265625
1417,StrongVoices_8_15,0.0413818359375,0.0809326171875,0.01287078857421875,0.01678466796875,0.034423828125
1418,WomenWhoStutter_81_127,0.0823974609375,0.403564453125,0.1436767578125,0.04168701171875,0.1705322265625
1419,StrongVoices_21_182,0.08447265625,0.1610107421875,0.08270263671875,0.0374755859375,0.036895751953125
1420,StutterTalk_72_155,0.03802490234375,0.1402587890625,0.0631103515625,0.24658203125,0.17578125
1421,StutteringIsCool_38_30,0.0987548828125,0.047088623046875,0.0087127685546875,0.01837158203125,0.1427001953125
1422,StutterTalk_8_145,0.055206298828125,0.1239013671875,0.10595703125,0.073974609375,0.03839111328125
1423,HeStutters_18_130,0.331298828125,0.0699462890625,0.0238189697265625,0.06427001953125,0.3466796875
1424,StutterTalk_37_182,0.035003662109375,0.0504150390625,0.0125274658203125,0.044921875,0.0455322265625
1425,StutteringIsCool_80_101,0.05291748046875,0.09222412109375,0.017913818359375,0.042724609375,0.04931640625
1426,StutterTalk_72_10,0.0284881591796875,0.12646484375,0.0276947021484375,0.1265869140625,0.133056640625
1427,StutterTalk_76_11,0.0455322265625,0.05072021484375,0.0074310302734375,0.06732177734375,0.05987548828125
1428,WomenWhoStutter_83_32,0.047515869140625,0.22802734375,0.057281494140625,0.1845703125,0.339111328125
1429,StutterTalk_26_36,0.017852783203125,0.05633544921875,0.01146697998046875,0.0379638671875,0.0352783203125
1430,HVSA_2_162,0.1478271484375,0.343994140625,0.0885009765625,0.0265045166015625,0.1734619140625
1431,StutteringIsCool_64_29,0.0301055908203125,0.1368408203125,0.0457763671875,0.1409912109375,0.061187744140625
1432,StutteringIsCool_44_4,0.2218017578125,0.1527099609375,0.0165252685546875,0.01983642578125,0.10540771484375
1433,HeStutters_11_163,0.0187225341796875,0.05706787109375,0.012054443359375,0.08587646484375,0.13818359375
1434,MyStutteringLife_5_34,0.03955078125,0.1717529296875,0.046722412109375,0.06512451171875,0.034088134765625
1435,WomenWhoStutter_37_12,0.052032470703125,0.312255859375,0.1104736328125,0.047332763671875,0.1983642578125
1436,StutterTalk_16_34,0.05560302734375,0.19580078125,0.086181640625,0.06097412109375,0.72802734375
1437,StrongVoices_19_10,0.1500244140625,0.08331298828125,0.0283355712890625,0.0699462890625,0.8623046875
1438,StutterTalk_15_18,0.137939453125,0.2086181640625,0.03839111328125,0.021331787109375,0.0391845703125
1439,IStutterSoWhat_3_120,0.2418212890625,0.20849609375,0.21484375,0.1815185546875,0.033599853515625
1440,StutterTalk_26_98,0.0982666015625,0.275634765625,0.150390625,0.325927734375,0.69140625
1441,StutterTalk_69_6,0.089111328125,0.1285400390625,0.0119171142578125,0.01406097412109375,0.06524658203125
1442,StrongVoices_6_60,0.075439453125,0.1478271484375,0.0200653076171875,0.019989013671875,0.024932861328125
1443,StrongVoices_21_157,0.018096923828125,0.047607421875,0.015716552734375,0.0489501953125,0.023284912109375
1444,HeStutters_2_170,0.0283355712890625,0.06719970703125,0.01507568359375,0.042724609375,0.049774169921875
1445,MyStutteringLife_38_39,0.2548828125,0.06817626953125,0.017181396484375,0.0137939453125,0.169189453125
1446,StutteringIsCool_81_32,0.06304931640625,0.042816162109375,0.00634002685546875,0.0167236328125,0.06866455078125
1447,StutterTalk_62_32,0.10321044921875,0.08270263671875,0.0129241943359375,0.0391845703125,0.10211181640625
1448,WomenWhoStutter_102_29,0.0379638671875,0.157470703125,0.027374267578125,0.05023193359375,0.05865478515625
1449,StrongVoices_23_203,0.345947265625,0.13818359375,0.040374755859375,0.00731658935546875,0.043121337890625
1450,HeStutters_12_71,0.046539306640625,0.296142578125,0.2034912109375,0.05145263671875,0.0287628173828125
1451,IStutterSoWhat_3_145,0.11199951171875,0.1925048828125,0.03662109375,0.052825927734375,0.492919921875
1452,StutterTalk_8_2,0.10211181640625,0.11578369140625,0.08050537109375,0.124755859375,0.420166015625
1453,StutteringIsCool_23_38,0.045196533203125,0.11578369140625,0.042083740234375,0.11102294921875,0.05780029296875
1454,MyStutteringLife_0_27,0.0872802734375,0.1358642578125,0.06854248046875,0.0999755859375,0.490478515625
1455,StutterTalk_1_29,0.4482421875,0.11737060546875,0.0263519287109375,0.03143310546875,0.0504150390625
1456,StutterTalk_8_15,0.08990478515625,0.04168701171875,0.0202178955078125,0.0192718505859375,0.06646728515625
1457,StutterTalk_8_115,0.0869140625,0.10760498046875,0.06268310546875,0.1776123046875,0.485595703125
1458,StrongVoices_6_121,0.161865234375,0.26123046875,0.034881591796875,0.061187744140625,0.09283447265625
1459,WomenWhoStutter_12_12,0.03265380859375,0.052520751953125,0.0137939453125,0.0303802490234375,0.06854248046875
1460,IStutterSoWhat_3_12,0.09515380859375,0.115966796875,0.016021728515625,0.0535888671875,0.923828125
1461,StutterTalk_37_128,0.06536865234375,0.07501220703125,0.05889892578125,0.18603515625,0.105224609375
1462,MyStutteringLife_0_30,0.06683349609375,0.1094970703125,0.1202392578125,0.07611083984375,0.052703857421875
1463,StrongVoices_21_152,0.1748046875,0.262939453125,0.1300048828125,0.1318359375,0.29736328125
1464,StrongVoices_23_61,0.2440185546875,0.21484375,0.02215576171875,0.0135345458984375,0.07611083984375
1465,StrongVoices_5_23,0.1077880859375,0.388427734375,0.08770751953125,0.034088134765625,0.0224609375
1466,StutteringIsCool_14_31,0.0638427734375,0.0582275390625,0.0187225341796875,0.018798828125,0.146728515625
1467,StutterTalk_59_24,0.011962890625,0.0751953125,0.0212860107421875,0.0546875,0.050506591796875
1468,WomenWhoStutter_33_6,0.0633544921875,0.19873046875,0.02288818359375,0.04510498046875,0.359130859375
1469,StrongVoices_23_62,0.1619873046875,0.467529296875,0.2548828125,0.05633544921875,0.0294189453125
1470,StrongVoices_33_22,0.2093505859375,0.165771484375,0.02630615234375,0.0125732421875,0.08404541015625
1471,StrongVoices_21_184,0.064208984375,0.11358642578125,0.0129241943359375,0.033721923828125,0.449462890625
1472,StutteringIsCool_80_184,0.03753662109375,0.09222412109375,0.03448486328125,0.043212890625,0.0137939453125
1473,HVSA_0_105,0.46435546875,0.0975341796875,0.0299224853515625,0.0167236328125,0.07183837890625
1474,StutteringIsCool_46_189,0.0738525390625,0.1104736328125,0.01395416259765625,0.051666259765625,0.91015625
1475,StrongVoices_32_5,0.132080078125,0.1370849609375,0.012054443359375,0.007289886474609375,0.09503173828125
1476,StrongVoices_23_92,0.28857421875,0.1688232421875,0.034881591796875,0.01495361328125,0.022674560546875
1477,StrongVoices_3_14,0.10858154296875,0.182373046875,0.01512908935546875,0.0295867919921875,0.050323486328125
1478,StutterTalk_37_105,0.251953125,0.140625,0.085693359375,0.047607421875,0.033905029296875
1479,WomenWhoStutter_48_24,0.04327392578125,0.212890625,0.1248779296875,0.057708740234375,0.04132080078125
1480,HeStutters_19_147,0.1400146484375,0.27490234375,0.061431884765625,0.04010009765625,0.09332275390625
1481,HeStutters_17_6,0.06585693359375,0.196044921875,0.1737060546875,0.1590576171875,0.1737060546875
1482,HeStutters_11_206,0.06561279296875,0.2242431640625,0.134765625,0.15478515625,0.04168701171875
1483,WomenWhoStutter_62_154,0.044189453125,0.1905517578125,0.127685546875,0.376953125,0.48046875
1484,WomenWhoStutter_2_16,0.14697265625,0.248046875,0.017852783203125,0.0341796875,0.365234375
1485,StrongVoices_21_127,0.16748046875,0.132568359375,0.0165252685546875,0.02532958984375,0.044769287109375
1486,StutterTalk_1_35,0.053985595703125,0.348876953125,0.278076171875,0.20263671875,0.0999755859375
1487,WomenWhoStutter_12_25,0.0531005859375,0.086181640625,0.01049041748046875,0.04638671875,0.7705078125
1488,StutteringIsCool_38_9,0.25439453125,0.1033935546875,0.014556884765625,0.018341064453125,0.292724609375
1489,HeStutters_5_56,0.058013916015625,0.120849609375,0.046539306640625,0.351318359375,0.67724609375
1490,StrongVoices_0_17,0.187744140625,0.2271728515625,0.030853271484375,0.01560211181640625,0.027069091796875
1491,StrongVoices_11_28,0.0323486328125,0.1474609375,0.079345703125,0.07708740234375,0.0238189697265625
1492,StutterTalk_78_27,0.046112060546875,0.243408203125,0.033538818359375,0.10614013671875,0.57080078125
1493,WomenWhoStutter_10_122,0.062225341796875,0.2044677734375,0.0439453125,0.037811279296875,0.0352783203125
1494,StutterTalk_49_5,0.2734375,0.10968017578125,0.0153656005859375,0.03314208984375,0.1368408203125
1495,HVSA_3_31,0.462890625,0.244140625,0.2587890625,0.0274810791015625,0.06817626953125
1496,StrongVoices_8_2,0.089599609375,0.140380859375,0.0119171142578125,0.0177764892578125,0.1915283203125
1497,StutterTalk_8_100,0.0762939453125,0.06500244140625,0.054107666015625,0.054595947265625,0.142333984375
1498,StrongVoices_7_25,0.08929443359375,0.11297607421875,0.008514404296875,0.00905609130859375,0.038543701171875
1499,StrongVoices_25_31,0.310791015625,0.27880859375,0.10687255859375,0.042633056640625,0.42041015625
1500,WomenWhoStutter_86_143,0.06475830078125,0.187744140625,0.0280609130859375,0.12890625,0.91357421875
1501,StrongVoices_10_96,0.0738525390625,0.10302734375,0.06097412109375,0.1390380859375,0.10089111328125
1502,WomenWhoStutter_35_16,0.060760498046875,0.319580078125,0.39306640625,0.038238525390625,0.120849609375
1503,StutterTalk_7_18,0.045867919921875,0.046112060546875,0.00891876220703125,0.025421142578125,0.037811279296875
1504,HVSA_3_208,0.07464599609375,0.2919921875,0.35693359375,0.285888671875,0.09185791015625
1505,WomenWhoStutter_2_108,0.204345703125,0.1195068359375,0.0206451416015625,0.015899658203125,0.0167236328125
1506,StutteringIsCool_1_10,0.0141143798828125,0.06878662109375,0.0083465576171875,0.0241851806640625,0.03228759765625
1507,StutterTalk_18_25,0.044525146484375,0.12103271484375,0.06793212890625,0.1268310546875,0.040771484375
1508,HeStutters_17_9,0.05389404296875,0.09185791015625,0.0215301513671875,0.0240478515625,0.03271484375
1509,StrongVoices_19_12,0.2493896484375,0.045196533203125,0.0058441162109375,0.019195556640625,0.430419921875
1510,StutteringIsCool_80_99,0.0880126953125,0.06671142578125,0.009674072265625,0.02056884765625,0.09173583984375
1511,StutterTalk_59_9,0.0237274169921875,0.10467529296875,0.0119171142578125,0.0784912109375,0.242431640625
1512,HVSA_0_56,0.09912109375,0.2017822265625,0.0517578125,0.05792236328125,0.1884765625
1513,HeStutters_18_154,0.1904296875,0.10107421875,0.0087432861328125,0.0300445556640625,0.049041748046875
1514,WomenWhoStutter_108_27,0.02484130859375,0.0762939453125,0.010986328125,0.0411376953125,0.1815185546875
1515,StutteringIsCool_44_24,0.1199951171875,0.090087890625,0.018829345703125,0.05987548828125,0.1776123046875
1516,MyStutteringLife_5_21,0.0296478271484375,0.19775390625,0.04486083984375,0.0504150390625,0.02532958984375
1517,MyStutteringLife_16_0,0.0261993408203125,0.3125,0.290771484375,0.10931396484375,0.044525146484375
1518,HeStutters_5_175,0.12158203125,0.281494140625,0.603515625,0.057373046875,0.045684814453125
1519,StrongVoices_10_160,0.08062744140625,0.135498046875,0.0743408203125,0.217529296875,0.447509765625
1520,StutterTalk_29_8,0.027740478515625,0.100341796875,0.0069580078125,0.0219879150390625,0.122314453125
1521,StrongVoices_29_16,0.046112060546875,0.08660888671875,0.00905609130859375,0.04351806640625,0.11102294921875
1522,StutteringIsCool_81_1,0.0548095703125,0.036895751953125,0.00766754150390625,0.06524658203125,0.059326171875
1523,StutteringIsCool_84_35,0.0174407958984375,0.03533935546875,0.00809478759765625,0.0167236328125,0.0305023193359375
1524,HVSA_0_97,0.07318115234375,0.229248046875,0.07586669921875,0.0200653076171875,0.093505859375
1525,MyStutteringLife_5_6,0.015716552734375,0.17236328125,0.0999755859375,0.0889892578125,0.0287017822265625
1526,StrongVoices_23_209,0.0323486328125,0.115966796875,0.02191162109375,0.047149658203125,0.0938720703125
1527,StrongVoices_12_36,0.0278472900390625,0.145751953125,0.015838623046875,0.054412841796875,0.08062744140625
1528,WomenWhoStutter_102_39,0.04083251953125,0.06658935546875,0.011962890625,0.039794921875,0.10894775390625
1529,StutteringIsCool_56_17,0.0217437744140625,0.0855712890625,0.0216522216796875,0.07501220703125,0.06793212890625
1530,HeStutters_19_77,0.10015869140625,0.1231689453125,0.02630615234375,0.09771728515625,0.8525390625
1531,StrongVoices_7_20,0.06951904296875,0.31591796875,0.04345703125,0.0260009765625,0.126953125
1532,StrongVoices_10_190,0.560546875,0.132568359375,0.038330078125,0.058990478515625,0.2265625
1533,WomenWhoStutter_28_27,0.2398681640625,0.087890625,0.021575927734375,0.042083740234375,0.060211181640625
1534,StutterTalk_64_132,0.2318115234375,0.12176513671875,0.035003662109375,0.07611083984375,0.393310546875
1535,StutterTalk_8_63,0.185791015625,0.2529296875,0.287109375,0.40576171875,0.25341796875
1536,StrongVoices_10_128,0.1864013671875,0.09503173828125,0.016021728515625,0.03338623046875,0.2578125
1537,HVSA_1_166,0.052703857421875,0.27001953125,0.1397705078125,0.07421875,0.18359375
1538,StrongVoices_7_24,0.06231689453125,0.06854248046875,0.0243377685546875,0.062103271484375,0.051666259765625
1539,IStutterSoWhat_0_38,0.080810546875,0.11993408203125,0.0460205078125,0.12420654296875,0.280517578125
1540,StutterTalk_8_50,0.07476806640625,0.07208251953125,0.011688232421875,0.059661865234375,0.67529296875
1541,MyStutteringLife_25_10,0.1015625,0.1807861328125,0.056976318359375,0.0966796875,0.755859375
1542,StrongVoices_6_0,0.09283447265625,0.152099609375,0.03790283203125,0.044586181640625,0.0311431884765625
1543,StutterTalk_10_34,0.095703125,0.0546875,0.023651123046875,0.06396484375,0.03656005859375
1544,StrongVoices_6_101,0.375732421875,0.241455078125,0.1627197265625,0.0230255126953125,0.024932861328125
1545,StrongVoices_21_136,0.09967041015625,0.1673583984375,0.040374755859375,0.058349609375,0.68115234375
1546,StutterTalk_14_5,0.1812744140625,0.1177978515625,0.02508544921875,0.07989501953125,0.953125
1547,StutterTalk_13_23,0.137939453125,0.0740966796875,0.0121917724609375,0.041473388671875,0.057373046875
1548,StrongVoices_23_133,0.2203369140625,0.2401123046875,0.021820068359375,0.01242828369140625,0.2264404296875
1549,StutterTalk_64_148,0.2069091796875,0.091552734375,0.071044921875,0.1728515625,0.14794921875
1550,WomenWhoStutter_81_47,0.07318115234375,0.089111328125,0.007843017578125,0.070556640625,0.40869140625
1551,WomenWhoStutter_2_75,0.06719970703125,0.06243896484375,0.0131683349609375,0.04046630859375,0.09619140625
1552,MyStutteringLife_25_24,0.0265045166015625,0.07879638671875,0.007965087890625,0.01666259765625,0.06268310546875
1553,HeStutters_5_60,0.2386474609375,0.3037109375,0.0885009765625,0.254150390625,0.6533203125
1554,StrongVoices_0_24,0.0241851806640625,0.134765625,0.0302734375,0.047882080078125,0.0212860107421875
1555,WomenWhoStutter_42_204,0.2452392578125,0.30126953125,0.11419677734375,0.08758544921875,0.047698974609375
1556,WomenWhoStutter_87_2,0.0192413330078125,0.1533203125,0.1231689453125,0.2327880859375,0.11181640625
1557,WomenWhoStutter_108_0,0.09320068359375,0.2095947265625,0.0225067138671875,0.015899658203125,0.10760498046875
1558,StutterTalk_8_126,0.03948974609375,0.1380615234375,0.1153564453125,0.1502685546875,0.0521240234375
1559,HVSA_2_197,0.1632080078125,0.157958984375,0.05242919921875,0.0894775390625,0.360107421875
1560,HeStutters_16_2,0.12213134765625,0.1419677734375,0.0194549560546875,0.09234619140625,0.65478515625
1561,WomenWhoStutter_30_98,0.1318359375,0.22216796875,0.07330322265625,0.0240478515625,0.1263427734375
1562,StutterTalk_52_22,0.179931640625,0.199951171875,0.029876708984375,0.01116180419921875,0.0192413330078125
1563,StutterTalk_64_193,0.10968017578125,0.1416015625,0.1202392578125,0.08270263671875,0.083740234375
1564,HVSA_3_6,0.10687255859375,0.40576171875,0.681640625,0.168701171875,0.10284423828125
1565,WomenWhoStutter_22_4,0.06719970703125,0.23779296875,0.1497802734375,0.038543701171875,0.07489013671875
1566,StutteringIsCool_1_20,0.6142578125,0.156982421875,0.035614013671875,0.0238189697265625,0.360107421875
1567,WomenWhoStutter_30_124,0.08135986328125,0.11737060546875,0.009124755859375,0.009521484375,0.0232391357421875
1568,StutterTalk_30_26,0.103759765625,0.4580078125,0.497802734375,0.2259521484375,0.1474609375
1569,StrongVoices_10_14,0.266845703125,0.09722900390625,0.02288818359375,0.039337158203125,0.10052490234375
1570,StutterTalk_72_156,0.1693115234375,0.189697265625,0.027008056640625,0.0345458984375,0.039703369140625
1571,StutterTalk_18_19,0.03302001953125,0.1583251953125,0.026458740234375,0.025909423828125,0.0259552001953125
1572,HVSA_1_169,0.2646484375,0.171875,0.030731201171875,0.027740478515625,0.86083984375
1573,HVSA_2_31,0.0633544921875,0.2626953125,0.368896484375,0.260498046875,0.17138671875
1574,HeStutters_12_59,0.0982666015625,0.20068359375,0.040679931640625,0.03521728515625,0.247802734375
1575,StutterTalk_25_167,0.07489013671875,0.17578125,0.1893310546875,0.294677734375,0.1580810546875
1576,StutterTalk_68_119,0.138916015625,0.179443359375,0.04345703125,0.0142822265625,0.10931396484375
1577,HeStutters_12_125,0.05706787109375,0.26025390625,0.11419677734375,0.181884765625,0.1866455078125
1578,StutteringIsCool_38_29,0.1683349609375,0.0869140625,0.049224853515625,0.0276336669921875,0.0185089111328125
1579,WomenWhoStutter_49_23,0.08709716796875,0.4111328125,0.50732421875,0.1942138671875,0.07696533203125
1580,WomenWhoStutter_63_13,0.11737060546875,0.11993408203125,0.01312255859375,0.030670166015625,0.055938720703125
1581,WomenWhoStutter_10_194,0.0701904296875,0.12335205078125,0.0161590576171875,0.015899658203125,0.042816162109375
1582,WomenWhoStutter_105_2,0.03662109375,0.267333984375,0.07305908203125,0.0274810791015625,0.048309326171875
1583,WomenWhoStutter_55_1,0.07891845703125,0.0982666015625,0.02691650390625,0.062225341796875,0.487060546875
1584,WomenWhoStutter_76_29,0.06927490234375,0.1959228515625,0.036895751953125,0.0219879150390625,0.0256195068359375
1585,StutterTalk_58_4,0.07861328125,0.224853515625,0.1697998046875,0.39453125,0.6396484375
1586,WomenWhoStutter_87_140,0.0276336669921875,0.2086181640625,0.06683349609375,0.09930419921875,0.30859375
1587,StutteringIsCool_29_33,0.037261962890625,0.12139892578125,0.07135009765625,0.11676025390625,0.09368896484375
1588,WomenWhoStutter_17_28,0.044525146484375,0.054901123046875,0.0059356689453125,0.01422882080078125,0.0364990234375
1589,HeStutters_11_32,0.04168701171875,0.191650390625,0.06573486328125,0.08538818359375,0.03594970703125
1590,HeStutters_2_206,0.054595947265625,0.1820068359375,0.03326416015625,0.03021240234375,0.01262664794921875
1591,StutterTalk_60_18,0.070068359375,0.2349853515625,0.25439453125,0.27685546875,0.353271484375
1592,HVSA_1_152,0.018341064453125,0.10760498046875,0.045684814453125,0.081787109375,0.05450439453125
1593,HeStutters_17_22,0.146484375,0.1976318359375,0.050048828125,0.017242431640625,0.0384521484375
1594,HVSA_3_204,0.07989501953125,0.2763671875,0.326171875,0.0548095703125,0.0943603515625
1595,WomenWhoStutter_96_57,0.1468505859375,0.24365234375,0.183349609375,0.31591796875,0.767578125
1596,StrongVoices_11_35,0.337158203125,0.09930419921875,0.0345458984375,0.0634765625,0.87060546875
1597,StutteringIsCool_80_186,0.0880126953125,0.055419921875,0.006439208984375,0.042877197265625,0.09332275390625
1598,HVSA_2_3,0.1385498046875,0.0889892578125,0.019195556640625,0.03582763671875,0.69970703125
1599,StutterTalk_22_32,0.0216522216796875,0.2203369140625,0.056976318359375,0.059967041015625,0.1705322265625
1600,MyStutteringLife_19_23,0.023773193359375,0.12890625,0.01384735107421875,0.02203369140625,0.0255584716796875
1601,StutterTalk_37_23,0.0282745361328125,0.0740966796875,0.03460693359375,0.092529296875,0.0230255126953125
1602,StutteringIsCool_46_0,0.147705078125,0.162109375,0.043609619140625,0.1019287109375,0.9404296875
1603,StutterTalk_8_153,0.058013916015625,0.182861328125,0.1812744140625,0.1795654296875,0.0531005859375
1604,StrongVoices_21_87,0.1083984375,0.08197021484375,0.0225372314453125,0.054595947265625,0.443359375
1605,WomenWhoStutter_69_4,0.1083984375,0.082275390625,0.0150146484375,0.07421875,0.8017578125
1606,WomenWhoStutter_86_138,0.04876708984375,0.11553955078125,0.0099334716796875,0.0638427734375,0.7119140625
1607,WomenWhoStutter_90_8,0.165283203125,0.30712890625,0.153564453125,0.282958984375,0.83447265625
1608,WomenWhoStutter_81_7,0.049591064453125,0.11029052734375,0.0167236328125,0.0125732421875,0.045440673828125
1609,MyStutteringLife_8_0,0.05889892578125,0.263671875,0.10968017578125,0.291015625,0.11419677734375
1610,WomenWhoStutter_96_22,0.0279541015625,0.2509765625,0.1585693359375,0.4609375,0.1624755859375
1611,IStutterSoWhat_3_44,0.070068359375,0.060516357421875,0.022796630859375,0.033966064453125,0.048492431640625
1612,WomenWhoStutter_14_78,0.2265625,0.376220703125,0.276611328125,0.07171630859375,0.12347412109375
1613,StutterTalk_64_161,0.71337890625,0.12213134765625,0.09844970703125,0.06878662109375,0.0809326171875
1614,StutterTalk_26_23,0.0305023193359375,0.058013916015625,0.008514404296875,0.026763916015625,0.04217529296875
1615,WomenWhoStutter_21_23,0.1549072265625,0.12445068359375,0.0163421630859375,0.018402099609375,0.027740478515625
1616,WomenWhoStutter_49_6,0.04876708984375,0.0802001953125,0.015838623046875,0.0218658447265625,0.1341552734375
1617,StutteringIsCool_1_3,0.06475830078125,0.27099609375,0.26806640625,0.1834716796875,0.58203125
1618,StrongVoices_7_37,0.0740966796875,0.060760498046875,0.00806427001953125,0.07586669921875,0.5146484375
1619,HVSA_3_92,0.11199951171875,0.369384765625,0.37841796875,0.138671875,0.51513671875
1620,StrongVoices_32_161,0.374755859375,0.1739501953125,0.027374267578125,0.01029205322265625,0.11279296875
1621,StutteringIsCool_34_128,0.46337890625,0.2257080078125,0.13720703125,0.1114501953125,0.72216796875
1622,StrongVoices_8_35,0.04193115234375,0.1287841796875,0.0169830322265625,0.03277587890625,0.10211181640625
1623,WomenWhoStutter_96_10,0.06829833984375,0.315185546875,0.06268310546875,0.0313720703125,0.0234222412109375
1624,HeStutters_18_206,0.262451171875,0.1483154296875,0.07574462890625,0.132080078125,0.61083984375
1625,StrongVoices_10_156,0.2362060546875,0.3154296875,0.1988525390625,0.2247314453125,0.1661376953125
1626,WomenWhoStutter_30_157,0.053314208984375,0.04931640625,0.006439208984375,0.0141754150390625,0.075439453125
1627,HeStutters_16_10,0.03948974609375,0.1153564453125,0.0182342529296875,0.055206298828125,0.0411376953125
1628,StrongVoices_32_135,0.06756591796875,0.130615234375,0.024932861328125,0.0215301513671875,0.059112548828125
1629,StrongVoices_9_17,0.0970458984375,0.216552734375,0.021240234375,0.0261077880859375,0.10821533203125
1630,HVSA_2_177,0.57470703125,0.280029296875,0.349365234375,0.059326171875,0.268310546875
1631,IStutterSoWhat_0_62,0.1473388671875,0.12359619140625,0.02386474609375,0.0167236328125,0.04510498046875
1632,HeStutters_2_140,0.2080078125,0.1787109375,0.055419921875,0.0137939453125,0.05780029296875
1633,StutterTalk_8_49,0.043701171875,0.0546875,0.021575927734375,0.0616455078125,0.1114501953125
1634,WomenWhoStutter_28_17,0.1259765625,0.2958984375,0.042633056640625,0.03155517578125,0.10174560546875
1635,StrongVoices_0_23,0.50048828125,0.12274169921875,0.07196044921875,0.0240478515625,0.05194091796875
1636,HeStutters_18_48,0.034027099609375,0.262939453125,0.07794189453125,0.09967041015625,0.058441162109375
1637,StrongVoices_23_217,0.286376953125,0.2890625,0.08209228515625,0.04168701171875,0.30859375
1638,IStutterSoWhat_0_106,0.0469970703125,0.24560546875,0.0889892578125,0.035675048828125,0.045196533203125
1639,StrongVoices_4_19,0.01282501220703125,0.1083984375,0.0213623046875,0.044342041015625,0.05718994140625
1640,WomenWhoStutter_97_170,0.1719970703125,0.2822265625,0.09283447265625,0.16845703125,0.89892578125
1641,WomenWhoStutter_87_139,0.08709716796875,0.118408203125,0.036773681640625,0.07611083984375,0.4404296875
1642,StutterTalk_37_131,0.1041259765625,0.077392578125,0.04803466796875,0.07452392578125,0.65234375
1643,WomenWhoStutter_20_8,0.078369140625,0.2401123046875,0.196044921875,0.0704345703125,0.031494140625
1644,StutteringIsCool_79_26,0.10302734375,0.4091796875,0.2822265625,0.0830078125,0.03912353515625
1645,StutterTalk_68_10,0.056854248046875,0.1370849609375,0.021087646484375,0.05560302734375,0.447265625
1646,StutterTalk_79_37,0.03436279296875,0.070068359375,0.008514404296875,0.04083251953125,0.165283203125
1647,StutteringIsCool_80_167,0.0287017822265625,0.07196044921875,0.0141754150390625,0.055511474609375,0.09893798828125
1648,WomenWhoStutter_97_4,0.0517578125,0.274169921875,0.10821533203125,0.232666015625,0.2349853515625
1649,IStutterSoWhat_0_99,0.303955078125,0.2139892578125,0.06610107421875,0.1187744140625,0.8935546875
1650,HVSA_2_114,0.05511474609375,0.343994140625,0.204833984375,0.0728759765625,0.151123046875
1651,StutteringIsCool_49_32,0.204345703125,0.150390625,0.0289306640625,0.058563232421875,0.36474609375
1652,StutteringIsCool_38_4,0.021209716796875,0.18798828125,0.046905517578125,0.06964111328125,0.10614013671875
1653,StutterTalk_37_125,0.050140380859375,0.06719970703125,0.0213623046875,0.093017578125,0.034698486328125
1654,StutterTalk_64_89,0.1798095703125,0.1744384765625,0.251220703125,0.043212890625,0.03704833984375
1655,MyStutteringLife_25_5,0.018646240234375,0.1778564453125,0.046478271484375,0.04803466796875,0.07977294921875
1656,StrongVoices_9_16,0.161865234375,0.0439453125,0.007175445556640625,0.0083770751953125,0.05975341796875
1657,StutteringIsCool_43_19,0.08929443359375,0.18408203125,0.308837890625,0.449951171875,0.369873046875
1658,WomenWhoStutter_2_101,0.0869140625,0.07330322265625,0.01056671142578125,0.03753662109375,0.1497802734375
1659,WomenWhoStutter_76_22,0.050140380859375,0.1453857421875,0.0215301513671875,0.044769287109375,0.0236968994140625
1660,StutteringIsCool_34_170,0.050323486328125,0.1251220703125,0.011871337890625,0.0704345703125,0.65869140625
1661,WomenWhoStutter_12_7,0.0802001953125,0.196533203125,0.037750244140625,0.0189056396484375,0.03277587890625
1662,StrongVoices_18_32,0.05889892578125,0.1669921875,0.0219879150390625,0.0235595703125,0.0269622802734375
1663,IStutterSoWhat_3_82,0.1905517578125,0.37353515625,0.74072265625,0.391845703125,0.1357421875
1664,WomenWhoStutter_8_5,0.091064453125,0.33447265625,0.07666015625,0.019195556640625,0.147705078125
1665,HVSA_2_42,0.28466796875,0.11962890625,0.16162109375,0.09234619140625,0.318603515625
1666,WomenWhoStutter_86_14,0.1424560546875,0.1549072265625,0.014556884765625,0.043853759765625,0.87841796875
1667,HeStutters_11_31,0.1441650390625,0.1654052734375,0.06292724609375,0.249755859375,0.88427734375
1668,StutteringIsCool_14_23,0.0416259765625,0.07501220703125,0.043212890625,0.03607177734375,0.10430908203125
1669,WomenWhoStutter_30_126,0.08331298828125,0.049957275390625,0.00453948974609375,0.01322174072265625,0.08154296875
1670,WomenWhoStutter_22_25,0.053497314453125,0.12646484375,0.031494140625,0.0261993408203125,0.0208892822265625
1671,StutterTalk_3_16,0.042633056640625,0.27587890625,0.0709228515625,0.017913818359375,0.0386962890625
1672,StrongVoices_6_66,0.07794189453125,0.254150390625,0.03436279296875,0.01306915283203125,0.0231475830078125
1673,WomenWhoStutter_97_199,0.07891845703125,0.275390625,0.1651611328125,0.2900390625,0.145263671875
1674,HVSA_2_0,0.057708740234375,0.1766357421875,0.149658203125,0.1358642578125,0.12127685546875
1675,StrongVoices_32_148,0.436767578125,0.2230224609375,0.04443359375,0.0321044921875,0.060638427734375
1676,StrongVoices_23_198,0.1588134765625,0.279541015625,0.0965576171875,0.022979736328125,0.0217742919921875
1677,MyStutteringLife_0_25,0.0279541015625,0.202392578125,0.06097412109375,0.08868408203125,0.14599609375
1678,StutterTalk_26_74,0.057281494140625,0.06671142578125,0.006439208984375,0.0251312255859375,0.11968994140625
1679,WomenWhoStutter_87_116,0.170654296875,0.23193359375,0.162109375,0.36962890625,0.67724609375
1680,StutterTalk_38_37,0.0701904296875,0.15966796875,0.036712646484375,0.02947998046875,0.036773681640625
1681,StrongVoices_14_33,0.025421142578125,0.09173583984375,0.0302734375,0.044677734375,0.0251312255859375
1682,StutterTalk_77_12,0.0823974609375,0.1544189453125,0.0239105224609375,0.06573486328125,0.9189453125
1683,StrongVoices_32_62,0.0321044921875,0.05975341796875,0.0125274658203125,0.0185089111328125,0.0206451416015625
1684,StutterTalk_28_32,0.0266571044921875,0.2451171875,0.119384765625,0.12158203125,0.11798095703125
1685,StrongVoices_32_82,0.083740234375,0.09722900390625,0.01085662841796875,0.0120086669921875,0.1236572265625
1686,HeStutters_18_199,0.06536865234375,0.40185546875,0.341064453125,0.233154296875,0.320556640625
1687,StutterTalk_63_95,0.03033447265625,0.202392578125,0.07421875,0.0809326171875,0.1568603515625
1688,HeStutters_18_58,0.048492431640625,0.07421875,0.0293731689453125,0.1925048828125,0.52001953125
1689,StutterTalk_26_183,0.038909912109375,0.044921875,0.008544921875,0.0374755859375,0.043609619140625
1690,HeStutters_5_28,0.49072265625,0.310546875,0.2958984375,0.1405029296875,0.0784912109375
1691,StutteringIsCool_80_168,0.3212890625,0.07366943359375,0.01177978515625,0.02001953125,0.351318359375
1692,StutteringIsCool_73_0,0.2001953125,0.06231689453125,0.01507568359375,0.06683349609375,0.4228515625
1693,WomenWhoStutter_62_91,0.1143798828125,0.162353515625,0.03277587890625,0.138427734375,0.884765625
1694,HeStutters_2_88,0.07763671875,0.2337646484375,0.1297607421875,0.09417724609375,0.040679931640625
1695,StrongVoices_9_12,0.2193603515625,0.1287841796875,0.01666259765625,0.0292510986328125,0.57080078125
1696,HVSA_2_55,0.32666015625,0.370849609375,0.50390625,0.09588623046875,0.056976318359375
1697,StutterTalk_49_38,0.1494140625,0.1534423828125,0.072265625,0.167724609375,0.92822265625
1698,StutterTalk_24_0,0.05126953125,0.06866455078125,0.0235137939453125,0.0115966796875,0.0253753662109375
1699,StrongVoices_14_21,0.04742431640625,0.0552978515625,0.0165252685546875,0.02947998046875,0.269775390625
1700,StutterTalk_31_20,0.3564453125,0.273193359375,0.270263671875,0.1923828125,0.1171875
1701,StrongVoices_23_106,0.533203125,0.339111328125,0.07464599609375,0.03021240234375,0.1370849609375
1702,WomenWhoStutter_21_63,0.06304931640625,0.1837158203125,0.01751708984375,0.0179901123046875,0.412353515625
1703,StrongVoices_6_127,0.02801513671875,0.318603515625,0.06524658203125,0.05877685546875,0.040679931640625
1704,IStutterSoWhat_3_79,0.059112548828125,0.1448974609375,0.043609619140625,0.053314208984375,0.05633544921875
1705,HeStutters_5_40,0.05499267578125,0.1939697265625,0.0313720703125,0.04443359375,0.019500732421875
1706,StutteringIsCool_16_4,0.0616455078125,0.114990234375,0.049224853515625,0.2049560546875,0.67236328125
1707,WomenWhoStutter_42_82,0.130615234375,0.089599609375,0.00763702392578125,0.014556884765625,0.053314208984375
1708,WomenWhoStutter_86_105,0.1217041015625,0.223388671875,0.1175537109375,0.533203125,0.37890625
1709,StrongVoices_4_9,0.274658203125,0.1474609375,0.0293121337890625,0.0153656005859375,0.097900390625
1710,StrongVoices_34_32,0.08154296875,0.13818359375,0.01953125,0.0296478271484375,0.023284912109375
1711,WomenWhoStutter_2_171,0.0316162109375,0.1502685546875,0.018157958984375,0.0180511474609375,0.041229248046875
1712,StutteringIsCool_62_8,0.08587646484375,0.42626953125,0.5,0.12451171875,0.08587646484375
1713,StrongVoices_21_67,0.042724609375,0.240966796875,0.060211181640625,0.0345458984375,0.056854248046875
1714,IStutterSoWhat_3_6,0.0269622802734375,0.06597900390625,0.017578125,0.0136871337890625,0.043121337890625
1715,StrongVoices_23_80,0.634765625,0.1114501953125,0.058563232421875,0.0165252685546875,0.08404541015625
1716,HVSA_2_127,0.32275390625,0.389404296875,0.720703125,0.11260986328125,0.09271240234375
1717,StrongVoices_32_192,0.03326416015625,0.10614013671875,0.006717681884765625,0.051361083984375,0.394287109375
1718,HVSA_2_169,0.303466796875,0.09722900390625,0.07806396484375,0.08123779296875,0.27734375
1719,StutterTalk_15_15,0.038177490234375,0.125244140625,0.04742431640625,0.281005859375,0.6279296875
1720,HeStutters_5_61,0.16748046875,0.454345703125,0.50537109375,0.4111328125,0.268310546875
1721,StutterTalk_64_155,0.43701171875,0.165771484375,0.1795654296875,0.107421875,0.06561279296875
1722,WomenWhoStutter_69_37,0.1405029296875,0.1925048828125,0.1104736328125,0.382568359375,0.818359375
1723,WomenWhoStutter_14_10,0.1358642578125,0.1617431640625,0.0139007568359375,0.0257568359375,0.2476806640625
1724,StutterTalk_72_153,0.12127685546875,0.23876953125,0.1412353515625,0.1279296875,0.283935546875
1725,WomenWhoStutter_30_191,0.18408203125,0.188232421875,0.06268310546875,0.11376953125,0.93408203125
1726,StutteringIsCool_1_34,0.25927734375,0.339599609375,0.54736328125,0.19189453125,0.1510009765625
1727,StrongVoices_25_10,0.09979248046875,0.2330322265625,0.028106689453125,0.0202484130859375,0.021697998046875
1728,StrongVoices_22_9,0.0220794677734375,0.035675048828125,0.00731658935546875,0.020965576171875,0.027069091796875
1729,HVSA_2_48,0.361083984375,0.07977294921875,0.01312255859375,0.01146697998046875,0.265625
1730,WomenWhoStutter_96_168,0.063232421875,0.392333984375,0.435546875,0.363525390625,0.249267578125
1731,HVSA_2_193,0.04248046875,0.07794189453125,0.051849365234375,0.11065673828125,0.05792236328125
1732,StutterTalk_8_86,0.1214599609375,0.08538818359375,0.047698974609375,0.09637451171875,0.58544921875
1733,StutterTalk_34_20,0.22119140625,0.1607666015625,0.0177764892578125,0.02752685546875,0.09222412109375
1734,StutterTalk_10_33,0.08587646484375,0.219970703125,0.036834716796875,0.1153564453125,0.224365234375
1735,StutterTalk_46_14,0.26220703125,0.173828125,0.056549072265625,0.0723876953125,0.79052734375
1736,WomenWhoStutter_14_123,0.10015869140625,0.0740966796875,0.01422882080078125,0.0259552001953125,0.169189453125
1737,StutteringIsCool_1_13,0.0191192626953125,0.09515380859375,0.028106689453125,0.11553955078125,0.019561767578125
1738,WomenWhoStutter_81_77,0.340087890625,0.1884765625,0.05560302734375,0.04168701171875,0.802734375
1739,StutterTalk_80_13,0.027587890625,0.08447265625,0.024658203125,0.03662109375,0.07305908203125
1740,IStutterSoWhat_3_43,0.11474609375,0.1654052734375,0.03314208984375,0.06683349609375,0.298583984375
1741,IStutterSoWhat_3_111,0.04931640625,0.07879638671875,0.0163421630859375,0.018798828125,0.034942626953125
1742,StrongVoices_32_185,0.1689453125,0.12054443359375,0.01406097412109375,0.017578125,0.18896484375
1743,WomenWhoStutter_79_5,0.167236328125,0.09222412109375,0.013427734375,0.032958984375,0.242919921875
1744,StutteringIsCool_56_14,0.04913330078125,0.2138671875,0.0704345703125,0.1007080078125,0.1019287109375
1745,StutterTalk_68_173,0.0592041015625,0.159423828125,0.0728759765625,0.1773681640625,0.359619140625
1746,HVSA_2_75,0.5732421875,0.3173828125,0.2432861328125,0.0223236083984375,0.1015625
1747,WomenWhoStutter_37_30,0.438232421875,0.27197265625,0.304931640625,0.0313720703125,0.056243896484375
1748,WomenWhoStutter_87_36,0.08038330078125,0.097412109375,0.0177154541015625,0.06610107421875,0.92333984375
1749,WomenWhoStutter_89_15,0.08599853515625,0.07666015625,0.0119171142578125,0.01085662841796875,0.07708740234375
1750,StrongVoices_8_39,0.02752685546875,0.10015869140625,0.0292510986328125,0.08526611328125,0.06243896484375
1751,WomenWhoStutter_2_202,0.1883544921875,0.1568603515625,0.0255584716796875,0.14599609375,0.59521484375
1752,WomenWhoStutter_97_101,0.06671142578125,0.1339111328125,0.08123779296875,0.291259765625,0.693359375
1753,StutteringIsCool_29_30,0.02056884765625,0.05718994140625,0.027435302734375,0.1175537109375,0.329345703125
1754,StutteringIsCool_29_17,0.026458740234375,0.0836181640625,0.026611328125,0.047149658203125,0.1650390625
1755,StutteringIsCool_70_35,0.0222015380859375,0.038543701171875,0.00908660888671875,0.0272674560546875,0.040985107421875
1756,WomenWhoStutter_81_187,0.08758544921875,0.1591796875,0.0180511474609375,0.10394287109375,0.505859375
1757,StrongVoices_32_163,0.11474609375,0.262451171875,0.023284912109375,0.0121002197265625,0.0211639404296875
1758,StutterTalk_37_7,0.06475830078125,0.10687255859375,0.06524658203125,0.050994873046875,0.0260009765625
1759,StrongVoices_32_18,0.0699462890625,0.1583251953125,0.0279541015625,0.06280517578125,0.3779296875
1760,StutterTalk_8_94,0.133544921875,0.1414794921875,0.09503173828125,0.237548828125,0.8828125
1761,StutterTalk_72_29,0.1304931640625,0.08154296875,0.005405426025390625,0.01953125,0.66455078125
1762,WomenWhoStutter_2_47,0.020294189453125,0.205810546875,0.056549072265625,0.2059326171875,0.2440185546875
1763,StutterTalk_7_6,0.371826171875,0.28857421875,0.2144775390625,0.033477783203125,0.227294921875
1764,StrongVoices_32_9,0.060638427734375,0.1419677734375,0.01554107666015625,0.015838623046875,0.0164642333984375
1765,StutterTalk_31_4,0.04486083984375,0.057281494140625,0.0164031982421875,0.01238250732421875,0.0287628173828125
1766,StutterTalk_38_11,0.04840087890625,0.1348876953125,0.0245208740234375,0.16748046875,0.5078125
1767,StrongVoices_21_139,0.049407958984375,0.048309326171875,0.00885009765625,0.02191162109375,0.08123779296875
1768,StrongVoices_25_0,0.0706787109375,0.299560546875,0.06396484375,0.05889892578125,0.126953125
1769,StutterTalk_8_39,0.1590576171875,0.09185791015625,0.056976318359375,0.053314208984375,0.293212890625
1770,HeStutters_5_4,0.1070556640625,0.2393798828125,0.058349609375,0.1710205078125,0.2418212890625
1771,StutteringIsCool_75_11,0.1488037109375,0.2646484375,0.23193359375,0.040924072265625,0.0323486328125
1772,MyStutteringLife_5_22,0.026611328125,0.267578125,0.09039306640625,0.06109619140625,0.0271759033203125
1773,WomenWhoStutter_81_5,0.265380859375,0.1014404296875,0.033905029296875,0.080078125,0.0802001953125
1774,StutterTalk_64_198,0.07305908203125,0.1380615234375,0.0302734375,0.037322998046875,0.0302734375
1775,WomenWhoStutter_14_49,0.070556640625,0.1563720703125,0.010650634765625,0.0136871337890625,0.06573486328125
1776,StutteringIsCool_75_13,0.1392822265625,0.145263671875,0.0141143798828125,0.019012451171875,0.061767578125
1777,WomenWhoStutter_87_4,0.07452392578125,0.06451416015625,0.007904052734375,0.0137939453125,0.0322265625
1778,StrongVoices_22_17,0.049041748046875,0.1995849609375,0.07586669921875,0.038909912109375,0.072265625
1779,WomenWhoStutter_105_1,0.06719970703125,0.204833984375,0.0199127197265625,0.0180511474609375,0.02655029296875
1780,HVSA_0_10,0.06439208984375,0.17822265625,0.050323486328125,0.036285400390625,0.193603515625
1781,StrongVoices_10_130,0.12347412109375,0.13525390625,0.056549072265625,0.043609619140625,0.027435302734375
1782,HVSA_2_95,0.09124755859375,0.2734375,0.1171875,0.040985107421875,0.11553955078125
1783,StutteringIsCool_43_16,0.03271484375,0.0869140625,0.0726318359375,0.18798828125,0.11083984375
1784,StrongVoices_21_141,0.059417724609375,0.0855712890625,0.03533935546875,0.0241851806640625,0.07861328125
1785,HeStutters_18_40,0.0289764404296875,0.06488037109375,0.00821685791015625,0.03460693359375,0.09930419921875
1786,HVSA_0_119,0.06805419921875,0.33056640625,0.177978515625,0.04595947265625,0.06524658203125
1787,StutterTalk_55_36,0.03424072265625,0.11297607421875,0.01214599609375,0.021820068359375,0.0322265625
1788,StutterTalk_76_14,0.149169921875,0.368408203125,0.058990478515625,0.017242431640625,0.131591796875
1789,StrongVoices_10_99,0.038238525390625,0.0482177734375,0.008544921875,0.06878662109375,0.184814453125
1790,HVSA_2_191,0.1048583984375,0.1717529296875,0.185791015625,0.09967041015625,0.0836181640625
1791,StutteringIsCool_1_27,0.03802490234375,0.1407470703125,0.2005615234375,0.1409912109375,0.1361083984375
1792,HeStutters_12_76,0.12188720703125,0.130126953125,0.0310211181640625,0.00734710693359375,0.043853759765625
1793,IStutterSoWhat_0_89,0.07196044921875,0.1708984375,0.0225067138671875,0.02056884765625,0.10614013671875
1794,StutteringIsCool_75_8,0.03985595703125,0.11376953125,0.00661468505859375,0.0164031982421875,0.136474609375
1795,StutteringIsCool_45_14,0.4248046875,0.264892578125,0.141357421875,0.05340576171875,0.048309326171875
1796,MyStutteringLife_0_31,0.11065673828125,0.0885009765625,0.0257110595703125,0.012054443359375,0.0231475830078125
1797,WomenWhoStutter_102_21,0.1014404296875,0.2158203125,0.0293121337890625,0.01433563232421875,0.0191650390625
1798,StutterTalk_15_17,0.2158203125,0.09771728515625,0.0299835205078125,0.12042236328125,0.479248046875
1799,StrongVoices_6_182,0.2093505859375,0.189208984375,0.035064697265625,0.01337432861328125,0.0265045166015625
1800,StutterTalk_64_41,0.1177978515625,0.12115478515625,0.1610107421875,0.0180206298828125,0.0205230712890625
1801,StutterTalk_51_8,0.024993896484375,0.10614013671875,0.0262603759765625,0.0290374755859375,0.033966064453125
1802,HVSA_3_20,0.11737060546875,0.392822265625,0.548828125,0.17529296875,0.1981201171875
1803,StutteringIsCool_81_31,0.08154296875,0.06243896484375,0.00455474853515625,0.00861358642578125,0.11614990234375
1804,StutterTalk_1_33,0.05450439453125,0.097900390625,0.0322265625,0.1949462890625,0.51953125
1805,HeStutters_2_18,0.0325927734375,0.06109619140625,0.0078125,0.0220794677734375,0.02386474609375
1806,IStutterSoWhat_3_99,0.06671142578125,0.2386474609375,0.5146484375,0.05865478515625,0.038116455078125
1807,WomenWhoStutter_2_173,0.102294921875,0.09173583984375,0.00809478759765625,0.021942138671875,0.888671875
1808,WomenWhoStutter_87_136,0.09857177734375,0.390869140625,0.5166015625,0.292724609375,0.274169921875
1809,StutteringIsCool_37_30,0.037689208984375,0.07275390625,0.0190582275390625,0.031982421875,0.055206298828125
1810,HVSA_0_134,0.194091796875,0.0894775390625,0.008544921875,0.0116424560546875,0.8564453125
1811,StrongVoices_17_14,0.03277587890625,0.19580078125,0.0810546875,0.0794677734375,0.04351806640625
1812,StrongVoices_21_38,0.06866455078125,0.0706787109375,0.01242828369140625,0.02630615234375,0.1475830078125
1813,StrongVoices_21_118,0.1041259765625,0.20166015625,0.0325927734375,0.013275146484375,0.029541015625
1814,StutterTalk_25_69,0.05023193359375,0.2147216796875,0.03289794921875,0.0142822265625,0.011871337890625
1815,MyStutteringLife_38_31,0.1561279296875,0.1795654296875,0.0272216796875,0.063720703125,0.95654296875
1816,StrongVoices_13_32,0.49560546875,0.1087646484375,0.01337432861328125,0.0120086669921875,0.1640625
1817,StutterTalk_40_36,0.05511474609375,0.2108154296875,0.0231475830078125,0.02838134765625,0.07330322265625
1818,WomenWhoStutter_97_12,0.097900390625,0.22607421875,0.374755859375,0.03204345703125,0.0258026123046875
1819,WomenWhoStutter_2_66,0.12066650390625,0.385986328125,0.1851806640625,0.09039306640625,0.396728515625
1820,StrongVoices_26_25,0.174560546875,0.10821533203125,0.0162811279296875,0.0246124267578125,0.767578125
1821,WomenWhoStutter_30_198,0.1419677734375,0.1456298828125,0.0265045166015625,0.044189453125,0.9208984375
1822,StutteringIsCool_67_35,0.08648681640625,0.0738525390625,0.044677734375,0.1978759765625,0.74365234375
1823,StrongVoices_32_84,0.148681640625,0.11279296875,0.007404327392578125,0.0106964111328125,0.147216796875
1824,StutterTalk_24_8,0.2117919921875,0.1663818359375,0.024658203125,0.0223236083984375,0.06439208984375
1825,HVSA_1_39,0.736328125,0.1611328125,0.06719970703125,0.0301055908203125,0.48486328125
1826,HeStutters_18_5,0.13671875,0.07720947265625,0.021240234375,0.205078125,0.17333984375
1827,StrongVoices_21_169,0.0227203369140625,0.1739501953125,0.071044921875,0.185791015625,0.04083251953125
1828,StrongVoices_21_196,0.135498046875,0.06439208984375,0.00933837890625,0.0229339599609375,0.03662109375
1829,StutterTalk_62_37,0.01971435546875,0.0552978515625,0.0211181640625,0.04486083984375,0.159423828125
1830,StrongVoices_23_42,0.11798095703125,0.337158203125,0.1070556640625,0.0213623046875,0.040374755859375
1831,StutterTalk_12_33,0.37158203125,0.15380859375,0.093017578125,0.158935546875,0.413330078125
1832,StutteringIsCool_16_14,0.056549072265625,0.09283447265625,0.051666259765625,0.255859375,0.49169921875
1833,StrongVoices_33_35,0.118408203125,0.147216796875,0.01519012451171875,0.00669097900390625,0.03155517578125
1834,StutterTalk_26_11,0.021697998046875,0.1187744140625,0.061309814453125,0.06610107421875,0.0196380615234375
1835,StrongVoices_21_149,0.09857177734375,0.05877685546875,0.0222015380859375,0.0273284912109375,0.053497314453125
1836,StrongVoices_32_160,0.10247802734375,0.2880859375,0.0194244384765625,0.00937652587890625,0.040008544921875
1837,HVSA_2_104,0.09893798828125,0.296142578125,0.302978515625,0.1434326171875,0.02423095703125
1838,IStutterSoWhat_3_13,0.149658203125,0.14794921875,0.02630615234375,0.0618896484375,0.94921875
1839,StutteringIsCool_80_107,0.09808349609375,0.055938720703125,0.0120086669921875,0.017303466796875,0.017303466796875
1840,StutteringIsCool_43_34,0.0301055908203125,0.2242431640625,0.364013671875,0.12103271484375,0.041473388671875
1841,StrongVoices_18_5,0.050994873046875,0.06878662109375,0.049591064453125,0.0199127197265625,0.02001953125
1842,WomenWhoStutter_87_30,0.11419677734375,0.11553955078125,0.024139404296875,0.046295166015625,0.845703125
1843,StutteringIsCool_23_34,0.1951904296875,0.0994873046875,0.0232391357421875,0.050506591796875,0.91162109375
1844,HVSA_2_122,0.2103271484375,0.09466552734375,0.0225830078125,0.012725830078125,0.04986572265625
1845,StrongVoices_32_1,0.65869140625,0.092041015625,0.0703125,0.045440673828125,0.06610107421875
1846,StutterTalk_58_29,0.0401611328125,0.2447509765625,0.1695556640625,0.1597900390625,0.07122802734375
1847,StrongVoices_4_14,0.0125732421875,0.08447265625,0.01837158203125,0.0782470703125,0.081787109375
1848,StutterTalk_26_84,0.04248046875,0.1424560546875,0.01467132568359375,0.0164031982421875,0.09320068359375
1849,WomenWhoStutter_30_103,0.0252685546875,0.1044921875,0.0170440673828125,0.058563232421875,0.08819580078125
1850,StutterTalk_7_38,0.07354736328125,0.09271240234375,0.007904052734375,0.01560211181640625,0.09503173828125
1851,StutterTalk_8_146,0.132080078125,0.07501220703125,0.020172119140625,0.02752685546875,0.1370849609375
1852,StutterTalk_8_136,0.2257080078125,0.1312255859375,0.076416015625,0.0794677734375,0.75830078125
1853,StutterTalk_8_92,0.253662109375,0.1392822265625,0.093505859375,0.15283203125,0.875
1854,StrongVoices_25_22,0.09075927734375,0.169921875,0.015960693359375,0.01262664794921875,0.05059814453125
1855,StrongVoices_10_101,0.355712890625,0.1849365234375,0.038909912109375,0.0167236328125,0.06744384765625
1856,HVSA_1_105,0.034881591796875,0.18212890625,0.0386962890625,0.03662109375,0.10595703125
1857,WomenWhoStutter_81_28,0.0413818359375,0.1568603515625,0.020599365234375,0.055511474609375,0.045013427734375
1858,StutteringIsCool_34_167,0.030853271484375,0.19482421875,0.05419921875,0.10015869140625,0.0289306640625
1859,StutterTalk_25_27,0.07208251953125,0.0755615234375,0.06866455078125,0.05889892578125,0.0322265625
1860,HeStutters_11_38,0.05194091796875,0.27001953125,0.060516357421875,0.187255859375,0.1656494140625
1861,HeStutters_12_61,0.053314208984375,0.1378173828125,0.011871337890625,0.0457763671875,0.1463623046875
1862,StrongVoices_10_82,0.31396484375,0.08526611328125,0.0057525634765625,0.0143890380859375,0.185546875
1863,StutterTalk_77_31,0.275634765625,0.393798828125,0.2529296875,0.0297088623046875,0.06866455078125
1864,WomenWhoStutter_27_28,0.1505126953125,0.457275390625,0.28271484375,0.09930419921875,0.09027099609375
1865,StutterTalk_72_17,0.057586669921875,0.09503173828125,0.00971221923828125,0.01242828369140625,0.036895751953125
1866,HeStutters_10_37,0.20068359375,0.12432861328125,0.03643798828125,0.1171875,0.94140625
1867,StutterTalk_63_156,0.151611328125,0.439453125,0.1385498046875,0.022674560546875,0.1014404296875
1868,StutterTalk_49_16,0.103759765625,0.0394287109375,0.005489349365234375,0.00557708740234375,0.03582763671875
1869,WomenWhoStutter_8_11,0.06781005859375,0.300048828125,0.431640625,0.0517578125,0.13671875
1870,StutterTalk_29_13,0.12286376953125,0.09722900390625,0.01983642578125,0.0165252685546875,0.018829345703125
1871,StrongVoices_9_33,0.036712646484375,0.1190185546875,0.01433563232421875,0.0211639404296875,0.188720703125
1872,StrongVoices_7_11,0.027587890625,0.056549072265625,0.00971221923828125,0.018157958984375,0.01934814453125
1873,WomenWhoStutter_63_21,0.489501953125,0.12347412109375,0.0244293212890625,0.041839599609375,0.17236328125
1874,StrongVoices_0_6,0.033538818359375,0.11932373046875,0.01146697998046875,0.045196533203125,0.06793212890625
1875,StrongVoices_29_14,0.050994873046875,0.1856689453125,0.0237274169921875,0.054595947265625,0.197021484375
1876,StrongVoices_10_76,0.27734375,0.2264404296875,0.0999755859375,0.055206298828125,0.06982421875
1877,StutterTalk_79_5,0.0333251953125,0.125244140625,0.0194244384765625,0.15673828125,0.402099609375
1878,WomenWhoStutter_22_35,0.131591796875,0.36962890625,0.400146484375,0.4638671875,0.426025390625
1879,StrongVoices_32_30,0.1578369140625,0.079345703125,0.006824493408203125,0.01262664794921875,0.1759033203125
1880,StutterTalk_25_24,0.024932861328125,0.12493896484375,0.0190582275390625,0.0201416015625,0.017852783203125
1881,StrongVoices_32_68,0.1187744140625,0.1339111328125,0.01016998291015625,0.0143890380859375,0.0162811279296875
1882,StutteringIsCool_45_37,0.0751953125,0.1859130859375,0.06719970703125,0.05194091796875,0.310302734375
1883,HeStutters_11_82,0.095703125,0.277099609375,0.0894775390625,0.38232421875,0.740234375
1884,StutteringIsCool_80_205,0.1492919921875,0.17236328125,0.09088134765625,0.17431640625,0.295654296875
1885,StutteringIsCool_43_37,0.02386474609375,0.159912109375,0.06890869140625,0.0257110595703125,0.0299835205078125
1886,WomenWhoStutter_83_12,0.307373046875,0.2191162109375,0.02886962890625,0.042388916015625,0.1790771484375
1887,StutteringIsCool_73_10,0.02276611328125,0.07708740234375,0.01116180419921875,0.060516357421875,0.4208984375
1888,StutteringIsCool_80_78,0.1175537109375,0.148193359375,0.08404541015625,0.1611328125,0.8681640625
1889,HeStutters_2_215,0.030670166015625,0.1015625,0.007549285888671875,0.02288818359375,0.2374267578125
1890,WomenWhoStutter_52_8,0.0728759765625,0.130859375,0.0189361572265625,0.0784912109375,0.50048828125
1891,StutterTalk_12_32,0.21728515625,0.1201171875,0.1383056640625,0.0855712890625,0.06951904296875
1892,WomenWhoStutter_30_136,0.1573486328125,0.1617431640625,0.06097412109375,0.060211181640625,0.46826171875
1893,StutterTalk_18_11,0.0455322265625,0.06256103515625,0.00490570068359375,0.01374053955078125,0.03790283203125
1894,StrongVoices_6_191,0.255126953125,0.302978515625,0.044677734375,0.02752685546875,0.04193115234375
1895,StutterTalk_64_56,0.11553955078125,0.08062744140625,0.01214599609375,0.070556640625,0.3310546875
1896,StutterTalk_37_87,0.048675537109375,0.08880615234375,0.040985107421875,0.1966552734375,0.201171875
1897,WomenWhoStutter_42_77,0.046722412109375,0.163330078125,0.0154266357421875,0.0191650390625,0.0352783203125
1898,StutteringIsCool_73_18,0.10174560546875,0.102294921875,0.0416259765625,0.252197265625,0.43603515625
1899,StutterTalk_64_55,0.296630859375,0.1181640625,0.01450347900390625,0.03021240234375,0.07275390625
1900,WomenWhoStutter_73_29,0.13330078125,0.13134765625,0.0256195068359375,0.11456298828125,0.04559326171875
1901,StrongVoices_14_4,0.06488037109375,0.10931396484375,0.00809478759765625,0.014007568359375,0.114990234375
1902,StrongVoices_32_69,0.6064453125,0.172119140625,0.05023193359375,0.01512908935546875,0.06939697265625
1903,MyStutteringLife_16_31,0.2509765625,0.1434326171875,0.0938720703125,0.173583984375,0.04620361328125
1904,StutterTalk_66_5,0.04052734375,0.11932373046875,0.0240478515625,0.034423828125,0.09503173828125
1905,StutterTalk_8_53,0.056121826171875,0.070556640625,0.0223236083984375,0.0982666015625,0.40576171875
1906,StrongVoices_4_36,0.05987548828125,0.2001953125,0.045196533203125,0.04083251953125,0.061309814453125
1907,MyStutteringLife_19_7,0.081787109375,0.1121826171875,0.0259552001953125,0.042022705078125,0.0199127197265625
1908,StutterTalk_38_6,0.12939453125,0.271728515625,0.250244140625,0.06549072265625,0.04913330078125
1909,WomenWhoStutter_96_188,0.044281005859375,0.2666015625,0.049957275390625,0.03289794921875,0.07171630859375
1910,StrongVoices_10_36,0.328857421875,0.16015625,0.0224609375,0.018646240234375,0.126708984375
1911,StrongVoices_1_17,0.0938720703125,0.071044921875,0.0194549560546875,0.057281494140625,0.05291748046875
1912,WomenWhoStutter_69_18,0.51611328125,0.09075927734375,0.024749755859375,0.0343017578125,0.131591796875
1913,StutteringIsCool_73_22,0.3779296875,0.147705078125,0.034759521484375,0.1639404296875,0.40234375
1914,HeStutters_5_65,0.2271728515625,0.1702880859375,0.09637451171875,0.05291748046875,0.08331298828125
1915,WomenWhoStutter_17_38,0.08599853515625,0.1455078125,0.01056671142578125,0.0245208740234375,0.033203125
1916,WomenWhoStutter_58_30,0.07763671875,0.09844970703125,0.006191253662109375,0.0282135009765625,0.61767578125
1917,StrongVoices_4_0,0.06842041015625,0.1319580078125,0.01107025146484375,0.037689208984375,0.2021484375
1918,WomenWhoStutter_87_42,0.07305908203125,0.24560546875,0.1356201171875,0.060760498046875,0.043121337890625
1919,StutterTalk_64_131,0.11065673828125,0.2384033203125,0.107421875,0.06109619140625,0.2293701171875
1920,StutterTalk_49_11,0.076416015625,0.0709228515625,0.0218658447265625,0.1033935546875,0.423828125
1921,StutterTalk_37_115,0.1285400390625,0.11029052734375,0.0640869140625,0.087890625,0.03424072265625
1922,StutteringIsCool_27_3,0.033905029296875,0.07147216796875,0.033538818359375,0.027587890625,0.2230224609375
1923,HeStutters_19_161,0.047088623046875,0.1402587890625,0.011505126953125,0.0161590576171875,0.036895751953125
1924,StrongVoices_23_216,0.1114501953125,0.1866455078125,0.015899658203125,0.00766754150390625,0.039642333984375
1925,StutterTalk_77_26,0.37158203125,0.33447265625,0.137451171875,0.0290374755859375,0.2265625
1926,StutteringIsCool_23_21,0.022796630859375,0.1546630859375,0.024993896484375,0.10760498046875,0.11029052734375
1927,StutteringIsCool_64_31,0.041473388671875,0.250732421875,0.1407470703125,0.326171875,0.5712890625
1928,StutteringIsCool_38_32,0.1568603515625,0.1055908203125,0.01214599609375,0.0517578125,0.94482421875
1929,WomenWhoStutter_42_81,0.0251312255859375,0.08880615234375,0.023956298828125,0.0618896484375,0.0194549560546875
1930,StutteringIsCool_33_22,0.08209228515625,0.07354736328125,0.035064697265625,0.0726318359375,0.1083984375
1931,StutteringIsCool_77_16,0.11029052734375,0.390625,0.265380859375,0.0250396728515625,0.10760498046875
1932,StutterTalk_69_14,0.123779296875,0.26123046875,0.21142578125,0.0104522705078125,0.0823974609375
1933,HeStutters_11_164,0.070556640625,0.07421875,0.007518768310546875,0.0194549560546875,0.10504150390625
1934,StrongVoices_2_39,0.06597900390625,0.25048828125,0.06890869140625,0.1551513671875,0.37255859375
1935,StutterTalk_55_39,0.0257568359375,0.044189453125,0.004718780517578125,0.0352783203125,0.1798095703125
1936,HeStutters_16_16,0.1812744140625,0.076416015625,0.0265045166015625,0.2288818359375,0.423828125
1937,StutteringIsCool_46_178,0.0321044921875,0.1895751953125,0.05511474609375,0.356689453125,0.383544921875
1938,StutterTalk_26_97,0.017181396484375,0.10052490234375,0.017913818359375,0.045196533203125,0.06512451171875
1939,StutteringIsCool_1_33,0.1026611328125,0.11578369140625,0.0284423828125,0.0482177734375,0.01146697998046875
1940,StutteringIsCool_56_23,0.0469970703125,0.27197265625,0.08868408203125,0.06927490234375,0.464111328125
1941,HeStutters_18_78,0.2469482421875,0.1297607421875,0.012725830078125,0.03955078125,0.90380859375
1942,WomenWhoStutter_2_161,0.092529296875,0.31201171875,0.0633544921875,0.03759765625,0.0809326171875
1943,HeStutters_18_155,0.090087890625,0.3896484375,0.337890625,0.3125,0.344482421875
1944,IStutterSoWhat_3_85,0.057708740234375,0.2000732421875,0.0369873046875,0.038330078125,0.411865234375
1945,HVSA_2_64,0.109130859375,0.151123046875,0.1640625,0.2086181640625,0.09619140625
1946,StutteringIsCool_33_11,0.0321044921875,0.06231689453125,0.007488250732421875,0.04302978515625,0.08050537109375
1947,HeStutters_12_88,0.120849609375,0.0823974609375,0.0125274658203125,0.03271484375,0.189697265625
1948,StutterTalk_8_65,0.07171630859375,0.1094970703125,0.07171630859375,0.0880126953125,0.120361328125
1949,StutterTalk_34_38,0.28857421875,0.3056640625,0.3466796875,0.089111328125,0.06793212890625
1950,HeStutters_2_72,0.71533203125,0.197265625,0.20947265625,0.09320068359375,0.1026611328125
1951,WomenWhoStutter_62_213,0.1988525390625,0.0850830078125,0.0144500732421875,0.037109375,0.044921875
1952,StrongVoices_23_105,0.295654296875,0.2420654296875,0.0207977294921875,0.01433563232421875,0.136962890625
1953,StrongVoices_10_165,0.2193603515625,0.082275390625,0.0189056396484375,0.034698486328125,0.279052734375
1954,StrongVoices_27_13,0.11676025390625,0.09722900390625,0.0090179443359375,0.01287078857421875,0.01751708984375
1955,StutterTalk_64_11,0.10894775390625,0.154541015625,0.1300048828125,0.043853759765625,0.361572265625
1956,StrongVoices_23_115,0.417724609375,0.198486328125,0.035888671875,0.0169219970703125,0.65771484375
1957,MyStutteringLife_22_7,0.03326416015625,0.1527099609375,0.057281494140625,0.06451416015625,0.1654052734375
1958,MyStutteringLife_21_34,0.1375732421875,0.265380859375,0.0723876953125,0.0271759033203125,0.11163330078125
1959,WomenWhoStutter_12_21,0.09588623046875,0.128173828125,0.0184326171875,0.030731201171875,0.0838623046875
1960,HeStutters_11_123,0.13330078125,0.1654052734375,0.0189056396484375,0.0300445556640625,0.1827392578125
1961,StutterTalk_22_10,0.1591796875,0.0509033203125,0.0161590576171875,0.03662109375,0.64404296875
1962,StutterTalk_37_4,0.023284912109375,0.1485595703125,0.12274169921875,0.306396484375,0.1385498046875
1963,StutteringIsCool_23_28,0.08758544921875,0.033538818359375,0.00974273681640625,0.01450347900390625,0.18798828125
1964,StutterTalk_72_64,0.043609619140625,0.075439453125,0.00861358642578125,0.0792236328125,0.161376953125
1965,StutterTalk_37_35,0.7919921875,0.16064453125,0.10107421875,0.035064697265625,0.1490478515625
1966,StutterTalk_12_6,0.1318359375,0.06671142578125,0.0135345458984375,0.029083251953125,0.0455322265625
1967,WomenWhoStutter_86_76,0.025665283203125,0.1429443359375,0.02886962890625,0.2490234375,0.343017578125
1968,StutteringIsCool_64_26,0.08740234375,0.12188720703125,0.01666259765625,0.0190887451171875,0.264892578125
1969,StutteringIsCool_80_139,0.1573486328125,0.1295166015625,0.01312255859375,0.026458740234375,0.470458984375
1970,WomenWhoStutter_76_39,0.10894775390625,0.1224365234375,0.036712646484375,0.07275390625,0.0278472900390625
1971,StutteringIsCool_80_112,0.03802490234375,0.07464599609375,0.0284881591796875,0.2047119140625,0.126708984375
1972,WomenWhoStutter_105_27,0.2186279296875,0.168701171875,0.01495361328125,0.019378662109375,0.0278472900390625
1973,StutteringIsCool_65_3,0.0535888671875,0.06268310546875,0.0310211181640625,0.01363372802734375,0.007373809814453125
1974,StrongVoices_23_166,0.2900390625,0.2410888671875,0.043701171875,0.018157958984375,0.18408203125
1975,StrongVoices_23_16,0.3818359375,0.12322998046875,0.0360107421875,0.01137542724609375,0.06854248046875
1976,StutterTalk_37_47,0.041839599609375,0.09600830078125,0.06243896484375,0.203857421875,0.375
1977,WomenWhoStutter_8_31,0.0504150390625,0.2193603515625,0.20849609375,0.017303466796875,0.03021240234375
1978,StutterTalk_80_17,0.0212860107421875,0.09271240234375,0.035491943359375,0.030914306640625,0.01763916015625
1979,StrongVoices_7_39,0.11395263671875,0.228271484375,0.057586669921875,0.04779052734375,0.1710205078125
1980,StutterTalk_76_31,0.17626953125,0.1976318359375,0.0237274169921875,0.07891845703125,0.8232421875
1981,HVSA_0_99,0.08154296875,0.0751953125,0.01116180419921875,0.07196044921875,0.407958984375
1982,StutterTalk_80_23,0.0379638671875,0.0743408203125,0.0174407958984375,0.015960693359375,0.01061248779296875
1983,StutteringIsCool_69_11,0.0321044921875,0.10992431640625,0.0210113525390625,0.014617919921875,0.025665283203125
1984,StutteringIsCool_80_85,0.56298828125,0.08868408203125,0.0322265625,0.0330810546875,0.0439453125
1985,HVSA_0_25,0.2015380859375,0.1390380859375,0.044525146484375,0.05389404296875,0.52392578125
1986,StutterTalk_49_7,0.09283447265625,0.237548828125,0.0504150390625,0.1866455078125,0.497314453125
1987,StrongVoices_22_22,0.06439208984375,0.0413818359375,0.00757598876953125,0.0290374755859375,0.0635986328125
1988,WomenWhoStutter_2_109,0.06829833984375,0.11029052734375,0.01495361328125,0.072265625,0.451171875
1989,WomenWhoStutter_97_75,0.0560302734375,0.182373046875,0.105224609375,0.11968994140625,0.07318115234375
1990,StutteringIsCool_75_7,0.06085205078125,0.2210693359375,0.0509033203125,0.0167236328125,0.011199951171875
1991,StutterTalk_64_77,0.2301025390625,0.05889892578125,0.0328369140625,0.0943603515625,0.56787109375
1992,HeStutters_11_57,0.11029052734375,0.308349609375,0.05419921875,0.038909912109375,0.1436767578125
1993,HeStutters_16_5,0.08282470703125,0.1826171875,0.10302734375,0.304931640625,0.72802734375
1994,StutterTalk_25_126,0.038818359375,0.171630859375,0.04779052734375,0.0390625,0.07720947265625
1995,StrongVoices_28_25,0.1959228515625,0.03167724609375,0.0165863037109375,0.02203369140625,0.041229248046875
1996,HVSA_2_103,0.049224853515625,0.318115234375,0.394775390625,0.1951904296875,0.059326171875
1997,StutteringIsCool_40_39,0.0634765625,0.10614013671875,0.0185089111328125,0.0517578125,0.351318359375
1998,StutterTalk_76_34,0.0390625,0.301513671875,0.1971435546875,0.203857421875,0.09283447265625
1999,StrongVoices_23_34,0.4697265625,0.183837890625,0.043121337890625,0.01971435546875,0.07781982421875
2000,HeStutters_16_131,0.08770751953125,0.07489013671875,0.0144500732421875,0.090087890625,0.6611328125
2001,StrongVoices_21_64,0.040618896484375,0.06707763671875,0.0069580078125,0.0294189453125,0.1497802734375
2002,StutteringIsCool_67_29,0.06427001953125,0.06280517578125,0.0257110595703125,0.1510009765625,0.4921875
2003,StutterTalk_64_178,0.1063232421875,0.06475830078125,0.022979736328125,0.03521728515625,0.11163330078125
2004,StutterTalk_16_18,0.1424560546875,0.08331298828125,0.0164642333984375,0.0489501953125,0.57177734375
2005,StrongVoices_7_34,0.03192138671875,0.0726318359375,0.00609588623046875,0.0224151611328125,0.0633544921875
2006,WomenWhoStutter_107_1,0.0704345703125,0.32373046875,0.138671875,0.0252227783203125,0.046630859375
2007,StutterTalk_14_37,0.062103271484375,0.0638427734375,0.021820068359375,0.05224609375,0.0306243896484375
2008,StutterTalk_64_101,0.08465576171875,0.1910400390625,0.250244140625,0.298583984375,0.0638427734375
2009,StutteringIsCool_23_23,0.04742431640625,0.1314697265625,0.02947998046875,0.07574462890625,0.04595947265625
2010,StutteringIsCool_1_31,0.0212860107421875,0.10992431640625,0.0391845703125,0.15234375,0.0849609375
2011,WomenWhoStutter_3_39,0.25439453125,0.0738525390625,0.00679779052734375,0.0271148681640625,0.701171875
2012,StutteringIsCool_1_28,0.40380859375,0.1534423828125,0.06475830078125,0.048309326171875,0.412353515625
2013,StrongVoices_18_2,0.0360107421875,0.114990234375,0.00757598876953125,0.0177764892578125,0.09967041015625
2014,StutterTalk_38_1,0.140380859375,0.330810546875,0.306396484375,0.160400390625,0.06915283203125
2015,StutterTalk_10_29,0.355712890625,0.1536865234375,0.120361328125,0.07318115234375,0.048858642578125
2016,StutterTalk_15_9,0.03759765625,0.09027099609375,0.044525146484375,0.07666015625,0.0193023681640625
2017,StutterTalk_22_6,0.02606201171875,0.09039306640625,0.0496826171875,0.10968017578125,0.200927734375
2018,WomenWhoStutter_8_16,0.11376953125,0.48779296875,0.5556640625,0.05572509765625,0.06524658203125
2019,StutterTalk_38_34,0.2269287109375,0.133056640625,0.01525115966796875,0.045440673828125,0.8974609375
2020,StutteringIsCool_55_24,0.06964111328125,0.2286376953125,0.10125732421875,0.092041015625,0.55029296875
2021,StutterTalk_34_37,0.030914306640625,0.1494140625,0.024383544921875,0.027069091796875,0.0293121337890625
2022,HVSA_1_76,0.033599853515625,0.272216796875,0.10284423828125,0.061431884765625,0.059112548828125
2023,StutteringIsCool_52_9,0.6728515625,0.1949462890625,0.1014404296875,0.045440673828125,0.10357666015625
2024,WomenWhoStutter_62_217,0.73583984375,0.10211181640625,0.043365478515625,0.03192138671875,0.188232421875
2025,WomenWhoStutter_73_37,0.05633544921875,0.264892578125,0.09088134765625,0.197021484375,0.638671875
2026,StutterTalk_25_11,0.08819580078125,0.07330322265625,0.013275146484375,0.015899658203125,0.007965087890625
2027,HeStutters_2_177,0.12139892578125,0.2010498046875,0.1580810546875,0.3291015625,0.6298828125
2028,StutterTalk_7_17,0.0384521484375,0.17626953125,0.030792236328125,0.04296875,0.147705078125
2029,StutteringIsCool_80_134,0.11102294921875,0.2171630859375,0.03460693359375,0.046112060546875,0.80615234375
2030,StutteringIsCool_23_16,0.10687255859375,0.046478271484375,0.01078033447265625,0.03594970703125,0.352783203125
2031,StutterTalk_37_104,0.439453125,0.30029296875,0.33837890625,0.11578369140625,0.182373046875
2032,HVSA_1_43,0.053192138671875,0.41552734375,0.455322265625,0.035888671875,0.058349609375
2033,HVSA_2_56,0.194091796875,0.10430908203125,0.04986572265625,0.0743408203125,0.237060546875
2034,StutteringIsCool_79_9,0.030731201171875,0.10650634765625,0.01132965087890625,0.0633544921875,0.5400390625
2035,StutterTalk_62_33,0.03582763671875,0.08868408203125,0.01078033447265625,0.06256103515625,0.1590576171875
2036,WomenWhoStutter_52_37,0.400146484375,0.1512451171875,0.045013427734375,0.06561279296875,0.06744384765625
2037,WomenWhoStutter_73_36,0.04052734375,0.116943359375,0.0169830322265625,0.0728759765625,0.455322265625
2038,WomenWhoStutter_2_41,0.1541748046875,0.09075927734375,0.0104522705078125,0.0256195068359375,0.8271484375
2039,WomenWhoStutter_68_23,0.1639404296875,0.1883544921875,0.0162811279296875,0.054290771484375,0.7392578125
2040,StutterTalk_60_23,0.370361328125,0.09515380859375,0.023193359375,0.10760498046875,0.273681640625
2041,StrongVoices_0_37,0.03253173828125,0.07708740234375,0.00815582275390625,0.0167236328125,0.0192413330078125
2042,MyStutteringLife_16_30,0.1083984375,0.2147216796875,0.10247802734375,0.033843994140625,0.0252227783203125
2043,StutteringIsCool_60_17,0.042724609375,0.1505126953125,0.1806640625,0.1884765625,0.07275390625
2044,WomenWhoStutter_97_154,0.020721435546875,0.0843505859375,0.0216217041015625,0.0728759765625,0.09637451171875
2045,StutteringIsCool_2_39,0.0173797607421875,0.06982421875,0.0225372314453125,0.0604248046875,0.048858642578125
2046,StutteringIsCool_40_4,0.0938720703125,0.09686279296875,0.079345703125,0.0234222412109375,0.08447265625
2047,HVSA_1_184,0.04840087890625,0.392333984375,0.25048828125,0.15673828125,0.21484375
2048,StutterTalk_64_65,0.10858154296875,0.08770751953125,0.0295867919921875,0.053009033203125,0.1414794921875
2049,StutteringIsCool_67_31,0.0413818359375,0.09283447265625,0.01312255859375,0.033966064453125,0.391357421875
2050,WomenWhoStutter_30_46,0.10015869140625,0.3623046875,0.30126953125,0.07720947265625,0.26318359375
2051,StutterTalk_30_8,0.0784912109375,0.32421875,0.11279296875,0.167236328125,0.179443359375
2052,StutterTalk_1_23,0.10430908203125,0.134521484375,0.01467132568359375,0.05987548828125,0.509765625
2053,StutteringIsCool_70_19,0.0221099853515625,0.057586669921875,0.01473236083984375,0.025665283203125,0.0762939453125
2054,StutterTalk_9_10,0.06658935546875,0.05072021484375,0.00498199462890625,0.017852783203125,0.12408447265625
2055,WomenWhoStutter_21_84,0.07122802734375,0.091552734375,0.0079345703125,0.010528564453125,0.1063232421875
2056,StrongVoices_10_149,0.02423095703125,0.11993408203125,0.0211639404296875,0.03533935546875,0.1268310546875
2057,StrongVoices_23_93,0.153564453125,0.11065673828125,0.0192718505859375,0.0299224853515625,0.33642578125
2058,HVSA_2_69,0.04510498046875,0.408447265625,0.443603515625,0.1309814453125,0.09417724609375
2059,HVSA_2_123,0.1939697265625,0.1676025390625,0.1890869140625,0.0240020751953125,0.1295166015625
2060,StutterTalk_64_163,0.06085205078125,0.2158203125,0.2091064453125,0.08819580078125,0.03460693359375
2061,StutteringIsCool_34_163,0.1708984375,0.13818359375,0.09088134765625,0.142822265625,0.24658203125
2062,StutteringIsCool_33_14,0.186279296875,0.12347412109375,0.027435302734375,0.0218658447265625,0.017913818359375
2063,HeStutters_11_95,0.10357666015625,0.36083984375,0.21533203125,0.04193115234375,0.11578369140625
2064,MyStutteringLife_22_10,0.036163330078125,0.08770751953125,0.010650634765625,0.0258026123046875,0.043701171875
2065,HVSA_0_74,0.055816650390625,0.1607666015625,0.0633544921875,0.10540771484375,0.74169921875
2066,HeStutters_2_134,0.04052734375,0.25634765625,0.09124755859375,0.18603515625,0.1387939453125
2067,MyStutteringLife_16_34,0.66357421875,0.1412353515625,0.07708740234375,0.04302978515625,0.07122802734375
2068,WomenWhoStutter_22_36,0.417236328125,0.17578125,0.02838134765625,0.044769287109375,0.52294921875
2069,WomenWhoStutter_89_27,0.0369873046875,0.215576171875,0.0738525390625,0.1436767578125,0.174560546875
2070,StrongVoices_14_20,0.10687255859375,0.06097412109375,0.03216552734375,0.044097900390625,0.060089111328125
2071,WomenWhoStutter_30_73,0.0225372314453125,0.0863037109375,0.01507568359375,0.035064697265625,0.05792236328125
2072,StutterTalk_26_182,0.04949951171875,0.059967041015625,0.020721435546875,0.03955078125,0.03448486328125
2073,WomenWhoStutter_10_55,0.1568603515625,0.3515625,0.2086181640625,0.03448486328125,0.10992431640625
2074,IStutterSoWhat_0_122,0.03326416015625,0.052337646484375,0.0117340087890625,0.062103271484375,0.120361328125
2075,HVSA_1_163,0.047698974609375,0.0762939453125,0.0296478271484375,0.0592041015625,0.1131591796875
2076,StrongVoices_6_58,0.33544921875,0.3798828125,0.4189453125,0.1319580078125,0.1041259765625
2077,HVSA_1_64,0.07708740234375,0.400390625,0.357666015625,0.050811767578125,0.064208984375
2078,WomenWhoStutter_2_105,0.1553955078125,0.2235107421875,0.06549072265625,0.0284423828125,0.2607421875
2079,WomenWhoStutter_89_1,0.12322998046875,0.11578369140625,0.03204345703125,0.09039306640625,0.29248046875
2080,HVSA_2_163,0.0843505859375,0.1715087890625,0.0225067138671875,0.07684326171875,0.492919921875
2081,StrongVoices_28_6,0.1605224609375,0.09283447265625,0.022247314453125,0.017242431640625,0.031494140625
2082,StutterTalk_37_109,0.2445068359375,0.070068359375,0.05987548828125,0.1934814453125,0.29443359375
2083,StrongVoices_23_158,0.1318359375,0.16650390625,0.023956298828125,0.042724609375,0.13427734375
2084,StutteringIsCool_18_2,0.183837890625,0.15625,0.027374267578125,0.051666259765625,0.73291015625
2085,WomenWhoStutter_76_21,0.14794921875,0.0975341796875,0.011871337890625,0.0311431884765625,0.146240234375
2086,WomenWhoStutter_37_3,0.054412841796875,0.1318359375,0.0103302001953125,0.00841522216796875,0.06939697265625
2087,WomenWhoStutter_2_48,0.09503173828125,0.4521484375,0.415771484375,0.24072265625,0.26220703125
2088,StutteringIsCool_69_21,0.017303466796875,0.22021484375,0.06597900390625,0.15869140625,0.351318359375
2089,StrongVoices_14_2,0.01560211181640625,0.0552978515625,0.019195556640625,0.034759521484375,0.02423095703125
2090,StrongVoices_10_129,0.0246124267578125,0.0869140625,0.018829345703125,0.058135986328125,0.17822265625
2091,WomenWhoStutter_15_22,0.06756591796875,0.07989501953125,0.007694244384765625,0.015838623046875,0.0809326171875
2092,StutterTalk_16_26,0.060211181640625,0.11102294921875,0.045013427734375,0.051177978515625,0.051544189453125
2093,StrongVoices_19_38,0.05706787109375,0.039276123046875,0.0115966796875,0.073974609375,0.155029296875
2094,StutterTalk_58_13,0.0192413330078125,0.08831787109375,0.0219879150390625,0.060760498046875,0.037261962890625
2095,StutterTalk_15_4,0.1259765625,0.107421875,0.024749755859375,0.06744384765625,0.84375
2096,StrongVoices_32_96,0.0261077880859375,0.1055908203125,0.128173828125,0.24365234375,0.1878662109375
2097,HVSA_1_182,0.116943359375,0.42822265625,0.326416015625,0.053192138671875,0.12213134765625
2098,StutteringIsCool_40_28,0.05889892578125,0.0546875,0.010986328125,0.01467132568359375,0.042388916015625
2099,WomenWhoStutter_86_56,0.0341796875,0.12744140625,0.00867462158203125,0.019012451171875,0.0265045166015625
2100,StrongVoices_32_7,0.077392578125,0.149658203125,0.00891876220703125,0.0266571044921875,0.1312255859375
2101,MyStutteringLife_19_2,0.033905029296875,0.2176513671875,0.07781982421875,0.0567626953125,0.04052734375
2102,StutterTalk_12_16,0.0880126953125,0.06817626953125,0.0228424072265625,0.023773193359375,0.5576171875
2103,StutterTalk_18_3,0.0743408203125,0.2225341796875,0.0567626953125,0.11968994140625,0.8466796875
2104,HVSA_2_164,0.09930419921875,0.172607421875,0.08526611328125,0.11163330078125,0.06915283203125
2105,HeStutters_18_0,0.1278076171875,0.242431640625,0.052032470703125,0.0582275390625,0.0325927734375
2106,StutteringIsCool_23_11,0.03594970703125,0.1678466796875,0.1646728515625,0.11260986328125,0.1451416015625
2107,StutteringIsCool_14_33,0.040985107421875,0.14453125,0.139404296875,0.036773681640625,0.035491943359375
2108,StutteringIsCool_80_86,0.1014404296875,0.05499267578125,0.0177154541015625,0.016845703125,0.0239105224609375
2109,WomenWhoStutter_52_22,0.26806640625,0.279052734375,0.1624755859375,0.2474365234375,0.70654296875
2110,MyStutteringLife_8_30,0.05645751953125,0.1187744140625,0.0256195068359375,0.01560211181640625,0.01116180419921875
2111,StutterTalk_42_5,0.0765380859375,0.1566162109375,0.0290374755859375,0.0374755859375,0.75634765625
2112,StutterTalk_37_13,0.19091796875,0.1405029296875,0.0582275390625,0.1614990234375,0.85595703125
2113,StutterTalk_31_14,0.10089111328125,0.086181640625,0.00864410400390625,0.0218658447265625,0.0751953125
2114,StutteringIsCool_69_28,0.034942626953125,0.060211181640625,0.007549285888671875,0.04595947265625,0.646484375
2115,IStutterSoWhat_3_45,0.11065673828125,0.19873046875,0.07196044921875,0.039337158203125,0.1441650390625
2116,StrongVoices_21_96,0.09857177734375,0.2474365234375,0.08123779296875,0.159912109375,0.263671875
2117,WomenWhoStutter_96_115,0.0258636474609375,0.317138671875,0.273681640625,0.230712890625,0.08477783203125
2118,StutterTalk_25_67,0.03448486328125,0.1573486328125,0.0208892822265625,0.0115509033203125,0.0272216796875
2119,WomenWhoStutter_14_150,0.0567626953125,0.12445068359375,0.039794921875,0.07183837890625,0.204833984375
2120,StrongVoices_10_162,0.1181640625,0.14404296875,0.0216522216796875,0.0229339599609375,0.216552734375
2121,WomenWhoStutter_87_37,0.16259765625,0.297607421875,0.4150390625,0.148193359375,0.051361083984375
2122,WomenWhoStutter_5_39,0.06304931640625,0.46826171875,0.2103271484375,0.042877197265625,0.03582763671875
2123,StrongVoices_34_2,0.0189361572265625,0.07763671875,0.009124755859375,0.051361083984375,0.1866455078125
2124,HeStutters_11_45,0.044586181640625,0.12115478515625,0.0316162109375,0.06488037109375,0.058441162109375
2125,StrongVoices_32_64,0.08197021484375,0.168212890625,0.0243377685546875,0.058013916015625,0.05889892578125
2126,IStutterSoWhat_3_118,0.720703125,0.30810546875,0.42822265625,0.09039306640625,0.10052490234375
2127,StrongVoices_23_180,0.26806640625,0.2447509765625,0.07452392578125,0.01507568359375,0.0222930908203125
2128,StrongVoices_23_117,0.417236328125,0.3310546875,0.07171630859375,0.0200958251953125,0.311767578125
2129,StrongVoices_23_181,0.07763671875,0.1676025390625,0.0141754150390625,0.01262664794921875,0.166259765625
2130,HeStutters_12_110,0.058990478515625,0.195556640625,0.04931640625,0.1153564453125,0.1646728515625
2131,WomenWhoStutter_86_26,0.064208984375,0.2998046875,0.0823974609375,0.154541015625,0.4951171875
2132,MyStutteringLife_22_24,0.08770751953125,0.1695556640625,0.1533203125,0.290283203125,0.6943359375
2133,HeStutters_2_205,0.1282958984375,0.14404296875,0.01666259765625,0.03985595703125,0.290283203125
2134,StrongVoices_23_255,0.49267578125,0.1207275390625,0.0189056396484375,0.00916290283203125,0.135498046875
2135,StutterTalk_26_151,0.082275390625,0.1353759765625,0.033660888671875,0.056243896484375,0.152587890625
2136,StrongVoices_23_120,0.38623046875,0.318603515625,0.10052490234375,0.034698486328125,0.457763671875
2137,HVSA_2_97,0.10723876953125,0.1759033203125,0.10247802734375,0.22607421875,0.8837890625
2138,WomenWhoStutter_97_150,0.05340576171875,0.157470703125,0.0631103515625,0.1588134765625,0.10894775390625
2139,StrongVoices_4_26,0.07574462890625,0.08526611328125,0.007785797119140625,0.0170440673828125,0.035614013671875
2140,StutteringIsCool_28_17,0.2432861328125,0.1488037109375,0.08331298828125,0.0330810546875,0.019195556640625
2141,HeStutters_11_137,0.057708740234375,0.1439208984375,0.0129241943359375,0.0219879150390625,0.202880859375
2142,HeStutters_5_16,0.135009765625,0.364990234375,0.484619140625,0.17138671875,0.12286376953125
2143,StutterTalk_37_43,0.050323486328125,0.09185791015625,0.107421875,0.1181640625,0.11260986328125
2144,WomenWhoStutter_81_108,0.04510498046875,0.09173583984375,0.017578125,0.1265869140625,0.77490234375
2145,StrongVoices_32_105,0.086181640625,0.1829833984375,0.06878662109375,0.138916015625,0.72705078125
2146,StutterTalk_18_24,0.018646240234375,0.09857177734375,0.049591064453125,0.28466796875,0.1982421875
2147,StutteringIsCool_75_1,0.0173797607421875,0.0784912109375,0.023284912109375,0.037384033203125,0.01666259765625
2148,WomenWhoStutter_22_32,0.272216796875,0.19677734375,0.08050537109375,0.1505126953125,0.07342529296875
2149,StutterTalk_66_0,0.018768310546875,0.07421875,0.016021728515625,0.054901123046875,0.072509765625
2150,HVSA_3_142,0.11163330078125,0.2763671875,0.47802734375,0.1063232421875,0.0762939453125
2151,WomenWhoStutter_87_43,0.57275390625,0.11260986328125,0.03424072265625,0.039947509765625,0.7763671875
2152,StrongVoices_25_19,0.237060546875,0.2310791015625,0.0325927734375,0.047515869140625,0.361572265625
2153,WomenWhoStutter_102_17,0.05889892578125,0.44287109375,0.359130859375,0.08599853515625,0.09515380859375
2154,StrongVoices_6_120,0.04681396484375,0.1845703125,0.0171051025390625,0.0185089111328125,0.0289764404296875
2155,StutterTalk_60_20,0.0831298828125,0.1246337890625,0.019989013671875,0.130615234375,0.80078125
2156,HeStutters_16_212,0.07330322265625,0.1629638671875,0.06256103515625,0.2032470703125,0.259521484375
2157,WomenWhoStutter_87_73,0.397216796875,0.137939453125,0.0296478271484375,0.022979736328125,0.736328125
2158,StutterTalk_23_12,0.053009033203125,0.1014404296875,0.0228424072265625,0.033660888671875,0.091552734375
2159,StutteringIsCool_23_6,0.01483917236328125,0.044921875,0.01384735107421875,0.03875732421875,0.0240936279296875
2160,StrongVoices_28_2,0.0965576171875,0.1480712890625,0.01678466796875,0.01374053955078125,0.0300445556640625
2161,WomenWhoStutter_62_37,0.07147216796875,0.058441162109375,0.0227203369140625,0.035675048828125,0.02606201171875
2162,StutteringIsCool_69_10,0.027008056640625,0.205810546875,0.138427734375,0.105224609375,0.0323486328125
2163,StutterTalk_72_91,0.1199951171875,0.297607421875,0.0638427734375,0.0369873046875,0.024566650390625
2164,HVSA_0_125,0.039947509765625,0.07861328125,0.00701141357421875,0.007518768310546875,0.038543701171875
2165,HeStutters_19_78,0.2210693359375,0.1588134765625,0.0297088623046875,0.085693359375,0.9404296875
2166,StutterTalk_64_22,0.08770751953125,0.0953369140625,0.043121337890625,0.03314208984375,0.1983642578125
2167,HVSA_1_165,0.03643798828125,0.2452392578125,0.105224609375,0.039642333984375,0.04779052734375
2168,WomenWhoStutter_37_17,0.08282470703125,0.277587890625,0.136474609375,0.020965576171875,0.0633544921875
2169,HVSA_2_23,0.310546875,0.2366943359375,0.21142578125,0.053192138671875,0.1541748046875
2170,StrongVoices_22_34,0.056549072265625,0.25927734375,0.15087890625,0.057586669921875,0.044677734375
2171,StrongVoices_23_112,0.403076171875,0.295654296875,0.093994140625,0.03204345703125,0.466796875
2172,StutterTalk_37_127,0.253173828125,0.2086181640625,0.202392578125,0.11517333984375,0.144287109375
2173,StutterTalk_53_0,0.0631103515625,0.233154296875,0.048309326171875,0.06781005859375,0.1444091796875
2174,StutteringIsCool_80_187,0.07763671875,0.11279296875,0.03277587890625,0.0312042236328125,0.038330078125
2175,HVSA_0_88,0.056976318359375,0.1700439453125,0.09771728515625,0.05450439453125,0.1668701171875
2176,StrongVoices_25_30,0.1929931640625,0.2017822265625,0.0257110595703125,0.02447509765625,0.1778564453125
2177,IStutterSoWhat_0_113,0.051177978515625,0.14111328125,0.0204925537109375,0.0214080810546875,0.0316162109375
2178,StrongVoices_18_6,0.23193359375,0.0948486328125,0.0103302001953125,0.01490020751953125,0.479736328125
2179,StrongVoices_8_32,0.25732421875,0.25537109375,0.044281005859375,0.0304412841796875,0.1312255859375
2180,StutteringIsCool_16_32,0.263916015625,0.1868896484375,0.0546875,0.09771728515625,0.91064453125
2181,StrongVoices_10_15,0.1949462890625,0.10302734375,0.06439208984375,0.070556640625,0.052520751953125
2182,WomenWhoStutter_2_43,0.14599609375,0.0894775390625,0.007724761962890625,0.03521728515625,0.1728515625
2183,StutterTalk_30_24,0.220703125,0.35888671875,0.184814453125,0.1573486328125,0.296875
2184,HeStutters_5_3,0.026458740234375,0.1727294921875,0.09185791015625,0.1278076171875,0.033843994140625
2185,StrongVoices_23_193,0.1685791015625,0.1744384765625,0.0164031982421875,0.00989532470703125,0.03912353515625
2186,StutterTalk_7_0,0.10211181640625,0.47509765625,0.6298828125,0.139404296875,0.06634521484375
2187,IStutterSoWhat_0_47,0.0221099853515625,0.06500244140625,0.01146697998046875,0.050994873046875,0.04327392578125
2188,StrongVoices_32_131,0.384033203125,0.0751953125,0.0177764892578125,0.0297088623046875,0.701171875
2189,StutterTalk_63_132,0.220703125,0.08880615234375,0.010528564453125,0.027008056640625,0.7744140625
2190,StrongVoices_21_171,0.1363525390625,0.331298828125,0.1737060546875,0.181884765625,0.032470703125
2191,StutterTalk_64_185,0.05499267578125,0.044097900390625,0.005664825439453125,0.0300445556640625,0.1923828125
2192,MyStutteringLife_5_18,0.044189453125,0.422119140625,0.452880859375,0.06927490234375,0.040618896484375
2193,StrongVoices_21_43,0.11474609375,0.1676025390625,0.041534423828125,0.1922607421875,0.48583984375
2194,HVSA_0_113,0.04052734375,0.086181640625,0.01137542724609375,0.02801513671875,0.273193359375
2195,WomenWhoStutter_58_23,0.0343017578125,0.141357421875,0.04296875,0.102294921875,0.191162109375
2196,HVSA_0_58,0.1405029296875,0.1820068359375,0.0210113525390625,0.007904052734375,0.25830078125
2197,StrongVoices_12_3,0.08282470703125,0.09173583984375,0.011871337890625,0.0394287109375,0.0284423828125
2198,StrongVoices_0_1,0.0272674560546875,0.07989501953125,0.00586700439453125,0.01971435546875,0.143310546875
2199,StrongVoices_32_72,0.044097900390625,0.1673583984375,0.01507568359375,0.0261993408203125,0.04510498046875
2200,WomenWhoStutter_86_125,0.0252685546875,0.1279296875,0.017578125,0.10089111328125,0.294921875
2201,StrongVoices_21_123,0.1573486328125,0.2841796875,0.07989501953125,0.070068359375,0.1890869140625
2202,StrongVoices_32_42,0.046295166015625,0.09027099609375,0.00809478759765625,0.0110321044921875,0.0390625
2203,StrongVoices_23_119,0.0509033203125,0.2076416015625,0.0258636474609375,0.017578125,0.06939697265625
2204,StutterTalk_12_27,0.2413330078125,0.120361328125,0.06878662109375,0.0849609375,0.63330078125
2205,StrongVoices_9_37,0.072265625,0.115966796875,0.0537109375,0.0616455078125,0.0255126953125
2206,HVSA_2_11,0.163818359375,0.2247314453125,0.07305908203125,0.06243896484375,0.20556640625
2207,StrongVoices_22_36,0.0285491943359375,0.06842041015625,0.02752685546875,0.038604736328125,0.0169830322265625
2208,HeStutters_11_48,0.0224609375,0.286376953125,0.1015625,0.1475830078125,0.10302734375
2209,StutterTalk_49_8,0.06927490234375,0.1201171875,0.0216217041015625,0.0221099853515625,0.042236328125
2210,StutteringIsCool_73_3,0.72607421875,0.09619140625,0.055419921875,0.036712646484375,0.0701904296875
2211,StutterTalk_76_39,0.11932373046875,0.0416259765625,0.00634002685546875,0.047607421875,0.1734619140625
2212,HVSA_2_68,0.0238189697265625,0.16064453125,0.06707763671875,0.15478515625,0.1407470703125
2213,StutterTalk_72_50,0.028106689453125,0.15966796875,0.047332763671875,0.045196533203125,0.0640869140625
2214,StutterTalk_72_89,0.268798828125,0.1883544921875,0.04296875,0.0223236083984375,0.034027099609375
2215,StutterTalk_63_11,0.060211181640625,0.08251953125,0.009674072265625,0.0153656005859375,0.154296875
2216,WomenWhoStutter_62_99,0.124755859375,0.2232666015625,0.058135986328125,0.08123779296875,0.206298828125
2217,HVSA_0_136,0.135009765625,0.05108642578125,0.00937652587890625,0.030792236328125,0.421875
2218,WomenWhoStutter_30_196,0.0794677734375,0.396484375,0.173583984375,0.0177764892578125,0.03594970703125
2219,StutteringIsCool_56_21,0.1820068359375,0.180419921875,0.035614013671875,0.020599365234375,0.0187225341796875
2220,StrongVoices_23_162,0.6640625,0.060089111328125,0.0165863037109375,0.01312255859375,0.35009765625
2221,StutteringIsCool_23_37,0.034881591796875,0.037322998046875,0.00844573974609375,0.0205230712890625,0.0489501953125
2222,HeStutters_5_111,0.08331298828125,0.2047119140625,0.038177490234375,0.03662109375,0.11553955078125
2223,StrongVoices_10_146,0.1407470703125,0.0943603515625,0.0204925537109375,0.0165863037109375,0.0213623046875
2224,WomenWhoStutter_2_39,0.1689453125,0.433837890625,0.327392578125,0.1026611328125,0.056640625
2225,WomenWhoStutter_14_0,0.020172119140625,0.1199951171875,0.0560302734375,0.2198486328125,0.056854248046875
2226,StrongVoices_21_160,0.0177764892578125,0.126953125,0.013427734375,0.0289764404296875,0.037689208984375
2227,StutterTalk_7_34,0.036346435546875,0.1143798828125,0.094482421875,0.08978271484375,0.10247802734375
2228,WomenWhoStutter_81_31,0.11676025390625,0.116943359375,0.03192138671875,0.0755615234375,0.319091796875
2229,HeStutters_5_153,0.1353759765625,0.14697265625,0.02801513671875,0.08709716796875,0.94482421875
2230,WomenWhoStutter_42_203,0.151611328125,0.1251220703125,0.01111602783203125,0.02288818359375,0.258056640625
2231,StutterTalk_8_144,0.2271728515625,0.1171875,0.06396484375,0.0831298828125,0.38623046875
2232,StrongVoices_32_171,0.109130859375,0.1424560546875,0.007205963134765625,0.0136871337890625,0.1400146484375
2233,HeStutters_2_181,0.06927490234375,0.199462890625,0.06512451171875,0.1998291015625,0.1317138671875
2234,StutterTalk_72_188,0.06854248046875,0.260498046875,0.0872802734375,0.32373046875,0.74365234375
2235,WomenWhoStutter_30_16,0.07208251953125,0.255859375,0.08416748046875,0.0144500732421875,0.0728759765625
2236,WomenWhoStutter_87_184,0.0266571044921875,0.11553955078125,0.03643798828125,0.03643798828125,0.0280609130859375
2237,StutteringIsCool_47_6,0.134765625,0.29052734375,0.05645751953125,0.05389404296875,0.12054443359375
2238,HVSA_1_78,0.08404541015625,0.1905517578125,0.085693359375,0.020599365234375,0.043853759765625
2239,StutterTalk_25_82,0.0194244384765625,0.1314697265625,0.035675048828125,0.1307373046875,0.14111328125
2240,HVSA_2_7,0.05987548828125,0.2445068359375,0.2022705078125,0.406494140625,0.65087890625
2241,MyStutteringLife_8_1,0.0975341796875,0.350830078125,0.2059326171875,0.36962890625,0.38720703125
2242,StrongVoices_22_1,0.1541748046875,0.313720703125,0.0809326171875,0.09808349609375,0.10797119140625
2243,StutteringIsCool_33_24,0.08465576171875,0.07476806640625,0.01490020751953125,0.0290374755859375,0.327392578125
2244,StutteringIsCool_16_5,0.07452392578125,0.116943359375,0.0137939453125,0.0167236328125,0.236572265625
2245,HVSA_0_59,0.06463623046875,0.1395263671875,0.02685546875,0.04779052734375,0.446044921875
2246,StrongVoices_14_0,0.043121337890625,0.193603515625,0.0165252685546875,0.01554107666015625,0.0521240234375
2247,StutterTalk_8_24,0.042633056640625,0.059539794921875,0.0125274658203125,0.01322174072265625,0.02484130859375
2248,StrongVoices_10_35,0.1331787109375,0.28466796875,0.0855712890625,0.05499267578125,0.348876953125
2249,StrongVoices_1_30,0.033599853515625,0.1614990234375,0.0225067138671875,0.052520751953125,0.06744384765625
2250,StutteringIsCool_60_30,0.0217742919921875,0.06982421875,0.0294189453125,0.0313720703125,0.0246124267578125
2251,StutterTalk_58_7,0.0184783935546875,0.09912109375,0.073974609375,0.1622314453125,0.06866455078125
2252,HeStutters_19_6,0.297607421875,0.1414794921875,0.02069091796875,0.054107666015625,0.047515869140625
2253,StutterTalk_36_23,0.13037109375,0.305419921875,0.1077880859375,0.206787109375,0.65673828125
2254,HVSA_1_102,0.2490234375,0.12042236328125,0.0222930908203125,0.0182342529296875,0.66552734375
2255,StutterTalk_8_122,0.07666015625,0.060211181640625,0.0276947021484375,0.054595947265625,0.27099609375
2256,HVSA_0_94,0.11614990234375,0.1033935546875,0.016021728515625,0.00908660888671875,0.06597900390625
2257,StrongVoices_17_4,0.050140380859375,0.165283203125,0.0272216796875,0.01837158203125,0.063232421875
2258,StutterTalk_76_36,0.109130859375,0.2335205078125,0.10284423828125,0.02288818359375,0.0240020751953125
2259,StutterTalk_26_113,0.06475830078125,0.319091796875,0.25244140625,0.375732421875,0.47802734375
2260,StutteringIsCool_33_32,0.1541748046875,0.07574462890625,0.00948333740234375,0.0252227783203125,0.04840087890625
2261,MyStutteringLife_1_30,0.051361083984375,0.081787109375,0.00760650634765625,0.0137939453125,0.045867919921875
2262,HeStutters_12_6,0.093017578125,0.0816650390625,0.011199951171875,0.020416259765625,0.0390625
2263,StutterTalk_31_21,0.027069091796875,0.0994873046875,0.0164031982421875,0.04681396484375,0.08538818359375
2264,StrongVoices_0_39,0.0863037109375,0.203369140625,0.02056884765625,0.01525115966796875,0.020843505859375
2265,StutterTalk_12_35,0.544921875,0.106689453125,0.058135986328125,0.0193023681640625,0.08123779296875
2266,StrongVoices_6_109,0.1492919921875,0.1640625,0.01554107666015625,0.0238189697265625,0.0289306640625
2267,StutteringIsCool_80_142,0.0318603515625,0.06890869140625,0.025665283203125,0.07354736328125,0.05645751953125
2268,WomenWhoStutter_22_11,0.13525390625,0.1973876953125,0.26318359375,0.1417236328125,0.146484375
2269,WomenWhoStutter_12_10,0.019561767578125,0.0743408203125,0.006744384765625,0.0413818359375,0.2098388671875
2270,StutteringIsCool_46_20,0.0174407958984375,0.07452392578125,0.02886962890625,0.128173828125,0.146240234375
2271,StutterTalk_1_28,0.06512451171875,0.307861328125,0.095703125,0.1787109375,0.390625
2272,WomenWhoStutter_102_19,0.330322265625,0.362060546875,0.1337890625,0.03204345703125,0.0312042236328125
2273,WomenWhoStutter_21_129,0.460205078125,0.181640625,0.039947509765625,0.0889892578125,0.341796875
2274,HVSA_3_21,0.1181640625,0.17919921875,0.058135986328125,0.038604736328125,0.1658935546875
2275,WomenWhoStutter_97_93,0.055511474609375,0.328369140625,0.45263671875,0.2418212890625,0.14208984375
2276,StrongVoices_23_91,0.16259765625,0.144775390625,0.013275146484375,0.017913818359375,0.1373291015625
2277,StutterTalk_18_13,0.0309600830078125,0.27197265625,0.2073974609375,0.10430908203125,0.037384033203125
2278,StrongVoices_32_114,0.0867919921875,0.438720703125,0.061767578125,0.0457763671875,0.0816650390625
2279,HeStutters_2_203,0.03753662109375,0.147705078125,0.0245208740234375,0.10321044921875,0.11456298828125
2280,StutteringIsCool_45_38,0.038116455078125,0.177978515625,0.0411376953125,0.014617919921875,0.0177154541015625
2281,StutteringIsCool_34_133,0.042816162109375,0.1358642578125,0.07354736328125,0.1998291015625,0.57861328125
2282,StrongVoices_7_23,0.044586181640625,0.10894775390625,0.00847625732421875,0.0197906494140625,0.06842041015625
2283,StutteringIsCool_14_11,0.06256103515625,0.06744384765625,0.028106689453125,0.03955078125,0.60986328125
2284,StutterTalk_38_0,0.12451171875,0.174072265625,0.05499267578125,0.0174407958984375,0.0209197998046875
2285,StutterTalk_72_141,0.51416015625,0.2230224609375,0.090087890625,0.05291748046875,0.06475830078125
2286,StrongVoices_6_40,0.02801513671875,0.1611328125,0.0289306640625,0.0261993408203125,0.05340576171875
2287,StrongVoices_29_18,0.11419677734375,0.285888671875,0.02532958984375,0.01837158203125,0.0775146484375
2288,HeStutters_7_4,0.42431640625,0.36376953125,0.2293701171875,0.0258026123046875,0.0323486328125
2289,StutterTalk_8_93,0.1209716796875,0.08587646484375,0.0287017822265625,0.0439453125,0.818359375
2290,StrongVoices_21_110,0.07611083984375,0.140380859375,0.11798095703125,0.06427001953125,0.0259552001953125
2291,WomenWhoStutter_62_15,0.0182342529296875,0.0838623046875,0.046112060546875,0.216064453125,0.1280517578125
2292,StrongVoices_23_101,0.06280517578125,0.06597900390625,0.040985107421875,0.020416259765625,0.01934814453125
2293,StrongVoices_32_124,0.07354736328125,0.24853515625,0.1475830078125,0.135009765625,0.281494140625
2294,StrongVoices_32_80,0.383544921875,0.1546630859375,0.11859130859375,0.01560211181640625,0.0970458984375
2295,StrongVoices_28_7,0.10302734375,0.06610107421875,0.0279083251953125,0.0709228515625,0.046478271484375
2296,HVSA_2_125,0.1414794921875,0.1781005859375,0.0965576171875,0.263671875,0.57177734375
2297,StutterTalk_38_19,0.49267578125,0.1541748046875,0.0252685546875,0.0171051025390625,0.0638427734375
2298,WomenWhoStutter_86_113,0.1849365234375,0.228271484375,0.053985595703125,0.1826171875,0.250244140625
2299,StutterTalk_1_24,0.050811767578125,0.398193359375,0.36279296875,0.2047119140625,0.172119140625
2300,HeStutters_16_53,0.10052490234375,0.172607421875,0.0184326171875,0.0252227783203125,0.45654296875
2301,StrongVoices_3_16,0.060089111328125,0.07794189453125,0.01433563232421875,0.0104522705078125,0.0165863037109375
2302,StutteringIsCool_50_36,0.1893310546875,0.04327392578125,0.00955963134765625,0.026763916015625,0.6396484375
2303,StrongVoices_10_148,0.07794189453125,0.147216796875,0.027008056640625,0.0194244384765625,0.1610107421875
2304,StutterTalk_63_70,0.194580078125,0.250244140625,0.046295166015625,0.060089111328125,0.6884765625
2305,WomenWhoStutter_2_77,0.049774169921875,0.18896484375,0.03021240234375,0.04010009765625,0.171142578125
2306,StrongVoices_10_212,0.7724609375,0.203125,0.1444091796875,0.050323486328125,0.22900390625
2307,StutterTalk_72_7,0.468017578125,0.115966796875,0.04486083984375,0.040252685546875,0.08929443359375
2308,HVSA_2_107,0.73046875,0.1953125,0.27685546875,0.08123779296875,0.09332275390625
2309,MyStutteringLife_1_37,0.06622314453125,0.371826171875,0.1256103515625,0.030670166015625,0.0222015380859375
2310,HeStutters_11_15,0.193359375,0.2010498046875,0.024993896484375,0.090576171875,0.916015625
2311,StutteringIsCool_43_30,0.0278472900390625,0.287841796875,0.41015625,0.261474609375,0.13134765625
2312,StutterTalk_63_163,0.12445068359375,0.16064453125,0.0226287841796875,0.11474609375,0.9140625
2313,StrongVoices_21_117,0.04443359375,0.10687255859375,0.0153656005859375,0.0187225341796875,0.047607421875
2314,StutterTalk_64_127,0.0285491943359375,0.09503173828125,0.019561767578125,0.06268310546875,0.2193603515625
2315,StutteringIsCool_47_0,0.06634521484375,0.07763671875,0.006984710693359375,0.03594970703125,0.12841796875
2316,StutterTalk_25_13,0.0802001953125,0.234619140625,0.11199951171875,0.063232421875,0.0177154541015625
2317,IStutterSoWhat_0_51,0.046112060546875,0.05987548828125,0.0089874267578125,0.0196380615234375,0.125732421875
2318,StutterTalk_37_36,0.06903076171875,0.14111328125,0.06878662109375,0.3583984375,0.45703125
2319,HeStutters_12_96,0.1378173828125,0.094482421875,0.011871337890625,0.0316162109375,0.94091796875
2320,StrongVoices_5_6,0.11358642578125,0.2469482421875,0.05987548828125,0.03302001953125,0.029541015625
2321,HeStutters_12_41,0.15234375,0.1529541015625,0.0615234375,0.0640869140625,0.050048828125
2322,StutterTalk_64_46,0.102294921875,0.091064453125,0.01214599609375,0.0294189453125,0.036712646484375
2323,StutterTalk_12_12,0.07330322265625,0.07305908203125,0.057373046875,0.0321044921875,0.05059814453125
2324,StutteringIsCool_80_201,0.04345703125,0.1895751953125,0.11083984375,0.0849609375,0.06915283203125
2325,StrongVoices_10_202,0.06500244140625,0.1246337890625,0.024566650390625,0.025909423828125,0.017852783203125
2326,MyStutteringLife_21_19,0.10302734375,0.11260986328125,0.01519012451171875,0.018646240234375,0.0260009765625
2327,WomenWhoStutter_102_33,0.0257568359375,0.08758544921875,0.019012451171875,0.026702880859375,0.0238189697265625
2328,StutterTalk_37_99,0.1055908203125,0.0638427734375,0.0261077880859375,0.1578369140625,0.88720703125
2329,StutterTalk_77_27,0.4970703125,0.40869140625,0.548828125,0.11065673828125,0.1121826171875
2330,StrongVoices_23_177,0.158203125,0.2476806640625,0.0248870849609375,0.0199127197265625,0.1187744140625
2331,StrongVoices_21_19,0.0271759033203125,0.1973876953125,0.059661865234375,0.11968994140625,0.04486083984375
2332,StutterTalk_58_10,0.0582275390625,0.130126953125,0.061431884765625,0.194580078125,0.734375
2333,StutterTalk_64_124,0.09320068359375,0.130126953125,0.036224365234375,0.06097412109375,0.353271484375
2334,WomenWhoStutter_62_13,0.1339111328125,0.27685546875,0.13671875,0.11859130859375,0.371337890625
2335,WomenWhoStutter_102_22,0.01507568359375,0.12347412109375,0.021820068359375,0.107421875,0.09857177734375
2336,StutterTalk_1_25,0.2276611328125,0.457275390625,0.419921875,0.09075927734375,0.056976318359375
2337,HeStutters_5_39,0.0517578125,0.33203125,0.267333984375,0.152587890625,0.0482177734375
2338,StutterTalk_37_123,0.04107666015625,0.0792236328125,0.045013427734375,0.313720703125,0.1121826171875
2339,HVSA_2_10,0.06927490234375,0.3896484375,0.279296875,0.1014404296875,0.0615234375
2340,WomenWhoStutter_64_31,0.315673828125,0.07806396484375,0.0082855224609375,0.018768310546875,0.86181640625
2341,HeStutters_18_156,0.3369140625,0.183349609375,0.06500244140625,0.1541748046875,0.1790771484375
2342,StutterTalk_77_25,0.4306640625,0.23681640625,0.06512451171875,0.01512908935546875,0.041229248046875
2343,WomenWhoStutter_96_19,0.0635986328125,0.194580078125,0.0204925537109375,0.059967041015625,0.11163330078125
2344,StutteringIsCool_33_15,0.08660888671875,0.280517578125,0.1632080078125,0.318603515625,0.205322265625
2345,MyStutteringLife_0_11,0.0352783203125,0.09893798828125,0.0161590576171875,0.06488037109375,0.1610107421875
2346,StrongVoices_3_34,0.040924072265625,0.185302734375,0.0214080810546875,0.021697998046875,0.019683837890625
2347,WomenWhoStutter_42_273,0.58447265625,0.10247802734375,0.05511474609375,0.1715087890625,0.382080078125
2348,HeStutters_16_187,0.033599853515625,0.057373046875,0.00586700439453125,0.0125732421875,0.027801513671875
2349,StrongVoices_23_13,0.4150390625,0.2022705078125,0.148193359375,0.0205230712890625,0.0633544921875
2350,HVSA_3_26,0.1087646484375,0.455078125,0.6298828125,0.235107421875,0.2509765625
2351,StrongVoices_21_91,0.09503173828125,0.10174560546875,0.01242828369140625,0.027008056640625,0.6064453125
2352,WomenWhoStutter_58_26,0.155029296875,0.115966796875,0.0104522705078125,0.044586181640625,0.8798828125
2353,WomenWhoStutter_86_34,0.037811279296875,0.3115234375,0.10107421875,0.2073974609375,0.1441650390625
2354,HVSA_1_62,0.048675537109375,0.287841796875,0.18359375,0.0830078125,0.041473388671875
2355,HeStutters_11_94,0.30419921875,0.249755859375,0.10650634765625,0.045196533203125,0.11859130859375
2356,StrongVoices_19_8,0.07489013671875,0.07781982421875,0.007488250732421875,0.0216217041015625,0.06756591796875
2357,StutterTalk_8_162,0.11065673828125,0.07720947265625,0.02532958984375,0.039947509765625,0.044769287109375
2358,StutterTalk_12_34,0.0640869140625,0.056243896484375,0.007843017578125,0.024383544921875,0.80322265625
2359,StrongVoices_23_32,0.1549072265625,0.2254638671875,0.03173828125,0.0212860107421875,0.1961669921875
2360,StutterTalk_37_72,0.78515625,0.10504150390625,0.052032470703125,0.03289794921875,0.30810546875
2361,StutterTalk_69_18,0.13427734375,0.389892578125,0.06805419921875,0.021209716796875,0.1282958984375
2362,StutteringIsCool_1_2,0.03839111328125,0.06524658203125,0.0189056396484375,0.06231689453125,0.39111328125
2363,WomenWhoStutter_2_55,0.165771484375,0.435546875,0.1856689453125,0.08831787109375,0.7265625
2364,StrongVoices_21_172,0.059967041015625,0.2088623046875,0.0869140625,0.1427001953125,0.06512451171875
2365,HVSA_2_43,0.18212890625,0.23828125,0.294921875,0.234375,0.1605224609375
2366,WomenWhoStutter_22_20,0.044921875,0.2265625,0.10430908203125,0.14794921875,0.07122802734375
2367,StutterTalk_26_173,0.1334228515625,0.1278076171875,0.03204345703125,0.056976318359375,0.2421875
2368,StutterTalk_62_21,0.040924072265625,0.052032470703125,0.0228424072265625,0.048126220703125,0.0285491943359375
2369,StrongVoices_5_33,0.279541015625,0.2183837890625,0.04595947265625,0.03753662109375,0.0204925537109375
2370,StrongVoices_31_37,0.258056640625,0.255859375,0.1270751953125,0.0258026123046875,0.038330078125
2371,StrongVoices_33_24,0.06097412109375,0.135498046875,0.0311431884765625,0.0751953125,0.1104736328125
2372,StutterTalk_32_1,0.051177978515625,0.134033203125,0.01009368896484375,0.0301055908203125,0.5380859375
2373,WomenWhoStutter_86_153,0.1580810546875,0.1744384765625,0.01507568359375,0.05499267578125,0.92626953125
2374,WomenWhoStutter_28_8,0.25732421875,0.1468505859375,0.01473236083984375,0.01678466796875,0.11358642578125
2375,HVSA_0_9,0.1934814453125,0.1715087890625,0.044189453125,0.033905029296875,0.1820068359375
2376,StutteringIsCool_65_4,0.07720947265625,0.06292724609375,0.059539794921875,0.01111602783203125,0.014007568359375
2377,StutteringIsCool_34_158,0.0225067138671875,0.12054443359375,0.0309600830078125,0.1451416015625,0.10125732421875
2378,WomenWhoStutter_42_78,0.0411376953125,0.220703125,0.1131591796875,0.026702880859375,0.045196533203125
2379,StutteringIsCool_17_4,0.08770751953125,0.0509033203125,0.01507568359375,0.036224365234375,0.0634765625
2380,WomenWhoStutter_96_112,0.08538818359375,0.37841796875,0.329833984375,0.501953125,0.42724609375
2381,StutterTalk_8_91,0.1614990234375,0.14892578125,0.282958984375,0.07781982421875,0.044097900390625
2382,StutterTalk_25_3,0.0190887451171875,0.0953369140625,0.01348114013671875,0.02886962890625,0.056121826171875
2383,HVSA_0_60,0.035003662109375,0.135498046875,0.05419921875,0.10760498046875,0.056549072265625
2384,HeStutters_16_28,0.03131103515625,0.12646484375,0.0282745361328125,0.1431884765625,0.52587890625
2385,StutterTalk_28_35,0.03582763671875,0.1163330078125,0.01374053955078125,0.024383544921875,0.06500244140625
2386,HVSA_2_25,0.2186279296875,0.1365966796875,0.045684814453125,0.04046630859375,0.4560546875
2387,StutterTalk_72_53,0.184326171875,0.215576171875,0.10821533203125,0.12890625,0.0241851806640625
2388,WomenWhoStutter_81_107,0.289306640625,0.11065673828125,0.020172119140625,0.05419921875,0.91552734375
2389,WomenWhoStutter_2_127,0.1273193359375,0.0975341796875,0.03240966796875,0.1007080078125,0.5771484375
2390,StutteringIsCool_34_173,0.1917724609375,0.10211181640625,0.093017578125,0.377685546875,0.84228515625
2391,HeStutters_11_87,0.09027099609375,0.1978759765625,0.050994873046875,0.1300048828125,0.3388671875
2392,StutterTalk_64_135,0.056549072265625,0.10650634765625,0.06085205078125,0.0699462890625,0.031494140625
2393,StutterTalk_25_140,0.062103271484375,0.1365966796875,0.03759765625,0.13671875,0.8701171875
2394,StutteringIsCool_76_7,0.06427001953125,0.2467041015625,0.23583984375,0.431640625,0.093505859375
2395,StutterTalk_10_14,0.105224609375,0.090087890625,0.01450347900390625,0.055511474609375,0.0843505859375
2396,StutterTalk_42_17,0.0189056396484375,0.11163330078125,0.0170440673828125,0.049407958984375,0.043365478515625
2397,StrongVoices_23_79,0.404296875,0.270263671875,0.05499267578125,0.0374755859375,0.08819580078125
2398,HVSA_1_170,0.05059814453125,0.1640625,0.166259765625,0.085693359375,0.037811279296875
2399,StutterTalk_12_20,0.26708984375,0.12451171875,0.040985107421875,0.03594970703125,0.7333984375
2400,HeStutters_2_150,0.1644287109375,0.346435546875,0.34619140625,0.045440673828125,0.027740478515625
2401,StutteringIsCool_80_89,0.05224609375,0.05389404296875,0.012969970703125,0.08831787109375,0.027740478515625
2402,HVSA_2_153,0.13671875,0.285888671875,0.490234375,0.206787109375,0.118408203125
2403,WomenWhoStutter_30_66,0.036834716796875,0.08709716796875,0.006145477294921875,0.00945281982421875,0.07781982421875
2404,StutteringIsCool_80_124,0.1221923828125,0.07861328125,0.0116424560546875,0.00806427001953125,0.058135986328125
2405,HVSA_0_8,0.0333251953125,0.07891845703125,0.0240478515625,0.09515380859375,0.218017578125
2406,StutterTalk_68_114,0.150390625,0.25341796875,0.115966796875,0.261474609375,0.86669921875
2407,HeStutters_5_160,0.0802001953125,0.1328125,0.0517578125,0.1368408203125,0.1287841796875
2408,StrongVoices_32_78,0.167724609375,0.21435546875,0.046722412109375,0.0147857666015625,0.047332763671875
2409,StutterTalk_68_188,0.0264129638671875,0.0582275390625,0.006641387939453125,0.0169830322265625,0.05126953125
2410,StutterTalk_8_140,0.047088623046875,0.1434326171875,0.136474609375,0.0810546875,0.04083251953125
2411,StutterTalk_12_17,0.1300048828125,0.097900390625,0.06085205078125,0.04986572265625,0.55224609375
2412,HeStutters_18_84,0.020721435546875,0.169189453125,0.039276123046875,0.12261962890625,0.08465576171875
2413,StutterTalk_64_57,0.2578125,0.05877685546875,0.01262664794921875,0.03338623046875,0.82861328125
2414,StutterTalk_51_35,0.0182952880859375,0.193359375,0.07183837890625,0.07684326171875,0.04949951171875
2415,HVSA_0_86,0.042083740234375,0.173828125,0.0379638671875,0.01473236083984375,0.0261077880859375
2416,HeStutters_18_56,0.037384033203125,0.09771728515625,0.0191192626953125,0.049224853515625,0.026611328125
2417,StutterTalk_25_138,0.0256195068359375,0.1583251953125,0.01560211181640625,0.01763916015625,0.05718994140625
2418,StutterTalk_63_0,0.2315673828125,0.09503173828125,0.015838623046875,0.01898193359375,0.1177978515625
2419,HeStutters_12_133,0.0943603515625,0.253662109375,0.073974609375,0.0154266357421875,0.11126708984375
2420,StutterTalk_55_21,0.0299224853515625,0.077392578125,0.0059356689453125,0.021331787109375,0.033782958984375
2421,StutterTalk_59_10,0.021575927734375,0.1905517578125,0.1497802734375,0.43505859375,0.1513671875
2422,HeStutters_18_57,0.0640869140625,0.09173583984375,0.007843017578125,0.079345703125,0.6552734375
2423,WomenWhoStutter_2_91,0.1285400390625,0.1580810546875,0.09320068359375,0.07183837890625,0.2047119140625
2424,HVSA_2_156,0.054412841796875,0.12890625,0.07696533203125,0.1893310546875,0.6865234375
2425,WomenWhoStutter_82_4,0.079345703125,0.11199951171875,0.026611328125,0.1439208984375,0.81591796875
2426,StrongVoices_6_59,0.57177734375,0.246337890625,0.106689453125,0.041473388671875,0.046478271484375
2427,StutteringIsCool_27_32,0.030792236328125,0.097900390625,0.07965087890625,0.023193359375,0.018829345703125
2428,WomenWhoStutter_79_0,0.08270263671875,0.1143798828125,0.021331787109375,0.1041259765625,0.92578125
2429,HVSA_3_135,0.37060546875,0.31689453125,0.2919921875,0.0258026123046875,0.04620361328125
2430,HeStutters_16_133,0.06243896484375,0.1441650390625,0.037750244140625,0.1246337890625,0.125244140625
2431,StrongVoices_23_195,0.568359375,0.203369140625,0.11297607421875,0.02337646484375,0.07464599609375
2432,StrongVoices_5_10,0.29931640625,0.0849609375,0.0147857666015625,0.01678466796875,0.0341796875
2433,StrongVoices_23_75,0.2393798828125,0.2314453125,0.034942626953125,0.01751708984375,0.1810302734375
2434,WomenWhoStutter_46_14,0.3642578125,0.1268310546875,0.0360107421875,0.036895751953125,0.791015625
2435,WomenWhoStutter_46_27,0.11517333984375,0.09368896484375,0.024566650390625,0.1514892578125,0.57373046875
2436,WomenWhoStutter_10_196,0.1153564453125,0.1199951171875,0.00997161865234375,0.0143890380859375,0.05645751953125
2437,WomenWhoStutter_14_125,0.05291748046875,0.165283203125,0.0235595703125,0.059326171875,0.2080078125
2438,StrongVoices_17_21,0.251220703125,0.1815185546875,0.019989013671875,0.012969970703125,0.3974609375
2439,HVSA_2_24,0.349609375,0.10723876953125,0.06805419921875,0.060302734375,0.2371826171875
2440,WomenWhoStutter_62_81,0.075439453125,0.287841796875,0.2489013671875,0.116943359375,0.08416748046875
2441,WomenWhoStutter_90_20,0.10650634765625,0.32763671875,0.46630859375,0.60791015625,0.431396484375
2442,MyStutteringLife_25_0,0.0244293212890625,0.2073974609375,0.1104736328125,0.1737060546875,0.134033203125
2443,WomenWhoStutter_30_165,0.08038330078125,0.1217041015625,0.01507568359375,0.01142120361328125,0.06768798828125
2444,WomenWhoStutter_12_36,0.050048828125,0.0755615234375,0.0092315673828125,0.1536865234375,0.4892578125
2445,StrongVoices_14_35,0.1617431640625,0.08416748046875,0.06854248046875,0.023284912109375,0.0953369140625
2446,WomenWhoStutter_86_80,0.090087890625,0.1131591796875,0.00653839111328125,0.0333251953125,0.7783203125
2447,WomenWhoStutter_30_30,0.230224609375,0.055816650390625,0.008880615234375,0.02691650390625,0.346923828125
2448,HeStutters_16_55,0.0948486328125,0.054595947265625,0.00841522216796875,0.04376220703125,0.07977294921875
2449,StrongVoices_17_36,0.165283203125,0.245849609375,0.029541015625,0.02801513671875,0.0306243896484375
2450,IStutterSoWhat_3_156,0.10174560546875,0.14111328125,0.07684326171875,0.0177154541015625,0.05792236328125
2451,StutterTalk_68_164,0.05633544921875,0.1270751953125,0.0118255615234375,0.058441162109375,0.1778564453125
2452,StutterTalk_25_163,0.0631103515625,0.06561279296875,0.011871337890625,0.026763916015625,0.08197021484375
2453,WomenWhoStutter_97_95,0.06573486328125,0.1798095703125,0.0209197998046875,0.041534423828125,0.04986572265625
2454,HeStutters_11_41,0.070068359375,0.086181640625,0.00806427001953125,0.0170440673828125,0.0269622802734375
2455,StutterTalk_68_206,0.0139007568359375,0.1063232421875,0.04779052734375,0.056640625,0.05108642578125
2456,StutteringIsCool_61_33,0.091552734375,0.239013671875,0.0263519287109375,0.025177001953125,0.50341796875
2457,HeStutters_11_14,0.23193359375,0.30126953125,0.073974609375,0.0743408203125,0.53369140625
2458,StutterTalk_62_13,0.03753662109375,0.11376953125,0.0197906494140625,0.0210418701171875,0.0241851806640625
2459,WomenWhoStutter_87_163,0.250732421875,0.11199951171875,0.0222015380859375,0.057281494140625,0.8896484375
2460,StutterTalk_78_1,0.10174560546875,0.254150390625,0.1602783203125,0.271484375,0.83837890625
2461,StrongVoices_32_8,0.26171875,0.1927490234375,0.026611328125,0.033538818359375,0.04949951171875
2462,StrongVoices_23_138,0.05194091796875,0.2220458984375,0.040008544921875,0.0282135009765625,0.07421875
2463,WomenWhoStutter_30_21,0.056243896484375,0.047515869140625,0.004665374755859375,0.011871337890625,0.040924072265625
2464,WomenWhoStutter_96_72,0.11163330078125,0.2288818359375,0.08251953125,0.053314208984375,0.0311431884765625
2465,WomenWhoStutter_49_2,0.0615234375,0.36865234375,0.43115234375,0.2294921875,0.1187744140625
2466,WomenWhoStutter_10_136,0.286865234375,0.35400390625,0.2049560546875,0.038543701171875,0.091064453125
2467,MyStutteringLife_0_20,0.0546875,0.1309814453125,0.033660888671875,0.02606201171875,0.038818359375
2468,StutterTalk_25_137,0.058349609375,0.14990234375,0.02001953125,0.03216552734375,0.05706787109375
2469,StutterTalk_54_9,0.05023193359375,0.053497314453125,0.01177978515625,0.11279296875,0.116943359375
2470,StutteringIsCool_49_39,0.07342529296875,0.286865234375,0.07666015625,0.0310821533203125,0.1163330078125
2471,WomenWhoStutter_21_194,0.380126953125,0.339599609375,0.318359375,0.03643798828125,0.038818359375
2472,StrongVoices_9_8,0.0728759765625,0.109130859375,0.01512908935546875,0.01467132568359375,0.0330810546875
2473,HeStutters_10_34,0.028106689453125,0.1474609375,0.1397705078125,0.52490234375,0.255859375
2474,StutterTalk_4_33,0.042388916015625,0.04742431640625,0.00572967529296875,0.01238250732421875,0.0287628173828125
2475,StutteringIsCool_17_38,0.10821533203125,0.0792236328125,0.0177764892578125,0.043212890625,0.76025390625
2476,WomenWhoStutter_49_26,0.126220703125,0.11029052734375,0.0192718505859375,0.053985595703125,0.6474609375
2477,StutteringIsCool_23_1,0.0411376953125,0.1026611328125,0.08526611328125,0.0234222412109375,0.055816650390625
2478,HeStutters_5_43,0.08758544921875,0.090087890625,0.012237548828125,0.06451416015625,0.67919921875
2479,StutterTalk_8_124,0.09930419921875,0.1143798828125,0.129638671875,0.0535888671875,0.0325927734375
2480,StutterTalk_62_7,0.07366943359375,0.060302734375,0.008880615234375,0.019866943359375,0.37353515625
2481,WomenWhoStutter_73_34,0.2132568359375,0.158447265625,0.0160980224609375,0.0460205078125,0.67138671875
2482,StrongVoices_10_112,0.04803466796875,0.09283447265625,0.0264129638671875,0.0751953125,0.287353515625
2483,WomenWhoStutter_42_137,0.43798828125,0.1341552734375,0.042388916015625,0.040679931640625,0.03662109375
2484,StutterTalk_26_3,0.033599853515625,0.054412841796875,0.00864410400390625,0.017303466796875,0.0699462890625
2485,StrongVoices_9_4,0.141845703125,0.331787109375,0.08465576171875,0.02752685546875,0.0640869140625
2486,HeStutters_7_18,0.0709228515625,0.265869140625,0.056640625,0.021240234375,0.01473236083984375
2487,StutterTalk_16_32,0.05340576171875,0.286376953125,0.0810546875,0.0199432373046875,0.0894775390625
2488,StrongVoices_29_12,0.022247314453125,0.0889892578125,0.0212860107421875,0.0318603515625,0.03802490234375
2489,StrongVoices_7_8,0.0284423828125,0.1929931640625,0.052825927734375,0.070556640625,0.030914306640625
2490,StutterTalk_64_184,0.06634521484375,0.063720703125,0.0236053466796875,0.06878662109375,0.037109375
2491,StutterTalk_15_36,0.53955078125,0.41845703125,0.501953125,0.1798095703125,0.13916015625
2492,StutteringIsCool_46_34,0.1700439453125,0.208984375,0.0204925537109375,0.03326416015625,0.78564453125
2493,StrongVoices_32_21,0.037384033203125,0.1414794921875,0.0154266357421875,0.0181884765625,0.0177764892578125
2494,StrongVoices_23_28,0.263427734375,0.322265625,0.384033203125,0.0615234375,0.030792236328125
2495,StutterTalk_59_8,0.1134033203125,0.1707763671875,0.0189361572265625,0.07275390625,0.70068359375
2496,StutteringIsCool_45_21,0.20556640625,0.1678466796875,0.09417724609375,0.06597900390625,0.0203704833984375
2497,StrongVoices_10_216,0.2021484375,0.10107421875,0.03271484375,0.0640869140625,0.252197265625
2498,StutteringIsCool_75_24,0.11981201171875,0.0823974609375,0.01450347900390625,0.044281005859375,0.82421875
2499,StutterTalk_54_11,0.1922607421875,0.09027099609375,0.00937652587890625,0.0482177734375,0.876953125
2500,HeStutters_12_127,0.1419677734375,0.2410888671875,0.0548095703125,0.0537109375,0.2467041015625
2501,HeStutters_11_84,0.271728515625,0.1124267578125,0.00734710693359375,0.03662109375,0.270751953125
2502,StutterTalk_8_148,0.1336669921875,0.25341796875,0.374755859375,0.08331298828125,0.077392578125
2503,StutterTalk_16_11,0.045196533203125,0.2203369140625,0.1829833984375,0.1953125,0.453369140625
2504,HeStutters_19_29,0.0323486328125,0.06561279296875,0.006145477294921875,0.021209716796875,0.12939453125
2505,HeStutters_11_62,0.16015625,0.12213134765625,0.0252227783203125,0.05572509765625,0.06549072265625
2506,StrongVoices_3_21,0.06805419921875,0.12054443359375,0.015777587890625,0.0163421630859375,0.011688232421875
2507,IStutterSoWhat_3_128,0.1571044921875,0.2181396484375,0.290283203125,0.383056640625,0.3515625
2508,HVSA_2_134,0.07305908203125,0.252197265625,0.2103271484375,0.165283203125,0.12054443359375
2509,HeStutters_12_115,0.06939697265625,0.06793212890625,0.0063629150390625,0.030853271484375,0.2666015625
2510,StrongVoices_12_19,0.049774169921875,0.05780029296875,0.0058441162109375,0.029205322265625,0.02606201171875
2511,StrongVoices_32_197,0.043121337890625,0.1719970703125,0.0219879150390625,0.02532958984375,0.06561279296875
2512,StrongVoices_20_28,0.2037353515625,0.183837890625,0.038177490234375,0.0333251953125,0.0634765625
2513,StutterTalk_26_63,0.0994873046875,0.06500244140625,0.0150146484375,0.044281005859375,0.0202484130859375
2514,StrongVoices_6_122,0.28466796875,0.1749267578125,0.03753662109375,0.0227203369140625,0.030670166015625
2515,HVSA_2_109,0.04931640625,0.29296875,0.35302734375,0.2318115234375,0.08270263671875
2516,StrongVoices_20_21,0.09136962890625,0.1976318359375,0.01678466796875,0.0090179443359375,0.06109619140625
2517,StutterTalk_37_172,0.19580078125,0.19091796875,0.06732177734375,0.08880615234375,0.08990478515625
2518,StutteringIsCool_1_18,0.029815673828125,0.08758544921875,0.028656005859375,0.093994140625,0.10797119140625
2519,StutteringIsCool_46_174,0.432373046875,0.0753173828125,0.0194549560546875,0.0258636474609375,0.1314697265625
2520,StutterTalk_62_26,0.08978271484375,0.0496826171875,0.01560211181640625,0.0165863037109375,0.029083251953125
2521,StrongVoices_6_126,0.131103515625,0.2783203125,0.0269622802734375,0.026153564453125,0.0455322265625
2522,HeStutters_11_83,0.10797119140625,0.10107421875,0.00803375244140625,0.089599609375,0.716796875
2523,StrongVoices_19_3,0.152099609375,0.046539306640625,0.010650634765625,0.01495361328125,0.07720947265625
2524,StutterTalk_76_10,0.102294921875,0.260498046875,0.1187744140625,0.039337158203125,0.1019287109375
2525,StutterTalk_58_17,0.1910400390625,0.286865234375,0.5400390625,0.57763671875,0.4111328125
2526,StutterTalk_7_22,0.041534423828125,0.0894775390625,0.026458740234375,0.1279296875,0.1370849609375
2527,StutterTalk_26_0,0.02215576171875,0.136474609375,0.06610107421875,0.0738525390625,0.044525146484375
2528,StrongVoices_0_22,0.02276611328125,0.0994873046875,0.017181396484375,0.0241851806640625,0.0162200927734375
2529,WomenWhoStutter_97_94,0.11419677734375,0.483642578125,0.25830078125,0.319580078125,0.1993408203125
2530,StutteringIsCool_70_26,0.044281005859375,0.040924072265625,0.0121917724609375,0.035491943359375,0.033538818359375
2531,HVSA_1_80,0.04559326171875,0.33740234375,0.2132568359375,0.218017578125,0.19677734375
2532,HeStutters_11_23,0.1617431640625,0.50048828125,0.314453125,0.11419677734375,0.4794921875
2533,WomenWhoStutter_86_135,0.1605224609375,0.1104736328125,0.017181396484375,0.10992431640625,0.880859375
2534,WomenWhoStutter_62_104,0.04351806640625,0.09368896484375,0.0401611328125,0.306396484375,0.4951171875
2535,StutterTalk_64_36,0.2481689453125,0.0633544921875,0.03912353515625,0.0290374755859375,0.332275390625
2536,HeStutters_12_25,0.038238525390625,0.1710205078125,0.0276947021484375,0.020172119140625,0.0560302734375
2537,WomenWhoStutter_63_12,0.384765625,0.1171875,0.01332855224609375,0.036895751953125,0.23095703125
2538,StrongVoices_29_5,0.2039794921875,0.10394287109375,0.0119171142578125,0.00734710693359375,0.0369873046875
2539,HeStutters_12_63,0.050048828125,0.1558837890625,0.034423828125,0.0136871337890625,0.044281005859375
2540,WomenWhoStutter_86_78,0.10650634765625,0.17578125,0.06890869140625,0.38232421875,0.78271484375
2541,HVSA_3_118,0.140380859375,0.1346435546875,0.1585693359375,0.04046630859375,0.0244293212890625
2542,StrongVoices_23_71,0.2462158203125,0.408935546875,0.2115478515625,0.042877197265625,0.35693359375
2543,WomenWhoStutter_62_219,0.057708740234375,0.1397705078125,0.1357421875,0.5244140625,0.34375
2544,StutterTalk_49_33,0.0552978515625,0.077392578125,0.005428314208984375,0.0118255615234375,0.057586669921875
2545,StutteringIsCool_33_16,0.06427001953125,0.1510009765625,0.078369140625,0.047515869140625,0.030670166015625
2546,WomenWhoStutter_2_40,0.17822265625,0.162109375,0.02203369140625,0.04931640625,0.9248046875
2547,StrongVoices_32_130,0.728515625,0.321044921875,0.40576171875,0.1187744140625,0.10211181640625
2548,HeStutters_11_203,0.035888671875,0.1309814453125,0.040374755859375,0.051849365234375,0.04876708984375
2549,StutteringIsCool_17_0,0.0323486328125,0.092041015625,0.00803375244140625,0.0153045654296875,0.093017578125
2550,WomenWhoStutter_42_52,0.11297607421875,0.09930419921875,0.01085662841796875,0.04595947265625,0.79248046875
2551,StutterTalk_12_15,0.373046875,0.08648681640625,0.040374755859375,0.021575927734375,0.038604736328125
2552,StutteringIsCool_79_35,0.064208984375,0.41259765625,0.59814453125,0.275390625,0.09368896484375
2553,HeStutters_5_63,0.31884765625,0.292236328125,0.318359375,0.051666259765625,0.034942626953125
2554,StrongVoices_1_29,0.04913330078125,0.089599609375,0.0094146728515625,0.0121917724609375,0.0163421630859375
2555,HeStutters_11_96,0.09844970703125,0.1925048828125,0.03875732421875,0.045013427734375,0.08251953125
2556,StutteringIsCool_17_31,0.174560546875,0.194580078125,0.0290374755859375,0.0101318359375,0.038116455078125
2557,HeStutters_3_37,0.05291748046875,0.26953125,0.244873046875,0.45458984375,0.39404296875
2558,HVSA_2_139,0.06671142578125,0.1727294921875,0.09124755859375,0.06939697265625,0.030792236328125
2559,WomenWhoStutter_79_39,0.055419921875,0.06695556640625,0.01177978515625,0.041534423828125,0.029205322265625
2560,HeStutters_18_82,0.138916015625,0.16259765625,0.023956298828125,0.126953125,0.63427734375
2561,WomenWhoStutter_30_128,0.043365478515625,0.05560302734375,0.00714874267578125,0.013427734375,0.05780029296875
2562,HVSA_0_43,0.206298828125,0.12322998046875,0.0225830078125,0.03265380859375,0.55517578125
2563,StutteringIsCool_70_10,0.0225830078125,0.03533935546875,0.0095977783203125,0.0301513671875,0.0268096923828125
2564,StutterTalk_64_153,0.451904296875,0.08465576171875,0.042327880859375,0.0830078125,0.66162109375
2565,WomenWhoStutter_14_39,0.11102294921875,0.292236328125,0.1964111328125,0.26953125,0.6884765625
2566,StutteringIsCool_70_21,0.054901123046875,0.16455078125,0.00981903076171875,0.0173797607421875,0.2099609375
2567,WomenWhoStutter_81_163,0.0147857666015625,0.1871337890625,0.08404541015625,0.322265625,0.11737060546875
2568,StutterTalk_26_99,0.08465576171875,0.0966796875,0.030670166015625,0.0965576171875,0.2744140625
2569,StrongVoices_28_11,0.53955078125,0.34130859375,0.1331787109375,0.045867919921875,0.09619140625
2570,StrongVoices_23_194,0.301513671875,0.3876953125,0.168701171875,0.026458740234375,0.06231689453125
2571,StrongVoices_21_173,0.05792236328125,0.0999755859375,0.01146697998046875,0.01348114013671875,0.033599853515625
2572,WomenWhoStutter_86_33,0.042816162109375,0.093505859375,0.01763916015625,0.1273193359375,0.06597900390625
2573,StutterTalk_18_27,0.03204345703125,0.185546875,0.09136962890625,0.43115234375,0.56201171875
2574,HVSA_1_30,0.07965087890625,0.320068359375,0.1810302734375,0.025909423828125,0.043121337890625
2575,HVSA_1_149,0.68896484375,0.091064453125,0.0243377685546875,0.0330810546875,0.7529296875
2576,WomenWhoStutter_21_123,0.368896484375,0.07183837890625,0.00626373291015625,0.01678466796875,0.103759765625
2577,StutterTalk_8_121,0.0316162109375,0.11456298828125,0.102294921875,0.1417236328125,0.035888671875
2578,StutterTalk_26_126,0.0264129638671875,0.077392578125,0.00916290283203125,0.03533935546875,0.07684326171875
2579,StutteringIsCool_1_12,0.0258636474609375,0.042816162109375,0.004962921142578125,0.01678466796875,0.0276947021484375
2580,StrongVoices_3_0,0.060638427734375,0.2144775390625,0.047943115234375,0.0225372314453125,0.018341064453125
2581,MyStutteringLife_8_10,0.0179901123046875,0.185546875,0.061981201171875,0.06524658203125,0.040985107421875
2582,StutteringIsCool_70_1,0.0302734375,0.07159423828125,0.0202484130859375,0.0460205078125,0.0222015380859375
2583,StrongVoices_17_22,0.07965087890625,0.11859130859375,0.0116424560546875,0.01242828369140625,0.072265625
2584,StutterTalk_26_48,0.0223236083984375,0.143798828125,0.02276611328125,0.07122802734375,0.08758544921875
2585,WomenWhoStutter_10_80,0.07598876953125,0.1370849609375,0.036773681640625,0.0889892578125,0.0323486328125
2586,HeStutters_12_135,0.07196044921875,0.247802734375,0.09930419921875,0.10577392578125,0.11083984375
2587,StutterTalk_26_38,0.06866455078125,0.369384765625,0.1287841796875,0.041778564453125,0.04742431640625
2588,StrongVoices_3_11,0.50244140625,0.188720703125,0.045440673828125,0.018157958984375,0.10595703125
2589,StutteringIsCool_17_34,0.043212890625,0.08978271484375,0.004039764404296875,0.016021728515625,0.337158203125
2590,StutterTalk_37_102,0.1033935546875,0.06829833984375,0.0604248046875,0.1263427734375,0.05145263671875
2591,StutterTalk_30_1,0.10723876953125,0.42431640625,0.53125,0.1610107421875,0.194091796875
2592,WomenWhoStutter_2_104,0.10125732421875,0.187744140625,0.06475830078125,0.0190887451171875,0.127685546875
2593,WomenWhoStutter_10_78,0.307861328125,0.2152099609375,0.1519775390625,0.04779052734375,0.033477783203125
2594,StutterTalk_72_144,0.1519775390625,0.1365966796875,0.01422882080078125,0.01229095458984375,0.0333251953125
2595,StutteringIsCool_50_5,0.1375732421875,0.073974609375,0.011199951171875,0.0137939453125,0.0313720703125
2596,WomenWhoStutter_30_144,0.05560302734375,0.06683349609375,0.00800323486328125,0.011871337890625,0.042572021484375
2597,WomenWhoStutter_108_39,0.037811279296875,0.1258544921875,0.0203704833984375,0.010986328125,0.061767578125
2598,StutterTalk_72_149,0.2685546875,0.37353515625,0.619140625,0.412353515625,0.2215576171875
2599,HVSA_1_94,0.19287109375,0.255615234375,0.06817626953125,0.047698974609375,0.451416015625
2600,StutteringIsCool_46_1,0.042877197265625,0.384033203125,0.4794921875,0.1702880859375,0.0728759765625
2601,WomenWhoStutter_13_36,0.5712890625,0.12115478515625,0.06927490234375,0.0242767333984375,0.0297088623046875
2602,StutterTalk_26_21,0.1094970703125,0.1094970703125,0.01287078857421875,0.01132965087890625,0.05389404296875
2603,StrongVoices_28_12,0.11962890625,0.254150390625,0.179931640625,0.046295166015625,0.1651611328125
2604,WomenWhoStutter_86_47,0.0869140625,0.47607421875,0.330078125,0.205078125,0.12139892578125
2605,HeStutters_12_166,0.08331298828125,0.080078125,0.0150146484375,0.0472412109375,0.11083984375
2606,WomenWhoStutter_12_27,0.127685546875,0.1590576171875,0.02069091796875,0.03521728515625,0.908203125
2607,StrongVoices_22_16,0.0271148681640625,0.0521240234375,0.01287078857421875,0.03302001953125,0.0200653076171875
2608,WomenWhoStutter_2_151,0.0726318359375,0.08758544921875,0.0143890380859375,0.037689208984375,0.1259765625
2609,StutterTalk_38_27,0.08135986328125,0.12445068359375,0.008575439453125,0.042083740234375,0.77099609375
2610,WomenWhoStutter_27_27,0.0257110595703125,0.1517333984375,0.022979736328125,0.1221923828125,0.275390625
2611,WomenWhoStutter_30_188,0.0810546875,0.1214599609375,0.01262664794921875,0.00701141357421875,0.10992431640625
2612,StutteringIsCool_46_78,0.08538818359375,0.116943359375,0.00894927978515625,0.050323486328125,0.87109375
2613,StutterTalk_8_9,0.302490234375,0.1405029296875,0.08868408203125,0.09808349609375,0.791015625
2614,StrongVoices_9_23,0.06756591796875,0.1290283203125,0.017303466796875,0.02191162109375,0.2301025390625
2615,HeStutters_16_14,0.3876953125,0.1876220703125,0.0982666015625,0.076416015625,0.041839599609375
2616,StrongVoices_8_11,0.110107421875,0.1512451171875,0.0191192626953125,0.03253173828125,0.0823974609375
2617,StutterTalk_63_40,0.16259765625,0.294677734375,0.272705078125,0.47509765625,0.6083984375
2618,StutterTalk_52_14,0.05865478515625,0.270263671875,0.045440673828125,0.0171051025390625,0.11358642578125
2619,StutterTalk_10_12,0.07708740234375,0.42138671875,0.5322265625,0.1527099609375,0.1739501953125
2620,HVSA_2_137,0.038909912109375,0.136962890625,0.09234619140625,0.1761474609375,0.0982666015625
2621,StutterTalk_37_132,0.1651611328125,0.138916015625,0.1019287109375,0.1815185546875,0.1673583984375
2622,StutterTalk_22_26,0.04510498046875,0.11737060546875,0.0182952880859375,0.154052734375,0.51806640625
2623,WomenWhoStutter_14_48,0.06829833984375,0.09857177734375,0.00971221923828125,0.047088623046875,0.11419677734375
2624,StrongVoices_23_37,0.03802490234375,0.321044921875,0.0987548828125,0.1181640625,0.1900634765625
2625,StutteringIsCool_80_98,0.06658935546875,0.2327880859375,0.11578369140625,0.14599609375,0.6318359375
2626,StrongVoices_21_145,0.06793212890625,0.08477783203125,0.0236053466796875,0.043853759765625,0.219482421875
2627,WomenWhoStutter_97_5,0.021453857421875,0.199462890625,0.1904296875,0.35595703125,0.10760498046875
2628,StutterTalk_8_109,0.055816650390625,0.1063232421875,0.08880615234375,0.32177734375,0.43994140625
2629,HeStutters_5_0,0.0293121337890625,0.07421875,0.007122039794921875,0.041839599609375,0.023773193359375
2630,StutterTalk_28_39,0.042572021484375,0.061767578125,0.0173797607421875,0.01229095458984375,0.0321044921875
2631,StrongVoices_14_5,0.01519012451171875,0.04486083984375,0.0078125,0.022796630859375,0.038970947265625
2632,StutteringIsCool_80_143,0.07452392578125,0.36474609375,0.58154296875,0.185791015625,0.057281494140625
2633,WomenWhoStutter_21_138,0.1656494140625,0.052825927734375,0.00428009033203125,0.01302337646484375,0.2037353515625
2634,StutterTalk_8_69,0.04083251953125,0.0728759765625,0.034942626953125,0.049041748046875,0.050994873046875
2635,HeStutters_19_19,0.12042236328125,0.0948486328125,0.00955963134765625,0.04931640625,0.94140625
2636,StutterTalk_37_149,0.275634765625,0.148193359375,0.12939453125,0.404296875,0.6279296875
2637,StrongVoices_32_11,0.07122802734375,0.2286376953125,0.021331787109375,0.021820068359375,0.0615234375
2638,StutteringIsCool_1_30,0.75927734375,0.1663818359375,0.1697998046875,0.0943603515625,0.22021484375
2639,WomenWhoStutter_81_27,0.12249755859375,0.179931640625,0.022796630859375,0.049407958984375,0.89501953125
2640,StutterTalk_26_90,0.021820068359375,0.11029052734375,0.0115966796875,0.06732177734375,0.10211181640625
2641,MyStutteringLife_21_18,0.03759765625,0.2022705078125,0.059661865234375,0.03240966796875,0.0167236328125
2642,StutterTalk_25_2,0.0224609375,0.06842041015625,0.013427734375,0.03521728515625,0.0469970703125
2643,WomenWhoStutter_21_124,0.126953125,0.1455078125,0.0240478515625,0.050323486328125,0.272705078125
2644,StutteringIsCool_70_3,0.11456298828125,0.138671875,0.0287017822265625,0.04168701171875,0.037811279296875
2645,WomenWhoStutter_10_47,0.1395263671875,0.471923828125,0.66357421875,0.0850830078125,0.07666015625
2646,HVSA_0_110,0.337890625,0.0889892578125,0.0182342529296875,0.0294189453125,0.828125
2647,WomenWhoStutter_21_136,0.22900390625,0.1256103515625,0.01332855224609375,0.0457763671875,0.95556640625
2648,StutterTalk_22_31,0.10211181640625,0.349365234375,0.359375,0.420166015625,0.418701171875
2649,StutterTalk_22_11,0.0966796875,0.07196044921875,0.06610107421875,0.15283203125,0.52001953125
2650,StutterTalk_15_27,0.2135009765625,0.1087646484375,0.046630859375,0.055816650390625,0.049041748046875
2651,StrongVoices_32_189,0.062225341796875,0.2109375,0.02655029296875,0.017303466796875,0.0164031982421875
2652,StutterTalk_48_38,0.0269622802734375,0.06646728515625,0.007965087890625,0.01009368896484375,0.0301513671875
2653,StrongVoices_2_24,0.364013671875,0.35546875,0.1175537109375,0.1490478515625,0.6025390625
2654,StrongVoices_23_20,0.12939453125,0.309326171875,0.11456298828125,0.03033447265625,0.04107666015625
2655,WomenWhoStutter_2_156,0.10107421875,0.1710205078125,0.038909912109375,0.1033935546875,0.1292724609375
2656,StutteringIsCool_52_11,0.7509765625,0.1807861328125,0.1297607421875,0.050048828125,0.103759765625
2657,HVSA_2_135,0.1480712890625,0.105224609375,0.061431884765625,0.0706787109375,0.366943359375
2658,StrongVoices_23_235,0.234619140625,0.2381591796875,0.0293121337890625,0.0112457275390625,0.09967041015625
2659,StrongVoices_21_17,0.0207672119140625,0.080810546875,0.018798828125,0.0775146484375,0.038909912109375
2660,StutterTalk_8_3,0.1644287109375,0.093017578125,0.024139404296875,0.11395263671875,0.91748046875
2661,WomenWhoStutter_62_216,0.04779052734375,0.2034912109375,0.1600341796875,0.339599609375,0.24365234375
2662,HeStutters_16_24,0.0831298828125,0.06939697265625,0.0116424560546875,0.138916015625,0.3779296875
2663,MyStutteringLife_0_17,0.06781005859375,0.093505859375,0.030853271484375,0.08343505859375,0.365234375
2664,StutteringIsCool_67_37,0.0231475830078125,0.09722900390625,0.054595947265625,0.1317138671875,0.1959228515625
2665,StrongVoices_32_202,0.049224853515625,0.361572265625,0.040618896484375,0.0282135009765625,0.0285491943359375
2666,StutterTalk_30_16,0.1541748046875,0.416748046875,0.312255859375,0.169921875,0.405029296875
2667,StutteringIsCool_79_33,0.252685546875,0.1240234375,0.2420654296875,0.01132965087890625,0.0343017578125
2668,WomenWhoStutter_97_152,0.09271240234375,0.404052734375,0.5732421875,0.257568359375,0.08197021484375
2669,StrongVoices_14_18,0.034088134765625,0.033721923828125,0.005619049072265625,0.0125274658203125,0.0379638671875
2670,HVSA_0_71,0.0300445556640625,0.270263671875,0.2333984375,0.14697265625,0.050811767578125
2671,WomenWhoStutter_89_12,0.060760498046875,0.13134765625,0.01666259765625,0.03790283203125,0.092529296875
2672,StutterTalk_15_28,0.155029296875,0.11181640625,0.01214599609375,0.0323486328125,0.10723876953125
2673,StrongVoices_10_6,0.203857421875,0.29736328125,0.116943359375,0.039947509765625,0.12548828125
2674,HVSA_2_128,0.2139892578125,0.264404296875,0.306640625,0.04742431640625,0.03643798828125
2675,StutteringIsCool_14_0,0.046295166015625,0.038818359375,0.01512908935546875,0.0301055908203125,0.05645751953125
2676,StutterTalk_64_54,0.051666259765625,0.040618896484375,0.00763702392578125,0.0640869140625,0.33837890625
2677,StrongVoices_23_269,0.1378173828125,0.302978515625,0.039947509765625,0.018341064453125,0.032958984375
2678,StrongVoices_23_256,0.29296875,0.2125244140625,0.05780029296875,0.0165252685546875,0.07574462890625
2679,StutteringIsCool_33_13,0.035491943359375,0.2218017578125,0.04351806640625,0.02606201171875,0.0251312255859375
2680,StutteringIsCool_79_6,0.2242431640625,0.10577392578125,0.182373046875,0.0097808837890625,0.029754638671875
2681,StutterTalk_16_17,0.06951904296875,0.2421875,0.1788330078125,0.273681640625,0.11553955078125
2682,IStutterSoWhat_3_91,0.07611083984375,0.425048828125,0.53076171875,0.09332275390625,0.1171875
2683,StrongVoices_6_144,0.428955078125,0.2301025390625,0.045440673828125,0.0156707763671875,0.053985595703125
2684,StutterTalk_66_19,0.081787109375,0.07342529296875,0.024932861328125,0.162109375,0.27685546875
2685,WomenWhoStutter_2_182,0.036224365234375,0.23828125,0.061981201171875,0.1295166015625,0.385498046875
2686,WomenWhoStutter_62_183,0.047607421875,0.08062744140625,0.01306915283203125,0.0592041015625,0.1259765625
2687,StutterTalk_63_62,0.0184783935546875,0.11553955078125,0.021484375,0.03521728515625,0.0343017578125
2688,StutterTalk_64_199,0.1683349609375,0.0782470703125,0.04443359375,0.11419677734375,0.607421875
2689,StutterTalk_8_43,0.159912109375,0.11163330078125,0.042572021484375,0.120849609375,0.904296875
2690,WomenWhoStutter_69_15,0.1507568359375,0.1202392578125,0.01490020751953125,0.0169830322265625,0.025665283203125
2691,StutterTalk_64_188,0.1365966796875,0.1922607421875,0.181640625,0.11737060546875,0.0325927734375
2692,StrongVoices_31_6,0.09368896484375,0.288330078125,0.0616455078125,0.062225341796875,0.3642578125
2693,WomenWhoStutter_30_193,0.033966064453125,0.059661865234375,0.0053863525390625,0.0115966796875,0.07720947265625
2694,StutterTalk_25_155,0.1519775390625,0.2178955078125,0.0635986328125,0.0217742919921875,0.0127716064453125
2695,WomenWhoStutter_86_85,0.0782470703125,0.1578369140625,0.0182342529296875,0.083740234375,0.85302734375
2696,WomenWhoStutter_97_97,0.259521484375,0.41650390625,0.2783203125,0.110107421875,0.0726318359375
2697,StutteringIsCool_80_21,0.0216522216796875,0.07501220703125,0.0242767333984375,0.06231689453125,0.0472412109375
2698,WomenWhoStutter_2_99,0.0173797607421875,0.146728515625,0.0831298828125,0.2379150390625,0.090087890625
2699,WomenWhoStutter_86_145,0.040252685546875,0.411376953125,0.217529296875,0.1845703125,0.0994873046875
2700,StutteringIsCool_14_39,0.2459716796875,0.110107421875,0.042572021484375,0.04327392578125,0.87744140625
2701,StutterTalk_72_59,0.03759765625,0.057586669921875,0.01129150390625,0.048675537109375,0.09088134765625
2702,StutteringIsCool_49_29,0.070556640625,0.1622314453125,0.0193023681640625,0.0156707763671875,0.03460693359375
2703,StutterTalk_79_9,0.1134033203125,0.06756591796875,0.0129241943359375,0.07476806640625,0.650390625
2704,WomenWhoStutter_87_46,0.04132080078125,0.10650634765625,0.0592041015625,0.1346435546875,0.176513671875
2705,StrongVoices_21_76,0.059967041015625,0.10577392578125,0.007904052734375,0.06524658203125,0.185546875
2706,StrongVoices_10_145,0.2325439453125,0.128662109375,0.02606201171875,0.053009033203125,0.040924072265625
2707,StutterTalk_64_34,0.1181640625,0.063232421875,0.047607421875,0.0241851806640625,0.0250396728515625
2708,StrongVoices_32_23,0.235107421875,0.138427734375,0.0546875,0.0101318359375,0.01560211181640625
2709,StutteringIsCool_37_26,0.28271484375,0.286865234375,0.22509765625,0.07159423828125,0.0784912109375
2710,StutterTalk_25_39,0.023284912109375,0.090576171875,0.033599853515625,0.0872802734375,0.03179931640625
2711,StrongVoices_7_17,0.0345458984375,0.151123046875,0.01666259765625,0.021820068359375,0.0244293212890625
2712,StrongVoices_10_47,0.06805419921875,0.1070556640625,0.01406097412109375,0.05560302734375,0.1572265625
2713,StutteringIsCool_80_87,0.07421875,0.03515625,0.00905609130859375,0.05975341796875,0.0455322265625
2714,StrongVoices_32_107,0.134033203125,0.22021484375,0.0269622802734375,0.10321044921875,0.5888671875
2715,StutteringIsCool_28_0,0.08270263671875,0.139892578125,0.01560211181640625,0.009521484375,0.0294189453125
2716,HeStutters_19_9,0.1104736328125,0.2054443359375,0.01433563232421875,0.02056884765625,0.1680908203125
2717,WomenWhoStutter_14_47,0.058349609375,0.0604248046875,0.006412506103515625,0.012969970703125,0.028594970703125
2718,HVSA_3_147,0.0699462890625,0.312255859375,0.1224365234375,0.05126953125,0.13427734375
2719,StutteringIsCool_80_38,0.27294921875,0.05645751953125,0.03839111328125,0.1295166015625,0.42236328125
2720,StrongVoices_31_10,0.03143310546875,0.06231689453125,0.00926971435546875,0.035675048828125,0.11279296875
2721,StutterTalk_68_42,0.06536865234375,0.35302734375,0.255615234375,0.105224609375,0.08660888671875
2722,StrongVoices_23_178,0.58544921875,0.170654296875,0.06512451171875,0.017578125,0.038177490234375
2723,StrongVoices_32_46,0.0394287109375,0.1441650390625,0.006389617919921875,0.01036834716796875,0.09588623046875
2724,StrongVoices_2_29,0.082275390625,0.1329345703125,0.0125732421875,0.01473236083984375,0.0217437744140625
2725,HeStutters_2_71,0.196044921875,0.12646484375,0.063232421875,0.0762939453125,0.042877197265625
2726,StrongVoices_25_33,0.060516357421875,0.2110595703125,0.06890869140625,0.0802001953125,0.0455322265625
2727,IStutterSoWhat_3_84,0.1348876953125,0.311767578125,0.40966796875,0.1815185546875,0.09173583984375
2728,WomenWhoStutter_97_31,0.0634765625,0.273681640625,0.043701171875,0.08587646484375,0.1280517578125
2729,StrongVoices_6_171,0.10211181640625,0.1695556640625,0.012725830078125,0.016845703125,0.0209197998046875
2730,WomenWhoStutter_21_92,0.467529296875,0.2666015625,0.1876220703125,0.03021240234375,0.04913330078125
2731,StutteringIsCool_55_21,0.5361328125,0.1724853515625,0.072509765625,0.05792236328125,0.6826171875
2732,WomenWhoStutter_87_3,0.1279296875,0.07904052734375,0.02001953125,0.05194091796875,0.30419921875
2733,HeStutters_18_20,0.025665283203125,0.10211181640625,0.0177764892578125,0.1904296875,0.417724609375
2734,StutterTalk_37_91,0.51904296875,0.1435546875,0.050811767578125,0.06243896484375,0.2568359375
2735,StrongVoices_32_162,0.51123046875,0.1361083984375,0.07366943359375,0.0141754150390625,0.054595947265625
2736,StutteringIsCool_34_157,0.1248779296875,0.30859375,0.146240234375,0.0260009765625,0.0272674560546875
2737,StutteringIsCool_14_14,0.036224365234375,0.0836181640625,0.043701171875,0.05499267578125,0.0177764892578125
2738,WomenWhoStutter_62_116,0.03460693359375,0.118408203125,0.0258026123046875,0.1669921875,0.1800537109375
2739,StutterTalk_51_36,0.057708740234375,0.10797119140625,0.05145263671875,0.0482177734375,0.060760498046875
2740,StutterTalk_64_24,0.2646484375,0.097900390625,0.06085205078125,0.02203369140625,0.07208251953125
2741,StutteringIsCool_49_9,0.029205322265625,0.0802001953125,0.010650634765625,0.058349609375,0.0970458984375
2742,StutterTalk_38_33,0.06658935546875,0.036224365234375,0.005664825439453125,0.0284423828125,0.0889892578125
2743,StrongVoices_32_4,0.61083984375,0.189697265625,0.09844970703125,0.0290374755859375,0.059967041015625
2744,WomenWhoStutter_87_92,0.11968994140625,0.1536865234375,0.019012451171875,0.048858642578125,0.9072265625
2745,IStutterSoWhat_3_65,0.044769287109375,0.4599609375,0.55078125,0.116943359375,0.08209228515625
2746,StutterTalk_8_155,0.0889892578125,0.07342529296875,0.039276123046875,0.0284423828125,0.03216552734375
2747,StutterTalk_40_0,0.017913818359375,0.0341796875,0.00731658935546875,0.026763916015625,0.0297088623046875
2748,StutterTalk_59_20,0.192138671875,0.0809326171875,0.01363372802734375,0.0154266357421875,0.048858642578125
2749,StutteringIsCool_47_23,0.07666015625,0.1502685546875,0.044342041015625,0.0240936279296875,0.027008056640625
2750,StutteringIsCool_27_19,0.037384033203125,0.1290283203125,0.0872802734375,0.0726318359375,0.06304931640625
2751,HeStutters_11_47,0.077392578125,0.1922607421875,0.018341064453125,0.0509033203125,0.88818359375
2752,HVSA_0_107,0.10992431640625,0.08209228515625,0.0227203369140625,0.0831298828125,0.84228515625
2753,HVSA_0_135,0.029205322265625,0.2298583984375,0.15087890625,0.06756591796875,0.0762939453125
2754,WomenWhoStutter_14_124,0.063232421875,0.061187744140625,0.007038116455078125,0.016021728515625,0.277587890625
2755,StutterTalk_8_160,0.10394287109375,0.235107421875,0.2447509765625,0.11456298828125,0.061187744140625
2756,WomenWhoStutter_97_56,0.06805419921875,0.1507568359375,0.011871337890625,0.06707763671875,0.155517578125
2757,HeStutters_12_208,0.2432861328125,0.145263671875,0.0309600830078125,0.01395416259765625,0.044525146484375
2758,StrongVoices_23_26,0.16650390625,0.2427978515625,0.0794677734375,0.0305633544921875,0.0284423828125
2759,StutterTalk_76_19,0.0938720703125,0.09039306640625,0.012054443359375,0.007694244384765625,0.1236572265625
2760,StutterTalk_53_28,0.07476806640625,0.159912109375,0.044097900390625,0.035064697265625,0.38427734375
2761,StrongVoices_32_177,0.153076171875,0.11419677734375,0.008514404296875,0.00989532470703125,0.0313720703125
2762,StutterTalk_64_52,0.033966064453125,0.0631103515625,0.01666259765625,0.04559326171875,0.089599609375
2763,HeStutters_18_196,0.042877197265625,0.326171875,0.26953125,0.461181640625,0.3505859375
2764,StrongVoices_26_32,0.2315673828125,0.278076171875,0.04949951171875,0.0333251953125,0.03436279296875
2765,StrongVoices_32_98,0.468994140625,0.235107421875,0.03179931640625,0.035003662109375,0.0635986328125
2766,HVSA_1_164,0.05291748046875,0.169921875,0.03033447265625,0.0167236328125,0.039337158203125
2767,WomenWhoStutter_42_84,0.1744384765625,0.244873046875,0.0261077880859375,0.06878662109375,0.8857421875
2768,StrongVoices_21_83,0.043609619140625,0.1630859375,0.0247955322265625,0.02203369140625,0.0411376953125
2769,StrongVoices_32_58,0.56787109375,0.146484375,0.07781982421875,0.0191192626953125,0.053985595703125
2770,StutterTalk_80_37,0.0187225341796875,0.0618896484375,0.011505126953125,0.04681396484375,0.06707763671875
2771,HeStutters_2_96,0.050811767578125,0.22265625,0.036224365234375,0.023284912109375,0.0782470703125
2772,HVSA_1_58,0.0616455078125,0.21630859375,0.049041748046875,0.0215301513671875,0.0242767333984375
2773,WomenWhoStutter_96_100,0.280517578125,0.3828125,0.59912109375,0.11279296875,0.0701904296875
2774,StutterTalk_68_128,0.1619873046875,0.144287109375,0.029876708984375,0.1787109375,0.2548828125
2775,StrongVoices_4_10,0.08282470703125,0.2137451171875,0.01666259765625,0.0242767333984375,0.2294921875
2776,StutterTalk_8_107,0.037750244140625,0.051177978515625,0.009521484375,0.033538818359375,0.409912109375
2777,StutterTalk_8_85,0.1187744140625,0.10394287109375,0.09979248046875,0.32568359375,0.6943359375
2778,WomenWhoStutter_96_142,0.0751953125,0.388916015625,0.646484375,0.1318359375,0.060089111328125
2779,StrongVoices_10_20,0.1553955078125,0.10211181640625,0.00963592529296875,0.05126953125,0.296875
2780,StutterTalk_8_97,0.11676025390625,0.06744384765625,0.023651123046875,0.03179931640625,0.1591796875
2781,StutterTalk_64_129,0.23876953125,0.1392822265625,0.06793212890625,0.0189056396484375,0.0189361572265625
2782,StutterTalk_16_24,0.1195068359375,0.1990966796875,0.09271240234375,0.06512451171875,0.83837890625
2783,StutteringIsCool_28_10,0.09088134765625,0.2042236328125,0.0574951171875,0.0220794677734375,0.0156707763671875
2784,HeStutters_5_83,0.09075927734375,0.412353515625,0.30615234375,0.07794189453125,0.04296875
2785,StrongVoices_23_121,0.3359375,0.2166748046875,0.061981201171875,0.0236053466796875,0.0313720703125
2786,StrongVoices_1_39,0.09619140625,0.08978271484375,0.03955078125,0.07794189453125,0.03179931640625
2787,StutterTalk_64_96,0.08978271484375,0.072265625,0.01519012451171875,0.08038330078125,0.59033203125
2788,StrongVoices_28_17,0.14306640625,0.11419677734375,0.00905609130859375,0.01312255859375,0.037689208984375
2789,HeStutters_10_38,0.1260986328125,0.1104736328125,0.0245208740234375,0.1376953125,0.94091796875
2790,HVSA_0_32,0.155029296875,0.0869140625,0.017181396484375,0.0174407958984375,0.371826171875
2791,StutteringIsCool_46_193,0.07080078125,0.360107421875,0.0987548828125,0.06658935546875,0.090087890625
2792,StutteringIsCool_60_19,0.1124267578125,0.292236328125,0.453369140625,0.05126953125,0.06610107421875
2793,StutterTalk_37_101,0.315673828125,0.06756591796875,0.0204925537109375,0.050323486328125,0.0943603515625
2794,WomenWhoStutter_13_18,0.525390625,0.1357421875,0.040008544921875,0.00919342041015625,0.047607421875
2795,StutterTalk_26_18,0.027740478515625,0.08880615234375,0.00885009765625,0.0255126953125,0.1483154296875
2796,HVSA_1_73,0.022796630859375,0.07452392578125,0.0173797607421875,0.12158203125,0.397705078125
2797,StutterTalk_37_48,0.318359375,0.1474609375,0.131591796875,0.2215576171875,0.33349609375
2798,StutteringIsCool_80_34,0.083740234375,0.07904052734375,0.018585205078125,0.01763916015625,0.0225067138671875
2799,StrongVoices_10_209,0.038177490234375,0.257080078125,0.05126953125,0.03289794921875,0.2059326171875
2800,StutterTalk_15_30,0.081787109375,0.079345703125,0.034820556640625,0.279541015625,0.200439453125
2801,StrongVoices_21_124,0.148681640625,0.184814453125,0.10595703125,0.1485595703125,0.0391845703125
2802,StutterTalk_54_10,0.038177490234375,0.1688232421875,0.1190185546875,0.50634765625,0.280517578125
2803,WomenWhoStutter_97_195,0.1343994140625,0.185302734375,0.0743408203125,0.2347412109375,0.919921875
2804,WomenWhoStutter_14_115,0.05718994140625,0.10302734375,0.03131103515625,0.259521484375,0.1358642578125
2805,StrongVoices_21_125,0.03021240234375,0.092041015625,0.01678466796875,0.03173828125,0.03753662109375
2806,WomenWhoStutter_17_5,0.0592041015625,0.131103515625,0.0150146484375,0.056549072265625,0.10174560546875
2807,StutteringIsCool_79_38,0.0276336669921875,0.126953125,0.04345703125,0.1558837890625,0.042816162109375
2808,StrongVoices_6_167,0.022369384765625,0.1376953125,0.012725830078125,0.0223236083984375,0.05877685546875
2809,StutterTalk_37_167,0.53759765625,0.29541015625,0.159912109375,0.0792236328125,0.0640869140625
2810,WomenWhoStutter_30_177,0.055419921875,0.16845703125,0.0221099853515625,0.0164031982421875,0.058441162109375
2811,HeStutters_16_23,0.08270263671875,0.14599609375,0.0250396728515625,0.05194091796875,0.85009765625
2812,StutterTalk_37_126,0.0982666015625,0.05291748046875,0.01763916015625,0.10504150390625,0.262939453125
2813,StutteringIsCool_14_24,0.07421875,0.05224609375,0.029754638671875,0.046539306640625,0.04803466796875
2814,StutteringIsCool_43_39,0.11981201171875,0.0618896484375,0.0150146484375,0.018768310546875,0.044677734375
2815,StrongVoices_32_22,0.0472412109375,0.21044921875,0.027587890625,0.045196533203125,0.1727294921875
2816,WomenWhoStutter_42_36,0.1573486328125,0.138916015625,0.0290374755859375,0.035614013671875,0.034820556640625
2817,WomenWhoStutter_2_212,0.1190185546875,0.376220703125,0.0830078125,0.049774169921875,0.0469970703125
2818,StrongVoices_23_251,0.10650634765625,0.13671875,0.025421142578125,0.02886962890625,0.421630859375
2819,IStutterSoWhat_0_88,0.03662109375,0.06829833984375,0.0083160400390625,0.0212860107421875,0.06939697265625
2820,StrongVoices_23_185,0.49169921875,0.2208251953125,0.07696533203125,0.0162200927734375,0.0364990234375
2821,WomenWhoStutter_52_35,0.036895751953125,0.34521484375,0.336669921875,0.28466796875,0.139892578125
2822,StutterTalk_72_82,0.74658203125,0.25634765625,0.30029296875,0.06866455078125,0.09075927734375
2823,StrongVoices_10_111,0.1019287109375,0.329833984375,0.154541015625,0.07342529296875,0.305908203125
2824,StutteringIsCool_38_0,0.193359375,0.2391357421875,0.43603515625,0.65087890625,0.374267578125
2825,StrongVoices_10_138,0.5185546875,0.2039794921875,0.0537109375,0.037322998046875,0.1728515625
2826,MyStutteringLife_5_9,0.0330810546875,0.12200927734375,0.0221099853515625,0.0284423828125,0.037261962890625
2827,StrongVoices_14_6,0.024383544921875,0.1373291015625,0.023193359375,0.03912353515625,0.1474609375
2828,StrongVoices_32_175,0.06597900390625,0.2188720703125,0.015777587890625,0.01146697998046875,0.0264129638671875
2829,StrongVoices_21_34,0.035552978515625,0.0615234375,0.00701141357421875,0.034423828125,0.09368896484375
2830,StrongVoices_21_16,0.0318603515625,0.06243896484375,0.00815582275390625,0.0199432373046875,0.04443359375
2831,WomenWhoStutter_64_7,0.115966796875,0.30322265625,0.353271484375,0.14794921875,0.341796875
2832,StrongVoices_5_20,0.1328125,0.25732421875,0.04327392578125,0.017578125,0.06396484375
2833,HeStutters_12_178,0.07366943359375,0.2354736328125,0.055419921875,0.12493896484375,0.057281494140625
2834,HVSA_1_25,0.05877685546875,0.09857177734375,0.033477783203125,0.0830078125,0.371826171875
2835,StutterTalk_8_165,0.1807861328125,0.164306640625,0.1405029296875,0.1507568359375,0.29296875
2836,IStutterSoWhat_3_113,0.026763916015625,0.1708984375,0.053985595703125,0.06719970703125,0.0855712890625
2837,StutterTalk_26_128,0.027069091796875,0.267822265625,0.0726318359375,0.1922607421875,0.366455078125
2838,StutterTalk_4_36,0.10723876953125,0.1171875,0.0118255615234375,0.0272216796875,0.061309814453125
2839,StutterTalk_37_129,0.13330078125,0.10968017578125,0.051544189453125,0.23828125,0.77197265625
2840,WomenWhoStutter_97_37,0.0970458984375,0.40869140625,0.619140625,0.1734619140625,0.06781005859375
2841,StutterTalk_30_37,0.03607177734375,0.04803466796875,0.0070648193359375,0.0119171142578125,0.0177154541015625
2842,StutterTalk_26_179,0.06915283203125,0.07366943359375,0.018096923828125,0.0129241943359375,0.046112060546875
2843,WomenWhoStutter_13_11,0.382080078125,0.244873046875,0.05340576171875,0.0222015380859375,0.3671875
2844,MyStutteringLife_19_11,0.515625,0.1766357421875,0.07330322265625,0.04248046875,0.1224365234375
2845,StutterTalk_44_35,0.120361328125,0.0755615234375,0.0058441162109375,0.0156707763671875,0.30908203125
2846,StutterTalk_64_181,0.0755615234375,0.06878662109375,0.0240478515625,0.1561279296875,0.57177734375
2847,StutteringIsCool_76_17,0.175537109375,0.205322265625,0.085693359375,0.15478515625,0.9208984375
2848,StrongVoices_6_99,0.25537109375,0.1131591796875,0.006488800048828125,0.00974273681640625,0.1390380859375
2849,StrongVoices_1_16,0.0135345458984375,0.08758544921875,0.0179901123046875,0.038909912109375,0.034942626953125
2850,StutteringIsCool_45_19,0.1903076171875,0.21142578125,0.224853515625,0.03326416015625,0.0975341796875
2851,HVSA_3_207,0.1488037109375,0.2210693359375,0.0836181640625,0.015960693359375,0.0460205078125
2852,StutterTalk_30_33,0.042083740234375,0.1405029296875,0.023956298828125,0.04376220703125,0.07794189453125
2853,WomenWhoStutter_82_15,0.261962890625,0.1700439453125,0.052825927734375,0.0535888671875,0.91943359375
2854,StutteringIsCool_34_147,0.319091796875,0.1041259765625,0.021575927734375,0.041473388671875,0.60205078125
2855,WomenWhoStutter_21_15,0.0775146484375,0.160400390625,0.01358795166015625,0.0242767333984375,0.529296875
2856,HVSA_2_178,0.07318115234375,0.06500244140625,0.045440673828125,0.1285400390625,0.39794921875
2857,StutterTalk_8_62,0.09136962890625,0.134765625,0.07708740234375,0.149658203125,0.1209716796875
2858,StutteringIsCool_14_26,0.044769287109375,0.145751953125,0.07208251953125,0.051361083984375,0.31005859375
2859,StrongVoices_9_22,0.043609619140625,0.1761474609375,0.024932861328125,0.046478271484375,0.08477783203125
2860,StrongVoices_10_102,0.509765625,0.14599609375,0.072509765625,0.027069091796875,0.09039306640625
2861,StutterTalk_37_168,0.333984375,0.134033203125,0.093994140625,0.0699462890625,0.0235137939453125
2862,StrongVoices_10_80,0.06109619140625,0.06793212890625,0.0179901123046875,0.174560546875,0.302001953125
2863,StrongVoices_8_14,0.079345703125,0.06903076171875,0.0154876708984375,0.0257568359375,0.0265045166015625
2864,StutterTalk_77_16,0.1094970703125,0.395751953125,0.2108154296875,0.093017578125,0.13134765625
2865,HeStutters_18_6,0.08526611328125,0.1988525390625,0.033660888671875,0.204833984375,0.443115234375
2866,StrongVoices_10_193,0.0282745361328125,0.0567626953125,0.01395416259765625,0.02447509765625,0.06231689453125
2867,StutterTalk_69_4,0.247314453125,0.1380615234375,0.034027099609375,0.011199951171875,0.0268096923828125
2868,StutterTalk_8_89,0.092529296875,0.229736328125,0.280029296875,0.2060546875,0.077392578125
2869,StutterTalk_64_166,0.1131591796875,0.06561279296875,0.0225372314453125,0.038909912109375,0.53271484375
2870,HeStutters_11_128,0.048583984375,0.114990234375,0.0153045654296875,0.03021240234375,0.051666259765625
2871,StutterTalk_78_2,0.1724853515625,0.245849609375,0.0728759765625,0.08251953125,0.8466796875
2872,StrongVoices_23_41,0.1221923828125,0.08123779296875,0.012237548828125,0.007843017578125,0.033477783203125
2873,StutterTalk_63_138,0.0192718505859375,0.2098388671875,0.07861328125,0.12274169921875,0.10650634765625
2874,WomenWhoStutter_2_5,0.02069091796875,0.185302734375,0.033660888671875,0.07879638671875,0.083740234375
2875,StutterTalk_63_65,0.047088623046875,0.11181640625,0.033477783203125,0.12274169921875,0.25732421875
2876,WomenWhoStutter_42_121,0.162353515625,0.09039306640625,0.00591278076171875,0.0230712890625,0.7626953125
2877,StrongVoices_18_17,0.0293121337890625,0.08648681640625,0.01116180419921875,0.0177764892578125,0.1083984375
2878,StutteringIsCool_70_25,0.0283355712890625,0.035400390625,0.005100250244140625,0.0154876708984375,0.08526611328125
2879,WomenWhoStutter_35_37,0.0703125,0.11181640625,0.0214080810546875,0.01137542724609375,0.05419921875
2880,WomenWhoStutter_62_66,0.08123779296875,0.1326904296875,0.0161590576171875,0.06756591796875,0.491943359375
2881,WomenWhoStutter_62_92,0.056549072265625,0.155517578125,0.10357666015625,0.51953125,0.67431640625
2882,StrongVoices_21_6,0.52294921875,0.11065673828125,0.0330810546875,0.048583984375,0.57666015625
2883,StrongVoices_32_179,0.72412109375,0.1474609375,0.051544189453125,0.03021240234375,0.147705078125
2884,StutterTalk_59_21,0.0194549560546875,0.0889892578125,0.035614013671875,0.19091796875,0.1776123046875
2885,StrongVoices_23_59,0.440673828125,0.265869140625,0.06524658203125,0.011962890625,0.12432861328125
2886,IStutterSoWhat_3_76,0.044281005859375,0.093994140625,0.06817626953125,0.1923828125,0.205810546875
2887,WomenWhoStutter_10_5,0.0943603515625,0.18115234375,0.019683837890625,0.01242828369140625,0.04913330078125
2888,HVSA_2_84,0.353271484375,0.308349609375,0.46337890625,0.042236328125,0.0728759765625
2889,StutteringIsCool_16_10,0.043701171875,0.11181640625,0.0171051025390625,0.060211181640625,0.408447265625
2890,StutteringIsCool_60_18,0.038909912109375,0.126953125,0.133056640625,0.035614013671875,0.033843994140625
2891,WomenWhoStutter_69_6,0.052032470703125,0.1190185546875,0.0164642333984375,0.0305023193359375,0.0416259765625
2892,StrongVoices_10_12,0.343994140625,0.0753173828125,0.0162200927734375,0.01214599609375,0.04345703125
2893,StutteringIsCool_1_21,0.12841796875,0.239013671875,0.026153564453125,0.0239105224609375,0.037322998046875
2894,HeStutters_5_156,0.10650634765625,0.435791015625,0.68701171875,0.05987548828125,0.0390625
2895,StutterTalk_63_94,0.076416015625,0.1165771484375,0.007694244384765625,0.01422882080078125,0.4306640625
2896,StutteringIsCool_75_4,0.37890625,0.100341796875,0.0171051025390625,0.038970947265625,0.9423828125
2897,StutterTalk_37_56,0.55029296875,0.1993408203125,0.12744140625,0.198974609375,0.50732421875
2898,WomenWhoStutter_35_9,0.0872802734375,0.134521484375,0.0225830078125,0.013427734375,0.1251220703125
2899,MyStutteringLife_1_0,0.04400634765625,0.333984375,0.07330322265625,0.07305908203125,0.062225341796875
2900,StutterTalk_64_205,0.2158203125,0.1322021484375,0.052825927734375,0.07183837890625,0.72705078125
2901,HVSA_2_154,0.048492431640625,0.1517333984375,0.1314697265625,0.25537109375,0.09283447265625
2902,StutterTalk_25_4,0.01363372802734375,0.09930419921875,0.0306243896484375,0.0535888671875,0.05780029296875
2903,StrongVoices_27_28,0.0460205078125,0.1473388671875,0.0162811279296875,0.029144287109375,0.04327392578125
2904,WomenWhoStutter_97_98,0.420654296875,0.3076171875,0.1019287109375,0.02532958984375,0.0252227783203125
2905,StutteringIsCool_33_38,0.034088134765625,0.127197265625,0.045257568359375,0.077392578125,0.022369384765625
2906,HVSA_2_83,0.1026611328125,0.150634765625,0.109130859375,0.0794677734375,0.07861328125
2907,IStutterSoWhat_3_81,0.0615234375,0.15625,0.14697265625,0.144287109375,0.08282470703125
2908,StutterTalk_64_182,0.16015625,0.07696533203125,0.0131683349609375,0.06878662109375,0.80224609375
2909,StrongVoices_23_206,0.110107421875,0.258056640625,0.03643798828125,0.01242828369140625,0.0193023681640625
2910,StutteringIsCool_46_144,0.034423828125,0.1431884765625,0.07696533203125,0.1610107421875,0.07666015625
2911,StutterTalk_76_27,0.0333251953125,0.1893310546875,0.0830078125,0.2115478515625,0.41455078125
2912,MyStutteringLife_21_1,0.07586669921875,0.0703125,0.017578125,0.035491943359375,0.0262603759765625
2913,HVSA_3_108,0.276123046875,0.3447265625,0.44775390625,0.1134033203125,0.08154296875
2914,StutterTalk_63_87,0.18603515625,0.0638427734375,0.00498199462890625,0.012969970703125,0.69873046875
2915,StrongVoices_10_83,0.27001953125,0.10015869140625,0.035888671875,0.0496826171875,0.82666015625
2916,StutterTalk_64_194,0.141357421875,0.1134033203125,0.034027099609375,0.10467529296875,0.91259765625
2917,HeStutters_16_21,0.03656005859375,0.07330322265625,0.013427734375,0.08270263671875,0.037109375
2918,StutteringIsCool_69_27,0.1358642578125,0.072265625,0.0115966796875,0.01177978515625,0.0144500732421875
2919,StutteringIsCool_29_19,0.044525146484375,0.07781982421875,0.043212890625,0.06231689453125,0.114990234375
2920,StutteringIsCool_29_32,0.134765625,0.0726318359375,0.017913818359375,0.06982421875,0.76123046875
2921,StrongVoices_5_31,0.305908203125,0.1312255859375,0.0202178955078125,0.0762939453125,0.2374267578125
2922,WomenWhoStutter_87_133,0.0439453125,0.188232421875,0.14501953125,0.2469482421875,0.0792236328125
2923,StutteringIsCool_1_11,0.0192413330078125,0.0413818359375,0.00908660888671875,0.03155517578125,0.0219879150390625
2924,MyStutteringLife_16_17,0.59521484375,0.08978271484375,0.02886962890625,0.03155517578125,0.056976318359375
2925,StutterTalk_49_20,0.04534912109375,0.11065673828125,0.023651123046875,0.0194549560546875,0.04052734375
2926,StutterTalk_37_50,0.199951171875,0.271728515625,0.353271484375,0.456787109375,0.44873046875
2927,StutterTalk_25_135,0.046905517578125,0.042083740234375,0.005428314208984375,0.01312255859375,0.044586181640625
2928,WomenWhoStutter_86_30,0.07806396484375,0.08648681640625,0.00818634033203125,0.045440673828125,0.060760498046875
2929,StutterTalk_77_35,0.147216796875,0.09271240234375,0.00861358642578125,0.0210418701171875,0.23876953125
2930,WomenWhoStutter_79_4,0.029144287109375,0.1304931640625,0.0330810546875,0.1507568359375,0.1943359375
2931,HeStutters_2_161,0.0838623046875,0.239501953125,0.11962890625,0.1339111328125,0.222900390625
2932,StutteringIsCool_2_12,0.0885009765625,0.204833984375,0.1903076171875,0.496826171875,0.54248046875
2933,StutteringIsCool_80_4,0.03155517578125,0.1181640625,0.053802490234375,0.06744384765625,0.0384521484375
2934,HeStutters_10_9,0.0738525390625,0.06951904296875,0.0185394287109375,0.070556640625,0.65478515625
2935,StutterTalk_64_73,0.1502685546875,0.1397705078125,0.1033935546875,0.08038330078125,0.41845703125
2936,StrongVoices_7_12,0.60107421875,0.1312255859375,0.0706787109375,0.0223236083984375,0.10284423828125
2937,StrongVoices_7_14,0.0634765625,0.11102294921875,0.0240478515625,0.018646240234375,0.0300445556640625
2938,StrongVoices_5_14,0.054107666015625,0.1395263671875,0.0143890380859375,0.0189361572265625,0.027374267578125
2939,StrongVoices_5_2,0.0574951171875,0.270751953125,0.0521240234375,0.08038330078125,0.3212890625
2940,StutteringIsCool_38_7,0.205810546875,0.07366943359375,0.0199432373046875,0.0401611328125,0.1171875
2941,StutterTalk_26_131,0.0546875,0.2447509765625,0.079345703125,0.07196044921875,0.10968017578125
2942,StutteringIsCool_80_169,0.3154296875,0.11517333984375,0.042724609375,0.0226287841796875,0.01666259765625
2943,StrongVoices_21_102,0.0413818359375,0.04248046875,0.00930023193359375,0.03338623046875,0.10089111328125
2944,WomenWhoStutter_107_11,0.14453125,0.354736328125,0.11920166015625,0.024993896484375,0.024993896484375
2945,StutterTalk_66_20,0.027801513671875,0.0816650390625,0.039947509765625,0.15478515625,0.035064697265625
2946,WomenWhoStutter_97_147,0.053802490234375,0.2044677734375,0.02752685546875,0.0548095703125,0.0970458984375
2947,StutterTalk_18_5,0.1636962890625,0.35302734375,0.1273193359375,0.03582763671875,0.205078125
2948,StutterTalk_8_10,0.080810546875,0.06982421875,0.048492431640625,0.2890625,0.40673828125
2949,HeStutters_18_34,0.10894775390625,0.105224609375,0.0174407958984375,0.11517333984375,0.266357421875
2950,StutterTalk_37_3,0.2144775390625,0.139892578125,0.04217529296875,0.11578369140625,0.1507568359375
2951,StutterTalk_80_12,0.041778564453125,0.0943603515625,0.0121917724609375,0.0135345458984375,0.04327392578125
2952,StrongVoices_7_13,0.05291748046875,0.1121826171875,0.009521484375,0.0257110595703125,0.049591064453125
2953,StutterTalk_3_31,0.1019287109375,0.40625,0.5390625,0.10174560546875,0.04376220703125
2954,StutteringIsCool_46_100,0.0305633544921875,0.10394287109375,0.013275146484375,0.042724609375,0.082275390625
2955,StrongVoices_7_15,0.09088134765625,0.16455078125,0.0289764404296875,0.044097900390625,0.235107421875
2956,StutterTalk_63_140,0.2322998046875,0.1572265625,0.01363372802734375,0.019989013671875,0.61083984375
2957,HVSA_3_79,0.333251953125,0.303466796875,0.26806640625,0.06536865234375,0.14794921875
2958,StutterTalk_9_5,0.1658935546875,0.1524658203125,0.0816650390625,0.2354736328125,0.80810546875
2959,StrongVoices_23_207,0.14306640625,0.24658203125,0.0282135009765625,0.0196380615234375,0.041778564453125
2960,StutterTalk_25_53,0.033599853515625,0.10125732421875,0.01363372802734375,0.10760498046875,0.36962890625
2961,StutteringIsCool_23_31,0.335205078125,0.16259765625,0.0226287841796875,0.01473236083984375,0.0889892578125
2962,StutterTalk_72_49,0.1859130859375,0.178466796875,0.012481689453125,0.01129150390625,0.04193115234375
2963,WomenWhoStutter_49_29,0.4794921875,0.0726318359375,0.0233306884765625,0.020721435546875,0.2413330078125
2964,StrongVoices_23_66,0.12646484375,0.1995849609375,0.07476806640625,0.021240234375,0.0293121337890625
2965,StutterTalk_13_17,0.08599853515625,0.341552734375,0.432861328125,0.331787109375,0.13330078125
2966,StrongVoices_6_14,0.10894775390625,0.1734619140625,0.0115966796875,0.0268096923828125,0.06671142578125
2967,HeStutters_18_55,0.0297088623046875,0.134033203125,0.03289794921875,0.12115478515625,0.11676025390625
2968,StrongVoices_23_246,0.72119140625,0.1431884765625,0.1033935546875,0.08709716796875,0.2220458984375
2969,StutterTalk_64_122,0.5400390625,0.1304931640625,0.143798828125,0.1134033203125,0.148193359375
2970,StrongVoices_26_36,0.1451416015625,0.1593017578125,0.020965576171875,0.01861572265625,0.58056640625
2971,WomenWhoStutter_46_2,0.0263519287109375,0.09368896484375,0.01450347900390625,0.073974609375,0.5634765625
2972,WomenWhoStutter_29_29,0.07611083984375,0.2998046875,0.402099609375,0.03875732421875,0.031494140625
2973,StrongVoices_6_170,0.09515380859375,0.216796875,0.021575927734375,0.026458740234375,0.0238189697265625
2974,WomenWhoStutter_35_11,0.1807861328125,0.1083984375,0.014007568359375,0.0163421630859375,0.239013671875
2975,IStutterSoWhat_3_149,0.10107421875,0.1260986328125,0.0272674560546875,0.07989501953125,0.763671875
2976,StutteringIsCool_79_29,0.042877197265625,0.222412109375,0.033203125,0.06842041015625,0.1171875
2977,StrongVoices_21_116,0.034423828125,0.05889892578125,0.00919342041015625,0.02752685546875,0.06707763671875
2978,MyStutteringLife_38_11,0.10107421875,0.1749267578125,0.1700439453125,0.229248046875,0.68505859375
2979,StrongVoices_21_33,0.30615234375,0.12493896484375,0.06475830078125,0.15380859375,0.1431884765625
2980,WomenWhoStutter_26_12,0.019866943359375,0.08660888671875,0.0180511474609375,0.1177978515625,0.10107421875
2981,StutterTalk_37_130,0.296630859375,0.22509765625,0.1827392578125,0.2398681640625,0.154052734375
2982,StutteringIsCool_38_21,0.08538818359375,0.29931640625,0.2064208984375,0.09912109375,0.0831298828125
2983,StrongVoices_1_19,0.0401611328125,0.07794189453125,0.00803375244140625,0.017913818359375,0.1402587890625
2984,WomenWhoStutter_8_19,0.356201171875,0.44384765625,0.345703125,0.04510498046875,0.041778564453125
2985,HeStutters_17_4,0.11737060546875,0.1370849609375,0.0214080810546875,0.058563232421875,0.96044921875
2986,HVSA_3_15,0.0709228515625,0.11859130859375,0.048675537109375,0.022674560546875,0.34521484375
2987,HVSA_2_67,0.2362060546875,0.32568359375,0.51416015625,0.14453125,0.1287841796875
2988,StutterTalk_1_19,0.055511474609375,0.09332275390625,0.02630615234375,0.0618896484375,0.0301055908203125
2989,StutteringIsCool_23_13,0.072265625,0.04302978515625,0.010009765625,0.01337432861328125,0.0965576171875
2990,StutterTalk_64_39,0.149169921875,0.0743408203125,0.07977294921875,0.0305633544921875,0.0276336669921875
2991,HeStutters_11_169,0.1790771484375,0.12213134765625,0.049407958984375,0.180419921875,0.86328125
2992,WomenWhoStutter_97_67,0.0276336669921875,0.156005859375,0.019683837890625,0.090576171875,0.2021484375
2993,StrongVoices_23_70,0.52099609375,0.2452392578125,0.091064453125,0.01467132568359375,0.07965087890625
2994,HVSA_1_22,0.0309600830078125,0.10467529296875,0.047332763671875,0.1578369140625,0.422119140625
2995,StrongVoices_10_127,0.02423095703125,0.090576171875,0.01483917236328125,0.037261962890625,0.07574462890625
2996,StutteringIsCool_17_13,0.0189361572265625,0.048492431640625,0.00763702392578125,0.0187225341796875,0.0260009765625
2997,StutterTalk_12_11,0.319580078125,0.0849609375,0.0271148681640625,0.0217742919921875,0.0285491943359375
2998,StutteringIsCool_34_164,0.0709228515625,0.196044921875,0.031494140625,0.06500244140625,0.279052734375
2999,StutteringIsCool_23_15,0.1153564453125,0.11798095703125,0.00787353515625,0.0311431884765625,0.75537109375
3000,StutterTalk_22_27,0.028594970703125,0.26904296875,0.161865234375,0.29248046875,0.0831298828125
3001,HeStutters_2_58,0.039794921875,0.27685546875,0.09619140625,0.28759765625,0.0849609375
3002,IStutterSoWhat_3_14,0.0203399658203125,0.1466064453125,0.05645751953125,0.1954345703125,0.357177734375
3003,StutteringIsCool_70_29,0.0305023193359375,0.0548095703125,0.00981903076171875,0.0165863037109375,0.06488037109375
3004,StrongVoices_33_3,0.055816650390625,0.19091796875,0.02191162109375,0.029754638671875,0.0552978515625
3005,StutterTalk_22_35,0.07196044921875,0.3740234375,0.533203125,0.105224609375,0.055938720703125
3006,HeStutters_5_64,0.10357666015625,0.1864013671875,0.09515380859375,0.182861328125,0.154541015625
3007,StutterTalk_8_44,0.035400390625,0.0831298828125,0.04840087890625,0.07684326171875,0.0287628173828125
3008,StrongVoices_23_175,0.10504150390625,0.392578125,0.14599609375,0.039703369140625,0.08477783203125
3009,WomenWhoStutter_10_42,0.039642333984375,0.167724609375,0.0192413330078125,0.0164031982421875,0.04595947265625
3010,HeStutters_2_167,0.0869140625,0.172119140625,0.050048828125,0.187255859375,0.90576171875
3011,MyStutteringLife_25_37,0.09844970703125,0.142822265625,0.018341064453125,0.128173828125,0.347412109375
3012,HVSA_1_109,0.071044921875,0.103759765625,0.027801513671875,0.1207275390625,0.82373046875
3013,StutteringIsCool_43_29,0.2225341796875,0.1988525390625,0.08648681640625,0.0333251953125,0.03240966796875
3014,MyStutteringLife_16_11,0.049591064453125,0.1971435546875,0.0203399658203125,0.03955078125,0.200439453125
3015,StrongVoices_21_10,0.07598876953125,0.058013916015625,0.0095977783203125,0.03521728515625,0.092529296875
3016,HeStutters_12_10,0.1282958984375,0.150146484375,0.0283355712890625,0.09912109375,0.94140625
3017,WomenWhoStutter_42_143,0.04742431640625,0.1748046875,0.0121917724609375,0.0143890380859375,0.09722900390625
3018,StutterTalk_37_38,0.134765625,0.043121337890625,0.0177764892578125,0.08416748046875,0.380615234375
3019,StrongVoices_11_36,0.180419921875,0.1435546875,0.05059814453125,0.0849609375,0.0386962890625
3020,StutteringIsCool_80_198,0.0975341796875,0.09503173828125,0.0352783203125,0.2109375,0.4013671875
3021,HVSA_1_88,0.438720703125,0.299072265625,0.296875,0.0153045654296875,0.10821533203125
3022,WomenWhoStutter_29_24,0.17529296875,0.14013671875,0.02484130859375,0.022674560546875,0.417724609375
3023,StutteringIsCool_38_27,0.03839111328125,0.202880859375,0.1964111328125,0.2239990234375,0.1348876953125
3024,StutteringIsCool_33_30,0.141357421875,0.351318359375,0.19189453125,0.0982666015625,0.2685546875
3025,IStutterSoWhat_3_134,0.043365478515625,0.0740966796875,0.00981903076171875,0.023468017578125,0.05291748046875
3026,StutterTalk_1_37,0.13720703125,0.0592041015625,0.0162200927734375,0.042022705078125,0.09722900390625
3027,StutteringIsCool_1_5,0.00963592529296875,0.0889892578125,0.046905517578125,0.10125732421875,0.040985107421875
3028,WomenWhoStutter_62_75,0.226806640625,0.15966796875,0.06939697265625,0.2032470703125,0.2225341796875
3029,WomenWhoStutter_2_2,0.0938720703125,0.2271728515625,0.1121826171875,0.252685546875,0.79638671875
3030,StutterTalk_64_192,0.2239990234375,0.09466552734375,0.0312042236328125,0.06634521484375,0.9248046875
3031,StutteringIsCool_84_39,0.0258026123046875,0.09124755859375,0.038543701171875,0.0139007568359375,0.024932861328125
3032,WomenWhoStutter_2_76,0.046722412109375,0.0521240234375,0.0137939453125,0.0999755859375,0.2139892578125
3033,StrongVoices_0_19,0.035888671875,0.08990478515625,0.0156707763671875,0.018768310546875,0.0170440673828125
3034,StutterTalk_15_26,0.034088134765625,0.1171875,0.0618896484375,0.426025390625,0.254150390625
3035,StutterTalk_37_114,0.1358642578125,0.1802978515625,0.126708984375,0.280029296875,0.34619140625
3036,StutterTalk_4_9,0.0190887451171875,0.1201171875,0.0290374755859375,0.1524658203125,0.2012939453125
3037,StutterTalk_26_188,0.0880126953125,0.09771728515625,0.00930023193359375,0.01073455810546875,0.0411376953125
3038,StrongVoices_24_16,0.041229248046875,0.218505859375,0.0160980224609375,0.0237274169921875,0.042388916015625
3039,StutterTalk_10_36,0.0301055908203125,0.2257080078125,0.1536865234375,0.2271728515625,0.063232421875
3040,HeStutters_5_79,0.06427001953125,0.154052734375,0.01507568359375,0.037384033203125,0.031494140625
3041,StutteringIsCool_28_4,0.037261962890625,0.158935546875,0.03277587890625,0.00974273681640625,0.01374053955078125
3042,WomenWhoStutter_105_14,0.053985595703125,0.10015869140625,0.00818634033203125,0.012725830078125,0.054107666015625
3043,WomenWhoStutter_97_96,0.263671875,0.17626953125,0.0496826171875,0.03582763671875,0.0218658447265625
3044,StutterTalk_18_31,0.0227203369140625,0.149658203125,0.07763671875,0.0560302734375,0.0322265625
3045,StutterTalk_63_159,0.40869140625,0.10687255859375,0.022247314453125,0.01009368896484375,0.038177490234375
3046,StutterTalk_8_1,0.056976318359375,0.041473388671875,0.0099334716796875,0.02655029296875,0.2587890625
3047,StutteringIsCool_47_12,0.035400390625,0.09185791015625,0.0211639404296875,0.0765380859375,0.0850830078125
3048,StutterTalk_26_80,0.034881591796875,0.1448974609375,0.0309600830078125,0.062225341796875,0.11126708984375
3049,WomenWhoStutter_10_168,0.052032470703125,0.06951904296875,0.00905609130859375,0.0234222412109375,0.1561279296875
3050,WomenWhoStutter_8_12,0.241455078125,0.254638671875,0.3291015625,0.05511474609375,0.057373046875
3051,HeStutters_3_31,0.047698974609375,0.32763671875,0.06671142578125,0.05340576171875,0.02691650390625
3052,StutterTalk_12_30,0.13037109375,0.08251953125,0.0263519287109375,0.033477783203125,0.0280609130859375
3053,StrongVoices_19_21,0.051544189453125,0.08740234375,0.0269622802734375,0.0169830322265625,0.1417236328125
3054,StrongVoices_10_32,0.44580078125,0.236572265625,0.06549072265625,0.0190582275390625,0.075439453125
3055,WomenWhoStutter_96_166,0.228515625,0.47412109375,0.243408203125,0.08526611328125,0.18798828125
3056,StutteringIsCool_61_34,0.2149658203125,0.173828125,0.0234222412109375,0.045440673828125,0.8544921875
3057,WomenWhoStutter_2_81,0.08740234375,0.286865234375,0.06451416015625,0.1512451171875,0.798828125
3058,StutterTalk_72_84,0.024932861328125,0.138671875,0.020172119140625,0.04107666015625,0.060760498046875
3059,StrongVoices_18_15,0.036346435546875,0.1297607421875,0.01094818115234375,0.0197601318359375,0.043121337890625
3060,WomenWhoStutter_30_60,0.06585693359375,0.1923828125,0.036346435546875,0.00812530517578125,0.08599853515625
3061,WomenWhoStutter_21_204,0.047149658203125,0.09234619140625,0.0118255615234375,0.00937652587890625,0.025421142578125
3062,StutteringIsCool_29_27,0.06842041015625,0.041473388671875,0.00948333740234375,0.03179931640625,0.29638671875
3063,StrongVoices_7_35,0.044586181640625,0.2265625,0.027374267578125,0.14111328125,0.32763671875
3064,WomenWhoStutter_62_215,0.0709228515625,0.1671142578125,0.04638671875,0.13330078125,0.1405029296875
3065,StutterTalk_37_9,0.11358642578125,0.2252197265625,0.1312255859375,0.09320068359375,0.141357421875
3066,StutterTalk_63_113,0.1307373046875,0.224853515625,0.21044921875,0.62548828125,0.51513671875
3067,WomenWhoStutter_96_176,0.039703369140625,0.13671875,0.0129241943359375,0.07147216796875,0.0509033203125
3068,StutterTalk_37_34,0.1317138671875,0.1033935546875,0.03271484375,0.06951904296875,0.5087890625
3069,StutteringIsCool_75_14,0.1361083984375,0.145263671875,0.092529296875,0.375244140625,0.83642578125
3070,StutteringIsCool_46_28,0.0220794677734375,0.2314453125,0.0831298828125,0.055511474609375,0.033477783203125
3071,HVSA_1_59,0.298095703125,0.3671875,0.1510009765625,0.01406097412109375,0.0751953125
3072,StrongVoices_23_12,0.137451171875,0.1600341796875,0.01233673095703125,0.01306915283203125,0.2327880859375
3073,StutterTalk_76_13,0.02838134765625,0.240234375,0.1495361328125,0.40185546875,0.2156982421875
3074,WomenWhoStutter_21_30,0.03125,0.126220703125,0.037750244140625,0.200439453125,0.2432861328125
3075,HVSA_3_201,0.1563720703125,0.1331787109375,0.10107421875,0.010650634765625,0.0867919921875
3076,HVSA_0_49,0.11181640625,0.17626953125,0.0723876953125,0.0703125,0.270751953125
3077,StutterTalk_77_9,0.1644287109375,0.1961669921875,0.287353515625,0.10357666015625,0.124755859375
3078,StutterTalk_64_160,0.37158203125,0.1214599609375,0.13134765625,0.0709228515625,0.03802490234375
3079,MyStutteringLife_5_31,0.05126953125,0.26904296875,0.034698486328125,0.03955078125,0.1422119140625
3080,StutterTalk_64_8,0.06842041015625,0.1678466796875,0.04931640625,0.09075927734375,0.1605224609375
3081,StutterTalk_38_38,0.059539794921875,0.131591796875,0.126953125,0.15771484375,0.0616455078125
3082,StrongVoices_6_63,0.388671875,0.271728515625,0.070068359375,0.04486083984375,0.1124267578125
3083,StutterTalk_49_29,0.044769287109375,0.165283203125,0.02630615234375,0.0880126953125,0.05706787109375
3084,StutterTalk_72_182,0.150390625,0.06744384765625,0.0202178955078125,0.1669921875,0.152099609375
3085,StutteringIsCool_15_0,0.1259765625,0.07159423828125,0.00997161865234375,0.0207672119140625,0.689453125
3086,WomenWhoStutter_62_182,0.11181640625,0.07305908203125,0.0143890380859375,0.11981201171875,0.5419921875
3087,HeStutters_11_199,0.2042236328125,0.1165771484375,0.030853271484375,0.1287841796875,0.86376953125
3088,WomenWhoStutter_108_4,0.1630859375,0.392822265625,0.35009765625,0.046478271484375,0.0775146484375
3089,StutterTalk_64_103,0.054595947265625,0.08416748046875,0.01495361328125,0.04779052734375,0.2293701171875
3090,StrongVoices_21_135,0.0762939453125,0.20703125,0.04510498046875,0.0364990234375,0.08270263671875
3091,StutterTalk_37_110,0.1253662109375,0.09185791015625,0.04107666015625,0.1478271484375,0.91943359375
3092,StrongVoices_17_1,0.2327880859375,0.260498046875,0.04595947265625,0.0173797607421875,0.023956298828125
3093,WomenWhoStutter_42_220,0.44873046875,0.314697265625,0.146484375,0.0521240234375,0.02886962890625
3094,WomenWhoStutter_21_78,0.03289794921875,0.056549072265625,0.005619049072265625,0.01837158203125,0.050811767578125
3095,HVSA_1_42,0.040924072265625,0.06671142578125,0.01512908935546875,0.027801513671875,0.04931640625
3096,StutteringIsCool_1_29,0.302490234375,0.357666015625,0.1199951171875,0.040771484375,0.58349609375
3097,StutteringIsCool_33_26,0.061767578125,0.13427734375,0.03204345703125,0.0341796875,0.1683349609375
3098,StutterTalk_72_33,0.08270263671875,0.139892578125,0.0115509033203125,0.02801513671875,0.2021484375
3099,HVSA_3_127,0.1290283203125,0.335205078125,0.377685546875,0.034820556640625,0.027587890625
3100,StutterTalk_63_15,0.18115234375,0.0574951171875,0.0129241943359375,0.04559326171875,0.323486328125
3101,StutterTalk_8_23,0.16162109375,0.06939697265625,0.0310211181640625,0.075439453125,0.52294921875
3102,StutterTalk_7_27,0.477294921875,0.059967041015625,0.01094818115234375,0.01267242431640625,0.137939453125
3103,StrongVoices_10_158,0.1285400390625,0.21435546875,0.0567626953125,0.140380859375,0.8056640625
3104,MyStutteringLife_18_0,0.019378662109375,0.07763671875,0.02508544921875,0.06439208984375,0.06610107421875
3105,WomenWhoStutter_96_56,0.10992431640625,0.406982421875,0.12127685546875,0.0831298828125,0.0762939453125
3106,StutterTalk_63_64,0.0552978515625,0.400634765625,0.3896484375,0.0292510986328125,0.06396484375
3107,WomenWhoStutter_79_28,0.1483154296875,0.323486328125,0.1087646484375,0.033203125,0.607421875
3108,WomenWhoStutter_2_126,0.050048828125,0.10321044921875,0.01306915283203125,0.0170440673828125,0.0289764404296875
3109,WomenWhoStutter_97_162,0.11962890625,0.28369140625,0.181396484375,0.473876953125,0.73974609375
3110,StrongVoices_22_35,0.040679931640625,0.1300048828125,0.0247955322265625,0.0816650390625,0.040679931640625
3111,StutterTalk_8_129,0.05389404296875,0.11199951171875,0.06805419921875,0.04742431640625,0.026763916015625
3112,IStutterSoWhat_3_127,0.11981201171875,0.404296875,0.7724609375,0.1795654296875,0.07574462890625
3113,HVSA_2_174,0.1268310546875,0.29150390625,0.48388671875,0.29150390625,0.13818359375
3114,StutterTalk_77_10,0.08929443359375,0.2314453125,0.054595947265625,0.09173583984375,0.88916015625
3115,MyStutteringLife_25_25,0.1044921875,0.25146484375,0.058349609375,0.036224365234375,0.0280609130859375
3116,WomenWhoStutter_76_9,0.1829833984375,0.36328125,0.446533203125,0.1927490234375,0.06939697265625
3117,StrongVoices_8_12,0.1724853515625,0.16650390625,0.02508544921875,0.01898193359375,0.0489501953125
3118,StrongVoices_6_105,0.352294921875,0.1551513671875,0.018341064453125,0.0141143798828125,0.038604736328125
3119,HVSA_2_101,0.1265869140625,0.355224609375,0.387939453125,0.38330078125,0.380126953125
3120,HeStutters_16_26,0.2337646484375,0.2548828125,0.31396484375,0.50390625,0.60107421875
3121,HeStutters_5_159,0.08648681640625,0.364501953125,0.11517333984375,0.1573486328125,0.283447265625
3122,HeStutters_12_89,0.0272216796875,0.12158203125,0.0224151611328125,0.097412109375,0.3681640625
3123,StrongVoices_6_177,0.0885009765625,0.181396484375,0.0150146484375,0.033905029296875,0.039276123046875
3124,HVSA_3_144,0.26708984375,0.308837890625,0.26953125,0.039642333984375,0.10211181640625
3125,HeStutters_16_99,0.1640625,0.114990234375,0.026458740234375,0.0701904296875,0.1260986328125
3126,StutterTalk_64_145,0.303466796875,0.07904052734375,0.01678466796875,0.027587890625,0.12054443359375
3127,StutterTalk_26_175,0.033538818359375,0.128662109375,0.02215576171875,0.06903076171875,0.06646728515625
3128,HVSA_2_27,0.10821533203125,0.43994140625,0.51953125,0.059539794921875,0.10894775390625
3129,WomenWhoStutter_96_8,0.118408203125,0.29443359375,0.06109619140625,0.07305908203125,0.05194091796875
3130,StutterTalk_37_122,0.29443359375,0.093994140625,0.0301513671875,0.09173583984375,0.9228515625
3131,WomenWhoStutter_62_169,0.1395263671875,0.0830078125,0.00894927978515625,0.0302734375,0.25732421875
3132,StutterTalk_37_95,0.046905517578125,0.0546875,0.0196380615234375,0.0618896484375,0.09088134765625
3133,WomenWhoStutter_2_100,0.042083740234375,0.11676025390625,0.033721923828125,0.11102294921875,0.388427734375
3134,WomenWhoStutter_42_113,0.2021484375,0.06597900390625,0.0090179443359375,0.01519012451171875,0.1585693359375
3135,StrongVoices_2_0,0.05572509765625,0.14501953125,0.0184326171875,0.163330078125,0.2034912109375
3136,StutterTalk_37_25,0.26123046875,0.10302734375,0.035675048828125,0.1336669921875,0.93212890625
3137,WomenWhoStutter_97_84,0.05389404296875,0.3935546875,0.26123046875,0.4169921875,0.32373046875
3138,StutterTalk_0_2,0.4072265625,0.3310546875,0.5087890625,0.194580078125,0.10650634765625
3139,StrongVoices_17_31,0.58740234375,0.239501953125,0.131591796875,0.052520751953125,0.055816650390625
3140,StutterTalk_62_35,0.23681640625,0.05145263671875,0.007488250732421875,0.0292510986328125,0.716796875
3141,WomenWhoStutter_49_32,0.11614990234375,0.427734375,0.56005859375,0.1973876953125,0.2254638671875
3142,StutteringIsCool_65_36,0.04248046875,0.06890869140625,0.0615234375,0.0194244384765625,0.0136871337890625
3143,StutteringIsCool_84_6,0.01983642578125,0.04876708984375,0.0173797607421875,0.016845703125,0.0455322265625
3144,StutterTalk_15_6,0.36669921875,0.273681640625,0.1923828125,0.08477783203125,0.1346435546875
3145,WomenWhoStutter_21_90,0.2171630859375,0.06243896484375,0.00701141357421875,0.019195556640625,0.09088134765625
3146,StutterTalk_29_19,0.0634765625,0.11676025390625,0.01090240478515625,0.021240234375,0.059326171875
3147,StutterTalk_79_16,0.022979736328125,0.08868408203125,0.0209197998046875,0.0460205078125,0.0297088623046875
3148,StrongVoices_32_194,0.0987548828125,0.171630859375,0.00919342041015625,0.0210418701171875,0.09600830078125
3149,StutterTalk_26_82,0.063720703125,0.0999755859375,0.0083770751953125,0.01332855224609375,0.076416015625
3150,HeStutters_2_171,0.1380615234375,0.1728515625,0.049407958984375,0.1290283203125,0.25634765625
3151,HeStutters_3_9,0.2333984375,0.171630859375,0.0232391357421875,0.0872802734375,0.10504150390625
3152,HVSA_2_62,0.050048828125,0.146728515625,0.1279296875,0.300048828125,0.412841796875
3153,StrongVoices_26_24,0.08648681640625,0.08709716796875,0.01287078857421875,0.038177490234375,0.41845703125
3154,StutterTalk_37_186,0.160888671875,0.0994873046875,0.0416259765625,0.044342041015625,0.042724609375
3155,StutteringIsCool_45_28,0.28857421875,0.10894775390625,0.0179901123046875,0.006122589111328125,0.134033203125
3156,HVSA_2_51,0.46923828125,0.1568603515625,0.199462890625,0.022979736328125,0.05291748046875
3157,StutterTalk_37_18,0.32666015625,0.0706787109375,0.02447509765625,0.1131591796875,0.307373046875
3158,WomenWhoStutter_96_102,0.06927490234375,0.1513671875,0.0248870849609375,0.0322265625,0.039276123046875
3159,StutterTalk_22_16,0.0240936279296875,0.1300048828125,0.019989013671875,0.0810546875,0.1640625
3160,StutterTalk_16_23,0.2548828125,0.1656494140625,0.120361328125,0.1688232421875,0.58544921875
3161,StutteringIsCool_80_106,0.0635986328125,0.11029052734375,0.04638671875,0.26806640625,0.056121826171875
3162,StrongVoices_23_36,0.33544921875,0.291748046875,0.08990478515625,0.047882080078125,0.11395263671875
3163,WomenWhoStutter_64_8,0.03448486328125,0.1470947265625,0.04559326171875,0.10174560546875,0.181884765625
3164,StutterTalk_22_39,0.0162200927734375,0.1416015625,0.056549072265625,0.2314453125,0.10247802734375
3165,WomenWhoStutter_27_1,0.1480712890625,0.07861328125,0.01111602783203125,0.0141754150390625,0.040252685546875
3166,StutterTalk_26_59,0.0582275390625,0.09466552734375,0.0106964111328125,0.04046630859375,0.37255859375
3167,StutteringIsCool_49_31,0.630859375,0.2384033203125,0.0738525390625,0.097900390625,0.105224609375
3168,StutteringIsCool_75_35,0.68212890625,0.1171875,0.0618896484375,0.0234222412109375,0.11859130859375
3169,HVSA_2_176,0.1905517578125,0.30517578125,0.423828125,0.06768798828125,0.059967041015625
3170,StrongVoices_22_3,0.12066650390625,0.093994140625,0.061981201171875,0.038116455078125,0.02001953125
3171,StrongVoices_12_20,0.12347412109375,0.06854248046875,0.011199951171875,0.017242431640625,0.0191192626953125
3172,StrongVoices_23_173,0.126708984375,0.286865234375,0.03277587890625,0.017852783203125,0.05987548828125
3173,WomenWhoStutter_79_7,0.0209197998046875,0.0775146484375,0.01085662841796875,0.03753662109375,0.034942626953125
3174,MyStutteringLife_19_5,0.11517333984375,0.105224609375,0.00971221923828125,0.00766754150390625,0.11859130859375
3175,StrongVoices_29_35,0.1302490234375,0.177978515625,0.0293121337890625,0.03533935546875,0.01934814453125
3176,StutteringIsCool_62_16,0.091064453125,0.10052490234375,0.0141754150390625,0.0321044921875,0.0704345703125
3177,WomenWhoStutter_43_12,0.1312255859375,0.13037109375,0.01422882080078125,0.005706787109375,0.0282745361328125
3178,MyStutteringLife_0_37,0.0537109375,0.244384765625,0.10321044921875,0.06268310546875,0.1201171875
3179,WomenWhoStutter_81_93,0.058135986328125,0.1630859375,0.058013916015625,0.277587890625,0.537109375
3180,WomenWhoStutter_2_188,0.053192138671875,0.36767578125,0.20751953125,0.137939453125,0.2685546875
3181,HeStutters_18_46,0.034027099609375,0.281982421875,0.1607666015625,0.1302490234375,0.039276123046875
3182,StrongVoices_1_37,0.23583984375,0.0938720703125,0.029876708984375,0.0560302734375,0.0279083251953125
3183,StutterTalk_63_172,0.026763916015625,0.10760498046875,0.00586700439453125,0.0299224853515625,0.37451171875
3184,StutterTalk_38_15,0.2060546875,0.125732421875,0.0217742919921875,0.06719970703125,0.9501953125
3185,WomenWhoStutter_42_109,0.023956298828125,0.0460205078125,0.008514404296875,0.035064697265625,0.0225372314453125
3186,StutterTalk_64_43,0.414794921875,0.08062744140625,0.046112060546875,0.05780029296875,0.1044921875
3187,WomenWhoStutter_86_140,0.1640625,0.199951171875,0.1104736328125,0.4091796875,0.57763671875
3188,IStutterSoWhat_0_97,0.054412841796875,0.2100830078125,0.053497314453125,0.0170440673828125,0.0194549560546875
3189,StutterTalk_25_40,0.0457763671875,0.142578125,0.0219879150390625,0.036834716796875,0.030731201171875
3190,StutteringIsCool_73_6,0.07720947265625,0.09967041015625,0.017242431640625,0.030731201171875,0.0224151611328125
3191,StutteringIsCool_38_16,0.10211181640625,0.1375732421875,0.0343017578125,0.08929443359375,0.91943359375
3192,StrongVoices_2_27,0.048675537109375,0.194091796875,0.07342529296875,0.0699462890625,0.0310821533203125
3193,StrongVoices_23_249,0.130859375,0.34521484375,0.08660888671875,0.02947998046875,0.2489013671875
3194,StutteringIsCool_33_27,0.09222412109375,0.05023193359375,0.005344390869140625,0.0263519287109375,0.7119140625
3195,StutterTalk_37_171,0.2330322265625,0.1922607421875,0.1591796875,0.086181640625,0.044769287109375
3196,WomenWhoStutter_22_34,0.04010009765625,0.14208984375,0.06695556640625,0.11029052734375,0.12548828125
3197,StutteringIsCool_80_125,0.146484375,0.093994140625,0.0205230712890625,0.0709228515625,0.53369140625
3198,StutterTalk_72_148,0.0289764404296875,0.1329345703125,0.01763916015625,0.09320068359375,0.089599609375
3199,WomenWhoStutter_30_87,0.57470703125,0.2646484375,0.2310791015625,0.1077880859375,0.333251953125
3200,StrongVoices_6_39,0.25830078125,0.315185546875,0.042327880859375,0.024749755859375,0.056640625
3201,WomenWhoStutter_2_71,0.250244140625,0.324462890625,0.313720703125,0.060211181640625,0.056549072265625
3202,StutterTalk_53_30,0.1492919921875,0.5029296875,0.50732421875,0.1322021484375,0.301025390625
3203,WomenWhoStutter_48_12,0.0823974609375,0.07891845703125,0.0141143798828125,0.017303466796875,0.0531005859375
3204,StrongVoices_21_22,0.1236572265625,0.278076171875,0.18505859375,0.1304931640625,0.1533203125
3205,StutteringIsCool_65_27,0.2998046875,0.060516357421875,0.03448486328125,0.023651123046875,0.042022705078125
3206,StutterTalk_49_15,0.126953125,0.07305908203125,0.008514404296875,0.00787353515625,0.0226287841796875
3207,WomenWhoStutter_33_34,0.12841796875,0.124755859375,0.0177154541015625,0.00885009765625,0.0259552001953125
3208,WomenWhoStutter_2_82,0.04840087890625,0.207275390625,0.1251220703125,0.258544921875,0.50439453125
3209,StutteringIsCool_64_12,0.1439208984375,0.1163330078125,0.02215576171875,0.0204925537109375,0.308349609375
3210,WomenWhoStutter_76_34,0.09967041015625,0.0755615234375,0.0095977783203125,0.046295166015625,0.88330078125
3211,HeStutters_2_0,0.059539794921875,0.1939697265625,0.0374755859375,0.0240020751953125,0.01483917236328125
3212,StutterTalk_10_28,0.10504150390625,0.160400390625,0.0241851806640625,0.0090179443359375,0.0115966796875
3213,StrongVoices_29_17,0.18310546875,0.11676025390625,0.0141143798828125,0.014007568359375,0.046478271484375
3214,HVSA_1_77,0.2088623046875,0.1649169921875,0.042022705078125,0.037689208984375,0.87353515625
3215,StrongVoices_18_10,0.03948974609375,0.0867919921875,0.005489349365234375,0.0179901123046875,0.11517333984375
3216,StutterTalk_76_7,0.39013671875,0.179931640625,0.1033935546875,0.14306640625,0.796875
3217,WomenWhoStutter_62_188,0.03436279296875,0.08587646484375,0.0116424560546875,0.027740478515625,0.13916015625
3218,StutteringIsCool_65_34,0.373291015625,0.09332275390625,0.0726318359375,0.042327880859375,0.1436767578125
3219,StutteringIsCool_73_21,0.07489013671875,0.05633544921875,0.00586700439453125,0.0219879150390625,0.1630859375
3220,StutterTalk_76_28,0.206787109375,0.1905517578125,0.1883544921875,0.049957275390625,0.05340576171875
3221,StrongVoices_32_103,0.089599609375,0.14306640625,0.01332855224609375,0.03533935546875,0.052520751953125
3222,WomenWhoStutter_62_14,0.04168701171875,0.085693359375,0.033477783203125,0.1474609375,0.521484375
3223,WomenWhoStutter_2_42,0.05291748046875,0.11102294921875,0.017303466796875,0.0210113525390625,0.1297607421875
3224,WomenWhoStutter_62_178,0.044342041015625,0.09088134765625,0.029876708984375,0.1175537109375,0.05224609375
3225,WomenWhoStutter_2_209,0.137451171875,0.323486328125,0.160888671875,0.30078125,0.55029296875
3226,IStutterSoWhat_0_109,0.148193359375,0.061767578125,0.00885009765625,0.0244293212890625,0.056549072265625
3227,StutterTalk_8_108,0.0279541015625,0.0582275390625,0.0246124267578125,0.047607421875,0.1483154296875
3228,StutterTalk_76_15,0.17041015625,0.258056640625,0.1181640625,0.2265625,0.18310546875
3229,StrongVoices_23_77,0.3310546875,0.107421875,0.01337432861328125,0.00989532470703125,0.0391845703125
3230,StrongVoices_5_8,0.273193359375,0.170654296875,0.06719970703125,0.0310821533203125,0.049407958984375
3231,StutteringIsCool_47_16,0.12176513671875,0.1187744140625,0.01332855224609375,0.06683349609375,0.89697265625
3232,StrongVoices_14_17,0.02606201171875,0.05706787109375,0.0116424560546875,0.043701171875,0.1334228515625
3233,IStutterSoWhat_0_90,0.10394287109375,0.294921875,0.09332275390625,0.10858154296875,0.7587890625
3234,StrongVoices_21_39,0.09466552734375,0.1561279296875,0.0243377685546875,0.01953125,0.1319580078125
3235,StutteringIsCool_80_115,0.09619140625,0.08770751953125,0.018585205078125,0.0345458984375,0.095703125
3236,WomenWhoStutter_89_24,0.07183837890625,0.141357421875,0.0302734375,0.06439208984375,0.1033935546875
3237,StrongVoices_32_165,0.7822265625,0.203125,0.155029296875,0.06964111328125,0.1263427734375
3238,StrongVoices_28_28,0.142822265625,0.04376220703125,0.017913818359375,0.035736083984375,0.06903076171875
3239,WomenWhoStutter_30_17,0.1171875,0.08709716796875,0.008544921875,0.0103302001953125,0.03985595703125
3240,IStutterSoWhat_3_123,0.185546875,0.268310546875,0.2724609375,0.189208984375,0.06439208984375
3241,StrongVoices_4_32,0.0147857666015625,0.164794921875,0.0293731689453125,0.1456298828125,0.333740234375
3242,StutteringIsCool_75_3,0.05450439453125,0.14453125,0.00841522216796875,0.0364990234375,0.2288818359375
3243,WomenWhoStutter_52_32,0.0460205078125,0.06280517578125,0.007724761962890625,0.03802490234375,0.11395263671875
3244,StutterTalk_64_58,0.149658203125,0.079345703125,0.0171051025390625,0.06915283203125,0.9140625
3245,StutterTalk_63_170,0.0282135009765625,0.13134765625,0.06256103515625,0.38916015625,0.091064453125
3246,StutterTalk_10_10,0.08251953125,0.0509033203125,0.007843017578125,0.02630615234375,0.0504150390625
3247,HeStutters_11_100,0.09088134765625,0.12139892578125,0.016021728515625,0.0187225341796875,0.1416015625
3248,WomenWhoStutter_68_17,0.11376953125,0.0867919921875,0.0038394927978515625,0.01971435546875,0.08465576171875
3249,HeStutters_2_149,0.0966796875,0.14306640625,0.024139404296875,0.0284423828125,0.0238189697265625
3250,HVSA_0_65,0.1707763671875,0.0994873046875,0.020599365234375,0.042022705078125,0.3369140625
3251,MyStutteringLife_16_37,0.04779052734375,0.2861328125,0.22216796875,0.07342529296875,0.0216217041015625
3252,WomenWhoStutter_108_24,0.05059814453125,0.263916015625,0.093505859375,0.053985595703125,0.1524658203125
3253,StutterTalk_13_20,0.0250396728515625,0.07965087890625,0.0384521484375,0.330078125,0.171630859375
3254,WomenWhoStutter_90_29,0.62158203125,0.281005859375,0.400146484375,0.263916015625,0.194580078125
3255,WomenWhoStutter_46_8,0.175537109375,0.3984375,0.45068359375,0.273681640625,0.51220703125
3256,StrongVoices_23_126,0.169921875,0.208984375,0.051666259765625,0.022247314453125,0.059661865234375
3257,StutteringIsCool_14_2,0.08343505859375,0.06927490234375,0.057281494140625,0.07305908203125,0.10430908203125
3258,HeStutters_11_200,0.08819580078125,0.15087890625,0.0171051025390625,0.07171630859375,0.91064453125
3259,IStutterSoWhat_3_72,0.7421875,0.28564453125,0.358154296875,0.09039306640625,0.0726318359375
3260,StrongVoices_23_167,0.223876953125,0.1353759765625,0.0115509033203125,0.01374053955078125,0.21533203125
3261,WomenWhoStutter_22_24,0.1925048828125,0.344970703125,0.50732421875,0.52783203125,0.2274169921875
3262,StrongVoices_17_34,0.276611328125,0.1209716796875,0.017242431640625,0.0243377685546875,0.0970458984375
3263,HeStutters_16_128,0.10992431640625,0.1131591796875,0.03424072265625,0.100341796875,0.024658203125
3264,StrongVoices_10_16,0.02069091796875,0.11181640625,0.0162811279296875,0.046295166015625,0.09588623046875
3265,StrongVoices_8_13,0.05242919921875,0.06488037109375,0.01009368896484375,0.0305023193359375,0.073974609375
3266,WomenWhoStutter_29_3,0.1015625,0.11968994140625,0.0190887451171875,0.0169830322265625,0.0182647705078125
3267,StrongVoices_34_27,0.447021484375,0.2176513671875,0.10992431640625,0.1407470703125,0.1229248046875
3268,WomenWhoStutter_48_25,0.04010009765625,0.251220703125,0.03155517578125,0.054595947265625,0.09075927734375
3269,StutteringIsCool_34_139,0.1868896484375,0.0975341796875,0.028656005859375,0.059326171875,0.339111328125
3270,WomenWhoStutter_30_64,0.14013671875,0.2110595703125,0.039703369140625,0.021209716796875,0.092041015625
3271,StrongVoices_6_190,0.0634765625,0.234619140625,0.048126220703125,0.03277587890625,0.0194549560546875
3272,StutterTalk_1_30,0.09503173828125,0.06610107421875,0.0247039794921875,0.175537109375,0.2420654296875
3273,StutterTalk_24_11,0.0226287841796875,0.17236328125,0.0816650390625,0.071044921875,0.0237274169921875
3274,StutterTalk_72_39,0.43896484375,0.10321044921875,0.014556884765625,0.0230712890625,0.681640625
3275,HeStutters_11_81,0.10107421875,0.242919921875,0.061431884765625,0.265380859375,0.7666015625
3276,HVSA_2_175,0.11102294921875,0.26513671875,0.26025390625,0.1190185546875,0.0263519287109375
3277,MyStutteringLife_22_11,0.3671875,0.1270751953125,0.038604736328125,0.0823974609375,0.92919921875
3278,StutteringIsCool_64_8,0.04486083984375,0.216064453125,0.0872802734375,0.2138671875,0.495361328125
3279,StrongVoices_12_38,0.04302978515625,0.11578369140625,0.01036834716796875,0.06549072265625,0.08135986328125
3280,StrongVoices_12_11,0.1378173828125,0.0953369140625,0.01262664794921875,0.011962890625,0.02337646484375
3281,StrongVoices_29_39,0.1015625,0.1995849609375,0.0318603515625,0.05108642578125,0.37646484375
3282,WomenWhoStutter_30_155,0.0313720703125,0.1865234375,0.05499267578125,0.043609619140625,0.049407958984375
3283,HeStutters_5_44,0.350830078125,0.278076171875,0.31103515625,0.207275390625,0.13232421875
3284,HVSA_3_40,0.1549072265625,0.443115234375,0.48095703125,0.1815185546875,0.198974609375
3285,StrongVoices_10_167,0.060638427734375,0.11614990234375,0.0129241943359375,0.03240966796875,0.2496337890625
3286,StrongVoices_21_112,0.05706787109375,0.11419677734375,0.0121917724609375,0.060211181640625,0.0482177734375
3287,StrongVoices_33_27,0.0504150390625,0.1383056640625,0.017181396484375,0.017181396484375,0.01374053955078125
3288,HeStutters_12_209,0.51806640625,0.10089111328125,0.017242431640625,0.010650634765625,0.1240234375
3289,StutterTalk_64_87,0.1199951171875,0.10394287109375,0.03167724609375,0.058990478515625,0.58740234375
3290,StutteringIsCool_38_37,0.02886962890625,0.11297607421875,0.01137542724609375,0.0306243896484375,0.239501953125
3291,WomenWhoStutter_2_14,0.09503173828125,0.268310546875,0.09027099609375,0.0296478271484375,0.0200653076171875
3292,StrongVoices_28_20,0.67578125,0.2406005859375,0.1414794921875,0.03594970703125,0.034942626953125
3293,StrongVoices_10_143,0.61669921875,0.1007080078125,0.0330810546875,0.031494140625,0.07965087890625
3294,StutteringIsCool_33_0,0.157470703125,0.152099609375,0.044769287109375,0.05877685546875,0.685546875
3295,StutterTalk_64_120,0.09857177734375,0.08404541015625,0.01490020751953125,0.043212890625,0.794921875
3296,StutteringIsCool_80_202,0.223388671875,0.08868408203125,0.0078125,0.04345703125,0.697265625
3297,StutterTalk_63_61,0.05145263671875,0.1422119140625,0.011871337890625,0.03436279296875,0.457763671875
3298,WomenWhoStutter_21_146,0.042236328125,0.06524658203125,0.005100250244140625,0.0237274169921875,0.66455078125
3299,StutterTalk_34_26,0.0823974609375,0.08831787109375,0.00669097900390625,0.023193359375,0.294189453125
3300,WomenWhoStutter_30_163,0.020599365234375,0.09808349609375,0.01666259765625,0.04296875,0.0640869140625
3301,StutterTalk_8_111,0.055419921875,0.09027099609375,0.047088623046875,0.25341796875,0.259033203125
3302,StutterTalk_26_196,0.03131103515625,0.1556396484375,0.044189453125,0.0322265625,0.03125
3303,StrongVoices_10_25,0.61279296875,0.13818359375,0.06854248046875,0.038238525390625,0.07904052734375
3304,StutteringIsCool_70_18,0.043701171875,0.0439453125,0.004520416259765625,0.017181396484375,0.1724853515625
3305,StrongVoices_28_39,0.61962890625,0.148681640625,0.09075927734375,0.0439453125,0.057373046875
3306,StutteringIsCool_34_150,0.376220703125,0.0880126953125,0.0154266357421875,0.0293121337890625,0.206787109375
3307,StrongVoices_1_4,0.0548095703125,0.2315673828125,0.0391845703125,0.013427734375,0.018402099609375
3308,HeStutters_11_13,0.0206451416015625,0.0762939453125,0.020843505859375,0.090576171875,0.17333984375
3309,HVSA_2_124,0.450439453125,0.2039794921875,0.1104736328125,0.033203125,0.377197265625
3310,WomenWhoStutter_58_21,0.583984375,0.0880126953125,0.02056884765625,0.02191162109375,0.560546875
3311,StutteringIsCool_46_105,0.06756591796875,0.1915283203125,0.03167724609375,0.028594970703125,0.01666259765625
3312,StutterTalk_37_16,0.1015625,0.0762939453125,0.04193115234375,0.04779052734375,0.0253753662109375
3313,WomenWhoStutter_30_29,0.2064208984375,0.2037353515625,0.014007568359375,0.00989532470703125,0.31640625
3314,WomenWhoStutter_58_24,0.033905029296875,0.145263671875,0.1724853515625,0.1505126953125,0.10467529296875
3315,StrongVoices_18_35,0.1754150390625,0.09466552734375,0.015960693359375,0.038543701171875,0.9404296875
3316,StutterTalk_26_86,0.03790283203125,0.1549072265625,0.0285491943359375,0.0191192626953125,0.04595947265625
3317,StutterTalk_62_22,0.267333984375,0.062225341796875,0.0271759033203125,0.053192138671875,0.0762939453125
3318,StutterTalk_64_108,0.1671142578125,0.1669921875,0.15185546875,0.020721435546875,0.0163421630859375
3319,StrongVoices_21_58,0.053192138671875,0.10858154296875,0.00812530517578125,0.0211181640625,0.049591064453125
3320,WomenWhoStutter_21_182,0.1275634765625,0.0496826171875,0.00579833984375,0.019561767578125,0.0889892578125
3321,WomenWhoStutter_87_165,0.230712890625,0.34765625,0.51611328125,0.2286376953125,0.09857177734375
3322,StutteringIsCool_46_30,0.10595703125,0.1468505859375,0.0144500732421875,0.041473388671875,0.94970703125
3323,HeStutters_2_36,0.2191162109375,0.1634521484375,0.1583251953125,0.05291748046875,0.0299835205078125
3324,StutteringIsCool_62_19,0.1171875,0.1456298828125,0.0293121337890625,0.07666015625,0.21337890625
3325,HeStutters_0_11,0.01983642578125,0.061309814453125,0.0068511962890625,0.01983642578125,0.02606201171875
3326,StrongVoices_22_10,0.055419921875,0.064208984375,0.021209716796875,0.028167724609375,0.045867919921875
3327,StrongVoices_0_32,0.042388916015625,0.18505859375,0.0321044921875,0.03790283203125,0.02947998046875
3328,StutteringIsCool_49_33,0.20263671875,0.1014404296875,0.011688232421875,0.0313720703125,0.85400390625
3329,StutterTalk_59_22,0.014007568359375,0.07696533203125,0.00971221923828125,0.06561279296875,0.1181640625
3330,StutterTalk_8_8,0.1187744140625,0.1199951171875,0.052703857421875,0.043853759765625,0.568359375
3331,StutterTalk_58_24,0.1468505859375,0.30126953125,0.5634765625,0.414794921875,0.435546875
3332,HeStutters_16_169,0.1492919921875,0.235107421875,0.1124267578125,0.1873779296875,0.11358642578125
3333,StutteringIsCool_61_14,0.1973876953125,0.360595703125,0.2366943359375,0.0753173828125,0.0704345703125
3334,StutterTalk_16_29,0.0504150390625,0.318359375,0.265380859375,0.10284423828125,0.040374755859375
3335,WomenWhoStutter_86_77,0.06451416015625,0.1834716796875,0.04595947265625,0.15185546875,0.09368896484375
3336,WomenWhoStutter_2_15,0.04443359375,0.175537109375,0.033843994140625,0.0287628173828125,0.039794921875
3337,StrongVoices_10_201,0.1591796875,0.09368896484375,0.0083465576171875,0.0153656005859375,0.0472412109375
3338,WomenWhoStutter_15_6,0.04534912109375,0.1849365234375,0.0517578125,0.07666015625,0.08197021484375
3339,StutteringIsCool_40_11,0.06768798828125,0.1500244140625,0.0838623046875,0.060089111328125,0.06634521484375
3340,HVSA_2_82,0.034027099609375,0.10723876953125,0.08270263671875,0.33349609375,0.44970703125
3341,StrongVoices_6_209,0.11578369140625,0.34033203125,0.03948974609375,0.024658203125,0.0546875
3342,StutteringIsCool_23_30,0.0489501953125,0.041778564453125,0.0210113525390625,0.022369384765625,0.0284881591796875
3343,StrongVoices_10_179,0.12188720703125,0.1798095703125,0.0182647705078125,0.036712646484375,0.129150390625
3344,StrongVoices_23_124,0.10125732421875,0.31640625,0.040252685546875,0.04193115234375,0.148193359375
3345,StrongVoices_27_10,0.04327392578125,0.23095703125,0.0255584716796875,0.0252227783203125,0.0226287841796875
3346,StutteringIsCool_80_176,0.11181640625,0.0386962890625,0.00511932373046875,0.0118255615234375,0.071044921875
3347,StutteringIsCool_1_1,0.06781005859375,0.17822265625,0.13818359375,0.040771484375,0.053009033203125
3348,StutteringIsCool_64_23,0.0592041015625,0.36572265625,0.369384765625,0.434814453125,0.316162109375
3349,StutterTalk_64_28,0.279296875,0.1905517578125,0.1229248046875,0.05108642578125,0.03790283203125
3350,WomenWhoStutter_25_11,0.265380859375,0.08526611328125,0.00812530517578125,0.021209716796875,0.27490234375
3351,StutteringIsCool_44_6,0.047882080078125,0.351318359375,0.107421875,0.0262603759765625,0.02685546875
3352,StrongVoices_11_26,0.337158203125,0.3232421875,0.09222412109375,0.07891845703125,0.677734375
3353,StutterTalk_64_61,0.10394287109375,0.06732177734375,0.0386962890625,0.10247802734375,0.12420654296875
3354,WomenWhoStutter_10_115,0.052337646484375,0.12322998046875,0.008880615234375,0.0204925537109375,0.034759521484375
3355,WomenWhoStutter_107_12,0.35205078125,0.086181640625,0.01473236083984375,0.02276611328125,0.20751953125
3356,StutteringIsCool_37_21,0.07489013671875,0.12176513671875,0.035064697265625,0.033599853515625,0.05889892578125
3357,HVSA_0_46,0.08135986328125,0.26904296875,0.110107421875,0.02691650390625,0.1221923828125
3358,MyStutteringLife_0_14,0.07574462890625,0.0706787109375,0.00989532470703125,0.010986328125,0.09967041015625
3359,MyStutteringLife_8_3,0.035736083984375,0.26953125,0.07763671875,0.045013427734375,0.03985595703125
3360,StutteringIsCool_62_0,0.329833984375,0.05780029296875,0.005706787109375,0.0225372314453125,0.556640625
3361,MyStutteringLife_39_14,0.10211181640625,0.1181640625,0.0235595703125,0.049957275390625,0.11419677734375
3362,StutteringIsCool_81_25,0.0289306640625,0.05291748046875,0.0217437744140625,0.035675048828125,0.0208892822265625
3363,StutterTalk_64_104,0.045013427734375,0.06634521484375,0.0154266357421875,0.0258636474609375,0.04510498046875
3364,HVSA_1_114,0.038909912109375,0.2119140625,0.2255859375,0.08758544921875,0.04248046875
3365,StrongVoices_33_25,0.1375732421875,0.11474609375,0.01812744140625,0.021453857421875,0.0323486328125
3366,StutteringIsCool_34_183,0.0635986328125,0.1290283203125,0.0165863037109375,0.0802001953125,0.377197265625
3367,StrongVoices_12_17,0.039337158203125,0.06610107421875,0.007694244384765625,0.014556884765625,0.019683837890625
3368,WomenWhoStutter_2_30,0.0546875,0.35205078125,0.388916015625,0.347412109375,0.22900390625
3369,StutterTalk_7_8,0.1063232421875,0.24365234375,0.1251220703125,0.0999755859375,0.1439208984375
3370,StrongVoices_4_25,0.0548095703125,0.1590576171875,0.01812744140625,0.00937652587890625,0.02337646484375
3371,WomenWhoStutter_13_8,0.2149658203125,0.23828125,0.0196380615234375,0.011199951171875,0.304443359375
3372,WomenWhoStutter_8_29,0.172607421875,0.3291015625,0.0849609375,0.021209716796875,0.0885009765625
3373,StutteringIsCool_38_14,0.04876708984375,0.277587890625,0.0531005859375,0.0257110595703125,0.21337890625
3374,HVSA_2_132,0.06573486328125,0.1175537109375,0.05499267578125,0.09136962890625,0.10992431640625
3375,StutteringIsCool_70_23,0.0293121337890625,0.033538818359375,0.005161285400390625,0.03607177734375,0.1688232421875
3376,StrongVoices_8_29,0.155517578125,0.1583251953125,0.061187744140625,0.0333251953125,0.050048828125
3377,StrongVoices_21_165,0.0282745361328125,0.06781005859375,0.0147857666015625,0.043212890625,0.03240966796875
3378,StutteringIsCool_2_21,0.06268310546875,0.0975341796875,0.089599609375,0.1370849609375,0.093505859375
3379,StutterTalk_66_18,0.04510498046875,0.302490234375,0.291748046875,0.290283203125,0.1693115234375
3380,StrongVoices_5_32,0.158935546875,0.1851806640625,0.02606201171875,0.0313720703125,0.056121826171875
3381,WomenWhoStutter_10_178,0.058441162109375,0.12066650390625,0.055206298828125,0.055938720703125,0.04248046875
3382,HVSA_1_180,0.2005615234375,0.296875,0.308837890625,0.059417724609375,0.11260986328125
3383,StutterTalk_78_22,0.11676025390625,0.1177978515625,0.01395416259765625,0.0165252685546875,0.47265625
3384,HVSA_2_45,0.07720947265625,0.27490234375,0.27685546875,0.1964111328125,0.5244140625
3385,StrongVoices_32_116,0.039337158203125,0.04803466796875,0.00945281982421875,0.026458740234375,0.1492919921875
3386,StrongVoices_17_35,0.1607666015625,0.1124267578125,0.011962890625,0.0103302001953125,0.0987548828125
3387,StutterTalk_58_0,0.1693115234375,0.1756591796875,0.11419677734375,0.1331787109375,0.259033203125
3388,StutterTalk_26_127,0.0227203369140625,0.09722900390625,0.013275146484375,0.061431884765625,0.140380859375
3389,IStutterSoWhat_3_80,0.52001953125,0.1041259765625,0.03424072265625,0.08770751953125,0.71533203125
3390,WomenWhoStutter_2_135,0.130859375,0.260986328125,0.21337890625,0.14013671875,0.039642333984375
3391,WomenWhoStutter_42_167,0.09320068359375,0.10723876953125,0.0143890380859375,0.017852783203125,0.0223236083984375
3392,StutterTalk_12_7,0.1373291015625,0.12420654296875,0.026153564453125,0.10821533203125,0.9345703125
3393,StrongVoices_25_12,0.130859375,0.268310546875,0.04248046875,0.030853271484375,0.0258636474609375
3394,MyStutteringLife_1_13,0.060516357421875,0.375244140625,0.1263427734375,0.0191192626953125,0.037200927734375
3395,StrongVoices_21_18,0.08123779296875,0.2330322265625,0.0341796875,0.0775146484375,0.11456298828125
3396,HeStutters_11_46,0.51123046875,0.1865234375,0.046905517578125,0.07904052734375,0.6708984375
3397,StrongVoices_6_86,0.0640869140625,0.277099609375,0.0293731689453125,0.0225830078125,0.0310821533203125
3398,WomenWhoStutter_2_11,0.1632080078125,0.16845703125,0.0252685546875,0.018157958984375,0.39990234375
3399,HVSA_0_70,0.2081298828125,0.13525390625,0.01467132568359375,0.0247955322265625,0.29345703125
3400,StrongVoices_21_148,0.0294189453125,0.1707763671875,0.034759521484375,0.04376220703125,0.06793212890625
3401,StrongVoices_3_13,0.607421875,0.11962890625,0.052825927734375,0.0204925537109375,0.036834716796875
3402,HVSA_2_37,0.10821533203125,0.346435546875,0.39599609375,0.2587890625,0.5234375
3403,StrongVoices_32_81,0.403564453125,0.283203125,0.1077880859375,0.057586669921875,0.39404296875
3404,StrongVoices_25_13,0.0537109375,0.175537109375,0.09368896484375,0.033538818359375,0.0867919921875
3405,WomenWhoStutter_97_191,0.11029052734375,0.142578125,0.0194244384765625,0.0574951171875,0.90869140625
3406,StrongVoices_12_15,0.051666259765625,0.06512451171875,0.00595855712890625,0.0268096923828125,0.25244140625
3407,HeStutters_5_140,0.089599609375,0.451416015625,0.434326171875,0.25537109375,0.1673583984375
3408,HeStutters_11_21,0.06939697265625,0.168701171875,0.015899658203125,0.044921875,0.763671875
3409,WomenWhoStutter_97_30,0.1563720703125,0.33251953125,0.1240234375,0.035491943359375,0.05145263671875
3410,StrongVoices_10_200,0.0975341796875,0.177001953125,0.0153045654296875,0.0212860107421875,0.28076171875
3411,StutterTalk_72_32,0.21142578125,0.31005859375,0.053314208984375,0.040252685546875,0.0726318359375
3412,StrongVoices_32_73,0.11614990234375,0.328125,0.033660888671875,0.017303466796875,0.0364990234375
3413,StutterTalk_72_86,0.3408203125,0.1961669921875,0.0460205078125,0.03204345703125,0.04986572265625
3414,StutterTalk_64_110,0.1827392578125,0.08270263671875,0.05645751953125,0.0310211181640625,0.0792236328125
3415,StrongVoices_32_158,0.07196044921875,0.1627197265625,0.00974273681640625,0.01450347900390625,0.03240966796875
3416,StutterTalk_76_4,0.05975341796875,0.16845703125,0.01525115966796875,0.0227203369140625,0.1304931640625
3417,StrongVoices_21_97,0.09503173828125,0.1077880859375,0.0144500732421875,0.01384735107421875,0.046295166015625
3418,HVSA_1_52,0.0765380859375,0.389404296875,0.1583251953125,0.07342529296875,0.270263671875
3419,StrongVoices_14_24,0.076416015625,0.08447265625,0.018585205078125,0.0190887451171875,0.041229248046875
3420,WomenWhoStutter_10_32,0.1578369140625,0.495849609375,0.5400390625,0.1580810546875,0.1519775390625
3421,StrongVoices_32_102,0.045013427734375,0.08990478515625,0.024139404296875,0.060089111328125,0.08447265625
3422,StrongVoices_23_40,0.343994140625,0.288818359375,0.04931640625,0.018768310546875,0.2037353515625
3423,WomenWhoStutter_86_19,0.07861328125,0.15283203125,0.0121002197265625,0.02191162109375,0.043609619140625
3424,StrongVoices_23_258,0.52294921875,0.216552734375,0.05108642578125,0.0153045654296875,0.1885986328125
3425,StrongVoices_4_13,0.024658203125,0.070556640625,0.0173797607421875,0.04132080078125,0.051666259765625
3426,HeStutters_16_8,0.144775390625,0.04949951171875,0.007518768310546875,0.03314208984375,0.11358642578125
3427,StutterTalk_28_4,0.0635986328125,0.400146484375,0.291259765625,0.05194091796875,0.07183837890625
3428,WomenWhoStutter_87_174,0.04559326171875,0.1417236328125,0.029144287109375,0.020721435546875,0.0272216796875
3429,WomenWhoStutter_30_161,0.0343017578125,0.07135009765625,0.01029205322265625,0.0262603759765625,0.0364990234375
3430,StrongVoices_32_13,0.044525146484375,0.085693359375,0.00579833984375,0.01078033447265625,0.041778564453125
3431,HVSA_1_178,0.73974609375,0.1033935546875,0.0266571044921875,0.0207672119140625,0.69287109375
3432,StutteringIsCool_80_118,0.019561767578125,0.058349609375,0.01078033447265625,0.033905029296875,0.1114501953125
3433,HVSA_3_88,0.1856689453125,0.266845703125,0.1502685546875,0.0849609375,0.1778564453125
3434,WomenWhoStutter_90_27,0.04803466796875,0.2020263671875,0.08709716796875,0.22509765625,0.10015869140625
3435,StutteringIsCool_27_4,0.07666015625,0.08929443359375,0.06854248046875,0.1451416015625,0.0999755859375
3436,StrongVoices_17_26,0.14111328125,0.207275390625,0.02447509765625,0.022674560546875,0.07489013671875
3437,WomenWhoStutter_87_99,0.0509033203125,0.2080078125,0.0863037109375,0.1456298828125,0.7001953125
3438,StutterTalk_72_189,0.02337646484375,0.16259765625,0.0257568359375,0.1143798828125,0.223876953125
3439,WomenWhoStutter_96_103,0.08154296875,0.08648681640625,0.0154876708984375,0.0223236083984375,0.0509033203125
3440,WomenWhoStutter_87_83,0.04986572265625,0.12493896484375,0.0535888671875,0.1392822265625,0.44921875
3441,MyStutteringLife_25_21,0.0526123046875,0.12408447265625,0.048675537109375,0.051849365234375,0.024383544921875
3442,StutteringIsCool_27_30,0.1766357421875,0.2359619140625,0.0966796875,0.0190887451171875,0.026763916015625
3443,WomenWhoStutter_86_75,0.1490478515625,0.1683349609375,0.0177764892578125,0.08538818359375,0.71728515625
3444,HVSA_1_54,0.1373291015625,0.08868408203125,0.033477783203125,0.056121826171875,0.0521240234375
3445,StrongVoices_10_164,0.386474609375,0.10650634765625,0.048583984375,0.08978271484375,0.85595703125
3446,WomenWhoStutter_63_1,0.302490234375,0.0753173828125,0.011688232421875,0.05633544921875,0.82763671875
3447,StutteringIsCool_1_23,0.371826171875,0.319580078125,0.58837890625,0.5029296875,0.400634765625
3448,HeStutters_19_18,0.2198486328125,0.172607421875,0.0142822265625,0.0301055908203125,0.51171875
3449,StutterTalk_53_27,0.0321044921875,0.244384765625,0.057708740234375,0.06561279296875,0.10211181640625
3450,StutteringIsCool_33_2,0.263916015625,0.07196044921875,0.059539794921875,0.07208251953125,0.31640625
3451,StutterTalk_53_17,0.071044921875,0.11376953125,0.091552734375,0.037384033203125,0.01812744140625
3452,WomenWhoStutter_69_11,0.08599853515625,0.07489013671875,0.0143890380859375,0.08929443359375,0.7470703125
3453,WomenWhoStutter_62_199,0.0199432373046875,0.0634765625,0.01242828369140625,0.07861328125,0.407470703125
3454,WomenWhoStutter_17_4,0.09637451171875,0.2122802734375,0.04046630859375,0.07611083984375,0.92041015625
3455,IStutterSoWhat_3_11,0.097412109375,0.1063232421875,0.03875732421875,0.11474609375,0.447509765625
3456,WomenWhoStutter_97_62,0.2744140625,0.215576171875,0.058135986328125,0.0245208740234375,0.02630615234375
3457,StutterTalk_49_9,0.0975341796875,0.125732421875,0.053802490234375,0.035675048828125,0.03753662109375
3458,HVSA_1_106,0.08538818359375,0.1531982421875,0.04217529296875,0.0191650390625,0.16064453125
3459,MyStutteringLife_21_31,0.040924072265625,0.185546875,0.0260009765625,0.0154876708984375,0.019561767578125
3460,StutterTalk_25_12,0.1414794921875,0.1124267578125,0.0119171142578125,0.012054443359375,0.07476806640625
3461,WomenWhoStutter_10_118,0.1317138671875,0.1282958984375,0.0253753662109375,0.038177490234375,0.362548828125
3462,StrongVoices_8_6,0.1019287109375,0.1480712890625,0.02191162109375,0.0255126953125,0.047332763671875
3463,StrongVoices_32_53,0.09088134765625,0.2186279296875,0.01507568359375,0.0087127685546875,0.05126953125
3464,WomenWhoStutter_2_29,0.029205322265625,0.149169921875,0.06549072265625,0.1666259765625,0.165283203125
3465,WomenWhoStutter_69_25,0.1802978515625,0.1883544921875,0.0548095703125,0.06695556640625,0.30615234375
3466,HeStutters_2_191,0.1441650390625,0.289306640625,0.37548828125,0.09930419921875,0.06634521484375
3467,StrongVoices_10_75,0.416748046875,0.339111328125,0.303466796875,0.10174560546875,0.15771484375
3468,WomenWhoStutter_2_183,0.05706787109375,0.262939453125,0.052825927734375,0.0794677734375,0.35009765625
3469,StrongVoices_23_113,0.12188720703125,0.1995849609375,0.033843994140625,0.0090179443359375,0.051361083984375
3470,StutteringIsCool_33_8,0.1094970703125,0.058349609375,0.0235137939453125,0.056549072265625,0.29736328125
3471,StutterTalk_54_39,0.0240936279296875,0.156005859375,0.08343505859375,0.205322265625,0.1181640625
3472,StutteringIsCool_80_121,0.01490020751953125,0.06268310546875,0.01519012451171875,0.0509033203125,0.0633544921875
3473,HVSA_2_86,0.0740966796875,0.29052734375,0.265869140625,0.2763671875,0.31787109375
3474,MyStutteringLife_16_3,0.06671142578125,0.159423828125,0.0180511474609375,0.05975341796875,0.91943359375
3475,StrongVoices_9_24,0.1048583984375,0.064208984375,0.03143310546875,0.024566650390625,0.049041748046875
3476,WomenWhoStutter_12_23,0.043609619140625,0.30810546875,0.04345703125,0.03448486328125,0.11676025390625
3477,StutterTalk_8_79,0.10992431640625,0.1348876953125,0.1041259765625,0.09912109375,0.250732421875
3478,StutterTalk_36_6,0.227783203125,0.1644287109375,0.0119171142578125,0.01233673095703125,0.317138671875
3479,StutteringIsCool_56_22,0.0271148681640625,0.089599609375,0.01512908935546875,0.0256195068359375,0.03643798828125
3480,StrongVoices_23_244,0.11798095703125,0.1087646484375,0.01142120361328125,0.0225067138671875,0.049957275390625
3481,StutterTalk_44_21,0.10015869140625,0.15966796875,0.0232391357421875,0.0246124267578125,0.0116424560546875
3482,StutterTalk_80_7,0.031494140625,0.11962890625,0.03759765625,0.0226287841796875,0.0196075439453125
3483,StrongVoices_31_36,0.298828125,0.1298828125,0.0070648193359375,0.01029205322265625,0.30810546875
3484,StutteringIsCool_79_30,0.07208251953125,0.134033203125,0.04010009765625,0.2352294921875,0.8212890625
3485,StutterTalk_0_6,0.045684814453125,0.11553955078125,0.0386962890625,0.03912353515625,0.038604736328125
3486,WomenWhoStutter_42_86,0.06768798828125,0.10858154296875,0.01525115966796875,0.0167236328125,0.0210418701171875
3487,WomenWhoStutter_21_37,0.0987548828125,0.11029052734375,0.011962890625,0.01036834716796875,0.0948486328125
3488,StutteringIsCool_46_187,0.2440185546875,0.380126953125,0.2352294921875,0.09320068359375,0.1446533203125
3489,IStutterSoWhat_3_146,0.297607421875,0.164306640625,0.034820556640625,0.03759765625,0.418212890625
3490,HeStutters_16_172,0.3408203125,0.1566162109375,0.052703857421875,0.028167724609375,0.039642333984375
3491,WomenWhoStutter_62_214,0.059539794921875,0.12322998046875,0.038238525390625,0.1334228515625,0.2318115234375
3492,StutterTalk_42_16,0.0221099853515625,0.155029296875,0.037322998046875,0.081787109375,0.06109619140625
3493,HVSA_2_52,0.30224609375,0.1351318359375,0.1044921875,0.046112060546875,0.07476806640625
3494,WomenWhoStutter_21_167,0.1087646484375,0.133544921875,0.064208984375,0.0310211181640625,0.044281005859375
3495,WomenWhoStutter_30_59,0.044586181640625,0.1800537109375,0.025909423828125,0.013427734375,0.10595703125
3496,StrongVoices_1_36,0.016845703125,0.134521484375,0.053192138671875,0.06903076171875,0.04443359375
3497,StrongVoices_9_5,0.06683349609375,0.1416015625,0.0131683349609375,0.0169830322265625,0.033599853515625
3498,StutterTalk_64_84,0.1512451171875,0.08465576171875,0.1177978515625,0.06549072265625,0.0855712890625
3499,StutteringIsCool_40_21,0.0802001953125,0.10284423828125,0.132568359375,0.05126953125,0.034942626953125
3500,StutterTalk_18_26,0.06268310546875,0.08135986328125,0.00757598876953125,0.01036834716796875,0.0751953125
3501,StutterTalk_30_12,0.060760498046875,0.303955078125,0.1353759765625,0.08038330078125,0.218505859375
3502,StrongVoices_23_39,0.054290771484375,0.287353515625,0.035675048828125,0.051544189453125,0.1474609375
3503,HVSA_3_93,0.06719970703125,0.1864013671875,0.0953369140625,0.13037109375,0.39697265625
3504,StrongVoices_23_196,0.2734375,0.297607421875,0.05242919921875,0.0147857666015625,0.1199951171875
3505,MyStutteringLife_25_17,0.06768798828125,0.10394287109375,0.01495361328125,0.027740478515625,0.042388916015625
3506,StutterTalk_63_32,0.034423828125,0.228271484375,0.1444091796875,0.05987548828125,0.05645751953125
3507,StutterTalk_77_11,0.08929443359375,0.202880859375,0.11553955078125,0.18505859375,0.178955078125
3508,StutteringIsCool_49_30,0.131103515625,0.44189453125,0.15869140625,0.0869140625,0.11163330078125
3509,HeStutters_3_32,0.06231689453125,0.330078125,0.16943359375,0.15234375,0.3984375
3510,StutteringIsCool_38_11,0.4833984375,0.046539306640625,0.0116424560546875,0.023284912109375,0.1796875
3511,StutterTalk_68_120,0.254150390625,0.228515625,0.181396484375,0.03594970703125,0.037384033203125
3512,StutteringIsCool_80_82,0.6455078125,0.10394287109375,0.0280609130859375,0.0325927734375,0.1328125
3513,StutteringIsCool_1_15,0.02001953125,0.06695556640625,0.008514404296875,0.025421142578125,0.021697998046875
3514,StutteringIsCool_80_117,0.029083251953125,0.124755859375,0.022796630859375,0.0296478271484375,0.06866455078125
3515,StutterTalk_63_153,0.07452392578125,0.44921875,0.703125,0.1602783203125,0.105224609375
3516,StutterTalk_8_119,0.092529296875,0.11517333984375,0.0699462890625,0.10723876953125,0.07452392578125
3517,HeStutters_17_24,0.2265625,0.1397705078125,0.01554107666015625,0.01229095458984375,0.6923828125
3518,WomenWhoStutter_27_34,0.037261962890625,0.09027099609375,0.0181884765625,0.0230712890625,0.0293731689453125
3519,StrongVoices_14_32,0.10357666015625,0.06890869140625,0.00815582275390625,0.020721435546875,0.034759521484375
3520,WomenWhoStutter_55_17,0.1287841796875,0.1895751953125,0.06097412109375,0.1878662109375,0.1617431640625
3521,StrongVoices_6_118,0.1358642578125,0.37451171875,0.06561279296875,0.046722412109375,0.0386962890625
3522,WomenWhoStutter_96_146,0.06903076171875,0.1307373046875,0.0154876708984375,0.0271759033203125,0.1390380859375
3523,StrongVoices_6_192,0.11993408203125,0.427978515625,0.07977294921875,0.039947509765625,0.044097900390625
3524,WomenWhoStutter_87_143,0.08660888671875,0.19677734375,0.0880126953125,0.2685546875,0.890625
3525,StutterTalk_1_18,0.09857177734375,0.39208984375,0.339111328125,0.219970703125,0.5146484375
3526,HVSA_2_105,0.152587890625,0.262451171875,0.232666015625,0.0638427734375,0.0301513671875
3527,HeStutters_19_102,0.053192138671875,0.2398681640625,0.061187744140625,0.00937652587890625,0.1015625
3528,StutterTalk_64_14,0.205322265625,0.232177734375,0.323486328125,0.10504150390625,0.05059814453125
3529,HeStutters_5_174,0.0975341796875,0.413330078125,0.66796875,0.07354736328125,0.041229248046875
3530,WomenWhoStutter_10_38,0.14501953125,0.06695556640625,0.006191253662109375,0.01302337646484375,0.045867919921875
3531,StrongVoices_32_101,0.10821533203125,0.062225341796875,0.00861358642578125,0.00806427001953125,0.019683837890625
3532,WomenWhoStutter_62_86,0.024932861328125,0.1131591796875,0.013275146484375,0.03656005859375,0.1795654296875
3533,StrongVoices_1_15,0.1181640625,0.275146484375,0.04534912109375,0.0219879150390625,0.17138671875
3534,WomenWhoStutter_46_36,0.0517578125,0.06268310546875,0.006122589111328125,0.041473388671875,0.40869140625
3535,WomenWhoStutter_97_33,0.05194091796875,0.21630859375,0.0987548828125,0.178955078125,0.035064697265625
3536,StrongVoices_23_108,0.187255859375,0.23974609375,0.05340576171875,0.039947509765625,0.429443359375
3537,StutterTalk_26_101,0.054412841796875,0.06732177734375,0.01142120361328125,0.0305633544921875,0.11981201171875
3538,StutterTalk_44_4,0.0190887451171875,0.09466552734375,0.035675048828125,0.08416748046875,0.063720703125
3539,IStutterSoWhat_3_135,0.1190185546875,0.167236328125,0.06719970703125,0.029083251953125,0.03253173828125
3540,StrongVoices_23_99,0.41650390625,0.353759765625,0.294189453125,0.04559326171875,0.042083740234375
3541,WomenWhoStutter_30_40,0.1495361328125,0.1402587890625,0.0117340087890625,0.01450347900390625,0.0273284912109375
3542,HVSA_2_110,0.0782470703125,0.1368408203125,0.036224365234375,0.0244293212890625,0.041534423828125
3543,StrongVoices_10_161,0.08062744140625,0.09686279296875,0.014007568359375,0.030670166015625,0.50244140625
3544,StutterTalk_77_24,0.043121337890625,0.21435546875,0.049407958984375,0.0293121337890625,0.071044921875
3545,HVSA_0_42,0.07476806640625,0.2705078125,0.07147216796875,0.085693359375,0.283447265625
3546,WomenWhoStutter_2_140,0.0289764404296875,0.171630859375,0.0762939453125,0.0816650390625,0.03582763671875
3547,HeStutters_18_80,0.100341796875,0.08154296875,0.0062408447265625,0.021209716796875,0.089599609375
3548,StrongVoices_21_37,0.0831298828125,0.07879638671875,0.01132965087890625,0.02203369140625,0.0457763671875
3549,StutterTalk_64_38,0.04168701171875,0.06634521484375,0.0150146484375,0.03192138671875,0.0701904296875
3550,HVSA_3_24,0.1368408203125,0.258544921875,0.2188720703125,0.0738525390625,0.039337158203125
3551,WomenWhoStutter_30_109,0.075439453125,0.056640625,0.0035114288330078125,0.007904052734375,0.07720947265625
3552,StutterTalk_54_5,0.017852783203125,0.1572265625,0.035064697265625,0.2274169921875,0.172119140625
3553,HVSA_0_24,0.0633544921875,0.1033935546875,0.0147857666015625,0.0163421630859375,0.045257568359375
3554,StutterTalk_26_9,0.078369140625,0.144287109375,0.1951904296875,0.21630859375,0.043853759765625
3555,StutterTalk_78_8,0.09368896484375,0.1444091796875,0.020416259765625,0.0078125,0.0560302734375
3556,StrongVoices_11_16,0.1341552734375,0.318115234375,0.13134765625,0.040313720703125,0.0738525390625
3557,StutteringIsCool_17_35,0.06982421875,0.333740234375,0.483154296875,0.386962890625,0.19287109375
3558,WomenWhoStutter_30_179,0.119384765625,0.10125732421875,0.01142120361328125,0.03216552734375,0.9208984375
3559,StutteringIsCool_84_2,0.040985107421875,0.2088623046875,0.171630859375,0.019378662109375,0.01512908935546875
3560,WomenWhoStutter_96_18,0.29150390625,0.2225341796875,0.200439453125,0.04302978515625,0.030914306640625
3561,StrongVoices_7_27,0.019866943359375,0.0830078125,0.0204925537109375,0.02484130859375,0.02691650390625
3562,StrongVoices_23_73,0.34521484375,0.156005859375,0.03179931640625,0.017181396484375,0.049041748046875
3563,HVSA_0_131,0.043212890625,0.08343505859375,0.012725830078125,0.05059814453125,0.259765625
3564,WomenWhoStutter_87_166,0.049224853515625,0.1646728515625,0.07183837890625,0.09637451171875,0.288330078125
3565,HVSA_3_70,0.265380859375,0.33837890625,0.482666015625,0.0472412109375,0.050140380859375
3566,WomenWhoStutter_97_108,0.105224609375,0.234375,0.054290771484375,0.0460205078125,0.07611083984375
3567,HeStutters_5_125,0.07275390625,0.254150390625,0.1571044921875,0.21630859375,0.18896484375
3568,StrongVoices_9_32,0.05145263671875,0.2197265625,0.0472412109375,0.06256103515625,0.044189453125
3569,StrongVoices_23_89,0.253662109375,0.337890625,0.10321044921875,0.0225372314453125,0.1776123046875
3570,StutteringIsCool_23_5,0.367919921875,0.06536865234375,0.016021728515625,0.037261962890625,0.8232421875
3571,WomenWhoStutter_42_165,0.0548095703125,0.423583984375,0.2099609375,0.05780029296875,0.0369873046875
3572,StutterTalk_64_71,0.1767578125,0.06427001953125,0.046539306640625,0.0321044921875,0.046905517578125
3573,HeStutters_7_39,0.1214599609375,0.11163330078125,0.014556884765625,0.06817626953125,0.2568359375
3574,StrongVoices_23_141,0.10125732421875,0.1568603515625,0.0208892822265625,0.00919342041015625,0.043701171875
3575,StutterTalk_68_217,0.03424072265625,0.045440673828125,0.00669097900390625,0.03173828125,0.06597900390625
3576,StutteringIsCool_80_28,0.12213134765625,0.0838623046875,0.06842041015625,0.0531005859375,0.042236328125
3577,IStutterSoWhat_3_15,0.50927734375,0.2132568359375,0.368408203125,0.28369140625,0.351318359375
3578,StutterTalk_76_23,0.054595947265625,0.1351318359375,0.026611328125,0.0137939453125,0.0304412841796875
3579,StrongVoices_23_183,0.2108154296875,0.1195068359375,0.01837158203125,0.007373809814453125,0.05291748046875
3580,StutterTalk_8_161,0.2724609375,0.091552734375,0.06646728515625,0.03192138671875,0.035675048828125
3581,WomenWhoStutter_87_141,0.06707763671875,0.287353515625,0.1729736328125,0.3857421875,0.63525390625
3582,HeStutters_12_62,0.06524658203125,0.3251953125,0.27001953125,0.1273193359375,0.153076171875
3583,HVSA_2_196,0.047332763671875,0.321044921875,0.1849365234375,0.273681640625,0.429443359375
3584,StutterTalk_8_125,0.08343505859375,0.0775146484375,0.033905029296875,0.0276947021484375,0.038238525390625
3585,StutterTalk_72_43,0.249267578125,0.162353515625,0.0401611328125,0.0278472900390625,0.24560546875
3586,StutteringIsCool_79_32,0.07696533203125,0.1915283203125,0.10284423828125,0.0794677734375,0.01519012451171875
3587,StutterTalk_8_98,0.07861328125,0.06878662109375,0.0255584716796875,0.034881591796875,0.170654296875
3588,StutterTalk_64_139,0.2274169921875,0.06695556640625,0.01107025146484375,0.0469970703125,0.671875
3589,StutterTalk_63_20,0.049041748046875,0.06243896484375,0.007289886474609375,0.0279541015625,0.11553955078125
3590,StutterTalk_25_162,0.03948974609375,0.1904296875,0.05706787109375,0.142822265625,0.331298828125
3591,WomenWhoStutter_55_37,0.0293731689453125,0.11676025390625,0.0482177734375,0.1358642578125,0.1492919921875
3592,StutterTalk_12_9,0.27490234375,0.10540771484375,0.0302734375,0.039337158203125,0.03228759765625
3593,WomenWhoStutter_42_222,0.6171875,0.148681640625,0.0257110595703125,0.0386962890625,0.666015625
3594,WomenWhoStutter_10_179,0.046630859375,0.1427001953125,0.019561767578125,0.0150146484375,0.024749755859375
3595,WomenWhoStutter_97_149,0.1033935546875,0.314453125,0.344482421875,0.1663818359375,0.2037353515625
3596,HVSA_3_16,0.07879638671875,0.308349609375,0.410888671875,0.042388916015625,0.040771484375
3597,StrongVoices_23_230,0.106689453125,0.3916015625,0.1258544921875,0.0243377685546875,0.06524658203125
3598,StutteringIsCool_81_14,0.2646484375,0.041839599609375,0.01337432861328125,0.04296875,0.2274169921875
3599,WomenWhoStutter_25_13,0.09893798828125,0.2509765625,0.0323486328125,0.0394287109375,0.07318115234375
3600,WomenWhoStutter_73_28,0.03912353515625,0.140625,0.019866943359375,0.08648681640625,0.1348876953125
3601,StrongVoices_10_13,0.11419677734375,0.077392578125,0.028167724609375,0.03460693359375,0.046722412109375
3602,WomenWhoStutter_81_126,0.03167724609375,0.2099609375,0.04010009765625,0.03985595703125,0.0416259765625
3603,StutteringIsCool_23_18,0.02386474609375,0.05780029296875,0.033660888671875,0.030853271484375,0.047698974609375
3604,WomenWhoStutter_102_37,0.244140625,0.341064453125,0.1358642578125,0.1083984375,0.04302978515625
3605,StutteringIsCool_2_1,0.0300445556640625,0.2108154296875,0.21435546875,0.11553955078125,0.042877197265625
3606,StutteringIsCool_33_17,0.038970947265625,0.04595947265625,0.004886627197265625,0.04046630859375,0.144775390625
3607,WomenWhoStutter_62_2,0.038177490234375,0.06427001953125,0.006877899169921875,0.072509765625,0.41162109375
3608,HVSA_3_99,0.08209228515625,0.1666259765625,0.03533935546875,0.04132080078125,0.6103515625
3609,StrongVoices_10_215,0.10284423828125,0.056640625,0.006587982177734375,0.0218658447265625,0.1258544921875
3610,StutterTalk_53_11,0.060516357421875,0.1876220703125,0.10931396484375,0.0782470703125,0.1868896484375
3611,StutterTalk_58_35,0.17041015625,0.1446533203125,0.251220703125,0.30810546875,0.42822265625
3612,WomenWhoStutter_86_156,0.037261962890625,0.266357421875,0.0535888671875,0.1295166015625,0.115966796875
3613,HVSA_3_95,0.047149658203125,0.324951171875,0.418701171875,0.049774169921875,0.03448486328125
3614,StutteringIsCool_14_15,0.0240936279296875,0.038970947265625,0.00905609130859375,0.0204925537109375,0.11297607421875
3615,StutterTalk_64_0,0.2060546875,0.320068359375,0.268310546875,0.042633056640625,0.0300445556640625
3616,WomenWhoStutter_58_28,0.06781005859375,0.05450439453125,0.0202484130859375,0.06964111328125,0.04638671875
3617,WomenWhoStutter_102_32,0.05706787109375,0.087890625,0.0232391357421875,0.15234375,0.29345703125
3618,StutteringIsCool_37_18,0.0802001953125,0.369384765625,0.393798828125,0.0616455078125,0.04559326171875
3619,StutteringIsCool_67_34,0.017242431640625,0.061309814453125,0.04486083984375,0.11181640625,0.050811767578125
3620,StrongVoices_5_7,0.1539306640625,0.135498046875,0.0174407958984375,0.0211639404296875,0.05419921875
3621,WomenWhoStutter_33_8,0.0970458984375,0.309326171875,0.1048583984375,0.08123779296875,0.0225067138671875
3622,StutteringIsCool_69_18,0.0173797607421875,0.09136962890625,0.0191650390625,0.12115478515625,0.12139892578125
3623,StutterTalk_64_111,0.035675048828125,0.11102294921875,0.0582275390625,0.29833984375,0.64697265625
3624,StutteringIsCool_80_204,0.27880859375,0.1898193359375,0.2259521484375,0.1014404296875,0.1427001953125
3625,StrongVoices_4_27,0.0255126953125,0.06463623046875,0.01525115966796875,0.039703369140625,0.06695556640625
3626,StutterTalk_37_170,0.05865478515625,0.0885009765625,0.0227203369140625,0.063232421875,0.11199951171875
3627,StrongVoices_1_33,0.040924072265625,0.1282958984375,0.038116455078125,0.056243896484375,0.056549072265625
3628,HeStutters_11_197,0.06622314453125,0.267333984375,0.046722412109375,0.1473388671875,0.28515625
3629,StutterTalk_37_147,0.09588623046875,0.152587890625,0.1937255859375,0.298095703125,0.11126708984375
3630,StutterTalk_37_134,0.043609619140625,0.060516357421875,0.058563232421875,0.22509765625,0.1781005859375
3631,StutterTalk_1_17,0.11181640625,0.3349609375,0.25390625,0.196533203125,0.5830078125
3632,StutteringIsCool_28_9,0.042327880859375,0.283203125,0.35107421875,0.1368408203125,0.06634521484375
3633,StrongVoices_33_0,0.0537109375,0.2366943359375,0.0242767333984375,0.0213623046875,0.10760498046875
3634,WomenWhoStutter_62_43,0.0316162109375,0.1507568359375,0.0129241943359375,0.0457763671875,0.2130126953125
3635,StutteringIsCool_37_17,0.35888671875,0.199951171875,0.2666015625,0.1175537109375,0.046295166015625
3636,HVSA_2_195,0.33154296875,0.262939453125,0.298583984375,0.0302734375,0.06671142578125
3637,StutteringIsCool_33_10,0.09637451171875,0.38916015625,0.595703125,0.1361083984375,0.0948486328125
3638,StutteringIsCool_46_2,0.05242919921875,0.26318359375,0.0384521484375,0.05877685546875,0.055938720703125
3639,StrongVoices_25_20,0.06927490234375,0.10968017578125,0.0182647705078125,0.017242431640625,0.0177764892578125
3640,StrongVoices_22_18,0.08990478515625,0.12213134765625,0.0184326171875,0.0246124267578125,0.0200958251953125
3641,WomenWhoStutter_87_78,0.041534423828125,0.058990478515625,0.0074310302734375,0.05877685546875,0.66455078125
3642,HeStutters_11_158,0.18701171875,0.091064453125,0.0053863525390625,0.033477783203125,0.6376953125
3643,StrongVoices_7_19,0.09686279296875,0.09320068359375,0.012054443359375,0.0246124267578125,0.053802490234375
3644,StrongVoices_10_118,0.26025390625,0.06903076171875,0.0179901123046875,0.024658203125,0.05023193359375
3645,WomenWhoStutter_96_34,0.57861328125,0.12744140625,0.0306243896484375,0.054290771484375,0.37939453125
3646,StutteringIsCool_2_0,0.14453125,0.1441650390625,0.048858642578125,0.2203369140625,0.7587890625
3647,HVSA_2_189,0.1644287109375,0.153564453125,0.1190185546875,0.1070556640625,0.208984375
3648,StutterTalk_64_200,0.48095703125,0.139892578125,0.20751953125,0.04986572265625,0.05224609375
3649,StutteringIsCool_46_185,0.08270263671875,0.10302734375,0.0200653076171875,0.1114501953125,0.15576171875
3650,HeStutters_11_201,0.0706787109375,0.169921875,0.0180511474609375,0.03839111328125,0.07598876953125
3651,HVSA_1_63,0.082275390625,0.416015625,0.24169921875,0.037811279296875,0.04876708984375
3652,StutterTalk_63_72,0.018585205078125,0.08990478515625,0.0303802490234375,0.1507568359375,0.140869140625
3653,StutteringIsCool_76_14,0.0537109375,0.1705322265625,0.0244293212890625,0.016845703125,0.027008056640625
3654,StrongVoices_17_2,0.6591796875,0.1536865234375,0.070068359375,0.01483917236328125,0.044097900390625
3655,StutteringIsCool_81_34,0.043853759765625,0.054107666015625,0.0150146484375,0.03594970703125,0.1910400390625
3656,WomenWhoStutter_30_94,0.50341796875,0.181396484375,0.08880615234375,0.02838134765625,0.140380859375
3657,IStutterSoWhat_3_157,0.18359375,0.1181640625,0.0782470703125,0.01495361328125,0.0313720703125
3658,WomenWhoStutter_62_148,0.05499267578125,0.167724609375,0.048858642578125,0.070068359375,0.339599609375
3659,WomenWhoStutter_89_26,0.0574951171875,0.059112548828125,0.00518035888671875,0.01678466796875,0.3916015625
3660,WomenWhoStutter_87_121,0.062225341796875,0.32958984375,0.2763671875,0.315673828125,0.60498046875
3661,WomenWhoStutter_10_86,0.03265380859375,0.275146484375,0.11199951171875,0.07708740234375,0.27978515625
3662,StrongVoices_33_21,0.056976318359375,0.092529296875,0.007289886474609375,0.01450347900390625,0.06744384765625
3663,StrongVoices_32_87,0.09088134765625,0.161376953125,0.021575927734375,0.019195556640625,0.081787109375
3664,WomenWhoStutter_62_83,0.1873779296875,0.06463623046875,0.01016998291015625,0.046905517578125,0.1468505859375
3665,StrongVoices_10_151,0.02606201171875,0.1304931640625,0.0230712890625,0.060516357421875,0.10595703125
3666,StrongVoices_26_18,0.1287841796875,0.1590576171875,0.037750244140625,0.0164642333984375,0.04296875
3667,StutterTalk_12_22,0.1807861328125,0.1622314453125,0.0634765625,0.18212890625,0.837890625
3668,WomenWhoStutter_30_49,0.1585693359375,0.135986328125,0.01525115966796875,0.04595947265625,0.496337890625
3669,StrongVoices_23_169,0.45458984375,0.1715087890625,0.02386474609375,0.0285491943359375,0.8056640625
3670,StutteringIsCool_46_129,0.26123046875,0.1341552734375,0.142822265625,0.33837890625,0.391845703125
3671,HVSA_1_97,0.0297088623046875,0.2509765625,0.2000732421875,0.10858154296875,0.078369140625
3672,StrongVoices_17_11,0.0823974609375,0.097412109375,0.0182647705078125,0.0321044921875,0.03216552734375
3673,WomenWhoStutter_81_125,0.1224365234375,0.336669921875,0.093994140625,0.048126220703125,0.08404541015625
3674,HVSA_0_104,0.040679931640625,0.1636962890625,0.06097412109375,0.1834716796875,0.444580078125
3675,StutteringIsCool_34_160,0.280517578125,0.09771728515625,0.029083251953125,0.053192138671875,0.87841796875
3676,StutterTalk_15_23,0.0743408203125,0.07574462890625,0.0184783935546875,0.050506591796875,0.08197021484375
3677,StutterTalk_64_170,0.08416748046875,0.057708740234375,0.006488800048828125,0.044525146484375,0.18701171875
3678,StutterTalk_25_14,0.03167724609375,0.193115234375,0.06683349609375,0.054412841796875,0.020721435546875
3679,StrongVoices_23_109,0.1259765625,0.302001953125,0.053009033203125,0.022247314453125,0.051177978515625
3680,WomenWhoStutter_87_44,0.05780029296875,0.206787109375,0.08135986328125,0.07275390625,0.1915283203125
3681,StrongVoices_32_20,0.1199951171875,0.179443359375,0.01450347900390625,0.0108184814453125,0.01406097412109375
3682,HeStutters_2_119,0.08526611328125,0.19677734375,0.09515380859375,0.1922607421875,0.87646484375
3683,StrongVoices_14_26,0.039947509765625,0.07318115234375,0.010406494140625,0.0192413330078125,0.0243377685546875
3684,StrongVoices_8_34,0.07781982421875,0.2103271484375,0.046630859375,0.0163421630859375,0.03240966796875
3685,StutterTalk_68_103,0.05987548828125,0.0894775390625,0.008544921875,0.01085662841796875,0.03271484375
3686,HeStutters_11_176,0.039947509765625,0.13037109375,0.0289306640625,0.185546875,0.1246337890625
3687,StutterTalk_8_143,0.1229248046875,0.12176513671875,0.1536865234375,0.13916015625,0.2386474609375
3688,StrongVoices_27_23,0.5419921875,0.2020263671875,0.0521240234375,0.01306915283203125,0.1015625
3689,HVSA_2_113,0.1744384765625,0.1942138671875,0.09808349609375,0.06939697265625,0.017181396484375
3690,StutterTalk_8_4,0.093505859375,0.07196044921875,0.0264129638671875,0.06524658203125,0.50732421875
3691,StutteringIsCool_80_185,0.047943115234375,0.227783203125,0.1485595703125,0.139404296875,0.03216552734375
3692,StutterTalk_26_150,0.014007568359375,0.09686279296875,0.01233673095703125,0.05145263671875,0.079345703125
3693,StutterTalk_37_111,0.1328125,0.11419677734375,0.052032470703125,0.1341552734375,0.869140625
3694,WomenWhoStutter_17_27,0.1414794921875,0.254150390625,0.0252227783203125,0.036895751953125,0.2034912109375
3695,StutteringIsCool_23_19,0.028594970703125,0.07666015625,0.035400390625,0.04217529296875,0.02685546875
3696,StutterTalk_72_100,0.038543701171875,0.1298828125,0.0161590576171875,0.020416259765625,0.02337646484375
3697,MyStutteringLife_16_33,0.059661865234375,0.0831298828125,0.010009765625,0.018341064453125,0.03424072265625
3698,IStutterSoWhat_3_119,0.03948974609375,0.06646728515625,0.022674560546875,0.057281494140625,0.07720947265625
3699,StrongVoices_23_129,0.23974609375,0.1309814453125,0.0142822265625,0.023284912109375,0.8984375
3700,StrongVoices_19_15,0.55078125,0.059326171875,0.03460693359375,0.0282135009765625,0.060089111328125
3701,HVSA_0_50,0.0843505859375,0.1322021484375,0.04931640625,0.1131591796875,0.69775390625
3702,HVSA_2_170,0.376708984375,0.1834716796875,0.1275634765625,0.0297088623046875,0.2451171875
3703,StrongVoices_32_110,0.06243896484375,0.0816650390625,0.007373809814453125,0.01751708984375,0.131103515625
3704,StutterTalk_18_35,0.0261993408203125,0.08880615234375,0.0276947021484375,0.044586181640625,0.023193359375
3705,StutterTalk_49_17,0.0289764404296875,0.09417724609375,0.00881195068359375,0.0245208740234375,0.0849609375
3706,HeStutters_18_197,0.07708740234375,0.378662109375,0.380859375,0.05877685546875,0.0258026123046875
3707,StrongVoices_23_30,0.06768798828125,0.25146484375,0.048126220703125,0.012969970703125,0.02838134765625
3708,MyStutteringLife_38_33,0.1566162109375,0.18359375,0.0310211181640625,0.059661865234375,0.90625
3709,StutterTalk_64_85,0.437255859375,0.07666015625,0.04742431640625,0.07464599609375,0.1015625
3710,StrongVoices_32_47,0.039947509765625,0.1143798828125,0.00821685791015625,0.00905609130859375,0.0292510986328125
3711,HeStutters_2_13,0.2822265625,0.401123046875,0.406005859375,0.12322998046875,0.2047119140625
3712,StutterTalk_49_6,0.06561279296875,0.256591796875,0.06231689453125,0.073974609375,0.249755859375
3713,StrongVoices_23_179,0.440673828125,0.1685791015625,0.0294189453125,0.027374267578125,0.54052734375
3714,WomenWhoStutter_15_39,0.10760498046875,0.08154296875,0.00864410400390625,0.0120086669921875,0.09912109375
3715,StutteringIsCool_45_24,0.42236328125,0.058441162109375,0.0079345703125,0.00933837890625,0.1767578125
3716,StutteringIsCool_38_8,0.0416259765625,0.0701904296875,0.01363372802734375,0.0171051025390625,0.1171875
3717,WomenWhoStutter_30_122,0.04510498046875,0.0457763671875,0.007232666015625,0.02606201171875,0.0509033203125
3718,StrongVoices_4_16,0.07342529296875,0.048126220703125,0.01233673095703125,0.034820556640625,0.054412841796875
3719,MyStutteringLife_5_19,0.05889892578125,0.09136962890625,0.00919342041015625,0.0092315673828125,0.037384033203125
3720,StrongVoices_27_4,0.2242431640625,0.14501953125,0.01422882080078125,0.007785797119140625,0.046112060546875
3721,StrongVoices_32_154,0.1680908203125,0.181396484375,0.01363372802734375,0.0316162109375,0.04217529296875
3722,StrongVoices_10_208,0.12347412109375,0.11553955078125,0.04949951171875,0.0411376953125,0.08331298828125
3723,WomenWhoStutter_2_197,0.036163330078125,0.16748046875,0.05706787109375,0.040008544921875,0.07452392578125
3724,StutterTalk_0_14,0.2384033203125,0.0782470703125,0.01267242431640625,0.0263519287109375,0.88623046875
3725,HVSA_2_39,0.09893798828125,0.167236328125,0.0509033203125,0.03228759765625,0.0257110595703125
3726,StrongVoices_23_118,0.406005859375,0.296875,0.093505859375,0.049774169921875,0.2108154296875
3727,HVSA_3_156,0.11676025390625,0.10089111328125,0.033905029296875,0.0170440673828125,0.1026611328125
3728,StutteringIsCool_2_10,0.0260009765625,0.223876953125,0.234375,0.399658203125,0.13525390625
3729,StutterTalk_22_34,0.0243377685546875,0.109130859375,0.04931640625,0.06256103515625,0.0364990234375
3730,IStutterSoWhat_0_112,0.042633056640625,0.08197021484375,0.0214080810546875,0.08770751953125,0.300048828125
3731,StrongVoices_21_2,0.05126953125,0.17724609375,0.034423828125,0.07159423828125,0.1474609375
3732,MyStutteringLife_21_30,0.033599853515625,0.07794189453125,0.01433563232421875,0.0259552001953125,0.0300445556640625
3733,StrongVoices_10_157,0.188720703125,0.301513671875,0.2454833984375,0.059661865234375,0.06597900390625
3734,StutteringIsCool_34_129,0.35595703125,0.1689453125,0.039794921875,0.0218658447265625,0.204345703125
3735,HeStutters_18_52,0.06622314453125,0.1356201171875,0.00821685791015625,0.0212860107421875,0.06854248046875
3736,HVSA_2_146,0.2059326171875,0.339599609375,0.247314453125,0.08038330078125,0.1026611328125
3737,StutteringIsCool_16_12,0.0282745361328125,0.2406005859375,0.283935546875,0.220458984375,0.097412109375
3738,WomenWhoStutter_42_111,0.051177978515625,0.042022705078125,0.007755279541015625,0.03228759765625,0.10723876953125
3739,StutterTalk_0_15,0.5986328125,0.15576171875,0.124755859375,0.06549072265625,0.3056640625
3740,StutterTalk_14_38,0.1070556640625,0.07330322265625,0.024566650390625,0.045013427734375,0.57421875
3741,WomenWhoStutter_97_92,0.11199951171875,0.1199951171875,0.013427734375,0.063232421875,0.533203125
3742,HVSA_2_47,0.1717529296875,0.1744384765625,0.09808349609375,0.09771728515625,0.8642578125
3743,StrongVoices_32_157,0.5546875,0.19091796875,0.08740234375,0.01678466796875,0.055816650390625
3744,WomenWhoStutter_96_17,0.048126220703125,0.2225341796875,0.11395263671875,0.151611328125,0.1175537109375
3745,StrongVoices_10_105,0.332275390625,0.2225341796875,0.040924072265625,0.01473236083984375,0.1253662109375
3746,StrongVoices_21_151,0.10821533203125,0.1246337890625,0.0191650390625,0.01322174072265625,0.123046875
3747,StrongVoices_23_102,0.154296875,0.2083740234375,0.02606201171875,0.00787353515625,0.029083251953125
3748,StutterTalk_7_2,0.1556396484375,0.260498046875,0.04742431640625,0.10015869140625,0.89599609375
3749,StrongVoices_27_0,0.27685546875,0.2958984375,0.1104736328125,0.06842041015625,0.06903076171875
3750,WomenWhoStutter_96_148,0.05340576171875,0.333251953125,0.11517333984375,0.064208984375,0.038238525390625
3751,WomenWhoStutter_22_37,0.03643798828125,0.1351318359375,0.040679931640625,0.1834716796875,0.17724609375
3752,HVSA_2_149,0.058563232421875,0.45263671875,0.568359375,0.1724853515625,0.12359619140625
3753,StutteringIsCool_34_151,0.0390625,0.317138671875,0.1474609375,0.199951171875,0.227783203125
3754,IStutterSoWhat_3_23,0.06646728515625,0.2210693359375,0.1578369140625,0.08660888671875,0.09466552734375
3755,WomenWhoStutter_86_53,0.056976318359375,0.1229248046875,0.00926971435546875,0.062103271484375,0.87890625
3756,StutteringIsCool_23_3,0.0265045166015625,0.09466552734375,0.017242431640625,0.0177154541015625,0.0196380615234375
3757,HVSA_0_23,0.10723876953125,0.2418212890625,0.13525390625,0.0284881591796875,0.06732177734375
3758,WomenWhoStutter_29_14,0.2822265625,0.259521484375,0.185791015625,0.2666015625,0.2998046875
3759,StrongVoices_27_38,0.092529296875,0.06768798828125,0.005218505859375,0.01214599609375,0.04107666015625
3760,WomenWhoStutter_49_7,0.10125732421875,0.317626953125,0.46923828125,0.2293701171875,0.064208984375
3761,StutteringIsCool_46_77,0.1055908203125,0.1673583984375,0.0231475830078125,0.07611083984375,0.83203125
3762,StrongVoices_32_104,0.135986328125,0.16064453125,0.012725830078125,0.0153656005859375,0.07275390625
3763,WomenWhoStutter_3_3,0.11859130859375,0.1307373046875,0.1134033203125,0.0765380859375,0.045867919921875
3764,StrongVoices_23_136,0.59326171875,0.343505859375,0.1597900390625,0.029754638671875,0.08740234375
3765,StrongVoices_10_55,0.25927734375,0.171630859375,0.12188720703125,0.0863037109375,0.2034912109375
3766,HVSA_0_102,0.0391845703125,0.159912109375,0.0261993408203125,0.06781005859375,0.441650390625
3767,StutterTalk_53_31,0.0284423828125,0.12127685546875,0.0289764404296875,0.1104736328125,0.63818359375
3768,HVSA_0_62,0.07421875,0.21728515625,0.1444091796875,0.1884765625,0.55029296875
3769,StrongVoices_19_33,0.258056640625,0.050994873046875,0.0142822265625,0.034759521484375,0.39111328125
3770,MyStutteringLife_38_27,0.333251953125,0.2437744140625,0.080810546875,0.0194244384765625,0.1497802734375
3771,HeStutters_16_9,0.1341552734375,0.10760498046875,0.070556640625,0.0306243896484375,0.02532958984375
3772,HVSA_0_79,0.10107421875,0.12188720703125,0.0316162109375,0.01287078857421875,0.1246337890625
3773,StutteringIsCool_80_35,0.06683349609375,0.08978271484375,0.0266571044921875,0.10125732421875,0.20654296875
3774,StutterTalk_55_37,0.0953369140625,0.09844970703125,0.01337432861328125,0.0872802734375,0.085693359375
3775,HVSA_0_128,0.0872802734375,0.1590576171875,0.0150146484375,0.015777587890625,0.2158203125
3776,HeStutters_18_21,0.205810546875,0.105224609375,0.0305633544921875,0.058441162109375,0.82421875
3777,StrongVoices_14_31,0.106689453125,0.2269287109375,0.1583251953125,0.0482177734375,0.03594970703125
3778,StutterTalk_25_54,0.0192718505859375,0.07611083984375,0.0099334716796875,0.0194549560546875,0.03521728515625
3779,HeStutters_5_36,0.27734375,0.304931640625,0.1602783203125,0.071044921875,0.059417724609375
3780,StutterTalk_59_13,0.0110321044921875,0.052337646484375,0.0108184814453125,0.048675537109375,0.0394287109375
3781,StutterTalk_64_195,0.09637451171875,0.1063232421875,0.034027099609375,0.1422119140625,0.73583984375
3782,StutterTalk_64_142,0.1929931640625,0.06707763671875,0.0222015380859375,0.0182952880859375,0.0867919921875
3783,WomenWhoStutter_86_134,0.0460205078125,0.07763671875,0.0169219970703125,0.08282470703125,0.058349609375
3784,StrongVoices_21_93,0.155029296875,0.1724853515625,0.044281005859375,0.09417724609375,0.33740234375
3785,StrongVoices_6_125,0.09619140625,0.218505859375,0.01560211181640625,0.02423095703125,0.22216796875
3786,StutterTalk_38_14,0.1580810546875,0.44091796875,0.341796875,0.159912109375,0.08477783203125
3787,StutterTalk_62_28,0.0312042236328125,0.0482177734375,0.0169219970703125,0.051361083984375,0.038330078125
3788,StutteringIsCool_23_12,0.07366943359375,0.04083251953125,0.00766754150390625,0.0312042236328125,0.464111328125
3789,StutterTalk_48_29,0.0322265625,0.11614990234375,0.0097808837890625,0.0202484130859375,0.07763671875
3790,WomenWhoStutter_62_212,0.07574462890625,0.0830078125,0.0135345458984375,0.017578125,0.01560211181640625
3791,StutterTalk_64_75,0.6728515625,0.194580078125,0.19677734375,0.06463623046875,0.10797119140625
3792,StrongVoices_6_88,0.1710205078125,0.279052734375,0.0206451416015625,0.01483917236328125,0.0823974609375
3793,HVSA_3_65,0.06695556640625,0.2210693359375,0.130859375,0.022247314453125,0.0162811279296875
3794,WomenWhoStutter_30_137,0.1600341796875,0.224609375,0.1673583984375,0.09893798828125,0.11517333984375
3795,HVSA_0_20,0.190673828125,0.1279296875,0.024993896484375,0.024749755859375,0.89794921875
3796,HeStutters_11_16,0.0283355712890625,0.0982666015625,0.007843017578125,0.0202178955078125,0.094482421875
3797,StutterTalk_49_18,0.06085205078125,0.06396484375,0.015838623046875,0.017181396484375,0.09271240234375
3798,StrongVoices_28_31,0.0751953125,0.041778564453125,0.012481689453125,0.053802490234375,0.2890625
3799,WomenWhoStutter_73_19,0.06231689453125,0.05645751953125,0.0068511962890625,0.0245208740234375,0.06597900390625
3800,StrongVoices_21_114,0.0755615234375,0.19482421875,0.033660888671875,0.03021240234375,0.03460693359375
3801,StutterTalk_12_10,0.25390625,0.1231689453125,0.0311431884765625,0.09637451171875,0.72607421875
3802,WomenWhoStutter_21_143,0.145263671875,0.09332275390625,0.01016998291015625,0.0177154541015625,0.036285400390625
3803,StutterTalk_34_0,0.07861328125,0.201171875,0.09930419921875,0.240234375,0.223388671875
3804,HVSA_0_64,0.1895751953125,0.055419921875,0.0118255615234375,0.0222015380859375,0.0863037109375
3805,WomenWhoStutter_22_30,0.050994873046875,0.26123046875,0.284423828125,0.281982421875,0.04217529296875
3806,WomenWhoStutter_62_35,0.148193359375,0.174560546875,0.037322998046875,0.1143798828125,0.93359375
3807,HVSA_0_84,0.11199951171875,0.09466552734375,0.0199432373046875,0.040252685546875,0.58935546875
3808,WomenWhoStutter_10_134,0.1070556640625,0.1842041015625,0.04534912109375,0.04931640625,0.70654296875
3809,StutterTalk_15_14,0.2413330078125,0.11798095703125,0.034942626953125,0.1207275390625,0.80126953125
3810,StutterTalk_68_121,0.02423095703125,0.11456298828125,0.0194549560546875,0.07196044921875,0.144775390625
3811,StrongVoices_23_252,0.0322265625,0.12347412109375,0.01267242431640625,0.01306915283203125,0.046295166015625
3812,StutterTalk_15_16,0.034088134765625,0.090087890625,0.037261962890625,0.286865234375,0.16015625
3813,WomenWhoStutter_81_2,0.030670166015625,0.1077880859375,0.01090240478515625,0.045196533203125,0.1993408203125
3814,StutteringIsCool_38_25,0.058990478515625,0.206787109375,0.1485595703125,0.0352783203125,0.037261962890625
3815,StutterTalk_59_2,0.046112060546875,0.1165771484375,0.017181396484375,0.0948486328125,0.06890869140625
3816,StutteringIsCool_80_24,0.042816162109375,0.07147216796875,0.01016998291015625,0.055511474609375,0.1376953125
3817,StutteringIsCool_29_21,0.034088134765625,0.129150390625,0.09857177734375,0.141357421875,0.230712890625
3818,StrongVoices_23_27,0.3837890625,0.424072265625,0.28369140625,0.0391845703125,0.127685546875
3819,StutterTalk_72_93,0.06939697265625,0.1544189453125,0.0278472900390625,0.03802490234375,0.08251953125
3820,StrongVoices_29_30,0.371826171875,0.1395263671875,0.024566650390625,0.0177764892578125,0.2017822265625
3821,StutterTalk_80_25,0.036712646484375,0.103759765625,0.07080078125,0.048583984375,0.041534423828125
3822,HeStutters_16_100,0.049041748046875,0.1895751953125,0.0634765625,0.059967041015625,0.05877685546875
3823,HVSA_2_118,0.1376953125,0.295654296875,0.33740234375,0.0535888671875,0.09075927734375
3824,StrongVoices_14_8,0.0164642333984375,0.05987548828125,0.01467132568359375,0.07354736328125,0.09283447265625
3825,HeStutters_16_63,0.05706787109375,0.259521484375,0.12841796875,0.361328125,0.422607421875
3826,StutterTalk_64_119,0.1419677734375,0.1492919921875,0.11297607421875,0.13037109375,0.1591796875
3827,StutteringIsCool_33_21,0.466064453125,0.09503173828125,0.01953125,0.0305633544921875,0.67529296875
3828,WomenWhoStutter_29_26,0.044677734375,0.332763671875,0.35009765625,0.08538818359375,0.0250396728515625
3829,WomenWhoStutter_55_39,0.12451171875,0.28515625,0.073974609375,0.06719970703125,0.2081298828125
3830,StutterTalk_49_19,0.07794189453125,0.291015625,0.290771484375,0.03533935546875,0.029205322265625
3831,WomenWhoStutter_102_23,0.050811767578125,0.1229248046875,0.0162200927734375,0.053314208984375,0.095703125
3832,StutterTalk_49_1,0.080078125,0.2298583984375,0.08477783203125,0.0210418701171875,0.06097412109375
3833,IStutterSoWhat_3_74,0.09857177734375,0.203369140625,0.083740234375,0.0517578125,0.04217529296875
3834,StrongVoices_21_92,0.044097900390625,0.10504150390625,0.038177490234375,0.04046630859375,0.081787109375
3835,StrongVoices_23_238,0.1895751953125,0.1573486328125,0.0238189697265625,0.01116180419921875,0.0352783203125
3836,WomenWhoStutter_2_57,0.14697265625,0.17236328125,0.039337158203125,0.114990234375,0.93310546875
3837,StrongVoices_0_3,0.033905029296875,0.06292724609375,0.0050201416015625,0.01473236083984375,0.044342041015625
3838,StrongVoices_22_39,0.05224609375,0.1605224609375,0.0180511474609375,0.019989013671875,0.0174407958984375
3839,WomenWhoStutter_62_140,0.05975341796875,0.1390380859375,0.0171051025390625,0.07354736328125,0.285888671875
3840,WomenWhoStutter_48_3,0.026153564453125,0.1400146484375,0.0305633544921875,0.1658935546875,0.087890625
3841,StutterTalk_54_30,0.0517578125,0.0823974609375,0.0094146728515625,0.046295166015625,0.02691650390625
3842,StutterTalk_64_40,0.127197265625,0.102294921875,0.1324462890625,0.0316162109375,0.024932861328125
3843,StrongVoices_23_81,0.18505859375,0.1497802734375,0.0310821533203125,0.00878143310546875,0.062225341796875
3844,WomenWhoStutter_55_2,0.1455078125,0.15234375,0.01142120361328125,0.04327392578125,0.1121826171875
3845,StutteringIsCool_23_25,0.0850830078125,0.1387939453125,0.06292724609375,0.134033203125,0.5927734375
3846,WomenWhoStutter_97_182,0.2939453125,0.35400390625,0.2305908203125,0.3134765625,0.7294921875
3847,MyStutteringLife_0_28,0.1953125,0.140380859375,0.08819580078125,0.189697265625,0.52685546875
3848,StutterTalk_26_30,0.10858154296875,0.162353515625,0.0247955322265625,0.0872802734375,0.93603515625
3849,StutterTalk_62_39,0.70068359375,0.061187744140625,0.0401611328125,0.03033447265625,0.26025390625
3850,WomenWhoStutter_81_188,0.033203125,0.08404541015625,0.02685546875,0.060089111328125,0.034088134765625
3851,StrongVoices_21_12,0.07684326171875,0.07183837890625,0.039947509765625,0.03424072265625,0.01507568359375
3852,StrongVoices_2_38,0.0535888671875,0.1529541015625,0.021942138671875,0.155029296875,0.0740966796875
3853,StrongVoices_32_195,0.24560546875,0.048309326171875,0.01107025146484375,0.0160980224609375,0.04681396484375
3854,WomenWhoStutter_45_21,0.11279296875,0.145263671875,0.028167724609375,0.015838623046875,0.015716552734375
3855,StutterTalk_38_16,0.144775390625,0.08038330078125,0.00815582275390625,0.02685546875,0.2509765625
3856,StutteringIsCool_49_14,0.04779052734375,0.375732421875,0.48974609375,0.1865234375,0.0469970703125
3857,WomenWhoStutter_30_35,0.02880859375,0.146240234375,0.044921875,0.042388916015625,0.022674560546875
3858,WomenWhoStutter_10_130,0.02655029296875,0.165283203125,0.041229248046875,0.0728759765625,0.09912109375
3859,StutterTalk_38_30,0.030731201171875,0.14794921875,0.047515869140625,0.09722900390625,0.03759765625
3860,StrongVoices_4_35,0.0263519287109375,0.038970947265625,0.006412506103515625,0.02532958984375,0.12646484375
3861,HVSA_2_140,0.30126953125,0.275634765625,0.2724609375,0.167236328125,0.07318115234375
3862,StrongVoices_23_143,0.132568359375,0.143310546875,0.0141754150390625,0.006389617919921875,0.132568359375
3863,StrongVoices_32_149,0.1165771484375,0.21044921875,0.0141143798828125,0.0150146484375,0.0341796875
3864,StutterTalk_64_51,0.12841796875,0.08282470703125,0.057708740234375,0.04046630859375,0.2181396484375
3865,WomenWhoStutter_27_35,0.0489501953125,0.07861328125,0.005161285400390625,0.02532958984375,0.219970703125
3866,MyStutteringLife_18_26,0.0200653076171875,0.09844970703125,0.053497314453125,0.248046875,0.2489013671875
3867,StutterTalk_64_78,0.08990478515625,0.07794189453125,0.02044677734375,0.047698974609375,0.6328125
3868,HVSA_2_106,0.1307373046875,0.31884765625,0.42041015625,0.1461181640625,0.272216796875
3869,StutteringIsCool_37_20,0.13720703125,0.448486328125,0.71728515625,0.267333984375,0.09857177734375
3870,HVSA_0_73,0.0975341796875,0.247802734375,0.1527099609375,0.1715087890625,0.281494140625
3871,HeStutters_11_58,0.1488037109375,0.2015380859375,0.07965087890625,0.2705078125,0.8837890625
3872,StutterTalk_59_35,0.021453857421875,0.10052490234375,0.0169219970703125,0.07208251953125,0.10247802734375
3873,StrongVoices_8_26,0.0469970703125,0.0604248046875,0.01009368896484375,0.01177978515625,0.042633056640625
3874,StrongVoices_21_32,0.0469970703125,0.0633544921875,0.0099334716796875,0.0142822265625,0.050811767578125
3875,StutterTalk_25_183,0.04168701171875,0.1044921875,0.007175445556640625,0.0118255615234375,0.043121337890625
3876,StutteringIsCool_33_9,0.1414794921875,0.252197265625,0.18310546875,0.0245208740234375,0.01751708984375
3877,HVSA_2_171,0.1439208984375,0.07421875,0.036834716796875,0.09039306640625,0.39990234375
3878,HVSA_0_123,0.08868408203125,0.036163330078125,0.00971221923828125,0.0265045166015625,0.06280517578125
3879,WomenWhoStutter_15_7,0.30517578125,0.399658203125,0.2105712890625,0.0263519287109375,0.06658935546875
3880,StutteringIsCool_28_19,0.147216796875,0.06756591796875,0.00891876220703125,0.0390625,0.66357421875
3881,StrongVoices_19_28,0.056640625,0.10504150390625,0.0300445556640625,0.027008056640625,0.0238189697265625
3882,HeStutters_10_22,0.03179931640625,0.0816650390625,0.0246124267578125,0.06695556640625,0.0284881591796875
3883,StutteringIsCool_37_28,0.1292724609375,0.1494140625,0.06927490234375,0.052032470703125,0.0258636474609375
3884,StutteringIsCool_14_37,0.057281494140625,0.07196044921875,0.0311431884765625,0.0137939453125,0.05126953125
3885,WomenWhoStutter_62_173,0.040252685546875,0.1776123046875,0.09967041015625,0.354248046875,0.693359375
3886,StutteringIsCool_17_32,0.07781982421875,0.143798828125,0.0254669189453125,0.0301513671875,0.283447265625
3887,HVSA_0_109,0.0699462890625,0.287353515625,0.1676025390625,0.02044677734375,0.04400634765625
3888,HVSA_2_141,0.1026611328125,0.165771484375,0.246337890625,0.297607421875,0.1258544921875
3889,StrongVoices_3_15,0.1766357421875,0.1990966796875,0.014556884765625,0.01332855224609375,0.1104736328125
3890,StutterTalk_10_17,0.06829833984375,0.132080078125,0.0310211181640625,0.09722900390625,0.03204345703125
3891,StutteringIsCool_23_26,0.063720703125,0.05194091796875,0.01763916015625,0.01934814453125,0.036285400390625
3892,HVSA_0_39,0.23193359375,0.1143798828125,0.0255584716796875,0.0235595703125,0.1322021484375
3893,WomenWhoStutter_12_38,0.1859130859375,0.133544921875,0.02655029296875,0.0282135009765625,0.063232421875
3894,WomenWhoStutter_58_19,0.05975341796875,0.1551513671875,0.0299835205078125,0.0352783203125,0.2274169921875
3895,WomenWhoStutter_86_139,0.1829833984375,0.10504150390625,0.0127716064453125,0.0221099853515625,0.0369873046875
3896,StutterTalk_39_15,0.054107666015625,0.07763671875,0.01009368896484375,0.0227203369140625,0.0582275390625
3897,WomenWhoStutter_27_2,0.10760498046875,0.11419677734375,0.008575439453125,0.0083770751953125,0.14453125
3898,StutteringIsCool_64_28,0.03704833984375,0.266845703125,0.151611328125,0.259765625,0.1392822265625
3899,StutterTalk_34_24,0.47216796875,0.1622314453125,0.034759521484375,0.0489501953125,0.79150390625
3900,StrongVoices_12_21,0.05108642578125,0.06982421875,0.01751708984375,0.07904052734375,0.021820068359375
3901,WomenWhoStutter_22_31,0.042877197265625,0.054901123046875,0.00881195068359375,0.07305908203125,0.2318115234375
3902,WomenWhoStutter_2_174,0.0966796875,0.172607421875,0.07208251953125,0.1412353515625,0.650390625
3903,StutterTalk_8_61,0.02886962890625,0.0867919921875,0.044677734375,0.0634765625,0.02947998046875
3904,StrongVoices_12_33,0.03515625,0.109130859375,0.020294189453125,0.023651123046875,0.07696533203125
3905,StrongVoices_32_166,0.0633544921875,0.1806640625,0.0173797607421875,0.049957275390625,0.458984375
3906,StutterTalk_29_10,0.08978271484375,0.1329345703125,0.01229095458984375,0.05242919921875,0.30615234375
3907,WomenWhoStutter_62_147,0.039642333984375,0.06396484375,0.00626373291015625,0.0504150390625,0.2890625
3908,HVSA_0_132,0.06817626953125,0.287841796875,0.11456298828125,0.0457763671875,0.10540771484375
3909,StutteringIsCool_29_24,0.2037353515625,0.05633544921875,0.0247039794921875,0.0300445556640625,0.182373046875
3910,HVSA_3_154,0.04486083984375,0.189697265625,0.1993408203125,0.043121337890625,0.08282470703125
3911,StutterTalk_26_192,0.045867919921875,0.177978515625,0.04052734375,0.04534912109375,0.04107666015625
3912,WomenWhoStutter_96_169,0.0416259765625,0.06829833984375,0.0137939453125,0.046295166015625,0.043853759765625
3913,HVSA_0_129,0.06292724609375,0.1572265625,0.0246124267578125,0.040771484375,0.06512451171875
3914,StutterTalk_26_125,0.037261962890625,0.1077880859375,0.00971221923828125,0.01678466796875,0.060638427734375
3915,WomenWhoStutter_2_192,0.2325439453125,0.2060546875,0.0855712890625,0.063720703125,0.2271728515625
3916,StutterTalk_49_2,0.42724609375,0.251220703125,0.07489013671875,0.06512451171875,0.171142578125
3917,StutteringIsCool_61_10,0.053009033203125,0.262451171875,0.0863037109375,0.0125732421875,0.0531005859375
3918,StrongVoices_23_172,0.19287109375,0.4521484375,0.422607421875,0.03289794921875,0.035552978515625
3919,StutteringIsCool_27_25,0.1446533203125,0.159423828125,0.07586669921875,0.1868896484375,0.6005859375
3920,StutterTalk_18_38,0.05059814453125,0.1153564453125,0.0240936279296875,0.038543701171875,0.0987548828125
3921,WomenWhoStutter_29_11,0.03662109375,0.0938720703125,0.00989532470703125,0.027435302734375,0.0552978515625
3922,StrongVoices_21_120,0.07208251953125,0.248291015625,0.048858642578125,0.03662109375,0.03448486328125
3923,StrongVoices_21_14,0.0369873046875,0.1026611328125,0.01554107666015625,0.03192138671875,0.0439453125
3924,StrongVoices_19_2,0.1842041015625,0.075439453125,0.0457763671875,0.09600830078125,0.49365234375
3925,StutterTalk_64_10,0.150634765625,0.11993408203125,0.07080078125,0.0177764892578125,0.03594970703125
3926,StrongVoices_1_10,0.12054443359375,0.114990234375,0.00669097900390625,0.00847625732421875,0.05419921875
3927,WomenWhoStutter_63_27,0.140625,0.06292724609375,0.008880615234375,0.027008056640625,0.08978271484375
3928,HVSA_2_187,0.434814453125,0.176513671875,0.1343994140625,0.0982666015625,0.57666015625
3929,WomenWhoStutter_79_10,0.188232421875,0.135009765625,0.01751708984375,0.08209228515625,0.12176513671875
3930,HVSA_0_38,0.599609375,0.183837890625,0.168701171875,0.0253753662109375,0.0638427734375
3931,StrongVoices_4_15,0.0225372314453125,0.040008544921875,0.00800323486328125,0.019012451171875,0.0197601318359375
3932,StutterTalk_7_21,0.5859375,0.2734375,0.224365234375,0.03753662109375,0.08477783203125
3933,StrongVoices_32_106,0.046295166015625,0.1922607421875,0.0184326171875,0.01287078857421875,0.080810546875
3934,StrongVoices_14_28,0.44873046875,0.22509765625,0.264892578125,0.054290771484375,0.09637451171875
3935,StutteringIsCool_80_120,0.0203704833984375,0.06817626953125,0.01312255859375,0.027008056640625,0.06939697265625
3936,StutterTalk_1_27,0.059326171875,0.382080078125,0.2178955078125,0.2325439453125,0.381103515625
3937,StrongVoices_21_46,0.036285400390625,0.11676025390625,0.01287078857421875,0.037109375,0.10430908203125
3938,WomenWhoStutter_2_142,0.037750244140625,0.0965576171875,0.0230255126953125,0.07611083984375,0.02630615234375
3939,StrongVoices_23_160,0.6103515625,0.1993408203125,0.258056640625,0.0943603515625,0.100341796875
3940,StrongVoices_14_13,0.04327392578125,0.07208251953125,0.010528564453125,0.01078033447265625,0.0167236328125
3941,WomenWhoStutter_87_194,0.1094970703125,0.1568603515625,0.03167724609375,0.07318115234375,0.94482421875
3942,StrongVoices_8_27,0.1705322265625,0.06866455078125,0.007785797119140625,0.017303466796875,0.356201171875
3943,HVSA_3_78,0.1680908203125,0.1063232421875,0.0154876708984375,0.01525115966796875,0.50830078125
3944,WomenWhoStutter_87_88,0.07720947265625,0.060089111328125,0.024658203125,0.049407958984375,0.04443359375
3945,StrongVoices_21_121,0.135498046875,0.12042236328125,0.07586669921875,0.10284423828125,0.05023193359375
3946,WomenWhoStutter_30_3,0.1650390625,0.14453125,0.01384735107421875,0.011199951171875,0.164306640625
3947,WomenWhoStutter_64_10,0.2371826171875,0.2900390625,0.09722900390625,0.103759765625,0.44775390625
3948,WomenWhoStutter_46_5,0.06829833984375,0.0728759765625,0.01024627685546875,0.07904052734375,0.63330078125
3949,WomenWhoStutter_102_28,0.042022705078125,0.257568359375,0.036895751953125,0.1339111328125,0.396240234375
3950,HVSA_2_102,0.2349853515625,0.09637451171875,0.07879638671875,0.0762939453125,0.2059326171875
3951,StutterTalk_37_21,0.1466064453125,0.07501220703125,0.0313720703125,0.1619873046875,0.09368896484375
3952,HVSA_0_93,0.248291015625,0.2470703125,0.1644287109375,0.06524658203125,0.26171875
3953,StrongVoices_22_31,0.038543701171875,0.10968017578125,0.049591064453125,0.037384033203125,0.01763916015625
3954,StutterTalk_64_49,0.05145263671875,0.07342529296875,0.0112457275390625,0.045257568359375,0.1134033203125
3955,StutteringIsCool_81_28,0.191162109375,0.10089111328125,0.01751708984375,0.05975341796875,0.9228515625
3956,StrongVoices_22_2,0.034942626953125,0.09515380859375,0.0121002197265625,0.03533935546875,0.0411376953125
3957,WomenWhoStutter_21_202,0.07183837890625,0.061981201171875,0.006717681884765625,0.011871337890625,0.063720703125
3958,StrongVoices_7_7,0.0283355712890625,0.2342529296875,0.06915283203125,0.05780029296875,0.20947265625
3959,WomenWhoStutter_21_31,0.80322265625,0.1224365234375,0.064208984375,0.03228759765625,0.15380859375
3960,HeStutters_16_173,0.1309814453125,0.224609375,0.1756591796875,0.090087890625,0.020843505859375
3961,StrongVoices_21_21,0.091064453125,0.06707763671875,0.006122589111328125,0.0118255615234375,0.0301055908203125
3962,IStutterSoWhat_0_120,0.0880126953125,0.094482421875,0.0162200927734375,0.024993896484375,0.10284423828125
3963,StrongVoices_10_144,0.354736328125,0.19287109375,0.1461181640625,0.039794921875,0.06719970703125
3964,WomenWhoStutter_87_87,0.044281005859375,0.10614013671875,0.058990478515625,0.206298828125,0.1876220703125
3965,MyStutteringLife_21_36,0.09283447265625,0.43359375,0.64208984375,0.11553955078125,0.1719970703125
3966,WomenWhoStutter_10_162,0.1263427734375,0.2391357421875,0.0869140625,0.029205322265625,0.1331787109375
3967,StutteringIsCool_45_16,0.021209716796875,0.236328125,0.0982666015625,0.1214599609375,0.1239013671875
3968,WomenWhoStutter_86_83,0.0352783203125,0.258544921875,0.07330322265625,0.21044921875,0.1590576171875
3969,StrongVoices_12_2,0.04986572265625,0.1778564453125,0.02056884765625,0.0213623046875,0.0301513671875
3970,WomenWhoStutter_15_20,0.1767578125,0.405517578125,0.282958984375,0.0303802490234375,0.050506591796875
3971,HVSA_3_203,0.18310546875,0.1778564453125,0.09503173828125,0.018402099609375,0.06622314453125
3972,StutterTalk_64_3,0.0975341796875,0.10858154296875,0.056854248046875,0.0192413330078125,0.04193115234375
3973,HVSA_3_75,0.33447265625,0.2142333984375,0.156494140625,0.045257568359375,0.1683349609375
3974,MyStutteringLife_39_22,0.040374755859375,0.282470703125,0.2919921875,0.351318359375,0.19775390625
3975,StutterTalk_64_86,0.1298828125,0.06634521484375,0.0257110595703125,0.0289306640625,0.037261962890625
3976,HeStutters_18_147,0.051849365234375,0.052520751953125,0.00490570068359375,0.0238189697265625,0.048492431640625
3977,StutterTalk_7_29,0.06463623046875,0.1611328125,0.022674560546875,0.039947509765625,0.06768798828125
3978,StutteringIsCool_60_20,0.1285400390625,0.106689453125,0.0220794677734375,0.05718994140625,0.326904296875
3979,StrongVoices_8_36,0.7734375,0.1461181640625,0.130859375,0.044097900390625,0.116943359375
3980,WomenWhoStutter_69_2,0.0726318359375,0.06951904296875,0.00881195068359375,0.0216217041015625,0.055816650390625
3981,WomenWhoStutter_21_89,0.0394287109375,0.058135986328125,0.00701141357421875,0.010650634765625,0.0546875
3982,StrongVoices_32_14,0.0496826171875,0.236572265625,0.0322265625,0.09234619140625,0.491455078125
3983,MyStutteringLife_5_29,0.2548828125,0.23876953125,0.1751708984375,0.05780029296875,0.02685546875
3984,WomenWhoStutter_69_16,0.059112548828125,0.08526611328125,0.0094146728515625,0.0830078125,0.5078125
3985,HeStutters_11_30,0.485107421875,0.06817626953125,0.01519012451171875,0.058563232421875,0.76513671875
3986,StrongVoices_1_11,0.0975341796875,0.11163330078125,0.023468017578125,0.014617919921875,0.00989532470703125
3987,HVSA_2_5,0.05242919921875,0.313720703125,0.36376953125,0.28759765625,0.1719970703125
3988,WomenWhoStutter_10_64,0.08123779296875,0.1593017578125,0.018096923828125,0.03802490234375,0.07147216796875
3989,StutteringIsCool_73_32,0.1536865234375,0.09283447265625,0.02655029296875,0.0106964111328125,0.12188720703125
3990,StutterTalk_66_35,0.0250396728515625,0.167724609375,0.10504150390625,0.2666015625,0.102294921875
3991,WomenWhoStutter_30_202,0.044342041015625,0.0521240234375,0.005100250244140625,0.02056884765625,0.05419921875
3992,HVSA_2_133,0.23828125,0.325927734375,0.47607421875,0.1429443359375,0.051849365234375
3993,StutterTalk_10_18,0.1260986328125,0.152099609375,0.0706787109375,0.07489013671875,0.1923828125
3994,IStutterSoWhat_3_142,0.50830078125,0.1959228515625,0.258056640625,0.301513671875,0.57763671875
3995,HVSA_3_126,0.183349609375,0.25537109375,0.09466552734375,0.035736083984375,0.2340087890625
3996,StrongVoices_0_4,0.037689208984375,0.05987548828125,0.006290435791015625,0.036346435546875,0.1114501953125
3997,HVSA_0_33,0.1610107421875,0.2213134765625,0.0296478271484375,0.00809478759765625,0.03875732421875
3998,IStutterSoWhat_3_55,0.308349609375,0.0966796875,0.0297088623046875,0.042633056640625,0.1361083984375
3999,IStutterSoWhat_3_125,0.10247802734375,0.155517578125,0.02838134765625,0.0765380859375,0.921875
4000,WomenWhoStutter_90_32,0.03204345703125,0.1387939453125,0.08251953125,0.2459716796875,0.245849609375
4001,StutterTalk_78_11,0.10125732421875,0.06732177734375,0.00679779052734375,0.024749755859375,0.794921875
4002,StrongVoices_23_100,0.36669921875,0.1494140625,0.0187225341796875,0.0129241943359375,0.34130859375
4003,WomenWhoStutter_2_90,0.06256103515625,0.09320068359375,0.03240966796875,0.09893798828125,0.05194091796875
4004,StutterTalk_29_36,0.03125,0.0994873046875,0.01483917236328125,0.0299224853515625,0.0180511474609375
4005,StutteringIsCool_37_27,0.814453125,0.12841796875,0.07275390625,0.06109619140625,0.478759765625
4006,StutterTalk_9_39,0.035888671875,0.04931640625,0.00579833984375,0.01560211181640625,0.110107421875
4007,HeStutters_2_174,0.08038330078125,0.2371826171875,0.126220703125,0.0634765625,0.11981201171875
4008,StutterTalk_26_6,0.04351806640625,0.06268310546875,0.0115509033203125,0.01094818115234375,0.02069091796875
4009,StrongVoices_23_25,0.2529296875,0.3505859375,0.216796875,0.034088134765625,0.11517333984375
4010,StrongVoices_17_38,0.03228759765625,0.17041015625,0.06500244140625,0.05023193359375,0.04779052734375
4011,StutterTalk_72_143,0.1439208984375,0.1400146484375,0.0186920166015625,0.036285400390625,0.02001953125
4012,StutteringIsCool_61_30,0.06719970703125,0.1395263671875,0.0153045654296875,0.035003662109375,0.1929931640625
4013,WomenWhoStutter_97_166,0.216064453125,0.2315673828125,0.0869140625,0.1190185546875,0.884765625
4014,StutterTalk_64_158,0.08251953125,0.0640869140625,0.01525115966796875,0.0197601318359375,0.0197601318359375
4015,StutterTalk_7_32,0.1707763671875,0.142578125,0.0220794677734375,0.045867919921875,0.88134765625
4016,StutteringIsCool_79_12,0.263916015625,0.1256103515625,0.244873046875,0.01322174072265625,0.0521240234375
4017,WomenWhoStutter_27_36,0.28564453125,0.2861328125,0.0831298828125,0.036285400390625,0.0726318359375
4018,StutterTalk_68_184,0.0305633544921875,0.1845703125,0.029541015625,0.018585205078125,0.03424072265625
4019,IStutterSoWhat_0_129,0.05419921875,0.07421875,0.012481689453125,0.0170440673828125,0.0240478515625
4020,WomenWhoStutter_2_147,0.06695556640625,0.090576171875,0.0274810791015625,0.06610107421875,0.1707763671875
4021,WomenWhoStutter_62_144,0.03265380859375,0.0765380859375,0.015838623046875,0.142578125,0.325927734375
4022,WomenWhoStutter_21_47,0.07989501953125,0.06732177734375,0.009674072265625,0.01483917236328125,0.04803466796875
4023,StutterTalk_59_34,0.0318603515625,0.06097412109375,0.0163421630859375,0.0300445556640625,0.050140380859375
4024,StutterTalk_38_12,0.06634521484375,0.0867919921875,0.014617919921875,0.035675048828125,0.0261993408203125
4025,StutteringIsCool_34_155,0.03167724609375,0.08416748046875,0.0309600830078125,0.1624755859375,0.06585693359375
4026,WomenWhoStutter_55_34,0.396728515625,0.085693359375,0.01116180419921875,0.034881591796875,0.396240234375
4027,WomenWhoStutter_21_28,0.138671875,0.145263671875,0.0184326171875,0.04376220703125,0.053009033203125
4028,StrongVoices_32_132,0.54541015625,0.1495361328125,0.1124267578125,0.06732177734375,0.03948974609375
4029,WomenWhoStutter_10_110,0.059539794921875,0.313720703125,0.1834716796875,0.190673828125,0.1727294921875
4030,StutteringIsCool_1_19,0.0246124267578125,0.1466064453125,0.091552734375,0.4873046875,0.2095947265625
4031,StutteringIsCool_73_15,0.0236968994140625,0.1812744140625,0.1041259765625,0.2135009765625,0.1539306640625
4032,HVSA_3_9,0.56640625,0.170654296875,0.09222412109375,0.05242919921875,0.10650634765625
4033,IStutterSoWhat_3_1,0.039703369140625,0.1669921875,0.1580810546875,0.05450439453125,0.029815673828125
4034,HeStutters_11_37,0.058990478515625,0.418212890625,0.36181640625,0.39306640625,0.2022705078125
4035,StrongVoices_10_172,0.06817626953125,0.1591796875,0.01934814453125,0.062103271484375,0.19580078125
4036,StutteringIsCool_23_10,0.043853759765625,0.1087646484375,0.0823974609375,0.167724609375,0.424560546875
4037,StrongVoices_21_109,0.045684814453125,0.03875732421875,0.012725830078125,0.052337646484375,0.050140380859375
4038,StrongVoices_23_90,0.204345703125,0.29443359375,0.0615234375,0.0170440673828125,0.059967041015625
4039,StrongVoices_28_13,0.1353759765625,0.040618896484375,0.005001068115234375,0.01036834716796875,0.1708984375
4040,WomenWhoStutter_96_192,0.1461181640625,0.441650390625,0.3525390625,0.1229248046875,0.08599853515625
4041,StrongVoices_21_41,0.03173828125,0.09136962890625,0.0185089111328125,0.0703125,0.12042236328125
4042,StutteringIsCool_23_29,0.1114501953125,0.04931640625,0.01177978515625,0.033721923828125,0.84228515625
4043,StrongVoices_5_34,0.16015625,0.2076416015625,0.028656005859375,0.038330078125,0.0252227783203125
4044,StutterTalk_62_0,0.53173828125,0.07122802734375,0.01433563232421875,0.028656005859375,0.72509765625
4045,StutteringIsCool_73_20,0.13427734375,0.11065673828125,0.03289794921875,0.301513671875,0.420166015625
4046,StutteringIsCool_14_27,0.0999755859375,0.1175537109375,0.1124267578125,0.045867919921875,0.1077880859375
4047,HeStutters_11_105,0.1800537109375,0.1605224609375,0.017181396484375,0.03216552734375,0.03240966796875
4048,HVSA_3_158,0.50537109375,0.205322265625,0.431396484375,0.2064208984375,0.09722900390625
4049,StrongVoices_32_76,0.1588134765625,0.1322021484375,0.012725830078125,0.00864410400390625,0.04351806640625
4050,StrongVoices_17_27,0.5810546875,0.1663818359375,0.095703125,0.03521728515625,0.0526123046875
4051,WomenWhoStutter_10_186,0.2208251953125,0.1285400390625,0.0567626953125,0.044525146484375,0.421142578125
4052,WomenWhoStutter_45_29,0.1104736328125,0.059661865234375,0.0210418701171875,0.06549072265625,0.0233306884765625
4053,StrongVoices_2_2,0.378662109375,0.216552734375,0.038543701171875,0.0231475830078125,0.0364990234375
4054,StutteringIsCool_80_104,0.052337646484375,0.062103271484375,0.015899658203125,0.1707763671875,0.1143798828125
4055,StrongVoices_22_19,0.0526123046875,0.2139892578125,0.031982421875,0.0276336669921875,0.044921875
4056,HVSA_1_111,0.040771484375,0.208984375,0.194580078125,0.1507568359375,0.1563720703125
4057,IStutterSoWhat_3_114,0.1236572265625,0.138916015625,0.09185791015625,0.04107666015625,0.029815673828125
4058,StutterTalk_26_41,0.07708740234375,0.1971435546875,0.042816162109375,0.02838134765625,0.0243377685546875
4059,StutterTalk_64_2,0.1171875,0.12347412109375,0.055206298828125,0.049041748046875,0.255615234375
4060,IStutterSoWhat_3_42,0.02691650390625,0.09332275390625,0.01348114013671875,0.03594970703125,0.1214599609375
4061,WomenWhoStutter_30_189,0.04010009765625,0.059417724609375,0.0087127685546875,0.0236053466796875,0.03875732421875
4062,StutterTalk_60_16,0.0401611328125,0.1949462890625,0.10467529296875,0.354248046875,0.28466796875
4063,StrongVoices_10_147,0.071044921875,0.11358642578125,0.0200958251953125,0.0182342529296875,0.0323486328125
4064,WomenWhoStutter_2_159,0.1414794921875,0.402099609375,0.669921875,0.249267578125,0.130126953125
4065,StrongVoices_32_136,0.038909912109375,0.262939453125,0.060638427734375,0.0194244384765625,0.0289306640625
4066,StutterTalk_16_7,0.06085205078125,0.282470703125,0.1573486328125,0.1268310546875,0.07489013671875
4067,WomenWhoStutter_21_43,0.0374755859375,0.06903076171875,0.014617919921875,0.038543701171875,0.13720703125
4068,StutteringIsCool_61_31,0.144775390625,0.1488037109375,0.0154266357421875,0.015838623046875,0.501953125
4069,StutterTalk_37_45,0.1871337890625,0.200439453125,0.143310546875,0.14453125,0.1322021484375
4070,StrongVoices_9_1,0.450927734375,0.2125244140625,0.060516357421875,0.055419921875,0.0982666015625
4071,IStutterSoWhat_0_58,0.0364990234375,0.10321044921875,0.0223236083984375,0.059417724609375,0.06927490234375
4072,WomenWhoStutter_10_180,0.1419677734375,0.10394287109375,0.011199951171875,0.011688232421875,0.04168701171875
4073,StrongVoices_23_97,0.572265625,0.1474609375,0.0709228515625,0.00974273681640625,0.0279541015625
4074,WomenWhoStutter_52_34,0.029205322265625,0.059417724609375,0.00557708740234375,0.01953125,0.0836181640625
4075,WomenWhoStutter_97_172,0.2322998046875,0.25634765625,0.348388671875,0.259765625,0.0738525390625
4076,HeStutters_12_134,0.2237548828125,0.2130126953125,0.02423095703125,0.061981201171875,0.4404296875
4077,StrongVoices_32_155,0.1710205078125,0.21337890625,0.0142822265625,0.019500732421875,0.0863037109375
4078,StrongVoices_23_125,0.06982421875,0.218994140625,0.027435302734375,0.0164031982421875,0.037811279296875
4079,StutterTalk_72_184,0.062225341796875,0.0701904296875,0.006824493408203125,0.04840087890625,0.10211181640625
4080,StutteringIsCool_34_175,0.2073974609375,0.1746826171875,0.04486083984375,0.09503173828125,0.8974609375
4081,StrongVoices_32_39,0.203125,0.083740234375,0.00787353515625,0.020416259765625,0.1611328125
4082,StrongVoices_2_28,0.06524658203125,0.2022705078125,0.0164642333984375,0.01073455810546875,0.02838134765625
4083,IStutterSoWhat_0_57,0.10321044921875,0.3330078125,0.25146484375,0.10797119140625,0.12890625
4084,StrongVoices_21_188,0.16357421875,0.1070556640625,0.0263519287109375,0.05224609375,0.78515625
4085,StutterTalk_10_32,0.2462158203125,0.1143798828125,0.06658935546875,0.1539306640625,0.64111328125
4086,StutterTalk_18_29,0.0728759765625,0.147216796875,0.00885009765625,0.0242767333984375,0.31005859375
4087,WomenWhoStutter_10_155,0.046539306640625,0.1517333984375,0.03802490234375,0.0321044921875,0.050994873046875
4088,StrongVoices_10_114,0.1573486328125,0.10467529296875,0.028656005859375,0.097900390625,0.8798828125
4089,StutteringIsCool_34_149,0.03033447265625,0.1597900390625,0.041778564453125,0.03839111328125,0.0252227783203125
4090,StutteringIsCool_2_3,0.027435302734375,0.128662109375,0.1055908203125,0.27490234375,0.106689453125
4091,StutterTalk_64_74,0.11553955078125,0.051849365234375,0.0118255615234375,0.0182342529296875,0.034088134765625
4092,StrongVoices_3_12,0.08038330078125,0.32275390625,0.042236328125,0.035400390625,0.0537109375
4093,StutteringIsCool_33_37,0.0295867919921875,0.049041748046875,0.0103302001953125,0.049774169921875,0.058135986328125
4094,StrongVoices_32_6,0.12408447265625,0.134765625,0.009521484375,0.019378662109375,0.02655029296875
4095,StutterTalk_72_38,0.4677734375,0.277587890625,0.037261962890625,0.01898193359375,0.2301025390625
4096,StutteringIsCool_46_177,0.19482421875,0.089599609375,0.00424957275390625,0.0181884765625,0.30908203125
4097,HeStutters_18_54,0.0293121337890625,0.1268310546875,0.038970947265625,0.126220703125,0.204345703125
4098,WomenWhoStutter_96_16,0.05145263671875,0.2132568359375,0.037384033203125,0.089599609375,0.11578369140625
4099,MyStutteringLife_21_39,0.07354736328125,0.251953125,0.0391845703125,0.016845703125,0.0274810791015625
4100,StutterTalk_54_3,0.020416259765625,0.07147216796875,0.012969970703125,0.10089111328125,0.1983642578125
4101,HeStutters_16_29,0.1995849609375,0.187744140625,0.08123779296875,0.329833984375,0.55517578125
4102,WomenWhoStutter_2_73,0.1783447265625,0.359130859375,0.053497314453125,0.024566650390625,0.1181640625
4103,WomenWhoStutter_76_19,0.050140380859375,0.1044921875,0.021209716796875,0.035400390625,0.0196380615234375
4104,StrongVoices_28_21,0.08648681640625,0.135009765625,0.030792236328125,0.01490020751953125,0.0242767333984375
4105,HeStutters_2_54,0.05108642578125,0.17236328125,0.114990234375,0.10247802734375,0.0504150390625
4106,StrongVoices_21_90,0.060638427734375,0.1610107421875,0.025177001953125,0.028656005859375,0.037811279296875
4107,StrongVoices_8_38,0.0830078125,0.09503173828125,0.00864410400390625,0.01302337646484375,0.1334228515625
4108,HVSA_1_139,0.09173583984375,0.12322998046875,0.03790283203125,0.048675537109375,0.2252197265625
4109,StutteringIsCool_38_24,0.1376953125,0.1451416015625,0.03521728515625,0.0162811279296875,0.0154266357421875
4110,StutterTalk_1_11,0.060089111328125,0.1026611328125,0.03643798828125,0.11358642578125,0.070556640625
4111,StrongVoices_1_14,0.0189361572265625,0.11102294921875,0.014007568359375,0.021240234375,0.054901123046875
4112,WomenWhoStutter_2_139,0.08123779296875,0.345458984375,0.420654296875,0.5556640625,0.2666015625
4113,StrongVoices_28_29,0.1260986328125,0.353759765625,0.1751708984375,0.145751953125,0.61083984375
4114,StutterTalk_58_1,0.0943603515625,0.1947021484375,0.411376953125,0.52978515625,0.3115234375
4115,StrongVoices_23_189,0.2059326171875,0.279541015625,0.08251953125,0.0262603759765625,0.0192718505859375
4116,HeStutters_18_81,0.0548095703125,0.1695556640625,0.030792236328125,0.033782958984375,0.06585693359375
4117,StutterTalk_64_189,0.037200927734375,0.145751953125,0.0330810546875,0.06671142578125,0.0535888671875
4118,StrongVoices_5_28,0.06829833984375,0.2161865234375,0.0489501953125,0.047882080078125,0.059112548828125
4119,StutterTalk_49_27,0.0330810546875,0.14599609375,0.070068359375,0.2313232421875,0.291748046875
4120,HeStutters_12_36,0.0526123046875,0.10614013671875,0.0074310302734375,0.013275146484375,0.2115478515625
4121,StutterTalk_37_124,0.155029296875,0.06475830078125,0.047882080078125,0.32177734375,0.22216796875
4122,WomenWhoStutter_21_145,0.07806396484375,0.11163330078125,0.00955963134765625,0.0293731689453125,0.298583984375
4123,StrongVoices_32_74,0.2265625,0.33740234375,0.1055908203125,0.014617919921875,0.0274810791015625
4124,StrongVoices_1_6,0.045196533203125,0.160888671875,0.0836181640625,0.0751953125,0.01214599609375
4125,StutteringIsCool_1_9,0.0197601318359375,0.04931640625,0.00812530517578125,0.06085205078125,0.10089111328125
4126,HVSA_0_89,0.1519775390625,0.09515380859375,0.01146697998046875,0.0036792755126953125,0.061431884765625
4127,WomenWhoStutter_2_134,0.045013427734375,0.144775390625,0.0196380615234375,0.036346435546875,0.12493896484375
4128,WomenWhoStutter_102_20,0.060302734375,0.30419921875,0.089111328125,0.0526123046875,0.0293731689453125
4129,WomenWhoStutter_82_1,0.291259765625,0.18359375,0.04840087890625,0.050994873046875,0.93115234375
4130,StutterTalk_72_181,0.07763671875,0.3369140625,0.055206298828125,0.0567626953125,0.2568359375
4131,StutterTalk_37_17,0.2059326171875,0.140869140625,0.056549072265625,0.06658935546875,0.11126708984375
4132,StutterTalk_72_3,0.137939453125,0.186279296875,0.056549072265625,0.0182342529296875,0.2469482421875
4133,StutterTalk_10_38,0.07965087890625,0.12066650390625,0.06817626953125,0.0268096923828125,0.0167236328125
4134,WomenWhoStutter_42_0,0.052825927734375,0.1114501953125,0.028106689453125,0.07464599609375,0.056243896484375
4135,StrongVoices_32_32,0.06549072265625,0.07318115234375,0.03143310546875,0.038818359375,0.042724609375
4136,StutteringIsCool_76_12,0.03167724609375,0.1727294921875,0.048858642578125,0.07904052734375,0.03436279296875
4137,StutteringIsCool_45_32,0.0182647705078125,0.09515380859375,0.01763916015625,0.041473388671875,0.07586669921875
4138,StutterTalk_64_173,0.034027099609375,0.054412841796875,0.0196075439453125,0.0390625,0.0300445556640625
4139,StutterTalk_64_95,0.07122802734375,0.0885009765625,0.0640869140625,0.1033935546875,0.2215576171875
4140,WomenWhoStutter_87_176,0.10797119140625,0.1253662109375,0.0197601318359375,0.06866455078125,0.9404296875
4141,HVSA_1_95,0.0306243896484375,0.1370849609375,0.03277587890625,0.0237274169921875,0.02337646484375
4142,WomenWhoStutter_27_6,0.092529296875,0.3701171875,0.294677734375,0.106689453125,0.07354736328125
4143,StutterTalk_25_154,0.040313720703125,0.10015869140625,0.029815673828125,0.105224609375,0.08038330078125
4144,StutteringIsCool_76_15,0.6181640625,0.10540771484375,0.023956298828125,0.0251312255859375,0.68603515625
4145,StutterTalk_64_190,0.040924072265625,0.08465576171875,0.01983642578125,0.0792236328125,0.06817626953125
4146,StutterTalk_8_40,0.06524658203125,0.06982421875,0.0411376953125,0.05560302734375,0.07476806640625
4147,StutterTalk_51_30,0.05291748046875,0.321533203125,0.232666015625,0.03021240234375,0.045013427734375
4148,StutterTalk_64_147,0.196533203125,0.060638427734375,0.01238250732421875,0.023651123046875,0.66455078125
4149,StrongVoices_23_65,0.1475830078125,0.2230224609375,0.0728759765625,0.0164031982421875,0.01132965087890625
4150,StutteringIsCool_44_23,0.037109375,0.043212890625,0.00498199462890625,0.0181884765625,0.040985107421875
4151,StrongVoices_23_184,0.05126953125,0.2410888671875,0.05706787109375,0.0190887451171875,0.06658935546875
4152,HVSA_0_13,0.0439453125,0.1312255859375,0.037261962890625,0.0537109375,0.06500244140625
4153,HVSA_0_14,0.063720703125,0.1177978515625,0.042236328125,0.029205322265625,0.134765625
4154,StutteringIsCool_80_74,0.10174560546875,0.147216796875,0.1163330078125,0.1568603515625,0.050506591796875
4155,WomenWhoStutter_30_108,0.2685546875,0.199462890625,0.040252685546875,0.01384735107421875,0.03521728515625
4156,WomenWhoStutter_2_59,0.059539794921875,0.08538818359375,0.0094146728515625,0.01061248779296875,0.08740234375
4157,StutteringIsCool_62_14,0.0374755859375,0.1044921875,0.0125732421875,0.01111602783203125,0.029815673828125
4158,HVSA_2_46,0.1171875,0.2235107421875,0.19287109375,0.061309814453125,0.376220703125
4159,StutteringIsCool_80_81,0.0204925537109375,0.105224609375,0.038177490234375,0.2093505859375,0.10052490234375
4160,WomenWhoStutter_14_209,0.04443359375,0.1893310546875,0.031494140625,0.028594970703125,0.03131103515625
4161,HVSA_1_37,0.058990478515625,0.1578369140625,0.0384521484375,0.0191650390625,0.03167724609375
4162,StutteringIsCool_50_1,0.035552978515625,0.04779052734375,0.00763702392578125,0.01519012451171875,0.0211181640625
4163,StrongVoices_23_15,0.278076171875,0.339599609375,0.56884765625,0.17822265625,0.07489013671875
4164,HeStutters_16_56,0.2347412109375,0.178955078125,0.0482177734375,0.026458740234375,0.055938720703125
4165,HeStutters_16_90,0.302490234375,0.09503173828125,0.0181884765625,0.03948974609375,0.2247314453125
4166,StrongVoices_23_35,0.05340576171875,0.281982421875,0.12408447265625,0.0994873046875,0.16357421875
4167,WomenWhoStutter_97_193,0.052032470703125,0.1844482421875,0.09027099609375,0.2120361328125,0.62646484375
4168,StrongVoices_7_38,0.165771484375,0.08282470703125,0.0104522705078125,0.0154266357421875,0.046478271484375
4169,WomenWhoStutter_45_28,0.08526611328125,0.0975341796875,0.03515625,0.09332275390625,0.04376220703125
4170,StutterTalk_44_27,0.07421875,0.06256103515625,0.01049041748046875,0.05242919921875,0.12261962890625
4171,HVSA_3_62,0.59130859375,0.27978515625,0.343994140625,0.140869140625,0.294921875
4172,WomenWhoStutter_97_65,0.0792236328125,0.298095703125,0.2001953125,0.321044921875,0.229736328125
4173,WomenWhoStutter_81_6,0.106689453125,0.196533203125,0.025665283203125,0.0765380859375,0.70703125
4174,StutteringIsCool_69_8,0.05126953125,0.09552001953125,0.0210418701171875,0.013427734375,0.04949951171875
4175,HeStutters_16_27,0.09722900390625,0.2958984375,0.318115234375,0.44921875,0.33837890625
4176,StutterTalk_63_18,0.08819580078125,0.470458984375,0.69287109375,0.1365966796875,0.08477783203125
4177,StutteringIsCool_75_36,0.2080078125,0.445068359375,0.740234375,0.122314453125,0.0975341796875
4178,MyStutteringLife_18_18,0.02191162109375,0.2149658203125,0.1673583984375,0.1634521484375,0.08819580078125
4179,WomenWhoStutter_2_58,0.09967041015625,0.0965576171875,0.00919342041015625,0.0345458984375,0.39697265625
4180,StutterTalk_51_11,0.03204345703125,0.12042236328125,0.008544921875,0.02447509765625,0.050811767578125
4181,WomenWhoStutter_14_208,0.044677734375,0.30517578125,0.1900634765625,0.349609375,0.2354736328125
4182,StrongVoices_32_59,0.03302001953125,0.13671875,0.054901123046875,0.0304412841796875,0.03802490234375
4183,StutterTalk_32_38,0.0142822265625,0.061981201171875,0.012481689453125,0.049041748046875,0.051666259765625
4184,StrongVoices_21_59,0.61376953125,0.1617431640625,0.038116455078125,0.0333251953125,0.42431640625
4185,HVSA_2_38,0.2391357421875,0.2274169921875,0.18115234375,0.1387939453125,0.050140380859375
4186,WomenWhoStutter_96_159,0.0938720703125,0.1519775390625,0.05291748046875,0.030853271484375,0.0127716064453125
4187,StutterTalk_37_177,0.2144775390625,0.1190185546875,0.0706787109375,0.0574951171875,0.13525390625
4188,WomenWhoStutter_86_22,0.09588623046875,0.1878662109375,0.02001953125,0.11737060546875,0.85546875
4189,WomenWhoStutter_62_65,0.0221099853515625,0.1268310546875,0.035675048828125,0.275390625,0.63525390625
4190,StrongVoices_9_21,0.3779296875,0.122314453125,0.0289764404296875,0.0165863037109375,0.4482421875
4191,HeStutters_16_37,0.058441162109375,0.1251220703125,0.0222930908203125,0.07977294921875,0.386962890625
4192,StutterTalk_76_20,0.11737060546875,0.049407958984375,0.011871337890625,0.02752685546875,0.15771484375
4193,StutterTalk_76_2,0.06768798828125,0.0699462890625,0.0135345458984375,0.0982666015625,0.62744140625
4194,HeStutters_5_198,0.26025390625,0.224853515625,0.0830078125,0.062225341796875,0.03704833984375
4195,WomenWhoStutter_30_118,0.02691650390625,0.064208984375,0.01132965087890625,0.03228759765625,0.07879638671875
4196,StutterTalk_16_4,0.1104736328125,0.072509765625,0.0154266357421875,0.0345458984375,0.6884765625
4197,StutteringIsCool_80_133,0.03533935546875,0.08990478515625,0.046295166015625,0.06683349609375,0.031494140625
4198,HeStutters_16_208,0.10284423828125,0.131591796875,0.0171051025390625,0.023651123046875,0.04443359375
4199,WomenWhoStutter_63_14,0.1536865234375,0.106689453125,0.02386474609375,0.017913818359375,0.11083984375
4200,StutterTalk_37_5,0.060516357421875,0.226806640625,0.25634765625,0.395263671875,0.3515625
4201,StutterTalk_72_31,0.030914306640625,0.129638671875,0.05560302734375,0.10107421875,0.043609619140625
4202,StutterTalk_38_2,0.1007080078125,0.14404296875,0.07464599609375,0.1942138671875,0.87158203125
4203,StutterTalk_26_24,0.040252685546875,0.1153564453125,0.0074615478515625,0.0154266357421875,0.039337158203125
4204,IStutterSoWhat_0_52,0.173828125,0.200927734375,0.08770751953125,0.041473388671875,0.06573486328125
4205,StutterTalk_76_9,0.0364990234375,0.1500244140625,0.17236328125,0.1739501953125,0.062103271484375
4206,HVSA_2_121,0.0287017822265625,0.1904296875,0.07183837890625,0.06231689453125,0.0258026123046875
4207,StutterTalk_64_33,0.26123046875,0.045440673828125,0.01262664794921875,0.01666259765625,0.453369140625
4208,HeStutters_3_16,0.2349853515625,0.260009765625,0.109130859375,0.079345703125,0.1617431640625
4209,StrongVoices_23_88,0.393798828125,0.26318359375,0.0966796875,0.0161590576171875,0.20947265625
4210,StutteringIsCool_46_192,0.0257568359375,0.25634765625,0.1259765625,0.06396484375,0.105224609375
4211,WomenWhoStutter_62_48,0.03173828125,0.12420654296875,0.07452392578125,0.36572265625,0.331787109375
4212,WomenWhoStutter_62_171,0.1646728515625,0.143798828125,0.035736083984375,0.2037353515625,0.89208984375
4213,StutteringIsCool_17_33,0.046905517578125,0.147705078125,0.03314208984375,0.04510498046875,0.0154266357421875
4214,HVSA_2_54,0.1798095703125,0.2103271484375,0.263427734375,0.177490234375,0.1666259765625
4215,StrongVoices_23_123,0.11199951171875,0.2313232421875,0.0311431884765625,0.03326416015625,0.34521484375
4216,StutterTalk_64_202,0.0965576171875,0.286376953125,0.491455078125,0.08416748046875,0.054290771484375
4217,StutterTalk_64_4,0.552734375,0.11163330078125,0.097412109375,0.0269622802734375,0.242919921875
4218,StutterTalk_72_154,0.09136962890625,0.1412353515625,0.026153564453125,0.08648681640625,0.08990478515625
4219,WomenWhoStutter_10_140,0.160400390625,0.11279296875,0.0121917724609375,0.01971435546875,0.0802001953125
4220,StutterTalk_44_25,0.11456298828125,0.22900390625,0.126953125,0.32666015625,0.7421875
4221,WomenWhoStutter_30_5,0.05072021484375,0.06982421875,0.014617919921875,0.036834716796875,0.06744384765625
4222,HeStutters_17_25,0.0266571044921875,0.0794677734375,0.01238250732421875,0.02447509765625,0.03607177734375
4223,HeStutters_16_157,0.035491943359375,0.178955078125,0.09234619140625,0.363525390625,0.26806640625
4224,StutteringIsCool_50_25,0.12158203125,0.20068359375,0.035675048828125,0.00933837890625,0.06268310546875
4225,WomenWhoStutter_83_20,0.07708740234375,0.11376953125,0.02044677734375,0.1131591796875,0.92626953125
4226,StutterTalk_72_55,0.035400390625,0.093994140625,0.0169219970703125,0.0271759033203125,0.0240020751953125
4227,StrongVoices_32_180,0.077392578125,0.27490234375,0.037322998046875,0.0222930908203125,0.0170440673828125
4228,WomenWhoStutter_62_77,0.044525146484375,0.1083984375,0.035400390625,0.286865234375,0.54052734375
4229,StutteringIsCool_29_18,0.093994140625,0.135986328125,0.1397705078125,0.11553955078125,0.1700439453125
4230,StutterTalk_37_49,0.261962890625,0.139404296875,0.2880859375,0.1484375,0.1248779296875
4231,StrongVoices_4_30,0.053314208984375,0.1397705078125,0.0197601318359375,0.018646240234375,0.0219879150390625
4232,StutteringIsCool_38_12,0.424072265625,0.10302734375,0.00997161865234375,0.016021728515625,0.1890869140625
4233,StutterTalk_77_37,0.09588623046875,0.1812744140625,0.08648681640625,0.28857421875,0.86865234375
4234,StutterTalk_63_8,0.0631103515625,0.1671142578125,0.0239105224609375,0.036834716796875,0.271484375
4235,StutteringIsCool_76_16,0.373291015625,0.10302734375,0.024932861328125,0.060302734375,0.9013671875
4236,WomenWhoStutter_97_18,0.08758544921875,0.419921875,0.472900390625,0.1837158203125,0.1307373046875
4237,StrongVoices_23_232,0.2076416015625,0.2310791015625,0.0546875,0.00945281982421875,0.033721923828125
4238,StrongVoices_28_3,0.08929443359375,0.07489013671875,0.01751708984375,0.0257568359375,0.11920166015625
4239,WomenWhoStutter_81_154,0.021942138671875,0.2257080078125,0.1544189453125,0.19189453125,0.08197021484375
4240,HeStutters_18_93,0.1558837890625,0.142333984375,0.054412841796875,0.0809326171875,0.0496826171875
4241,HeStutters_10_24,0.0225372314453125,0.1419677734375,0.10321044921875,0.373291015625,0.146484375
4242,WomenWhoStutter_27_19,0.392333984375,0.171875,0.04595947265625,0.11419677734375,0.323974609375
4243,WomenWhoStutter_87_41,0.093505859375,0.169921875,0.050140380859375,0.0212860107421875,0.049041748046875
4244,WomenWhoStutter_97_198,0.042022705078125,0.32666015625,0.34912109375,0.432861328125,0.1484375
4245,StrongVoices_21_20,0.0164642333984375,0.07489013671875,0.01302337646484375,0.04742431640625,0.054107666015625
4246,StutterTalk_16_0,0.03253173828125,0.2117919921875,0.1300048828125,0.178955078125,0.10394287109375
4247,HVSA_2_166,0.035736083984375,0.07080078125,0.01560211181640625,0.0294189453125,0.0810546875
4248,WomenWhoStutter_96_167,0.2230224609375,0.396240234375,0.38525390625,0.09552001953125,0.053192138671875
4249,StrongVoices_23_139,0.315673828125,0.126708984375,0.011505126953125,0.00605010986328125,0.10430908203125
4250,StutterTalk_53_18,0.23095703125,0.09185791015625,0.0743408203125,0.04083251953125,0.0416259765625
4251,WomenWhoStutter_10_128,0.06768798828125,0.109130859375,0.0097808837890625,0.0116424560546875,0.0224609375
4252,StrongVoices_10_124,0.071044921875,0.110107421875,0.07904052734375,0.148193359375,0.305419921875
4253,StrongVoices_6_168,0.7119140625,0.13037109375,0.05023193359375,0.021240234375,0.07275390625
4254,StutterTalk_12_38,0.1319580078125,0.0994873046875,0.0222015380859375,0.0472412109375,0.9306640625
4255,StutteringIsCool_62_18,0.06817626953125,0.12200927734375,0.0097808837890625,0.02337646484375,0.427734375
4256,StrongVoices_21_66,0.055816650390625,0.19091796875,0.042633056640625,0.05511474609375,0.09619140625
4257,HVSA_2_33,0.09686279296875,0.1890869140625,0.2421875,0.199951171875,0.1019287109375
4258,StrongVoices_6_61,0.035491943359375,0.216552734375,0.024658203125,0.0236968994140625,0.0272674560546875
4259,WomenWhoStutter_96_28,0.0869140625,0.315673828125,0.25146484375,0.6103515625,0.4814453125
4260,StutterTalk_72_88,0.03253173828125,0.08477783203125,0.0167236328125,0.03240966796875,0.0272674560546875
4261,WomenWhoStutter_10_154,0.1551513671875,0.1259765625,0.0210418701171875,0.058349609375,0.89990234375
4262,StutterTalk_76_6,0.1265869140625,0.0885009765625,0.020416259765625,0.06939697265625,0.282470703125
4263,StutterTalk_26_55,0.07196044921875,0.08404541015625,0.011505126953125,0.07708740234375,0.20654296875
4264,HVSA_2_85,0.0391845703125,0.1470947265625,0.0885009765625,0.22900390625,0.469482421875
4265,StrongVoices_2_1,0.06585693359375,0.07763671875,0.00803375244140625,0.0164642333984375,0.042633056640625
4266,StrongVoices_1_20,0.034088134765625,0.0792236328125,0.00885009765625,0.018341064453125,0.027801513671875
4267,StrongVoices_21_177,0.1165771484375,0.226806640625,0.039794921875,0.072509765625,0.19580078125
4268,StrongVoices_8_23,0.0709228515625,0.1416015625,0.0255126953125,0.015777587890625,0.026702880859375
4269,WomenWhoStutter_87_114,0.226318359375,0.1876220703125,0.060638427734375,0.137939453125,0.88037109375
4270,HeStutters_16_174,0.06256103515625,0.29052734375,0.2034912109375,0.1396484375,0.053192138671875
4271,HVSA_2_148,0.203857421875,0.2254638671875,0.09503173828125,0.10650634765625,0.64013671875
4272,StutterTalk_37_180,0.1474609375,0.06451416015625,0.01467132568359375,0.093505859375,0.89013671875
4273,MyStutteringLife_0_38,0.560546875,0.1181640625,0.06768798828125,0.0210113525390625,0.051177978515625
4274,StutterTalk_72_152,0.04949951171875,0.1527099609375,0.043365478515625,0.218505859375,0.81982421875
4275,StutteringIsCool_14_36,0.1695556640625,0.136474609375,0.043121337890625,0.056243896484375,0.90771484375
4276,StrongVoices_21_155,0.063232421875,0.073974609375,0.0181884765625,0.0301055908203125,0.03802490234375
4277,HeStutters_18_77,0.11395263671875,0.1292724609375,0.0224151611328125,0.173095703125,0.10687255859375
4278,StrongVoices_18_25,0.0850830078125,0.1114501953125,0.0106964111328125,0.079345703125,0.351318359375
4279,HVSA_1_99,0.04443359375,0.1209716796875,0.033477783203125,0.036712646484375,0.02423095703125
4280,StutteringIsCool_80_146,0.12420654296875,0.387451171875,0.623046875,0.35009765625,0.173828125
4281,StrongVoices_18_39,0.296630859375,0.283203125,0.08709716796875,0.01009368896484375,0.06524658203125
4282,StrongVoices_34_12,0.060638427734375,0.1259765625,0.01337432861328125,0.023101806640625,0.0223236083984375
4283,StutteringIsCool_47_15,0.0836181640625,0.2802734375,0.2259521484375,0.333740234375,0.12451171875
4284,WomenWhoStutter_29_2,0.078369140625,0.22802734375,0.239501953125,0.0274810791015625,0.0823974609375
4285,StrongVoices_14_12,0.0213623046875,0.0784912109375,0.01233673095703125,0.02215576171875,0.0217742919921875
4286,StutteringIsCool_61_32,0.080810546875,0.1248779296875,0.0236968994140625,0.0162811279296875,0.0289764404296875
4287,StrongVoices_29_34,0.70458984375,0.07135009765625,0.0341796875,0.022796630859375,0.142578125
4288,StutterTalk_13_33,0.1424560546875,0.1873779296875,0.05450439453125,0.07989501953125,0.85595703125
4289,StutterTalk_38_29,0.051849365234375,0.1903076171875,0.1834716796875,0.15869140625,0.07781982421875
4290,HVSA_2_111,0.240966796875,0.1717529296875,0.06756591796875,0.09930419921875,0.90478515625
4291,HVSA_0_34,0.33154296875,0.093017578125,0.0120086669921875,0.005489349365234375,0.05560302734375
4292,StutterTalk_53_34,0.0305023193359375,0.06396484375,0.00997161865234375,0.022247314453125,0.02447509765625
4293,StutterTalk_72_36,0.1624755859375,0.083740234375,0.0180511474609375,0.03326416015625,0.0197906494140625
4294,StutterTalk_49_28,0.06781005859375,0.171875,0.033660888671875,0.0269622802734375,0.283935546875
4295,WomenWhoStutter_69_31,0.10723876953125,0.297607421875,0.1412353515625,0.052703857421875,0.0592041015625
4296,WomenWhoStutter_90_38,0.0204925537109375,0.218994140625,0.11798095703125,0.394775390625,0.116943359375
4297,StutteringIsCool_34_144,0.1751708984375,0.06427001953125,0.01024627685546875,0.01898193359375,0.12188720703125
4298,StutterTalk_10_3,0.0246124267578125,0.05108642578125,0.0192413330078125,0.0782470703125,0.0220794677734375
4299,StrongVoices_32_15,0.1683349609375,0.309326171875,0.044342041015625,0.025177001953125,0.232177734375
4300,IStutterSoWhat_0_70,0.0273284912109375,0.078369140625,0.00919342041015625,0.0255584716796875,0.08709716796875
4301,StrongVoices_19_6,0.034088134765625,0.06549072265625,0.008575439453125,0.0246124267578125,0.03460693359375
4302,StrongVoices_32_16,0.048675537109375,0.208984375,0.041229248046875,0.0247039794921875,0.148681640625
4303,StutteringIsCool_46_62,0.1614990234375,0.091552734375,0.0136871337890625,0.03704833984375,0.67138671875
4304,HeStutters_11_136,0.1063232421875,0.1422119140625,0.01898193359375,0.1121826171875,0.83203125
4305,IStutterSoWhat_3_126,0.016845703125,0.04876708984375,0.0127716064453125,0.0255126953125,0.0318603515625
4306,WomenWhoStutter_10_57,0.0352783203125,0.249755859375,0.08770751953125,0.041534423828125,0.1435546875
4307,StutterTalk_72_190,0.05450439453125,0.1790771484375,0.034881591796875,0.0221099853515625,0.08831787109375
4308,StutteringIsCool_55_5,0.07183837890625,0.09283447265625,0.015899658203125,0.05072021484375,0.1590576171875
4309,StutteringIsCool_60_23,0.0390625,0.09136962890625,0.0457763671875,0.02752685546875,0.122314453125
4310,StutterTalk_10_25,0.1475830078125,0.070068359375,0.03460693359375,0.092529296875,0.0548095703125
4311,StutteringIsCool_80_178,0.21728515625,0.11260986328125,0.035064697265625,0.015777587890625,0.0633544921875
4312,WomenWhoStutter_97_71,0.0469970703125,0.2088623046875,0.1651611328125,0.5556640625,0.284912109375
4313,StutterTalk_64_26,0.07684326171875,0.1260986328125,0.0194244384765625,0.05059814453125,0.8525390625
4314,StutterTalk_18_30,0.0310211181640625,0.1094970703125,0.0246124267578125,0.0535888671875,0.0233306884765625
4315,WomenWhoStutter_42_112,0.06817626953125,0.047149658203125,0.00916290283203125,0.043212890625,0.0190887451171875
4316,StutterTalk_64_180,0.0975341796875,0.1754150390625,0.329833984375,0.1048583984375,0.1114501953125
4317,WomenWhoStutter_21_200,0.07684326171875,0.1351318359375,0.0255126953125,0.0460205078125,0.110107421875
4318,StutterTalk_25_129,0.03985595703125,0.10894775390625,0.0127716064453125,0.023651123046875,0.058563232421875
4319,StrongVoices_11_13,0.04534912109375,0.2176513671875,0.17431640625,0.08880615234375,0.1490478515625
4320,HVSA_0_85,0.224609375,0.259521484375,0.0699462890625,0.01229095458984375,0.037689208984375
4321,StutterTalk_0_8,0.0272674560546875,0.0938720703125,0.0268096923828125,0.10107421875,0.07330322265625
4322,StutterTalk_68_154,0.04296875,0.1959228515625,0.0401611328125,0.0190887451171875,0.048309326171875
4323,HVSA_0_52,0.2069091796875,0.2259521484375,0.07696533203125,0.06756591796875,0.7587890625
4324,WomenWhoStutter_21_178,0.04595947265625,0.11126708984375,0.0177764892578125,0.0226287841796875,0.054901123046875
4325,HeStutters_11_150,0.0765380859375,0.173828125,0.018646240234375,0.0313720703125,0.0615234375
4326,StutteringIsCool_23_22,0.1676025390625,0.25732421875,0.1195068359375,0.1622314453125,0.1524658203125
4327,HeStutters_16_190,0.1937255859375,0.09588623046875,0.039276123046875,0.0894775390625,0.086181640625
4328,StrongVoices_4_4,0.0316162109375,0.06982421875,0.0164642333984375,0.0567626953125,0.10015869140625
4329,HeStutters_11_188,0.1275634765625,0.07684326171875,0.01142120361328125,0.0321044921875,0.8095703125
4330,WomenWhoStutter_62_34,0.18115234375,0.0885009765625,0.014617919921875,0.0635986328125,0.9462890625
4331,StrongVoices_9_38,0.038909912109375,0.038330078125,0.0062408447265625,0.033905029296875,0.13525390625
4332,StrongVoices_10_53,0.765625,0.1558837890625,0.142578125,0.06256103515625,0.1500244140625
4333,StrongVoices_29_36,0.037384033203125,0.1761474609375,0.0293731689453125,0.03033447265625,0.1419677734375
4334,WomenWhoStutter_2_160,0.08343505859375,0.399169921875,0.66748046875,0.1397705078125,0.09185791015625
4335,HeStutters_16_6,0.396484375,0.1094970703125,0.033538818359375,0.1087646484375,0.2099609375
4336,StutteringIsCool_65_14,0.093505859375,0.07135009765625,0.058349609375,0.03515625,0.03204345703125
4337,StrongVoices_7_26,0.179443359375,0.08062744140625,0.007038116455078125,0.0253753662109375,0.1539306640625
4338,StutterTalk_54_0,0.74609375,0.150146484375,0.1708984375,0.058013916015625,0.06951904296875
4339,WomenWhoStutter_97_190,0.23681640625,0.254150390625,0.1697998046875,0.12890625,0.041229248046875
4340,StutterTalk_4_18,0.01898193359375,0.2349853515625,0.0706787109375,0.230224609375,0.31298828125
4341,StrongVoices_6_106,0.2420654296875,0.1954345703125,0.029144287109375,0.018096923828125,0.01751708984375
4342,StutteringIsCool_49_35,0.07452392578125,0.08477783203125,0.0196075439453125,0.05450439453125,0.0867919921875
4343,WomenWhoStutter_35_27,0.31494140625,0.141357421875,0.038909912109375,0.04132080078125,0.810546875
4344,WomenWhoStutter_68_30,0.0173797607421875,0.06451416015625,0.0078125,0.07891845703125,0.1925048828125
4345,StrongVoices_10_126,0.313720703125,0.105224609375,0.035491943359375,0.0301055908203125,0.03436279296875
4346,StutterTalk_64_144,0.374755859375,0.10321044921875,0.040679931640625,0.060211181640625,0.31298828125
4347,StutteringIsCool_80_153,0.02606201171875,0.1982421875,0.1405029296875,0.06304931640625,0.03656005859375
4348,WomenWhoStutter_30_146,0.06744384765625,0.059967041015625,0.006122589111328125,0.028594970703125,0.114990234375
4349,WomenWhoStutter_76_33,0.06561279296875,0.11181640625,0.00582122802734375,0.0174407958984375,0.10107421875
4350,HeStutters_16_31,0.037200927734375,0.290771484375,0.087890625,0.139404296875,0.30517578125
4351,WomenWhoStutter_97_178,0.03607177734375,0.1983642578125,0.0560302734375,0.156494140625,0.08154296875
4352,WomenWhoStutter_46_18,0.1268310546875,0.1571044921875,0.0202178955078125,0.054107666015625,0.94921875
4353,StutteringIsCool_84_10,0.028594970703125,0.10015869140625,0.05072021484375,0.016021728515625,0.02685546875
4354,WomenWhoStutter_63_15,0.086181640625,0.05987548828125,0.0101318359375,0.0279083251953125,0.050323486328125
4355,StrongVoices_32_54,0.07891845703125,0.2110595703125,0.059661865234375,0.17578125,0.74072265625
4356,StutteringIsCool_28_8,0.053009033203125,0.09234619140625,0.0169219970703125,0.00861358642578125,0.0131683349609375
4357,WomenWhoStutter_62_105,0.030792236328125,0.054290771484375,0.0121002197265625,0.0701904296875,0.38916015625
4358,StutterTalk_15_39,0.1427001953125,0.0738525390625,0.0110321044921875,0.0269622802734375,0.1055908203125
4359,WomenWhoStutter_62_203,0.09857177734375,0.172119140625,0.05865478515625,0.12103271484375,0.24658203125
4360,StrongVoices_21_126,0.06622314453125,0.0635986328125,0.0189361572265625,0.06878662109375,0.26025390625
4361,HVSA_0_124,0.034820556640625,0.10540771484375,0.03204345703125,0.09912109375,0.364013671875
4362,StrongVoices_29_31,0.438232421875,0.326904296875,0.061431884765625,0.0150146484375,0.1416015625
4363,StrongVoices_32_172,0.036895751953125,0.10577392578125,0.0079345703125,0.03179931640625,0.106689453125
4364,StutteringIsCool_38_31,0.1033935546875,0.2454833984375,0.110107421875,0.02691650390625,0.0225830078125
4365,WomenWhoStutter_97_36,0.10174560546875,0.35791015625,0.1766357421875,0.292236328125,0.09686279296875
4366,WomenWhoStutter_79_27,0.0297088623046875,0.11968994140625,0.03179931640625,0.11578369140625,0.0994873046875
4367,StrongVoices_23_199,0.1427001953125,0.39892578125,0.483642578125,0.044342041015625,0.023193359375
4368,StutteringIsCool_70_39,0.0212860107421875,0.04217529296875,0.0048675537109375,0.026153564453125,0.045013427734375
4369,StutterTalk_42_0,0.07318115234375,0.42626953125,0.43994140625,0.296875,0.2880859375
4370,StutterTalk_63_157,0.0885009765625,0.12200927734375,0.0154266357421875,0.03179931640625,0.03753662109375
4371,WomenWhoStutter_108_8,0.07476806640625,0.178955078125,0.0360107421875,0.0287628173828125,0.07464599609375
4372,StutterTalk_72_68,0.044097900390625,0.1229248046875,0.011871337890625,0.03448486328125,0.043212890625
4373,StrongVoices_5_37,0.2156982421875,0.128662109375,0.0169830322265625,0.011505126953125,0.048583984375
4374,StrongVoices_25_21,0.0953369140625,0.242919921875,0.04443359375,0.08990478515625,0.38916015625
4375,StutterTalk_63_115,0.0517578125,0.07489013671875,0.0160980224609375,0.05194091796875,0.27001953125
4376,MyStutteringLife_16_32,0.1209716796875,0.152099609375,0.0310821533203125,0.0457763671875,0.0343017578125
4377,StrongVoices_32_168,0.055206298828125,0.2880859375,0.1165771484375,0.052520751953125,0.2325439453125
4378,StutterTalk_7_37,0.08709716796875,0.08648681640625,0.04351806640625,0.136962890625,0.054412841796875
4379,WomenWhoStutter_62_61,0.06610107421875,0.1485595703125,0.0206451416015625,0.1746826171875,0.2076416015625
4380,StutteringIsCool_80_207,0.0282745361328125,0.046112060546875,0.0177764892578125,0.11676025390625,0.1087646484375
4381,StutterTalk_69_0,0.0894775390625,0.38916015625,0.0970458984375,0.0279083251953125,0.12249755859375
4382,WomenWhoStutter_69_24,0.0302734375,0.08123779296875,0.01519012451171875,0.1627197265625,0.2998046875
4383,StutterTalk_15_12,0.08050537109375,0.12744140625,0.023773193359375,0.06927490234375,0.2327880859375
4384,WomenWhoStutter_86_132,0.1724853515625,0.177490234375,0.021575927734375,0.0635986328125,0.056640625
4385,WomenWhoStutter_97_179,0.0236053466796875,0.200439453125,0.09039306640625,0.363037109375,0.260498046875
4386,StrongVoices_10_79,0.042633056640625,0.07421875,0.009674072265625,0.04443359375,0.1878662109375
4387,StutterTalk_8_5,0.050140380859375,0.056243896484375,0.0284423828125,0.0489501953125,0.1417236328125
4388,StutteringIsCool_69_20,0.1512451171875,0.1478271484375,0.1495361328125,0.5048828125,0.54248046875
4389,StutteringIsCool_17_5,0.06744384765625,0.10357666015625,0.01129150390625,0.01262664794921875,0.0237274169921875
4390,StrongVoices_28_36,0.2476806640625,0.358154296875,0.244384765625,0.040924072265625,0.038177490234375
4391,StrongVoices_32_56,0.28662109375,0.164794921875,0.02215576171875,0.0282745361328125,0.412841796875
4392,WomenWhoStutter_46_26,0.033843994140625,0.07159423828125,0.01348114013671875,0.06109619140625,0.054412841796875
4393,StutteringIsCool_76_9,0.04046630859375,0.1663818359375,0.04840087890625,0.10107421875,0.450439453125
4394,HVSA_1_148,0.097900390625,0.1676025390625,0.0838623046875,0.015899658203125,0.01666259765625
4395,StutterTalk_14_36,0.030670166015625,0.147705078125,0.05291748046875,0.141357421875,0.310302734375
4396,WomenWhoStutter_21_79,0.09503173828125,0.261962890625,0.059326171875,0.09619140625,0.385498046875
4397,StutteringIsCool_69_31,0.048309326171875,0.07763671875,0.00812530517578125,0.008514404296875,0.0247039794921875
4398,HeStutters_2_214,0.79931640625,0.1873779296875,0.1898193359375,0.0618896484375,0.0867919921875
4399,WomenWhoStutter_76_37,0.05126953125,0.306884765625,0.0850830078125,0.10650634765625,0.08050537109375
4400,MyStutteringLife_5_1,0.02447509765625,0.24560546875,0.1834716796875,0.10125732421875,0.08819580078125
4401,StrongVoices_32_97,0.0640869140625,0.11181640625,0.00867462158203125,0.017242431640625,0.037109375
4402,IStutterSoWhat_3_115,0.047882080078125,0.18896484375,0.0775146484375,0.05780029296875,0.09808349609375
4403,MyStutteringLife_18_7,0.0723876953125,0.131103515625,0.010406494140625,0.07763671875,0.439697265625
4404,WomenWhoStutter_43_1,0.197265625,0.08929443359375,0.00763702392578125,0.020965576171875,0.939453125
4405,WomenWhoStutter_10_26,0.397216796875,0.2109375,0.06964111328125,0.0231475830078125,0.05706787109375
4406,StutterTalk_26_172,0.07476806640625,0.0970458984375,0.0282135009765625,0.09320068359375,0.0615234375
4407,StutterTalk_64_115,0.08135986328125,0.264892578125,0.281494140625,0.0987548828125,0.0310211181640625
4408,StrongVoices_7_2,0.06396484375,0.053497314453125,0.01229095458984375,0.0190582275390625,0.05633544921875
4409,StutterTalk_64_13,0.31201171875,0.1124267578125,0.018646240234375,0.03289794921875,0.31103515625
4410,StutterTalk_54_7,0.03515625,0.187744140625,0.15966796875,0.40625,0.281005859375
4411,StutterTalk_80_24,0.0150146484375,0.07861328125,0.0223236083984375,0.035552978515625,0.0364990234375
4412,StrongVoices_0_14,0.02288818359375,0.1131591796875,0.0224151611328125,0.04486083984375,0.0241851806640625
4413,WomenWhoStutter_107_33,0.19091796875,0.187255859375,0.0413818359375,0.06719970703125,0.92333984375
4414,HeStutters_18_42,0.029144287109375,0.10015869140625,0.030670166015625,0.04876708984375,0.0160980224609375
4415,IStutterSoWhat_3_63,0.350341796875,0.059417724609375,0.01061248779296875,0.0118255615234375,0.091552734375
4416,StrongVoices_32_140,0.120361328125,0.056243896484375,0.007694244384765625,0.012237548828125,0.076416015625
4417,StutteringIsCool_33_7,0.146728515625,0.07720947265625,0.027435302734375,0.01666259765625,0.06982421875
4418,HVSA_1_29,0.10174560546875,0.1175537109375,0.0582275390625,0.0154876708984375,0.0194244384765625
4419,StrongVoices_6_149,0.08404541015625,0.080078125,0.005321502685546875,0.0066680908203125,0.0546875
4420,WomenWhoStutter_2_180,0.0615234375,0.313720703125,0.110107421875,0.022369384765625,0.11614990234375
4421,StutteringIsCool_69_30,0.0965576171875,0.06695556640625,0.004299163818359375,0.01024627685546875,0.4853515625
4422,StutterTalk_8_55,0.0279083251953125,0.1265869140625,0.122314453125,0.17431640625,0.06256103515625
4423,StutterTalk_37_89,0.323486328125,0.07806396484375,0.0164642333984375,0.08416748046875,0.88623046875
4424,StutteringIsCool_38_5,0.027587890625,0.050994873046875,0.0199432373046875,0.06451416015625,0.0975341796875
4425,HVSA_0_122,0.07489013671875,0.11968994140625,0.04168701171875,0.0143890380859375,0.023468017578125
4426,MyStutteringLife_18_23,0.1826171875,0.08343505859375,0.01262664794921875,0.0325927734375,0.021820068359375
4427,StutteringIsCool_80_119,0.0236968994140625,0.10089111328125,0.01214599609375,0.04302978515625,0.2122802734375
4428,HeStutters_18_191,0.0214080810546875,0.137451171875,0.0202178955078125,0.043853759765625,0.05780029296875
4429,StrongVoices_7_9,0.041534423828125,0.175537109375,0.040679931640625,0.06463623046875,0.09844970703125
4430,StrongVoices_4_33,0.053497314453125,0.2529296875,0.044281005859375,0.06671142578125,0.2080078125
4431,StutterTalk_14_8,0.0241851806640625,0.09552001953125,0.0215301513671875,0.06964111328125,0.1646728515625
4432,WomenWhoStutter_2_18,0.0460205078125,0.118408203125,0.0094146728515625,0.06512451171875,0.220703125
4433,StutterTalk_26_29,0.05889892578125,0.1341552734375,0.056854248046875,0.1544189453125,0.385986328125
4434,StutterTalk_49_32,0.026702880859375,0.04248046875,0.010986328125,0.083740234375,0.08251953125
4435,StutterTalk_68_182,0.03643798828125,0.275634765625,0.0809326171875,0.061767578125,0.086181640625
4436,StutteringIsCool_34_141,0.081787109375,0.2490234375,0.27294921875,0.439208984375,0.66162109375
4437,StutterTalk_25_111,0.025421142578125,0.0604248046875,0.01332855224609375,0.05511474609375,0.0948486328125
4438,IStutterSoWhat_0_123,0.1788330078125,0.1019287109375,0.027374267578125,0.11065673828125,0.226318359375
4439,StrongVoices_32_133,0.15673828125,0.12744140625,0.029541015625,0.02069091796875,0.41796875
4440,StrongVoices_9_6,0.12890625,0.11181640625,0.0191650390625,0.0184783935546875,0.2366943359375
4441,StrongVoices_27_3,0.264404296875,0.1427001953125,0.0136871337890625,0.00974273681640625,0.06939697265625
4442,WomenWhoStutter_14_122,0.489990234375,0.1153564453125,0.08209228515625,0.06463623046875,0.047149658203125
4443,StutterTalk_16_14,0.09124755859375,0.23828125,0.0809326171875,0.0849609375,0.46533203125
4444,StutterTalk_64_83,0.06280517578125,0.1055908203125,0.1942138671875,0.049407958984375,0.01751708984375
4445,WomenWhoStutter_42_221,0.029541015625,0.1207275390625,0.017181396484375,0.04931640625,0.138427734375
4446,WomenWhoStutter_86_79,0.12493896484375,0.14697265625,0.0206451416015625,0.07318115234375,0.9384765625
4447,StutteringIsCool_34_135,0.038604736328125,0.11920166015625,0.043609619140625,0.1656494140625,0.2489013671875
4448,StutteringIsCool_80_192,0.0753173828125,0.05389404296875,0.016021728515625,0.160400390625,0.1749267578125
4449,StrongVoices_2_11,0.1976318359375,0.1475830078125,0.0192718505859375,0.0496826171875,0.0546875
4450,StrongVoices_12_14,0.06805419921875,0.06817626953125,0.01490020751953125,0.057708740234375,0.06243896484375
4451,StrongVoices_10_175,0.7294921875,0.2337646484375,0.1246337890625,0.059967041015625,0.10760498046875
4452,StutterTalk_64_64,0.0369873046875,0.044769287109375,0.0177764892578125,0.03802490234375,0.1124267578125
4453,StrongVoices_5_9,0.1373291015625,0.2335205078125,0.03985595703125,0.01177978515625,0.039794921875
4454,HeStutters_2_100,0.033599853515625,0.1199951171875,0.0284881591796875,0.059661865234375,0.02423095703125
4455,HeStutters_18_49,0.087890625,0.132568359375,0.0232391357421875,0.19873046875,0.3330078125
4456,StrongVoices_23_236,0.5283203125,0.333251953125,0.271728515625,0.06719970703125,0.060516357421875
4457,StutterTalk_49_3,0.2242431640625,0.07611083984375,0.00653839111328125,0.0083160400390625,0.060211181640625
4458,StutterTalk_23_19,0.059661865234375,0.10052490234375,0.005664825439453125,0.0092315673828125,0.1951904296875
4459,MyStutteringLife_22_5,0.1239013671875,0.237060546875,0.1492919921875,0.06622314453125,0.1143798828125
4460,StutteringIsCool_47_10,0.0164642333984375,0.10931396484375,0.012725830078125,0.06280517578125,0.23681640625
4461,StutteringIsCool_14_35,0.1083984375,0.11297607421875,0.0256195068359375,0.0313720703125,0.9169921875
4462,StutterTalk_32_24,0.58935546875,0.07861328125,0.033721923828125,0.03607177734375,0.047149658203125
4463,StrongVoices_21_162,0.10247802734375,0.188720703125,0.0699462890625,0.031982421875,0.0386962890625
4464,StrongVoices_32_139,0.7275390625,0.2247314453125,0.267333984375,0.08209228515625,0.0809326171875
4465,StutterTalk_64_123,0.0592041015625,0.06878662109375,0.0321044921875,0.031494140625,0.054595947265625
4466,WomenWhoStutter_87_175,0.056243896484375,0.248291015625,0.194091796875,0.15380859375,0.26025390625
4467,StrongVoices_9_28,0.045196533203125,0.2496337890625,0.06463623046875,0.0379638671875,0.0633544921875
4468,WomenWhoStutter_83_31,0.021240234375,0.0982666015625,0.035675048828125,0.07196044921875,0.0258026123046875
4469,StrongVoices_10_7,0.38818359375,0.2352294921875,0.07171630859375,0.08282470703125,0.1826171875
4470,StutteringIsCool_80_10,0.289794921875,0.0740966796875,0.006641387939453125,0.0279083251953125,0.390869140625
4471,StutteringIsCool_84_5,0.042816162109375,0.12890625,0.1593017578125,0.0292510986328125,0.0333251953125
4472,StutterTalk_46_0,0.03790283203125,0.1358642578125,0.03582763671875,0.07891845703125,0.02880859375
4473,HeStutters_16_65,0.302001953125,0.1815185546875,0.04345703125,0.0295867919921875,0.036224365234375
4474,StutteringIsCool_73_23,0.0203704833984375,0.054901123046875,0.0102081298828125,0.0855712890625,0.10687255859375
4475,HeStutters_5_173,0.0855712890625,0.34423828125,0.59716796875,0.052825927734375,0.029205322265625
4476,StutteringIsCool_2_38,0.072509765625,0.0872802734375,0.06536865234375,0.0232391357421875,0.055419921875
4477,WomenWhoStutter_73_15,0.170654296875,0.2265625,0.0209197998046875,0.03131103515625,0.4931640625
4478,WomenWhoStutter_8_7,0.11358642578125,0.385498046875,0.6708984375,0.08050537109375,0.04193115234375
4479,HVSA_1_157,0.1339111328125,0.338134765625,0.34619140625,0.018402099609375,0.12115478515625
4480,StutterTalk_24_10,0.08990478515625,0.143310546875,0.0276336669921875,0.039642333984375,0.031982421875
4481,WomenWhoStutter_30_181,0.038909912109375,0.06915283203125,0.00586700439453125,0.0144500732421875,0.050811767578125
4482,StutteringIsCool_14_18,0.04217529296875,0.08416748046875,0.043365478515625,0.0234222412109375,0.06695556640625
4483,StutteringIsCool_28_26,0.15625,0.314697265625,0.263671875,0.0293121337890625,0.0299835205078125
4484,HeStutters_16_207,0.206787109375,0.2254638671875,0.1285400390625,0.29931640625,0.8369140625
4485,HeStutters_2_38,0.0849609375,0.30908203125,0.216064453125,0.165771484375,0.0755615234375
4486,HVSA_3_145,0.1346435546875,0.223388671875,0.270751953125,0.0306243896484375,0.02691650390625
4487,StrongVoices_26_8,0.037689208984375,0.203125,0.0313720703125,0.03125,0.1719970703125
4488,StrongVoices_32_37,0.1070556640625,0.292724609375,0.1282958984375,0.18212890625,0.572265625
4489,StrongVoices_25_8,0.06634521484375,0.10504150390625,0.015899658203125,0.045013427734375,0.599609375
4490,WomenWhoStutter_2_53,0.2286376953125,0.1368408203125,0.0240020751953125,0.08404541015625,0.94091796875
4491,HeStutters_2_126,0.354736328125,0.310791015625,0.4599609375,0.07666015625,0.035675048828125
4492,StutterTalk_8_12,0.0194244384765625,0.08209228515625,0.033905029296875,0.1181640625,0.1553955078125
4493,StutterTalk_26_197,0.031982421875,0.089111328125,0.01036834716796875,0.034820556640625,0.097412109375
4494,StutterTalk_12_31,0.192138671875,0.15380859375,0.10174560546875,0.1834716796875,0.1810302734375
4495,StutterTalk_26_190,0.093017578125,0.093994140625,0.0295867919921875,0.04132080078125,0.445068359375
4496,StutteringIsCool_1_35,0.061767578125,0.314697265625,0.222412109375,0.044677734375,0.038543701171875
4497,HeStutters_2_17,0.077392578125,0.0794677734375,0.00787353515625,0.0615234375,0.8603515625
4498,MyStutteringLife_0_36,0.0965576171875,0.12213134765625,0.04443359375,0.017913818359375,0.015960693359375
4499,StrongVoices_18_16,0.06768798828125,0.10650634765625,0.011199951171875,0.0212860107421875,0.03955078125
4500,StrongVoices_31_7,0.2998046875,0.437255859375,0.376953125,0.19873046875,0.2186279296875
4501,StutterTalk_8_68,0.03289794921875,0.07171630859375,0.0255126953125,0.0831298828125,0.5205078125
4502,StutterTalk_63_93,0.07861328125,0.0755615234375,0.007785797119140625,0.030914306640625,0.88818359375
4503,IStutterSoWhat_0_44,0.0285491943359375,0.11962890625,0.0240478515625,0.20947265625,0.263671875
4504,StutterTalk_63_44,0.0517578125,0.061309814453125,0.0177154541015625,0.19873046875,0.49072265625
4505,StutterTalk_10_37,0.196533203125,0.1048583984375,0.0232391357421875,0.017578125,0.0220794677734375
4506,HVSA_3_49,0.0843505859375,0.4306640625,0.3251953125,0.09637451171875,0.10894775390625
4507,StutterTalk_8_103,0.06488037109375,0.0548095703125,0.015960693359375,0.0225372314453125,0.028167724609375
4508,StutterTalk_12_24,0.3447265625,0.17333984375,0.126708984375,0.09234619140625,0.203369140625
4509,StutterTalk_26_149,0.0165252685546875,0.08416748046875,0.01061248779296875,0.0297088623046875,0.06683349609375
4510,WomenWhoStutter_30_127,0.669921875,0.11798095703125,0.02838134765625,0.052337646484375,0.1834716796875
4511,HVSA_2_1,0.05560302734375,0.298583984375,0.35791015625,0.198974609375,0.28271484375
4512,StutteringIsCool_1_36,0.0141754150390625,0.120361328125,0.061981201171875,0.202392578125,0.173828125
4513,StrongVoices_4_2,0.149658203125,0.1505126953125,0.01433563232421875,0.015960693359375,0.053985595703125
4514,StutterTalk_8_87,0.047698974609375,0.09368896484375,0.05975341796875,0.10357666015625,0.059539794921875
4515,StutterTalk_64_93,0.199462890625,0.06475830078125,0.0284881591796875,0.10540771484375,0.1163330078125
4516,HVSA_2_182,0.08251953125,0.2646484375,0.132080078125,0.1385498046875,0.76806640625
4517,WomenWhoStutter_10_197,0.0301513671875,0.1414794921875,0.020294189453125,0.059967041015625,0.06512451171875
4518,StutterTalk_64_196,0.65966796875,0.16357421875,0.1177978515625,0.0582275390625,0.07330322265625
4519,WomenWhoStutter_87_85,0.311767578125,0.1697998046875,0.034698486328125,0.0202178955078125,0.2401123046875
4520,StutteringIsCool_80_79,0.13623046875,0.10284423828125,0.0762939453125,0.1397705078125,0.1357421875
4521,StutterTalk_3_10,0.072509765625,0.431396484375,0.6171875,0.11676025390625,0.1873779296875
4522,StrongVoices_8_9,0.07208251953125,0.03253173828125,0.004608154296875,0.0209197998046875,0.0831298828125
4523,StutteringIsCool_80_199,0.0987548828125,0.1663818359375,0.0604248046875,0.1015625,0.58740234375
4524,HVSA_2_87,0.10894775390625,0.2303466796875,0.307861328125,0.07305908203125,0.026702880859375
4525,StrongVoices_1_5,0.1885986328125,0.1885986328125,0.03338623046875,0.0131683349609375,0.01983642578125
4526,StutterTalk_53_13,0.152099609375,0.328369140625,0.1778564453125,0.08709716796875,0.77783203125
4527,WomenWhoStutter_87_28,0.034088134765625,0.313232421875,0.266845703125,0.11279296875,0.167724609375
4528,HVSA_2_116,0.0966796875,0.1048583984375,0.0582275390625,0.04083251953125,0.07763671875
4529,HVSA_3_141,0.1519775390625,0.130859375,0.039703369140625,0.03643798828125,0.88232421875
4530,WomenWhoStutter_30_28,0.123046875,0.077392578125,0.0141143798828125,0.017578125,0.033538818359375
4531,StutterTalk_68_34,0.68701171875,0.11181640625,0.059112548828125,0.0184783935546875,0.171630859375
4532,StrongVoices_8_22,0.0894775390625,0.10760498046875,0.01519012451171875,0.0125732421875,0.03271484375
4533,StrongVoices_9_14,0.09466552734375,0.334228515625,0.0640869140625,0.1494140625,0.380126953125
4534,StutterTalk_23_9,0.158935546875,0.230224609375,0.1337890625,0.036773681640625,0.02886962890625
4535,StutteringIsCool_69_4,0.02508544921875,0.09857177734375,0.0258636474609375,0.126220703125,0.267333984375
4536,StrongVoices_0_20,0.060211181640625,0.186279296875,0.025421142578125,0.017181396484375,0.038177490234375
4537,StutteringIsCool_80_76,0.24365234375,0.135009765625,0.0263519287109375,0.07196044921875,0.52978515625
4538,StutterTalk_25_130,0.030670166015625,0.1715087890625,0.0202178955078125,0.03790283203125,0.04534912109375
4539,WomenWhoStutter_62_142,0.08416748046875,0.1790771484375,0.177001953125,0.54248046875,0.335205078125
4540,StutteringIsCool_73_30,0.046112060546875,0.05224609375,0.003765106201171875,0.014617919921875,0.16455078125
4541,StutterTalk_25_132,0.04840087890625,0.130615234375,0.012969970703125,0.037322998046875,0.08599853515625
4542,WomenWhoStutter_2_194,0.040618896484375,0.1368408203125,0.05865478515625,0.1524658203125,0.1524658203125
4543,HVSA_1_140,0.0855712890625,0.20947265625,0.1500244140625,0.03802490234375,0.04132080078125
4544,StutteringIsCool_84_11,0.0217437744140625,0.10797119140625,0.089111328125,0.0297088623046875,0.035400390625
4545,StutterTalk_26_54,0.0709228515625,0.07794189453125,0.01214599609375,0.051544189453125,0.255126953125
4546,StutterTalk_49_22,0.118408203125,0.1422119140625,0.0174407958984375,0.0567626953125,0.923828125
4547,StrongVoices_25_32,0.042572021484375,0.091552734375,0.011962890625,0.0280609130859375,0.11920166015625
4548,MyStutteringLife_39_24,0.062103271484375,0.3779296875,0.32275390625,0.1971435546875,0.11199951171875
4549,WomenWhoStutter_3_5,0.309814453125,0.24169921875,0.0548095703125,0.0374755859375,0.1893310546875
4550,StutteringIsCool_14_28,0.02685546875,0.06756591796875,0.04327392578125,0.0509033203125,0.045867919921875
4551,WomenWhoStutter_13_14,0.30322265625,0.1822509765625,0.0240478515625,0.007259368896484375,0.1259765625
4552,HVSA_3_100,0.218994140625,0.368896484375,0.0953369140625,0.02423095703125,0.095703125
4553,WomenWhoStutter_55_27,0.06939697265625,0.08197021484375,0.00937652587890625,0.0948486328125,0.69189453125
4554,WomenWhoStutter_22_10,0.12066650390625,0.22119140625,0.305908203125,0.11065673828125,0.056854248046875
4555,WomenWhoStutter_10_84,0.03424072265625,0.1417236328125,0.040985107421875,0.1787109375,0.08599853515625
4556,StutterTalk_64_156,0.2469482421875,0.10858154296875,0.04327392578125,0.0268096923828125,0.09283447265625
4557,StutterTalk_37_41,0.12347412109375,0.09893798828125,0.082275390625,0.3125,0.63818359375
4558,StrongVoices_28_35,0.1370849609375,0.06524658203125,0.00916290283203125,0.011505126953125,0.07330322265625
4559,StutterTalk_63_114,0.043701171875,0.089599609375,0.01056671142578125,0.032470703125,0.361572265625
4560,MyStutteringLife_5_16,0.06842041015625,0.47509765625,0.6796875,0.1859130859375,0.07330322265625
4561,StutterTalk_72_30,0.42578125,0.115966796875,0.0252685546875,0.0154876708984375,0.09234619140625
4562,StrongVoices_6_98,0.1044921875,0.16162109375,0.00981903076171875,0.03143310546875,0.283203125
4563,StrongVoices_10_176,0.0283355712890625,0.1630859375,0.058013916015625,0.06756591796875,0.060211181640625
4564,HVSA_3_170,0.673828125,0.247802734375,0.335693359375,0.06671142578125,0.119384765625
4565,HeStutters_5_136,0.2418212890625,0.08526611328125,0.0217742919921875,0.0247039794921875,0.01898193359375
4566,StrongVoices_1_2,0.0282135009765625,0.059417724609375,0.0074310302734375,0.023956298828125,0.028656005859375
4567,StutteringIsCool_73_38,0.14892578125,0.073974609375,0.0135345458984375,0.036224365234375,0.94091796875
4568,StutteringIsCool_17_3,0.03228759765625,0.19677734375,0.07135009765625,0.21240234375,0.52880859375
4569,HVSA_2_157,0.064208984375,0.11578369140625,0.130615234375,0.377197265625,0.609375
4570,StutterTalk_7_4,0.120361328125,0.1590576171875,0.08038330078125,0.046630859375,0.017303466796875
4571,WomenWhoStutter_96_20,0.205078125,0.2880859375,0.040374755859375,0.0256195068359375,0.10894775390625
4572,StutteringIsCool_1_39,0.366943359375,0.4189453125,0.5830078125,0.110107421875,0.07366943359375
4573,WomenWhoStutter_86_136,0.061309814453125,0.164794921875,0.05145263671875,0.263916015625,0.66064453125
4574,WomenWhoStutter_107_26,0.07421875,0.2027587890625,0.044921875,0.224609375,0.1279296875
4575,StutterTalk_25_164,0.02447509765625,0.09027099609375,0.017303466796875,0.033660888671875,0.0256195068359375
4576,MyStutteringLife_5_32,0.2548828125,0.2115478515625,0.058135986328125,0.027008056640625,0.05419921875
4577,StutterTalk_63_100,0.06951904296875,0.51123046875,0.467529296875,0.060302734375,0.10540771484375
4578,WomenWhoStutter_62_172,0.06658935546875,0.1749267578125,0.1865234375,0.56201171875,0.560546875
4579,StutterTalk_64_172,0.126953125,0.1474609375,0.1217041015625,0.0948486328125,0.0855712890625
4580,WomenWhoStutter_21_132,0.168701171875,0.07904052734375,0.0163421630859375,0.009521484375,0.336181640625
4581,MyStutteringLife_18_5,0.070068359375,0.1373291015625,0.0615234375,0.1578369140625,0.86572265625
4582,StrongVoices_23_135,0.234375,0.079345703125,0.00803375244140625,0.007175445556640625,0.07354736328125
4583,StutterTalk_1_8,0.055419921875,0.03173828125,0.00634002685546875,0.0258026123046875,0.04803466796875
4584,HeStutters_12_9,0.09075927734375,0.12274169921875,0.05889892578125,0.129638671875,0.260986328125
4585,StutteringIsCool_29_28,0.05194091796875,0.116943359375,0.04296875,0.1787109375,0.440673828125
4586,IStutterSoWhat_0_56,0.034820556640625,0.2049560546875,0.035400390625,0.076416015625,0.08740234375
4587,MyStutteringLife_16_25,0.1309814453125,0.10760498046875,0.03021240234375,0.14404296875,0.515625
4588,HVSA_3_149,0.061431884765625,0.263671875,0.358154296875,0.070556640625,0.03759765625
4589,StutterTalk_62_34,0.166015625,0.09088134765625,0.035003662109375,0.1851806640625,0.71728515625
4590,StrongVoices_32_19,0.047332763671875,0.1268310546875,0.0102081298828125,0.0135345458984375,0.0255584716796875
4591,StutterTalk_76_33,0.07183837890625,0.037200927734375,0.00464630126953125,0.01812744140625,0.337646484375
4592,IStutterSoWhat_0_103,0.45947265625,0.2626953125,0.09771728515625,0.046112060546875,0.059539794921875
4593,StutteringIsCool_47_25,0.08197021484375,0.04486083984375,0.00428009033203125,0.0156707763671875,0.34716796875
4594,HeStutters_12_35,0.04620361328125,0.25927734375,0.0252685546875,0.05718994140625,0.33935546875
4595,IStutterSoWhat_0_64,0.060760498046875,0.165771484375,0.02069091796875,0.0115966796875,0.059967041015625
4596,MyStutteringLife_38_26,0.08343505859375,0.1534423828125,0.018768310546875,0.041778564453125,0.89697265625
4597,HVSA_3_71,0.1751708984375,0.47216796875,0.64013671875,0.3046875,0.345458984375
4598,StrongVoices_23_270,0.27294921875,0.4169921875,0.39794921875,0.319580078125,0.334228515625
4599,WomenWhoStutter_2_0,0.12200927734375,0.2120361328125,0.110107421875,0.49560546875,0.29150390625
4600,StrongVoices_18_0,0.12420654296875,0.07586669921875,0.0082855224609375,0.00937652587890625,0.09222412109375
4601,StutteringIsCool_37_24,0.7392578125,0.1807861328125,0.04193115234375,0.018646240234375,0.359375
4602,MyStutteringLife_21_26,0.054290771484375,0.08447265625,0.0116424560546875,0.0110321044921875,0.0167236328125
4603,HVSA_0_111,0.061309814453125,0.2095947265625,0.04351806640625,0.025177001953125,0.10107421875
4604,WomenWhoStutter_42_240,0.0197906494140625,0.06866455078125,0.01450347900390625,0.0504150390625,0.0216522216796875
4605,StrongVoices_10_97,0.38037109375,0.08038330078125,0.017852783203125,0.018096923828125,0.05633544921875
4606,StrongVoices_1_28,0.1488037109375,0.2220458984375,0.07794189453125,0.061187744140625,0.01554107666015625
4607,WomenWhoStutter_2_153,0.06634521484375,0.307373046875,0.363525390625,0.323486328125,0.081787109375
4608,StrongVoices_7_4,0.106689453125,0.1929931640625,0.033203125,0.042022705078125,0.0237274169921875
4609,StrongVoices_9_0,0.158447265625,0.1282958984375,0.0293731689453125,0.00867462158203125,0.02752685546875
4610,StutterTalk_37_183,0.058135986328125,0.1285400390625,0.0726318359375,0.204833984375,0.052520751953125
4611,StrongVoices_23_218,0.5107421875,0.08416748046875,0.03582763671875,0.01490020751953125,0.054595947265625
4612,StrongVoices_23_31,0.110107421875,0.06866455078125,0.0083770751953125,0.023193359375,0.1746826171875
4613,WomenWhoStutter_102_35,0.08197021484375,0.06732177734375,0.0163421630859375,0.07330322265625,0.1917724609375
4614,StutterTalk_23_14,0.2152099609375,0.306884765625,0.03662109375,0.0144500732421875,0.10614013671875
4615,StutterTalk_25_1,0.0401611328125,0.1229248046875,0.015899658203125,0.0240936279296875,0.0279083251953125
4616,MyStutteringLife_25_34,0.1044921875,0.0885009765625,0.00812530517578125,0.047332763671875,0.4453125
4617,HVSA_0_67,0.18798828125,0.218994140625,0.08209228515625,0.08123779296875,0.226806640625
4618,StrongVoices_23_237,0.07080078125,0.2254638671875,0.030792236328125,0.027069091796875,0.1988525390625
4619,MyStutteringLife_21_33,0.102294921875,0.1424560546875,0.027435302734375,0.013427734375,0.0125732421875
4620,WomenWhoStutter_2_145,0.0390625,0.206787109375,0.087890625,0.21435546875,0.423095703125
4621,WomenWhoStutter_10_77,0.1124267578125,0.0869140625,0.0058441162109375,0.0252227783203125,0.39599609375
4622,StrongVoices_21_4,0.03167724609375,0.09979248046875,0.0110321044921875,0.01519012451171875,0.035675048828125
4623,StrongVoices_32_142,0.035064697265625,0.059112548828125,0.01751708984375,0.021087646484375,0.03448486328125
4624,HeStutters_11_202,0.243408203125,0.11474609375,0.0087127685546875,0.01473236083984375,0.0723876953125
4625,HVSA_0_121,0.04248046875,0.064208984375,0.018157958984375,0.044342041015625,0.193115234375
4626,StutteringIsCool_75_29,0.12200927734375,0.31201171875,0.2548828125,0.01763916015625,0.12451171875
4627,StutterTalk_15_33,0.0255584716796875,0.0809326171875,0.0285491943359375,0.09234619140625,0.048492431640625
4628,StutterTalk_37_15,0.07147216796875,0.133544921875,0.1322021484375,0.1318359375,0.028106689453125
4629,WomenWhoStutter_30_41,0.1668701171875,0.1717529296875,0.0205230712890625,0.024139404296875,0.0234222412109375
4630,StutteringIsCool_1_32,0.04913330078125,0.1201171875,0.033782958984375,0.260498046875,0.71240234375
4631,StutterTalk_64_130,0.33203125,0.120361328125,0.070068359375,0.033599853515625,0.029083251953125
4632,WomenWhoStutter_86_46,0.033599853515625,0.174072265625,0.02655029296875,0.0439453125,0.1044921875
4633,StrongVoices_21_68,0.051849365234375,0.06939697265625,0.00714874267578125,0.0170440673828125,0.0635986328125
4634,StutterTalk_80_22,0.02215576171875,0.1044921875,0.03448486328125,0.03125,0.01433563232421875
4635,StutteringIsCool_80_113,0.08154296875,0.07318115234375,0.0112457275390625,0.0411376953125,0.236572265625
4636,StrongVoices_21_137,0.177978515625,0.276611328125,0.04345703125,0.03192138671875,0.1114501953125
4637,HeStutters_2_77,0.11163330078125,0.11065673828125,0.0224609375,0.227294921875,0.759765625
4638,StrongVoices_21_62,0.02947998046875,0.05340576171875,0.01861572265625,0.036895751953125,0.0225830078125
4639,StutterTalk_64_35,0.2218017578125,0.08416748046875,0.07330322265625,0.0247039794921875,0.06085205078125
4640,WomenWhoStutter_76_11,0.03643798828125,0.06671142578125,0.0236053466796875,0.1929931640625,0.11456298828125
4641,StutterTalk_25_55,0.045013427734375,0.09466552734375,0.01107025146484375,0.02801513671875,0.0325927734375
4642,StutterTalk_62_1,0.15234375,0.05780029296875,0.0209197998046875,0.040008544921875,0.033538818359375
4643,HeStutters_5_137,0.050048828125,0.292724609375,0.183349609375,0.2744140625,0.07147216796875
4644,WomenWhoStutter_48_9,0.04193115234375,0.053802490234375,0.01009368896484375,0.10760498046875,0.140625
4645,WomenWhoStutter_97_63,0.26220703125,0.124755859375,0.0247039794921875,0.03521728515625,0.10797119140625
4646,StutteringIsCool_33_6,0.0816650390625,0.378662109375,0.455322265625,0.045440673828125,0.059539794921875
4647,HeStutters_2_19,0.137939453125,0.1134033203125,0.02056884765625,0.06658935546875,0.8876953125
4648,WomenWhoStutter_21_174,0.179931640625,0.122314453125,0.0219879150390625,0.018768310546875,0.037261962890625
4649,StutteringIsCool_17_9,0.59326171875,0.189697265625,0.11163330078125,0.0469970703125,0.19287109375
4650,StrongVoices_6_108,0.327392578125,0.276611328125,0.044281005859375,0.02655029296875,0.045013427734375
4651,StrongVoices_23_242,0.1591796875,0.045257568359375,0.004924774169921875,0.0119171142578125,0.498779296875
4652,StutteringIsCool_34_140,0.09173583984375,0.2314453125,0.0224609375,0.04681396484375,0.272216796875
4653,StutterTalk_15_3,0.0994873046875,0.05242919921875,0.01078033447265625,0.0248870849609375,0.056121826171875
4654,StutterTalk_64_112,0.033660888671875,0.105224609375,0.012969970703125,0.0965576171875,0.52001953125
4655,StrongVoices_23_205,0.16162109375,0.1668701171875,0.02276611328125,0.01036834716796875,0.04296875
4656,HeStutters_16_67,0.495849609375,0.0809326171875,0.01116180419921875,0.0222015380859375,0.336181640625
4657,StutteringIsCool_44_5,0.0782470703125,0.050140380859375,0.00586700439453125,0.02532958984375,0.08758544921875
4658,WomenWhoStutter_22_0,0.054107666015625,0.30126953125,0.09075927734375,0.0604248046875,0.0242767333984375
4659,HVSA_3_8,0.7626953125,0.218017578125,0.241455078125,0.07574462890625,0.058563232421875
4660,WomenWhoStutter_87_31,0.323974609375,0.10125732421875,0.019683837890625,0.02685546875,0.86669921875
4661,StutteringIsCool_29_15,0.0604248046875,0.11517333984375,0.0165252685546875,0.048126220703125,0.412353515625
4662,StrongVoices_21_176,0.034423828125,0.136962890625,0.01374053955078125,0.04534912109375,0.06982421875
4663,StutterTalk_38_17,0.02447509765625,0.058349609375,0.01450347900390625,0.0634765625,0.03289794921875
4664,WomenWhoStutter_55_35,0.044525146484375,0.07464599609375,0.00945281982421875,0.040008544921875,0.045440673828125
4665,WomenWhoStutter_96_21,0.135009765625,0.1651611328125,0.019866943359375,0.058349609375,0.1820068359375
4666,StutterTalk_42_19,0.021942138671875,0.1358642578125,0.01450347900390625,0.0295867919921875,0.042327880859375
4667,HVSA_0_21,0.10357666015625,0.09075927734375,0.06671142578125,0.086181640625,0.151123046875
4668,StutterTalk_53_16,0.0582275390625,0.34228515625,0.2958984375,0.06585693359375,0.0284881591796875
4669,MyStutteringLife_21_17,0.07318115234375,0.241455078125,0.059112548828125,0.011199951171875,0.0165863037109375
4670,StutterTalk_76_21,0.1544189453125,0.10577392578125,0.021087646484375,0.0965576171875,0.10595703125
4671,StrongVoices_1_32,0.0250396728515625,0.0709228515625,0.036346435546875,0.0782470703125,0.018646240234375
4672,StutterTalk_64_116,0.168212890625,0.1431884765625,0.056549072265625,0.0212860107421875,0.06396484375
4673,StutteringIsCool_1_26,0.041473388671875,0.1856689453125,0.1484375,0.2010498046875,0.37548828125
4674,StrongVoices_10_174,0.030731201171875,0.1885986328125,0.04803466796875,0.02630615234375,0.03759765625
4675,StutterTalk_10_26,0.07135009765625,0.11358642578125,0.049224853515625,0.03875732421875,0.0284423828125
4676,StrongVoices_4_3,0.07977294921875,0.0849609375,0.0078125,0.0323486328125,0.2232666015625
4677,WomenWhoStutter_96_101,0.1466064453125,0.312255859375,0.409912109375,0.1143798828125,0.041534423828125
4678,WomenWhoStutter_96_114,0.02630615234375,0.17041015625,0.04534912109375,0.1224365234375,0.053802490234375
4679,StutterTalk_60_37,0.1754150390625,0.07879638671875,0.00763702392578125,0.0197906494140625,0.26904296875
4680,MyStutteringLife_21_22,0.06243896484375,0.11798095703125,0.00937652587890625,0.00891876220703125,0.0177154541015625
4681,StrongVoices_10_30,0.442626953125,0.061431884765625,0.01107025146484375,0.012969970703125,0.15869140625
4682,HVSA_3_35,0.10089111328125,0.35546875,0.47607421875,0.0548095703125,0.08123779296875
4683,WomenWhoStutter_2_38,0.1669921875,0.411865234375,0.6259765625,0.421875,0.289794921875
4684,WomenWhoStutter_2_10,0.1163330078125,0.2010498046875,0.2181396484375,0.0301513671875,0.0953369140625
4685,WomenWhoStutter_30_197,0.0762939453125,0.0953369140625,0.015838623046875,0.00818634033203125,0.0210113525390625
4686,WomenWhoStutter_62_149,0.247802734375,0.1055908203125,0.021575927734375,0.10394287109375,0.88232421875
4687,HeStutters_16_188,0.189208984375,0.26025390625,0.205078125,0.046478271484375,0.047332763671875
4688,StrongVoices_21_95,0.08831787109375,0.12127685546875,0.0266571044921875,0.0276336669921875,0.26806640625
4689,WomenWhoStutter_86_86,0.09637451171875,0.1484375,0.039642333984375,0.1427001953125,0.91015625
4690,StrongVoices_19_31,0.1392822265625,0.04443359375,0.012725830078125,0.0207672119140625,0.09417724609375
4691,HeStutters_10_8,0.134521484375,0.04949951171875,0.01132965087890625,0.036163330078125,0.08404541015625
4692,StutterTalk_63_162,0.08447265625,0.316162109375,0.11199951171875,0.06536865234375,0.151611328125
4693,HVSA_2_168,0.19775390625,0.1510009765625,0.11932373046875,0.10321044921875,0.3349609375
4694,HeStutters_16_20,0.2225341796875,0.06549072265625,0.007205963134765625,0.0250396728515625,0.0975341796875
4695,StutteringIsCool_27_20,0.0163421630859375,0.128662109375,0.0310821533203125,0.0215301513671875,0.033203125
4696,StutterTalk_68_129,0.05987548828125,0.392822265625,0.194580078125,0.142578125,0.23974609375
4697,HVSA_2_20,0.078369140625,0.376708984375,0.30859375,0.07366943359375,0.06085205078125
4698,StutterTalk_10_13,0.184814453125,0.1387939453125,0.0278472900390625,0.043853759765625,0.90478515625
4699,WomenWhoStutter_105_15,0.2208251953125,0.263916015625,0.0390625,0.033905029296875,0.103759765625
4700,StutterTalk_8_139,0.135009765625,0.089111328125,0.051544189453125,0.03436279296875,0.0302734375
4701,HeStutters_12_130,0.10125732421875,0.11102294921875,0.015960693359375,0.00919342041015625,0.08929443359375
4702,StutteringIsCool_34_136,0.176513671875,0.1278076171875,0.14697265625,0.379150390625,0.701171875
4703,HVSA_1_55,0.0521240234375,0.370361328125,0.174072265625,0.03125,0.0255126953125
4704,StrongVoices_21_0,0.0574951171875,0.16943359375,0.06817626953125,0.057373046875,0.129150390625
4705,StutterTalk_49_14,0.04132080078125,0.075439453125,0.0048675537109375,0.01036834716796875,0.11395263671875
4706,HeStutters_12_121,0.356689453125,0.412109375,0.3876953125,0.044097900390625,0.04193115234375
4707,StrongVoices_23_200,0.3525390625,0.1678466796875,0.0236053466796875,0.017303466796875,0.1868896484375
4708,StrongVoices_23_233,0.379638671875,0.272705078125,0.1229248046875,0.0616455078125,0.244873046875
4709,StutterTalk_51_38,0.0125732421875,0.100341796875,0.04376220703125,0.0849609375,0.04400634765625
4710,StutterTalk_60_9,0.03875732421875,0.075439453125,0.01061248779296875,0.034881591796875,0.045684814453125
4711,StrongVoices_17_25,0.1358642578125,0.256103515625,0.0228424072265625,0.023101806640625,0.097900390625
4712,StutterTalk_34_2,0.0823974609375,0.100341796875,0.06097412109375,0.1937255859375,0.14892578125
4713,HVSA_2_15,0.089599609375,0.2607421875,0.45556640625,0.341552734375,0.1336669921875
4714,StutterTalk_46_7,0.0154266357421875,0.09808349609375,0.0116424560546875,0.03607177734375,0.06439208984375
4715,WomenWhoStutter_2_155,0.056976318359375,0.06964111328125,0.006877899169921875,0.0263519287109375,0.1265869140625
4716,MyStutteringLife_21_6,0.05224609375,0.08447265625,0.005161285400390625,0.00815582275390625,0.063720703125
4717,StutteringIsCool_67_33,0.019683837890625,0.0482177734375,0.009857177734375,0.037811279296875,0.10968017578125
4718,WomenWhoStutter_30_195,0.053985595703125,0.059326171875,0.00577545166015625,0.00841522216796875,0.085693359375
4719,StutterTalk_38_21,0.405517578125,0.09234619140625,0.01116180419921875,0.027740478515625,0.26904296875
4720,StrongVoices_21_159,0.0177154541015625,0.1104736328125,0.0283355712890625,0.2093505859375,0.23583984375
4721,StutterTalk_68_1,0.01525115966796875,0.07196044921875,0.01016998291015625,0.046478271484375,0.178466796875
4722,HVSA_0_6,0.08331298828125,0.1448974609375,0.011199951171875,0.0103302001953125,0.08990478515625
4723,WomenWhoStutter_42_176,0.159912109375,0.203125,0.02947998046875,0.0455322265625,0.84814453125
4724,HeStutters_16_210,0.017913818359375,0.158447265625,0.02886962890625,0.055206298828125,0.060638427734375
4725,StutteringIsCool_50_37,0.22119140625,0.1624755859375,0.0144500732421875,0.03265380859375,0.876953125
4726,WomenWhoStutter_107_2,0.059112548828125,0.404541015625,0.2218017578125,0.114990234375,0.0872802734375
4727,WomenWhoStutter_97_173,0.06463623046875,0.281005859375,0.1346435546875,0.2469482421875,0.1331787109375
4728,WomenWhoStutter_27_39,0.137939453125,0.08978271484375,0.0083160400390625,0.0097808837890625,0.0266571044921875
4729,HeStutters_11_71,0.038330078125,0.2139892578125,0.0190887451171875,0.029815673828125,0.1248779296875
4730,HeStutters_18_79,0.0301513671875,0.106689453125,0.05419921875,0.140869140625,0.057373046875
4731,StrongVoices_21_78,0.04595947265625,0.229736328125,0.082275390625,0.04010009765625,0.0258636474609375
4732,StrongVoices_27_12,0.0726318359375,0.25634765625,0.0341796875,0.04486083984375,0.0251312255859375
4733,HeStutters_11_162,0.1673583984375,0.305908203125,0.053985595703125,0.0401611328125,0.1959228515625
4734,WomenWhoStutter_21_86,0.0260009765625,0.0894775390625,0.00864410400390625,0.044097900390625,0.2490234375
4735,IStutterSoWhat_3_77,0.1202392578125,0.09222412109375,0.0202484130859375,0.05633544921875,0.9208984375
4736,WomenWhoStutter_2_121,0.04327392578125,0.228271484375,0.1510009765625,0.268798828125,0.2325439453125
4737,StrongVoices_10_31,0.1451416015625,0.08038330078125,0.0226287841796875,0.038330078125,0.037109375
4738,StutterTalk_64_18,0.160888671875,0.07708740234375,0.01238250732421875,0.061767578125,0.71044921875
4739,HVSA_1_160,0.63427734375,0.11163330078125,0.028106689453125,0.0306243896484375,0.8125
4740,HVSA_0_44,0.047882080078125,0.267333984375,0.11737060546875,0.1416015625,0.23974609375
4741,StrongVoices_4_1,0.05792236328125,0.12646484375,0.0278472900390625,0.0247955322265625,0.08599853515625
4742,StrongVoices_23_114,0.1666259765625,0.1553955078125,0.01495361328125,0.0101318359375,0.0838623046875
4743,StutterTalk_18_36,0.023193359375,0.1207275390625,0.0302734375,0.06854248046875,0.03753662109375
4744,WomenWhoStutter_86_161,0.0740966796875,0.206298828125,0.045257568359375,0.2359619140625,0.228271484375
4745,StrongVoices_17_23,0.5927734375,0.303955078125,0.2117919921875,0.089599609375,0.165771484375
4746,HVSA_0_126,0.1844482421875,0.078369140625,0.0083160400390625,0.011199951171875,0.8896484375
4747,HeStutters_12_145,0.8310546875,0.164794921875,0.1900634765625,0.07196044921875,0.1751708984375
4748,WomenWhoStutter_81_54,0.06768798828125,0.203857421875,0.038909912109375,0.239501953125,0.290283203125
4749,HeStutters_17_32,0.038116455078125,0.1837158203125,0.027435302734375,0.033905029296875,0.3291015625
4750,StutteringIsCool_47_27,0.050048828125,0.09185791015625,0.01467132568359375,0.037811279296875,0.039703369140625
4751,HeStutters_5_54,0.0965576171875,0.46337890625,0.64599609375,0.1026611328125,0.060302734375
4752,StutterTalk_14_9,0.24560546875,0.326416015625,0.364501953125,0.332763671875,0.286376953125
4753,StutterTalk_72_146,0.2432861328125,0.09124755859375,0.0066680908203125,0.021484375,0.1104736328125
4754,StrongVoices_22_0,0.591796875,0.1600341796875,0.07366943359375,0.051849365234375,0.06982421875
4755,StrongVoices_10_24,0.10687255859375,0.273193359375,0.0999755859375,0.09088134765625,0.361572265625
4756,HeStutters_5_6,0.1409912109375,0.2462158203125,0.11859130859375,0.0169830322265625,0.0202178955078125
4757,StrongVoices_23_76,0.294921875,0.2198486328125,0.033477783203125,0.04193115234375,0.58544921875
4758,StutterTalk_23_10,0.137939453125,0.105224609375,0.01525115966796875,0.0136871337890625,0.09771728515625
4759,StutteringIsCool_52_17,0.62109375,0.203369140625,0.203125,0.06536865234375,0.06951904296875
4760,StrongVoices_18_20,0.0299224853515625,0.1431884765625,0.0248870849609375,0.0289764404296875,0.057373046875
4761,StutterTalk_64_151,0.095703125,0.11578369140625,0.051544189453125,0.07806396484375,0.7626953125
4762,StutterTalk_8_51,0.06719970703125,0.1209716796875,0.04595947265625,0.19677734375,0.8134765625
4763,HeStutters_0_26,0.0537109375,0.070068359375,0.00885009765625,0.040985107421875,0.07904052734375
4764,StutterTalk_79_8,0.0289306640625,0.06866455078125,0.012725830078125,0.044342041015625,0.028594970703125
4765,HVSA_3_1,0.6796875,0.294921875,0.413818359375,0.1236572265625,0.1416015625
4766,WomenWhoStutter_21_142,0.39892578125,0.413818359375,0.2391357421875,0.156982421875,0.1866455078125
4767,StutterTalk_0_1,0.20947265625,0.1295166015625,0.0192413330078125,0.037261962890625,0.090087890625
4768,HVSA_0_83,0.68994140625,0.14404296875,0.1719970703125,0.044189453125,0.078369140625
4769,StutteringIsCool_60_22,0.034027099609375,0.06634521484375,0.02484130859375,0.01763916015625,0.09027099609375
4770,StutterTalk_8_157,0.0341796875,0.06475830078125,0.0197906494140625,0.050140380859375,0.124755859375
4771,StrongVoices_28_9,0.1260986328125,0.338134765625,0.2230224609375,0.15673828125,0.1739501953125
4772,StrongVoices_7_1,0.06768798828125,0.1829833984375,0.0185089111328125,0.022979736328125,0.11614990234375
4773,WomenWhoStutter_12_9,0.09515380859375,0.1773681640625,0.038604736328125,0.1580810546875,0.91357421875
4774,HeStutters_11_86,0.037689208984375,0.168701171875,0.044342041015625,0.1864013671875,0.274169921875
4775,HVSA_2_44,0.053192138671875,0.16845703125,0.11676025390625,0.10992431640625,0.093017578125
4776,StutterTalk_37_55,0.279296875,0.06463623046875,0.0295867919921875,0.114990234375,0.24853515625
4777,WomenWhoStutter_35_33,0.05706787109375,0.375732421875,0.33740234375,0.059326171875,0.1573486328125
4778,StrongVoices_21_65,0.07275390625,0.100341796875,0.017242431640625,0.0217437744140625,0.0293121337890625
4779,WomenWhoStutter_55_16,0.191650390625,0.054290771484375,0.0100555419921875,0.05718994140625,0.352294921875
4780,StrongVoices_6_201,0.024658203125,0.307861328125,0.043365478515625,0.06597900390625,0.12286376953125
4781,HeStutters_10_32,0.2188720703125,0.0604248046875,0.011199951171875,0.06439208984375,0.9013671875
4782,StutteringIsCool_38_1,0.0235595703125,0.07196044921875,0.01090240478515625,0.046112060546875,0.09619140625
4783,StutterTalk_37_181,0.376953125,0.1405029296875,0.0618896484375,0.09686279296875,0.85107421875
4784,StutteringIsCool_70_33,0.04595947265625,0.308349609375,0.1190185546875,0.08197021484375,0.047698974609375
4785,WomenWhoStutter_86_106,0.06512451171875,0.2509765625,0.03594970703125,0.165771484375,0.658203125
4786,StrongVoices_21_30,0.047943115234375,0.05975341796875,0.03955078125,0.0210113525390625,0.0209197998046875
4787,HeStutters_12_0,0.03131103515625,0.15185546875,0.017913818359375,0.07696533203125,0.334716796875
4788,StutterTalk_63_71,0.17822265625,0.394287109375,0.44580078125,0.2349853515625,0.1484375
4789,StutterTalk_72_8,0.1153564453125,0.1705322265625,0.015960693359375,0.007904052734375,0.0276336669921875
4790,WomenWhoStutter_2_1,0.1514892578125,0.2288818359375,0.11474609375,0.1507568359375,0.875
4791,StutterTalk_59_11,0.021697998046875,0.06768798828125,0.01490020751953125,0.04949951171875,0.03289794921875
4792,HeStutters_16_159,0.331787109375,0.1143798828125,0.04840087890625,0.09039306640625,0.1654052734375
4793,HVSA_0_75,0.1470947265625,0.09417724609375,0.01061248779296875,0.0194549560546875,0.75439453125
4794,WomenWhoStutter_107_25,0.137939453125,0.0872802734375,0.023284912109375,0.018341064453125,0.41796875
4795,WomenWhoStutter_68_24,0.274169921875,0.106689453125,0.01337432861328125,0.036712646484375,0.95361328125
4796,WomenWhoStutter_87_26,0.025665283203125,0.07977294921875,0.01363372802734375,0.06561279296875,0.188232421875
4797,HVSA_0_12,0.331298828125,0.109130859375,0.0121002197265625,0.00963592529296875,0.6279296875
4798,StrongVoices_10_123,0.046630859375,0.0751953125,0.00919342041015625,0.0271759033203125,0.2493896484375
4799,StrongVoices_14_3,0.04010009765625,0.0948486328125,0.0142822265625,0.023193359375,0.0248870849609375
4800,StutterTalk_64_72,0.27099609375,0.1019287109375,0.09771728515625,0.093017578125,0.070068359375
4801,StutterTalk_26_157,0.040985107421875,0.0849609375,0.00955963134765625,0.0289306640625,0.033538818359375
4802,StrongVoices_23_94,0.1883544921875,0.18115234375,0.02386474609375,0.0125732421875,0.114990234375
4803,StutterTalk_25_103,0.0154876708984375,0.1549072265625,0.04742431640625,0.08709716796875,0.06854248046875
4804,HVSA_0_18,0.08880615234375,0.2421875,0.1485595703125,0.07171630859375,0.092529296875
4805,StutterTalk_8_169,0.2054443359375,0.07861328125,0.04986572265625,0.06982421875,0.04052734375
4806,StutteringIsCool_17_6,0.19482421875,0.09857177734375,0.020721435546875,0.118408203125,0.91845703125
4807,StutterTalk_64_6,0.11083984375,0.15380859375,0.2059326171875,0.0838623046875,0.05224609375
4808,HVSA_1_104,0.0261993408203125,0.127685546875,0.0394287109375,0.166015625,0.40576171875
4809,WomenWhoStutter_86_8,0.059539794921875,0.1905517578125,0.00933837890625,0.01898193359375,0.1353759765625
4810,StutteringIsCool_14_34,0.0222930908203125,0.06268310546875,0.026611328125,0.04681396484375,0.171875
4811,StutterTalk_44_34,0.0316162109375,0.10107421875,0.01009368896484375,0.03326416015625,0.64306640625
4812,IStutterSoWhat_0_87,0.109130859375,0.06890869140625,0.0297088623046875,0.09283447265625,0.15625
4813,HVSA_0_82,0.0738525390625,0.2587890625,0.109130859375,0.07452392578125,0.04193115234375
4814,HVSA_0_11,0.1630859375,0.226318359375,0.050323486328125,0.0209197998046875,0.04046630859375
4815,StutterTalk_29_1,0.093994140625,0.1309814453125,0.0118255615234375,0.0144500732421875,0.040374755859375
4816,StutterTalk_49_25,0.055816650390625,0.05865478515625,0.0059814453125,0.048492431640625,0.638671875
4817,WomenWhoStutter_102_11,0.1134033203125,0.2384033203125,0.03460693359375,0.06451416015625,0.393798828125
4818,StrongVoices_7_32,0.09722900390625,0.1187744140625,0.014007568359375,0.014617919921875,0.025665283203125
4819,StutterTalk_38_36,0.056854248046875,0.0535888671875,0.004364013671875,0.031494140625,0.2088623046875
4820,WomenWhoStutter_86_158,0.1163330078125,0.1273193359375,0.0211639404296875,0.0938720703125,0.95166015625
4821,StrongVoices_10_198,0.2359619140625,0.255615234375,0.06683349609375,0.0163421630859375,0.0330810546875
4822,HVSA_2_57,0.07666015625,0.10247802734375,0.0460205078125,0.179931640625,0.468994140625
4823,HVSA_2_58,0.611328125,0.179931640625,0.257568359375,0.2294921875,0.283447265625
4824,WomenWhoStutter_8_14,0.1807861328125,0.43408203125,0.6259765625,0.0830078125,0.0867919921875
4825,StrongVoices_12_27,0.03753662109375,0.10687255859375,0.008544921875,0.0235595703125,0.166015625
4826,StrongVoices_19_34,0.31494140625,0.2413330078125,0.1312255859375,0.0117340087890625,0.0838623046875
4827,StutterTalk_25_133,0.05633544921875,0.09722900390625,0.0057525634765625,0.015777587890625,0.5625
4828,StutterTalk_38_24,0.300537109375,0.1995849609375,0.055511474609375,0.037322998046875,0.30615234375
4829,HVSA_2_199,0.05499267578125,0.181640625,0.1947021484375,0.181884765625,0.0330810546875
4830,StutterTalk_64_70,0.1663818359375,0.0728759765625,0.055511474609375,0.0416259765625,0.060760498046875
4831,StutteringIsCool_49_26,0.1884765625,0.2467041015625,0.059112548828125,0.0074310302734375,0.03948974609375
4832,WomenWhoStutter_69_7,0.030792236328125,0.0709228515625,0.01525115966796875,0.132568359375,0.388427734375
4833,StutterTalk_72_23,0.0345458984375,0.25732421875,0.25,0.1456298828125,0.06463623046875
4834,StutterTalk_64_133,0.1845703125,0.10797119140625,0.10797119140625,0.02685546875,0.02056884765625
4835,StutterTalk_68_40,0.147216796875,0.09686279296875,0.013275146484375,0.0460205078125,0.267333984375
4836,HVSA_3_105,0.110107421875,0.2293701171875,0.0970458984375,0.0192718505859375,0.086181640625
4837,StutteringIsCool_75_23,0.12261962890625,0.1163330078125,0.0328369140625,0.092529296875,0.892578125
4838,StutterTalk_37_2,0.0552978515625,0.054595947265625,0.01009368896484375,0.0257110595703125,0.03643798828125
4839,WomenWhoStutter_86_114,0.073974609375,0.2095947265625,0.03021240234375,0.15673828125,0.86083984375
4840,StutterTalk_59_1,0.0156707763671875,0.10931396484375,0.0305023193359375,0.05645751953125,0.033599853515625
4841,WomenWhoStutter_14_5,0.075439453125,0.258056640625,0.1568603515625,0.052825927734375,0.191650390625
4842,StutterTalk_16_9,0.100341796875,0.1708984375,0.18408203125,0.272705078125,0.12188720703125
4843,StutterTalk_22_12,0.0312042236328125,0.1070556640625,0.0634765625,0.08868408203125,0.06732177734375
4844,StutterTalk_25_15,0.0303802490234375,0.1087646484375,0.0171051025390625,0.029754638671875,0.046539306640625
4845,WomenWhoStutter_2_86,0.1678466796875,0.1947021484375,0.0615234375,0.255126953125,0.57861328125
4846,IStutterSoWhat_3_54,0.1263427734375,0.0782470703125,0.05645751953125,0.044097900390625,0.07318115234375
4847,WomenWhoStutter_10_149,0.05450439453125,0.1143798828125,0.035736083984375,0.0177154541015625,0.0153656005859375
4848,StutterTalk_8_47,0.0289306640625,0.07318115234375,0.04510498046875,0.0792236328125,0.036163330078125
4849,HVSA_2_152,0.1187744140625,0.1402587890625,0.08416748046875,0.2115478515625,0.1788330078125
4850,WomenWhoStutter_97_155,0.0938720703125,0.199951171875,0.04638671875,0.08416748046875,0.83935546875
4851,WomenWhoStutter_58_22,0.240966796875,0.07586669921875,0.0103302001953125,0.0457763671875,0.349853515625
4852,HVSA_0_7,0.1304931640625,0.177978515625,0.019989013671875,0.03179931640625,0.4921875
4853,WomenWhoStutter_63_2,0.085693359375,0.0965576171875,0.012054443359375,0.0616455078125,0.413818359375
4854,StutteringIsCool_46_188,0.10321044921875,0.07781982421875,0.004085540771484375,0.021331787109375,0.72509765625
4855,StrongVoices_4_21,0.11029052734375,0.13818359375,0.01525115966796875,0.06451416015625,0.912109375
4856,StutterTalk_37_166,0.058349609375,0.1400146484375,0.106689453125,0.362060546875,0.163818359375
4857,StutterTalk_38_35,0.1358642578125,0.06683349609375,0.0238189697265625,0.033782958984375,0.057586669921875
4858,StutteringIsCool_34_159,0.044281005859375,0.1826171875,0.08404541015625,0.044677734375,0.046539306640625
4859,StrongVoices_31_25,0.062225341796875,0.144287109375,0.0141143798828125,0.0095977783203125,0.06109619140625
4860,StutterTalk_12_3,0.1341552734375,0.06781005859375,0.01049041748046875,0.0193023681640625,0.0633544921875
4861,StutterTalk_64_106,0.488037109375,0.1700439453125,0.094482421875,0.0703125,0.046539306640625
4862,WomenWhoStutter_86_52,0.055206298828125,0.1536865234375,0.06573486328125,0.451904296875,0.290771484375
4863,HVSA_2_172,0.170654296875,0.330078125,0.359130859375,0.1607666015625,0.173095703125
4864,HeStutters_2_78,0.091552734375,0.279052734375,0.06304931640625,0.15771484375,0.10577392578125
4865,StrongVoices_31_27,0.0831298828125,0.11395263671875,0.0079345703125,0.00591278076171875,0.05108642578125
4866,StrongVoices_27_8,0.061309814453125,0.1019287109375,0.097900390625,0.035491943359375,0.0192413330078125
4867,HVSA_2_28,0.21435546875,0.337890625,0.293212890625,0.070556640625,0.041534423828125
4868,StutterTalk_55_23,0.2315673828125,0.11260986328125,0.06427001953125,0.07861328125,0.7041015625
4869,StutteringIsCool_46_71,0.0294189453125,0.153564453125,0.07147216796875,0.090087890625,0.0284881591796875
4870,HeStutters_12_46,0.093017578125,0.1822509765625,0.0311431884765625,0.055938720703125,0.50830078125
4871,HVSA_1_96,0.0999755859375,0.11065673828125,0.0182342529296875,0.0082550048828125,0.442138671875
4872,WomenWhoStutter_63_32,0.05126953125,0.1285400390625,0.061187744140625,0.134033203125,0.353515625
4873,StrongVoices_23_219,0.2208251953125,0.0970458984375,0.0125274658203125,0.007843017578125,0.03912353515625
4874,WomenWhoStutter_2_62,0.313720703125,0.06451416015625,0.0101318359375,0.02691650390625,0.8486328125
4875,WomenWhoStutter_21_209,0.2286376953125,0.0810546875,0.00997161865234375,0.019683837890625,0.0526123046875
4876,HeStutters_2_53,0.03204345703125,0.0703125,0.0185394287109375,0.07611083984375,0.056854248046875
4877,StutterTalk_1_22,0.060089111328125,0.228515625,0.0297088623046875,0.0313720703125,0.1055908203125
4878,HVSA_2_151,0.0457763671875,0.128662109375,0.0755615234375,0.148193359375,0.603515625
4879,HVSA_2_183,0.048126220703125,0.3310546875,0.33837890625,0.1685791015625,0.06463623046875
4880,IStutterSoWhat_0_61,0.145751953125,0.383544921875,0.189208984375,0.049774169921875,0.29296875
4881,WomenWhoStutter_62_220,0.2978515625,0.13037109375,0.03033447265625,0.1319580078125,0.8232421875
4882,MyStutteringLife_21_5,0.0390625,0.107421875,0.014007568359375,0.01483917236328125,0.0193023681640625
4883,StutteringIsCool_29_22,0.020172119140625,0.056243896484375,0.0186920166015625,0.08447265625,0.2294921875
4884,WomenWhoStutter_27_29,0.2147216796875,0.411376953125,0.53271484375,0.52685546875,0.37939453125
4885,HeStutters_12_11,0.136962890625,0.420654296875,0.60888671875,0.127197265625,0.055419921875
4886,StrongVoices_21_108,0.162353515625,0.2462158203125,0.05340576171875,0.03271484375,0.06549072265625
4887,MyStutteringLife_18_13,0.020599365234375,0.08660888671875,0.012969970703125,0.06561279296875,0.65869140625
4888,StrongVoices_24_0,0.042633056640625,0.1976318359375,0.0863037109375,0.0970458984375,0.0374755859375
4889,HVSA_0_63,0.03204345703125,0.060211181640625,0.007785797119140625,0.022369384765625,0.092041015625
4890,StrongVoices_3_27,0.07208251953125,0.2109375,0.0177764892578125,0.0127716064453125,0.013427734375
4891,StutterTalk_64_9,0.380126953125,0.1710205078125,0.1270751953125,0.024993896484375,0.033599853515625
4892,MyStutteringLife_18_21,0.048492431640625,0.054290771484375,0.0083465576171875,0.0177764892578125,0.085693359375
4893,StutteringIsCool_34_180,0.2203369140625,0.1048583984375,0.0751953125,0.1788330078125,0.80517578125
4894,StutterTalk_37_112,0.30615234375,0.130126953125,0.030853271484375,0.036712646484375,0.040924072265625
4895,StrongVoices_31_39,0.038177490234375,0.10467529296875,0.0243377685546875,0.08343505859375,0.1353759765625
4896,HVSA_3_148,0.310791015625,0.169921875,0.2100830078125,0.075439453125,0.07977294921875
4897,StutteringIsCool_44_25,0.171142578125,0.093017578125,0.01233673095703125,0.046478271484375,0.96044921875
4898,StutteringIsCool_27_23,0.042724609375,0.29345703125,0.2100830078125,0.17041015625,0.06903076171875
4899,StutteringIsCool_61_37,0.185546875,0.1697998046875,0.03448486328125,0.0203399658203125,0.205810546875
4900,WomenWhoStutter_27_38,0.268310546875,0.266357421875,0.0728759765625,0.157470703125,0.11163330078125
4901,StrongVoices_21_88,0.14404296875,0.1429443359375,0.044189453125,0.079345703125,0.2978515625
4902,StutteringIsCool_80_144,0.118408203125,0.07366943359375,0.039794921875,0.03277587890625,0.0147857666015625
4903,StrongVoices_10_5,0.179931640625,0.2294921875,0.191162109375,0.08038330078125,0.0836181640625
4904,WomenWhoStutter_25_32,0.027740478515625,0.1083984375,0.0177764892578125,0.0809326171875,0.0948486328125
4905,StrongVoices_20_10,0.342041015625,0.107421875,0.04107666015625,0.010528564453125,0.04486083984375
4906,HeStutters_12_75,0.07989501953125,0.06927490234375,0.009124755859375,0.00908660888671875,0.1939697265625
4907,StrongVoices_6_166,0.0635986328125,0.206298828125,0.0190582275390625,0.0236968994140625,0.0119171142578125
4908,StrongVoices_21_23,0.223388671875,0.3076171875,0.095703125,0.02947998046875,0.070556640625
4909,HVSA_0_80,0.131103515625,0.27880859375,0.0838623046875,0.0215301513671875,0.059326171875
4910,StutterTalk_26_116,0.07183837890625,0.2099609375,0.02386474609375,0.0119171142578125,0.0197601318359375
4911,StrongVoices_25_23,0.11358642578125,0.10821533203125,0.00997161865234375,0.012481689453125,0.03448486328125
4912,StrongVoices_21_154,0.03948974609375,0.263916015625,0.218017578125,0.1868896484375,0.042236328125
4913,StutterTalk_64_105,0.1044921875,0.1318359375,0.1473388671875,0.1590576171875,0.1163330078125
4914,WomenWhoStutter_30_79,0.09417724609375,0.07696533203125,0.0099334716796875,0.00981903076171875,0.045867919921875
4915,StutterTalk_54_35,0.1165771484375,0.09515380859375,0.0294189453125,0.092529296875,0.0838623046875
4916,StutterTalk_37_94,0.27685546875,0.08404541015625,0.020599365234375,0.054595947265625,0.89404296875
4917,StrongVoices_34_39,0.035491943359375,0.198974609375,0.048675537109375,0.0953369140625,0.08270263671875
4918,StutteringIsCool_23_24,0.03302001953125,0.05059814453125,0.01306915283203125,0.024749755859375,0.049041748046875
4919,WomenWhoStutter_58_37,0.1502685546875,0.2127685546875,0.023773193359375,0.05145263671875,0.4189453125
4920,WomenWhoStutter_62_17,0.0227203369140625,0.09930419921875,0.047088623046875,0.328125,0.338134765625
4921,HVSA_0_48,0.10858154296875,0.278076171875,0.058349609375,0.0305633544921875,0.2017822265625
4922,StutteringIsCool_46_29,0.0246124267578125,0.2432861328125,0.092041015625,0.08343505859375,0.09637451171875
4923,StrongVoices_28_30,0.23193359375,0.1087646484375,0.04534912109375,0.0110321044921875,0.04052734375
4924,StutterTalk_54_31,0.165771484375,0.07904052734375,0.010009765625,0.08758544921875,0.7646484375
4925,StutterTalk_76_26,0.1365966796875,0.1556396484375,0.036285400390625,0.1007080078125,0.9140625
4926,WomenWhoStutter_8_27,0.06573486328125,0.42578125,0.1949462890625,0.04986572265625,0.0618896484375
4927,StrongVoices_10_34,0.17919921875,0.307861328125,0.06805419921875,0.03033447265625,0.041473388671875
4928,StrongVoices_32_100,0.082275390625,0.2490234375,0.03314208984375,0.0289764404296875,0.024658203125
4929,WomenWhoStutter_10_15,0.06646728515625,0.269775390625,0.061309814453125,0.03704833984375,0.033538818359375
4930,StrongVoices_10_19,0.09417724609375,0.11981201171875,0.00787353515625,0.03448486328125,0.24072265625
4931,StrongVoices_21_164,0.093017578125,0.10015869140625,0.0219879150390625,0.05291748046875,0.0299835205078125
4932,StutterTalk_25_139,0.05126953125,0.20751953125,0.0792236328125,0.10284423828125,0.72119140625
4933,StrongVoices_24_9,0.109130859375,0.281982421875,0.043212890625,0.059417724609375,0.11517333984375
4934,StutterTalk_77_17,0.0531005859375,0.062103271484375,0.0182647705078125,0.0869140625,0.587890625
4935,MyStutteringLife_22_2,0.0982666015625,0.296142578125,0.08929443359375,0.0439453125,0.025177001953125
4936,WomenWhoStutter_21_42,0.11456298828125,0.13720703125,0.01129150390625,0.0261077880859375,0.43359375
4937,WomenWhoStutter_42_144,0.0855712890625,0.1434326171875,0.03875732421875,0.06463623046875,0.0224151611328125
4938,StutterTalk_64_37,0.04779052734375,0.1300048828125,0.08740234375,0.1236572265625,0.36865234375
4939,StutteringIsCool_64_25,0.0201416015625,0.06781005859375,0.0194244384765625,0.126953125,0.228515625
4940,StrongVoices_7_16,0.11376953125,0.093994140625,0.01490020751953125,0.0143890380859375,0.0154266357421875
4941,WomenWhoStutter_33_21,0.08477783203125,0.437744140625,0.42578125,0.0635986328125,0.159423828125
4942,StrongVoices_21_191,0.023284912109375,0.1541748046875,0.04840087890625,0.1114501953125,0.045013427734375
4943,StrongVoices_25_14,0.3330078125,0.308837890625,0.0726318359375,0.04046630859375,0.0751953125
4944,HeStutters_12_146,0.091552734375,0.320556640625,0.07305908203125,0.0144500732421875,0.1163330078125
4945,WomenWhoStutter_45_32,0.440673828125,0.13720703125,0.1236572265625,0.07763671875,0.38037109375
4946,StutterTalk_16_28,0.278564453125,0.263671875,0.464111328125,0.2474365234375,0.2406005859375
4947,WomenWhoStutter_108_34,0.11065673828125,0.09912109375,0.0094146728515625,0.03436279296875,0.93798828125
4948,StutterTalk_64_143,0.251953125,0.12408447265625,0.0728759765625,0.0615234375,0.037689208984375
4949,HVSA_2_61,0.064208984375,0.3896484375,0.5185546875,0.259033203125,0.13330078125
4950,StutterTalk_12_29,0.2352294921875,0.2091064453125,0.1502685546875,0.1131591796875,0.473876953125
4951,StrongVoices_10_26,0.10723876953125,0.292236328125,0.145263671875,0.08404541015625,0.0633544921875
4952,StutterTalk_29_16,0.0245208740234375,0.06915283203125,0.01678466796875,0.09503173828125,0.063232421875
4953,HeStutters_2_101,0.05792236328125,0.344970703125,0.349853515625,0.345947265625,0.1588134765625
4954,StutteringIsCool_27_29,0.11859130859375,0.0849609375,0.040985107421875,0.0330810546875,0.042327880859375
4955,HVSA_2_179,0.0521240234375,0.0894775390625,0.11614990234375,0.257080078125,0.32666015625
4956,StutterTalk_64_79,0.08819580078125,0.0823974609375,0.05291748046875,0.035400390625,0.0192718505859375
4957,StutterTalk_68_135,0.059417724609375,0.044189453125,0.006984710693359375,0.01519012451171875,0.06915283203125
4958,HVSA_3_80,0.03228759765625,0.15234375,0.0552978515625,0.05291748046875,0.060760498046875
4959,HVSA_3_97,0.1806640625,0.1724853515625,0.07305908203125,0.031494140625,0.482421875
4960,WomenWhoStutter_2_181,0.04742431640625,0.27490234375,0.126953125,0.114990234375,0.06280517578125
4961,StrongVoices_2_31,0.042327880859375,0.09332275390625,0.01090240478515625,0.0110321044921875,0.0709228515625
4962,StrongVoices_6_181,0.2044677734375,0.198486328125,0.0164642333984375,0.0323486328125,0.06951904296875
4963,StutterTalk_68_149,0.0638427734375,0.12744140625,0.0257568359375,0.12158203125,0.416015625
4964,WomenWhoStutter_64_33,0.1104736328125,0.185546875,0.1925048828125,0.247314453125,0.237548828125
4965,StutterTalk_76_5,0.057708740234375,0.1390380859375,0.021820068359375,0.0305633544921875,0.0341796875
4966,StrongVoices_0_31,0.30810546875,0.218994140625,0.029083251953125,0.0165252685546875,0.0276947021484375
4967,WomenWhoStutter_86_55,0.307373046875,0.08660888671875,0.0246124267578125,0.12286376953125,0.83740234375
4968,HVSA_3_101,0.05792236328125,0.1695556640625,0.07891845703125,0.0199127197265625,0.0384521484375
4969,StrongVoices_32_191,0.060211181640625,0.11553955078125,0.0102081298828125,0.0196075439453125,0.045257568359375
4970,StrongVoices_8_25,0.1798095703125,0.08447265625,0.016021728515625,0.0200653076171875,0.09234619140625
4971,MyStutteringLife_22_12,0.20068359375,0.173095703125,0.033477783203125,0.0202178955078125,0.187744140625
4972,StutterTalk_49_30,0.126953125,0.2286376953125,0.03436279296875,0.0153045654296875,0.07989501953125
4973,StrongVoices_1_18,0.01495361328125,0.1298828125,0.0246124267578125,0.05291748046875,0.033721923828125
4974,StrongVoices_17_32,0.0245208740234375,0.1361083984375,0.017242431640625,0.019683837890625,0.0880126953125
4975,StutteringIsCool_34_171,0.290771484375,0.182861328125,0.18115234375,0.1356201171875,0.1055908203125
4976,WomenWhoStutter_14_55,0.09515380859375,0.131591796875,0.009124755859375,0.01132965087890625,0.06524658203125
4977,StutterTalk_22_19,0.7275390625,0.1593017578125,0.1055908203125,0.06561279296875,0.37255859375
4978,StrongVoices_21_48,0.04779052734375,0.1302490234375,0.0244293212890625,0.07696533203125,0.089599609375
4979,HVSA_2_158,0.1282958984375,0.355712890625,0.501953125,0.1671142578125,0.1229248046875
4980,StutteringIsCool_50_14,0.28369140625,0.054412841796875,0.0037212371826171875,0.00757598876953125,0.468994140625
4981,StutterTalk_64_176,0.334716796875,0.119384765625,0.03948974609375,0.07598876953125,0.81494140625
4982,StutterTalk_72_186,0.13623046875,0.1175537109375,0.01233673095703125,0.034423828125,0.03656005859375
4983,HeStutters_0_27,0.059326171875,0.38671875,0.11920166015625,0.04486083984375,0.03326416015625
4984,StrongVoices_21_133,0.07122802734375,0.102294921875,0.0100555419921875,0.01763916015625,0.06292724609375
4985,HVSA_2_115,0.134033203125,0.2421875,0.1187744140625,0.01495361328125,0.07489013671875
4986,StutterTalk_1_5,0.17431640625,0.286865234375,0.1865234375,0.51318359375,0.60498046875
4987,StrongVoices_28_27,0.06597900390625,0.1258544921875,0.02801513671875,0.0284881591796875,0.1480712890625
4988,StrongVoices_17_10,0.267333984375,0.220458984375,0.0390625,0.020599365234375,0.1007080078125
4989,StrongVoices_7_21,0.14697265625,0.09271240234375,0.01337432861328125,0.0250396728515625,0.141357421875
4990,StrongVoices_17_9,0.15283203125,0.1251220703125,0.0165252685546875,0.037200927734375,0.52978515625
4991,WomenWhoStutter_81_175,0.185546875,0.132568359375,0.031494140625,0.033538818359375,0.02203369140625
4992,StutterTalk_1_3,0.057373046875,0.1859130859375,0.03277587890625,0.0207977294921875,0.0784912109375
4993,HVSA_1_172,0.0303802490234375,0.12548828125,0.03167724609375,0.0592041015625,0.09136962890625
4994,HeStutters_2_162,0.045196533203125,0.278564453125,0.1934814453125,0.255126953125,0.07574462890625
4995,StrongVoices_10_173,0.04840087890625,0.2020263671875,0.05560302734375,0.072509765625,0.3193359375
4996,StutterTalk_63_39,0.3447265625,0.178466796875,0.0472412109375,0.1268310546875,0.63037109375
4997,StrongVoices_32_45,0.27001953125,0.1502685546875,0.0228424072265625,0.0174407958984375,0.02691650390625
4998,StutterTalk_7_14,0.1383056640625,0.1639404296875,0.00971221923828125,0.0206451416015625,0.1646728515625
4999,HVSA_3_5,0.0843505859375,0.2037353515625,0.1279296875,0.179443359375,0.3984375
5000,WomenWhoStutter_10_8,0.357177734375,0.06549072265625,0.01519012451171875,0.018798828125,0.1478271484375
5001,HVSA_2_90,0.09136962890625,0.27685546875,0.12054443359375,0.19091796875,0.810546875
5002,StutterTalk_77_36,0.260498046875,0.1143798828125,0.08477783203125,0.206298828125,0.294677734375
5003,StutterTalk_30_19,0.0970458984375,0.387451171875,0.1339111328125,0.08465576171875,0.43115234375
5004,StrongVoices_1_27,0.164306640625,0.2470703125,0.06768798828125,0.027008056640625,0.050140380859375
5005,StutterTalk_37_179,0.08526611328125,0.07684326171875,0.0245208740234375,0.05889892578125,0.01374053955078125
5006,HVSA_2_150,0.455322265625,0.306640625,0.359375,0.0738525390625,0.06939697265625
5007,StutteringIsCool_49_34,0.52001953125,0.1214599609375,0.01312255859375,0.033966064453125,0.33984375
5008,StrongVoices_13_26,0.15380859375,0.43017578125,0.38427734375,0.07159423828125,0.06719970703125
5009,HeStutters_2_16,0.12890625,0.12451171875,0.03875732421875,0.03302001953125,0.150634765625
5010,StutterTalk_32_22,0.049774169921875,0.1480712890625,0.0199127197265625,0.0119171142578125,0.0413818359375
5011,StrongVoices_4_34,0.01337432861328125,0.102294921875,0.054290771484375,0.18603515625,0.05059814453125
5012,HVSA_2_72,0.496826171875,0.1707763671875,0.1236572265625,0.0297088623046875,0.09844970703125
5013,WomenWhoStutter_2_163,0.144287109375,0.375244140625,0.28173828125,0.0457763671875,0.03021240234375
5014,StutteringIsCool_80_110,0.054290771484375,0.037689208984375,0.01107025146484375,0.029205322265625,0.0258026123046875
5015,StutterTalk_64_175,0.2049560546875,0.13330078125,0.043212890625,0.06524658203125,0.10430908203125
5016,StrongVoices_21_132,0.033660888671875,0.188232421875,0.05975341796875,0.06524658203125,0.119384765625
5017,WomenWhoStutter_14_204,0.059661865234375,0.20947265625,0.037109375,0.08770751953125,0.09027099609375
5018,WomenWhoStutter_97_197,0.044281005859375,0.318603515625,0.384033203125,0.3447265625,0.1195068359375
5019,StrongVoices_23_69,0.484130859375,0.330078125,0.090087890625,0.0234222412109375,0.29833984375
5020,HVSA_3_63,0.06927490234375,0.102294921875,0.0265045166015625,0.02056884765625,0.07611083984375
5021,StutteringIsCool_18_36,0.0287628173828125,0.1361083984375,0.06915283203125,0.2047119140625,0.3525390625
5022,StrongVoices_32_134,0.0703125,0.158447265625,0.0509033203125,0.0257110595703125,0.045196533203125
5023,HVSA_1_143,0.063232421875,0.381591796875,0.3447265625,0.292236328125,0.314697265625
5024,HeStutters_18_17,0.08197021484375,0.0855712890625,0.0115509033203125,0.1143798828125,0.1390380859375
5025,StutteringIsCool_1_24,0.10614013671875,0.059417724609375,0.0194244384765625,0.07666015625,0.8125
5026,HeStutters_5_193,0.08599853515625,0.187255859375,0.0171051025390625,0.03131103515625,0.0401611328125
5027,StrongVoices_21_55,0.026702880859375,0.05072021484375,0.0063629150390625,0.017913818359375,0.041473388671875
5028,WomenWhoStutter_14_6,0.048583984375,0.199462890625,0.07904052734375,0.077392578125,0.038238525390625
5029,MyStutteringLife_0_21,0.06268310546875,0.053497314453125,0.006984710693359375,0.0118255615234375,0.0230712890625
5030,StutterTalk_37_86,0.246337890625,0.091552734375,0.0616455078125,0.1365966796875,0.46533203125
5031,StrongVoices_21_72,0.02801513671875,0.05108642578125,0.0177154541015625,0.0751953125,0.07574462890625
5032,StutterTalk_58_16,0.1544189453125,0.163818359375,0.059326171875,0.040985107421875,0.043701171875
5033,StrongVoices_32_126,0.042877197265625,0.2034912109375,0.0119171142578125,0.021331787109375,0.1468505859375
5034,StutteringIsCool_17_36,0.04168701171875,0.186279296875,0.014617919921875,0.049957275390625,0.3056640625
5035,StutteringIsCool_14_22,0.0218658447265625,0.0631103515625,0.0345458984375,0.035614013671875,0.05072021484375
5036,StutteringIsCool_84_8,0.015899658203125,0.07781982421875,0.042572021484375,0.018402099609375,0.0394287109375
5037,StutteringIsCool_79_10,0.028594970703125,0.0863037109375,0.0097808837890625,0.0251312255859375,0.0740966796875
5038,StutterTalk_80_35,0.0252685546875,0.04327392578125,0.007038116455078125,0.03424072265625,0.06561279296875
5039,StrongVoices_27_2,0.72607421875,0.203125,0.09722900390625,0.043212890625,0.10321044921875
5040,MyStutteringLife_19_32,0.028656005859375,0.12176513671875,0.03228759765625,0.042083740234375,0.04443359375
5041,StrongVoices_10_131,0.0279083251953125,0.1055908203125,0.02947998046875,0.0517578125,0.035614013671875
5042,StutterTalk_37_97,0.0740966796875,0.10052490234375,0.05291748046875,0.0472412109375,0.0171051025390625
5043,HeStutters_11_204,0.1470947265625,0.11932373046875,0.01512908935546875,0.03277587890625,0.17626953125
5044,StutteringIsCool_46_3,0.144287109375,0.10687255859375,0.018341064453125,0.01233673095703125,0.0204925537109375
5045,WomenWhoStutter_105_31,0.0885009765625,0.40673828125,0.26513671875,0.058441162109375,0.04534912109375
5046,HeStutters_11_156,0.126708984375,0.1773681640625,0.017578125,0.041778564453125,0.67333984375
5047,WomenWhoStutter_96_0,0.25732421875,0.2022705078125,0.0411376953125,0.022674560546875,0.0164031982421875
5048,StutteringIsCool_28_36,0.191650390625,0.39892578125,0.1546630859375,0.0165863037109375,0.12042236328125
5049,StrongVoices_21_54,0.0810546875,0.201171875,0.063232421875,0.0247039794921875,0.02691650390625
5050,StutteringIsCool_80_154,0.1298828125,0.11456298828125,0.0230712890625,0.044921875,0.88623046875
5051,HVSA_2_79,0.406005859375,0.253662109375,0.26025390625,0.0504150390625,0.0257568359375
5052,StutterTalk_60_36,0.094482421875,0.0751953125,0.006168365478515625,0.0171051025390625,0.0943603515625
5053,WomenWhoStutter_2_130,0.2264404296875,0.3466796875,0.51025390625,0.09912109375,0.1685791015625
5054,StrongVoices_10_189,0.049224853515625,0.14599609375,0.0313720703125,0.021575927734375,0.06500244140625
5055,WomenWhoStutter_21_13,0.149169921875,0.11419677734375,0.0110321044921875,0.0225067138671875,0.90283203125
5056,StutterTalk_79_27,0.143310546875,0.11297607421875,0.01332855224609375,0.044769287109375,0.94970703125
5057,StrongVoices_28_22,0.0987548828125,0.058990478515625,0.0115966796875,0.038970947265625,0.332763671875
5058,HVSA_0_37,0.09722900390625,0.353515625,0.305419921875,0.1357421875,0.075439453125
5059,StutterTalk_25_143,0.0509033203125,0.08709716796875,0.018646240234375,0.10052490234375,0.330810546875
5060,HVSA_2_4,0.37890625,0.169677734375,0.0762939453125,0.02886962890625,0.035675048828125
5061,HeStutters_12_129,0.1181640625,0.2281494140625,0.07904052734375,0.32666015625,0.79931640625
5062,StutterTalk_37_107,0.2744140625,0.08331298828125,0.047515869140625,0.261962890625,0.200439453125
5063,IStutterSoWhat_3_124,0.212890625,0.0775146484375,0.005405426025390625,0.018646240234375,0.58740234375
5064,WomenWhoStutter_97_100,0.03912353515625,0.09185791015625,0.0245208740234375,0.054107666015625,0.06304931640625
5065,StutterTalk_68_9,0.06756591796875,0.08929443359375,0.0058441162109375,0.0127716064453125,0.04217529296875
5066,StutterTalk_1_39,0.12322998046875,0.395751953125,0.385986328125,0.26611328125,0.37255859375
5067,HVSA_2_186,0.07452392578125,0.08990478515625,0.09271240234375,0.12042236328125,0.125244140625
5068,StutterTalk_38_13,0.1556396484375,0.1353759765625,0.0276947021484375,0.05792236328125,0.88720703125
5069,StutterTalk_64_66,0.189208984375,0.1395263671875,0.047332763671875,0.044281005859375,0.15576171875
5070,HeStutters_2_118,0.046630859375,0.1512451171875,0.0318603515625,0.1048583984375,0.650390625
5071,StutteringIsCool_16_7,0.09967041015625,0.1644287109375,0.2386474609375,0.54052734375,0.288330078125
5072,StutterTalk_76_18,0.038177490234375,0.059967041015625,0.007755279541015625,0.06085205078125,0.25
5073,StutterTalk_10_31,0.340576171875,0.178955078125,0.155029296875,0.021087646484375,0.05706787109375
5074,WomenWhoStutter_107_37,0.044342041015625,0.123779296875,0.01229095458984375,0.0162811279296875,0.0255126953125
5075,StrongVoices_32_174,0.11279296875,0.25390625,0.04193115234375,0.01467132568359375,0.0999755859375
5076,StutterTalk_25_86,0.02386474609375,0.0999755859375,0.015960693359375,0.058135986328125,0.09039306640625
5077,MyStutteringLife_1_4,0.075439453125,0.205078125,0.0142822265625,0.01146697998046875,0.051177978515625
5078,HVSA_0_106,0.10614013671875,0.160400390625,0.0169219970703125,0.0153656005859375,0.26220703125
5079,WomenWhoStutter_97_64,0.14599609375,0.1822509765625,0.054595947265625,0.21533203125,0.9296875
5080,StrongVoices_4_37,0.0194244384765625,0.0567626953125,0.01490020751953125,0.034027099609375,0.0284423828125
5081,StutteringIsCool_23_0,0.06768798828125,0.09857177734375,0.05291748046875,0.01322174072265625,0.0171051025390625
5082,StutterTalk_14_11,0.1585693359375,0.276611328125,0.260986328125,0.03033447265625,0.033660888671875
5083,HVSA_3_0,0.07342529296875,0.355224609375,0.1669921875,0.1351318359375,0.33056640625
5084,StrongVoices_26_31,0.11297607421875,0.3291015625,0.0699462890625,0.0293121337890625,0.0704345703125
5085,StutteringIsCool_79_39,0.2220458984375,0.21728515625,0.0390625,0.03912353515625,0.1639404296875
5086,WomenWhoStutter_49_5,0.155029296875,0.162109375,0.03192138671875,0.027069091796875,0.74560546875
5087,WomenWhoStutter_2_113,0.0251312255859375,0.1697998046875,0.024139404296875,0.07611083984375,0.138916015625
5088,StutteringIsCool_46_135,0.030853271484375,0.06951904296875,0.006717681884765625,0.011199951171875,0.0187225341796875
5089,HVSA_2_92,0.09503173828125,0.390869140625,0.5654296875,0.2022705078125,0.09185791015625
5090,StrongVoices_6_104,0.09967041015625,0.10089111328125,0.006511688232421875,0.01473236083984375,0.72265625
5091,StutterTalk_8_151,0.07330322265625,0.0836181640625,0.0271759033203125,0.0321044921875,0.05419921875
5092,StutterTalk_72_119,0.049407958984375,0.08270263671875,0.01898193359375,0.06396484375,0.06463623046875
5093,HVSA_0_120,0.0552978515625,0.055206298828125,0.00955963134765625,0.01090240478515625,0.036895751953125
5094,StutteringIsCool_14_17,0.161865234375,0.102294921875,0.0496826171875,0.050506591796875,0.87158203125
5095,StutterTalk_63_56,0.1734619140625,0.09588623046875,0.01763916015625,0.00881195068359375,0.06707763671875
5096,HeStutters_16_134,0.05645751953125,0.1304931640625,0.0171051025390625,0.103759765625,0.1689453125
5097,StutterTalk_79_26,0.26171875,0.048583984375,0.00812530517578125,0.0301513671875,0.7333984375
5098,WomenWhoStutter_96_118,0.055511474609375,0.08050537109375,0.015777587890625,0.0212860107421875,0.0190887451171875
5099,StutterTalk_64_97,0.1961669921875,0.07476806640625,0.03912353515625,0.0633544921875,0.04132080078125
5100,HeStutters_16_185,0.09637451171875,0.192138671875,0.10650634765625,0.470703125,0.2197265625
5101,StutteringIsCool_46_60,0.047607421875,0.154296875,0.019866943359375,0.04107666015625,0.046630859375
5102,WomenWhoStutter_2_92,0.06427001953125,0.08819580078125,0.00937652587890625,0.0182342529296875,0.1153564453125
5103,StutterTalk_26_181,0.05633544921875,0.07720947265625,0.0141143798828125,0.021575927734375,0.0153045654296875
5104,HeStutters_2_139,0.263427734375,0.33447265625,0.319091796875,0.2099609375,0.057281494140625
5105,WomenWhoStutter_87_115,0.09088134765625,0.14501953125,0.04559326171875,0.150390625,0.8388671875
5106,WomenWhoStutter_97_128,0.1383056640625,0.4541015625,0.4794921875,0.19287109375,0.178955078125
5107,StutterTalk_46_27,0.0225372314453125,0.0618896484375,0.00981903076171875,0.0240936279296875,0.1304931640625
5108,StutterTalk_54_2,0.0706787109375,0.14990234375,0.092041015625,0.52392578125,0.64111328125
5109,WomenWhoStutter_96_11,0.0261993408203125,0.1822509765625,0.027587890625,0.05499267578125,0.03753662109375
5110,StrongVoices_26_34,0.06109619140625,0.11419677734375,0.0131683349609375,0.023284912109375,0.01763916015625
5111,StrongVoices_10_106,0.01983642578125,0.12139892578125,0.0169219970703125,0.0271148681640625,0.03582763671875
5112,WomenWhoStutter_87_180,0.032470703125,0.07879638671875,0.00933837890625,0.0413818359375,0.62255859375
5113,WomenWhoStutter_2_210,0.1041259765625,0.12213134765625,0.0082855224609375,0.0391845703125,0.416259765625
5114,StutterTalk_64_169,0.1771240234375,0.06488037109375,0.020965576171875,0.04534912109375,0.333251953125
5115,HeStutters_16_4,0.308349609375,0.1495361328125,0.06878662109375,0.24169921875,0.182373046875
5116,HeStutters_11_91,0.13720703125,0.1134033203125,0.03265380859375,0.14501953125,0.94873046875
5117,StutterTalk_49_12,0.09088134765625,0.10540771484375,0.007904052734375,0.01049041748046875,0.0709228515625
5118,StrongVoices_0_12,0.42529296875,0.22021484375,0.05645751953125,0.01971435546875,0.037109375
5119,WomenWhoStutter_62_76,0.027374267578125,0.0526123046875,0.00945281982421875,0.116943359375,0.347900390625
5120,StutterTalk_64_1,0.127685546875,0.082275390625,0.06817626953125,0.0784912109375,0.09173583984375
5121,StutterTalk_46_10,0.0305633544921875,0.1014404296875,0.0284881591796875,0.0232391357421875,0.01374053955078125
5122,HeStutters_12_189,0.033721923828125,0.1341552734375,0.0154266357421875,0.0250396728515625,0.055938720703125
5123,StutterTalk_12_13,0.09271240234375,0.07354736328125,0.0287017822265625,0.1895751953125,0.128173828125
5124,WomenWhoStutter_86_163,0.10211181640625,0.1767578125,0.026702880859375,0.058135986328125,0.01983642578125
5125,StutterTalk_16_33,0.03662109375,0.260498046875,0.2139892578125,0.1766357421875,0.15625
5126,WomenWhoStutter_87_195,0.048583984375,0.1268310546875,0.033905029296875,0.06396484375,0.07781982421875
5127,StrongVoices_23_186,0.1661376953125,0.11419677734375,0.017181396484375,0.00867462158203125,0.0364990234375
5128,StutterTalk_72_52,0.1298828125,0.15771484375,0.021331787109375,0.0816650390625,0.904296875
5129,StutterTalk_37_148,0.11920166015625,0.0374755859375,0.0092315673828125,0.0411376953125,0.09967041015625
5130,StrongVoices_4_29,0.037200927734375,0.236572265625,0.1370849609375,0.188720703125,0.10760498046875
5131,HeStutters_10_39,0.06890869140625,0.055206298828125,0.0279541015625,0.08587646484375,0.042327880859375
5132,StutterTalk_72_58,0.05242919921875,0.333251953125,0.143310546875,0.07196044921875,0.060516357421875
5133,WomenWhoStutter_13_10,0.1307373046875,0.198486328125,0.0258026123046875,0.00905609130859375,0.0943603515625
5134,StutterTalk_37_184,0.03167724609375,0.08978271484375,0.061187744140625,0.237548828125,0.0738525390625
5135,StutterTalk_72_95,0.049957275390625,0.1905517578125,0.024383544921875,0.05242919921875,0.29833984375
5136,WomenWhoStutter_2_172,0.20654296875,0.16259765625,0.1190185546875,0.086181640625,0.0987548828125
5137,WomenWhoStutter_55_29,0.0290374755859375,0.0633544921875,0.01312255859375,0.06695556640625,0.0489501953125
5138,HVSA_3_7,0.09637451171875,0.347412109375,0.50048828125,0.091064453125,0.06561279296875
5139,HeStutters_2_176,0.36328125,0.11517333984375,0.0289764404296875,0.038604736328125,0.81298828125
5140,MyStutteringLife_18_6,0.31689453125,0.2109375,0.102294921875,0.1026611328125,0.045013427734375
5141,StutteringIsCool_80_105,0.3974609375,0.155029296875,0.07598876953125,0.1214599609375,0.045257568359375
5142,WomenWhoStutter_12_17,0.1405029296875,0.2039794921875,0.028167724609375,0.0216522216796875,0.032470703125
5143,StrongVoices_21_144,0.365478515625,0.1917724609375,0.06524658203125,0.0701904296875,0.04534912109375
5144,StrongVoices_6_107,0.0701904296875,0.11993408203125,0.01348114013671875,0.0162811279296875,0.0162811279296875
5145,HeStutters_7_32,0.378173828125,0.26904296875,0.321044921875,0.1788330078125,0.08758544921875
5146,HeStutters_18_190,0.0232391357421875,0.1754150390625,0.059112548828125,0.1798095703125,0.1236572265625
5147,StutteringIsCool_16_8,0.02337646484375,0.144287109375,0.05340576171875,0.07891845703125,0.0482177734375
5148,StutterTalk_64_27,0.70068359375,0.17724609375,0.173095703125,0.0809326171875,0.189697265625
5149,StrongVoices_10_122,0.05224609375,0.1915283203125,0.038330078125,0.06878662109375,0.10302734375
5150,HVSA_2_16,0.046112060546875,0.294189453125,0.2093505859375,0.2158203125,0.07763671875
5151,StrongVoices_10_159,0.29248046875,0.11126708984375,0.0125274658203125,0.040679931640625,0.2293701171875
5152,StutteringIsCool_23_4,0.058135986328125,0.06768798828125,0.015899658203125,0.10467529296875,0.8046875
5153,StutteringIsCool_49_7,0.7783203125,0.1849365234375,0.091064453125,0.04168701171875,0.070556640625
5154,StrongVoices_34_17,0.03802490234375,0.1134033203125,0.0181884765625,0.0224609375,0.047698974609375
5155,WomenWhoStutter_2_95,0.0271148681640625,0.14599609375,0.033538818359375,0.070068359375,0.10821533203125
5156,StutterTalk_72_48,0.038238525390625,0.270751953125,0.0592041015625,0.033477783203125,0.06475830078125
5157,StrongVoices_0_0,0.0208892822265625,0.0885009765625,0.01395416259765625,0.053314208984375,0.157470703125
5158,WomenWhoStutter_42_20,0.058349609375,0.0701904296875,0.007205963134765625,0.01898193359375,0.04620361328125
5159,StutterTalk_8_59,0.08831787109375,0.094482421875,0.03656005859375,0.049407958984375,0.130126953125
5160,HeStutters_11_34,0.037384033203125,0.11798095703125,0.036834716796875,0.10107421875,0.047698974609375
5161,IStutterSoWhat_3_133,0.058563232421875,0.183349609375,0.09686279296875,0.042877197265625,0.11163330078125
5162,StrongVoices_21_82,0.11102294921875,0.280029296875,0.08209228515625,0.0635986328125,0.0287017822265625
5163,WomenWhoStutter_13_12,0.093994140625,0.07708740234375,0.00579833984375,0.006824493408203125,0.04010009765625
5164,HeStutters_7_1,0.07861328125,0.1539306640625,0.020721435546875,0.03155517578125,0.0247039794921875
5165,StutterTalk_68_113,0.0469970703125,0.09075927734375,0.0115509033203125,0.03955078125,0.168212890625
5166,StutteringIsCool_55_23,0.051544189453125,0.12890625,0.0228424072265625,0.0199127197265625,0.0287017822265625
5167,StutterTalk_26_189,0.048675537109375,0.148681640625,0.021087646484375,0.060638427734375,0.047088623046875
5168,StutteringIsCool_45_39,0.1153564453125,0.1591796875,0.0295867919921875,0.026763916015625,0.0292510986328125
5169,StutterTalk_8_78,0.207275390625,0.11181640625,0.051544189453125,0.09503173828125,0.5478515625
5170,StutterTalk_58_37,0.0290374755859375,0.2213134765625,0.2371826171875,0.39208984375,0.350830078125
5171,StrongVoices_1_24,0.0234222412109375,0.1033935546875,0.01467132568359375,0.02056884765625,0.018341064453125
5172,WomenWhoStutter_83_36,0.0293731689453125,0.075439453125,0.011688232421875,0.05291748046875,0.055511474609375
5173,WomenWhoStutter_13_27,0.051361083984375,0.1253662109375,0.0200653076171875,0.0182647705078125,0.1512451171875
5174,StutterTalk_44_20,0.047088623046875,0.2064208984375,0.033721923828125,0.0237274169921875,0.03302001953125
5175,WomenWhoStutter_46_22,0.052520751953125,0.0728759765625,0.01049041748046875,0.044342041015625,0.69189453125
5176,StutteringIsCool_46_31,0.2138671875,0.10174560546875,0.00974273681640625,0.03912353515625,0.8017578125
5177,StutterTalk_12_37,0.1402587890625,0.115966796875,0.03948974609375,0.057586669921875,0.90576171875
5178,StutterTalk_10_11,0.20654296875,0.10504150390625,0.017242431640625,0.09027099609375,0.91943359375
5179,WomenWhoStutter_30_2,0.0439453125,0.14501953125,0.04840087890625,0.06915283203125,0.1190185546875
5180,StrongVoices_10_23,0.03643798828125,0.08599853515625,0.0223236083984375,0.0207977294921875,0.020172119140625
5181,StutterTalk_9_9,0.06243896484375,0.0982666015625,0.0272674560546875,0.056640625,0.045684814453125
5182,HeStutters_18_68,0.10650634765625,0.2127685546875,0.026153564453125,0.09466552734375,0.1942138671875
5183,HVSA_0_101,0.0411376953125,0.07421875,0.032470703125,0.08978271484375,0.40869140625
5184,StutterTalk_76_3,0.33349609375,0.1553955078125,0.07464599609375,0.036346435546875,0.02880859375
5185,StutteringIsCool_46_153,0.0794677734375,0.2489013671875,0.04949951171875,0.04248046875,0.0343017578125
5186,WomenWhoStutter_17_18,0.51171875,0.241455078125,0.1202392578125,0.0301055908203125,0.051666259765625
5187,StrongVoices_21_98,0.11676025390625,0.10302734375,0.027435302734375,0.05059814453125,0.12042236328125
5188,StutterTalk_64_159,0.420166015625,0.1376953125,0.2462158203125,0.08197021484375,0.08978271484375
5189,WomenWhoStutter_2_141,0.241455078125,0.1865234375,0.1175537109375,0.333740234375,0.78857421875
5190,StrongVoices_8_7,0.3359375,0.09027099609375,0.0153045654296875,0.0261993408203125,0.06793212890625
5191,StutteringIsCool_34_182,0.045867919921875,0.196533203125,0.035064697265625,0.078369140625,0.744140625
5192,WomenWhoStutter_55_0,0.2122802734375,0.1490478515625,0.0282745361328125,0.02191162109375,0.3232421875
5193,HeStutters_2_120,0.08758544921875,0.141357421875,0.0221099853515625,0.025909423828125,0.05059814453125
5194,StrongVoices_21_113,0.04248046875,0.11932373046875,0.0293121337890625,0.0699462890625,0.021453857421875
5195,StutterTalk_64_31,0.33251953125,0.05865478515625,0.0256195068359375,0.02423095703125,0.5966796875
5196,StrongVoices_22_14,0.6083984375,0.1893310546875,0.0810546875,0.0343017578125,0.1177978515625
5197,HeStutters_3_0,0.0260009765625,0.175537109375,0.0258026123046875,0.11279296875,0.11578369140625
5198,WomenWhoStutter_2_20,0.25341796875,0.1885986328125,0.036834716796875,0.057281494140625,0.92626953125
5199,WomenWhoStutter_97_153,0.158203125,0.153564453125,0.04107666015625,0.041229248046875,0.015777587890625
5200,StrongVoices_32_164,0.12158203125,0.260498046875,0.0206451416015625,0.01024627685546875,0.040374755859375
5201,StutterTalk_23_20,0.0236968994140625,0.054595947265625,0.007785797119140625,0.01678466796875,0.0318603515625
5202,StrongVoices_21_100,0.05975341796875,0.1199951171875,0.0276947021484375,0.09857177734375,0.0537109375
5203,HeStutters_18_45,0.2254638671875,0.12054443359375,0.070556640625,0.282958984375,0.300048828125
5204,StrongVoices_21_75,0.042633056640625,0.10052490234375,0.0068511962890625,0.0214080810546875,0.0810546875
5205,StrongVoices_32_29,0.301513671875,0.1614990234375,0.03875732421875,0.0136871337890625,0.04296875
5206,MyStutteringLife_25_23,0.08154296875,0.149658203125,0.0162811279296875,0.01525115966796875,0.026458740234375
5207,StutterTalk_34_6,0.66943359375,0.10504150390625,0.036163330078125,0.05877685546875,0.434326171875
5208,MyStutteringLife_25_26,0.046295166015625,0.2421875,0.0775146484375,0.0633544921875,0.03662109375
5209,HeStutters_11_135,0.0526123046875,0.233154296875,0.250732421875,0.411865234375,0.1727294921875
5210,WomenWhoStutter_10_184,0.0345458984375,0.1258544921875,0.0120086669921875,0.0185394287109375,0.03704833984375
5211,StrongVoices_32_95,0.64794921875,0.126220703125,0.08447265625,0.052520751953125,0.1788330078125
5212,StutteringIsCool_33_23,0.1573486328125,0.09893798828125,0.062225341796875,0.1236572265625,0.14013671875
5213,StrongVoices_32_66,0.11083984375,0.264892578125,0.0210418701171875,0.02069091796875,0.0537109375
5214,StutterTalk_26_39,0.0321044921875,0.10321044921875,0.0189361572265625,0.0238189697265625,0.0341796875
5215,StutterTalk_24_4,0.356201171875,0.17822265625,0.02423095703125,0.041778564453125,0.88427734375
5216,StutterTalk_64_60,0.10430908203125,0.1087646484375,0.02606201171875,0.0592041015625,0.34130859375
5217,StutterTalk_1_38,0.1611328125,0.326171875,0.16357421875,0.0706787109375,0.2144775390625
5218,StutteringIsCool_46_186,0.134521484375,0.1646728515625,0.0162200927734375,0.052825927734375,0.9013671875
5219,StutterTalk_72_92,0.0592041015625,0.2054443359375,0.0278472900390625,0.05780029296875,0.0390625
5220,StrongVoices_21_130,0.085693359375,0.1939697265625,0.0379638671875,0.0279083251953125,0.036834716796875
5221,StrongVoices_32_188,0.019500732421875,0.1427001953125,0.0258026123046875,0.06695556640625,0.045013427734375
5222,StutterTalk_1_31,0.215576171875,0.134521484375,0.0202484130859375,0.0182342529296875,0.84326171875
5223,StutteringIsCool_37_19,0.0831298828125,0.359375,0.277099609375,0.0728759765625,0.283203125
5224,StrongVoices_1_25,0.0230255126953125,0.181640625,0.0455322265625,0.033782958984375,0.0204925537109375
5225,WomenWhoStutter_81_26,0.1358642578125,0.2420654296875,0.072265625,0.2122802734375,0.55078125
5226,WomenWhoStutter_52_6,0.08123779296875,0.30126953125,0.2451171875,0.089111328125,0.035400390625
5227,WomenWhoStutter_87_161,0.402099609375,0.291259765625,0.11029052734375,0.040252685546875,0.35693359375
5228,StutteringIsCool_70_22,0.0311431884765625,0.0943603515625,0.01934814453125,0.020721435546875,0.07147216796875
5229,MyStutteringLife_21_32,0.022247314453125,0.135986328125,0.038543701171875,0.017578125,0.01384735107421875
5230,WomenWhoStutter_42_114,0.04351806640625,0.23876953125,0.063720703125,0.059112548828125,0.038116455078125
5231,WomenWhoStutter_97_20,0.134033203125,0.1444091796875,0.0236968994140625,0.0849609375,0.69775390625
5232,StrongVoices_6_176,0.1134033203125,0.265869140625,0.07598876953125,0.029754638671875,0.055419921875
5233,WomenWhoStutter_49_31,0.1640625,0.118408203125,0.0256195068359375,0.103759765625,0.9345703125
5234,StutterTalk_24_20,0.355224609375,0.203369140625,0.022796630859375,0.02069091796875,0.65283203125
5235,StutteringIsCool_28_21,0.050994873046875,0.337646484375,0.490234375,0.07861328125,0.0574951171875
5236,StutteringIsCool_46_36,0.027801513671875,0.043853759765625,0.0053863525390625,0.0292510986328125,0.218505859375
5237,WomenWhoStutter_81_1,0.06451416015625,0.34375,0.344482421875,0.5361328125,0.294677734375
5238,StutteringIsCool_47_3,0.048309326171875,0.2379150390625,0.04803466796875,0.03424072265625,0.05780029296875
5239,StutterTalk_38_20,0.06890869140625,0.135498046875,0.0364990234375,0.0309600830078125,0.0217742919921875
5240,StrongVoices_17_17,0.30322265625,0.118408203125,0.02508544921875,0.0174407958984375,0.061309814453125
5241,HVSA_0_5,0.091552734375,0.2147216796875,0.08538818359375,0.055419921875,0.391845703125
5242,StutterTalk_72_21,0.13818359375,0.156005859375,0.03204345703125,0.097412109375,0.146484375
5243,MyStutteringLife_25_36,0.08526611328125,0.1763916015625,0.0256195068359375,0.01837158203125,0.057281494140625
5244,HVSA_2_180,0.23779296875,0.348876953125,0.3564453125,0.1240234375,0.3388671875
5245,StutterTalk_37_1,0.1705322265625,0.090087890625,0.0287017822265625,0.1055908203125,0.79150390625
5246,StutterTalk_51_15,0.08331298828125,0.11920166015625,0.0216522216796875,0.0169219970703125,0.0633544921875
5247,StutterTalk_72_150,0.116943359375,0.14404296875,0.00971221923828125,0.01116180419921875,0.052520751953125
5248,StutterTalk_22_13,0.038330078125,0.1492919921875,0.09930419921875,0.09039306640625,0.1265869140625
5249,StrongVoices_23_17,0.168701171875,0.1448974609375,0.01450347900390625,0.049774169921875,0.712890625
5250,HVSA_2_40,0.0548095703125,0.1695556640625,0.059967041015625,0.0259552001953125,0.035400390625
5251,StutteringIsCool_14_12,0.0234222412109375,0.051666259765625,0.033599853515625,0.0272674560546875,0.0231475830078125
5252,HVSA_3_19,0.08251953125,0.1966552734375,0.2978515625,0.03753662109375,0.05499267578125
5253,HVSA_2_88,0.060211181640625,0.10357666015625,0.02886962890625,0.024383544921875,0.07196044921875
5254,StutteringIsCool_70_27,0.026763916015625,0.062103271484375,0.0083465576171875,0.0189056396484375,0.04351806640625
5255,StutterTalk_76_17,0.2462158203125,0.13134765625,0.01016998291015625,0.0296478271484375,0.296630859375
5256,HeStutters_10_28,0.216064453125,0.09588623046875,0.043701171875,0.1982421875,0.91845703125
5257,StutteringIsCool_27_27,0.03289794921875,0.06488037109375,0.011962890625,0.047698974609375,0.133056640625
5258,StutterTalk_64_90,0.0364990234375,0.049774169921875,0.0165863037109375,0.0703125,0.046295166015625
5259,StrongVoices_32_26,0.1026611328125,0.254638671875,0.044769287109375,0.1114501953125,0.88525390625
5260,WomenWhoStutter_86_152,0.1488037109375,0.359619140625,0.3583984375,0.458251953125,0.343505859375
5261,MyStutteringLife_38_7,0.07421875,0.386474609375,0.1229248046875,0.03192138671875,0.05072021484375
5262,StutteringIsCool_84_3,0.024932861328125,0.081787109375,0.022796630859375,0.0221099853515625,0.032958984375
5263,WomenWhoStutter_58_20,0.060211181640625,0.0782470703125,0.023284912109375,0.049224853515625,0.455078125
5264,WomenWhoStutter_10_187,0.1331787109375,0.47314453125,0.5732421875,0.145263671875,0.2447509765625
5265,WomenWhoStutter_68_39,0.272216796875,0.278076171875,0.045867919921875,0.0325927734375,0.1451416015625
5266,StutterTalk_26_75,0.042022705078125,0.11279296875,0.011505126953125,0.024383544921875,0.083740234375
5267,StutterTalk_26_85,0.0292510986328125,0.105224609375,0.0150146484375,0.0204925537109375,0.06597900390625
5268,HeStutters_12_175,0.06805419921875,0.1546630859375,0.0244293212890625,0.02655029296875,0.09808349609375
5269,StrongVoices_29_25,0.06304931640625,0.0855712890625,0.0100555419921875,0.021331787109375,0.0531005859375
5270,WomenWhoStutter_79_20,0.269775390625,0.105224609375,0.030853271484375,0.0234222412109375,0.1134033203125
5271,StutteringIsCool_2_4,0.1649169921875,0.1483154296875,0.06829833984375,0.1810302734375,0.88427734375
5272,HVSA_2_98,0.1275634765625,0.1822509765625,0.038970947265625,0.0999755859375,0.8916015625
5273,StutterTalk_15_31,0.415283203125,0.09600830078125,0.06085205078125,0.144287109375,0.306640625
5274,StutterTalk_37_11,0.08648681640625,0.107421875,0.0272674560546875,0.1727294921875,0.86669921875
5275,WomenWhoStutter_62_90,0.0364990234375,0.11163330078125,0.0110321044921875,0.060302734375,0.2166748046875
5276,HeStutters_2_165,0.1143798828125,0.379638671875,0.45361328125,0.1973876953125,0.1429443359375
5277,StutterTalk_64_171,0.337890625,0.08929443359375,0.04400634765625,0.05987548828125,0.55615234375
5278,StutterTalk_36_32,0.1280517578125,0.260498046875,0.0751953125,0.07135009765625,0.0775146484375
5279,StrongVoices_14_29,0.04217529296875,0.050994873046875,0.00621795654296875,0.0094146728515625,0.0240020751953125
5280,StrongVoices_5_19,0.828125,0.203857421875,0.120361328125,0.1317138671875,0.371337890625
5281,StutteringIsCool_50_6,0.05987548828125,0.1495361328125,0.014007568359375,0.01337432861328125,0.0509033203125
5282,StutteringIsCool_56_4,0.053314208984375,0.08929443359375,0.01029205322265625,0.01322174072265625,0.02655029296875
5283,StutterTalk_68_189,0.03424072265625,0.197265625,0.0809326171875,0.058349609375,0.04620361328125
5284,StutterTalk_26_129,0.0401611328125,0.06646728515625,0.015777587890625,0.10723876953125,0.06585693359375
5285,StutteringIsCool_61_38,0.06903076171875,0.2001953125,0.044525146484375,0.01512908935546875,0.039337158203125
5286,HVSA_3_22,0.134033203125,0.2220458984375,0.10894775390625,0.05792236328125,0.11395263671875
5287,StutterTalk_26_56,0.06817626953125,0.177001953125,0.0294189453125,0.0531005859375,0.1282958984375
5288,StrongVoices_21_190,0.1104736328125,0.167724609375,0.0212860107421875,0.019195556640625,0.038330078125
5289,WomenWhoStutter_90_0,0.015899658203125,0.10302734375,0.033843994140625,0.2254638671875,0.1746826171875
5290,StutteringIsCool_79_37,0.03607177734375,0.1329345703125,0.0261993408203125,0.073974609375,0.0472412109375
5291,WomenWhoStutter_15_33,0.0321044921875,0.08209228515625,0.01036834716796875,0.00937652587890625,0.0413818359375
5292,StutterTalk_15_8,0.07904052734375,0.06671142578125,0.0162200927734375,0.046722412109375,0.027374267578125
5293,HVSA_2_34,0.11456298828125,0.279296875,0.476806640625,0.1585693359375,0.06500244140625
5294,WomenWhoStutter_81_98,0.466796875,0.2230224609375,0.0762939453125,0.044097900390625,0.20068359375
5295,StutterTalk_37_51,0.10394287109375,0.2432861328125,0.148681640625,0.07147216796875,0.05023193359375
5296,HeStutters_12_47,0.10577392578125,0.0709228515625,0.005100250244140625,0.00926971435546875,0.07781982421875
5297,WomenWhoStutter_97_169,0.06927490234375,0.2109375,0.0469970703125,0.120361328125,0.91259765625
5298,StutteringIsCool_23_27,0.1746826171875,0.07275390625,0.072509765625,0.0179901123046875,0.0240936279296875
5299,WomenWhoStutter_37_39,0.2139892578125,0.346435546875,0.22119140625,0.0313720703125,0.039794921875
5300,StrongVoices_23_197,0.6220703125,0.1982421875,0.0802001953125,0.0215301513671875,0.06097412109375
5301,StrongVoices_34_35,0.04376220703125,0.1175537109375,0.01142120361328125,0.02947998046875,0.255615234375
5302,StrongVoices_21_103,0.07366943359375,0.0439453125,0.00905609130859375,0.0192413330078125,0.02838134765625
5303,StutterTalk_29_30,0.091552734375,0.250244140625,0.042724609375,0.0262603759765625,0.05780029296875
5304,HVSA_1_167,0.51611328125,0.11358642578125,0.04620361328125,0.02484130859375,0.27099609375
5305,HVSA_3_29,0.08929443359375,0.25732421875,0.09893798828125,0.01666259765625,0.080078125
5306,WomenWhoStutter_30_25,0.337158203125,0.16943359375,0.051177978515625,0.02215576171875,0.06463623046875
5307,StrongVoices_23_104,0.1055908203125,0.2447509765625,0.0535888671875,0.01107025146484375,0.03594970703125
5308,HVSA_3_106,0.11376953125,0.1998291015625,0.07305908203125,0.029541015625,0.0755615234375
5309,StutterTalk_25_46,0.060516357421875,0.196044921875,0.0282135009765625,0.0161590576171875,0.0233306884765625
5310,StrongVoices_10_119,0.55517578125,0.217041015625,0.217529296875,0.07501220703125,0.0582275390625
5311,WomenWhoStutter_5_38,0.2069091796875,0.185791015625,0.0250396728515625,0.03704833984375,0.371826171875
5312,StutteringIsCool_14_1,0.0202484130859375,0.0635986328125,0.00841522216796875,0.07781982421875,0.036163330078125
5313,StrongVoices_10_52,0.6298828125,0.1131591796875,0.042633056640625,0.019561767578125,0.11553955078125
5314,StutteringIsCool_80_188,0.044921875,0.186279296875,0.173095703125,0.35107421875,0.09600830078125
5315,HeStutters_16_7,0.1063232421875,0.0982666015625,0.060516357421875,0.2783203125,0.4287109375
5316,StutterTalk_51_37,0.0364990234375,0.11419677734375,0.0252685546875,0.0279083251953125,0.0243377685546875
5317,StutterTalk_72_151,0.1041259765625,0.258056640625,0.333251953125,0.677734375,0.40869140625
5318,HVSA_1_98,0.240966796875,0.304443359375,0.055419921875,0.013427734375,0.1630859375
5319,StutterTalk_34_16,0.1500244140625,0.1739501953125,0.018646240234375,0.019866943359375,0.085693359375
5320,StutteringIsCool_81_33,0.1441650390625,0.044281005859375,0.005405426025390625,0.01078033447265625,0.06793212890625
5321,StutteringIsCool_64_13,0.07965087890625,0.0802001953125,0.01214599609375,0.0247955322265625,0.272705078125
5322,HVSA_3_66,0.1279296875,0.346923828125,0.431640625,0.04132080078125,0.039276123046875
5323,WomenWhoStutter_83_21,0.1446533203125,0.2039794921875,0.11859130859375,0.39990234375,0.8408203125
5324,StrongVoices_23_22,0.060089111328125,0.220458984375,0.12274169921875,0.05340576171875,0.040924072265625
5325,StrongVoices_34_26,0.042572021484375,0.12744140625,0.01061248779296875,0.0167236328125,0.0279541015625
5326,StutteringIsCool_43_21,0.375244140625,0.06243896484375,0.006313323974609375,0.011688232421875,0.382080078125
5327,StutteringIsCool_80_30,0.1295166015625,0.129638671875,0.0203399658203125,0.0271759033203125,0.10015869140625
5328,WomenWhoStutter_30_149,0.055816650390625,0.08062744140625,0.021331787109375,0.0289306640625,0.025909423828125
5329,WomenWhoStutter_62_78,0.081787109375,0.315673828125,0.275390625,0.394775390625,0.465576171875
5330,WomenWhoStutter_2_88,0.07586669921875,0.1356201171875,0.050994873046875,0.0278472900390625,0.045257568359375
5331,StutterTalk_37_189,0.03839111328125,0.1751708984375,0.06634521484375,0.11395263671875,0.0384521484375
5332,StutteringIsCool_46_58,0.037109375,0.053314208984375,0.00582122802734375,0.02886962890625,0.139892578125
5333,WomenWhoStutter_2_112,0.04876708984375,0.29443359375,0.093505859375,0.0740966796875,0.1163330078125
5334,StrongVoices_21_1,0.077392578125,0.29443359375,0.059661865234375,0.042724609375,0.04345703125
5335,StutterTalk_68_81,0.17236328125,0.280029296875,0.3115234375,0.54833984375,0.7119140625
5336,StutteringIsCool_43_28,0.0170440673828125,0.10174560546875,0.034423828125,0.1258544921875,0.05511474609375
5337,WomenWhoStutter_3_31,0.2288818359375,0.10284423828125,0.0142822265625,0.014617919921875,0.06903076171875
5338,WomenWhoStutter_2_111,0.04217529296875,0.27490234375,0.072265625,0.02691650390625,0.018341064453125
5339,WomenWhoStutter_30_47,0.68212890625,0.2091064453125,0.20654296875,0.07147216796875,0.106689453125
5340,StutteringIsCool_69_0,0.04132080078125,0.2421875,0.04010009765625,0.08282470703125,0.62451171875
5341,WomenWhoStutter_86_45,0.042236328125,0.1873779296875,0.10211181640625,0.32666015625,0.05718994140625
5342,StutteringIsCool_75_2,0.1798095703125,0.11163330078125,0.0170440673828125,0.0139007568359375,0.08709716796875
5343,StutterTalk_38_26,0.2568359375,0.05059814453125,0.00919342041015625,0.0219879150390625,0.148193359375
5344,WomenWhoStutter_62_38,0.03265380859375,0.122314453125,0.04595947265625,0.040985107421875,0.08447265625
5345,WomenWhoStutter_105_21,0.09771728515625,0.32177734375,0.1668701171875,0.06793212890625,0.045440673828125
5346,WomenWhoStutter_8_35,0.050811767578125,0.360595703125,0.2744140625,0.0297088623046875,0.04986572265625
5347,HeStutters_16_127,0.0838623046875,0.1568603515625,0.0489501953125,0.082275390625,0.0271148681640625
5348,WomenWhoStutter_30_33,0.11676025390625,0.0489501953125,0.00679779052734375,0.00916290283203125,0.0295867919921875
5349,WomenWhoStutter_96_186,0.132080078125,0.1495361328125,0.056243896484375,0.0728759765625,0.4462890625
5350,HVSA_0_28,0.050140380859375,0.08660888671875,0.01473236083984375,0.0173797607421875,0.150390625
5351,WomenWhoStutter_73_35,0.1478271484375,0.296875,0.18994140625,0.080078125,0.038970947265625
5352,StutteringIsCool_75_0,0.044769287109375,0.334716796875,0.281494140625,0.049957275390625,0.04486083984375
5353,StutterTalk_72_69,0.290283203125,0.1358642578125,0.01898193359375,0.01116180419921875,0.0537109375
5354,StutterTalk_37_93,0.38232421875,0.12176513671875,0.054901123046875,0.1077880859375,0.8818359375
5355,HeStutters_11_55,0.187255859375,0.1904296875,0.033599853515625,0.097900390625,0.94580078125
5356,MyStutteringLife_39_39,0.089599609375,0.1993408203125,0.042877197265625,0.1439208984375,0.9140625
5357,StutterTalk_37_88,0.611328125,0.1356201171875,0.04876708984375,0.0631103515625,0.66357421875
5358,StrongVoices_34_3,0.0227203369140625,0.10650634765625,0.019378662109375,0.0850830078125,0.2340087890625
5359,StutteringIsCool_73_39,0.222900390625,0.10760498046875,0.024566650390625,0.061309814453125,0.93359375
5360,StutteringIsCool_34_156,0.2178955078125,0.064208984375,0.00800323486328125,0.0179901123046875,0.29248046875
5361,StutterTalk_64_128,0.0504150390625,0.1201171875,0.1094970703125,0.09857177734375,0.052337646484375
5362,StrongVoices_12_26,0.0496826171875,0.064208984375,0.017181396484375,0.0236053466796875,0.0264129638671875
5363,WomenWhoStutter_42_164,0.1776123046875,0.1248779296875,0.0129241943359375,0.0272216796875,0.0263519287109375
5364,StutterTalk_8_84,0.04107666015625,0.0830078125,0.08465576171875,0.135986328125,0.1312255859375
5365,StutterTalk_12_39,0.66455078125,0.08648681640625,0.041534423828125,0.049041748046875,0.2166748046875
5366,MyStutteringLife_5_27,0.1805419921875,0.1961669921875,0.0216217041015625,0.0310821533203125,0.07159423828125
5367,StrongVoices_8_30,0.0228424072265625,0.0869140625,0.01763916015625,0.06964111328125,0.08404541015625
5368,StutterTalk_32_28,0.08526611328125,0.11279296875,0.05145263671875,0.042572021484375,0.11181640625
5369,StutterTalk_37_26,0.1278076171875,0.176513671875,0.2012939453125,0.70703125,0.50537109375
5370,StutterTalk_8_66,0.049041748046875,0.12158203125,0.0740966796875,0.06427001953125,0.017913818359375
5371,StrongVoices_10_166,0.072509765625,0.259521484375,0.1466064453125,0.1475830078125,0.0740966796875
5372,StutterTalk_59_27,0.07965087890625,0.12408447265625,0.03955078125,0.08465576171875,0.039703369140625
5373,StutterTalk_26_194,0.09173583984375,0.166015625,0.0287628173828125,0.095703125,0.355224609375
5374,StutterTalk_26_193,0.10284423828125,0.24169921875,0.043121337890625,0.019012451171875,0.02337646484375
5375,StutterTalk_37_120,0.07489013671875,0.11395263671875,0.08978271484375,0.0762939453125,0.0245208740234375
5376,WomenWhoStutter_96_99,0.04345703125,0.17236328125,0.034423828125,0.06585693359375,0.130859375
5377,StutteringIsCool_80_77,0.1171875,0.0965576171875,0.017852783203125,0.06719970703125,0.95166015625
5378,StutterTalk_36_22,0.040008544921875,0.1334228515625,0.0242767333984375,0.02056884765625,0.050506591796875
5379,HVSA_0_95,0.07965087890625,0.12213134765625,0.033966064453125,0.017303466796875,0.0574951171875
5380,StutterTalk_15_7,0.062103271484375,0.0416259765625,0.00787353515625,0.0180511474609375,0.01983642578125
5381,WomenWhoStutter_69_38,0.059326171875,0.10968017578125,0.043121337890625,0.281005859375,0.75
5382,HeStutters_5_129,0.54736328125,0.23779296875,0.40234375,0.043121337890625,0.057373046875
5383,StutterTalk_63_128,0.04443359375,0.09552001953125,0.0154876708984375,0.030670166015625,0.10107421875
5384,StutterTalk_8_156,0.062225341796875,0.06878662109375,0.0293121337890625,0.086181640625,0.478515625
5385,StutteringIsCool_15_2,0.0211639404296875,0.134033203125,0.052825927734375,0.07501220703125,0.0273284912109375
5386,StutterTalk_37_117,0.10858154296875,0.075439453125,0.0251312255859375,0.1466064453125,0.1734619140625
5387,StutterTalk_0_19,0.01953125,0.09722900390625,0.0150146484375,0.134033203125,0.216796875
5388,HVSA_2_93,0.023284912109375,0.123779296875,0.0548095703125,0.18212890625,0.2105712890625
5389,StrongVoices_8_24,0.057373046875,0.0509033203125,0.01233673095703125,0.0413818359375,0.1431884765625
5390,HVSA_3_98,0.0775146484375,0.285888671875,0.438720703125,0.0582275390625,0.0709228515625
5391,StutterTalk_26_40,0.054107666015625,0.1868896484375,0.03594970703125,0.06500244140625,0.371826171875
5392,WomenWhoStutter_102_34,0.2076416015625,0.06671142578125,0.009857177734375,0.10430908203125,0.277587890625
5393,StrongVoices_22_37,0.08660888671875,0.1807861328125,0.045440673828125,0.06304931640625,0.037811279296875
5394,WomenWhoStutter_62_202,0.047332763671875,0.1357421875,0.0218658447265625,0.1317138671875,0.131591796875
5395,StrongVoices_28_4,0.082275390625,0.06658935546875,0.005161285400390625,0.008514404296875,0.03985595703125
5396,HeStutters_16_30,0.105224609375,0.089111328125,0.0240020751953125,0.15673828125,0.1680908203125
5397,StrongVoices_23_215,0.422607421875,0.2054443359375,0.056640625,0.0374755859375,0.1787109375
5398,HeStutters_16_11,0.07318115234375,0.1270751953125,0.026153564453125,0.059967041015625,0.07275390625
5399,HVSA_2_80,0.0885009765625,0.10321044921875,0.04443359375,0.16064453125,0.90087890625
5400,StutteringIsCool_46_61,0.062103271484375,0.155029296875,0.018768310546875,0.0261077880859375,0.04400634765625
5401,StutterTalk_25_23,0.412353515625,0.1756591796875,0.08447265625,0.09088134765625,0.0640869140625
5402,WomenWhoStutter_10_148,0.131103515625,0.1566162109375,0.0222015380859375,0.06451416015625,0.70703125
5403,WomenWhoStutter_87_40,0.1591796875,0.176513671875,0.2330322265625,0.08038330078125,0.046295166015625
5404,StutterTalk_26_112,0.04217529296875,0.216796875,0.183349609375,0.37451171875,0.29248046875
5405,StutterTalk_66_21,0.0323486328125,0.122314453125,0.0287628173828125,0.06719970703125,0.12445068359375
5406,StrongVoices_21_140,0.03253173828125,0.2001953125,0.1923828125,0.1055908203125,0.05499267578125
5407,StrongVoices_12_0,0.034698486328125,0.063720703125,0.0082550048828125,0.038238525390625,0.02685546875
5408,HVSA_2_59,0.185546875,0.185791015625,0.11376953125,0.03802490234375,0.0782470703125
5409,WomenWhoStutter_97_180,0.461181640625,0.341796875,0.356689453125,0.2186279296875,0.2626953125
5410,StrongVoices_32_182,0.0287628173828125,0.1015625,0.0219879150390625,0.0496826171875,0.07965087890625
5411,HeStutters_5_27,0.10687255859375,0.1322021484375,0.01467132568359375,0.0215301513671875,0.023101806640625
5412,StutterTalk_72_94,0.036712646484375,0.05194091796875,0.01111602783203125,0.08282470703125,0.046112060546875
5413,StutterTalk_58_5,0.1678466796875,0.1961669921875,0.46044921875,0.55224609375,0.560546875
5414,StutterTalk_8_105,0.041839599609375,0.06488037109375,0.0236968994140625,0.0287628173828125,0.0330810546875
5415,StrongVoices_23_248,0.216064453125,0.31591796875,0.051849365234375,0.0171051025390625,0.047943115234375
5416,WomenWhoStutter_10_85,0.047515869140625,0.399658203125,0.29345703125,0.093994140625,0.157958984375
5417,WomenWhoStutter_33_30,0.10723876953125,0.1300048828125,0.0129241943359375,0.0526123046875,0.366455078125
5418,StutterTalk_25_128,0.047149658203125,0.09844970703125,0.0100555419921875,0.017242431640625,0.071044921875
5419,WomenWhoStutter_42_85,0.0604248046875,0.0982666015625,0.0206451416015625,0.044525146484375,0.015777587890625
5420,StutterTalk_8_56,0.0751953125,0.08477783203125,0.04327392578125,0.10089111328125,0.462646484375
5421,WomenWhoStutter_64_32,0.0943603515625,0.351806640625,0.496826171875,0.34521484375,0.222900390625
5422,StutterTalk_8_128,0.1396484375,0.09368896484375,0.042633056640625,0.09600830078125,0.67138671875
5423,StrongVoices_12_37,0.0341796875,0.105224609375,0.007038116455078125,0.0154266357421875,0.024658203125
5424,StutteringIsCool_33_19,0.047607421875,0.1611328125,0.03912353515625,0.01406097412109375,0.0212860107421875
5425,StrongVoices_12_29,0.042572021484375,0.0535888671875,0.0038700103759765625,0.011688232421875,0.056854248046875
5426,StrongVoices_32_151,0.03948974609375,0.1646728515625,0.01094818115234375,0.0242767333984375,0.041778564453125
5427,StrongVoices_23_78,0.1749267578125,0.275634765625,0.0472412109375,0.0112457275390625,0.04486083984375
5428,WomenWhoStutter_5_32,0.07965087890625,0.177978515625,0.053985595703125,0.0311431884765625,0.473388671875
5429,StrongVoices_23_201,0.1885986328125,0.224853515625,0.03167724609375,0.018646240234375,0.148193359375
5430,HVSA_3_27,0.284423828125,0.415771484375,0.287353515625,0.03912353515625,0.1356201171875
5431,StutterTalk_15_20,0.02337646484375,0.2076416015625,0.0784912109375,0.09771728515625,0.0633544921875
5432,IStutterSoWhat_3_110,0.0333251953125,0.2340087890625,0.2607421875,0.11297607421875,0.093505859375
5433,StrongVoices_32_93,0.029754638671875,0.08050537109375,0.0161590576171875,0.023101806640625,0.1639404296875
5434,StrongVoices_23_23,0.082275390625,0.2259521484375,0.0276336669921875,0.027435302734375,0.0709228515625
5435,HeStutters_17_20,0.049957275390625,0.073974609375,0.006877899169921875,0.00945281982421875,0.0386962890625
5436,HVSA_2_188,0.244140625,0.24658203125,0.328369140625,0.0823974609375,0.06500244140625
5437,MyStutteringLife_18_36,0.07305908203125,0.0638427734375,0.01142120361328125,0.022796630859375,0.06512451171875
5438,HeStutters_18_153,0.2310791015625,0.11962890625,0.005321502685546875,0.00841522216796875,0.1265869140625
5439,StrongVoices_21_57,0.06292724609375,0.11456298828125,0.01751708984375,0.015716552734375,0.03985595703125
5440,WomenWhoStutter_62_184,0.2073974609375,0.107421875,0.0230712890625,0.12841796875,0.849609375
5441,MyStutteringLife_5_20,0.1134033203125,0.10211181640625,0.0115509033203125,0.013275146484375,0.12176513671875
5442,StrongVoices_32_128,0.80419921875,0.1922607421875,0.218017578125,0.06805419921875,0.079345703125
5443,WomenWhoStutter_87_130,0.10089111328125,0.1934814453125,0.082275390625,0.15771484375,0.83056640625
5444,StrongVoices_19_18,0.063232421875,0.06927490234375,0.006389617919921875,0.0103302001953125,0.258544921875
5445,StutterTalk_16_27,0.1912841796875,0.401611328125,0.74169921875,0.274658203125,0.122314453125
5446,StutterTalk_64_125,0.26123046875,0.0885009765625,0.043609619140625,0.1468505859375,0.5703125
5447,StrongVoices_21_180,0.053009033203125,0.1826171875,0.0894775390625,0.29150390625,0.345703125
5448,StutterTalk_49_36,0.027587890625,0.10430908203125,0.020721435546875,0.177001953125,0.52001953125
5449,StutteringIsCool_61_13,0.04351806640625,0.1385498046875,0.01812744140625,0.0182342529296875,0.0299224853515625
5450,StrongVoices_21_8,0.0439453125,0.080810546875,0.010406494140625,0.02276611328125,0.0236053466796875
5451,StutterTalk_64_140,0.06597900390625,0.11553955078125,0.02606201171875,0.09368896484375,0.78173828125
5452,WomenWhoStutter_97_34,0.1187744140625,0.4599609375,0.59912109375,0.239501953125,0.0867919921875
5453,StutterTalk_15_5,0.0165252685546875,0.11358642578125,0.07421875,0.1624755859375,0.04986572265625
5454,MyStutteringLife_18_22,0.0245208740234375,0.07861328125,0.04107666015625,0.1414794921875,0.1429443359375
5455,StrongVoices_23_10,0.6123046875,0.157470703125,0.0535888671875,0.01142120361328125,0.04595947265625
5456,StrongVoices_34_24,0.1912841796875,0.0537109375,0.00547027587890625,0.0161590576171875,0.06890869140625
5457,HVSA_3_111,0.0552978515625,0.3271484375,0.33447265625,0.184814453125,0.1478271484375
5458,StrongVoices_23_1,0.1134033203125,0.140380859375,0.055419921875,0.05633544921875,0.049224853515625
5459,StutteringIsCool_34_166,0.11163330078125,0.26171875,0.0280609130859375,0.01490020751953125,0.0574951171875
5460,StutteringIsCool_80_111,0.042816162109375,0.2178955078125,0.2410888671875,0.1759033203125,0.06085205078125
5461,StutterTalk_58_18,0.0938720703125,0.3408203125,0.552734375,0.3486328125,0.1689453125
5462,StutterTalk_38_23,0.2158203125,0.07720947265625,0.011688232421875,0.033599853515625,0.10650634765625
5463,StutteringIsCool_38_10,0.287353515625,0.0943603515625,0.01337432861328125,0.01214599609375,0.0699462890625
5464,MyStutteringLife_38_30,0.1629638671875,0.1201171875,0.01306915283203125,0.0322265625,0.88427734375
5465,StrongVoices_12_35,0.0517578125,0.090576171875,0.0059356689453125,0.0185394287109375,0.314453125
5466,StrongVoices_23_208,0.08648681640625,0.263427734375,0.1124267578125,0.0271148681640625,0.0180511474609375
5467,StrongVoices_28_10,0.1279296875,0.1256103515625,0.010009765625,0.00974273681640625,0.0164642333984375
5468,StrongVoices_21_161,0.03448486328125,0.1055908203125,0.0142822265625,0.0304412841796875,0.03192138671875
5469,IStutterSoWhat_0_110,0.04168701171875,0.0894775390625,0.02484130859375,0.0360107421875,0.04443359375
5470,WomenWhoStutter_102_4,0.01554107666015625,0.107421875,0.033905029296875,0.09857177734375,0.10760498046875
5471,StutterTalk_72_96,0.14111328125,0.350341796875,0.1795654296875,0.4453125,0.310791015625
5472,StrongVoices_32_119,0.0953369140625,0.377685546875,0.059967041015625,0.029815673828125,0.253662109375
5473,HeStutters_3_10,0.03277587890625,0.1934814453125,0.048858642578125,0.10089111328125,0.09332275390625
5474,StutterTalk_8_114,0.157958984375,0.10992431640625,0.04345703125,0.0948486328125,0.82080078125
5475,StutteringIsCool_46_130,0.0360107421875,0.299560546875,0.350830078125,0.309326171875,0.11456298828125
5476,MyStutteringLife_38_19,0.1361083984375,0.09088134765625,0.0184326171875,0.030670166015625,0.2841796875
5477,WomenWhoStutter_30_39,0.0318603515625,0.18115234375,0.06280517578125,0.1309814453125,0.07861328125
5478,HVSA_2_138,0.177001953125,0.089599609375,0.06500244140625,0.0751953125,0.052520751953125
5479,StutterTalk_63_53,0.057708740234375,0.1895751953125,0.0374755859375,0.15185546875,0.79345703125
5480,WomenWhoStutter_12_15,0.2091064453125,0.1953125,0.050811767578125,0.06536865234375,0.1268310546875
5481,WomenWhoStutter_87_25,0.341796875,0.1239013671875,0.0230255126953125,0.0352783203125,0.79541015625
5482,StutterTalk_10_4,0.042236328125,0.054107666015625,0.00971221923828125,0.01078033447265625,0.036895751953125
5483,StutterTalk_29_37,0.06707763671875,0.09075927734375,0.006511688232421875,0.0117340087890625,0.039276123046875
5484,WomenWhoStutter_10_58,0.0261077880859375,0.06268310546875,0.01036834716796875,0.0248870849609375,0.060211181640625
5485,StrongVoices_32_52,0.2281494140625,0.08770751953125,0.00812530517578125,0.00926971435546875,0.028656005859375
5486,WomenWhoStutter_97_6,0.06451416015625,0.137451171875,0.0723876953125,0.08062744140625,0.03216552734375
5487,StrongVoices_32_138,0.363037109375,0.185302734375,0.0352783203125,0.0144500732421875,0.326416015625
5488,WomenWhoStutter_2_54,0.2257080078125,0.072265625,0.00933837890625,0.0296478271484375,0.71484375
5489,StutterTalk_37_116,0.5126953125,0.17431640625,0.2105712890625,0.138671875,0.04986572265625
5490,HeStutters_16_68,0.12176513671875,0.052032470703125,0.01056671142578125,0.0816650390625,0.2064208984375
5491,StrongVoices_17_0,0.2298583984375,0.1259765625,0.0177154541015625,0.01525115966796875,0.0360107421875
5492,StutteringIsCool_14_16,0.07476806640625,0.0633544921875,0.033966064453125,0.0162811279296875,0.072509765625
5493,WomenWhoStutter_27_18,0.396484375,0.2042236328125,0.058990478515625,0.0264129638671875,0.174560546875
5494,WomenWhoStutter_30_53,0.059112548828125,0.0782470703125,0.007965087890625,0.0254669189453125,0.10247802734375
5495,StutterTalk_64_134,0.09722900390625,0.12158203125,0.110107421875,0.058135986328125,0.184326171875
5496,StrongVoices_7_29,0.058013916015625,0.053314208984375,0.0060272216796875,0.0262603759765625,0.050506591796875
5497,IStutterSoWhat_3_104,0.081787109375,0.310791015625,0.4365234375,0.478271484375,0.3837890625
5498,StutterTalk_49_26,0.1754150390625,0.060211181640625,0.004085540771484375,0.0169830322265625,0.5
5499,StutterTalk_37_46,0.09552001953125,0.1236572265625,0.11578369140625,0.306640625,0.623046875
5500,WomenWhoStutter_96_149,0.045867919921875,0.165283203125,0.023284912109375,0.0634765625,0.038909912109375
5501,StutterTalk_9_33,0.019561767578125,0.1202392578125,0.06793212890625,0.263427734375,0.08770751953125
5502,StrongVoices_21_5,0.0416259765625,0.0517578125,0.0079345703125,0.0311431884765625,0.06878662109375
5503,WomenWhoStutter_97_196,0.08197021484375,0.173828125,0.07720947265625,0.379150390625,0.6142578125
5504,WomenWhoStutter_29_39,0.0885009765625,0.056976318359375,0.00844573974609375,0.046112060546875,0.09222412109375
5505,StrongVoices_23_254,0.2254638671875,0.1895751953125,0.0310821533203125,0.064208984375,0.272705078125
5506,StrongVoices_0_13,0.0472412109375,0.286865234375,0.1044921875,0.053802490234375,0.042633056640625
5507,HeStutters_12_154,0.26953125,0.288818359375,0.3662109375,0.320068359375,0.154052734375
5508,StrongVoices_8_4,0.071044921875,0.269775390625,0.060302734375,0.039794921875,0.040985107421875
5509,StutterTalk_53_15,0.047882080078125,0.292236328125,0.1480712890625,0.1568603515625,0.470458984375
5510,WomenWhoStutter_62_82,0.039703369140625,0.10931396484375,0.026458740234375,0.10858154296875,0.57958984375
5511,StrongVoices_21_84,0.144287109375,0.1822509765625,0.06817626953125,0.040985107421875,0.07318115234375
5512,StrongVoices_23_38,0.20751953125,0.2176513671875,0.023773193359375,0.015960693359375,0.0982666015625
5513,StrongVoices_9_20,0.024932861328125,0.0855712890625,0.02880859375,0.036773681640625,0.0413818359375
5514,HeStutters_11_187,0.12646484375,0.1485595703125,0.01142120361328125,0.0190582275390625,0.27001953125
5515,WomenWhoStutter_30_178,0.06866455078125,0.11260986328125,0.01666259765625,0.0116424560546875,0.0259552001953125
5516,StrongVoices_21_61,0.042327880859375,0.08868408203125,0.03875732421875,0.02886962890625,0.0131683349609375
5517,StutteringIsCool_45_36,0.537109375,0.10394287109375,0.042633056640625,0.0237274169921875,0.06793212890625
5518,HVSA_2_167,0.1376953125,0.28466796875,0.32421875,0.1778564453125,0.1563720703125
5519,StutterTalk_55_19,0.0182647705078125,0.06756591796875,0.01061248779296875,0.04248046875,0.0802001953125
5520,StrongVoices_21_44,0.053192138671875,0.1715087890625,0.026702880859375,0.04620361328125,0.09722900390625
5521,StutterTalk_72_142,0.11737060546875,0.2705078125,0.27880859375,0.151611328125,0.0560302734375
5522,StrongVoices_17_13,0.8125,0.182861328125,0.1405029296875,0.054901123046875,0.10430908203125
5523,StrongVoices_11_15,0.40673828125,0.1474609375,0.0222015380859375,0.01519012451171875,0.077392578125
5524,StrongVoices_6_210,0.1171875,0.362548828125,0.050506591796875,0.045013427734375,0.0885009765625
5525,StutteringIsCool_2_17,0.06512451171875,0.185546875,0.1240234375,0.226318359375,0.036224365234375
5526,StutteringIsCool_40_26,0.1585693359375,0.08123779296875,0.0170440673828125,0.0552978515625,0.5625
5527,WomenWhoStutter_30_107,0.08978271484375,0.32421875,0.14208984375,0.0169830322265625,0.037261962890625
5528,StutteringIsCool_34_148,0.087890625,0.13330078125,0.073974609375,0.1507568359375,0.5400390625
5529,StutterTalk_72_65,0.058013916015625,0.1710205078125,0.0303802490234375,0.080810546875,0.060760498046875
5530,StutteringIsCool_33_34,0.4609375,0.11260986328125,0.05023193359375,0.044097900390625,0.274658203125
5531,HeStutters_11_103,0.08929443359375,0.1619873046875,0.00919342041015625,0.0299835205078125,0.33984375
5532,HVSA_1_168,0.0352783203125,0.08648681640625,0.02655029296875,0.04803466796875,0.05645751953125
5533,WomenWhoStutter_45_13,0.296875,0.197021484375,0.155029296875,0.035064697265625,0.04534912109375
5534,IStutterSoWhat_3_144,0.1533203125,0.06744384765625,0.01337432861328125,0.036773681640625,0.50732421875
5535,WomenWhoStutter_15_1,0.2432861328125,0.226806640625,0.047332763671875,0.0100555419921875,0.043365478515625
5536,WomenWhoStutter_86_71,0.118408203125,0.1893310546875,0.11419677734375,0.1912841796875,0.720703125
5537,StutterTalk_1_32,0.0616455078125,0.1614990234375,0.0343017578125,0.0247039794921875,0.01507568359375
5538,HVSA_2_112,0.06610107421875,0.385498046875,0.45703125,0.16943359375,0.051361083984375
5539,StutterTalk_76_29,0.0161590576171875,0.1055908203125,0.0144500732421875,0.08831787109375,0.1689453125
5540,StutteringIsCool_75_12,0.08868408203125,0.1253662109375,0.07904052734375,0.14599609375,0.317626953125
5541,StrongVoices_32_43,0.1253662109375,0.17529296875,0.036163330078125,0.02203369140625,0.140625
5542,StutterTalk_8_147,0.11676025390625,0.09857177734375,0.06982421875,0.04248046875,0.040374755859375
5543,HeStutters_5_82,0.0987548828125,0.38818359375,0.3525390625,0.460205078125,0.482177734375
5544,HVSA_1_16,0.049957275390625,0.16455078125,0.0301513671875,0.0120086669921875,0.0489501953125
5545,HeStutters_0_29,0.061431884765625,0.04803466796875,0.006511688232421875,0.01024627685546875,0.267822265625
5546,StutterTalk_72_11,0.09588623046875,0.1629638671875,0.01322174072265625,0.0640869140625,0.479736328125
5547,HeStutters_18_98,0.1910400390625,0.184326171875,0.01861572265625,0.02691650390625,0.26123046875
5548,HeStutters_0_39,0.201171875,0.10821533203125,0.00974273681640625,0.0110321044921875,0.043853759765625
5549,WomenWhoStutter_2_179,0.1014404296875,0.06964111328125,0.00948333740234375,0.020599365234375,0.072509765625
5550,HVSA_2_185,0.06585693359375,0.103759765625,0.07171630859375,0.3232421875,0.67431640625
5551,StrongVoices_32_91,0.06396484375,0.11419677734375,0.0120086669921875,0.0119171142578125,0.042572021484375
5552,StutterTalk_77_39,0.06964111328125,0.375244140625,0.196533203125,0.070068359375,0.05975341796875
5553,IStutterSoWhat_0_108,0.255615234375,0.08929443359375,0.032470703125,0.0229339599609375,0.01512908935546875
5554,StrongVoices_32_85,0.040008544921875,0.276611328125,0.1165771484375,0.08404541015625,0.134033203125
5555,HeStutters_11_147,0.369140625,0.0794677734375,0.0190582275390625,0.061187744140625,0.6025390625
5556,WomenWhoStutter_30_10,0.11981201171875,0.1494140625,0.033203125,0.006145477294921875,0.0306243896484375
5557,MyStutteringLife_0_15,0.0177154541015625,0.10723876953125,0.023284912109375,0.029205322265625,0.037689208984375
5558,StutterTalk_8_82,0.06463623046875,0.1055908203125,0.07452392578125,0.06890869140625,0.053009033203125
5559,StutterTalk_54_20,0.056549072265625,0.05718994140625,0.00524139404296875,0.059539794921875,0.56640625
5560,StrongVoices_25_17,0.640625,0.151611328125,0.056976318359375,0.04376220703125,0.06951904296875
5561,StutterTalk_37_103,0.1474609375,0.0638427734375,0.01302337646484375,0.0552978515625,0.325439453125
5562,StutterTalk_32_36,0.03912353515625,0.173828125,0.039703369140625,0.1429443359375,0.08740234375
5563,StrongVoices_32_55,0.1829833984375,0.138916015625,0.01666259765625,0.015777587890625,0.335693359375
5564,StrongVoices_7_30,0.182861328125,0.10107421875,0.0106964111328125,0.03839111328125,0.396240234375
5565,WomenWhoStutter_87_142,0.0266571044921875,0.11395263671875,0.0618896484375,0.12176513671875,0.11859130859375
5566,StrongVoices_23_188,0.470947265625,0.3369140625,0.1719970703125,0.0321044921875,0.06304931640625
5567,StrongVoices_34_11,0.1917724609375,0.09912109375,0.017852783203125,0.018341064453125,0.1063232421875
5568,WomenWhoStutter_30_117,0.036712646484375,0.08929443359375,0.0213623046875,0.04742431640625,0.053985595703125
5569,MyStutteringLife_38_8,0.0831298828125,0.32958984375,0.32275390625,0.236572265625,0.294677734375
5570,StutterTalk_36_16,0.072265625,0.181640625,0.0704345703125,0.02691650390625,0.0193023681640625
5571,StutterTalk_60_38,0.035400390625,0.06292724609375,0.00867462158203125,0.02056884765625,0.035736083984375
5572,WomenWhoStutter_69_23,0.171142578125,0.0537109375,0.01129150390625,0.04443359375,0.03131103515625
5573,StrongVoices_23_239,0.52197265625,0.29443359375,0.115966796875,0.0284881591796875,0.1104736328125
5574,StrongVoices_19_29,0.5439453125,0.080078125,0.025909423828125,0.0305633544921875,0.4287109375
5575,StutterTalk_37_100,0.1826171875,0.10284423828125,0.053314208984375,0.155517578125,0.74609375
5576,StrongVoices_10_121,0.388427734375,0.10052490234375,0.0225830078125,0.0116424560546875,0.059417724609375
5577,WomenWhoStutter_10_30,0.1435546875,0.2144775390625,0.063720703125,0.1171875,0.41845703125
5578,StutterTalk_1_7,0.06768798828125,0.270263671875,0.044769287109375,0.0482177734375,0.266357421875
5579,WomenWhoStutter_73_5,0.0765380859375,0.059326171875,0.01282501220703125,0.076416015625,0.1317138671875
5580,StrongVoices_28_33,0.62646484375,0.06585693359375,0.0306243896484375,0.014617919921875,0.0728759765625
5581,StutterTalk_64_114,0.10858154296875,0.2259521484375,0.361572265625,0.07196044921875,0.0726318359375
5582,StutteringIsCool_38_17,0.0701904296875,0.142578125,0.09075927734375,0.048126220703125,0.036712646484375
5583,StrongVoices_5_35,0.1639404296875,0.22265625,0.01971435546875,0.0211639404296875,0.114990234375
5584,StutterTalk_72_63,0.070556640625,0.2401123046875,0.06939697265625,0.0618896484375,0.04638671875
5585,StrongVoices_21_187,0.1593017578125,0.17138671875,0.0526123046875,0.10394287109375,0.798828125
5586,MyStutteringLife_0_26,0.1517333984375,0.156005859375,0.037261962890625,0.07318115234375,0.74853515625
5587,WomenWhoStutter_49_13,0.0256195068359375,0.240478515625,0.1300048828125,0.06573486328125,0.0217742919921875
5588,HeStutters_11_126,0.2763671875,0.0740966796875,0.0070953369140625,0.015716552734375,0.053802490234375
5589,HeStutters_2_188,0.27001953125,0.2197265625,0.17578125,0.06707763671875,0.046295166015625
5590,StrongVoices_7_28,0.58447265625,0.10650634765625,0.024658203125,0.0309600830078125,0.1041259765625
5591,StutterTalk_26_42,0.1265869140625,0.2098388671875,0.048126220703125,0.0210418701171875,0.09967041015625
5592,StutterTalk_38_22,0.042724609375,0.06915283203125,0.034759521484375,0.04681396484375,0.0830078125
5593,StutteringIsCool_33_39,0.12744140625,0.11029052734375,0.0150146484375,0.0384521484375,0.0411376953125
5594,HeStutters_5_127,0.280029296875,0.320556640625,0.448974609375,0.09075927734375,0.03948974609375
5595,WomenWhoStutter_2_187,0.07196044921875,0.32568359375,0.07452392578125,0.0640869140625,0.1837158203125
5596,MyStutteringLife_25_15,0.0299224853515625,0.149169921875,0.024993896484375,0.06085205078125,0.420654296875
5597,StrongVoices_19_30,0.227783203125,0.083740234375,0.04302978515625,0.021087646484375,0.0343017578125
5598,WomenWhoStutter_49_20,0.18701171875,0.332763671875,0.206298828125,0.05780029296875,0.12158203125
5599,WomenWhoStutter_43_2,0.1600341796875,0.08123779296875,0.005062103271484375,0.01009368896484375,0.2156982421875
5600,StrongVoices_21_99,0.0753173828125,0.165771484375,0.040771484375,0.058135986328125,0.05780029296875
5601,StutteringIsCool_29_23,0.025177001953125,0.08331298828125,0.01554107666015625,0.05718994140625,0.2374267578125
5602,WomenWhoStutter_83_24,0.419189453125,0.15625,0.04351806640625,0.1055908203125,0.5341796875
5603,StutterTalk_16_2,0.045440673828125,0.290283203125,0.381591796875,0.25146484375,0.142333984375
5604,WomenWhoStutter_28_20,0.0262603759765625,0.1217041015625,0.043121337890625,0.11279296875,0.09039306640625
5605,StutterTalk_26_158,0.024749755859375,0.114990234375,0.0282135009765625,0.1802978515625,0.10211181640625
5606,WomenWhoStutter_42_136,0.26708984375,0.055938720703125,0.00864410400390625,0.04949951171875,0.124755859375
5607,StutterTalk_7_11,0.05633544921875,0.06597900390625,0.027374267578125,0.047515869140625,0.03643798828125
5608,HVSA_2_184,0.3388671875,0.306396484375,0.42333984375,0.05780029296875,0.052703857421875
5609,StrongVoices_8_31,0.303955078125,0.085693359375,0.03240966796875,0.053009033203125,0.11981201171875
5610,StutteringIsCool_80_90,0.546875,0.09912109375,0.0517578125,0.04510498046875,0.1630859375
5611,StutteringIsCool_80_95,0.047149658203125,0.0894775390625,0.0083465576171875,0.054107666015625,0.15869140625
5612,StutteringIsCool_69_7,0.08477783203125,0.23095703125,0.0615234375,0.0251312255859375,0.037750244140625
5613,WomenWhoStutter_10_131,0.13134765625,0.265380859375,0.0762939453125,0.0240020751953125,0.047607421875
5614,StutteringIsCool_33_28,0.134033203125,0.32568359375,0.049591064453125,0.050323486328125,0.1165771484375
5615,HeStutters_16_34,0.09588623046875,0.1104736328125,0.0196075439453125,0.06842041015625,0.0938720703125
5616,StutterTalk_26_50,0.0197906494140625,0.092529296875,0.00919342041015625,0.060638427734375,0.185791015625
5617,StrongVoices_21_150,0.33837890625,0.130615234375,0.18896484375,0.0276947021484375,0.0360107421875
5618,StutterTalk_68_104,0.306640625,0.12420654296875,0.0221099853515625,0.0325927734375,0.046905517578125
5619,StutteringIsCool_28_28,0.11474609375,0.07501220703125,0.01560211181640625,0.11065673828125,0.449462890625
5620,HVSA_0_17,0.12213134765625,0.105224609375,0.0224609375,0.1026611328125,0.7783203125
5621,StutteringIsCool_46_134,0.02215576171875,0.09503173828125,0.011505126953125,0.0162200927734375,0.048492431640625
5622,HeStutters_2_166,0.1314697265625,0.454345703125,0.509765625,0.11614990234375,0.06512451171875
5623,HVSA_0_130,0.052703857421875,0.1744384765625,0.058349609375,0.041534423828125,0.23779296875
5624,HeStutters_12_108,0.1229248046875,0.30908203125,0.0863037109375,0.053314208984375,0.0316162109375
5625,StutterTalk_1_36,0.2386474609375,0.21044921875,0.06829833984375,0.06768798828125,0.8642578125
5626,MyStutteringLife_21_29,0.0809326171875,0.1715087890625,0.06549072265625,0.0192718505859375,0.01433563232421875
5627,StutteringIsCool_38_19,0.1759033203125,0.247314453125,0.09173583984375,0.115966796875,0.17333984375
5628,StrongVoices_21_79,0.1285400390625,0.10247802734375,0.01525115966796875,0.045867919921875,0.11676025390625
5629,WomenWhoStutter_8_2,0.1845703125,0.477783203125,0.59033203125,0.070068359375,0.132568359375
5630,StutteringIsCool_80_114,0.2218017578125,0.248291015625,0.248291015625,0.09234619140625,0.22900390625
5631,StutteringIsCool_14_19,0.06304931640625,0.193115234375,0.2467041015625,0.038543701171875,0.034759521484375
5632,StutterTalk_48_11,0.0160980224609375,0.11102294921875,0.024932861328125,0.0531005859375,0.07489013671875
5633,StutterTalk_68_177,0.08062744140625,0.235595703125,0.060516357421875,0.03167724609375,0.0238189697265625
5634,StutterTalk_8_90,0.1683349609375,0.09088134765625,0.046112060546875,0.082275390625,0.84423828125
5635,StutterTalk_72_57,0.0236053466796875,0.10321044921875,0.045684814453125,0.2022705078125,0.0328369140625
5636,StutteringIsCool_80_177,0.0222930908203125,0.10174560546875,0.044342041015625,0.07891845703125,0.232177734375
5637,StrongVoices_23_132,0.2274169921875,0.2132568359375,0.0285491943359375,0.0118255615234375,0.037322998046875
5638,StrongVoices_23_103,0.2005615234375,0.3837890625,0.09320068359375,0.0287628173828125,0.035614013671875
5639,WomenWhoStutter_2_37,0.39111328125,0.281005859375,0.11474609375,0.0792236328125,0.187255859375
5640,StrongVoices_23_142,0.041534423828125,0.21240234375,0.06524658203125,0.10247802734375,0.127197265625
5641,StrongVoices_10_113,0.1910400390625,0.10821533203125,0.0177764892578125,0.043701171875,0.9599609375
5642,StutteringIsCool_81_24,0.058349609375,0.053985595703125,0.01483917236328125,0.0618896484375,0.09686279296875
5643,StrongVoices_19_16,0.07720947265625,0.1007080078125,0.02886962890625,0.130615234375,0.85595703125
5644,WomenWhoStutter_29_15,0.357666015625,0.10467529296875,0.01111602783203125,0.022979736328125,0.79150390625
5645,StutterTalk_16_35,0.0293121337890625,0.200927734375,0.1441650390625,0.044921875,0.056640625
5646,StrongVoices_25_11,0.061187744140625,0.045013427734375,0.007724761962890625,0.0274810791015625,0.03314208984375
5647,HVSA_0_15,0.041229248046875,0.218994140625,0.22607421875,0.11065673828125,0.06488037109375
5648,WomenWhoStutter_14_152,0.017913818359375,0.08868408203125,0.0245208740234375,0.04443359375,0.038330078125
5649,StutterTalk_64_7,0.1044921875,0.1639404296875,0.148681640625,0.10992431640625,0.324462890625
5650,WomenWhoStutter_73_24,0.0341796875,0.2313232421875,0.0726318359375,0.310791015625,0.1356201171875
5651,StutteringIsCool_37_31,0.056121826171875,0.230224609375,0.0631103515625,0.102294921875,0.11199951171875
5652,WomenWhoStutter_21_82,0.51123046875,0.1163330078125,0.033782958984375,0.01348114013671875,0.060638427734375
5653,WomenWhoStutter_30_174,0.2109375,0.126708984375,0.0179901123046875,0.10467529296875,0.32275390625
5654,StutterTalk_18_2,0.055816650390625,0.10577392578125,0.0144500732421875,0.0199432373046875,0.0118255615234375
5655,StutterTalk_69_5,0.045257568359375,0.2047119140625,0.03192138671875,0.08404541015625,0.52734375
5656,StrongVoices_19_17,0.044586181640625,0.10015869140625,0.033477783203125,0.0823974609375,0.10614013671875
5657,HVSA_1_67,0.08197021484375,0.44482421875,0.247802734375,0.04559326171875,0.11181640625
5658,StutterTalk_72_37,0.2086181640625,0.2890625,0.06268310546875,0.04620361328125,0.1500244140625
5659,HVSA_1_60,0.16845703125,0.161865234375,0.1177978515625,0.0228424072265625,0.01554107666015625
5660,WomenWhoStutter_27_31,0.272216796875,0.4072265625,0.630859375,0.1739501953125,0.0880126953125
5661,StrongVoices_14_15,0.03326416015625,0.0616455078125,0.005199432373046875,0.019012451171875,0.10931396484375
5662,StutterTalk_26_19,0.047607421875,0.049224853515625,0.0083465576171875,0.03448486328125,0.06634521484375
5663,HeStutters_12_27,0.054107666015625,0.185302734375,0.040771484375,0.036346435546875,0.12646484375
5664,StrongVoices_10_37,0.274658203125,0.191650390625,0.1014404296875,0.0213623046875,0.01450347900390625
5665,StutterTalk_8_170,0.1414794921875,0.18603515625,0.1993408203125,0.30419921875,0.2230224609375
5666,StutteringIsCool_16_3,0.07354736328125,0.1763916015625,0.03314208984375,0.1041259765625,0.548828125
5667,HVSA_2_165,0.51318359375,0.2401123046875,0.2034912109375,0.092041015625,0.2135009765625
5668,WomenWhoStutter_90_28,0.12890625,0.303466796875,0.3173828125,0.313232421875,0.77392578125
5669,HVSA_2_26,0.281494140625,0.275146484375,0.294189453125,0.03955078125,0.027374267578125
5670,StrongVoices_14_34,0.479736328125,0.1390380859375,0.11083984375,0.2005615234375,0.334716796875
5671,StutterTalk_64_149,0.2880859375,0.0701904296875,0.035614013671875,0.1383056640625,0.66943359375
5672,StutterTalk_62_24,0.379150390625,0.11456298828125,0.0634765625,0.040679931640625,0.2880859375
5673,StutterTalk_68_163,0.0272216796875,0.1279296875,0.0295867919921875,0.04510498046875,0.043212890625
5674,StutterTalk_62_14,0.1314697265625,0.09075927734375,0.01312255859375,0.0213623046875,0.2198486328125
5675,StutterTalk_77_0,0.05645751953125,0.11737060546875,0.010009765625,0.041778564453125,0.286376953125
5676,WomenWhoStutter_21_33,0.1507568359375,0.1373291015625,0.0144500732421875,0.039276123046875,0.364990234375
5677,StrongVoices_32_89,0.06829833984375,0.1895751953125,0.0229339599609375,0.0263519287109375,0.1536865234375
5678,StutterTalk_69_37,0.1304931640625,0.1417236328125,0.010406494140625,0.0141754150390625,0.07452392578125
5679,StutterTalk_13_10,0.030914306640625,0.0567626953125,0.0118255615234375,0.01554107666015625,0.029815673828125
5680,StutterTalk_38_5,0.12335205078125,0.0792236328125,0.00841522216796875,0.02752685546875,0.2020263671875
5681,StutterTalk_8_14,0.1026611328125,0.09234619140625,0.044921875,0.1546630859375,0.76806640625
5682,WomenWhoStutter_10_173,0.061187744140625,0.064208984375,0.00937652587890625,0.0228424072265625,0.034881591796875
5683,StutterTalk_37_22,0.036712646484375,0.06732177734375,0.0216217041015625,0.055938720703125,0.0261077880859375
5684,HeStutters_5_157,0.08660888671875,0.451416015625,0.58935546875,0.05987548828125,0.0546875
5685,StutteringIsCool_55_31,0.0260009765625,0.1829833984375,0.08978271484375,0.0765380859375,0.039276123046875
5686,StrongVoices_22_21,0.0390625,0.044677734375,0.010406494140625,0.0222930908203125,0.03338623046875
5687,StrongVoices_21_153,0.0582275390625,0.1553955078125,0.028167724609375,0.019561767578125,0.0191650390625
5688,StutterTalk_23_13,0.41748046875,0.0987548828125,0.034027099609375,0.020965576171875,0.036834716796875
5689,StutteringIsCool_49_8,0.04949951171875,0.07275390625,0.0207672119140625,0.0560302734375,0.042816162109375
5690,StutteringIsCool_34_127,0.08831787109375,0.082275390625,0.0232391357421875,0.035003662109375,0.09771728515625
5691,StutteringIsCool_80_83,0.08270263671875,0.144287109375,0.07879638671875,0.2027587890625,0.1561279296875
5692,WomenWhoStutter_30_26,0.11029052734375,0.08038330078125,0.00930023193359375,0.0127716064453125,0.07135009765625
5693,StutterTalk_76_1,0.04949951171875,0.052703857421875,0.00766754150390625,0.0127716064453125,0.042816162109375
5694,StutterTalk_79_23,0.1326904296875,0.1358642578125,0.0256195068359375,0.09637451171875,0.94677734375
5695,MyStutteringLife_39_34,0.10992431640625,0.451904296875,0.5888671875,0.199951171875,0.229736328125
5696,StrongVoices_21_35,0.029205322265625,0.070068359375,0.00997161865234375,0.0953369140625,0.1943359375
5697,StutteringIsCool_27_22,0.0289306640625,0.247802734375,0.1121826171875,0.0266571044921875,0.033660888671875
5698,StrongVoices_29_7,0.280029296875,0.1492919921875,0.01467132568359375,0.011199951171875,0.040679931640625
5699,StrongVoices_0_34,0.0251312255859375,0.08343505859375,0.01137542724609375,0.0177154541015625,0.0872802734375
5700,MyStutteringLife_39_30,0.0253753662109375,0.30517578125,0.24072265625,0.09466552734375,0.03753662109375
5701,WomenWhoStutter_97_107,0.5224609375,0.1427001953125,0.0247039794921875,0.021942138671875,0.181640625
5702,StrongVoices_21_179,0.060089111328125,0.07904052734375,0.0087127685546875,0.0097808837890625,0.02276611328125
5703,StutteringIsCool_23_33,0.097412109375,0.275390625,0.35498046875,0.52490234375,0.322509765625
5704,StrongVoices_21_147,0.0283355712890625,0.07989501953125,0.0102081298828125,0.038177490234375,0.1385498046875
5705,StutteringIsCool_34_169,0.09930419921875,0.10302734375,0.08343505859375,0.325439453125,0.8525390625
5706,StutterTalk_64_88,0.223388671875,0.2015380859375,0.1663818359375,0.0987548828125,0.04931640625
5707,MyStutteringLife_18_32,0.030914306640625,0.140625,0.076416015625,0.250244140625,0.06610107421875
5708,StutterTalk_26_37,0.0271759033203125,0.08709716796875,0.015716552734375,0.0179901123046875,0.015960693359375
5709,StutterTalk_28_21,0.1441650390625,0.40478515625,0.7294921875,0.312255859375,0.10595703125
5710,StutterTalk_7_33,0.227783203125,0.263916015625,0.32666015625,0.354248046875,0.286376953125
5711,StutteringIsCool_38_18,0.1341552734375,0.313720703125,0.1705322265625,0.273681640625,0.74462890625
5712,StrongVoices_12_18,0.1304931640625,0.087890625,0.0144500732421875,0.0194549560546875,0.0231475830078125
5713,StutteringIsCool_49_18,0.311767578125,0.0872802734375,0.02508544921875,0.0251312255859375,0.182861328125
5714,StutterTalk_14_3,0.297119140625,0.1934814453125,0.333740234375,0.1680908203125,0.169189453125
5715,HeStutters_16_132,0.04681396484375,0.2298583984375,0.11181640625,0.329833984375,0.51220703125
5716,HeStutters_11_134,0.09124755859375,0.064208984375,0.00881195068359375,0.0182342529296875,0.05194091796875
5717,IStutterSoWhat_0_128,0.026611328125,0.07318115234375,0.0141143798828125,0.0182952880859375,0.035736083984375
5718,StrongVoices_19_39,0.28125,0.046630859375,0.05511474609375,0.1063232421875,0.0792236328125
5719,StutterTalk_80_38,0.0150146484375,0.0728759765625,0.0179901123046875,0.040985107421875,0.035400390625
5720,StutterTalk_64_69,0.11968994140625,0.13330078125,0.10321044921875,0.081787109375,0.1534423828125
5721,HVSA_2_36,0.339111328125,0.31005859375,0.1678466796875,0.036895751953125,0.5888671875
5722,StrongVoices_21_194,0.055938720703125,0.097900390625,0.010986328125,0.0235137939453125,0.0567626953125
5723,StutteringIsCool_23_36,0.034423828125,0.083740234375,0.00963592529296875,0.04168701171875,0.0633544921875
5724,HVSA_1_69,0.1475830078125,0.329833984375,0.10894775390625,0.01554107666015625,0.059967041015625
5725,HeStutters_11_161,0.128662109375,0.20263671875,0.03314208984375,0.10247802734375,0.57421875
5726,StrongVoices_6_214,0.1519775390625,0.412353515625,0.160888671875,0.051177978515625,0.12274169921875
5727,StutterTalk_32_34,0.022247314453125,0.11553955078125,0.0296478271484375,0.1014404296875,0.061981201171875
5728,StrongVoices_21_105,0.03515625,0.11474609375,0.018768310546875,0.025909423828125,0.01812744140625
5729,StrongVoices_10_219,0.52001953125,0.375244140625,0.4912109375,0.08599853515625,0.0810546875
5730,WomenWhoStutter_64_11,0.0948486328125,0.11126708984375,0.042236328125,0.204345703125,0.55419921875
5731,WomenWhoStutter_87_20,0.06085205078125,0.16650390625,0.0230712890625,0.0323486328125,0.310791015625
5732,StutteringIsCool_27_24,0.0369873046875,0.420166015625,0.25537109375,0.073974609375,0.042388916015625
5733,WomenWhoStutter_21_27,0.06427001953125,0.1912841796875,0.0311431884765625,0.0167236328125,0.193359375
5734,HVSA_1_161,0.10107421875,0.391357421875,0.37939453125,0.1114501953125,0.048309326171875
5735,WomenWhoStutter_42_108,0.05718994140625,0.056854248046875,0.0032482147216796875,0.033966064453125,0.163818359375
5736,WomenWhoStutter_76_7,0.1734619140625,0.281982421875,0.1287841796875,0.2783203125,0.55419921875
5737,StrongVoices_21_70,0.028167724609375,0.08599853515625,0.007549285888671875,0.03253173828125,0.1922607421875
5738,WomenWhoStutter_2_65,0.2335205078125,0.388427734375,0.2398681640625,0.047149658203125,0.0723876953125
5739,StutterTalk_72_22,0.09857177734375,0.205322265625,0.050048828125,0.08648681640625,0.18994140625
5740,StutteringIsCool_46_63,0.10394287109375,0.28955078125,0.11181640625,0.07275390625,0.05340576171875
5741,StutterTalk_0_7,0.01898193359375,0.06097412109375,0.011688232421875,0.06561279296875,0.0709228515625
5742,WomenWhoStutter_55_32,0.2587890625,0.09808349609375,0.03436279296875,0.1787109375,0.4345703125
5743,StrongVoices_4_31,0.183837890625,0.1973876953125,0.0180206298828125,0.0173797607421875,0.07464599609375
5744,StrongVoices_9_15,0.094482421875,0.060302734375,0.0153045654296875,0.036712646484375,0.36865234375
5745,StutterTalk_1_26,0.181884765625,0.0792236328125,0.0257568359375,0.0810546875,0.61083984375
5746,StrongVoices_21_11,0.0266571044921875,0.052337646484375,0.011962890625,0.027435302734375,0.02001953125
5747,StutteringIsCool_28_33,0.076416015625,0.06805419921875,0.0057525634765625,0.0185394287109375,0.0703125
5748,StutteringIsCool_33_20,0.32421875,0.08758544921875,0.038970947265625,0.155517578125,0.83251953125
5749,HeStutters_16_189,0.29638671875,0.08929443359375,0.018646240234375,0.038116455078125,0.06951904296875
5750,HeStutters_16_111,0.0210113525390625,0.06854248046875,0.0162200927734375,0.08154296875,0.061431884765625
5751,WomenWhoStutter_62_143,0.0165252685546875,0.1165771484375,0.035400390625,0.249267578125,0.260498046875
5752,StrongVoices_21_181,0.048675537109375,0.2398681640625,0.08251953125,0.05224609375,0.05780029296875
5753,StrongVoices_8_18,0.114990234375,0.174560546875,0.0197601318359375,0.0162811279296875,0.0706787109375
5754,WomenWhoStutter_62_101,0.06396484375,0.05059814453125,0.005535125732421875,0.0177154541015625,0.038177490234375
5755,WomenWhoStutter_21_65,0.0582275390625,0.1434326171875,0.029144287109375,0.0258636474609375,0.1446533203125
5756,StutteringIsCool_45_33,0.29638671875,0.260986328125,0.10089111328125,0.06561279296875,0.154052734375
5757,StutterTalk_64_32,0.257080078125,0.079345703125,0.03271484375,0.01512908935546875,0.07330322265625
5758,WomenWhoStutter_2_167,0.0213623046875,0.126953125,0.040313720703125,0.174560546875,0.185546875
5759,StutterTalk_69_8,0.04949951171875,0.3134765625,0.431396484375,0.1026611328125,0.1558837890625
5760,StutteringIsCool_64_24,0.11126708984375,0.28564453125,0.0618896484375,0.0208892822265625,0.040313720703125
5761,WomenWhoStutter_2_198,0.078369140625,0.129150390625,0.042022705078125,0.248046875,0.85302734375
5762,HeStutters_11_102,0.04986572265625,0.12054443359375,0.01090240478515625,0.0526123046875,0.1607666015625
5763,StrongVoices_23_11,0.09234619140625,0.36376953125,0.06903076171875,0.034820556640625,0.06097412109375
5764,StutterTalk_18_28,0.0838623046875,0.217041015625,0.172607421875,0.408935546875,0.59228515625
5765,StutteringIsCool_17_2,0.0740966796875,0.164794921875,0.0242767333984375,0.03216552734375,0.04052734375
5766,StrongVoices_11_4,0.26806640625,0.16357421875,0.06231689453125,0.06768798828125,0.82861328125
5767,WomenWhoStutter_62_153,0.0416259765625,0.107421875,0.06597900390625,0.466552734375,0.359130859375
5768,StutteringIsCool_80_93,0.1199951171875,0.063720703125,0.04132080078125,0.183837890625,0.454345703125
5769,StutteringIsCool_69_1,0.0273284912109375,0.22265625,0.08709716796875,0.11859130859375,0.118408203125
5770,HVSA_2_63,0.0509033203125,0.2083740234375,0.182861328125,0.1221923828125,0.1314697265625
5771,StutterTalk_8_83,0.026458740234375,0.041839599609375,0.0174407958984375,0.04931640625,0.08038330078125
5772,HeStutters_2_15,0.2230224609375,0.12432861328125,0.0285491943359375,0.0217742919921875,0.070068359375
5773,StrongVoices_18_11,0.0296478271484375,0.1619873046875,0.03515625,0.038238525390625,0.07208251953125
5774,StrongVoices_12_4,0.1063232421875,0.1473388671875,0.009124755859375,0.0090179443359375,0.06524658203125
5775,StutteringIsCool_46_42,0.015777587890625,0.0966796875,0.01287078857421875,0.06829833984375,0.1260986328125
5776,HeStutters_11_168,0.1553955078125,0.142333984375,0.036712646484375,0.1876220703125,0.9365234375
5777,WomenWhoStutter_30_42,0.1591796875,0.4541015625,0.1451416015625,0.05145263671875,0.349365234375
5778,StutteringIsCool_17_37,0.11578369140625,0.127685546875,0.0143890380859375,0.031494140625,0.93115234375
5779,WomenWhoStutter_48_0,0.1329345703125,0.1175537109375,0.01229095458984375,0.03253173828125,0.88720703125
5780,StrongVoices_7_6,0.2178955078125,0.1494140625,0.016845703125,0.049407958984375,0.2037353515625
5781,StutterTalk_9_25,0.1533203125,0.12042236328125,0.0246124267578125,0.0258026123046875,0.06304931640625
5782,HVSA_2_190,0.14111328125,0.2147216796875,0.32958984375,0.1358642578125,0.18896484375
5783,WomenWhoStutter_97_74,0.08197021484375,0.25048828125,0.18798828125,0.410400390625,0.181640625
5784,StrongVoices_31_32,0.044525146484375,0.149658203125,0.03338623046875,0.01483917236328125,0.052520751953125
5785,StutteringIsCool_73_24,0.02606201171875,0.1829833984375,0.019989013671875,0.047149658203125,0.1375732421875
5786,WomenWhoStutter_2_143,0.143310546875,0.1263427734375,0.02276611328125,0.10577392578125,0.57666015625
5787,StutterTalk_58_36,0.0272674560546875,0.21533203125,0.090087890625,0.08465576171875,0.1639404296875
5788,StutteringIsCool_46_190,0.02423095703125,0.06488037109375,0.01029205322265625,0.044677734375,0.054595947265625
5789,StutterTalk_68_150,0.0753173828125,0.097412109375,0.01142120361328125,0.0121917724609375,0.0193023681640625
5790,StutteringIsCool_67_32,0.1468505859375,0.314453125,0.5869140625,0.359130859375,0.24560546875
5791,StutterTalk_3_29,0.1802978515625,0.2178955078125,0.061309814453125,0.07598876953125,0.85302734375
5792,HVSA_0_31,0.1302490234375,0.10723876953125,0.018157958984375,0.0276947021484375,0.73876953125
5793,StutterTalk_1_13,0.09930419921875,0.2213134765625,0.06634521484375,0.04217529296875,0.308349609375
5794,WomenWhoStutter_46_12,0.0509033203125,0.082275390625,0.027069091796875,0.06109619140625,0.06268310546875
5795,WomenWhoStutter_62_49,0.037322998046875,0.05108642578125,0.0125274658203125,0.07275390625,0.2113037109375
5796,WomenWhoStutter_12_13,0.10931396484375,0.07891845703125,0.018096923828125,0.01332855224609375,0.040252685546875
5797,IStutterSoWhat_3_148,0.0509033203125,0.13525390625,0.0192718505859375,0.1190185546875,0.59814453125
5798,StutteringIsCool_80_96,0.038177490234375,0.090087890625,0.0390625,0.0352783203125,0.1134033203125
5799,StutteringIsCool_17_1,0.11199951171875,0.2108154296875,0.070556640625,0.24560546875,0.77392578125
5800,HVSA_1_61,0.09088134765625,0.2335205078125,0.12139892578125,0.09283447265625,0.0364990234375
5801,StutterTalk_12_28,0.1973876953125,0.08929443359375,0.0391845703125,0.06304931640625,0.82080078125
5802,HeStutters_16_25,0.1302490234375,0.06646728515625,0.013275146484375,0.06890869140625,0.06719970703125
5803,StutteringIsCool_76_21,0.058441162109375,0.2264404296875,0.033660888671875,0.09075927734375,0.1131591796875
5804,StutterTalk_8_13,0.0809326171875,0.061309814453125,0.0199127197265625,0.07171630859375,0.744140625
5805,StutterTalk_3_39,0.045867919921875,0.360107421875,0.370849609375,0.073974609375,0.048126220703125
5806,StrongVoices_0_29,0.0574951171875,0.148681640625,0.054290771484375,0.10931396484375,0.055419921875
5807,StutteringIsCool_80_100,0.2281494140625,0.0701904296875,0.0121002197265625,0.021697998046875,0.9091796875
5808,HeStutters_18_129,0.165283203125,0.2265625,0.0196075439453125,0.0182952880859375,0.06610107421875
5809,StrongVoices_33_32,0.173828125,0.161865234375,0.0115966796875,0.021240234375,0.049957275390625
5810,StutterTalk_26_124,0.0306243896484375,0.1533203125,0.034698486328125,0.1597900390625,0.5205078125
5811,StutterTalk_46_6,0.056549072265625,0.140869140625,0.0221099853515625,0.034759521484375,0.08331298828125
5812,StrongVoices_1_34,0.07489013671875,0.1405029296875,0.0240020751953125,0.01287078857421875,0.0135345458984375
5813,StutterTalk_38_10,0.1041259765625,0.201171875,0.033966064453125,0.1083984375,0.4541015625
5814,WomenWhoStutter_45_18,0.033538818359375,0.1409912109375,0.09222412109375,0.24853515625,0.032470703125
5815,WomenWhoStutter_2_61,0.430419921875,0.07464599609375,0.01554107666015625,0.0284881591796875,0.83984375
5816,WomenWhoStutter_25_10,0.2158203125,0.268310546875,0.11993408203125,0.097900390625,0.11737060546875
5817,StutterTalk_28_33,0.052032470703125,0.281982421875,0.296875,0.476318359375,0.1466064453125
5818,MyStutteringLife_19_4,0.03948974609375,0.1669921875,0.0129241943359375,0.014007568359375,0.042572021484375
5819,StutterTalk_37_98,0.1033935546875,0.09967041015625,0.03021240234375,0.1314697265625,0.125244140625
5820,WomenWhoStutter_26_7,0.044189453125,0.132568359375,0.009857177734375,0.01433563232421875,0.03662109375
5821,WomenWhoStutter_30_183,0.1181640625,0.07574462890625,0.00919342041015625,0.02752685546875,0.144287109375
5822,MyStutteringLife_18_24,0.0217437744140625,0.050811767578125,0.01016998291015625,0.029876708984375,0.029541015625
5823,WomenWhoStutter_33_17,0.0301055908203125,0.07196044921875,0.00955963134765625,0.012481689453125,0.049774169921875
5824,WomenWhoStutter_2_185,0.0703125,0.41162109375,0.59033203125,0.11737060546875,0.10723876953125
5825,WomenWhoStutter_87_86,0.2998046875,0.3330078125,0.172119140625,0.1514892578125,0.404541015625
5826,StutterTalk_76_38,0.03790283203125,0.05224609375,0.00669097900390625,0.03582763671875,0.24169921875
5827,StutterTalk_26_43,0.11419677734375,0.20068359375,0.05145263671875,0.0258636474609375,0.406982421875
5828,StutterTalk_8_154,0.04986572265625,0.09912109375,0.1270751953125,0.203369140625,0.1396484375
5829,StutterTalk_72_16,0.12744140625,0.177001953125,0.1478271484375,0.1490478515625,0.15478515625
5830,WomenWhoStutter_2_72,0.1519775390625,0.2274169921875,0.07330322265625,0.00916290283203125,0.041839599609375
5831,StutteringIsCool_60_31,0.0312042236328125,0.07464599609375,0.0083770751953125,0.0302734375,0.045196533203125
5832,StrongVoices_12_22,0.01337432861328125,0.12176513671875,0.0243377685546875,0.10797119140625,0.06268310546875
5833,WomenWhoStutter_76_35,0.060516357421875,0.11126708984375,0.0217437744140625,0.0457763671875,0.311279296875
5834,WomenWhoStutter_96_73,0.11419677734375,0.328857421875,0.07879638671875,0.09039306640625,0.0843505859375
5835,StrongVoices_21_129,0.05194091796875,0.0885009765625,0.00997161865234375,0.06292724609375,0.3349609375
5836,HeStutters_5_152,0.252685546875,0.1529541015625,0.025665283203125,0.025421142578125,0.10650634765625
5837,WomenWhoStutter_2_27,0.028167724609375,0.167236328125,0.114990234375,0.2191162109375,0.0316162109375
5838,StutteringIsCool_73_37,0.018341064453125,0.076416015625,0.033843994140625,0.090087890625,0.1539306640625
5839,HVSA_2_194,0.10125732421875,0.253173828125,0.153564453125,0.08197021484375,0.035400390625
5840,HVSA_2_89,0.164794921875,0.263427734375,0.294189453125,0.32177734375,0.46630859375
5841,WomenWhoStutter_58_12,0.070068359375,0.12042236328125,0.012481689453125,0.06085205078125,0.4287109375
5842,StrongVoices_6_119,0.047943115234375,0.1580810546875,0.0179901123046875,0.0182342529296875,0.020599365234375
5843,MyStutteringLife_8_8,0.0278472900390625,0.30810546875,0.2271728515625,0.1380615234375,0.129150390625
5844,HeStutters_19_146,0.1954345703125,0.16943359375,0.047607421875,0.191650390625,0.400146484375
5845,StutterTalk_76_25,0.07574462890625,0.1304931640625,0.0141143798828125,0.0222015380859375,0.1187744140625
5846,StrongVoices_21_7,0.049041748046875,0.050811767578125,0.0266571044921875,0.08599853515625,0.045867919921875
5847,StutterTalk_15_24,0.0325927734375,0.0880126953125,0.02447509765625,0.053985595703125,0.02069091796875
5848,StrongVoices_19_4,0.469482421875,0.1094970703125,0.038116455078125,0.017852783203125,0.181640625
5849,StrongVoices_1_22,0.046295166015625,0.1519775390625,0.024383544921875,0.0247955322265625,0.097412109375
5850,HVSA_2_160,0.085693359375,0.235595703125,0.1607666015625,0.05194091796875,0.0552978515625
5851,StutteringIsCool_61_36,0.08648681640625,0.12347412109375,0.00605010986328125,0.007175445556640625,0.1239013671875
5852,HeStutters_18_76,0.0616455078125,0.10858154296875,0.01473236083984375,0.052337646484375,0.251953125
5853,WomenWhoStutter_30_186,0.0703125,0.097900390625,0.028656005859375,0.00806427001953125,0.01953125
5854,WomenWhoStutter_68_7,0.0379638671875,0.1444091796875,0.036285400390625,0.1304931640625,0.41748046875
5855,StutterTalk_53_1,0.0743408203125,0.240234375,0.1873779296875,0.044189453125,0.0221099853515625
5856,WomenWhoStutter_62_222,0.04443359375,0.047332763671875,0.00579833984375,0.0241851806640625,0.1033935546875
5857,StutteringIsCool_47_22,0.08209228515625,0.0816650390625,0.0137939453125,0.043121337890625,0.76904296875
5858,StutteringIsCool_40_24,0.10174560546875,0.10821533203125,0.07476806640625,0.04132080078125,0.250244140625
5859,StutterTalk_76_8,0.357177734375,0.312744140625,0.419189453125,0.058135986328125,0.0894775390625
5860,StutterTalk_37_108,0.12493896484375,0.1134033203125,0.0560302734375,0.1055908203125,0.0300445556640625
5861,StutterTalk_68_137,0.034942626953125,0.07464599609375,0.007785797119140625,0.024993896484375,0.035003662109375
5862,StutterTalk_38_28,0.1270751953125,0.3193359375,0.416259765625,0.31689453125,0.270263671875
5863,HVSA_1_156,0.06829833984375,0.135498046875,0.10125732421875,0.09124755859375,0.13037109375
5864,StutterTalk_72_35,0.07080078125,0.198486328125,0.0236968994140625,0.2330322265625,0.167236328125
5865,StrongVoices_23_33,0.08709716796875,0.1912841796875,0.020294189453125,0.01132965087890625,0.07476806640625
5866,WomenWhoStutter_2_114,0.0489501953125,0.07183837890625,0.020721435546875,0.055419921875,0.040924072265625
5867,StutterTalk_8_142,0.218017578125,0.11993408203125,0.0850830078125,0.1280517578125,0.8056640625
5868,StrongVoices_10_199,0.5400390625,0.322021484375,0.10125732421875,0.0482177734375,0.1405029296875
5869,StutterTalk_37_42,0.1258544921875,0.1419677734375,0.1014404296875,0.0469970703125,0.11358642578125
5870,StutterTalk_18_33,0.1063232421875,0.1580810546875,0.053192138671875,0.04046630859375,0.1104736328125
5871,StrongVoices_11_14,0.2333984375,0.3486328125,0.080078125,0.036163330078125,0.06427001953125
5872,MyStutteringLife_0_3,0.260986328125,0.1795654296875,0.1087646484375,0.1378173828125,0.06597900390625
5873,MyStutteringLife_39_6,0.1900634765625,0.39892578125,0.2054443359375,0.284423828125,0.21240234375
5874,StutterTalk_77_18,0.0592041015625,0.50146484375,0.50048828125,0.09637451171875,0.11553955078125
5875,HVSA_0_2,0.05511474609375,0.0953369140625,0.0169830322265625,0.0775146484375,0.26171875
5876,StrongVoices_9_27,0.1153564453125,0.0753173828125,0.01024627685546875,0.017303466796875,0.0755615234375
5877,HeStutters_19_98,0.262939453125,0.2646484375,0.0782470703125,0.02001953125,0.1639404296875
5878,WomenWhoStutter_55_7,0.08599853515625,0.087890625,0.014617919921875,0.034820556640625,0.042236328125
5879,StrongVoices_12_28,0.0252685546875,0.135498046875,0.026702880859375,0.03021240234375,0.0384521484375
5880,StrongVoices_1_26,0.061431884765625,0.1512451171875,0.01467132568359375,0.035736083984375,0.033203125
5881,WomenWhoStutter_21_183,0.0966796875,0.1739501953125,0.03228759765625,0.0196380615234375,0.0251312255859375
5882,StutterTalk_53_29,0.044586181640625,0.10125732421875,0.01306915283203125,0.033660888671875,0.6318359375
5883,StrongVoices_24_32,0.2459716796875,0.10357666015625,0.01666259765625,0.01090240478515625,0.11126708984375
5884,WomenWhoStutter_15_31,0.0706787109375,0.10577392578125,0.01146697998046875,0.06231689453125,0.52197265625
5885,StutterTalk_25_136,0.0223236083984375,0.05877685546875,0.010009765625,0.0213623046875,0.0179901123046875
5886,StrongVoices_6_143,0.396728515625,0.22021484375,0.02215576171875,0.00812530517578125,0.05572509765625
5887,MyStutteringLife_8_13,0.0199432373046875,0.2255859375,0.0526123046875,0.037750244140625,0.03192138671875
5888,StrongVoices_32_190,0.339599609375,0.250732421875,0.042724609375,0.042633056640625,0.12335205078125
5889,StutterTalk_12_2,0.1365966796875,0.0631103515625,0.0199127197265625,0.059661865234375,0.04486083984375
5890,WomenWhoStutter_14_77,0.10858154296875,0.370361328125,0.443115234375,0.035491943359375,0.027801513671875
5891,MyStutteringLife_5_2,0.05419921875,0.1519775390625,0.0305633544921875,0.11517333984375,0.1134033203125
5892,WomenWhoStutter_30_175,0.07421875,0.060302734375,0.00634002685546875,0.0290374755859375,0.14501953125
5893,WomenWhoStutter_2_106,0.11419677734375,0.1163330078125,0.0150146484375,0.0192718505859375,0.320068359375
5894,StrongVoices_6_145,0.053192138671875,0.224365234375,0.0137939453125,0.0162811279296875,0.03460693359375
5895,StutterTalk_26_76,0.05865478515625,0.2032470703125,0.0343017578125,0.060638427734375,0.1177978515625
5896,StutterTalk_26_109,0.0191192626953125,0.09136962890625,0.011199951171875,0.021453857421875,0.0272216796875
5897,StrongVoices_32_27,0.046478271484375,0.224609375,0.061767578125,0.02484130859375,0.011505126953125
5898,HVSA_3_33,0.09912109375,0.339111328125,0.404541015625,0.06781005859375,0.039703369140625
5899,StutteringIsCool_47_14,0.06756591796875,0.1517333984375,0.0225372314453125,0.01560211181640625,0.08209228515625
5900,StutterTalk_78_12,0.1549072265625,0.15234375,0.038238525390625,0.0094146728515625,0.028167724609375
5901,HVSA_1_183,0.059112548828125,0.36767578125,0.2447509765625,0.057586669921875,0.0872802734375
5902,WomenWhoStutter_108_12,0.06671142578125,0.0880126953125,0.004467010498046875,0.0161590576171875,0.334228515625
5903,WomenWhoStutter_68_3,0.0460205078125,0.18798828125,0.0227203369140625,0.093505859375,0.438232421875
5904,StutterTalk_26_57,0.016021728515625,0.095703125,0.010009765625,0.04949951171875,0.204345703125
5905,StutterTalk_10_30,0.1351318359375,0.0537109375,0.0068511962890625,0.0289764404296875,0.76025390625
5906,WomenWhoStutter_2_120,0.053985595703125,0.2264404296875,0.090087890625,0.042236328125,0.1019287109375
5907,StutteringIsCool_80_141,0.529296875,0.140380859375,0.1727294921875,0.0740966796875,0.058563232421875
5908,StrongVoices_21_185,0.0794677734375,0.2646484375,0.06829833984375,0.0290374755859375,0.054901123046875
5909,IStutterSoWhat_0_107,0.042327880859375,0.1942138671875,0.0369873046875,0.0552978515625,0.17236328125
5910,StrongVoices_32_112,0.1026611328125,0.2017822265625,0.02215576171875,0.017578125,0.01560211181640625
5911,MyStutteringLife_0_24,0.0213623046875,0.1500244140625,0.041473388671875,0.092041015625,0.0699462890625
5912,StutterTalk_25_85,0.033203125,0.08709716796875,0.00621795654296875,0.02447509765625,0.05450439453125
5913,StutterTalk_46_3,0.06549072265625,0.189208984375,0.061187744140625,0.030853271484375,0.055206298828125
5914,WomenWhoStutter_21_88,0.057373046875,0.241455078125,0.028167724609375,0.024139404296875,0.048126220703125
5915,StutterTalk_8_159,0.21533203125,0.12274169921875,0.08929443359375,0.39306640625,0.45068359375
5916,StutteringIsCool_18_33,0.1014404296875,0.06451416015625,0.020721435546875,0.01306915283203125,0.1251220703125
5917,StutterTalk_18_32,0.02386474609375,0.1448974609375,0.0188751220703125,0.13623046875,0.1673583984375
5918,StutteringIsCool_69_9,0.107421875,0.219482421875,0.10089111328125,0.037200927734375,0.68603515625
5919,HeStutters_5_182,0.08465576171875,0.4072265625,0.73046875,0.140869140625,0.0753173828125
5920,WomenWhoStutter_97_192,0.11297607421875,0.18603515625,0.03424072265625,0.11456298828125,0.92822265625
5921,StutterTalk_38_3,0.0567626953125,0.10504150390625,0.0328369140625,0.0531005859375,0.1279296875
5922,StutteringIsCool_64_17,0.166259765625,0.288330078125,0.28369140625,0.1175537109375,0.12493896484375
5923,StutterTalk_3_37,0.07598876953125,0.4033203125,0.5830078125,0.147705078125,0.2203369140625
5924,HVSA_1_162,0.037689208984375,0.1048583984375,0.035552978515625,0.0880126953125,0.296875
5925,StrongVoices_10_213,0.09619140625,0.126220703125,0.01483917236328125,0.01751708984375,0.05389404296875
5926,StrongVoices_31_8,0.053192138671875,0.12445068359375,0.0112457275390625,0.020294189453125,0.388427734375
5927,StutterTalk_80_27,0.0210418701171875,0.11126708984375,0.048858642578125,0.042816162109375,0.0162811279296875
5928,StutterTalk_72_12,0.04443359375,0.2349853515625,0.061431884765625,0.0309600830078125,0.0301513671875
5929,HeStutters_16_160,0.146728515625,0.0994873046875,0.01073455810546875,0.0374755859375,0.46484375
5930,WomenWhoStutter_30_83,0.06951904296875,0.10089111328125,0.007373809814453125,0.0094146728515625,0.0517578125
5931,WomenWhoStutter_87_177,0.06500244140625,0.2469482421875,0.252685546875,0.161376953125,0.1083984375
5932,StutteringIsCool_18_34,0.059326171875,0.10992431640625,0.0247039794921875,0.1866455078125,0.7607421875
5933,StrongVoices_1_3,0.0305633544921875,0.11676025390625,0.0188751220703125,0.01450347900390625,0.0266571044921875
5934,WomenWhoStutter_62_4,0.0303802490234375,0.1295166015625,0.06927490234375,0.418701171875,0.1949462890625
5935,HVSA_0_87,0.32958984375,0.08599853515625,0.0129241943359375,0.02288818359375,0.8388671875
5936,StutterTalk_64_59,0.2425537109375,0.0880126953125,0.0252685546875,0.08050537109375,0.90185546875
5937,WomenWhoStutter_8_33,0.08599853515625,0.28857421875,0.06658935546875,0.0103302001953125,0.1705322265625
5938,WomenWhoStutter_49_27,0.0247039794921875,0.164306640625,0.06982421875,0.11614990234375,0.2298583984375
5939,StutteringIsCool_67_36,0.017181396484375,0.07122802734375,0.0200653076171875,0.05059814453125,0.062103271484375
5940,StutterTalk_8_131,0.08404541015625,0.11419677734375,0.1407470703125,0.0704345703125,0.03912353515625
5941,StrongVoices_23_191,0.421142578125,0.2327880859375,0.037322998046875,0.0118255615234375,0.272216796875
5942,WomenWhoStutter_25_9,0.137939453125,0.1622314453125,0.0143890380859375,0.0416259765625,0.09844970703125
5943,StutterTalk_58_23,0.0180206298828125,0.17431640625,0.1285400390625,0.1236572265625,0.08660888671875
5944,StutterTalk_34_35,0.1429443359375,0.260498046875,0.06439208984375,0.0889892578125,0.469970703125
5945,StutterTalk_63_54,0.091552734375,0.1729736328125,0.036834716796875,0.054290771484375,0.2034912109375
5946,StutterTalk_68_134,0.06781005859375,0.13818359375,0.0119171142578125,0.0153045654296875,0.0284881591796875
5947,WomenWhoStutter_62_109,0.411376953125,0.10089111328125,0.0173797607421875,0.09124755859375,0.19189453125
5948,StrongVoices_21_170,0.5126953125,0.1630859375,0.0280609130859375,0.041473388671875,0.54736328125
5949,WomenWhoStutter_62_218,0.052703857421875,0.1483154296875,0.038909912109375,0.0784912109375,0.041229248046875
5950,StutteringIsCool_79_13,0.11065673828125,0.26513671875,0.1214599609375,0.022796630859375,0.0271148681640625
5951,StrongVoices_6_205,0.089111328125,0.384765625,0.0460205078125,0.0226287841796875,0.029815673828125
5952,StutterTalk_64_186,0.1280517578125,0.0802001953125,0.02069091796875,0.0255126953125,0.02044677734375
5953,IStutterSoWhat_3_112,0.28955078125,0.216796875,0.045867919921875,0.035064697265625,0.52783203125
5954,StutterTalk_4_19,0.0200653076171875,0.260498046875,0.1512451171875,0.26611328125,0.191650390625
5955,StutterTalk_10_9,0.62109375,0.08758544921875,0.023956298828125,0.03582763671875,0.767578125
5956,StrongVoices_31_11,0.118408203125,0.1697998046875,0.01111602783203125,0.0182647705078125,0.15087890625
5957,StutterTalk_37_14,0.029815673828125,0.06524658203125,0.0181884765625,0.10595703125,0.2454833984375
5958,HVSA_1_74,0.05633544921875,0.1568603515625,0.0364990234375,0.018798828125,0.06097412109375
5959,StutterTalk_7_26,0.04168701171875,0.223876953125,0.060760498046875,0.0306243896484375,0.034088134765625
5960,StutterTalk_26_169,0.06488037109375,0.1636962890625,0.06622314453125,0.2548828125,0.8759765625
5961,HVSA_1_179,0.120849609375,0.10089111328125,0.038970947265625,0.08050537109375,0.7080078125
5962,StutterTalk_22_0,0.039794921875,0.1395263671875,0.01450347900390625,0.0303802490234375,0.04010009765625
5963,StrongVoices_6_87,0.2374267578125,0.1715087890625,0.0211181640625,0.033203125,0.03228759765625
5964,WomenWhoStutter_30_115,0.06097412109375,0.2022705078125,0.020172119140625,0.0225372314453125,0.044189453125
5965,HVSA_2_91,0.11737060546875,0.2142333984375,0.11395263671875,0.0699462890625,0.048858642578125
5966,StutterTalk_26_20,0.120849609375,0.10797119140625,0.0095977783203125,0.0222015380859375,0.0521240234375
5967,StutterTalk_64_81,0.0867919921875,0.06732177734375,0.018402099609375,0.020294189453125,0.0290374755859375
5968,HVSA_0_108,0.1083984375,0.2032470703125,0.05242919921875,0.00989532470703125,0.021209716796875
5969,HeStutters_5_75,0.08599853515625,0.1708984375,0.0225372314453125,0.0830078125,0.93115234375
5970,HeStutters_17_10,0.043701171875,0.208984375,0.06646728515625,0.0869140625,0.51708984375
5971,StutterTalk_15_21,0.326171875,0.18505859375,0.30029296875,0.5361328125,0.56787109375
5972,StrongVoices_8_10,0.2459716796875,0.155517578125,0.0252227783203125,0.0236968994140625,0.57958984375
5973,WomenWhoStutter_97_189,0.131591796875,0.357666015625,0.449951171875,0.1624755859375,0.04217529296875
5974,StutterTalk_72_34,0.03759765625,0.10394287109375,0.00821685791015625,0.10107421875,0.1923828125
5975,StutterTalk_8_110,0.034423828125,0.10302734375,0.04620361328125,0.08648681640625,0.042327880859375
5976,WomenWhoStutter_76_10,0.62744140625,0.1573486328125,0.036834716796875,0.0180511474609375,0.10107421875
5977,StrongVoices_21_106,0.0743408203125,0.246337890625,0.1646728515625,0.1983642578125,0.0849609375
5978,HVSA_2_19,0.2274169921875,0.2005615234375,0.1544189453125,0.0229339599609375,0.070068359375
5979,StrongVoices_32_38,0.720703125,0.114990234375,0.063232421875,0.0164031982421875,0.11126708984375
5980,StutterTalk_64_76,0.0867919921875,0.1473388671875,0.038543701171875,0.09185791015625,0.80810546875
5981,StutterTalk_28_6,0.33544921875,0.1572265625,0.051544189453125,0.10467529296875,0.92431640625
5982,WomenWhoStutter_30_68,0.043853759765625,0.1165771484375,0.0211181640625,0.037261962890625,0.0509033203125
5983,StutterTalk_66_22,0.0237274169921875,0.06256103515625,0.0150146484375,0.043609619140625,0.03643798828125
5984,StrongVoices_28_5,0.10321044921875,0.0560302734375,0.00945281982421875,0.0185394287109375,0.031494140625
5985,StutteringIsCool_1_16,0.018798828125,0.056549072265625,0.0118255615234375,0.046539306640625,0.030914306640625
5986,IStutterSoWhat_0_111,0.0321044921875,0.056640625,0.01024627685546875,0.0271759033203125,0.0220794677734375
5987,StutterTalk_64_20,0.09466552734375,0.1341552734375,0.058013916015625,0.063232421875,0.08770751953125
5988,WomenWhoStutter_2_96,0.1402587890625,0.1334228515625,0.036163330078125,0.2049560546875,0.91650390625
5989,WomenWhoStutter_15_17,0.7587890625,0.269775390625,0.26318359375,0.047882080078125,0.053009033203125
5990,WomenWhoStutter_8_20,0.04534912109375,0.318603515625,0.0740966796875,0.023956298828125,0.143798828125
5991,WomenWhoStutter_30_86,0.045257568359375,0.06719970703125,0.00971221923828125,0.01483917236328125,0.0276947021484375
5992,StutterTalk_37_71,0.13427734375,0.12335205078125,0.024566650390625,0.07904052734375,0.64892578125
5993,StutterTalk_1_6,0.12127685546875,0.09808349609375,0.02423095703125,0.0863037109375,0.7919921875
5994,StutteringIsCool_75_39,0.0318603515625,0.262939453125,0.06597900390625,0.11279296875,0.267578125
5995,StutterTalk_64_107,0.481201171875,0.106689453125,0.04376220703125,0.03155517578125,0.0816650390625
5996,StrongVoices_6_202,0.10107421875,0.122314453125,0.01306915283203125,0.01358795166015625,0.01983642578125
5997,StrongVoices_27_6,0.327392578125,0.2337646484375,0.0333251953125,0.040679931640625,0.2587890625
5998,StutterTalk_55_22,0.034423828125,0.369140625,0.07354736328125,0.100341796875,0.11419677734375
5999,WomenWhoStutter_68_16,0.1405029296875,0.279541015625,0.050994873046875,0.1387939453125,0.4970703125
6000,StrongVoices_9_36,0.07611083984375,0.164794921875,0.01763916015625,0.019012451171875,0.1737060546875
6001,HVSA_2_117,0.439453125,0.310791015625,0.509765625,0.0965576171875,0.09368896484375
6002,StutterTalk_37_133,0.173828125,0.086181640625,0.041229248046875,0.241455078125,0.84716796875
6003,HVSA_2_161,0.63818359375,0.2080078125,0.304443359375,0.10821533203125,0.06304931640625
6004,StutteringIsCool_29_35,0.060211181640625,0.063720703125,0.026702880859375,0.027374267578125,0.10247802734375
6005,WomenWhoStutter_46_1,0.259521484375,0.089599609375,0.019683837890625,0.05419921875,0.81298828125
6006,HeStutters_16_1,0.10577392578125,0.0880126953125,0.0287628173828125,0.1822509765625,0.19189453125
6007,StutterTalk_8_42,0.070556640625,0.07794189453125,0.0221099853515625,0.06793212890625,0.85107421875
6008,StutterTalk_16_3,0.09637451171875,0.2890625,0.47607421875,0.63330078125,0.4052734375
6009,StutteringIsCool_33_18,0.03314208984375,0.321044921875,0.251708984375,0.293212890625,0.2203369140625
6010,StrongVoices_0_21,0.09283447265625,0.2218017578125,0.0203704833984375,0.01554107666015625,0.03240966796875
6011,HVSA_3_171,0.233154296875,0.11553955078125,0.0775146484375,0.0257110595703125,0.4375
6012,StutterTalk_7_36,0.145263671875,0.1187744140625,0.0531005859375,0.0141754150390625,0.01861572265625
6013,StrongVoices_8_16,0.0226287841796875,0.06744384765625,0.012481689453125,0.03662109375,0.2138671875
6014,StrongVoices_29_22,0.2100830078125,0.04876708984375,0.007724761962890625,0.0225830078125,0.1387939453125
6015,StutterTalk_54_8,0.1177978515625,0.09075927734375,0.0182952880859375,0.128173828125,0.880859375
6016,StutterTalk_25_168,0.0167236328125,0.09515380859375,0.0273284912109375,0.0615234375,0.04986572265625
6017,WomenWhoStutter_87_35,0.0304412841796875,0.07598876953125,0.0218658447265625,0.062103271484375,0.1790771484375
6018,WomenWhoStutter_45_33,0.047332763671875,0.08648681640625,0.034759521484375,0.04779052734375,0.10015869140625
6019,WomenWhoStutter_46_6,0.06817626953125,0.058990478515625,0.005664825439453125,0.0125274658203125,0.045867919921875
6020,StrongVoices_21_94,0.05987548828125,0.0782470703125,0.0070953369140625,0.0197601318359375,0.2374267578125
6021,StutteringIsCool_15_6,0.0261077880859375,0.06231689453125,0.00621795654296875,0.01229095458984375,0.04376220703125
6022,WomenWhoStutter_96_150,0.036346435546875,0.11676025390625,0.038909912109375,0.1787109375,0.063232421875
6023,WomenWhoStutter_10_44,0.354248046875,0.132568359375,0.01384735107421875,0.024658203125,0.17724609375
6024,StrongVoices_8_20,0.5,0.2176513671875,0.06085205078125,0.01450347900390625,0.044586181640625
6025,StutteringIsCool_34_138,0.040374755859375,0.173583984375,0.07965087890625,0.40087890625,0.480712890625
6026,StrongVoices_29_2,0.369140625,0.0970458984375,0.0199127197265625,0.0161590576171875,0.03033447265625
6027,StrongVoices_23_107,0.272216796875,0.1951904296875,0.050811767578125,0.06829833984375,0.82275390625
6028,StutterTalk_9_34,0.04443359375,0.08880615234375,0.0131683349609375,0.019378662109375,0.07696533203125
6029,WomenWhoStutter_2_146,0.061767578125,0.1453857421875,0.051849365234375,0.09271240234375,0.2255859375
6030,WomenWhoStutter_83_37,0.027069091796875,0.15087890625,0.01812744140625,0.046295166015625,0.053192138671875
6031,StutterTalk_15_10,0.21435546875,0.33154296875,0.51318359375,0.185546875,0.345703125
6032,StutteringIsCool_76_4,0.11798095703125,0.093017578125,0.033203125,0.132568359375,0.469970703125
6033,WomenWhoStutter_43_29,0.69189453125,0.15087890625,0.0994873046875,0.0236968994140625,0.036346435546875
6034,StrongVoices_21_168,0.042388916015625,0.0567626953125,0.0274810791015625,0.05291748046875,0.019195556640625
6035,StutteringIsCool_80_48,0.031494140625,0.04327392578125,0.0137939453125,0.0537109375,0.273681640625
6036,StutterTalk_16_37,0.08599853515625,0.1517333984375,0.058135986328125,0.093017578125,0.8271484375
6037,StutteringIsCool_80_203,0.06536865234375,0.07196044921875,0.0156707763671875,0.0289764404296875,0.6455078125
6038,WomenWhoStutter_83_18,0.10968017578125,0.07171630859375,0.011688232421875,0.040771484375,0.363037109375
6039,StutterTalk_64_152,0.058013916015625,0.12841796875,0.1163330078125,0.151611328125,0.06671142578125
6040,StutterTalk_26_178,0.0287628173828125,0.10595703125,0.06231689453125,0.06964111328125,0.036224365234375
6041,StutterTalk_1_12,0.07989501953125,0.149169921875,0.0333251953125,0.11102294921875,0.403564453125
6042,StutteringIsCool_80_11,0.043212890625,0.1419677734375,0.1517333984375,0.273681640625,0.24365234375
6043,StutterTalk_37_92,0.1231689453125,0.07122802734375,0.0163421630859375,0.0966796875,0.5478515625
6044,StrongVoices_9_26,0.19775390625,0.140869140625,0.0241851806640625,0.052703857421875,0.44970703125
6045,StutterTalk_72_157,0.52734375,0.289794921875,0.1849365234375,0.168212890625,0.153076171875
6046,StutterTalk_22_1,0.014556884765625,0.10894775390625,0.01837158203125,0.044677734375,0.212890625
6047,StrongVoices_23_140,0.162353515625,0.2327880859375,0.035888671875,0.0217742919921875,0.0180511474609375
6048,HVSA_0_72,0.0753173828125,0.077392578125,0.007549285888671875,0.01983642578125,0.6259765625
6049,StrongVoices_5_3,0.042877197265625,0.2413330078125,0.07080078125,0.07598876953125,0.2313232421875
6050,StutteringIsCool_46_33,0.094482421875,0.1561279296875,0.0236053466796875,0.040679931640625,0.1199951171875
6051,StutterTalk_64_177,0.0765380859375,0.1329345703125,0.056549072265625,0.057281494140625,0.054595947265625
6052,WomenWhoStutter_2_125,0.049224853515625,0.2060546875,0.0401611328125,0.08868408203125,0.48046875
6053,StutterTalk_26_156,0.015777587890625,0.134033203125,0.03753662109375,0.240478515625,0.353515625
6054,StutteringIsCool_69_39,0.035003662109375,0.061309814453125,0.00905609130859375,0.0232391357421875,0.0235595703125
6055,StutteringIsCool_29_26,0.03985595703125,0.07861328125,0.0282135009765625,0.0265045166015625,0.1705322265625
6056,StutterTalk_49_21,0.09722900390625,0.1810302734375,0.0775146484375,0.2393798828125,0.53466796875
6057,HVSA_0_51,0.10174560546875,0.05987548828125,0.018585205078125,0.041839599609375,0.1217041015625
6058,WomenWhoStutter_2_28,0.047943115234375,0.1754150390625,0.046539306640625,0.12066650390625,0.2125244140625
6059,StutteringIsCool_84_25,0.0296478271484375,0.11376953125,0.058349609375,0.01554107666015625,0.0352783203125
6060,StutterTalk_8_52,0.0439453125,0.07489013671875,0.029083251953125,0.11798095703125,0.2410888671875
6061,HVSA_0_4,0.07275390625,0.1356201171875,0.05242919921875,0.190673828125,0.57470703125
6062,StutteringIsCool_38_28,0.0546875,0.1800537109375,0.028594970703125,0.03155517578125,0.039947509765625
6063,IStutterSoWhat_3_2,0.07891845703125,0.345458984375,0.31298828125,0.04931640625,0.02947998046875
6064,StrongVoices_9_11,0.0546875,0.087890625,0.0141143798828125,0.011688232421875,0.07330322265625
6065,HVSA_3_157,0.087890625,0.370849609375,0.461669921875,0.1131591796875,0.11102294921875
6066,StrongVoices_17_30,0.0251312255859375,0.1048583984375,0.0271148681640625,0.059417724609375,0.0489501953125
6067,IStutterSoWhat_3_155,0.09283447265625,0.10723876953125,0.051544189453125,0.02001953125,0.203369140625
6068,StutterTalk_8_41,0.04046630859375,0.07806396484375,0.04803466796875,0.2242431640625,0.2337646484375
6069,WomenWhoStutter_58_13,0.1328125,0.1295166015625,0.0108184814453125,0.0303802490234375,0.1756591796875
6070,HeStutters_5_81,0.048583984375,0.08404541015625,0.01233673095703125,0.0154266357421875,0.0165863037109375
6071,HVSA_2_6,0.082275390625,0.2646484375,0.307373046875,0.2459716796875,0.09185791015625
6072,WomenWhoStutter_87_84,0.0279083251953125,0.25390625,0.1966552734375,0.10595703125,0.0279541015625
6073,WomenWhoStutter_68_11,0.14501953125,0.16015625,0.0305023193359375,0.16455078125,0.7578125
6074,StutteringIsCool_80_183,0.28369140625,0.130615234375,0.021820068359375,0.0173797607421875,0.174560546875
6075,StutterTalk_49_24,0.05706787109375,0.22119140625,0.046295166015625,0.1787109375,0.310302734375
6076,WomenWhoStutter_48_34,0.0889892578125,0.06427001953125,0.01078033447265625,0.017578125,0.01177978515625
6077,HVSA_2_96,0.25244140625,0.2451171875,0.17236328125,0.0469970703125,0.08831787109375
6078,HeStutters_5_96,0.0762939453125,0.33740234375,0.64013671875,0.073974609375,0.0604248046875
6079,StutteringIsCool_40_37,0.03125,0.047943115234375,0.00812530517578125,0.0171051025390625,0.050506591796875
6080,WomenWhoStutter_86_159,0.06939697265625,0.2176513671875,0.02056884765625,0.055419921875,0.271240234375
6081,WomenWhoStutter_86_29,0.06500244140625,0.126953125,0.01238250732421875,0.139892578125,0.326904296875
6082,WomenWhoStutter_97_171,0.10968017578125,0.43310546875,0.5302734375,0.40869140625,0.1795654296875
6083,HVSA_0_127,0.11126708984375,0.307861328125,0.08526611328125,0.00734710693359375,0.06671142578125
6084,StutteringIsCool_16_22,0.034942626953125,0.173583984375,0.11798095703125,0.09619140625,0.423583984375
6085,StutteringIsCool_1_0,0.29638671875,0.2186279296875,0.2451171875,0.15576171875,0.62255859375
6086,StutterTalk_68_174,0.03253173828125,0.057708740234375,0.01137542724609375,0.04400634765625,0.2744140625
6087,HVSA_3_109,0.10894775390625,0.297119140625,0.1893310546875,0.06097412109375,0.046539306640625
6088,HVSA_2_142,0.0386962890625,0.20654296875,0.19873046875,0.333740234375,0.136474609375
6089,StutteringIsCool_49_38,0.097900390625,0.0634765625,0.00701141357421875,0.03704833984375,0.06634521484375
6090,WomenWhoStutter_2_138,0.10394287109375,0.2242431640625,0.090576171875,0.052825927734375,0.0244293212890625
6091,WomenWhoStutter_2_3,0.0966796875,0.192138671875,0.04913330078125,0.05975341796875,0.114990234375
6092,HeStutters_0_30,0.07904052734375,0.1708984375,0.0290374755859375,0.0240936279296875,0.04168701171875
6093,StutterTalk_15_2,0.07696533203125,0.053009033203125,0.010406494140625,0.042022705078125,0.07147216796875
6094,WomenWhoStutter_30_9,0.24658203125,0.1063232421875,0.0279083251953125,0.042877197265625,0.0457763671875
6095,StutterTalk_18_4,0.050994873046875,0.09466552734375,0.0185089111328125,0.02880859375,0.03179931640625
6096,StrongVoices_32_167,0.759765625,0.18408203125,0.1995849609375,0.060638427734375,0.08123779296875
6097,StrongVoices_29_26,0.0321044921875,0.1497802734375,0.09637451171875,0.050323486328125,0.05645751953125
6098,StutteringIsCool_80_172,0.07806396484375,0.14013671875,0.09368896484375,0.14794921875,0.396484375
6099,StutterTalk_63_57,0.03314208984375,0.167236328125,0.0784912109375,0.10504150390625,0.134521484375
6100,StutteringIsCool_62_17,0.06707763671875,0.250732421875,0.059539794921875,0.05987548828125,0.1563720703125
6101,StutteringIsCool_45_22,0.09368896484375,0.1131591796875,0.02337646484375,0.048126220703125,0.2171630859375
6102,StrongVoices_10_33,0.4677734375,0.0706787109375,0.0197601318359375,0.014617919921875,0.07366943359375
6103,IStutterSoWhat_3_151,0.1776123046875,0.212890625,0.08758544921875,0.08416748046875,0.03955078125
6104,StutterTalk_26_8,0.2110595703125,0.2021484375,0.09088134765625,0.042572021484375,0.046905517578125
6105,HVSA_0_66,0.2078857421875,0.16259765625,0.0203704833984375,0.0173797607421875,0.267333984375
6106,StutterTalk_58_26,0.2237548828125,0.1767578125,0.2139892578125,0.427734375,0.7734375
6107,StutterTalk_54_23,0.07421875,0.06707763671875,0.02508544921875,0.2486572265625,0.307373046875
6108,StutterTalk_68_183,0.024566650390625,0.1651611328125,0.049591064453125,0.249755859375,0.296142578125
6109,HVSA_2_119,0.1744384765625,0.342529296875,0.444091796875,0.06488037109375,0.09967041015625
6110,StrongVoices_19_36,0.029205322265625,0.034423828125,0.015716552734375,0.0631103515625,0.25732421875
6111,StutterTalk_3_12,0.0268096923828125,0.282470703125,0.26708984375,0.047515869140625,0.04779052734375
6112,WomenWhoStutter_49_30,0.04595947265625,0.055938720703125,0.00646209716796875,0.040679931640625,0.283935546875
6113,StutteringIsCool_62_11,0.03582763671875,0.06927490234375,0.0196075439453125,0.0311431884765625,0.04083251953125
6114,StutteringIsCool_84_9,0.0143890380859375,0.056121826171875,0.0345458984375,0.036346435546875,0.03271484375
6115,MyStutteringLife_0_22,0.0390625,0.1656494140625,0.0189361572265625,0.0197906494140625,0.1759033203125
6116,WomenWhoStutter_62_103,0.036834716796875,0.056976318359375,0.0092315673828125,0.06927490234375,0.494873046875
6117,HVSA_3_77,0.057708740234375,0.1424560546875,0.10760498046875,0.1300048828125,0.67333984375
6118,StrongVoices_33_26,0.092529296875,0.1507568359375,0.01090240478515625,0.01450347900390625,0.0299835205078125
6119,StutteringIsCool_18_38,0.06982421875,0.0640869140625,0.020416259765625,0.06231689453125,0.0504150390625
6120,StutterTalk_63_43,0.08251953125,0.12408447265625,0.05560302734375,0.11126708984375,0.07122802734375
6121,StrongVoices_23_245,0.320556640625,0.194091796875,0.0328369140625,0.0104522705078125,0.061187744140625
6122,StutterTalk_68_35,0.484375,0.1171875,0.062103271484375,0.00803375244140625,0.0223236083984375
6123,StutteringIsCool_45_27,0.18408203125,0.08819580078125,0.00948333740234375,0.0143890380859375,0.040771484375
6124,StutterTalk_68_133,0.06463623046875,0.2269287109375,0.1319580078125,0.1163330078125,0.1544189453125
6125,StutterTalk_8_186,0.089111328125,0.061187744140625,0.022796630859375,0.053985595703125,0.47314453125
6126,WomenWhoStutter_22_3,0.2958984375,0.0592041015625,0.004608154296875,0.0115509033203125,0.6455078125
6127,HVSA_0_16,0.1190185546875,0.123779296875,0.037811279296875,0.01507568359375,0.042388916015625
6128,StrongVoices_28_16,0.697265625,0.091064453125,0.02886962890625,0.041473388671875,0.673828125
6129,StutteringIsCool_73_9,0.01678466796875,0.08270263671875,0.015716552734375,0.06939697265625,0.06805419921875
6130,StrongVoices_12_10,0.037750244140625,0.07720947265625,0.00864410400390625,0.01406097412109375,0.030792236328125
6131,WomenWhoStutter_62_74,0.1650390625,0.2176513671875,0.0809326171875,0.226318359375,0.27587890625
6132,HVSA_0_29,0.07598876953125,0.36962890625,0.1837158203125,0.0265045166015625,0.052520751953125
6133,StutterTalk_7_23,0.01433563232421875,0.11676025390625,0.0738525390625,0.173095703125,0.07965087890625
6134,WomenWhoStutter_35_2,0.217529296875,0.1826171875,0.03594970703125,0.0206451416015625,0.10211181640625
6135,WomenWhoStutter_21_130,0.07684326171875,0.1334228515625,0.0206451416015625,0.033782958984375,0.09075927734375
6136,StutterTalk_79_14,0.082275390625,0.061309814453125,0.00473785400390625,0.01374053955078125,0.050994873046875
6137,StutterTalk_23_11,0.12408447265625,0.1827392578125,0.2469482421875,0.094482421875,0.10430908203125
6138,HVSA_2_50,0.0894775390625,0.1304931640625,0.0552978515625,0.06683349609375,0.3544921875
6139,StutterTalk_64_164,0.329833984375,0.1199951171875,0.05865478515625,0.20654296875,0.6455078125
6140,StrongVoices_2_12,0.11798095703125,0.1766357421875,0.0141143798828125,0.0164642333984375,0.03216552734375
6141,StrongVoices_32_25,0.06439208984375,0.1514892578125,0.01267242431640625,0.03143310546875,0.043701171875
6142,HeStutters_7_37,0.0634765625,0.06634521484375,0.006931304931640625,0.013427734375,0.0223236083984375
6143,StutterTalk_12_18,0.47216796875,0.11297607421875,0.07275390625,0.038177490234375,0.0384521484375
6144,StrongVoices_9_35,0.0740966796875,0.128173828125,0.00945281982421875,0.01406097412109375,0.13427734375
6145,StutterTalk_8_117,0.1864013671875,0.187744140625,0.1409912109375,0.368896484375,0.7529296875
6146,WomenWhoStutter_97_188,0.05419921875,0.22607421875,0.09332275390625,0.356201171875,0.60595703125
6147,StutteringIsCool_38_20,0.163818359375,0.488525390625,0.10540771484375,0.0604248046875,0.1912841796875
6148,StutterTalk_63_91,0.07305908203125,0.40234375,0.25244140625,0.026763916015625,0.13330078125
6149,StutterTalk_1_0,0.061431884765625,0.454833984375,0.471923828125,0.1688232421875,0.1693115234375
6150,StrongVoices_14_23,0.0235595703125,0.126953125,0.0457763671875,0.1251220703125,0.07666015625
6151,WomenWhoStutter_10_158,0.0631103515625,0.1124267578125,0.01107025146484375,0.057373046875,0.67724609375
6152,HVSA_0_61,0.10577392578125,0.1865234375,0.07586669921875,0.052520751953125,0.126708984375
6153,WomenWhoStutter_42_181,0.09039306640625,0.12213134765625,0.00600433349609375,0.0214080810546875,0.75341796875
6154,StrongVoices_10_210,0.050323486328125,0.375732421875,0.0970458984375,0.0792236328125,0.328369140625
6155,StrongVoices_21_89,0.2032470703125,0.2406005859375,0.036834716796875,0.02691650390625,0.130615234375
6156,HeStutters_5_135,0.04534912109375,0.223876953125,0.06793212890625,0.11676025390625,0.60546875
6157,StutterTalk_30_5,0.09124755859375,0.439697265625,0.1761474609375,0.05224609375,0.08880615234375
6158,StutterTalk_26_114,0.0706787109375,0.1710205078125,0.039794921875,0.229736328125,0.732421875
6159,WomenWhoStutter_107_8,0.048492431640625,0.08154296875,0.01016998291015625,0.03021240234375,0.060638427734375
6160,WomenWhoStutter_73_9,0.058013916015625,0.23388671875,0.1314697265625,0.2138671875,0.1048583984375
6161,StutterTalk_10_19,0.0618896484375,0.06890869140625,0.006168365478515625,0.017852783203125,0.32080078125
6162,HVSA_3_94,0.055206298828125,0.1529541015625,0.160400390625,0.161376953125,0.1578369140625
6163,StrongVoices_23_159,0.118408203125,0.1453857421875,0.01512908935546875,0.03125,0.29345703125
6164,HeStutters_11_40,0.058990478515625,0.09722900390625,0.042388916015625,0.014556884765625,0.0171051025390625
6165,IStutterSoWhat_3_136,0.11920166015625,0.062103271484375,0.0182952880859375,0.015777587890625,0.092529296875
6166,StutteringIsCool_80_3,0.01519012451171875,0.07684326171875,0.0323486328125,0.0723876953125,0.07122802734375
6167,HVSA_1_113,0.0640869140625,0.29150390625,0.13671875,0.06793212890625,0.63916015625
6168,WomenWhoStutter_86_160,0.171875,0.1671142578125,0.01666259765625,0.09027099609375,0.20263671875
6169,HVSA_0_98,0.06903076171875,0.1455078125,0.0185089111328125,0.00524139404296875,0.076416015625
6170,StutterTalk_76_16,0.050811767578125,0.07989501953125,0.0089874267578125,0.08331298828125,0.323486328125
6171,HeStutters_12_103,0.2474365234375,0.1458740234375,0.04400634765625,0.012969970703125,0.0169219970703125
6172,StutterTalk_32_35,0.07720947265625,0.2454833984375,0.175537109375,0.09124755859375,0.026702880859375
6173,WomenWhoStutter_87_132,0.0305023193359375,0.15380859375,0.08331298828125,0.1796875,0.042816162109375
6174,IStutterSoWhat_0_105,0.0635986328125,0.3466796875,0.2607421875,0.0292510986328125,0.07275390625
6175,WomenWhoStutter_96_15,0.0863037109375,0.17333984375,0.0738525390625,0.132568359375,0.07574462890625
6176,StrongVoices_32_57,0.19189453125,0.2203369140625,0.0546875,0.057708740234375,0.6220703125
6177,WomenWhoStutter_108_3,0.0321044921875,0.2130126953125,0.050994873046875,0.0889892578125,0.2073974609375
6178,IStutterSoWhat_0_115,0.0823974609375,0.1285400390625,0.12188720703125,0.3408203125,0.1776123046875
6179,StrongVoices_32_10,0.136962890625,0.1014404296875,0.00847625732421875,0.03131103515625,0.0250396728515625
6180,StrongVoices_23_24,0.1290283203125,0.36474609375,0.1114501953125,0.0401611328125,0.060760498046875
6181,MyStutteringLife_18_11,0.0246124267578125,0.10125732421875,0.0150146484375,0.070068359375,0.1759033203125
6182,HeStutters_2_31,0.05419921875,0.0823974609375,0.00919342041015625,0.01422882080078125,0.06549072265625
6183,StutterTalk_16_39,0.1015625,0.362060546875,0.55126953125,0.156982421875,0.1431884765625
6184,WomenWhoStutter_107_13,0.044921875,0.2366943359375,0.055419921875,0.01262664794921875,0.0723876953125
6185,StutteringIsCool_34_134,0.02508544921875,0.09283447265625,0.01495361328125,0.07366943359375,0.106689453125
6186,StutteringIsCool_43_8,0.04168701171875,0.09722900390625,0.0212860107421875,0.020721435546875,0.0384521484375
6187,HVSA_2_81,0.27587890625,0.2191162109375,0.32080078125,0.1019287109375,0.23779296875
6188,StutterTalk_15_19,0.1300048828125,0.222412109375,0.1409912109375,0.1246337890625,0.45166015625
6189,WomenWhoStutter_108_23,0.036895751953125,0.1177978515625,0.0182342529296875,0.034088134765625,0.036895751953125
6190,WomenWhoStutter_21_137,0.2529296875,0.0521240234375,0.0190582275390625,0.02685546875,0.061981201171875
6191,HVSA_3_41,0.036285400390625,0.359130859375,0.43115234375,0.1436767578125,0.1044921875
6192,StutteringIsCool_55_35,0.09503173828125,0.06658935546875,0.00815582275390625,0.011688232421875,0.01953125
6193,HeStutters_11_104,0.427490234375,0.1348876953125,0.024749755859375,0.0460205078125,0.775390625
6194,WomenWhoStutter_81_140,0.021331787109375,0.126953125,0.04217529296875,0.1246337890625,0.0751953125
6195,StutterTalk_26_176,0.031494140625,0.046722412109375,0.01009368896484375,0.0360107421875,0.02044677734375
6196,WomenWhoStutter_46_32,0.07354736328125,0.1485595703125,0.052520751953125,0.09503173828125,0.361328125
6197,StrongVoices_29_15,0.02508544921875,0.144287109375,0.0188751220703125,0.0271148681640625,0.0843505859375
6198,HVSA_0_54,0.139404296875,0.198486328125,0.279541015625,0.20654296875,0.2337646484375
6199,StutterTalk_34_25,0.1590576171875,0.09503173828125,0.01473236083984375,0.05194091796875,0.9228515625
6200,WomenWhoStutter_82_14,0.051177978515625,0.33203125,0.130615234375,0.154296875,0.1343994140625
6201,StrongVoices_10_8,0.62060546875,0.091064453125,0.04559326171875,0.035064697265625,0.04913330078125
6202,IStutterSoWhat_0_67,0.044189453125,0.10430908203125,0.0116424560546875,0.0194244384765625,0.06231689453125
6203,StutterTalk_36_5,0.034881591796875,0.052703857421875,0.01137542724609375,0.01306915283203125,0.027435302734375
6204,StutteringIsCool_28_20,0.0276336669921875,0.062103271484375,0.006771087646484375,0.020599365234375,0.09417724609375
6205,HVSA_3_34,0.043609619140625,0.1048583984375,0.029083251953125,0.01490020751953125,0.020721435546875
6206,WomenWhoStutter_107_7,0.0638427734375,0.0889892578125,0.00701141357421875,0.044921875,0.130615234375
6207,StutterTalk_1_2,0.490478515625,0.06695556640625,0.01934814453125,0.02532958984375,0.5244140625
6208,WomenWhoStutter_97_35,0.0209197998046875,0.1500244140625,0.100341796875,0.17578125,0.0816650390625
6209,StutteringIsCool_38_34,0.033966064453125,0.0306243896484375,0.0048675537109375,0.03790283203125,0.1898193359375
6210,WomenWhoStutter_87_135,0.12115478515625,0.171142578125,0.041839599609375,0.0885009765625,0.87255859375
6211,MyStutteringLife_8_14,0.047882080078125,0.263916015625,0.045867919921875,0.09967041015625,0.05450439453125
6212,WomenWhoStutter_2_52,0.035736083984375,0.071044921875,0.0189361572265625,0.0293731689453125,0.01953125
6213,WomenWhoStutter_14_76,0.1639404296875,0.144775390625,0.0153045654296875,0.0184783935546875,0.7197265625
6214,WomenWhoStutter_86_108,0.322021484375,0.1494140625,0.08538818359375,0.218505859375,0.89306640625
6215,StrongVoices_6_110,0.0943603515625,0.196044921875,0.01094818115234375,0.018829345703125,0.0765380859375
6216,StutterTalk_64_94,0.12646484375,0.07891845703125,0.0219879150390625,0.1251220703125,0.343017578125
6217,WomenWhoStutter_97_157,0.09619140625,0.127685546875,0.0141143798828125,0.034942626953125,0.03204345703125
6218,MyStutteringLife_25_22,0.2115478515625,0.1143798828125,0.02001953125,0.0413818359375,0.07720947265625
6219,WomenWhoStutter_96_193,0.02801513671875,0.1497802734375,0.0290374755859375,0.035736083984375,0.029083251953125
6220,WomenWhoStutter_30_23,0.56884765625,0.220703125,0.226318359375,0.1376953125,0.09600830078125
6221,HeStutters_10_10,0.044677734375,0.05706787109375,0.014556884765625,0.06536865234375,0.3115234375
6222,StutterTalk_64_174,0.30810546875,0.11614990234375,0.03228759765625,0.08282470703125,0.93896484375
6223,WomenWhoStutter_33_36,0.070068359375,0.293701171875,0.10467529296875,0.07421875,0.06500244140625
6224,StutterTalk_59_19,0.04193115234375,0.06524658203125,0.0167236328125,0.07879638671875,0.10107421875
6225,StutterTalk_25_134,0.07147216796875,0.1934814453125,0.0264129638671875,0.06927490234375,0.8701171875
6226,StutterTalk_8_81,0.132568359375,0.0869140625,0.0311431884765625,0.042327880859375,0.87158203125
6227,StutterTalk_58_39,0.281982421875,0.2587890625,0.48095703125,0.288330078125,0.393798828125
6228,StutteringIsCool_14_20,0.0552978515625,0.10614013671875,0.0775146484375,0.07421875,0.106689453125
6229,StutteringIsCool_69_2,0.322509765625,0.06964111328125,0.0120086669921875,0.0156707763671875,0.1207275390625
6230,WomenWhoStutter_62_150,0.284912109375,0.08154296875,0.0142822265625,0.06744384765625,0.8798828125
6231,StutterTalk_9_36,0.415771484375,0.12127685546875,0.0592041015625,0.03179931640625,0.03875732421875
6232,WomenWhoStutter_62_53,0.041778564453125,0.2269287109375,0.1383056640625,0.414306640625,0.302001953125
6233,StrongVoices_23_19,0.265869140625,0.2080078125,0.1484375,0.022796630859375,0.046478271484375
6234,HeStutters_5_38,0.054107666015625,0.407958984375,0.5859375,0.163330078125,0.053985595703125
6235,WomenWhoStutter_96_29,0.056854248046875,0.43408203125,0.4501953125,0.30859375,0.13916015625
6236,StrongVoices_32_49,0.308349609375,0.1761474609375,0.036346435546875,0.022979736328125,0.020599365234375
6237,StutterTalk_23_37,0.051361083984375,0.1929931640625,0.136962890625,0.1019287109375,0.0282745361328125
6238,HeStutters_11_166,0.2022705078125,0.1661376953125,0.0560302734375,0.1007080078125,0.91455078125
6239,StutterTalk_64_30,0.07080078125,0.11083984375,0.10357666015625,0.2021484375,0.033966064453125
6240,StutterTalk_72_54,0.047698974609375,0.249755859375,0.033905029296875,0.03314208984375,0.1658935546875
6241,StrongVoices_4_11,0.1297607421875,0.07342529296875,0.01554107666015625,0.012969970703125,0.0222015380859375
6242,WomenWhoStutter_15_24,0.07196044921875,0.1546630859375,0.0196075439453125,0.095703125,0.266357421875
6243,StrongVoices_8_33,0.090576171875,0.07489013671875,0.00555419921875,0.00881195068359375,0.040985107421875
6244,StutteringIsCool_34_181,0.202880859375,0.091552734375,0.0216522216796875,0.0082550048828125,0.0162811279296875
6245,StutteringIsCool_38_22,0.038177490234375,0.2322998046875,0.13134765625,0.18896484375,0.0504150390625
6246,StutterTalk_64_98,0.132080078125,0.12493896484375,0.08538818359375,0.2452392578125,0.4755859375
6247,StrongVoices_10_11,0.05706787109375,0.08660888671875,0.01678466796875,0.0184783935546875,0.053192138671875
6248,StutterTalk_25_0,0.2305908203125,0.2459716796875,0.199462890625,0.333740234375,0.55908203125
6249,WomenWhoStutter_86_9,0.0305633544921875,0.1976318359375,0.033966064453125,0.21337890625,0.4990234375
6250,StutteringIsCool_23_2,0.060211181640625,0.06524658203125,0.029205322265625,0.0139007568359375,0.0135345458984375
6251,MyStutteringLife_0_1,0.043701171875,0.241455078125,0.11279296875,0.11029052734375,0.03656005859375
6252,StrongVoices_23_96,0.10614013671875,0.35693359375,0.085693359375,0.09930419921875,0.2486572265625
6253,StrongVoices_9_29,0.059661865234375,0.10797119140625,0.03131103515625,0.036834716796875,0.07781982421875
6254,StutterTalk_22_37,0.0279541015625,0.2059326171875,0.0831298828125,0.0982666015625,0.1798095703125
6255,StrongVoices_21_80,0.06097412109375,0.1224365234375,0.0169219970703125,0.0218658447265625,0.07574462890625
6256,StutterTalk_64_197,0.3447265625,0.0634765625,0.0116424560546875,0.030792236328125,0.61962890625
6257,WomenWhoStutter_96_144,0.05023193359375,0.1517333984375,0.038116455078125,0.16455078125,0.3896484375
6258,StutterTalk_16_25,0.181396484375,0.0938720703125,0.01374053955078125,0.01061248779296875,0.05072021484375
6259,StutteringIsCool_27_28,0.2259521484375,0.265869140625,0.2120361328125,0.07720947265625,0.03790283203125
6260,StutterTalk_53_33,0.0312042236328125,0.241455078125,0.1806640625,0.18798828125,0.1759033203125
6261,WomenWhoStutter_10_92,0.059326171875,0.1661376953125,0.0210113525390625,0.08831787109375,0.0849609375
6262,StrongVoices_21_71,0.11279296875,0.043609619140625,0.00989532470703125,0.0160980224609375,0.040618896484375
6263,StutteringIsCool_69_5,0.02203369140625,0.0552978515625,0.00974273681640625,0.09222412109375,0.1669921875
6264,StutterTalk_46_37,0.0213623046875,0.05450439453125,0.00818634033203125,0.034881591796875,0.052703857421875
6265,WomenWhoStutter_97_151,0.11260986328125,0.4482421875,0.52197265625,0.1898193359375,0.1014404296875
6266,HVSA_0_115,0.1773681640625,0.26025390625,0.1358642578125,0.05242919921875,0.264404296875
6267,WomenWhoStutter_46_9,0.1171875,0.2318115234375,0.0863037109375,0.1851806640625,0.896484375
6268,HeStutters_11_189,0.09466552734375,0.296875,0.079345703125,0.17333984375,0.552734375
6269,WomenWhoStutter_30_81,0.097900390625,0.261962890625,0.184326171875,0.188232421875,0.0863037109375
6270,StutterTalk_26_195,0.0994873046875,0.11419677734375,0.06903076171875,0.228271484375,0.6005859375
6271,StutterTalk_64_168,0.10015869140625,0.061767578125,0.01306915283203125,0.038116455078125,0.06610107421875
6272,WomenWhoStutter_15_8,0.2301025390625,0.2139892578125,0.07452392578125,0.0218658447265625,0.03125
6273,WomenWhoStutter_64_34,0.2135009765625,0.0943603515625,0.0192718505859375,0.05560302734375,0.9013671875
6274,StrongVoices_10_187,0.06463623046875,0.1331787109375,0.01229095458984375,0.017852783203125,0.0290374755859375
6275,StutteringIsCool_38_35,0.060302734375,0.06427001953125,0.00577545166015625,0.0272674560546875,0.049041748046875
6276,WomenWhoStutter_107_38,0.05145263671875,0.133056640625,0.0207977294921875,0.014556884765625,0.0154266357421875
6277,StrongVoices_24_20,0.06573486328125,0.1077880859375,0.006565093994140625,0.0103302001953125,0.09979248046875
6278,WomenWhoStutter_30_142,0.187255859375,0.095703125,0.021453857421875,0.01238250732421875,0.01433563232421875
6279,StrongVoices_19_5,0.1478271484375,0.05108642578125,0.033477783203125,0.0227203369140625,0.036285400390625
6280,StutterTalk_10_21,0.046539306640625,0.1280517578125,0.0240478515625,0.0289764404296875,0.0162200927734375
6281,HeStutters_19_5,0.0738525390625,0.2379150390625,0.070556640625,0.042816162109375,0.043212890625
6282,StrongVoices_12_12,0.1153564453125,0.04559326171875,0.0038242340087890625,0.0097808837890625,0.12213134765625
6283,StrongVoices_10_78,0.3701171875,0.1473388671875,0.059417724609375,0.0855712890625,0.06610107421875
6284,StutterTalk_8_127,0.272216796875,0.09967041015625,0.06732177734375,0.1512451171875,0.50927734375
6285,StutterTalk_25_68,0.0261993408203125,0.1885986328125,0.035491943359375,0.033538818359375,0.03985595703125
6286,HeStutters_5_197,0.0953369140625,0.37744140625,0.68115234375,0.1356201171875,0.08416748046875
6287,WomenWhoStutter_22_17,0.09912109375,0.14404296875,0.018341064453125,0.01554107666015625,0.019378662109375
6288,StrongVoices_20_14,0.2548828125,0.183349609375,0.01560211181640625,0.00661468505859375,0.10052490234375
6289,StrongVoices_1_7,0.056640625,0.10125732421875,0.00841522216796875,0.01267242431640625,0.0139007568359375
6290,WomenWhoStutter_63_22,0.261474609375,0.089111328125,0.036285400390625,0.06805419921875,0.019989013671875
6291,StutterTalk_7_30,0.038604736328125,0.263916015625,0.1375732421875,0.3525390625,0.18359375
6292,HVSA_1_53,0.134521484375,0.1495361328125,0.040679931640625,0.07489013671875,0.091064453125
6293,StrongVoices_10_171,0.09808349609375,0.156005859375,0.01467132568359375,0.0167236328125,0.1441650390625
6294,StrongVoices_31_35,0.060760498046875,0.12274169921875,0.01395416259765625,0.007232666015625,0.03875732421875
6295,StutterTalk_30_11,0.13134765625,0.16455078125,0.06109619140625,0.11517333984375,0.311279296875
6296,StutterTalk_76_22,0.1517333984375,0.04217529296875,0.006145477294921875,0.0177154541015625,0.10760498046875
6297,IStutterSoWhat_3_150,0.097412109375,0.345458984375,0.1143798828125,0.055938720703125,0.412841796875
6298,StutterTalk_26_25,0.04168701171875,0.06561279296875,0.01177978515625,0.13525390625,0.49951171875
6299,HVSA_0_100,0.04913330078125,0.0987548828125,0.039794921875,0.06396484375,0.04559326171875
6300,WomenWhoStutter_87_45,0.178955078125,0.06939697265625,0.0207977294921875,0.021087646484375,0.058013916015625
6301,StutterTalk_38_8,0.69677734375,0.107421875,0.044769287109375,0.042388916015625,0.1240234375
6302,StrongVoices_17_28,0.08209228515625,0.164794921875,0.0276947021484375,0.08465576171875,0.487548828125
6303,HeStutters_11_50,0.0455322265625,0.1773681640625,0.028594970703125,0.04248046875,0.08331298828125
6304,StutterTalk_8_152,0.08526611328125,0.1536865234375,0.12445068359375,0.08197021484375,0.037322998046875
6305,StrongVoices_23_192,0.304931640625,0.1724853515625,0.01337432861328125,0.0230255126953125,0.58935546875
6306,StutteringIsCool_1_25,0.11474609375,0.1578369140625,0.036224365234375,0.03533935546875,0.052703857421875
6307,HVSA_2_32,0.397216796875,0.15576171875,0.2193603515625,0.05889892578125,0.0287017822265625
6308,StutteringIsCool_18_39,0.27734375,0.1849365234375,0.1256103515625,0.16943359375,0.86328125
6309,StutterTalk_72_87,0.1044921875,0.1602783203125,0.0214080810546875,0.028594970703125,0.034759521484375
6310,StutterTalk_26_1,0.097900390625,0.09844970703125,0.01554107666015625,0.035888671875,0.880859375
6311,HeStutters_11_56,0.09552001953125,0.244384765625,0.01332855224609375,0.014007568359375,0.10650634765625
6312,StutterTalk_37_96,0.12176513671875,0.08135986328125,0.01116180419921875,0.04681396484375,0.250732421875
6313,StutteringIsCool_62_15,0.0816650390625,0.38037109375,0.471435546875,0.0301513671875,0.029083251953125
6314,WomenWhoStutter_15_16,0.0872802734375,0.2100830078125,0.0810546875,0.044342041015625,0.04052734375
6315,StrongVoices_10_77,0.0792236328125,0.0704345703125,0.0135345458984375,0.03167724609375,0.04638671875
6316,WomenWhoStutter_30_205,0.0782470703125,0.07611083984375,0.0087127685546875,0.0108184814453125,0.1590576171875
6317,StutterTalk_3_24,0.13525390625,0.39990234375,0.611328125,0.2548828125,0.347412109375
6318,StrongVoices_10_22,0.1446533203125,0.06280517578125,0.01229095458984375,0.03179931640625,0.0809326171875
6319,StutteringIsCool_80_170,0.24658203125,0.267333984375,0.0457763671875,0.0141754150390625,0.05023193359375
6320,WomenWhoStutter_2_46,0.03277587890625,0.05645751953125,0.0070648193359375,0.0305633544921875,0.038909912109375
6321,WomenWhoStutter_30_140,0.0723876953125,0.2421875,0.03155517578125,0.017242431640625,0.05706787109375
6322,StutterTalk_37_24,0.1466064453125,0.17236328125,0.22021484375,0.266845703125,0.059967041015625
6323,WomenWhoStutter_42_202,0.08978271484375,0.2340087890625,0.03240966796875,0.1710205078125,0.375732421875
6324,HVSA_2_120,0.131103515625,0.09185791015625,0.04913330078125,0.2232666015625,0.76220703125
6325,WomenWhoStutter_30_0,0.09027099609375,0.1640625,0.078369140625,0.1385498046875,0.6923828125
6326,StutteringIsCool_38_36,0.029083251953125,0.057281494140625,0.005100250244140625,0.0279083251953125,0.115966796875
6327,StutterTalk_64_204,0.2359619140625,0.07318115234375,0.018341064453125,0.06829833984375,0.90234375
6328,StrongVoices_21_189,0.06805419921875,0.0885009765625,0.0439453125,0.03253173828125,0.02838134765625
6329,HVSA_1_112,0.0401611328125,0.15966796875,0.0592041015625,0.05450439453125,0.10931396484375
6330,WomenWhoStutter_97_181,0.08978271484375,0.295654296875,0.3154296875,0.46142578125,0.2254638671875
6331,StutterTalk_12_8,0.059967041015625,0.04486083984375,0.0106964111328125,0.0255584716796875,0.024658203125
6332,StutterTalk_51_21,0.045196533203125,0.1585693359375,0.039276123046875,0.0269622802734375,0.0162200927734375
6333,StrongVoices_8_21,0.109130859375,0.140380859375,0.01302337646484375,0.020843505859375,0.1041259765625
6334,StutterTalk_37_6,0.07275390625,0.184326171875,0.130859375,0.35791015625,0.468017578125
6335,StutterTalk_38_7,0.1275634765625,0.34619140625,0.206298828125,0.377685546875,0.51953125
6336,MyStutteringLife_22_14,0.2509765625,0.1915283203125,0.046905517578125,0.0169219970703125,0.0455322265625
6337,StutteringIsCool_34_153,0.2447509765625,0.046478271484375,0.00812530517578125,0.01512908935546875,0.1378173828125
6338,WomenWhoStutter_21_184,0.2481689453125,0.11981201171875,0.012481689453125,0.0207672119140625,0.061981201171875
6339,StrongVoices_12_25,0.063720703125,0.110107421875,0.00878143310546875,0.01358795166015625,0.06085205078125
6340,WomenWhoStutter_2_17,0.081787109375,0.318603515625,0.077392578125,0.1527099609375,0.0953369140625
6341,StutterTalk_58_19,0.1959228515625,0.312255859375,0.59912109375,0.52978515625,0.427978515625
6342,StutterTalk_26_79,0.1298828125,0.114990234375,0.0193023681640625,0.048675537109375,0.0219879150390625
6343,WomenWhoStutter_97_86,0.024658203125,0.1175537109375,0.042327880859375,0.2100830078125,0.434326171875
6344,WomenWhoStutter_30_71,0.030853271484375,0.091064453125,0.0092315673828125,0.0229339599609375,0.0782470703125
6345,StutterTalk_55_18,0.02532958984375,0.151123046875,0.0225830078125,0.039794921875,0.1217041015625
6346,StutterTalk_36_4,0.67724609375,0.2474365234375,0.07965087890625,0.0469970703125,0.2044677734375
6347,StrongVoices_21_9,0.08038330078125,0.1175537109375,0.03955078125,0.01983642578125,0.0301055908203125
6348,HVSA_1_57,0.08660888671875,0.3017578125,0.0855712890625,0.06964111328125,0.2076416015625
6349,StutteringIsCool_45_25,0.061431884765625,0.09857177734375,0.020294189453125,0.0784912109375,0.040924072265625
6350,WomenWhoStutter_2_193,0.049957275390625,0.17578125,0.114990234375,0.185546875,0.05633544921875
6351,StutterTalk_55_35,0.140869140625,0.08660888671875,0.018096923828125,0.05706787109375,0.058013916015625
6352,StutteringIsCool_2_15,0.07989501953125,0.2335205078125,0.293701171875,0.468505859375,0.419921875
6353,StutteringIsCool_40_16,0.11297607421875,0.1490478515625,0.0855712890625,0.040374755859375,0.15234375
6354,WomenWhoStutter_15_3,0.0740966796875,0.07452392578125,0.011871337890625,0.0112457275390625,0.026611328125
6355,WomenWhoStutter_21_52,0.1512451171875,0.1451416015625,0.037384033203125,0.132080078125,0.93994140625
6356,HVSA_1_150,0.04132080078125,0.042572021484375,0.0053863525390625,0.01519012451171875,0.08819580078125
6357,MyStutteringLife_21_35,0.10797119140625,0.2413330078125,0.1668701171875,0.0191192626953125,0.0203399658203125
6358,WomenWhoStutter_42_279,0.02606201171875,0.1702880859375,0.061981201171875,0.17822265625,0.370849609375
6359,StutteringIsCool_79_8,0.05242919921875,0.07159423828125,0.00766754150390625,0.01763916015625,0.1470947265625
6360,StrongVoices_32_184,0.04534912109375,0.187255859375,0.124755859375,0.05126953125,0.044281005859375
6361,StutterTalk_64_136,0.06781005859375,0.05389404296875,0.0179901123046875,0.0293731689453125,0.0285491943359375
6362,MyStutteringLife_25_32,0.0237274169921875,0.1610107421875,0.038330078125,0.0374755859375,0.06475830078125
6363,WomenWhoStutter_14_9,0.1605224609375,0.105224609375,0.0117340087890625,0.0257568359375,0.369384765625
6364,WomenWhoStutter_14_40,0.12335205078125,0.266845703125,0.189697265625,0.1806640625,0.58056640625
6365,StrongVoices_23_72,0.23583984375,0.19189453125,0.057281494140625,0.01036834716796875,0.044189453125
6366,StutterTalk_26_77,0.106689453125,0.0753173828125,0.00524139404296875,0.01837158203125,0.4853515625
6367,WomenWhoStutter_21_118,0.06292724609375,0.11456298828125,0.019378662109375,0.03985595703125,0.07696533203125
6368,StrongVoices_21_60,0.0802001953125,0.1175537109375,0.0115509033203125,0.0211181640625,0.05987548828125
6369,StrongVoices_6_114,0.11517333984375,0.26220703125,0.020965576171875,0.01287078857421875,0.08062744140625
6370,StrongVoices_9_10,0.250244140625,0.27001953125,0.061187744140625,0.043212890625,0.330078125
6371,WomenWhoStutter_10_174,0.047882080078125,0.1041259765625,0.017578125,0.02532958984375,0.05633544921875
6372,WomenWhoStutter_97_163,0.056121826171875,0.318603515625,0.2091064453125,0.2325439453125,0.11993408203125
6373,WomenWhoStutter_97_194,0.1297607421875,0.33544921875,0.2015380859375,0.23779296875,0.2000732421875
6374,StutterTalk_44_5,0.04248046875,0.11199951171875,0.0615234375,0.219482421875,0.0889892578125
6375,WomenWhoStutter_30_106,0.1202392578125,0.120361328125,0.009857177734375,0.0209197998046875,0.09088134765625
6376,StutteringIsCool_80_116,0.248046875,0.1312255859375,0.0211181640625,0.02508544921875,0.125732421875
6377,StutteringIsCool_55_28,0.0482177734375,0.050048828125,0.007175445556640625,0.017303466796875,0.0205230712890625
6378,StrongVoices_33_1,0.12347412109375,0.163818359375,0.025665283203125,0.0153045654296875,0.010406494140625
6379,StutterTalk_15_11,0.054107666015625,0.063720703125,0.027069091796875,0.1143798828125,0.08740234375
6380,StrongVoices_7_22,0.05242919921875,0.11456298828125,0.01554107666015625,0.01483917236328125,0.0303802490234375
6381,StutterTalk_0_18,0.0390625,0.058990478515625,0.0090179443359375,0.0251312255859375,0.0230712890625
6382,StrongVoices_32_127,0.09332275390625,0.3505859375,0.06268310546875,0.0165863037109375,0.0567626953125
6383,WomenWhoStutter_49_25,0.097900390625,0.1324462890625,0.05511474609375,0.080810546875,0.1104736328125
6384,StutterTalk_22_14,0.015716552734375,0.080810546875,0.027740478515625,0.08538818359375,0.188720703125
6385,StutterTalk_26_91,0.0943603515625,0.43017578125,0.52197265625,0.1939697265625,0.09771728515625
6386,StrongVoices_10_43,0.1864013671875,0.1356201171875,0.0202178955078125,0.04248046875,0.1337890625
6387,WomenWhoStutter_2_87,0.060638427734375,0.2354736328125,0.137939453125,0.1475830078125,0.1083984375
6388,IStutterSoWhat_0_104,0.07666015625,0.2958984375,0.10821533203125,0.12158203125,0.3310546875
6389,StutteringIsCool_34_126,0.116943359375,0.183349609375,0.06231689453125,0.047943115234375,0.216796875
6390,StutterTalk_25_144,0.02886962890625,0.15283203125,0.03125,0.04913330078125,0.09857177734375
6391,StrongVoices_9_25,0.30126953125,0.2010498046875,0.04376220703125,0.0284881591796875,0.158447265625
6392,WomenWhoStutter_96_30,0.03790283203125,0.1190185546875,0.01512908935546875,0.01763916015625,0.0185089111328125
6393,StrongVoices_10_117,0.72802734375,0.198974609375,0.171875,0.047943115234375,0.2100830078125
6394,WomenWhoStutter_62_156,0.05340576171875,0.243408203125,0.0703125,0.153076171875,0.441162109375
6395,StutterTalk_72_40,0.38330078125,0.2354736328125,0.040374755859375,0.036285400390625,0.1165771484375
6396,StutteringIsCool_80_84,0.1573486328125,0.047698974609375,0.007122039794921875,0.030792236328125,0.0753173828125
6397,HVSA_0_55,0.2470703125,0.136962890625,0.0271148681640625,0.035400390625,0.88525390625
6398,StutterTalk_7_1,0.06256103515625,0.06512451171875,0.0310821533203125,0.053314208984375,0.055938720703125
6399,HVSA_2_129,0.173583984375,0.10968017578125,0.060211181640625,0.019683837890625,0.265625
6400,StrongVoices_5_22,0.04559326171875,0.09979248046875,0.0078125,0.0099334716796875,0.0239105224609375
6401,WomenWhoStutter_62_47,0.0229339599609375,0.11932373046875,0.0255126953125,0.2059326171875,0.281982421875
6402,StutteringIsCool_80_103,0.042877197265625,0.07708740234375,0.0190582275390625,0.12261962890625,0.149169921875
6403,HeStutters_11_63,0.052337646484375,0.135009765625,0.0083465576171875,0.0255126953125,0.1788330078125
6404,StutteringIsCool_18_0,0.07904052734375,0.11376953125,0.08709716796875,0.264404296875,0.10894775390625
6405,HVSA_2_136,0.0867919921875,0.1654052734375,0.2269287109375,0.234619140625,0.1982421875
6406,StutteringIsCool_18_35,0.07342529296875,0.10614013671875,0.0246124267578125,0.09979248046875,0.8837890625
6407,HeStutters_19_114,0.048675537109375,0.070556640625,0.00926971435546875,0.028594970703125,0.427734375
6408,IStutterSoWhat_0_46,0.07861328125,0.21435546875,0.052032470703125,0.0260009765625,0.034088134765625
6409,StutterTalk_63_19,0.056549072265625,0.33056640625,0.1153564453125,0.0294189453125,0.1405029296875
6410,StrongVoices_32_201,0.10650634765625,0.159912109375,0.00945281982421875,0.0161590576171875,0.0872802734375
6411,WomenWhoStutter_21_74,0.2362060546875,0.12420654296875,0.01507568359375,0.0082550048828125,0.1171875
6412,StutteringIsCool_76_8,0.09771728515625,0.06671142578125,0.031982421875,0.044586181640625,0.044189453125
6413,StrongVoices_6_204,0.2044677734375,0.1558837890625,0.0095977783203125,0.029876708984375,0.2900390625
6414,StutterTalk_3_11,0.04193115234375,0.394287109375,0.479736328125,0.05780029296875,0.1451416015625
6415,WomenWhoStutter_62_80,0.09332275390625,0.114990234375,0.017181396484375,0.118408203125,0.650390625
6416,StutterTalk_0_20,0.09979248046875,0.0943603515625,0.02880859375,0.09466552734375,0.217041015625
6417,WomenWhoStutter_86_133,0.12066650390625,0.110107421875,0.0247955322265625,0.10467529296875,0.92333984375
6418,HVSA_2_70,0.2059326171875,0.08123779296875,0.0306243896484375,0.11614990234375,0.2113037109375
6419,WomenWhoStutter_42_138,0.0863037109375,0.1175537109375,0.01490020751953125,0.02044677734375,0.0279083251953125
6420,StutterTalk_48_14,0.0243377685546875,0.1319580078125,0.0185089111328125,0.0222015380859375,0.051177978515625
6421,StrongVoices_28_15,0.073974609375,0.07574462890625,0.01763916015625,0.015838623046875,0.01467132568359375
6422,StutteringIsCool_33_5,0.03131103515625,0.089599609375,0.04681396484375,0.137451171875,0.057281494140625
6423,StutterTalk_16_21,0.14501953125,0.11358642578125,0.0257568359375,0.07696533203125,0.9365234375
6424,StutteringIsCool_50_13,0.1654052734375,0.2127685546875,0.02838134765625,0.0592041015625,0.78955078125
6425,WomenWhoStutter_58_27,0.0482177734375,0.08819580078125,0.01422882080078125,0.059417724609375,0.276611328125
6426,HeStutters_11_54,0.103759765625,0.201171875,0.0200958251953125,0.0567626953125,0.89990234375
6427,WomenWhoStutter_87_34,0.1259765625,0.122314453125,0.018798828125,0.0472412109375,0.72314453125
6428,StutterTalk_16_16,0.059417724609375,0.1396484375,0.05889892578125,0.130126953125,0.13037109375
6429,WomenWhoStutter_83_11,0.03912353515625,0.093017578125,0.0117340087890625,0.11199951171875,0.51904296875
6430,StrongVoices_23_122,0.44970703125,0.1500244140625,0.0169219970703125,0.01554107666015625,0.14892578125
6431,StutterTalk_37_176,0.061187744140625,0.06829833984375,0.02606201171875,0.08880615234375,0.0509033203125
6432,WomenWhoStutter_46_25,0.201171875,0.1485595703125,0.050506591796875,0.05340576171875,0.1171875
6433,StutteringIsCool_17_7,0.042572021484375,0.300537109375,0.260498046875,0.327880859375,0.10931396484375
6434,WomenWhoStutter_97_55,0.1278076171875,0.349609375,0.44091796875,0.51611328125,0.2447509765625
6435,StutteringIsCool_23_17,0.0604248046875,0.0439453125,0.0144500732421875,0.0230712890625,0.0816650390625
6436,WomenWhoStutter_33_9,0.10504150390625,0.11376953125,0.0171051025390625,0.027801513671875,0.081787109375
6437,HeStutters_16_135,0.0604248046875,0.0616455078125,0.00926971435546875,0.10052490234375,0.2486572265625
6438,WomenWhoStutter_21_195,0.10577392578125,0.1131591796875,0.0234222412109375,0.012054443359375,0.0239105224609375
6439,WomenWhoStutter_2_56,0.1754150390625,0.1988525390625,0.019195556640625,0.0260009765625,0.1728515625
6440,StrongVoices_5_38,0.085693359375,0.241455078125,0.04803466796875,0.02276611328125,0.02203369140625
6441,StrongVoices_33_15,0.054595947265625,0.047088623046875,0.00714874267578125,0.0153656005859375,0.022674560546875
6442,StrongVoices_21_45,0.041473388671875,0.09893798828125,0.0101318359375,0.10723876953125,0.315673828125
6443,WomenWhoStutter_2_45,0.1202392578125,0.1019287109375,0.00989532470703125,0.03607177734375,0.93212890625
6444,WomenWhoStutter_12_8,0.22265625,0.3173828125,0.046112060546875,0.0207672119140625,0.0469970703125
6445,StrongVoices_32_60,0.2147216796875,0.1929931640625,0.010528564453125,0.01107025146484375,0.10015869140625
6446,HeStutters_2_186,0.07574462890625,0.252197265625,0.1336669921875,0.271484375,0.62939453125
6447,StutterTalk_63_158,0.251708984375,0.1375732421875,0.01433563232421875,0.0070953369140625,0.041229248046875
6448,StrongVoices_21_86,0.2225341796875,0.1654052734375,0.027740478515625,0.03759765625,0.80322265625
6449,WomenWhoStutter_2_84,0.072509765625,0.1953125,0.0411376953125,0.06805419921875,0.307861328125
6450,HeStutters_19_13,0.0838623046875,0.122314453125,0.01560211181640625,0.026458740234375,0.0174407958984375
6451,HeStutters_16_93,0.1983642578125,0.19482421875,0.06549072265625,0.1290283203125,0.2496337890625
6452,WomenWhoStutter_87_173,0.06463623046875,0.2298583984375,0.23779296875,0.31884765625,0.1134033203125
6453,StutteringIsCool_49_19,0.60986328125,0.2430419921875,0.1412353515625,0.017852783203125,0.0765380859375
6454,WomenWhoStutter_96_9,0.05718994140625,0.2325439453125,0.133544921875,0.5927734375,0.39208984375
6455,StutterTalk_64_100,0.0616455078125,0.0640869140625,0.040924072265625,0.093017578125,0.038238525390625
6456,StutteringIsCool_55_19,0.0726318359375,0.3203125,0.0574951171875,0.0154266357421875,0.06280517578125
6457,IStutterSoWhat_0_127,0.0885009765625,0.346435546875,0.29150390625,0.05877685546875,0.070556640625
6458,HVSA_2_144,0.141357421875,0.171875,0.0297088623046875,0.05633544921875,0.83251953125
6459,HeStutters_16_3,0.305419921875,0.09368896484375,0.025909423828125,0.1492919921875,0.34716796875
6460,WomenWhoStutter_97_66,0.029815673828125,0.1710205078125,0.02203369140625,0.0726318359375,0.1217041015625
6461,HVSA_3_172,0.7099609375,0.1275634765625,0.1104736328125,0.0316162109375,0.093505859375
6462,MyStutteringLife_21_28,0.053802490234375,0.144775390625,0.023956298828125,0.022247314453125,0.0160980224609375
6463,StutterTalk_59_32,0.022247314453125,0.071044921875,0.0164642333984375,0.141845703125,0.092041015625
6464,StutteringIsCool_27_31,0.11279296875,0.241455078125,0.18505859375,0.07586669921875,0.11260986328125
6465,StutterTalk_26_155,0.01837158203125,0.11676025390625,0.026153564453125,0.05023193359375,0.0216522216796875
6466,StutteringIsCool_60_32,0.11065673828125,0.06488037109375,0.00971221923828125,0.03662109375,0.048858642578125
6467,WomenWhoStutter_96_195,0.09844970703125,0.139892578125,0.04986572265625,0.092041015625,0.471435546875
6468,HVSA_3_124,0.2469482421875,0.31787109375,0.427978515625,0.1533203125,0.1337890625
6469,StrongVoices_19_35,0.280517578125,0.11676025390625,0.046722412109375,0.0225067138671875,0.070556640625
6470,StutterTalk_76_37,0.65087890625,0.1407470703125,0.08819580078125,0.033782958984375,0.5732421875
6471,HeStutters_10_13,0.10687255859375,0.06561279296875,0.0240478515625,0.07318115234375,0.18505859375
6472,WomenWhoStutter_29_0,0.178466796875,0.1556396484375,0.0264129638671875,0.053497314453125,0.919921875
6473,StutteringIsCool_46_32,0.114990234375,0.166015625,0.0173797607421875,0.018768310546875,0.07586669921875
6474,StrongVoices_6_30,0.06610107421875,0.27734375,0.0416259765625,0.046630859375,0.2132568359375
6475,StutterTalk_63_31,0.1806640625,0.0743408203125,0.012481689453125,0.052032470703125,0.361572265625
6476,WomenWhoStutter_2_6,0.342041015625,0.31103515625,0.0635986328125,0.04949951171875,0.2235107421875
6477,StrongVoices_32_109,0.11553955078125,0.1865234375,0.01519012451171875,0.007373809814453125,0.0222930908203125
6478,StutterTalk_37_10,0.36474609375,0.0855712890625,0.027435302734375,0.0224151611328125,0.04302978515625
6479,HVSA_3_205,0.0966796875,0.2197265625,0.1468505859375,0.05645751953125,0.024139404296875
6480,StutterTalk_15_25,0.057281494140625,0.139892578125,0.029083251953125,0.04107666015625,0.053985595703125
6481,StutterTalk_64_50,0.10247802734375,0.1048583984375,0.01433563232421875,0.0784912109375,0.8779296875
6482,StrongVoices_7_10,0.0254669189453125,0.072265625,0.0188751220703125,0.06768798828125,0.042572021484375
6483,StrongVoices_19_1,0.180419921875,0.061431884765625,0.011871337890625,0.017578125,0.058135986328125
6484,StutterTalk_22_9,0.2125244140625,0.132080078125,0.0943603515625,0.045440673828125,0.2073974609375
6485,WomenWhoStutter_90_14,0.054595947265625,0.32958984375,0.425048828125,0.370361328125,0.1708984375
6486,HeStutters_2_99,0.140625,0.1953125,0.06829833984375,0.1131591796875,0.375
6487,StutterTalk_64_121,0.14697265625,0.11297607421875,0.035736083984375,0.08770751953125,0.91259765625
6488,HVSA_2_41,0.414794921875,0.288818359375,0.46240234375,0.034759521484375,0.06732177734375
6489,StrongVoices_32_48,0.0869140625,0.216796875,0.0311431884765625,0.02056884765625,0.0173797607421875
6490,StrongVoices_5_12,0.611328125,0.260498046875,0.1993408203125,0.03790283203125,0.049407958984375
6491,WomenWhoStutter_13_22,0.1937255859375,0.30517578125,0.03173828125,0.0092315673828125,0.056976318359375
6492,WomenWhoStutter_86_107,0.0384521484375,0.2027587890625,0.0728759765625,0.31640625,0.107421875
6493,StrongVoices_1_1,0.07366943359375,0.06829833984375,0.02215576171875,0.055938720703125,0.02691650390625
6494,StrongVoices_32_108,0.2083740234375,0.1553955078125,0.015716552734375,0.0125732421875,0.0169219970703125
6495,StutterTalk_8_6,0.029205322265625,0.0867919921875,0.048309326171875,0.173583984375,0.157958984375
6496,StrongVoices_21_63,0.03253173828125,0.11199951171875,0.052520751953125,0.03265380859375,0.050140380859375
6497,HeStutters_11_140,0.1591796875,0.1463623046875,0.033538818359375,0.11968994140625,0.94091796875
6498,StrongVoices_21_85,0.20068359375,0.07684326171875,0.0167236328125,0.039337158203125,0.39599609375
6499,StrongVoices_23_240,0.03216552734375,0.11578369140625,0.01358795166015625,0.01666259765625,0.030670166015625
6500,HVSA_0_92,0.04840087890625,0.06927490234375,0.03192138671875,0.02069091796875,0.034942626953125
6501,StrongVoices_27_25,0.128173828125,0.2225341796875,0.018341064453125,0.024383544921875,0.042327880859375
6502,WomenWhoStutter_8_34,0.132080078125,0.357177734375,0.455078125,0.369384765625,0.544921875
6503,WomenWhoStutter_87_131,0.25048828125,0.11993408203125,0.01214599609375,0.0391845703125,0.7841796875
6504,StutterTalk_8_102,0.027069091796875,0.059326171875,0.0201416015625,0.056854248046875,0.08880615234375
6505,WomenWhoStutter_81_110,0.033660888671875,0.1307373046875,0.03253173828125,0.176513671875,0.51904296875
6506,HVSA_1_21,0.1585693359375,0.1771240234375,0.0439453125,0.005138397216796875,0.055938720703125
6507,StutterTalk_63_169,0.1669921875,0.2548828125,0.1292724609375,0.07879638671875,0.077392578125
6508,StutterTalk_37_169,0.32666015625,0.2215576171875,0.10894775390625,0.1361083984375,0.295166015625
6509,StutterTalk_25_16,0.0156707763671875,0.089111328125,0.020965576171875,0.0792236328125,0.024749755859375
6510,StrongVoices_6_113,0.09368896484375,0.2469482421875,0.0170440673828125,0.017913818359375,0.08740234375
6511,MyStutteringLife_21_10,0.040374755859375,0.08660888671875,0.006877899169921875,0.00731658935546875,0.038116455078125
6512,StrongVoices_14_27,0.015838623046875,0.0360107421875,0.008880615234375,0.040771484375,0.07196044921875
6513,StutteringIsCool_34_152,0.059326171875,0.36279296875,0.1646728515625,0.089599609375,0.0416259765625
6514,StutterTalk_12_14,0.05511474609375,0.07806396484375,0.015899658203125,0.049407958984375,0.06109619140625
6515,StutterTalk_1_1,0.21337890625,0.2012939453125,0.078369140625,0.0457763671875,0.1063232421875
6516,HeStutters_11_39,0.042388916015625,0.268310546875,0.04046630859375,0.097412109375,0.10894775390625
6517,StrongVoices_10_191,0.281494140625,0.10089111328125,0.0197906494140625,0.02484130859375,0.060516357421875
6518,HVSA_3_82,0.42529296875,0.30859375,0.1165771484375,0.0224151611328125,0.1512451171875
6519,StutterTalk_1_16,0.134033203125,0.11083984375,0.02947998046875,0.12286376953125,0.935546875
6520,StrongVoices_21_69,0.03790283203125,0.059417724609375,0.0254669189453125,0.03607177734375,0.021453857421875
6521,StrongVoices_32_50,0.6494140625,0.1884765625,0.12188720703125,0.0214080810546875,0.03704833984375
6522,IStutterSoWhat_3_3,0.12646484375,0.303955078125,0.24658203125,0.0330810546875,0.141357421875
6523,HeStutters_18_140,0.06964111328125,0.047882080078125,0.00809478759765625,0.044342041015625,0.08526611328125
6524,StutterTalk_8_120,0.0240020751953125,0.091064453125,0.03985595703125,0.1094970703125,0.060638427734375
6525,StutteringIsCool_47_9,0.08123779296875,0.07794189453125,0.00498199462890625,0.025177001953125,0.438232421875
6526,WomenWhoStutter_96_147,0.1883544921875,0.274658203125,0.07684326171875,0.024932861328125,0.03216552734375
6527,StutterTalk_68_41,0.09039306640625,0.42333984375,0.26953125,0.07763671875,0.0615234375
6528,StutterTalk_29_12,0.026458740234375,0.09722900390625,0.00844573974609375,0.0252227783203125,0.1739501953125
6529,StutteringIsCool_28_5,0.2705078125,0.10931396484375,0.028594970703125,0.07574462890625,0.923828125
6530,MyStutteringLife_1_12,0.044586181640625,0.3154296875,0.05975341796875,0.061767578125,0.06939697265625
6531,WomenWhoStutter_97_7,0.07861328125,0.091552734375,0.0102081298828125,0.04595947265625,0.685546875
6532,StutteringIsCool_75_38,0.1666259765625,0.07464599609375,0.0120086669921875,0.04534912109375,0.1864013671875
6533,WomenWhoStutter_2_128,0.024993896484375,0.0762939453125,0.01374053955078125,0.053802490234375,0.166015625
6534,StrongVoices_27_18,0.505859375,0.1346435546875,0.03125,0.01519012451171875,0.1376953125
6535,WomenWhoStutter_21_172,0.0618896484375,0.073974609375,0.0115509033203125,0.0099334716796875,0.049041748046875
6536,StrongVoices_25_9,0.46923828125,0.2310791015625,0.058349609375,0.0360107421875,0.68408203125
6537,HVSA_2_35,0.05560302734375,0.0831298828125,0.0218658447265625,0.04534912109375,0.071044921875
6538,StrongVoices_9_34,0.08135986328125,0.154541015625,0.055419921875,0.01751708984375,0.02044677734375
6539,HeStutters_5_139,0.097900390625,0.44384765625,0.497314453125,0.4404296875,0.30908203125
6540,StutterTalk_8_138,0.1256103515625,0.1290283203125,0.06085205078125,0.09222412109375,0.64599609375
6541,StutterTalk_22_38,0.0250396728515625,0.08447265625,0.00916290283203125,0.01560211181640625,0.03521728515625
6542,StutterTalk_36_3,0.0265045166015625,0.23095703125,0.269287109375,0.21044921875,0.089599609375
6543,WomenWhoStutter_86_100,0.0546875,0.256103515625,0.2269287109375,0.283935546875,0.09930419921875
6544,WomenWhoStutter_21_62,0.056640625,0.251953125,0.11578369140625,0.1678466796875,0.0616455078125
6545,StutteringIsCool_14_13,0.0268096923828125,0.057708740234375,0.03802490234375,0.040313720703125,0.1583251953125
6546,WomenWhoStutter_2_162,0.15771484375,0.2352294921875,0.289794921875,0.158447265625,0.037200927734375
6547,HeStutters_18_97,0.29052734375,0.1439208984375,0.0211181640625,0.08135986328125,0.7001953125
6548,WomenWhoStutter_87_1,0.06561279296875,0.10931396484375,0.014617919921875,0.0191650390625,0.06243896484375
6549,WomenWhoStutter_30_89,0.1492919921875,0.09808349609375,0.011505126953125,0.029754638671875,0.87255859375
6550,StutterTalk_16_8,0.48583984375,0.123046875,0.07318115234375,0.0416259765625,0.06524658203125
6551,StutterTalk_58_31,0.04168701171875,0.07781982421875,0.01678466796875,0.03515625,0.06927490234375
6552,StutteringIsCool_80_206,0.0282135009765625,0.165283203125,0.162353515625,0.129638671875,0.0618896484375
6553,WomenWhoStutter_2_7,0.020721435546875,0.1363525390625,0.042388916015625,0.126953125,0.34130859375
6554,WomenWhoStutter_8_30,0.1484375,0.449951171875,0.397705078125,0.034027099609375,0.050506591796875
6555,HVSA_2_126,0.254638671875,0.100341796875,0.0537109375,0.128662109375,0.7529296875
