,Clip,Prolongation,Block,SoundRep,WordRep,Interjection
0,FluencyBank_107_1,0.10931396484375,0.1246337890625,0.01137542724609375,0.01934814453125,0.04193115234375
1,FluencyBank_107_2,0.1871337890625,0.1470947265625,0.01395416259765625,0.0297088623046875,0.06903076171875
2,FluencyBank_107_3,0.042572021484375,0.060516357421875,0.007205963134765625,0.01029205322265625,0.34130859375
3,FluencyBank_107_4,0.11260986328125,0.06658935546875,0.00809478759765625,0.0103302001953125,0.3134765625
4,FluencyBank_107_5,0.026611328125,0.2237548828125,0.1376953125,0.69677734375,0.06695556640625
5,FluencyBank_107_6,0.089599609375,0.59375,0.25048828125,0.040374755859375,0.047515869140625
6,FluencyBank_107_7,0.1798095703125,0.359619140625,0.1710205078125,0.0975341796875,0.025421142578125
7,FluencyBank_107_8,0.0257110595703125,0.05718994140625,0.006984710693359375,0.008880615234375,0.0273284912109375
8,FluencyBank_107_9,0.024658203125,0.07318115234375,0.00971221923828125,0.0144500732421875,0.020294189453125
9,FluencyBank_107_10,0.03790283203125,0.134765625,0.0156707763671875,0.0097808837890625,0.0208892822265625
10,FluencyBank_107_11,0.2122802734375,0.55029296875,0.232177734375,0.046112060546875,0.05877685546875
11,FluencyBank_107_12,0.1790771484375,0.0743408203125,0.00997161865234375,0.006145477294921875,0.0203399658203125
12,FluencyBank_107_13,0.244384765625,0.1015625,0.012481689453125,0.007904052734375,0.0200653076171875
13,FluencyBank_107_14,0.5888671875,0.16015625,0.0208892822265625,0.02056884765625,0.2218017578125
14,FluencyBank_107_15,0.06915283203125,0.5029296875,0.55224609375,0.030914306640625,0.040771484375
15,FluencyBank_107_16,0.0226287841796875,0.0885009765625,0.01107025146484375,0.010986328125,0.02337646484375
16,FluencyBank_107_17,0.0222930908203125,0.0738525390625,0.0087127685546875,0.00919342041015625,0.01898193359375
17,FluencyBank_107_18,0.139892578125,0.489501953125,0.2137451171875,0.053802490234375,0.049957275390625
18,FluencyBank_107_19,0.431640625,0.09417724609375,0.01495361328125,0.009521484375,0.0284881591796875
19,FluencyBank_107_20,0.07806396484375,0.1407470703125,0.0136871337890625,0.005321502685546875,0.0156707763671875
20,FluencyBank_107_21,0.12188720703125,0.1431884765625,0.0125274658203125,0.005619049072265625,0.023468017578125
21,FluencyBank_107_22,0.375244140625,0.454345703125,0.311279296875,0.04949951171875,0.1015625
22,FluencyBank_107_23,0.493896484375,0.08209228515625,0.01525115966796875,0.0083160400390625,0.026458740234375
23,FluencyBank_107_24,0.08587646484375,0.05706787109375,0.00595855712890625,0.003765106201171875,0.06231689453125
24,FluencyBank_107_25,0.06524658203125,0.04083251953125,0.00572967529296875,0.004791259765625,0.034881591796875
25,FluencyBank_107_26,0.14404296875,0.1669921875,0.02447509765625,0.006877899169921875,0.0170440673828125
26,FluencyBank_107_27,0.040313720703125,0.0517578125,0.005512237548828125,0.007404327392578125,0.061767578125
27,FluencyBank_107_28,0.02203369140625,0.0802001953125,0.01282501220703125,0.01348114013671875,0.0131683349609375
28,FluencyBank_107_29,0.0504150390625,0.0640869140625,0.006931304931640625,0.01678466796875,0.0156707763671875
29,FluencyBank_107_30,0.476318359375,0.09930419921875,0.01971435546875,0.006191253662109375,0.0279541015625
30,FluencyBank_107_31,0.12445068359375,0.08251953125,0.01073455810546875,0.01116180419921875,0.0154266357421875
31,FluencyBank_107_32,0.0287628173828125,0.1640625,0.0230712890625,0.033599853515625,0.015960693359375
32,FluencyBank_107_33,0.02532958984375,0.10107421875,0.014617919921875,0.0278472900390625,0.0144500732421875
33,FluencyBank_107_34,0.032958984375,0.061309814453125,0.0090179443359375,0.006877899169921875,0.01229095458984375
34,FluencyBank_107_35,0.0345458984375,0.06536865234375,0.00821685791015625,0.011871337890625,0.5615234375
35,FluencyBank_107_36,0.07489013671875,0.07452392578125,0.006412506103515625,0.008544921875,0.6982421875
36,FluencyBank_107_37,0.08154296875,0.0615234375,0.006439208984375,0.004520416259765625,0.06890869140625
37,FluencyBank_107_38,0.04193115234375,0.062225341796875,0.00919342041015625,0.007205963134765625,0.048858642578125
38,FluencyBank_107_39,0.047698974609375,0.57861328125,0.64306640625,0.105224609375,0.0775146484375
39,FluencyBank_107_40,0.02838134765625,0.365966796875,0.2122802734375,0.376708984375,0.035064697265625
40,FluencyBank_107_41,0.033203125,0.3642578125,0.1771240234375,0.259521484375,0.0246124267578125
41,FluencyBank_107_42,0.1529541015625,0.07891845703125,0.00701141357421875,0.005039215087890625,0.04046630859375
42,FluencyBank_107_43,0.037384033203125,0.097412109375,0.00930023193359375,0.0099334716796875,0.038177490234375
43,FluencyBank_107_44,0.1033935546875,0.078369140625,0.007755279541015625,0.004398345947265625,0.0212860107421875
44,FluencyBank_107_45,0.021484375,0.04486083984375,0.007724761962890625,0.00989532470703125,0.062225341796875
45,FluencyBank_107_46,0.018768310546875,0.041778564453125,0.006191253662109375,0.017303466796875,0.03912353515625
46,FluencyBank_107_47,0.034942626953125,0.12054443359375,0.018341064453125,0.00971221923828125,0.0141754150390625
47,FluencyBank_107_48,0.0171051025390625,0.187744140625,0.0301513671875,0.0192718505859375,0.025909423828125
48,FluencyBank_107_49,0.16162109375,0.11474609375,0.0165252685546875,0.01085662841796875,0.017303466796875
49,FluencyBank_107_50,0.383544921875,0.137451171875,0.015960693359375,0.00926971435546875,0.03033447265625
50,FluencyBank_107_51,0.100341796875,0.07183837890625,0.0069580078125,0.0104522705078125,0.7548828125
51,FluencyBank_107_52,0.138427734375,0.062225341796875,0.006771087646484375,0.01137542724609375,0.81494140625
52,FluencyBank_107_53,0.0699462890625,0.04351806640625,0.006439208984375,0.005100250244140625,0.0164642333984375
53,FluencyBank_107_54,0.04559326171875,0.1044921875,0.0125274658203125,0.006145477294921875,0.01238250732421875
54,FluencyBank_107_55,0.0640869140625,0.061981201171875,0.0045928955078125,0.0060272216796875,0.323974609375
55,FluencyBank_107_56,0.0469970703125,0.12646484375,0.01238250732421875,0.01029205322265625,0.445068359375
56,FluencyBank_107_57,0.0263519287109375,0.498046875,0.3779296875,0.07135009765625,0.044586181640625
57,FluencyBank_107_58,0.12890625,0.0894775390625,0.0074310302734375,0.00653839111328125,0.032470703125
58,FluencyBank_107_59,0.045257568359375,0.08135986328125,0.00760650634765625,0.007785797119140625,0.037689208984375
59,FluencyBank_107_60,0.0987548828125,0.10467529296875,0.01024627685546875,0.0137939453125,0.765625
60,FluencyBank_107_61,0.0782470703125,0.10357666015625,0.01049041748046875,0.00891876220703125,0.72802734375
61,FluencyBank_107_62,0.01898193359375,0.047882080078125,0.009857177734375,0.01519012451171875,0.017181396484375
62,FluencyBank_107_63,0.030853271484375,0.06597900390625,0.00916290283203125,0.00963592529296875,0.01132965087890625
63,FluencyBank_107_64,0.054107666015625,0.07598876953125,0.00981903076171875,0.0154876708984375,0.73046875
64,FluencyBank_107_65,0.0867919921875,0.05145263671875,0.0078125,0.0129241943359375,0.55908203125
65,FluencyBank_107_66,0.02691650390625,0.06982421875,0.009857177734375,0.01146697998046875,0.01519012451171875
66,FluencyBank_107_67,0.027740478515625,0.091552734375,0.011688232421875,0.02056884765625,0.015777587890625
67,FluencyBank_107_68,0.0323486328125,0.05242919921875,0.005641937255859375,0.006717681884765625,0.1834716796875
68,FluencyBank_107_69,0.0616455078125,0.0633544921875,0.005062103271484375,0.01107025146484375,0.54150390625
69,FluencyBank_107_70,0.045440673828125,0.06842041015625,0.00609588623046875,0.01490020751953125,0.427001953125
70,FluencyBank_107_71,0.10760498046875,0.0703125,0.007175445556640625,0.008544921875,0.1475830078125
71,FluencyBank_107_72,0.08538818359375,0.09893798828125,0.0106964111328125,0.007518768310546875,0.0115509033203125
72,FluencyBank_107_73,0.0634765625,0.06597900390625,0.00609588623046875,0.0050811767578125,0.44921875
73,FluencyBank_107_74,0.0863037109375,0.09271240234375,0.00861358642578125,0.00861358642578125,0.74169921875
74,FluencyBank_107_75,0.061309814453125,0.298583984375,0.06396484375,0.0162200927734375,0.0120086669921875
75,FluencyBank_107_76,0.224609375,0.0751953125,0.007518768310546875,0.00661468505859375,0.03759765625
76,FluencyBank_107_77,0.0316162109375,0.07904052734375,0.012237548828125,0.007289886474609375,0.01507568359375
77,FluencyBank_107_78,0.03759765625,0.0784912109375,0.0103302001953125,0.007175445556640625,0.01094818115234375
78,FluencyBank_107_79,0.0384521484375,0.285400390625,0.6513671875,0.09222412109375,0.051361083984375
79,FluencyBank_107_80,0.0391845703125,0.057373046875,0.00844573974609375,0.01146697998046875,0.0341796875
80,FluencyBank_107_81,0.08197021484375,0.17431640625,0.095703125,0.7216796875,0.7099609375
81,FluencyBank_107_82,0.05340576171875,0.06085205078125,0.00690460205078125,0.01262664794921875,0.62109375
82,FluencyBank_107_83,0.06396484375,0.43408203125,0.11859130859375,0.050323486328125,0.041473388671875
83,FluencyBank_107_84,0.014617919921875,0.036712646484375,0.0102081298828125,0.0943603515625,0.0245208740234375
84,FluencyBank_107_85,0.1307373046875,0.10992431640625,0.01238250732421875,0.00800323486328125,0.0197601318359375
85,FluencyBank_107_86,0.316162109375,0.09552001953125,0.016021728515625,0.007232666015625,0.0191650390625
86,FluencyBank_107_87,0.0161590576171875,0.06610107421875,0.01287078857421875,0.0103302001953125,0.0144500732421875
87,FluencyBank_107_88,0.01214599609375,0.11962890625,0.042816162109375,0.04193115234375,0.0170440673828125
88,FluencyBank_107_89,0.02447509765625,0.081787109375,0.00864410400390625,0.01384735107421875,0.020294189453125
89,FluencyBank_107_90,0.0254669189453125,0.056976318359375,0.006771087646484375,0.02386474609375,0.0236968994140625
90,FluencyBank_107_91,0.034942626953125,0.1300048828125,0.09075927734375,0.85546875,0.0496826171875
91,FluencyBank_107_92,0.022247314453125,0.10089111328125,0.0213623046875,0.36962890625,0.0284423828125
92,FluencyBank_107_93,0.028656005859375,0.049224853515625,0.00586700439453125,0.0117340087890625,0.0257568359375
93,FluencyBank_107_94,0.049407958984375,0.08929443359375,0.01085662841796875,0.00803375244140625,0.015960693359375
94,FluencyBank_107_95,0.0221099853515625,0.06646728515625,0.00974273681640625,0.01384735107421875,0.0257568359375
95,FluencyBank_107_96,0.0309600830078125,0.08197021484375,0.010528564453125,0.015899658203125,0.0154876708984375
96,FluencyBank_109_0,0.65576171875,0.1705322265625,0.043853759765625,0.01036834716796875,0.056121826171875
97,FluencyBank_109_1,0.018798828125,0.08270263671875,0.01495361328125,0.0294189453125,0.0191192626953125
98,FluencyBank_109_2,0.04803466796875,0.11920166015625,0.09619140625,0.8046875,0.6708984375
99,FluencyBank_109_3,0.047088623046875,0.0755615234375,0.0143890380859375,0.037689208984375,0.84521484375
100,FluencyBank_109_4,0.364013671875,0.35693359375,0.4345703125,0.029754638671875,0.053985595703125
101,FluencyBank_109_5,0.0258026123046875,0.0526123046875,0.01090240478515625,0.006313323974609375,0.017303466796875
102,FluencyBank_109_6,0.01983642578125,0.05059814453125,0.00908660888671875,0.00891876220703125,0.0212860107421875
103,FluencyBank_109_7,0.01467132568359375,0.05145263671875,0.01132965087890625,0.01560211181640625,0.02215576171875
104,FluencyBank_109_8,0.72705078125,0.194580078125,0.146728515625,0.01348114013671875,0.1083984375
105,FluencyBank_109_9,0.4443359375,0.11102294921875,0.0306243896484375,0.005279541015625,0.1644287109375
106,FluencyBank_109_10,0.413818359375,0.224365234375,0.08404541015625,0.03271484375,0.740234375
107,FluencyBank_109_11,0.7900390625,0.20556640625,0.1978759765625,0.0310821533203125,0.0880126953125
108,FluencyBank_109_12,0.0823974609375,0.1331787109375,0.0233306884765625,0.0050201416015625,0.0121002197265625
109,FluencyBank_109_13,0.464111328125,0.2083740234375,0.03265380859375,0.007373809814453125,0.0278472900390625
110,FluencyBank_109_14,0.296875,0.275390625,0.10968017578125,0.017913818359375,0.0199432373046875
111,FluencyBank_109_15,0.328857421875,0.217529296875,0.0489501953125,0.008880615234375,0.024749755859375
112,FluencyBank_109_16,0.021575927734375,0.052703857421875,0.01061248779296875,0.007175445556640625,0.0185089111328125
113,FluencyBank_109_17,0.039703369140625,0.119384765625,0.0153656005859375,0.00690460205078125,0.00916290283203125
114,FluencyBank_109_18,0.092041015625,0.07989501953125,0.01560211181640625,0.0153045654296875,0.857421875
115,FluencyBank_109_19,0.277587890625,0.1258544921875,0.0255584716796875,0.06561279296875,0.93701171875
116,FluencyBank_109_20,0.061981201171875,0.0867919921875,0.0139007568359375,0.01560211181640625,0.623046875
117,FluencyBank_109_21,0.0560302734375,0.0592041015625,0.0104522705078125,0.025177001953125,0.83837890625
118,FluencyBank_109_22,0.29736328125,0.330810546875,0.73876953125,0.060211181640625,0.11419677734375
119,FluencyBank_109_23,0.149658203125,0.34814453125,0.68798828125,0.049957275390625,0.063720703125
120,FluencyBank_109_24,0.2091064453125,0.267578125,0.1307373046875,0.0216217041015625,0.21728515625
121,FluencyBank_109_25,0.243408203125,0.09619140625,0.01142120361328125,0.007038116455078125,0.1177978515625
122,FluencyBank_109_26,0.06982421875,0.0706787109375,0.046722412109375,0.8916015625,0.188232421875
123,FluencyBank_109_27,0.0762939453125,0.09588623046875,0.0142822265625,0.01302337646484375,0.7587890625
124,FluencyBank_109_28,0.1033935546875,0.369873046875,0.276611328125,0.0872802734375,0.63525390625
125,FluencyBank_109_29,0.0994873046875,0.070068359375,0.0125274658203125,0.051544189453125,0.0394287109375
126,FluencyBank_109_30,0.07476806640625,0.06793212890625,0.012725830078125,0.0121002197265625,0.07354736328125
127,FluencyBank_109_31,0.04534912109375,0.0850830078125,0.0254669189453125,0.261962890625,0.70751953125
128,FluencyBank_109_32,0.369140625,0.135009765625,0.0333251953125,0.01507568359375,0.65966796875
129,FluencyBank_109_33,0.1707763671875,0.453125,0.79638671875,0.06488037109375,0.265380859375
130,FluencyBank_109_34,0.2095947265625,0.409423828125,0.6533203125,0.09466552734375,0.486328125
131,FluencyBank_109_35,0.08477783203125,0.308837890625,0.0987548828125,0.048858642578125,0.79052734375
132,FluencyBank_109_36,0.271728515625,0.091064453125,0.0156707763671875,0.0153045654296875,0.8759765625
133,FluencyBank_109_37,0.513671875,0.31005859375,0.283203125,0.06951904296875,0.5810546875
134,FluencyBank_109_38,0.57763671875,0.10125732421875,0.0222015380859375,0.0121917724609375,0.53857421875
135,FluencyBank_109_39,0.37841796875,0.382568359375,0.26513671875,0.035888671875,0.35302734375
136,FluencyBank_109_40,0.0306243896484375,0.318115234375,0.380859375,0.03948974609375,0.0863037109375
137,FluencyBank_109_41,0.024658203125,0.305908203125,0.267333984375,0.56982421875,0.05718994140625
138,FluencyBank_109_42,0.090576171875,0.06805419921875,0.0125274658203125,0.01483917236328125,0.87841796875
139,FluencyBank_109_43,0.0638427734375,0.1014404296875,0.01751708984375,0.0256195068359375,0.857421875
140,FluencyBank_109_44,0.10284423828125,0.499755859375,0.251953125,0.0161590576171875,0.0225830078125
141,FluencyBank_109_45,0.0631103515625,0.32861328125,0.275146484375,0.01358795166015625,0.039337158203125
142,FluencyBank_109_46,0.026153564453125,0.0701904296875,0.01056671142578125,0.0203704833984375,0.046112060546875
143,FluencyBank_109_47,0.0552978515625,0.406005859375,0.391845703125,0.021209716796875,0.034942626953125
144,FluencyBank_109_48,0.0975341796875,0.0880126953125,0.0177764892578125,0.016021728515625,0.8525390625
145,FluencyBank_109_49,0.55810546875,0.12445068359375,0.039642333984375,0.0153656005859375,0.73193359375
146,FluencyBank_109_50,0.10577392578125,0.09893798828125,0.04376220703125,0.029083251953125,0.77880859375
147,FluencyBank_109_51,0.05224609375,0.1165771484375,0.034027099609375,0.007785797119140625,0.0169219970703125
148,FluencyBank_109_52,0.058013916015625,0.1502685546875,0.039276123046875,0.1163330078125,0.85107421875
149,FluencyBank_109_53,0.09893798828125,0.12322998046875,0.0203399658203125,0.022979736328125,0.0263519287109375
150,FluencyBank_109_54,0.0723876953125,0.46240234375,0.728515625,0.0703125,0.1727294921875
151,FluencyBank_109_55,0.2445068359375,0.1121826171875,0.0181884765625,0.0261077880859375,0.9365234375
152,FluencyBank_109_56,0.0948486328125,0.07318115234375,0.02203369140625,0.134033203125,0.03125
153,FluencyBank_109_57,0.09417724609375,0.09771728515625,0.0154266357421875,0.0192413330078125,0.900390625
154,FluencyBank_109_58,0.1279296875,0.368896484375,0.7783203125,0.045196533203125,0.0816650390625
155,FluencyBank_109_59,0.059326171875,0.496337890625,0.419677734375,0.033477783203125,0.04248046875
156,FluencyBank_109_60,0.5244140625,0.31396484375,0.56201171875,0.034698486328125,0.08740234375
157,FluencyBank_109_61,0.53125,0.23583984375,0.25341796875,0.0210113525390625,0.04681396484375
158,FluencyBank_109_62,0.017852783203125,0.07781982421875,0.027435302734375,0.01507568359375,0.023773193359375
159,FluencyBank_109_63,0.0216217041015625,0.12432861328125,0.0225372314453125,0.007175445556640625,0.0252685546875
160,FluencyBank_109_64,0.0283355712890625,0.035003662109375,0.006565093994140625,0.01090240478515625,0.02423095703125
161,FluencyBank_109_65,0.264404296875,0.1700439453125,0.05108642578125,0.0889892578125,0.9365234375
162,FluencyBank_109_66,0.0263519287109375,0.072509765625,0.0112457275390625,0.0125732421875,0.0439453125
163,FluencyBank_109_67,0.021942138671875,0.05511474609375,0.00815582275390625,0.014007568359375,0.1728515625
164,FluencyBank_109_68,0.05645751953125,0.1728515625,0.0254669189453125,0.00818634033203125,0.0115509033203125
165,FluencyBank_109_69,0.2144775390625,0.1490478515625,0.018829345703125,0.0153656005859375,0.88916015625
166,FluencyBank_109_70,0.06732177734375,0.308349609375,0.794921875,0.11517333984375,0.10650634765625
167,FluencyBank_109_71,0.26025390625,0.375732421875,0.6474609375,0.06634521484375,0.07794189453125
168,FluencyBank_109_72,0.388671875,0.38134765625,0.5126953125,0.08062744140625,0.06695556640625
169,FluencyBank_109_73,0.08770751953125,0.0830078125,0.008880615234375,0.016845703125,0.311767578125
170,FluencyBank_109_74,0.07781982421875,0.296142578125,0.6455078125,0.2744140625,0.1195068359375
171,FluencyBank_109_75,0.06634521484375,0.164306640625,0.59130859375,0.4794921875,0.0975341796875
172,FluencyBank_109_76,0.1591796875,0.2237548828125,0.7177734375,0.036712646484375,0.07135009765625
173,FluencyBank_109_77,0.1153564453125,0.2115478515625,0.0186920166015625,0.006412506103515625,0.04595947265625
174,FluencyBank_109_78,0.228515625,0.269287109375,0.74951171875,0.0390625,0.09320068359375
175,FluencyBank_109_79,0.1033935546875,0.0850830078125,0.01374053955078125,0.0184326171875,0.90625
176,FluencyBank_109_80,0.1710205078125,0.2218017578125,0.047149658203125,0.06622314453125,0.87109375
177,FluencyBank_109_81,0.67529296875,0.26806640625,0.53173828125,0.06304931640625,0.435791015625
178,FluencyBank_109_82,0.40771484375,0.25146484375,0.63427734375,0.07275390625,0.61474609375
179,FluencyBank_109_83,0.342529296875,0.1077880859375,0.01751708984375,0.018341064453125,0.779296875
180,FluencyBank_109_84,0.04620361328125,0.092041015625,0.01525115966796875,0.007404327392578125,0.05224609375
181,FluencyBank_111_0,0.11126708984375,0.1019287109375,0.011962890625,0.02069091796875,0.90380859375
182,FluencyBank_111_1,0.0190887451171875,0.047149658203125,0.0090179443359375,0.010650634765625,0.0200653076171875
183,FluencyBank_111_2,0.021820068359375,0.056121826171875,0.0164031982421875,0.014556884765625,0.01422882080078125
184,FluencyBank_111_3,0.021697998046875,0.212890625,0.2286376953125,0.443603515625,0.03271484375
185,FluencyBank_111_4,0.029083251953125,0.045257568359375,0.01422882080078125,0.0177154541015625,0.0156707763671875
186,FluencyBank_111_5,0.028656005859375,0.1265869140625,0.06756591796875,0.61181640625,0.072265625
187,FluencyBank_111_6,0.0323486328125,0.4091796875,0.369384765625,0.2122802734375,0.03179931640625
188,FluencyBank_111_7,0.06597900390625,0.06866455078125,0.0160980224609375,0.01094818115234375,0.012054443359375
189,FluencyBank_111_8,0.03240966796875,0.1221923828125,0.075439453125,0.8515625,0.0728759765625
190,FluencyBank_111_9,0.0235137939453125,0.043853759765625,0.00582122802734375,0.009857177734375,0.06756591796875
191,FluencyBank_111_11,0.0142822265625,0.03521728515625,0.0110321044921875,0.16015625,0.031494140625
192,FluencyBank_111_12,0.037689208984375,0.06939697265625,0.04132080078125,0.85302734375,0.08831787109375
193,FluencyBank_111_13,0.0156707763671875,0.042572021484375,0.0160980224609375,0.042327880859375,0.019989013671875
194,FluencyBank_111_14,0.1063232421875,0.05419921875,0.006168365478515625,0.00586700439453125,0.0297088623046875
195,FluencyBank_111_15,0.0163421630859375,0.044281005859375,0.01242828369140625,0.01467132568359375,0.025909423828125
196,FluencyBank_111_16,0.01312255859375,0.0411376953125,0.0104522705078125,0.0236968994140625,0.0235137939453125
197,FluencyBank_111_17,0.0230712890625,0.049957275390625,0.0131683349609375,0.03204345703125,0.042388916015625
198,FluencyBank_111_18,0.040771484375,0.12261962890625,0.1549072265625,0.89599609375,0.0885009765625
199,FluencyBank_111_19,0.037384033203125,0.1231689453125,0.018768310546875,0.00760650634765625,0.019195556640625
200,FluencyBank_111_20,0.126953125,0.1842041015625,0.037261962890625,0.018402099609375,0.0369873046875
201,FluencyBank_111_21,0.373046875,0.25439453125,0.1448974609375,0.040771484375,0.38818359375
202,FluencyBank_111_22,0.1578369140625,0.11126708984375,0.093017578125,0.009124755859375,0.055816650390625
203,FluencyBank_111_23,0.023101806640625,0.08270263671875,0.03582763671875,0.73193359375,0.039276123046875
204,FluencyBank_111_24,0.0193023681640625,0.08465576171875,0.0141754150390625,0.018585205078125,0.01763916015625
205,FluencyBank_111_25,0.1014404296875,0.0894775390625,0.016021728515625,0.018829345703125,0.85791015625
206,FluencyBank_111_26,0.236572265625,0.06939697265625,0.0129241943359375,0.03228759765625,0.86669921875
207,FluencyBank_111_27,0.05194091796875,0.1260986328125,0.03948974609375,0.70458984375,0.11993408203125
208,FluencyBank_111_28,0.048675537109375,0.102294921875,0.0117340087890625,0.01337432861328125,0.0261993408203125
209,FluencyBank_111_29,0.10931396484375,0.039794921875,0.004329681396484375,0.006439208984375,0.044677734375
210,FluencyBank_111_30,0.02386474609375,0.043853759765625,0.00679779052734375,0.0169219970703125,0.0704345703125
211,FluencyBank_111_31,0.0251312255859375,0.06109619140625,0.01214599609375,0.0082855224609375,0.017181396484375
212,FluencyBank_111_32,0.413330078125,0.1668701171875,0.047698974609375,0.00605010986328125,0.0305023193359375
213,FluencyBank_111_33,0.09417724609375,0.07965087890625,0.03875732421875,0.80322265625,0.22802734375
214,FluencyBank_111_34,0.0200958251953125,0.0638427734375,0.0135345458984375,0.01337432861328125,0.01495361328125
215,FluencyBank_111_35,0.0160980224609375,0.14404296875,0.03759765625,0.38623046875,0.0390625
216,FluencyBank_111_36,0.0234222412109375,0.0323486328125,0.00757598876953125,0.0170440673828125,0.0411376953125
217,FluencyBank_111_37,0.0258636474609375,0.04296875,0.006877899169921875,0.00971221923828125,0.0299835205078125
218,FluencyBank_111_38,0.0304412841796875,0.05419921875,0.0099334716796875,0.006511688232421875,0.0177154541015625
219,FluencyBank_111_39,0.455322265625,0.07318115234375,0.01406097412109375,0.006389617919921875,0.0552978515625
220,FluencyBank_111_40,0.04510498046875,0.053802490234375,0.010650634765625,0.007122039794921875,0.0230712890625
221,FluencyBank_111_41,0.0190582275390625,0.07275390625,0.0102081298828125,0.00766754150390625,0.0311431884765625
222,FluencyBank_111_42,0.0225372314453125,0.1177978515625,0.05499267578125,0.77783203125,0.06524658203125
223,FluencyBank_111_43,0.0218658447265625,0.11614990234375,0.03704833984375,0.466064453125,0.02947998046875
224,FluencyBank_111_44,0.07452392578125,0.06396484375,0.009857177734375,0.00945281982421875,0.75732421875
225,FluencyBank_111_45,0.038177490234375,0.046905517578125,0.00894927978515625,0.005405426025390625,0.05499267578125
226,FluencyBank_111_46,0.10760498046875,0.2144775390625,0.11297607421875,0.263427734375,0.86962890625
227,FluencyBank_111_47,0.19287109375,0.116943359375,0.01560211181640625,0.0112457275390625,0.80615234375
228,FluencyBank_111_48,0.1837158203125,0.057281494140625,0.0106964111328125,0.00400543212890625,0.05450439453125
229,FluencyBank_111_49,0.0142822265625,0.06890869140625,0.021820068359375,0.07354736328125,0.06866455078125
230,FluencyBank_111_50,0.035003662109375,0.048583984375,0.007843017578125,0.00930023193359375,0.021453857421875
231,FluencyBank_111_51,0.0521240234375,0.09967041015625,0.0303802490234375,0.007549285888671875,0.015838623046875
232,FluencyBank_111_52,0.0322265625,0.06597900390625,0.00894927978515625,0.01262664794921875,0.5810546875
233,FluencyBank_111_53,0.043701171875,0.06768798828125,0.0135345458984375,0.01116180419921875,0.59716796875
234,FluencyBank_111_54,0.047332763671875,0.045440673828125,0.01560211181640625,0.085693359375,0.04931640625
235,FluencyBank_111_55,0.38623046875,0.055511474609375,0.01422882080078125,0.00547027587890625,0.057373046875
236,FluencyBank_111_56,0.03228759765625,0.1978759765625,0.4833984375,0.57763671875,0.12158203125
237,FluencyBank_111_57,0.0201416015625,0.0352783203125,0.00963592529296875,0.01374053955078125,0.02685546875
238,FluencyBank_111_58,0.07330322265625,0.042572021484375,0.0103302001953125,0.008880615234375,0.03173828125
239,FluencyBank_111_59,0.00905609130859375,0.089111328125,0.0192718505859375,0.05499267578125,0.044677734375
240,FluencyBank_111_60,0.3388671875,0.1278076171875,0.0230712890625,0.042572021484375,0.94189453125
241,FluencyBank_111_61,0.05059814453125,0.0252227783203125,0.005321502685546875,0.00963592529296875,0.0333251953125
242,FluencyBank_111_62,0.09844970703125,0.4189453125,0.67578125,0.212890625,0.1578369140625
243,FluencyBank_111_63,0.04931640625,0.11199951171875,0.11083984375,0.92236328125,0.1175537109375
244,FluencyBank_111_64,0.01812744140625,0.11029052734375,0.02423095703125,0.1527099609375,0.2366943359375
245,FluencyBank_111_65,0.0289306640625,0.37158203125,0.258056640625,0.3037109375,0.056640625
246,FluencyBank_111_66,0.027008056640625,0.0413818359375,0.0066680908203125,0.01146697998046875,0.02386474609375
247,FluencyBank_111_67,0.60009765625,0.090576171875,0.021453857421875,0.0083160400390625,0.04803466796875
248,FluencyBank_111_68,0.03271484375,0.054290771484375,0.0083465576171875,0.00701141357421875,0.0220794677734375
249,FluencyBank_111_69,0.030853271484375,0.049041748046875,0.006744384765625,0.008544921875,0.0190887451171875
250,FluencyBank_111_70,0.039276123046875,0.391357421875,0.53173828125,0.089599609375,0.0384521484375
251,FluencyBank_111_71,0.045196533203125,0.10321044921875,0.0726318359375,0.892578125,0.06903076171875
252,FluencyBank_111_72,0.061431884765625,0.08050537109375,0.0125274658203125,0.01363372802734375,0.8212890625
253,FluencyBank_111_73,0.15234375,0.13671875,0.0548095703125,0.444580078125,0.88720703125
254,FluencyBank_111_74,0.394287109375,0.0743408203125,0.0101318359375,0.0165252685546875,0.6064453125
255,FluencyBank_111_75,0.03985595703125,0.07464599609375,0.0112457275390625,0.0165252685546875,0.59814453125
256,FluencyBank_111_76,0.027801513671875,0.10052490234375,0.06463623046875,0.83935546875,0.1094970703125
257,FluencyBank_111_77,0.10858154296875,0.059417724609375,0.00981903076171875,0.006641387939453125,0.01384735107421875
258,FluencyBank_111_78,0.01094818115234375,0.0782470703125,0.04840087890625,0.0943603515625,0.033905029296875
259,FluencyBank_111_79,0.10894775390625,0.050048828125,0.0120086669921875,0.0102081298828125,0.01861572265625
260,FluencyBank_111_80,0.03515625,0.043609619140625,0.0087432861328125,0.00760650634765625,0.0200958251953125
261,FluencyBank_111_81,0.01384735107421875,0.06109619140625,0.01262664794921875,0.0227203369140625,0.0204925537109375
262,FluencyBank_111_82,0.01519012451171875,0.15234375,0.045196533203125,0.0460205078125,0.0236053466796875
263,FluencyBank_111_83,0.06854248046875,0.06903076171875,0.006122589111328125,0.0222930908203125,0.6328125
264,FluencyBank_111_84,0.09722900390625,0.062103271484375,0.01177978515625,0.00714874267578125,0.0187225341796875
265,FluencyBank_111_85,0.139892578125,0.07720947265625,0.0104522705078125,0.004791259765625,0.03179931640625
266,FluencyBank_111_86,0.053802490234375,0.304443359375,0.26611328125,0.27685546875,0.06793212890625
267,FluencyBank_111_87,0.07318115234375,0.1239013671875,0.0850830078125,0.70751953125,0.8076171875
268,FluencyBank_111_88,0.035888671875,0.0743408203125,0.01384735107421875,0.035552978515625,0.67041015625
269,FluencyBank_111_89,0.14208984375,0.2252197265625,0.049774169921875,0.058441162109375,0.84033203125
270,FluencyBank_111_90,0.0743408203125,0.08343505859375,0.06829833984375,0.8994140625,0.51025390625
271,FluencyBank_111_91,0.132080078125,0.307373046875,0.6552734375,0.259521484375,0.47900390625
272,FluencyBank_111_92,0.0223236083984375,0.044525146484375,0.00760650634765625,0.0161590576171875,0.024932861328125
273,FluencyBank_111_93,0.07586669921875,0.11279296875,0.08282470703125,0.76171875,0.7763671875
274,FluencyBank_111_94,0.0256195068359375,0.370849609375,0.259033203125,0.17529296875,0.033538818359375
275,FluencyBank_111_95,0.02508544921875,0.4169921875,0.206787109375,0.0863037109375,0.0240020751953125
276,FluencyBank_111_96,0.04217529296875,0.06561279296875,0.0889892578125,0.01358795166015625,0.048858642578125
277,FluencyBank_111_97,0.024383544921875,0.05023193359375,0.006389617919921875,0.009521484375,0.0271148681640625
278,FluencyBank_111_98,0.0276336669921875,0.11395263671875,0.09503173828125,0.85400390625,0.06231689453125
279,FluencyBank_111_99,0.07904052734375,0.06903076171875,0.011505126953125,0.01306915283203125,0.01116180419921875
280,FluencyBank_111_100,0.033843994140625,0.2322998046875,0.172119140625,0.61279296875,0.544921875
281,FluencyBank_111_101,0.043121337890625,0.2469482421875,0.08538818359375,0.58935546875,0.035552978515625
282,FluencyBank_111_102,0.035491943359375,0.06097412109375,0.0169830322265625,0.026611328125,0.759765625
283,FluencyBank_111_103,0.06982421875,0.07989501953125,0.01560211181640625,0.0521240234375,0.90478515625
284,FluencyBank_111_104,0.034942626953125,0.0313720703125,0.00518035888671875,0.01337432861328125,0.05706787109375
285,FluencyBank_111_105,0.0300445556640625,0.03594970703125,0.00582122802734375,0.021240234375,0.09088134765625
286,FluencyBank_111_106,0.0141143798828125,0.041473388671875,0.00844573974609375,0.0144500732421875,0.0207672119140625
287,FluencyBank_111_107,0.08197021484375,0.1015625,0.01406097412109375,0.018585205078125,0.8837890625
288,FluencyBank_111_108,0.0938720703125,0.1805419921875,0.0482177734375,0.1514892578125,0.91259765625
289,FluencyBank_111_109,0.01229095458984375,0.07342529296875,0.04010009765625,0.0200958251953125,0.0224151611328125
290,FluencyBank_111_110,0.05072021484375,0.1463623046875,0.046295166015625,0.060211181640625,0.8896484375
291,FluencyBank_111_111,0.059661865234375,0.06231689453125,0.007965087890625,0.00586700439453125,0.56494140625
292,FluencyBank_111_112,0.179931640625,0.131103515625,0.019500732421875,0.0147857666015625,0.8017578125
293,FluencyBank_111_113,0.460205078125,0.1407470703125,0.017303466796875,0.00600433349609375,0.04595947265625
294,FluencyBank_111_114,0.0141143798828125,0.036285400390625,0.00818634033203125,0.0257568359375,0.0257110595703125
295,FluencyBank_111_115,0.03204345703125,0.056640625,0.009124755859375,0.00605010986328125,0.01507568359375
296,FluencyBank_111_116,0.0283355712890625,0.036895751953125,0.00908660888671875,0.00757598876953125,0.017852783203125
297,FluencyBank_111_117,0.04302978515625,0.080078125,0.0210418701171875,0.00937652587890625,0.020172119140625
298,FluencyBank_111_118,0.0162811279296875,0.0394287109375,0.00997161865234375,0.016021728515625,0.0225067138671875
299,FluencyBank_111_119,0.03643798828125,0.1209716796875,0.016845703125,0.023651123046875,0.02508544921875
300,FluencyBank_111_120,0.024139404296875,0.055206298828125,0.00867462158203125,0.017181396484375,0.0274810791015625
301,FluencyBank_111_121,0.1546630859375,0.1279296875,0.0184783935546875,0.0219879150390625,0.9365234375
302,FluencyBank_111_122,0.0189056396484375,0.040679931640625,0.009124755859375,0.0182952880859375,0.032470703125
303,FluencyBank_111_123,0.0135345458984375,0.063720703125,0.040985107421875,0.027587890625,0.05242919921875
304,FluencyBank_111_124,0.0738525390625,0.1070556640625,0.1602783203125,0.94287109375,0.2218017578125
305,FluencyBank_111_125,0.03192138671875,0.1759033203125,0.06982421875,0.66357421875,0.03802490234375
306,FluencyBank_111_126,0.2060546875,0.060760498046875,0.006072998046875,0.0082550048828125,0.6044921875
307,FluencyBank_111_127,0.01495361328125,0.07464599609375,0.01214599609375,0.0171051025390625,0.03271484375
308,FluencyBank_111_128,0.3046875,0.0948486328125,0.01483917236328125,0.02484130859375,0.94580078125
309,FluencyBank_111_129,0.01337432861328125,0.036346435546875,0.00818634033203125,0.064208984375,0.08599853515625
310,FluencyBank_111_130,0.00955963134765625,0.053009033203125,0.0205230712890625,0.036346435546875,0.024993896484375
311,FluencyBank_111_131,0.06964111328125,0.08416748046875,0.059661865234375,0.87353515625,0.07586669921875
312,FluencyBank_111_132,0.058013916015625,0.07861328125,0.0740966796875,0.927734375,0.13134765625
313,FluencyBank_111_133,0.0987548828125,0.095703125,0.018341064453125,0.090087890625,0.8740234375
314,FluencyBank_111_134,0.11126708984375,0.22900390625,0.038238525390625,0.041839599609375,0.7314453125
315,FluencyBank_111_135,0.04010009765625,0.0615234375,0.0169219970703125,0.0106964111328125,0.011871337890625
316,FluencyBank_111_136,0.08526611328125,0.0765380859375,0.015716552734375,0.007724761962890625,0.023468017578125
317,FluencyBank_111_137,0.01837158203125,0.050140380859375,0.01056671142578125,0.0174407958984375,0.02191162109375
318,FluencyBank_111_138,0.0153045654296875,0.11920166015625,0.038909912109375,0.04638671875,0.03167724609375
319,FluencyBank_111_139,0.1436767578125,0.09600830078125,0.0101318359375,0.01490020751953125,0.88916015625
320,FluencyBank_111_140,0.03424072265625,0.035888671875,0.0059814453125,0.00818634033203125,0.048309326171875
321,FluencyBank_111_141,0.03125,0.385986328125,0.56689453125,0.1104736328125,0.06524658203125
322,FluencyBank_111_142,0.04510498046875,0.056976318359375,0.01090240478515625,0.01348114013671875,0.7490234375
323,FluencyBank_111_143,0.07122802734375,0.26025390625,0.299560546875,0.44775390625,0.8076171875
324,FluencyBank_111_144,0.53564453125,0.09271240234375,0.0304412841796875,0.0083770751953125,0.03289794921875
325,FluencyBank_111_145,0.281982421875,0.1966552734375,0.037750244140625,0.0294189453125,0.9169921875
326,FluencyBank_111_146,0.1239013671875,0.053009033203125,0.009124755859375,0.005489349365234375,0.0278472900390625
327,FluencyBank_111_147,0.55224609375,0.263671875,0.15673828125,0.0143890380859375,0.06805419921875
328,FluencyBank_111_148,0.0223236083984375,0.04107666015625,0.00867462158203125,0.00948333740234375,0.026702880859375
329,FluencyBank_111_149,0.0223236083984375,0.07171630859375,0.01146697998046875,0.01467132568359375,0.02386474609375
330,FluencyBank_111_150,0.164306640625,0.15283203125,0.030670166015625,0.06695556640625,0.52392578125
331,FluencyBank_111_151,0.053314208984375,0.05645751953125,0.009674072265625,0.00981903076171875,0.022369384765625
332,FluencyBank_111_152,0.2127685546875,0.11614990234375,0.034759521484375,0.0099334716796875,0.0177764892578125
333,FluencyBank_111_153,0.0177154541015625,0.039337158203125,0.01137542724609375,0.20068359375,0.036834716796875
334,FluencyBank_111_154,0.1007080078125,0.05975341796875,0.0118255615234375,0.007259368896484375,0.0169219970703125
335,FluencyBank_111_155,0.0262603759765625,0.044769287109375,0.0100555419921875,0.0163421630859375,0.0222930908203125
336,FluencyBank_111_156,0.018341064453125,0.05389404296875,0.0125274658203125,0.00974273681640625,0.02044677734375
337,FluencyBank_111_157,0.04046630859375,0.2548828125,0.517578125,0.47119140625,0.090576171875
338,FluencyBank_111_158,0.1199951171875,0.050140380859375,0.007038116455078125,0.0121002197265625,0.8466796875
339,FluencyBank_111_159,0.021331787109375,0.13916015625,0.04986572265625,0.31494140625,0.314697265625
340,FluencyBank_111_160,0.048858642578125,0.090087890625,0.01024627685546875,0.01009368896484375,0.035064697265625
341,FluencyBank_111_161,0.010528564453125,0.042724609375,0.01525115966796875,0.0867919921875,0.026611328125
342,FluencyBank_111_162,0.01322174072265625,0.03521728515625,0.009674072265625,0.040985107421875,0.03228759765625
343,FluencyBank_111_163,0.016845703125,0.042877197265625,0.011688232421875,0.0162811279296875,0.0162811279296875
344,FluencyBank_111_164,0.1536865234375,0.052520751953125,0.0063629150390625,0.004024505615234375,0.533203125
345,FluencyBank_118_0,0.0162200927734375,0.058013916015625,0.01016998291015625,0.00881195068359375,0.0193023681640625
346,FluencyBank_118_1,0.373779296875,0.0889892578125,0.01024627685546875,0.00469970703125,0.0284423828125
347,FluencyBank_118_2,0.28564453125,0.1214599609375,0.0192718505859375,0.004314422607421875,0.0207977294921875
348,FluencyBank_118_3,0.54833984375,0.09466552734375,0.04559326171875,0.006931304931640625,0.0271148681640625
349,FluencyBank_118_4,0.70361328125,0.133056640625,0.027374267578125,0.009857177734375,0.0706787109375
350,FluencyBank_118_5,0.67919921875,0.10821533203125,0.0225830078125,0.0097808837890625,0.07183837890625
351,FluencyBank_118_6,0.0567626953125,0.03875732421875,0.004718780517578125,0.00803375244140625,0.029876708984375
352,FluencyBank_118_7,0.33203125,0.1700439453125,0.027374267578125,0.0154876708984375,0.0252685546875
353,FluencyBank_118_8,0.059112548828125,0.51708984375,0.54541015625,0.2239990234375,0.091552734375
354,FluencyBank_118_9,0.1181640625,0.0965576171875,0.01177978515625,0.00511932373046875,0.0254669189453125
355,FluencyBank_118_10,0.272216796875,0.1165771484375,0.0139007568359375,0.0079345703125,0.0293731689453125
356,FluencyBank_118_11,0.81298828125,0.249755859375,0.12347412109375,0.0233306884765625,0.13330078125
357,FluencyBank_118_12,0.334716796875,0.383056640625,0.5048828125,0.020965576171875,0.05511474609375
358,FluencyBank_118_13,0.08154296875,0.09686279296875,0.008575439453125,0.00974273681640625,0.01837158203125
359,FluencyBank_118_14,0.0259552001953125,0.0830078125,0.01132965087890625,0.049591064453125,0.015777587890625
360,FluencyBank_118_15,0.0232391357421875,0.071044921875,0.00997161865234375,0.009857177734375,0.01302337646484375
361,FluencyBank_118_16,0.087890625,0.17529296875,0.027740478515625,0.01363372802734375,0.0164642333984375
362,FluencyBank_118_17,0.033966064453125,0.09173583984375,0.011505126953125,0.01467132568359375,0.0116424560546875
363,FluencyBank_118_18,0.057281494140625,0.267578125,0.2017822265625,0.69921875,0.0618896484375
364,FluencyBank_118_19,0.413330078125,0.33203125,0.1405029296875,0.151611328125,0.08282470703125
365,FluencyBank_118_20,0.1727294921875,0.268798828125,0.11456298828125,0.00701141357421875,0.0153656005859375
366,FluencyBank_118_21,0.246337890625,0.29443359375,0.168701171875,0.01137542724609375,0.0236053466796875
367,FluencyBank_118_22,0.223388671875,0.09136962890625,0.01137542724609375,0.0189361572265625,0.9248046875
368,FluencyBank_118_23,0.0259552001953125,0.28125,0.08831787109375,0.02276611328125,0.033660888671875
369,FluencyBank_118_24,0.036285400390625,0.080078125,0.0171051025390625,0.0153656005859375,0.0154266357421875
370,FluencyBank_118_25,0.324462890625,0.295166015625,0.04217529296875,0.01094818115234375,0.0299835205078125
371,FluencyBank_118_26,0.18359375,0.070068359375,0.00809478759765625,0.00881195068359375,0.0251312255859375
372,FluencyBank_118_27,0.1624755859375,0.326416015625,0.546875,0.021453857421875,0.049591064453125
373,FluencyBank_118_28,0.38330078125,0.1842041015625,0.021942138671875,0.007122039794921875,0.0265045166015625
374,FluencyBank_118_29,0.11578369140625,0.129638671875,0.037384033203125,0.00803375244140625,0.01078033447265625
375,FluencyBank_118_30,0.126708984375,0.373046875,0.078369140625,0.00937652587890625,0.0225067138671875
376,FluencyBank_118_31,0.1807861328125,0.10467529296875,0.0197601318359375,0.00916290283203125,0.01467132568359375
377,FluencyBank_118_32,0.25634765625,0.31005859375,0.266357421875,0.0316162109375,0.037200927734375
378,FluencyBank_118_33,0.090576171875,0.4931640625,0.40673828125,0.05865478515625,0.040771484375
379,FluencyBank_118_34,0.091064453125,0.2391357421875,0.060516357421875,0.007694244384765625,0.0162200927734375
380,FluencyBank_118_35,0.1468505859375,0.321533203125,0.12347412109375,0.007694244384765625,0.0301513671875
381,FluencyBank_118_36,0.0248870849609375,0.044189453125,0.00861358642578125,0.00891876220703125,0.0312042236328125
382,FluencyBank_118_37,0.30078125,0.0999755859375,0.01837158203125,0.0187225341796875,0.93603515625
383,FluencyBank_118_38,0.05877685546875,0.03912353515625,0.005062103271484375,0.007404327392578125,0.02508544921875
384,FluencyBank_118_39,0.0199432373046875,0.0535888671875,0.0103302001953125,0.0095977783203125,0.017913818359375
385,FluencyBank_118_40,0.483154296875,0.258544921875,0.52099609375,0.0224151611328125,0.056121826171875
386,FluencyBank_118_41,0.029876708984375,0.038116455078125,0.007549285888671875,0.00885009765625,0.0189056396484375
387,FluencyBank_118_42,0.0153656005859375,0.038543701171875,0.007755279541015625,0.01267242431640625,0.0299224853515625
388,FluencyBank_118_43,0.377197265625,0.2095947265625,0.0631103515625,0.012969970703125,0.027587890625
389,FluencyBank_118_44,0.350830078125,0.059661865234375,0.01061248779296875,0.005641937255859375,0.0230255126953125
390,FluencyBank_118_45,0.279052734375,0.10614013671875,0.01490020751953125,0.018798828125,0.92919921875
391,FluencyBank_118_46,0.218017578125,0.21484375,0.464599609375,0.0163421630859375,0.0379638671875
392,FluencyBank_118_47,0.3134765625,0.1055908203125,0.0194244384765625,0.0244293212890625,0.943359375
393,FluencyBank_118_48,0.55322265625,0.1368408203125,0.03179931640625,0.0078125,0.038330078125
394,FluencyBank_118_49,0.06536865234375,0.06817626953125,0.0102081298828125,0.005001068115234375,0.0177764892578125
395,FluencyBank_118_50,0.0379638671875,0.07696533203125,0.0083465576171875,0.0259552001953125,0.70263671875
396,FluencyBank_118_51,0.11859130859375,0.18994140625,0.055816650390625,0.00821685791015625,0.01507568359375
397,FluencyBank_118_52,0.23583984375,0.1368408203125,0.0165252685546875,0.0190887451171875,0.92626953125
398,FluencyBank_118_53,0.413330078125,0.288330078125,0.39208984375,0.017303466796875,0.038238525390625
399,FluencyBank_118_54,0.06854248046875,0.10968017578125,0.009857177734375,0.007965087890625,0.0246124267578125
400,FluencyBank_118_55,0.21533203125,0.085693359375,0.015960693359375,0.0253753662109375,0.93701171875
401,FluencyBank_118_56,0.09417724609375,0.050140380859375,0.00948333740234375,0.0041351318359375,0.09686279296875
402,FluencyBank_118_57,0.7568359375,0.1063232421875,0.182373046875,0.016845703125,0.0830078125
403,FluencyBank_118_58,0.69287109375,0.1468505859375,0.0872802734375,0.01433563232421875,0.04296875
404,FluencyBank_118_59,0.02044677734375,0.040924072265625,0.008514404296875,0.0097808837890625,0.02044677734375
405,FluencyBank_118_60,0.0219879150390625,0.0302734375,0.00626373291015625,0.01107025146484375,0.0258026123046875
406,FluencyBank_118_61,0.0165252685546875,0.0496826171875,0.01029205322265625,0.0108184814453125,0.0216217041015625
407,FluencyBank_118_62,0.0242767333984375,0.1572265625,0.0309600830078125,0.01512908935546875,0.0121002197265625
408,FluencyBank_118_63,0.02752685546875,0.0592041015625,0.008880615234375,0.01129150390625,0.024932861328125
409,FluencyBank_118_64,0.18798828125,0.40185546875,0.3876953125,0.01107025146484375,0.0283355712890625
410,FluencyBank_118_65,0.68212890625,0.097900390625,0.01983642578125,0.00930023193359375,0.10357666015625
411,FluencyBank_118_66,0.337646484375,0.0535888671875,0.010650634765625,0.006290435791015625,0.029205322265625
412,FluencyBank_118_67,0.1358642578125,0.09979248046875,0.012481689453125,0.005218505859375,0.01490020751953125
413,FluencyBank_118_68,0.037261962890625,0.091552734375,0.009857177734375,0.00626373291015625,0.01763916015625
414,FluencyBank_118_69,0.06842041015625,0.17236328125,0.0199432373046875,0.0092315673828125,0.01267242431640625
415,FluencyBank_118_70,0.2044677734375,0.1324462890625,0.017303466796875,0.03192138671875,0.92578125
416,FluencyBank_118_71,0.037109375,0.052520751953125,0.00905609130859375,0.0074310302734375,0.0154266357421875
417,FluencyBank_118_72,0.2069091796875,0.05572509765625,0.006877899169921875,0.00847625732421875,0.0300445556640625
418,FluencyBank_118_73,0.6953125,0.11578369140625,0.0496826171875,0.00971221923828125,0.063232421875
419,FluencyBank_118_74,0.204833984375,0.1309814453125,0.0247039794921875,0.024749755859375,0.94384765625
420,FluencyBank_118_75,0.017181396484375,0.06280517578125,0.02630615234375,0.0240478515625,0.0187225341796875
421,FluencyBank_118_76,0.25634765625,0.105224609375,0.0177154541015625,0.005889892578125,0.0167236328125
422,FluencyBank_118_77,0.08831787109375,0.198486328125,0.07122802734375,0.00661468505859375,0.0173797607421875
423,FluencyBank_118_78,0.2427978515625,0.12200927734375,0.0153045654296875,0.0121002197265625,0.0830078125
424,FluencyBank_118_79,0.39990234375,0.0802001953125,0.01009368896484375,0.0057525634765625,0.04052734375
425,FluencyBank_118_80,0.0823974609375,0.10894775390625,0.07684326171875,0.859375,0.07989501953125
426,FluencyBank_118_81,0.033477783203125,0.1070556640625,0.01467132568359375,0.0059814453125,0.053497314453125
427,FluencyBank_118_82,0.06304931640625,0.1361083984375,0.0216522216796875,0.00690460205078125,0.0256195068359375
428,FluencyBank_118_83,0.039703369140625,0.1087646484375,0.0110321044921875,0.00626373291015625,0.0231475830078125
429,FluencyBank_118_84,0.0230712890625,0.06732177734375,0.024932861328125,0.59814453125,0.04052734375
430,FluencyBank_118_85,0.0243377685546875,0.05072021484375,0.006488800048828125,0.0225830078125,0.085693359375
431,FluencyBank_118_86,0.0272674560546875,0.14013671875,0.0386962890625,0.046295166015625,0.50634765625
432,FluencyBank_118_87,0.58154296875,0.09515380859375,0.0171051025390625,0.00803375244140625,0.0582275390625
433,FluencyBank_118_88,0.200439453125,0.375,0.351806640625,0.0121917724609375,0.044586181640625
434,FluencyBank_118_89,0.0200653076171875,0.07122802734375,0.0102081298828125,0.00821685791015625,0.020294189453125
435,FluencyBank_118_90,0.033538818359375,0.06549072265625,0.01177978515625,0.007694244384765625,0.0119171142578125
436,FluencyBank_118_91,0.253662109375,0.10247802734375,0.01560211181640625,0.02191162109375,0.93896484375
437,FluencyBank_118_92,0.228271484375,0.046905517578125,0.006587982177734375,0.004848480224609375,0.04443359375
438,FluencyBank_118_93,0.03662109375,0.09844970703125,0.01073455810546875,0.005428314208984375,0.0302734375
439,FluencyBank_118_94,0.08978271484375,0.295654296875,0.06842041015625,0.007259368896484375,0.01306915283203125
440,FluencyBank_118_95,0.0295867919921875,0.059112548828125,0.03314208984375,0.61376953125,0.036285400390625
441,FluencyBank_118_96,0.026702880859375,0.1510009765625,0.14501953125,0.50341796875,0.051666259765625
442,FluencyBank_118_97,0.033843994140625,0.1336669921875,0.38916015625,0.62158203125,0.10357666015625
443,FluencyBank_118_98,0.02886962890625,0.144287109375,0.431640625,0.4951171875,0.09417724609375
444,FluencyBank_118_99,0.0704345703125,0.5380859375,0.4912109375,0.03424072265625,0.0300445556640625
445,FluencyBank_118_100,0.0782470703125,0.486328125,0.1866455078125,0.021240234375,0.0189361572265625
446,FluencyBank_118_101,0.150390625,0.439697265625,0.2137451171875,0.01016998291015625,0.03192138671875
447,FluencyBank_118_102,0.199951171875,0.12115478515625,0.031982421875,0.01024627685546875,0.030731201171875
448,FluencyBank_118_103,0.433837890625,0.145751953125,0.03460693359375,0.05975341796875,0.9326171875
449,FluencyBank_118_104,0.300537109375,0.1978759765625,0.0552978515625,0.04559326171875,0.92919921875
450,FluencyBank_118_105,0.0457763671875,0.044586181640625,0.012725830078125,0.0063629150390625,0.01495361328125
451,FluencyBank_118_106,0.040313720703125,0.038238525390625,0.01009368896484375,0.0070953369140625,0.0179901123046875
452,FluencyBank_118_107,0.0460205078125,0.042022705078125,0.0108184814453125,0.00634002685546875,0.0154876708984375
453,FluencyBank_118_108,0.3623046875,0.0810546875,0.01111602783203125,0.005279541015625,0.034942626953125
454,FluencyBank_118_109,0.07977294921875,0.050506591796875,0.006313323974609375,0.0034160614013671875,0.0244293212890625
455,FluencyBank_118_110,0.435302734375,0.079345703125,0.011505126953125,0.00557708740234375,0.12066650390625
456,FluencyBank_118_111,0.30517578125,0.263671875,0.68994140625,0.03192138671875,0.0810546875
457,FluencyBank_118_112,0.70068359375,0.0823974609375,0.021087646484375,0.010986328125,0.1143798828125
458,FluencyBank_121_0,0.1153564453125,0.429931640625,0.427734375,0.07196044921875,0.0726318359375
459,FluencyBank_121_1,0.042572021484375,0.0743408203125,0.033721923828125,0.481689453125,0.72119140625
460,FluencyBank_121_2,0.0953369140625,0.08990478515625,0.01495361328125,0.0219879150390625,0.90283203125
461,FluencyBank_121_3,0.08709716796875,0.07879638671875,0.01433563232421875,0.0102081298828125,0.013427734375
462,FluencyBank_121_4,0.017578125,0.03839111328125,0.0214080810546875,0.21728515625,0.0273284912109375
463,FluencyBank_121_5,0.37744140625,0.07586669921875,0.0129241943359375,0.01078033447265625,0.027435302734375
464,FluencyBank_121_6,0.05059814453125,0.08819580078125,0.0125732421875,0.00864410400390625,0.7001953125
465,FluencyBank_121_7,0.06097412109375,0.04345703125,0.005664825439453125,0.01036834716796875,0.11126708984375
466,FluencyBank_121_8,0.0235595703125,0.05224609375,0.0401611328125,0.1910400390625,0.043701171875
467,FluencyBank_121_9,0.046478271484375,0.07171630859375,0.0216522216796875,0.005535125732421875,0.0210418701171875
468,FluencyBank_121_10,0.1328125,0.05499267578125,0.01560211181640625,0.0034027099609375,0.01953125
469,FluencyBank_121_11,0.050811767578125,0.047149658203125,0.0054473876953125,0.00763702392578125,0.1317138671875
470,FluencyBank_121_12,0.0209197998046875,0.04046630859375,0.00582122802734375,0.016845703125,0.024383544921875
471,FluencyBank_121_13,0.390380859375,0.1165771484375,0.062225341796875,0.01177978515625,0.0240020751953125
472,FluencyBank_121_14,0.15087890625,0.377197265625,0.37158203125,0.022796630859375,0.033660888671875
473,FluencyBank_121_15,0.06396484375,0.07421875,0.00766754150390625,0.006389617919921875,0.023468017578125
474,FluencyBank_121_16,0.1837158203125,0.1177978515625,0.038909912109375,0.06732177734375,0.92919921875
475,FluencyBank_121_17,0.02337646484375,0.0838623046875,0.007122039794921875,0.0271148681640625,0.07977294921875
476,FluencyBank_121_18,0.131103515625,0.1298828125,0.0187225341796875,0.00867462158203125,0.02630615234375
477,FluencyBank_121_19,0.36669921875,0.318359375,0.476806640625,0.044921875,0.05718994140625
478,FluencyBank_121_20,0.1114501953125,0.04913330078125,0.00766754150390625,0.01142120361328125,0.72900390625
479,FluencyBank_121_21,0.046295166015625,0.1912841796875,0.136962890625,0.64404296875,0.5693359375
480,FluencyBank_121_22,0.3828125,0.08599853515625,0.01837158203125,0.0161590576171875,0.82373046875
481,FluencyBank_121_23,0.337646484375,0.10797119140625,0.015899658203125,0.009521484375,0.8330078125
482,FluencyBank_121_24,0.0299835205078125,0.06109619140625,0.01395416259765625,0.0699462890625,0.037689208984375
483,FluencyBank_121_25,0.41552734375,0.08538818359375,0.017578125,0.00821685791015625,0.028167724609375
484,FluencyBank_121_26,0.095703125,0.12139892578125,0.018341064453125,0.004116058349609375,0.0352783203125
485,FluencyBank_121_27,0.037750244140625,0.06488037109375,0.010986328125,0.02886962890625,0.7431640625
486,FluencyBank_121_28,0.055938720703125,0.0809326171875,0.056121826171875,0.89501953125,0.14013671875
487,FluencyBank_121_29,0.138427734375,0.28515625,0.119384765625,0.09039306640625,0.91259765625
488,FluencyBank_121_30,0.2073974609375,0.1666259765625,0.0379638671875,0.038177490234375,0.93212890625
489,FluencyBank_121_31,0.050506591796875,0.07135009765625,0.01146697998046875,0.00766754150390625,0.0173797607421875
490,FluencyBank_121_32,0.12200927734375,0.0631103515625,0.005199432373046875,0.0162200927734375,0.1915283203125
491,FluencyBank_121_33,0.05865478515625,0.0634765625,0.006412506103515625,0.004364013671875,0.01861572265625
492,FluencyBank_121_34,0.05194091796875,0.52734375,0.521484375,0.034088134765625,0.055938720703125
493,FluencyBank_121_35,0.036895751953125,0.060302734375,0.0268096923828125,0.3056640625,0.6884765625
494,FluencyBank_121_36,0.100341796875,0.08197021484375,0.0165252685546875,0.1187744140625,0.07366943359375
495,FluencyBank_121_37,0.09600830078125,0.05072021484375,0.01085662841796875,0.00919342041015625,0.022674560546875
496,FluencyBank_121_38,0.24365234375,0.0638427734375,0.00948333740234375,0.0125732421875,0.7607421875
497,FluencyBank_121_39,0.157470703125,0.3408203125,0.341064453125,0.0170440673828125,0.0260009765625
498,FluencyBank_121_40,0.20751953125,0.08831787109375,0.0119171142578125,0.029815673828125,0.94091796875
499,FluencyBank_121_41,0.125732421875,0.11126708984375,0.0121917724609375,0.03179931640625,0.888671875
500,FluencyBank_121_42,0.0755615234375,0.09722900390625,0.08758544921875,0.939453125,0.134033203125
501,FluencyBank_121_43,0.040008544921875,0.10284423828125,0.07720947265625,0.85302734375,0.33203125
502,FluencyBank_121_44,0.611328125,0.10687255859375,0.01861572265625,0.01348114013671875,0.6728515625
503,FluencyBank_121_45,0.062225341796875,0.312744140625,0.302490234375,0.2362060546875,0.0333251953125
504,FluencyBank_121_46,0.11456298828125,0.1859130859375,0.041778564453125,0.07305908203125,0.8681640625
505,FluencyBank_121_47,0.52685546875,0.1650390625,0.048583984375,0.007205963134765625,0.0276336669921875
506,FluencyBank_121_48,0.097412109375,0.04327392578125,0.00812530517578125,0.00763702392578125,0.537109375
507,FluencyBank_121_49,0.0743408203125,0.07196044921875,0.00948333740234375,0.01898193359375,0.83154296875
508,FluencyBank_121_50,0.043212890625,0.049407958984375,0.00812530517578125,0.004886627197265625,0.051361083984375
509,FluencyBank_121_51,0.1468505859375,0.10931396484375,0.0131683349609375,0.005641937255859375,0.013427734375
510,FluencyBank_121_52,0.047607421875,0.2381591796875,0.268798828125,0.365478515625,0.7353515625
511,FluencyBank_121_53,0.1527099609375,0.07501220703125,0.00926971435546875,0.0184326171875,0.90771484375
512,FluencyBank_121_54,0.081787109375,0.052032470703125,0.00669097900390625,0.0054473876953125,0.54296875
513,FluencyBank_121_55,0.0225830078125,0.061431884765625,0.0343017578125,0.80078125,0.081787109375
514,FluencyBank_121_56,0.017303466796875,0.0615234375,0.0100555419921875,0.01111602783203125,0.019500732421875
515,FluencyBank_121_57,0.0755615234375,0.33251953125,0.5263671875,0.10467529296875,0.04107666015625
516,FluencyBank_121_58,0.035736083984375,0.24365234375,0.3447265625,0.6240234375,0.081787109375
517,FluencyBank_121_59,0.05865478515625,0.451904296875,0.49072265625,0.06512451171875,0.271484375
518,FluencyBank_121_60,0.04052734375,0.0843505859375,0.00714874267578125,0.006191253662109375,0.25341796875
519,FluencyBank_121_61,0.09857177734375,0.4482421875,0.44677734375,0.039337158203125,0.04559326171875
520,FluencyBank_121_62,0.04913330078125,0.125732421875,0.0282135009765625,0.0227203369140625,0.7998046875
521,FluencyBank_121_63,0.051666259765625,0.13037109375,0.11737060546875,0.849609375,0.55419921875
522,FluencyBank_121_64,0.169921875,0.08740234375,0.01085662841796875,0.017303466796875,0.90771484375
523,FluencyBank_121_65,0.1356201171875,0.06097412109375,0.00609588623046875,0.00595855712890625,0.69287109375
524,FluencyBank_121_66,0.1019287109375,0.091552734375,0.0233306884765625,0.0100555419921875,0.7890625
525,FluencyBank_121_67,0.06439208984375,0.0894775390625,0.013427734375,0.03228759765625,0.86767578125
526,FluencyBank_121_68,0.1048583984375,0.06915283203125,0.010650634765625,0.0170440673828125,0.47998046875
527,FluencyBank_121_69,0.021697998046875,0.038818359375,0.006145477294921875,0.0141754150390625,0.04803466796875
528,FluencyBank_121_70,0.10992431640625,0.07366943359375,0.0261993408203125,0.042877197265625,0.8408203125
529,FluencyBank_121_71,0.0239105224609375,0.050140380859375,0.013427734375,0.0999755859375,0.11920166015625
530,FluencyBank_121_72,0.019195556640625,0.1524658203125,0.1983642578125,0.287841796875,0.026702880859375
531,FluencyBank_121_73,0.15283203125,0.352783203125,0.54931640625,0.0261993408203125,0.03753662109375
532,FluencyBank_121_74,0.061431884765625,0.137451171875,0.017913818359375,0.0066680908203125,0.0162200927734375
533,FluencyBank_121_75,0.10760498046875,0.05419921875,0.005138397216796875,0.0162200927734375,0.6044921875
534,FluencyBank_121_76,0.07720947265625,0.036834716796875,0.005344390869140625,0.0147857666015625,0.478515625
535,FluencyBank_121_77,0.0328369140625,0.07122802734375,0.00916290283203125,0.0163421630859375,0.021453857421875
536,FluencyBank_121_78,0.051544189453125,0.10687255859375,0.054901123046875,0.87646484375,0.09173583984375
537,FluencyBank_121_79,0.024658203125,0.06756591796875,0.0120086669921875,0.259521484375,0.1087646484375
538,FluencyBank_121_80,0.1983642578125,0.2100830078125,0.199462890625,0.609375,0.090087890625
539,FluencyBank_121_81,0.2232666015625,0.0838623046875,0.01137542724609375,0.021484375,0.90625
540,FluencyBank_121_82,0.049407958984375,0.1121826171875,0.060211181640625,0.82275390625,0.050994873046875
541,FluencyBank_121_83,0.03985595703125,0.1688232421875,0.018585205078125,0.025177001953125,0.0177154541015625
542,FluencyBank_121_84,0.06878662109375,0.0850830078125,0.0121917724609375,0.005039215087890625,0.0255584716796875
543,FluencyBank_121_85,0.04949951171875,0.28857421875,0.6787109375,0.2093505859375,0.06903076171875
544,FluencyBank_121_86,0.1240234375,0.1094970703125,0.0119171142578125,0.00815582275390625,0.73974609375
545,FluencyBank_121_87,0.253662109375,0.06781005859375,0.00760650634765625,0.004085540771484375,0.331298828125
546,FluencyBank_121_88,0.1290283203125,0.305419921875,0.505859375,0.123779296875,0.07196044921875
547,FluencyBank_121_89,0.09283447265625,0.1070556640625,0.1282958984375,0.91796875,0.474365234375
548,FluencyBank_121_90,0.08251953125,0.1910400390625,0.3564453125,0.85107421875,0.141845703125
549,FluencyBank_121_91,0.085693359375,0.06573486328125,0.008514404296875,0.00867462158203125,0.5205078125
550,FluencyBank_121_92,0.28125,0.199951171875,0.049957275390625,0.0162200927734375,0.08038330078125
551,FluencyBank_121_93,0.419921875,0.10894775390625,0.01229095458984375,0.005001068115234375,0.04046630859375
552,FluencyBank_121_94,0.04638671875,0.0723876953125,0.01146697998046875,0.00803375244140625,0.58056640625
553,FluencyBank_121_95,0.0150146484375,0.04779052734375,0.0173797607421875,0.361328125,0.1312255859375
554,FluencyBank_121_96,0.0240936279296875,0.08154296875,0.00815582275390625,0.08331298828125,0.03436279296875
555,FluencyBank_121_97,0.0360107421875,0.130859375,0.06842041015625,0.80810546875,0.0535888671875
556,FluencyBank_121_98,0.0723876953125,0.244384765625,0.0313720703125,0.01287078857421875,0.0180511474609375
557,FluencyBank_121_99,0.027069091796875,0.040252685546875,0.008575439453125,0.00881195068359375,0.038818359375
558,FluencyBank_121_100,0.045684814453125,0.251953125,0.1959228515625,0.66455078125,0.3154296875
559,FluencyBank_121_101,0.049591064453125,0.08758544921875,0.03167724609375,0.326416015625,0.85595703125
560,FluencyBank_121_102,0.081787109375,0.10931396484375,0.10394287109375,0.921875,0.3125
561,FluencyBank_121_103,0.09234619140625,0.058441162109375,0.00766754150390625,0.00844573974609375,0.014617919921875
562,FluencyBank_121_104,0.04779052734375,0.053314208984375,0.0087127685546875,0.004505157470703125,0.12103271484375
563,FluencyBank_121_105,0.351318359375,0.165283203125,0.0199432373046875,0.00766754150390625,0.03515625
564,FluencyBank_121_106,0.179443359375,0.1734619140625,0.04681396484375,0.0171051025390625,0.021240234375
565,FluencyBank_121_107,0.300537109375,0.1744384765625,0.051177978515625,0.02044677734375,0.701171875
566,FluencyBank_121_108,0.5673828125,0.093994140625,0.0305023193359375,0.00916290283203125,0.0300445556640625
567,FluencyBank_121_109,0.53857421875,0.08416748046875,0.01519012451171875,0.007488250732421875,0.2149658203125
568,FluencyBank_121_110,0.12347412109375,0.0743408203125,0.01483917236328125,0.005138397216796875,0.1934814453125
569,FluencyBank_121_111,0.41259765625,0.44482421875,0.266357421875,0.0174407958984375,0.050811767578125
570,FluencyBank_121_112,0.10247802734375,0.50537109375,0.5888671875,0.10174560546875,0.1165771484375
571,FluencyBank_121_113,0.74072265625,0.1961669921875,0.102294921875,0.01384735107421875,0.0830078125
572,FluencyBank_121_114,0.51708984375,0.257568359375,0.11102294921875,0.01678466796875,0.089599609375
573,FluencyBank_121_115,0.058349609375,0.09930419921875,0.09722900390625,0.830078125,0.63720703125
574,FluencyBank_121_116,0.1513671875,0.2880859375,0.04620361328125,0.01422882080078125,0.01302337646484375
575,FluencyBank_121_117,0.0305633544921875,0.06256103515625,0.0173797607421875,0.077392578125,0.29052734375
576,FluencyBank_121_118,0.1083984375,0.10015869140625,0.037384033203125,0.1455078125,0.62255859375
577,FluencyBank_121_119,0.034698486328125,0.04681396484375,0.0058441162109375,0.00933837890625,0.0169830322265625
578,FluencyBank_121_120,0.061981201171875,0.10650634765625,0.0117340087890625,0.007122039794921875,0.023468017578125
579,FluencyBank_121_121,0.59326171875,0.133056640625,0.027374267578125,0.00621795654296875,0.045257568359375
580,FluencyBank_121_122,0.1070556640625,0.07135009765625,0.00989532470703125,0.010009765625,0.8212890625
581,FluencyBank_121_123,0.317138671875,0.4619140625,0.212890625,0.020721435546875,0.047607421875
582,FluencyBank_121_124,0.03302001953125,0.10797119140625,0.050994873046875,0.744140625,0.054595947265625
583,FluencyBank_121_125,0.053314208984375,0.163330078125,0.0943603515625,0.54296875,0.775390625
584,FluencyBank_121_126,0.1771240234375,0.316162109375,0.338134765625,0.1480712890625,0.70654296875
585,FluencyBank_121_127,0.0246124267578125,0.08740234375,0.01238250732421875,0.0101318359375,0.267822265625
586,FluencyBank_121_128,0.09979248046875,0.1805419921875,0.236572265625,0.71484375,0.62939453125
587,FluencyBank_121_129,0.07806396484375,0.09417724609375,0.092529296875,0.642578125,0.8125
588,FluencyBank_121_130,0.0224609375,0.1439208984375,0.257568359375,0.5986328125,0.0987548828125
589,FluencyBank_121_131,0.04193115234375,0.09088134765625,0.072265625,0.89794921875,0.306884765625
590,FluencyBank_121_132,0.04296875,0.08770751953125,0.011688232421875,0.02337646484375,0.708984375
591,FluencyBank_121_133,0.0196075439453125,0.2120361328125,0.035400390625,0.06756591796875,0.023651123046875
592,FluencyBank_121_134,0.07989501953125,0.11199951171875,0.1590576171875,0.90966796875,0.428955078125
593,FluencyBank_121_135,0.0849609375,0.13671875,0.02191162109375,0.0153656005859375,0.60498046875
594,FluencyBank_121_136,0.154052734375,0.491455078125,0.1639404296875,0.0184326171875,0.0230712890625
595,FluencyBank_121_137,0.07586669921875,0.52490234375,0.420654296875,0.0261993408203125,0.026611328125
596,FluencyBank_121_138,0.0634765625,0.353759765625,0.090087890625,0.027069091796875,0.01332855224609375
597,FluencyBank_121_139,0.040985107421875,0.09686279296875,0.040985107421875,0.72802734375,0.08526611328125
598,FluencyBank_121_140,0.0863037109375,0.54931640625,0.6005859375,0.0631103515625,0.04248046875
599,FluencyBank_121_141,0.030853271484375,0.03955078125,0.006824493408203125,0.014556884765625,0.5185546875
600,FluencyBank_121_142,0.31787109375,0.1163330078125,0.027587890625,0.0108184814453125,0.0144500732421875
601,FluencyBank_132_0,0.1484375,0.09417724609375,0.011871337890625,0.019012451171875,0.89892578125
602,FluencyBank_132_1,0.13525390625,0.1171875,0.02044677734375,0.019195556640625,0.859375
603,FluencyBank_132_2,0.1298828125,0.16650390625,0.01395416259765625,0.015960693359375,0.51318359375
604,FluencyBank_132_3,0.337646484375,0.0953369140625,0.0116424560546875,0.005489349365234375,0.027008056640625
605,FluencyBank_132_4,0.07171630859375,0.22265625,0.4638671875,0.7138671875,0.12200927734375
606,FluencyBank_132_5,0.12176513671875,0.237060546875,0.72509765625,0.254638671875,0.204833984375
607,FluencyBank_132_6,0.08538818359375,0.09588623046875,0.01422882080078125,0.0202484130859375,0.7744140625
608,FluencyBank_132_7,0.045257568359375,0.1282958984375,0.10321044921875,0.81689453125,0.480224609375
609,FluencyBank_132_8,0.070068359375,0.2391357421875,0.37451171875,0.469970703125,0.2744140625
610,FluencyBank_132_9,0.0294189453125,0.07135009765625,0.00760650634765625,0.02069091796875,0.52685546875
611,FluencyBank_132_10,0.10125732421875,0.163330078125,0.02191162109375,0.037200927734375,0.8798828125
612,FluencyBank_132_11,0.0830078125,0.55908203125,0.5615234375,0.09466552734375,0.06805419921875
613,FluencyBank_132_12,0.1312255859375,0.3720703125,0.4365234375,0.339111328125,0.61572265625
614,FluencyBank_132_13,0.0548095703125,0.09912109375,0.0116424560546875,0.047882080078125,0.78662109375
615,FluencyBank_132_14,0.049041748046875,0.31005859375,0.109130859375,0.07476806640625,0.01363372802734375
616,FluencyBank_132_15,0.10821533203125,0.2099609375,0.034759521484375,0.040771484375,0.87646484375
617,FluencyBank_132_16,0.58984375,0.1328125,0.0217437744140625,0.0226287841796875,0.80322265625
618,FluencyBank_132_17,0.060302734375,0.0455322265625,0.004398345947265625,0.0083465576171875,0.5380859375
619,FluencyBank_132_18,0.34716796875,0.353271484375,0.2117919921875,0.1297607421875,0.357666015625
620,FluencyBank_132_19,0.395263671875,0.07781982421875,0.01233673095703125,0.01312255859375,0.208984375
621,FluencyBank_132_20,0.048126220703125,0.10321044921875,0.0127716064453125,0.0177154541015625,0.75634765625
622,FluencyBank_132_21,0.32177734375,0.08135986328125,0.00989532470703125,0.015716552734375,0.88330078125
623,FluencyBank_132_22,0.0938720703125,0.2264404296875,0.0867919921875,0.01238250732421875,0.0163421630859375
624,FluencyBank_132_23,0.039794921875,0.07135009765625,0.0141754150390625,0.0127716064453125,0.00963592529296875
625,FluencyBank_132_24,0.07989501953125,0.44873046875,0.3525390625,0.09503173828125,0.0300445556640625
626,FluencyBank_132_25,0.10504150390625,0.298583984375,0.66064453125,0.427978515625,0.49755859375
627,FluencyBank_132_26,0.1934814453125,0.093505859375,0.0094146728515625,0.01348114013671875,0.81201171875
628,FluencyBank_132_27,0.125244140625,0.336181640625,0.09844970703125,0.244873046875,0.051666259765625
629,FluencyBank_132_28,0.106689453125,0.08050537109375,0.04376220703125,0.84716796875,0.1258544921875
630,FluencyBank_132_29,0.10125732421875,0.134033203125,0.01934814453125,0.0328369140625,0.92626953125
631,FluencyBank_132_30,0.06744384765625,0.07421875,0.0118255615234375,0.01763916015625,0.86669921875
632,FluencyBank_132_31,0.0213623046875,0.09368896484375,0.01678466796875,0.019012451171875,0.01422882080078125
633,FluencyBank_132_32,0.07464599609375,0.049591064453125,0.00930023193359375,0.01049041748046875,0.048492431640625
634,FluencyBank_132_33,0.197265625,0.364501953125,0.61083984375,0.038970947265625,0.04949951171875
635,FluencyBank_132_34,0.220458984375,0.1385498046875,0.02752685546875,0.0119171142578125,0.0216217041015625
636,FluencyBank_132_35,0.097900390625,0.340576171875,0.2060546875,0.449462890625,0.73046875
637,FluencyBank_132_36,0.2142333984375,0.1536865234375,0.020843505859375,0.03216552734375,0.94580078125
638,FluencyBank_132_37,0.302490234375,0.2156982421875,0.12139892578125,0.0273284912109375,0.82177734375
639,FluencyBank_132_38,0.382080078125,0.23681640625,0.70556640625,0.1041259765625,0.247314453125
640,FluencyBank_132_39,0.052520751953125,0.09332275390625,0.063720703125,0.9072265625,0.09368896484375
641,FluencyBank_132_40,0.04595947265625,0.148193359375,0.1177978515625,0.88720703125,0.10357666015625
642,FluencyBank_132_41,0.03948974609375,0.416748046875,0.397216796875,0.384521484375,0.060516357421875
643,FluencyBank_132_42,0.1661376953125,0.40283203125,0.1458740234375,0.035888671875,0.703125
644,FluencyBank_132_43,0.02276611328125,0.1121826171875,0.024566650390625,0.177978515625,0.52783203125
645,FluencyBank_132_44,0.07275390625,0.303466796875,0.286376953125,0.5458984375,0.048675537109375
646,FluencyBank_132_45,0.09088134765625,0.348876953125,0.357177734375,0.52978515625,0.054412841796875
647,FluencyBank_132_46,0.058135986328125,0.1949462890625,0.58642578125,0.263671875,0.06732177734375
648,FluencyBank_132_47,0.0567626953125,0.228271484375,0.319091796875,0.75390625,0.4775390625
649,FluencyBank_132_48,0.043212890625,0.2216796875,0.57861328125,0.58837890625,0.463623046875
650,FluencyBank_132_49,0.15966796875,0.1417236328125,0.0299835205078125,0.240234375,0.156982421875
651,FluencyBank_132_50,0.32275390625,0.11676025390625,0.01348114013671875,0.05987548828125,0.4306640625
652,FluencyBank_132_51,0.1488037109375,0.0831298828125,0.0089874267578125,0.010650634765625,0.86279296875
653,FluencyBank_132_52,0.040252685546875,0.305908203125,0.364501953125,0.33349609375,0.6904296875
654,FluencyBank_132_53,0.0537109375,0.10968017578125,0.0709228515625,0.90283203125,0.1431884765625
655,FluencyBank_132_54,0.0352783203125,0.1810302734375,0.169921875,0.7685546875,0.06793212890625
656,FluencyBank_132_55,0.0282135009765625,0.276123046875,0.4658203125,0.375732421875,0.041778564453125
657,FluencyBank_132_56,0.0258636474609375,0.0784912109375,0.01090240478515625,0.021942138671875,0.091064453125
658,FluencyBank_132_57,0.050048828125,0.2083740234375,0.261474609375,0.833984375,0.10211181640625
659,FluencyBank_132_58,0.042236328125,0.498291015625,0.5078125,0.091552734375,0.054901123046875
660,FluencyBank_132_59,0.0191650390625,0.0391845703125,0.005489349365234375,0.01137542724609375,0.06744384765625
661,FluencyBank_132_60,0.0169219970703125,0.047943115234375,0.00766754150390625,0.01177978515625,0.0230712890625
662,FluencyBank_132_61,0.0187225341796875,0.03607177734375,0.00908660888671875,0.01009368896484375,0.0280609130859375
663,FluencyBank_132_62,0.0257568359375,0.053314208984375,0.01090240478515625,0.10015869140625,0.01490020751953125
664,FluencyBank_132_63,0.061767578125,0.2822265625,0.798828125,0.1190185546875,0.10107421875
665,FluencyBank_132_64,0.2381591796875,0.396240234375,0.399169921875,0.1407470703125,0.412353515625
666,FluencyBank_132_65,0.028106689453125,0.0784912109375,0.01348114013671875,0.041473388671875,0.701171875
667,FluencyBank_132_66,0.0289764404296875,0.08331298828125,0.01049041748046875,0.036773681640625,0.72607421875
668,FluencyBank_132_67,0.1998291015625,0.08709716796875,0.01490020751953125,0.01056671142578125,0.038818359375
669,FluencyBank_132_68,0.546875,0.103759765625,0.01751708984375,0.0160980224609375,0.1448974609375
670,FluencyBank_132_69,0.017181396484375,0.2330322265625,0.07977294921875,0.336669921875,0.07989501953125
671,FluencyBank_132_70,0.094482421875,0.2578125,0.1754150390625,0.59130859375,0.79833984375
672,FluencyBank_132_71,0.058441162109375,0.173828125,0.179931640625,0.65869140625,0.67138671875
673,FluencyBank_132_72,0.034698486328125,0.04400634765625,0.0087432861328125,0.0775146484375,0.67431640625
674,FluencyBank_132_73,0.0188751220703125,0.06451416015625,0.0247039794921875,0.0182342529296875,0.03265380859375
675,FluencyBank_132_74,0.08209228515625,0.086181640625,0.00916290283203125,0.01142120361328125,0.03753662109375
676,FluencyBank_132_75,0.050994873046875,0.06732177734375,0.007488250732421875,0.00945281982421875,0.038177490234375
677,FluencyBank_132_76,0.59765625,0.21484375,0.1925048828125,0.01898193359375,0.048583984375
678,FluencyBank_132_77,0.2890625,0.07977294921875,0.01302337646484375,0.00815582275390625,0.72119140625
679,FluencyBank_132_78,0.251220703125,0.095703125,0.01406097412109375,0.1134033203125,0.8564453125
680,FluencyBank_132_79,0.050811767578125,0.22802734375,0.116943359375,0.5244140625,0.6083984375
681,FluencyBank_132_80,0.082275390625,0.06396484375,0.006488800048828125,0.0181884765625,0.68994140625
682,FluencyBank_132_81,0.03143310546875,0.07965087890625,0.01229095458984375,0.0299224853515625,0.54443359375
683,FluencyBank_132_82,0.037384033203125,0.09136962890625,0.0083465576171875,0.01287078857421875,0.63330078125
684,FluencyBank_132_83,0.0706787109375,0.055816650390625,0.00841522216796875,0.01242828369140625,0.74755859375
685,FluencyBank_132_84,0.396240234375,0.07171630859375,0.0094146728515625,0.01302337646484375,0.80615234375
686,FluencyBank_132_85,0.07684326171875,0.095703125,0.061309814453125,0.80712890625,0.671875
687,FluencyBank_132_86,0.0299835205078125,0.076416015625,0.055419921875,0.859375,0.1895751953125
688,FluencyBank_132_87,0.093017578125,0.06622314453125,0.00926971435546875,0.02191162109375,0.78271484375
689,FluencyBank_132_88,0.04840087890625,0.11859130859375,0.08978271484375,0.84130859375,0.4697265625
690,FluencyBank_132_89,0.036895751953125,0.51953125,0.578125,0.07965087890625,0.2467041015625
691,FluencyBank_132_90,0.32861328125,0.0740966796875,0.015960693359375,0.00974273681640625,0.03448486328125
692,FluencyBank_132_91,0.09979248046875,0.1019287109375,0.070556640625,0.89013671875,0.11279296875
693,FluencyBank_132_92,0.2359619140625,0.10650634765625,0.01056671142578125,0.015838623046875,0.8623046875
694,FluencyBank_132_93,0.19580078125,0.1551513671875,0.0208892822265625,0.046630859375,0.93017578125
695,FluencyBank_132_94,0.1077880859375,0.131103515625,0.01422882080078125,0.0219879150390625,0.71044921875
696,FluencyBank_132_95,0.08331298828125,0.133056640625,0.0322265625,0.07586669921875,0.90625
697,FluencyBank_132_96,0.1798095703125,0.07989501953125,0.0135345458984375,0.0141143798828125,0.80224609375
698,FluencyBank_132_97,0.09368896484375,0.2237548828125,0.06982421875,0.677734375,0.12408447265625
699,FluencyBank_132_98,0.0282135009765625,0.2138671875,0.423828125,0.66455078125,0.07330322265625
700,FluencyBank_132_99,0.0413818359375,0.248046875,0.1624755859375,0.6826171875,0.055419921875
701,FluencyBank_147_0,0.10430908203125,0.1494140625,0.014556884765625,0.01073455810546875,0.787109375
702,FluencyBank_147_1,0.08990478515625,0.10504150390625,0.02001953125,0.0240478515625,0.90380859375
703,FluencyBank_147_2,0.03643798828125,0.1964111328125,0.06085205078125,0.043609619140625,0.03704833984375
704,FluencyBank_147_3,0.134033203125,0.06396484375,0.0083770751953125,0.006771087646484375,0.24169921875
705,FluencyBank_147_4,0.37548828125,0.11798095703125,0.019561767578125,0.0273284912109375,0.88818359375
706,FluencyBank_147_5,0.3828125,0.2509765625,0.056976318359375,0.04248046875,0.6787109375
707,FluencyBank_147_6,0.1697998046875,0.1300048828125,0.0207672119140625,0.004608154296875,0.0165252685546875
708,FluencyBank_147_7,0.284912109375,0.2447509765625,0.051544189453125,0.00731658935546875,0.0174407958984375
709,FluencyBank_147_8,0.08416748046875,0.1553955078125,0.0292510986328125,0.0257110595703125,0.7470703125
710,FluencyBank_147_9,0.0753173828125,0.1475830078125,0.669921875,0.140625,0.06512451171875
711,FluencyBank_147_10,0.085693359375,0.134033203125,0.177490234375,0.9345703125,0.31103515625
712,FluencyBank_147_11,0.265380859375,0.4423828125,0.68701171875,0.046112060546875,0.11419677734375
713,FluencyBank_147_12,0.334716796875,0.490234375,0.386962890625,0.1282958984375,0.62744140625
714,FluencyBank_147_13,0.1007080078125,0.32080078125,0.4580078125,0.67529296875,0.224853515625
715,FluencyBank_147_14,0.18359375,0.30419921875,0.09686279296875,0.06439208984375,0.9306640625
716,FluencyBank_147_15,0.1370849609375,0.1287841796875,0.0136871337890625,0.0115966796875,0.88818359375
717,FluencyBank_147_16,0.044769287109375,0.06463623046875,0.006717681884765625,0.007373809814453125,0.0187225341796875
718,FluencyBank_147_17,0.273193359375,0.50830078125,0.2288818359375,0.03143310546875,0.03125
719,FluencyBank_147_18,0.080078125,0.2203369140625,0.11029052734375,0.08135986328125,0.8701171875
720,FluencyBank_147_19,0.11474609375,0.07611083984375,0.00760650634765625,0.004116058349609375,0.294921875
721,FluencyBank_147_20,0.1300048828125,0.371826171875,0.73779296875,0.037384033203125,0.07208251953125
722,FluencyBank_147_21,0.0885009765625,0.472900390625,0.5302734375,0.0215301513671875,0.035003662109375
723,FluencyBank_147_22,0.01512908935546875,0.08062744140625,0.0345458984375,0.26904296875,0.1895751953125
724,FluencyBank_147_23,0.059661865234375,0.18212890625,0.07891845703125,0.343994140625,0.8134765625
725,FluencyBank_147_24,0.049407958984375,0.299072265625,0.13232421875,0.2042236328125,0.806640625
726,FluencyBank_147_25,0.1727294921875,0.09368896484375,0.012054443359375,0.0203399658203125,0.923828125
727,FluencyBank_147_26,0.1087646484375,0.07208251953125,0.005428314208984375,0.006744384765625,0.39111328125
728,FluencyBank_147_27,0.0322265625,0.049591064453125,0.00669097900390625,0.0070953369140625,0.04876708984375
729,FluencyBank_147_28,0.1448974609375,0.3154296875,0.406005859375,0.311279296875,0.8525390625
730,FluencyBank_147_29,0.12408447265625,0.15673828125,0.158447265625,0.82861328125,0.7509765625
731,FluencyBank_147_30,0.05572509765625,0.10015869140625,0.0210418701171875,0.0228424072265625,0.82080078125
732,FluencyBank_147_31,0.09503173828125,0.126953125,0.016845703125,0.0222930908203125,0.82080078125
733,FluencyBank_147_32,0.03125,0.07366943359375,0.007373809814453125,0.0141143798828125,0.0247039794921875
734,FluencyBank_147_33,0.07147216796875,0.305908203125,0.2100830078125,0.404541015625,0.81396484375
735,FluencyBank_147_34,0.041839599609375,0.18701171875,0.2197265625,0.66455078125,0.669921875
736,FluencyBank_147_35,0.055511474609375,0.2467041015625,0.0867919921875,0.0200958251953125,0.041534423828125
737,FluencyBank_147_36,0.01512908935546875,0.12939453125,0.03125,0.16015625,0.187255859375
738,FluencyBank_147_37,0.09808349609375,0.144287109375,0.020172119140625,0.00974273681640625,0.015960693359375
739,FluencyBank_147_38,0.359619140625,0.12115478515625,0.0142822265625,0.0090179443359375,0.0242767333984375
740,FluencyBank_147_39,0.03302001953125,0.046478271484375,0.006439208984375,0.01229095458984375,0.0225067138671875
741,FluencyBank_147_40,0.04376220703125,0.0751953125,0.0092315673828125,0.00803375244140625,0.039703369140625
742,FluencyBank_147_41,0.04638671875,0.339599609375,0.369873046875,0.057586669921875,0.030731201171875
743,FluencyBank_147_42,0.055938720703125,0.5263671875,0.6611328125,0.09844970703125,0.09075927734375
744,FluencyBank_147_43,0.0723876953125,0.43798828125,0.62646484375,0.201171875,0.60400390625
745,FluencyBank_147_44,0.07147216796875,0.2310791015625,0.09619140625,0.267822265625,0.8974609375
746,FluencyBank_147_45,0.044281005859375,0.0966796875,0.012054443359375,0.005641937255859375,0.01467132568359375
747,FluencyBank_147_46,0.2705078125,0.4482421875,0.28369140625,0.056976318359375,0.057281494140625
748,FluencyBank_147_47,0.11163330078125,0.20556640625,0.044677734375,0.05889892578125,0.849609375
749,FluencyBank_147_48,0.05877685546875,0.1007080078125,0.08123779296875,0.85400390625,0.57421875
750,FluencyBank_147_49,0.06396484375,0.10015869140625,0.0855712890625,0.8642578125,0.4462890625
751,FluencyBank_147_50,0.070556640625,0.3583984375,0.5537109375,0.1546630859375,0.60595703125
752,FluencyBank_147_51,0.759765625,0.179443359375,0.1070556640625,0.043212890625,0.07464599609375
753,FluencyBank_147_52,0.16650390625,0.2384033203125,0.11419677734375,0.283935546875,0.92529296875
754,FluencyBank_147_53,0.63232421875,0.271240234375,0.0855712890625,0.01666259765625,0.10089111328125
755,FluencyBank_147_54,0.0618896484375,0.248291015625,0.412841796875,0.29296875,0.76171875
756,FluencyBank_147_55,0.64599609375,0.1326904296875,0.0279541015625,0.01229095458984375,0.10968017578125
757,FluencyBank_147_56,0.169921875,0.193115234375,0.09552001953125,0.4169921875,0.9052734375
758,FluencyBank_147_57,0.05340576171875,0.06781005859375,0.008575439453125,0.00881195068359375,0.343994140625
759,FluencyBank_147_58,0.0390625,0.058013916015625,0.007232666015625,0.0125732421875,0.018798828125
760,FluencyBank_147_59,0.0416259765625,0.0548095703125,0.006511688232421875,0.00937652587890625,0.09136962890625
761,FluencyBank_147_60,0.3603515625,0.204833984375,0.0263519287109375,0.04949951171875,0.82666015625
762,FluencyBank_147_61,0.0230255126953125,0.03704833984375,0.004486083984375,0.0083160400390625,0.040985107421875
763,FluencyBank_147_62,0.032470703125,0.09466552734375,0.01406097412109375,0.01337432861328125,0.61083984375
764,FluencyBank_147_63,0.79736328125,0.1444091796875,0.04559326171875,0.031494140625,0.3798828125
765,FluencyBank_147_64,0.05718994140625,0.05450439453125,0.007038116455078125,0.00582122802734375,0.01751708984375
766,FluencyBank_147_65,0.04010009765625,0.0618896484375,0.007122039794921875,0.006072998046875,0.0256195068359375
767,FluencyBank_147_66,0.037322998046875,0.08465576171875,0.01129150390625,0.01009368896484375,0.0390625
768,FluencyBank_147_67,0.07342529296875,0.2313232421875,0.2384033203125,0.379150390625,0.8720703125
769,FluencyBank_147_68,0.10247802734375,0.09619140625,0.0121917724609375,0.01116180419921875,0.85888671875
770,FluencyBank_147_69,0.163330078125,0.301025390625,0.143798828125,0.0709228515625,0.919921875
771,FluencyBank_147_70,0.1104736328125,0.1055908203125,0.0154876708984375,0.024658203125,0.9326171875
772,FluencyBank_147_71,0.3671875,0.06829833984375,0.0139007568359375,0.011688232421875,0.74169921875
773,FluencyBank_147_72,0.2210693359375,0.042877197265625,0.00518035888671875,0.006389617919921875,0.1763916015625
774,FluencyBank_147_73,0.03155517578125,0.050140380859375,0.00557708740234375,0.0087432861328125,0.07763671875
775,FluencyBank_147_74,0.04949951171875,0.046905517578125,0.005664825439453125,0.00731658935546875,0.1673583984375
776,FluencyBank_147_75,0.08770751953125,0.2152099609375,0.362548828125,0.44287109375,0.828125
777,FluencyBank_147_76,0.1270751953125,0.277587890625,0.5791015625,0.237060546875,0.62255859375
778,FluencyBank_147_77,0.02056884765625,0.28369140625,0.409912109375,0.042724609375,0.03338623046875
779,FluencyBank_147_78,0.0100555419921875,0.141357421875,0.105224609375,0.06634521484375,0.0184783935546875
780,FluencyBank_147_79,0.0343017578125,0.08990478515625,0.014617919921875,0.00841522216796875,0.0216217041015625
781,FluencyBank_147_80,0.1077880859375,0.232666015625,0.08978271484375,0.06231689453125,0.89404296875
782,FluencyBank_147_81,0.02191162109375,0.1279296875,0.031982421875,0.1063232421875,0.5869140625
783,FluencyBank_147_82,0.0226287841796875,0.37109375,0.1513671875,0.02880859375,0.0224609375
784,FluencyBank_147_83,0.544921875,0.328857421875,0.13525390625,0.01111602783203125,0.0765380859375
785,FluencyBank_147_84,0.053009033203125,0.552734375,0.2359619140625,0.0509033203125,0.0948486328125
786,FluencyBank_147_85,0.11199951171875,0.227294921875,0.0201416015625,0.0068511962890625,0.0250396728515625
787,FluencyBank_147_86,0.1549072265625,0.1724853515625,0.0116424560546875,0.013427734375,0.06951904296875
788,FluencyBank_147_87,0.458984375,0.361083984375,0.1845703125,0.0260009765625,0.0369873046875
789,FluencyBank_147_88,0.1312255859375,0.1524658203125,0.01229095458984375,0.006717681884765625,0.0188751220703125
790,FluencyBank_147_89,0.193115234375,0.21337890625,0.0256195068359375,0.035552978515625,0.90185546875
791,FluencyBank_147_90,0.16162109375,0.11065673828125,0.01302337646484375,0.0101318359375,0.83642578125
792,FluencyBank_147_91,0.0574951171875,0.268310546875,0.61865234375,0.138916015625,0.1048583984375
793,FluencyBank_147_92,0.07696533203125,0.259765625,0.73779296875,0.294189453125,0.169189453125
794,FluencyBank_147_93,0.1463623046875,0.1297607421875,0.0182952880859375,0.0177154541015625,0.91259765625
795,FluencyBank_147_94,0.09515380859375,0.2451171875,0.173828125,0.314453125,0.91845703125
796,FluencyBank_147_95,0.07305908203125,0.328857421875,0.260009765625,0.356201171875,0.81103515625
797,FluencyBank_147_96,0.1298828125,0.2763671875,0.051666259765625,0.057373046875,0.92529296875
798,FluencyBank_147_97,0.100341796875,0.6103515625,0.425048828125,0.07806396484375,0.05340576171875
799,FluencyBank_147_98,0.53173828125,0.12249755859375,0.0213623046875,0.01507568359375,0.779296875
800,FluencyBank_147_99,0.184326171875,0.1470947265625,0.0156707763671875,0.00555419921875,0.01525115966796875
801,FluencyBank_147_100,0.11859130859375,0.228515625,0.06927490234375,0.1810302734375,0.91943359375
802,FluencyBank_147_101,0.681640625,0.1014404296875,0.02606201171875,0.0260009765625,0.70068359375
803,FluencyBank_147_102,0.026763916015625,0.10302734375,0.01146697998046875,0.00787353515625,0.0301513671875
804,FluencyBank_147_103,0.0740966796875,0.1668701171875,0.0147857666015625,0.017913818359375,0.490966796875
805,FluencyBank_147_104,0.0994873046875,0.126953125,0.014556884765625,0.007038116455078125,0.013275146484375
806,FluencyBank_147_105,0.1751708984375,0.26025390625,0.0289306640625,0.0097808837890625,0.0252685546875
807,FluencyBank_147_106,0.2230224609375,0.06597900390625,0.00948333740234375,0.00518035888671875,0.49462890625
808,FluencyBank_147_107,0.086181640625,0.051666259765625,0.005405426025390625,0.005199432373046875,0.09619140625
809,FluencyBank_173_1,0.06280517578125,0.20751953125,0.2232666015625,0.6787109375,0.7470703125
810,FluencyBank_173_2,0.7109375,0.10430908203125,0.0248870849609375,0.0142822265625,0.06561279296875
811,FluencyBank_173_3,0.035003662109375,0.0413818359375,0.00763702392578125,0.0153045654296875,0.12127685546875
812,FluencyBank_173_4,0.0482177734375,0.1407470703125,0.0489501953125,0.78515625,0.093017578125
813,FluencyBank_173_5,0.055816650390625,0.28173828125,0.0310821533203125,0.019989013671875,0.0189361572265625
814,FluencyBank_173_6,0.07879638671875,0.1512451171875,0.0129241943359375,0.0066680908203125,0.0125274658203125
815,FluencyBank_173_7,0.063720703125,0.08343505859375,0.00878143310546875,0.00605010986328125,0.0160980224609375
816,FluencyBank_173_8,0.1492919921875,0.06597900390625,0.006511688232421875,0.00812530517578125,0.019683837890625
817,FluencyBank_173_9,0.03662109375,0.08538818359375,0.011505126953125,0.007755279541015625,0.026153564453125
818,FluencyBank_173_10,0.061187744140625,0.203125,0.097900390625,0.75537109375,0.44873046875
819,FluencyBank_173_11,0.02386474609375,0.32763671875,0.2452392578125,0.57421875,0.057708740234375
820,FluencyBank_173_12,0.102294921875,0.6259765625,0.382080078125,0.0489501953125,0.058135986328125
821,FluencyBank_173_13,0.09771728515625,0.5693359375,0.3740234375,0.062225341796875,0.05865478515625
822,FluencyBank_173_14,0.07159423828125,0.09912109375,0.0179901123046875,0.045013427734375,0.87451171875
823,FluencyBank_173_15,0.0982666015625,0.08404541015625,0.0125732421875,0.0173797607421875,0.89111328125
824,FluencyBank_173_16,0.124755859375,0.06915283203125,0.0083160400390625,0.01094818115234375,0.86376953125
825,FluencyBank_173_17,0.056854248046875,0.0738525390625,0.0097808837890625,0.01678466796875,0.8466796875
826,FluencyBank_173_18,0.076416015625,0.2265625,0.03839111328125,0.0394287109375,0.8671875
827,FluencyBank_173_19,0.11029052734375,0.1866455078125,0.0323486328125,0.054107666015625,0.92822265625
828,FluencyBank_173_20,0.02386474609375,0.1275634765625,0.0154266357421875,0.0321044921875,0.0330810546875
829,FluencyBank_173_21,0.06109619140625,0.09136962890625,0.06243896484375,0.9130859375,0.093994140625
830,FluencyBank_173_22,0.363037109375,0.09771728515625,0.02215576171875,0.03021240234375,0.9287109375
831,FluencyBank_173_23,0.06256103515625,0.080078125,0.045013427734375,0.88232421875,0.1190185546875
832,FluencyBank_173_24,0.060089111328125,0.2138671875,0.331298828125,0.69287109375,0.73046875
833,FluencyBank_173_25,0.0872802734375,0.515625,0.3984375,0.0894775390625,0.56640625
834,FluencyBank_173_26,0.0836181640625,0.5361328125,0.2459716796875,0.0191650390625,0.0236053466796875
835,FluencyBank_173_27,0.07489013671875,0.04559326171875,0.00577545166015625,0.007373809814453125,0.01507568359375
836,FluencyBank_173_28,0.0323486328125,0.06243896484375,0.008575439453125,0.00812530517578125,0.01433563232421875
837,FluencyBank_173_29,0.033966064453125,0.06890869140625,0.0082855224609375,0.007904052734375,0.01519012451171875
838,FluencyBank_173_30,0.422607421875,0.259521484375,0.681640625,0.05645751953125,0.0885009765625
839,FluencyBank_173_31,0.0310211181640625,0.132568359375,0.0567626953125,0.78076171875,0.047149658203125
840,FluencyBank_173_32,0.02044677734375,0.1949462890625,0.0330810546875,0.0199127197265625,0.01348114013671875
841,FluencyBank_173_33,0.00926971435546875,0.144775390625,0.043212890625,0.055938720703125,0.04345703125
842,FluencyBank_173_34,0.0236968994140625,0.04949951171875,0.00908660888671875,0.00930023193359375,0.017913818359375
843,FluencyBank_173_35,0.0836181640625,0.493408203125,0.43115234375,0.022674560546875,0.035003662109375
844,FluencyBank_173_36,0.008544921875,0.039794921875,0.01262664794921875,0.160400390625,0.1976318359375
845,FluencyBank_173_37,0.110107421875,0.11395263671875,0.0177764892578125,0.036285400390625,0.92919921875
846,FluencyBank_173_38,0.14501953125,0.08135986328125,0.0094146728515625,0.012054443359375,0.8798828125
847,FluencyBank_173_39,0.116943359375,0.06756591796875,0.0090179443359375,0.00867462158203125,0.84228515625
848,FluencyBank_173_40,0.05108642578125,0.489501953125,0.297119140625,0.36962890625,0.056854248046875
849,FluencyBank_173_41,0.042388916015625,0.480224609375,0.494140625,0.1529541015625,0.042816162109375
850,FluencyBank_173_42,0.75,0.1558837890625,0.04595947265625,0.01348114013671875,0.12054443359375
851,FluencyBank_173_43,0.12249755859375,0.08709716796875,0.01242828369140625,0.0208892822265625,0.9052734375
852,FluencyBank_173_44,0.1365966796875,0.12042236328125,0.01495361328125,0.021209716796875,0.9189453125
853,FluencyBank_173_45,0.0242767333984375,0.053985595703125,0.007205963134765625,0.009124755859375,0.2421875
854,FluencyBank_173_46,0.51025390625,0.1019287109375,0.016845703125,0.010650634765625,0.03240966796875
855,FluencyBank_173_47,0.27734375,0.1083984375,0.01450347900390625,0.0142822265625,0.91015625
856,FluencyBank_173_48,0.061187744140625,0.10595703125,0.0633544921875,0.85205078125,0.411865234375
857,FluencyBank_173_49,0.08587646484375,0.1826171875,0.020599365234375,0.0341796875,0.79345703125
858,FluencyBank_173_50,0.04168701171875,0.427978515625,0.66455078125,0.1251220703125,0.06463623046875
859,FluencyBank_173_51,0.09417724609375,0.12249755859375,0.11920166015625,0.80859375,0.78271484375
860,FluencyBank_173_52,0.0496826171875,0.2303466796875,0.453125,0.78662109375,0.1239013671875
861,FluencyBank_173_53,0.054290771484375,0.1851806640625,0.1683349609375,0.8955078125,0.0836181640625
862,FluencyBank_173_54,0.0231475830078125,0.082275390625,0.0137939453125,0.01302337646484375,0.01312255859375
863,FluencyBank_173_55,0.0206451416015625,0.364013671875,0.309326171875,0.203857421875,0.05059814453125
864,FluencyBank_173_56,0.0219879150390625,0.32080078125,0.438232421875,0.3759765625,0.048858642578125
865,FluencyBank_173_57,0.301513671875,0.1201171875,0.018798828125,0.014617919921875,0.916015625
866,FluencyBank_173_58,0.06982421875,0.10760498046875,0.0810546875,0.91015625,0.1055908203125
867,FluencyBank_173_59,0.033477783203125,0.1402587890625,0.024658203125,0.01837158203125,0.01029205322265625
868,FluencyBank_173_60,0.0194549560546875,0.04876708984375,0.0108184814453125,0.0241851806640625,0.040924072265625
869,FluencyBank_173_61,0.027435302734375,0.0489501953125,0.015838623046875,0.01177978515625,0.037811279296875
870,FluencyBank_173_62,0.0994873046875,0.06951904296875,0.01090240478515625,0.0144500732421875,0.89404296875
871,FluencyBank_173_63,0.06463623046875,0.12188720703125,0.1044921875,0.79443359375,0.73779296875
872,FluencyBank_173_64,0.10614013671875,0.38916015625,0.20849609375,0.040618896484375,0.047607421875
873,FluencyBank_173_65,0.375244140625,0.544921875,0.529296875,0.0638427734375,0.11260986328125
874,FluencyBank_173_66,0.216064453125,0.486083984375,0.7138671875,0.050506591796875,0.0755615234375
875,FluencyBank_173_67,0.1416015625,0.182861328125,0.025665283203125,0.0290374755859375,0.9169921875
876,FluencyBank_173_68,0.027008056640625,0.053497314453125,0.007205963134765625,0.008514404296875,0.019195556640625
877,FluencyBank_173_69,0.03228759765625,0.0311431884765625,0.0060272216796875,0.015960693359375,0.135498046875
878,FluencyBank_173_70,0.0260009765625,0.043212890625,0.00763702392578125,0.01348114013671875,0.0823974609375
879,FluencyBank_173_73,0.470458984375,0.2252197265625,0.08709716796875,0.028656005859375,0.8759765625
880,FluencyBank_173_74,0.1878662109375,0.52392578125,0.6787109375,0.058441162109375,0.08709716796875
881,FluencyBank_173_75,0.048583984375,0.45703125,0.2156982421875,0.11676025390625,0.06463623046875
882,FluencyBank_173_76,0.1348876953125,0.5087890625,0.274169921875,0.0460205078125,0.145751953125
883,FluencyBank_173_77,0.0489501953125,0.1195068359375,0.07318115234375,0.72216796875,0.689453125
884,FluencyBank_173_78,0.06707763671875,0.1361083984375,0.09552001953125,0.8037109375,0.6748046875
885,FluencyBank_178_1,0.4453125,0.0751953125,0.0099334716796875,0.0070953369140625,0.054901123046875
886,FluencyBank_178_2,0.1063232421875,0.04779052734375,0.005489349365234375,0.00997161865234375,0.47802734375
887,FluencyBank_178_3,0.09808349609375,0.09857177734375,0.0136871337890625,0.007694244384765625,0.12249755859375
888,FluencyBank_178_4,0.09368896484375,0.1461181640625,0.020599365234375,0.0258026123046875,0.7998046875
889,FluencyBank_178_5,0.1805419921875,0.1593017578125,0.0255126953125,0.00806427001953125,0.03643798828125
890,FluencyBank_178_6,0.0197601318359375,0.1334228515625,0.033782958984375,0.05224609375,0.300048828125
891,FluencyBank_178_7,0.25146484375,0.07781982421875,0.01287078857421875,0.011688232421875,0.4208984375
892,FluencyBank_178_8,0.255126953125,0.10577392578125,0.0174407958984375,0.02191162109375,0.94482421875
893,FluencyBank_178_9,0.3291015625,0.07598876953125,0.01495361328125,0.008514404296875,0.05194091796875
894,FluencyBank_178_10,0.036224365234375,0.04638671875,0.007232666015625,0.02069091796875,0.55029296875
895,FluencyBank_178_11,0.04327392578125,0.0455322265625,0.00494384765625,0.005218505859375,0.2110595703125
896,FluencyBank_178_12,0.72412109375,0.0753173828125,0.07275390625,0.0163421630859375,0.1070556640625
897,FluencyBank_178_13,0.045867919921875,0.282958984375,0.755859375,0.061767578125,0.06719970703125
898,FluencyBank_178_14,0.053314208984375,0.05780029296875,0.007724761962890625,0.008544921875,0.1556396484375
899,FluencyBank_178_15,0.5859375,0.14453125,0.020416259765625,0.0068511962890625,0.07330322265625
900,FluencyBank_178_16,0.2203369140625,0.0574951171875,0.0117340087890625,0.0144500732421875,0.849609375
901,FluencyBank_178_17,0.1783447265625,0.05419921875,0.00881195068359375,0.003795623779296875,0.0194549560546875
902,FluencyBank_178_18,0.124755859375,0.045867919921875,0.0069580078125,0.00809478759765625,0.4716796875
903,FluencyBank_178_19,0.2406005859375,0.047943115234375,0.007488250732421875,0.006168365478515625,0.2091064453125
904,FluencyBank_178_20,0.436279296875,0.089111328125,0.0171051025390625,0.01507568359375,0.82421875
905,FluencyBank_178_21,0.090087890625,0.176513671875,0.019989013671875,0.00714874267578125,0.0189361572265625
906,FluencyBank_178_22,0.56884765625,0.11126708984375,0.0154876708984375,0.00809478759765625,0.268798828125
907,FluencyBank_178_23,0.047882080078125,0.08197021484375,0.010650634765625,0.00963592529296875,0.427490234375
908,FluencyBank_178_24,0.043609619140625,0.08447265625,0.0153656005859375,0.0285491943359375,0.80859375
909,FluencyBank_178_25,0.046295166015625,0.08038330078125,0.0087127685546875,0.01287078857421875,0.30712890625
910,FluencyBank_178_26,0.034027099609375,0.07720947265625,0.01406097412109375,0.01395416259765625,0.5263671875
911,FluencyBank_178_27,0.0390625,0.28125,0.1519775390625,0.1165771484375,0.77392578125
912,FluencyBank_178_28,0.312255859375,0.2269287109375,0.10357666015625,0.058349609375,0.841796875
913,FluencyBank_178_29,0.07861328125,0.11065673828125,0.01137542724609375,0.007755279541015625,0.018768310546875
914,FluencyBank_178_30,0.0290374755859375,0.08123779296875,0.04052734375,0.095703125,0.56640625
915,FluencyBank_178_31,0.0261077880859375,0.361328125,0.408447265625,0.244384765625,0.40576171875
916,FluencyBank_178_32,0.07208251953125,0.1287841796875,0.0224151611328125,0.0059814453125,0.027069091796875
917,FluencyBank_178_33,0.0246124267578125,0.08831787109375,0.018646240234375,0.0083770751953125,0.052032470703125
918,FluencyBank_178_36,0.288818359375,0.1558837890625,0.01898193359375,0.0171051025390625,0.89306640625
919,FluencyBank_178_37,0.080810546875,0.044189453125,0.006984710693359375,0.005138397216796875,0.0221099853515625
920,FluencyBank_178_38,0.116943359375,0.26416015625,0.092529296875,0.00963592529296875,0.0214080810546875
921,FluencyBank_178_39,0.1044921875,0.165771484375,0.0296478271484375,0.0560302734375,0.83642578125
922,FluencyBank_178_40,0.03955078125,0.0782470703125,0.01473236083984375,0.10504150390625,0.75390625
923,FluencyBank_178_41,0.82080078125,0.136962890625,0.10968017578125,0.019989013671875,0.1163330078125
924,FluencyBank_178_42,0.1905517578125,0.2000732421875,0.020721435546875,0.007904052734375,0.41650390625
925,FluencyBank_178_43,0.6142578125,0.11419677734375,0.0214080810546875,0.0274810791015625,0.849609375
926,FluencyBank_178_44,0.2337646484375,0.12322998046875,0.01763916015625,0.009857177734375,0.55322265625
927,FluencyBank_178_45,0.849609375,0.1580810546875,0.10284423828125,0.026153564453125,0.2254638671875
928,FluencyBank_178_46,0.5302734375,0.11993408203125,0.02215576171875,0.01282501220703125,0.78076171875
929,FluencyBank_178_47,0.8330078125,0.1417236328125,0.1153564453125,0.0194244384765625,0.09185791015625
930,FluencyBank_178_48,0.273193359375,0.398681640625,0.68994140625,0.0521240234375,0.08770751953125
931,FluencyBank_178_49,0.2421875,0.110107421875,0.0156707763671875,0.0582275390625,0.80517578125
932,FluencyBank_178_50,0.51123046875,0.11962890625,0.019683837890625,0.015777587890625,0.8115234375
933,FluencyBank_178_51,0.1546630859375,0.07196044921875,0.0236968994140625,0.00881195068359375,0.2078857421875
934,FluencyBank_178_52,0.1181640625,0.0726318359375,0.0062408447265625,0.0034160614013671875,0.24169921875
935,FluencyBank_178_53,0.352783203125,0.0889892578125,0.0153656005859375,0.018646240234375,0.9365234375
936,FluencyBank_178_54,0.68994140625,0.24072265625,0.06085205078125,0.0165252685546875,0.120849609375
937,FluencyBank_178_55,0.46533203125,0.2421875,0.050048828125,0.03802490234375,0.78173828125
938,FluencyBank_178_56,0.1055908203125,0.0521240234375,0.0068511962890625,0.0142822265625,0.5791015625
939,FluencyBank_178_57,0.034027099609375,0.05108642578125,0.007289886474609375,0.01450347900390625,0.1236572265625
940,FluencyBank_178_58,0.334228515625,0.11517333984375,0.0216217041015625,0.021820068359375,0.93359375
941,FluencyBank_178_59,0.646484375,0.2098388671875,0.1422119140625,0.05718994140625,0.477783203125
942,FluencyBank_178_60,0.271728515625,0.244140625,0.32421875,0.0634765625,0.69091796875
943,FluencyBank_178_61,0.1439208984375,0.0836181640625,0.01495361328125,0.0053863525390625,0.168701171875
944,FluencyBank_178_62,0.0252685546875,0.06243896484375,0.01016998291015625,0.01061248779296875,0.08526611328125
945,FluencyBank_178_63,0.2081298828125,0.32861328125,0.80615234375,0.0439453125,0.1328125
946,FluencyBank_178_64,0.499267578125,0.06915283203125,0.015838623046875,0.004962921142578125,0.07464599609375
947,FluencyBank_178_65,0.470947265625,0.0482177734375,0.00981903076171875,0.00760650634765625,0.345458984375
948,FluencyBank_178_66,0.7373046875,0.1661376953125,0.033721923828125,0.018402099609375,0.1402587890625
949,FluencyBank_178_67,0.055816650390625,0.10577392578125,0.0250396728515625,0.06829833984375,0.427978515625
950,FluencyBank_178_68,0.07965087890625,0.054901123046875,0.00974273681640625,0.00731658935546875,0.07354736328125
951,FluencyBank_178_69,0.020172119140625,0.03875732421875,0.00841522216796875,0.09320068359375,0.097900390625
952,FluencyBank_178_70,0.055511474609375,0.1187744140625,0.1358642578125,0.8544921875,0.61474609375
953,FluencyBank_178_71,0.061767578125,0.147216796875,0.020721435546875,0.03436279296875,0.751953125
954,FluencyBank_178_72,0.1959228515625,0.07476806640625,0.0112457275390625,0.00701141357421875,0.62890625
955,FluencyBank_178_73,0.59130859375,0.1436767578125,0.025421142578125,0.01507568359375,0.053497314453125
956,FluencyBank_178_74,0.04803466796875,0.08929443359375,0.06707763671875,0.8984375,0.1502685546875
957,FluencyBank_178_75,0.1636962890625,0.1578369140625,0.0252227783203125,0.0243377685546875,0.8779296875
958,FluencyBank_178_76,0.043853759765625,0.083740234375,0.02044677734375,0.006984710693359375,0.0104522705078125
959,FluencyBank_178_77,0.1458740234375,0.10968017578125,0.01337432861328125,0.017913818359375,0.876953125
960,FluencyBank_178_78,0.131103515625,0.06781005859375,0.009674072265625,0.0055999755859375,0.71728515625
961,FluencyBank_178_79,0.034088134765625,0.04534912109375,0.00679779052734375,0.0257568359375,0.0184783935546875
962,FluencyBank_178_80,0.423095703125,0.1978759765625,0.0200958251953125,0.0164642333984375,0.435302734375
963,FluencyBank_178_81,0.0390625,0.06817626953125,0.0083465576171875,0.0219879150390625,0.591796875
964,FluencyBank_178_82,0.8056640625,0.126953125,0.127197265625,0.0197601318359375,0.10931396484375
965,FluencyBank_178_83,0.03179931640625,0.34765625,0.2100830078125,0.0174407958984375,0.0345458984375
966,FluencyBank_178_84,0.326904296875,0.10760498046875,0.0141143798828125,0.0161590576171875,0.919921875
967,FluencyBank_178_85,0.056640625,0.07366943359375,0.008575439453125,0.022369384765625,0.61279296875
968,FluencyBank_178_86,0.242919921875,0.10089111328125,0.015716552734375,0.005199432373046875,0.03143310546875
969,FluencyBank_178_87,0.0245208740234375,0.042816162109375,0.00867462158203125,0.012054443359375,0.0472412109375
970,FluencyBank_178_88,0.27099609375,0.050048828125,0.006168365478515625,0.00714874267578125,0.362060546875
971,FluencyBank_178_89,0.199462890625,0.05419921875,0.008514404296875,0.005405426025390625,0.271484375
972,FluencyBank_178_90,0.040618896484375,0.095703125,0.07208251953125,0.87841796875,0.174072265625
973,FluencyBank_178_91,0.0975341796875,0.1446533203125,0.08929443359375,0.042388916015625,0.2310791015625
974,FluencyBank_178_92,0.106689453125,0.341552734375,0.473388671875,0.03582763671875,0.03033447265625
975,FluencyBank_178_93,0.0970458984375,0.1490478515625,0.051544189453125,0.01348114013671875,0.01016998291015625
976,FluencyBank_178_94,0.035003662109375,0.2626953125,0.6865234375,0.16455078125,0.06475830078125
977,FluencyBank_178_95,0.034088134765625,0.373779296875,0.44287109375,0.265625,0.06280517578125
978,FluencyBank_178_96,0.028656005859375,0.170654296875,0.1396484375,0.09088134765625,0.408447265625
979,FluencyBank_178_97,0.2880859375,0.1275634765625,0.0125274658203125,0.0083160400390625,0.34521484375
980,FluencyBank_178_98,0.64599609375,0.093017578125,0.0239105224609375,0.00881195068359375,0.0640869140625
981,FluencyBank_178_99,0.41845703125,0.1163330078125,0.0261077880859375,0.0089874267578125,0.0313720703125
982,FluencyBank_178_100,0.181396484375,0.093505859375,0.017852783203125,0.020416259765625,0.87890625
983,FluencyBank_178_101,0.0413818359375,0.05072021484375,0.005619049072265625,0.0062408447265625,0.1253662109375
984,FluencyBank_178_102,0.04559326171875,0.11358642578125,0.0230712890625,0.059112548828125,0.35302734375
985,FluencyBank_178_103,0.27001953125,0.04595947265625,0.00841522216796875,0.007259368896484375,0.09967041015625
986,FluencyBank_178_104,0.22509765625,0.110107421875,0.0110321044921875,0.004070281982421875,0.052337646484375
987,FluencyBank_178_105,0.197021484375,0.06927490234375,0.01229095458984375,0.00760650634765625,0.736328125
988,FluencyBank_178_106,0.055816650390625,0.09600830078125,0.01507568359375,0.006313323974609375,0.038330078125
989,FluencyBank_178_107,0.02691650390625,0.05718994140625,0.006313323974609375,0.043212890625,0.11981201171875
990,FluencyBank_178_108,0.03131103515625,0.047088623046875,0.01177978515625,0.05572509765625,0.2086181640625
991,FluencyBank_178_109,0.080078125,0.254150390625,0.806640625,0.064208984375,0.10302734375
992,FluencyBank_178_110,0.095703125,0.1685791015625,0.03662109375,0.0156707763671875,0.71875
993,FluencyBank_178_111,0.6171875,0.14599609375,0.034942626953125,0.04620361328125,0.888671875
994,FluencyBank_178_112,0.10797119140625,0.079345703125,0.0099334716796875,0.01302337646484375,0.65185546875
995,FluencyBank_178_113,0.0252685546875,0.037109375,0.005405426025390625,0.010650634765625,0.15625
996,FluencyBank_178_114,0.7578125,0.202880859375,0.169677734375,0.0203399658203125,0.06488037109375
997,FluencyBank_178_115,0.253173828125,0.08770751953125,0.0121917724609375,0.01363372802734375,0.92333984375
998,FluencyBank_178_116,0.039276123046875,0.046630859375,0.006072998046875,0.00815582275390625,0.0302734375
999,FluencyBank_178_117,0.029144287109375,0.054412841796875,0.01094818115234375,0.015838623046875,0.0169830322265625
1000,FluencyBank_178_118,0.442138671875,0.06622314453125,0.01666259765625,0.006771087646484375,0.033599853515625
1001,FluencyBank_178_119,0.229248046875,0.0751953125,0.01229095458984375,0.0177764892578125,0.93701171875
1002,FluencyBank_178_120,0.59326171875,0.06878662109375,0.0136871337890625,0.006191253662109375,0.06671142578125
1003,FluencyBank_178_121,0.0211181640625,0.04132080078125,0.005535125732421875,0.014556884765625,0.0885009765625
1004,FluencyBank_178_122,0.025909423828125,0.044586181640625,0.00714874267578125,0.00818634033203125,0.0246124267578125
1005,FluencyBank_178_123,0.1131591796875,0.060760498046875,0.0057525634765625,0.00787353515625,0.77294921875
1006,FluencyBank_178_124,0.2286376953125,0.0360107421875,0.0074615478515625,0.010406494140625,0.3828125
1007,FluencyBank_178_125,0.5146484375,0.12213134765625,0.020294189453125,0.00963592529296875,0.0582275390625
1008,FluencyBank_178_126,0.309814453125,0.07861328125,0.011199951171875,0.011962890625,0.890625
1009,FluencyBank_178_127,0.4541015625,0.047698974609375,0.00989532470703125,0.005535125732421875,0.06243896484375
1010,FluencyBank_178_128,0.044189453125,0.0306243896484375,0.004398345947265625,0.005260467529296875,0.0592041015625
1011,FluencyBank_178_129,0.152587890625,0.08465576171875,0.0089874267578125,0.005889892578125,0.75341796875
1012,FluencyBank_178_130,0.055419921875,0.054595947265625,0.005664825439453125,0.006145477294921875,0.248291015625
1013,FluencyBank_178_131,0.027374267578125,0.142578125,0.026763916015625,0.00646209716796875,0.018341064453125
1014,FluencyBank_178_132,0.053314208984375,0.32080078125,0.75732421875,0.06817626953125,0.063720703125
1015,FluencyBank_178_133,0.053802490234375,0.349853515625,0.744140625,0.060211181640625,0.05792236328125
1016,FluencyBank_178_134,0.2481689453125,0.41162109375,0.7119140625,0.05059814453125,0.0872802734375
1017,FluencyBank_178_135,0.09173583984375,0.402099609375,0.728515625,0.0635986328125,0.061187744140625
1018,FluencyBank_178_136,0.06585693359375,0.403076171875,0.5849609375,0.036712646484375,0.034881591796875
1019,FluencyBank_178_137,0.0794677734375,0.1416015625,0.10894775390625,0.01056671142578125,0.02203369140625
1020,FluencyBank_178_138,0.6005859375,0.1131591796875,0.025177001953125,0.0082550048828125,0.2293701171875
1021,FluencyBank_178_139,0.166259765625,0.047607421875,0.0070648193359375,0.00464630126953125,0.02423095703125
1022,FluencyBank_178_140,0.28466796875,0.092041015625,0.0185089111328125,0.010528564453125,0.248291015625
1023,FluencyBank_178_141,0.0265045166015625,0.041778564453125,0.0079345703125,0.01137542724609375,0.0117340087890625
1024,FluencyBank_178_142,0.623046875,0.07904052734375,0.0196380615234375,0.007904052734375,0.060089111328125
1025,FluencyBank_178_143,0.2086181640625,0.0489501953125,0.007724761962890625,0.00919342041015625,0.3251953125
1026,FluencyBank_178_144,0.06304931640625,0.0640869140625,0.00821685791015625,0.0141754150390625,0.319091796875
1027,FluencyBank_178_145,0.0345458984375,0.1124267578125,0.033203125,0.039703369140625,0.5908203125
1028,FluencyBank_178_146,0.045684814453125,0.08770751953125,0.0192413330078125,0.0201416015625,0.71044921875
1029,FluencyBank_178_147,0.1578369140625,0.12347412109375,0.01837158203125,0.020843505859375,0.88427734375
1030,FluencyBank_178_148,0.07781982421875,0.215576171875,0.01953125,0.0103302001953125,0.270751953125
1031,FluencyBank_178_149,0.1593017578125,0.070556640625,0.0117340087890625,0.01348114013671875,0.52880859375
1032,FluencyBank_178_150,0.81005859375,0.1275634765625,0.1083984375,0.0165252685546875,0.08416748046875
1033,FluencyBank_178_151,0.29638671875,0.07598876953125,0.0112457275390625,0.0154266357421875,0.9189453125
1034,FluencyBank_178_152,0.0247955322265625,0.035003662109375,0.0082550048828125,0.01073455810546875,0.08123779296875
1035,FluencyBank_178_153,0.304443359375,0.09039306640625,0.01024627685546875,0.00731658935546875,0.261962890625
1036,FluencyBank_178_154,0.270263671875,0.09332275390625,0.01322174072265625,0.017242431640625,0.9365234375
1037,FluencyBank_178_155,0.2125244140625,0.07476806640625,0.00971221923828125,0.007488250732421875,0.04345703125
1038,FluencyBank_178_156,0.048675537109375,0.10723876953125,0.0266571044921875,0.0251312255859375,0.32861328125
1039,FluencyBank_178_157,0.0257110595703125,0.038818359375,0.011871337890625,0.0165863037109375,0.05511474609375
1040,FluencyBank_178_158,0.061981201171875,0.0753173828125,0.00955963134765625,0.004505157470703125,0.030670166015625
1041,FluencyBank_178_159,0.07879638671875,0.316650390625,0.80078125,0.12103271484375,0.1134033203125
1042,FluencyBank_178_160,0.481689453125,0.1353759765625,0.05242919921875,0.01107025146484375,0.026702880859375
1043,FluencyBank_178_161,0.50048828125,0.08050537109375,0.00905609130859375,0.007488250732421875,0.1434326171875
1044,FluencyBank_178_162,0.57373046875,0.08978271484375,0.0194244384765625,0.00669097900390625,0.051177978515625
1045,FluencyBank_178_163,0.0210113525390625,0.054412841796875,0.0083770751953125,0.01142120361328125,0.0248870849609375
1046,FluencyBank_178_164,0.3251953125,0.09637451171875,0.01450347900390625,0.018341064453125,0.54833984375
1047,FluencyBank_178_165,0.04742431640625,0.10723876953125,0.0202484130859375,0.018768310546875,0.8056640625
1048,FluencyBank_178_166,0.043609619140625,0.13427734375,0.0455322265625,0.027374267578125,0.77001953125
1049,FluencyBank_178_167,0.05450439453125,0.060760498046875,0.0106964111328125,0.00989532470703125,0.77392578125
1050,FluencyBank_178_168,0.06304931640625,0.09417724609375,0.01406097412109375,0.026702880859375,0.86865234375
1051,FluencyBank_178_169,0.09088134765625,0.06268310546875,0.00971221923828125,0.01137542724609375,0.80029296875
1052,FluencyBank_178_170,0.14013671875,0.041839599609375,0.006072998046875,0.043121337890625,0.050140380859375
1053,FluencyBank_179_0,0.06768798828125,0.08978271484375,0.01229095458984375,0.0220794677734375,0.75830078125
1054,FluencyBank_179_1,0.0207672119140625,0.06939697265625,0.00989532470703125,0.019561767578125,0.0202484130859375
1055,FluencyBank_179_2,0.042572021484375,0.0709228515625,0.01029205322265625,0.01061248779296875,0.015960693359375
1056,FluencyBank_179_3,0.0282745361328125,0.05975341796875,0.0131683349609375,0.019500732421875,0.1639404296875
1057,FluencyBank_179_4,0.01363372802734375,0.06927490234375,0.015838623046875,0.2012939453125,0.027008056640625
1058,FluencyBank_179_5,0.0220794677734375,0.06243896484375,0.0164642333984375,0.05389404296875,0.02752685546875
1059,FluencyBank_179_6,0.0164642333984375,0.0517578125,0.01395416259765625,0.05291748046875,0.059967041015625
1060,FluencyBank_179_7,0.0306243896484375,0.1026611328125,0.0144500732421875,0.01337432861328125,0.0131683349609375
1061,FluencyBank_179_8,0.05975341796875,0.06573486328125,0.00945281982421875,0.012969970703125,0.83251953125
1062,FluencyBank_179_9,0.11737060546875,0.0816650390625,0.00891876220703125,0.0121002197265625,0.86279296875
1063,FluencyBank_179_10,0.058135986328125,0.1163330078125,0.0089874267578125,0.01374053955078125,0.159912109375
1064,FluencyBank_179_11,0.0171051025390625,0.1826171875,0.1270751953125,0.0704345703125,0.046539306640625
1065,FluencyBank_179_12,0.0162811279296875,0.10797119140625,0.04168701171875,0.0221099853515625,0.0125732421875
1066,FluencyBank_179_13,0.036773681640625,0.27783203125,0.249267578125,0.55517578125,0.47216796875
1067,FluencyBank_179_14,0.0792236328125,0.261962890625,0.0704345703125,0.1484375,0.802734375
1068,FluencyBank_179_15,0.03607177734375,0.07196044921875,0.01016998291015625,0.01490020751953125,0.328857421875
1069,FluencyBank_179_16,0.1165771484375,0.093505859375,0.0137939453125,0.0117340087890625,0.494384765625
1070,FluencyBank_179_17,0.058441162109375,0.07208251953125,0.010986328125,0.00646209716796875,0.0171051025390625
1071,FluencyBank_179_18,0.029815673828125,0.0775146484375,0.01242828369140625,0.01751708984375,0.0220794677734375
1072,FluencyBank_179_19,0.03179931640625,0.398681640625,0.46923828125,0.385498046875,0.295654296875
1073,FluencyBank_179_20,0.04217529296875,0.52685546875,0.6025390625,0.1484375,0.25732421875
1074,FluencyBank_179_21,0.029144287109375,0.1689453125,0.054901123046875,0.29296875,0.765625
1075,FluencyBank_179_22,0.0303802490234375,0.08135986328125,0.0125732421875,0.04595947265625,0.68994140625
1076,FluencyBank_179_23,0.01763916015625,0.416259765625,0.187744140625,0.0509033203125,0.0258026123046875
1077,FluencyBank_179_24,0.0457763671875,0.062225341796875,0.009674072265625,0.0162811279296875,0.8349609375
1078,FluencyBank_179_25,0.043609619140625,0.134765625,0.1187744140625,0.465087890625,0.85205078125
1079,FluencyBank_179_26,0.049407958984375,0.0836181640625,0.00841522216796875,0.017578125,0.0206451416015625
1080,FluencyBank_179_27,0.0260009765625,0.058013916015625,0.008880615234375,0.00690460205078125,0.03253173828125
1081,FluencyBank_179_28,0.056243896484375,0.200927734375,0.234375,0.69091796875,0.697265625
1082,FluencyBank_179_29,0.01507568359375,0.054107666015625,0.01971435546875,0.413818359375,0.254638671875
1083,FluencyBank_179_30,0.0205230712890625,0.0635986328125,0.007404327392578125,0.047943115234375,0.1707763671875
1084,FluencyBank_179_31,0.0194244384765625,0.23876953125,0.07147216796875,0.041473388671875,0.0246124267578125
1085,FluencyBank_179_32,0.07354736328125,0.1951904296875,0.05633544921875,0.092041015625,0.91748046875
1086,FluencyBank_179_33,0.04052734375,0.093505859375,0.01348114013671875,0.037750244140625,0.796875
1087,FluencyBank_179_34,0.04248046875,0.0765380859375,0.01029205322265625,0.025909423828125,0.8125
1088,FluencyBank_179_35,0.0305023193359375,0.05389404296875,0.007843017578125,0.0302734375,0.267822265625
1089,FluencyBank_179_36,0.04931640625,0.5283203125,0.5859375,0.08331298828125,0.0631103515625
1090,FluencyBank_179_37,0.06085205078125,0.4453125,0.2054443359375,0.09320068359375,0.035400390625
1091,FluencyBank_179_38,0.051849365234375,0.24560546875,0.06719970703125,0.05450439453125,0.47265625
1092,FluencyBank_179_39,0.06719970703125,0.330322265625,0.1409912109375,0.018341064453125,0.14404296875
1093,FluencyBank_179_40,0.03289794921875,0.3359375,0.630859375,0.1748046875,0.0638427734375
1094,FluencyBank_179_41,0.046112060546875,0.1361083984375,0.01953125,0.0215301513671875,0.6328125
1095,FluencyBank_179_42,0.034423828125,0.244873046875,0.10430908203125,0.056976318359375,0.54736328125
1096,FluencyBank_179_43,0.0190887451171875,0.063232421875,0.01078033447265625,0.041534423828125,0.034027099609375
1097,FluencyBank_179_44,0.0184326171875,0.049774169921875,0.006313323974609375,0.0143890380859375,0.0279083251953125
1098,FluencyBank_179_45,0.0208892822265625,0.0638427734375,0.00878143310546875,0.014007568359375,0.0364990234375
1099,FluencyBank_179_46,0.019195556640625,0.09722900390625,0.01332855224609375,0.1396484375,0.043853759765625
1100,FluencyBank_179_47,0.11297607421875,0.1885986328125,0.08660888671875,0.75146484375,0.56005859375
1101,FluencyBank_179_48,0.0226287841796875,0.1748046875,0.049407958984375,0.01358795166015625,0.015716552734375
1102,FluencyBank_179_49,0.0211639404296875,0.042022705078125,0.0074310302734375,0.0089874267578125,0.07904052734375
1103,FluencyBank_179_50,0.13720703125,0.08465576171875,0.01302337646484375,0.017852783203125,0.89501953125
1104,FluencyBank_179_51,0.289794921875,0.1693115234375,0.03302001953125,0.03875732421875,0.94775390625
1105,FluencyBank_179_52,0.0196380615234375,0.05419921875,0.008575439453125,0.011199951171875,0.01678466796875
1106,FluencyBank_179_53,0.0160980224609375,0.03125,0.00734710693359375,0.0171051025390625,0.049041748046875
1107,FluencyBank_179_54,0.07501220703125,0.252197265625,0.045196533203125,0.0384521484375,0.5498046875
1108,FluencyBank_179_55,0.040008544921875,0.1658935546875,0.015838623046875,0.01678466796875,0.434814453125
1109,FluencyBank_179_56,0.05889892578125,0.40185546875,0.1318359375,0.01312255859375,0.015716552734375
1110,FluencyBank_179_57,0.50830078125,0.135986328125,0.01490020751953125,0.0190887451171875,0.0943603515625
1111,FluencyBank_179_58,0.047943115234375,0.419921875,0.578125,0.2379150390625,0.093505859375
1112,FluencyBank_179_59,0.42822265625,0.08331298828125,0.019195556640625,0.033782958984375,0.8818359375
1113,FluencyBank_179_60,0.50390625,0.06610107421875,0.01433563232421875,0.0192718505859375,0.80224609375
1114,FluencyBank_179_61,0.2286376953125,0.083740234375,0.011199951171875,0.004383087158203125,0.0322265625
1115,FluencyBank_179_62,0.13525390625,0.06243896484375,0.007373809814453125,0.01016998291015625,0.8203125
1116,FluencyBank_179_63,0.1563720703125,0.12445068359375,0.05889892578125,0.662109375,0.78759765625
1117,FluencyBank_179_64,0.019561767578125,0.08526611328125,0.013427734375,0.013427734375,0.061187744140625
1118,FluencyBank_179_65,0.01763916015625,0.11920166015625,0.075439453125,0.0863037109375,0.054901123046875
1119,FluencyBank_179_66,0.044525146484375,0.262939453125,0.268310546875,0.52978515625,0.6435546875
1120,FluencyBank_179_67,0.0190887451171875,0.06939697265625,0.01287078857421875,0.046112060546875,0.08416748046875
1121,FluencyBank_179_68,0.0143890380859375,0.03662109375,0.00867462158203125,0.021820068359375,0.0782470703125
1122,FluencyBank_179_69,0.01519012451171875,0.06927490234375,0.0292510986328125,0.69482421875,0.079345703125
1123,FluencyBank_179_70,0.014007568359375,0.047515869140625,0.0101318359375,0.2427978515625,0.05242919921875
1124,FluencyBank_179_71,0.0297088623046875,0.244384765625,0.140869140625,0.173828125,0.73583984375
1125,FluencyBank_179_72,0.0211181640625,0.08282470703125,0.0289306640625,0.634765625,0.05987548828125
1126,FluencyBank_179_73,0.025665283203125,0.21142578125,0.1904296875,0.72607421875,0.091064453125
1127,FluencyBank_179_74,0.0604248046875,0.054901123046875,0.004680633544921875,0.0147857666015625,0.27099609375
1128,FluencyBank_179_75,0.0638427734375,0.3466796875,0.435791015625,0.05291748046875,0.0416259765625
1129,FluencyBank_179_76,0.02056884765625,0.047332763671875,0.007518768310546875,0.01473236083984375,0.027069091796875
1130,FluencyBank_179_77,0.01306915283203125,0.053985595703125,0.0100555419921875,0.044097900390625,0.0225830078125
1131,FluencyBank_179_79,0.0169830322265625,0.042633056640625,0.0074310302734375,0.0135345458984375,0.037750244140625
1132,FluencyBank_179_80,0.06268310546875,0.2548828125,0.80712890625,0.1563720703125,0.41796875
1133,FluencyBank_179_81,0.145751953125,0.2191162109375,0.07586669921875,0.057708740234375,0.8916015625
1134,FluencyBank_179_82,0.017913818359375,0.040618896484375,0.00714874267578125,0.01490020751953125,0.027801513671875
1135,FluencyBank_179_83,0.04132080078125,0.12261962890625,0.08209228515625,0.8916015625,0.1820068359375
1136,FluencyBank_179_84,0.0204925537109375,0.100341796875,0.11126708984375,0.6455078125,0.0999755859375
1137,FluencyBank_179_85,0.00963592529296875,0.050140380859375,0.01111602783203125,0.03912353515625,0.043365478515625
1138,FluencyBank_179_86,0.131103515625,0.164794921875,0.018829345703125,0.004848480224609375,0.0173797607421875
1139,FluencyBank_179_87,0.163818359375,0.10394287109375,0.01395416259765625,0.00974273681640625,0.59033203125
1140,FluencyBank_193_0,0.13623046875,0.381591796875,0.7255859375,0.04443359375,0.06268310546875
1141,FluencyBank_193_1,0.0279083251953125,0.05023193359375,0.00734710693359375,0.0131683349609375,0.29150390625
1142,FluencyBank_193_2,0.66552734375,0.059539794921875,0.037322998046875,0.007965087890625,0.119384765625
1143,FluencyBank_193_3,0.1605224609375,0.11737060546875,0.0143890380859375,0.0212860107421875,0.93408203125
1144,FluencyBank_193_4,0.293212890625,0.259033203125,0.12213134765625,0.1094970703125,0.93408203125
1145,FluencyBank_193_5,0.11358642578125,0.1390380859375,0.061187744140625,0.449462890625,0.89697265625
1146,FluencyBank_193_6,0.2445068359375,0.11968994140625,0.0816650390625,0.7705078125,0.6513671875
1147,FluencyBank_193_7,0.19287109375,0.1802978515625,0.04046630859375,0.1505126953125,0.93310546875
1148,FluencyBank_193_8,0.1378173828125,0.278076171875,0.61181640625,0.057373046875,0.382080078125
1149,FluencyBank_193_9,0.1217041015625,0.337646484375,0.52490234375,0.2529296875,0.08868408203125
1150,FluencyBank_193_10,0.04132080078125,0.060516357421875,0.01016998291015625,0.004627227783203125,0.02337646484375
1151,FluencyBank_193_11,0.293701171875,0.1971435546875,0.6982421875,0.05877685546875,0.1279296875
1152,FluencyBank_193_12,0.0379638671875,0.07965087890625,0.015838623046875,0.017913818359375,0.320556640625
1153,FluencyBank_193_13,0.1395263671875,0.287841796875,0.751953125,0.05706787109375,0.08770751953125
1154,FluencyBank_193_14,0.1387939453125,0.343994140625,0.72998046875,0.044189453125,0.0699462890625
1155,FluencyBank_193_15,0.03326416015625,0.055816650390625,0.0153656005859375,0.00981903076171875,0.01560211181640625
1156,FluencyBank_193_16,0.12200927734375,0.26171875,0.6611328125,0.040252685546875,0.06817626953125
1157,FluencyBank_193_17,0.1871337890625,0.11419677734375,0.0194549560546875,0.0305023193359375,0.95703125
1158,FluencyBank_193_18,0.202392578125,0.430908203125,0.1199951171875,0.07159423828125,0.77734375
1159,FluencyBank_193_19,0.73486328125,0.1812744140625,0.3564453125,0.025909423828125,0.0867919921875
1160,FluencyBank_193_20,0.62255859375,0.30908203125,0.5107421875,0.05572509765625,0.136474609375
1161,FluencyBank_193_21,0.2286376953125,0.3330078125,0.2039794921875,0.092529296875,0.90625
1162,FluencyBank_193_22,0.076416015625,0.20751953125,0.78955078125,0.1632080078125,0.449462890625
1163,FluencyBank_193_23,0.021331787109375,0.2166748046875,0.2880859375,0.030792236328125,0.036773681640625
1164,FluencyBank_193_24,0.0743408203125,0.367919921875,0.7783203125,0.08740234375,0.09600830078125
1165,FluencyBank_193_25,0.11102294921875,0.363525390625,0.7021484375,0.036895751953125,0.053314208984375
1166,FluencyBank_193_26,0.06280517578125,0.297607421875,0.7900390625,0.061309814453125,0.083740234375
1167,FluencyBank_193_27,0.08831787109375,0.31689453125,0.75537109375,0.040374755859375,0.07598876953125
1168,FluencyBank_193_28,0.1549072265625,0.2216796875,0.7685546875,0.04296875,0.09320068359375
1169,FluencyBank_193_29,0.55712890625,0.232177734375,0.3525390625,0.0391845703125,0.496826171875
1170,FluencyBank_193_30,0.050811767578125,0.248291015625,0.6650390625,0.2281494140625,0.06597900390625
1171,FluencyBank_193_31,0.06732177734375,0.34228515625,0.82958984375,0.0836181640625,0.12261962890625
1172,FluencyBank_193_32,0.1143798828125,0.367919921875,0.8115234375,0.1019287109375,0.50048828125
1173,FluencyBank_193_33,0.06695556640625,0.2744140625,0.7392578125,0.177001953125,0.11474609375
1174,FluencyBank_193_34,0.044921875,0.256103515625,0.7744140625,0.07696533203125,0.09967041015625
1175,FluencyBank_193_35,0.11260986328125,0.212890625,0.740234375,0.05572509765625,0.07806396484375
1176,FluencyBank_193_36,0.052337646484375,0.274169921875,0.7568359375,0.055511474609375,0.08050537109375
1177,FluencyBank_193_37,0.0582275390625,0.361572265625,0.6953125,0.1810302734375,0.58642578125
1178,FluencyBank_193_38,0.05389404296875,0.431884765625,0.12115478515625,0.0116424560546875,0.02484130859375
1179,FluencyBank_193_39,0.1912841796875,0.1458740234375,0.33740234375,0.79931640625,0.1497802734375
1180,FluencyBank_193_40,0.1302490234375,0.242919921875,0.06817626953125,0.007232666015625,0.01495361328125
1181,FluencyBank_193_41,0.04486083984375,0.199462890625,0.050506591796875,0.00803375244140625,0.0131683349609375
1182,FluencyBank_193_42,0.1390380859375,0.287109375,0.1705322265625,0.09515380859375,0.9150390625
1183,FluencyBank_193_43,0.09967041015625,0.258056640625,0.810546875,0.146728515625,0.5205078125
1184,FluencyBank_193_44,0.0457763671875,0.321044921875,0.77783203125,0.089599609375,0.083740234375
1185,FluencyBank_193_45,0.08740234375,0.443359375,0.68798828125,0.038330078125,0.0633544921875
1186,FluencyBank_193_46,0.10931396484375,0.249267578125,0.73193359375,0.042022705078125,0.06463623046875
1187,FluencyBank_193_47,0.0537109375,0.434814453125,0.1923828125,0.07965087890625,0.0313720703125
1188,FluencyBank_193_48,0.0201416015625,0.293212890625,0.247314453125,0.0191192626953125,0.026153564453125
1189,FluencyBank_193_49,0.029754638671875,0.06878662109375,0.01107025146484375,0.00579833984375,0.0154876708984375
1190,FluencyBank_193_50,0.03460693359375,0.468505859375,0.49072265625,0.035003662109375,0.0322265625
1191,FluencyBank_193_51,0.053802490234375,0.31689453125,0.751953125,0.0638427734375,0.06707763671875
1192,FluencyBank_193_52,0.2203369140625,0.36279296875,0.75830078125,0.045684814453125,0.08978271484375
1193,FluencyBank_193_53,0.094482421875,0.36376953125,0.78662109375,0.080078125,0.08868408203125
1194,FluencyBank_193_54,0.26708984375,0.08660888671875,0.0196380615234375,0.004886627197265625,0.017181396484375
1195,FluencyBank_193_55,0.64013671875,0.1463623046875,0.038116455078125,0.0060272216796875,0.189697265625
1196,FluencyBank_193_56,0.06927490234375,0.32275390625,0.026153564453125,0.00844573974609375,0.0247955322265625
1197,FluencyBank_193_57,0.1292724609375,0.109130859375,0.0137939453125,0.01812744140625,0.91650390625
1198,FluencyBank_193_58,0.1236572265625,0.45458984375,0.33203125,0.014617919921875,0.021209716796875
1199,FluencyBank_193_59,0.279541015625,0.47802734375,0.406982421875,0.02752685546875,0.035400390625
1200,FluencyBank_193_60,0.10174560546875,0.478759765625,0.26220703125,0.0131683349609375,0.0261993408203125
1201,FluencyBank_193_61,0.064208984375,0.367431640625,0.796875,0.07806396484375,0.12200927734375
1202,FluencyBank_193_62,0.2135009765625,0.3408203125,0.716796875,0.0269622802734375,0.09417724609375
1203,FluencyBank_193_63,0.297119140625,0.251708984375,0.371826171875,0.03326416015625,0.04327392578125
1204,FluencyBank_193_64,0.06500244140625,0.2454833984375,0.7861328125,0.06866455078125,0.094482421875
1205,FluencyBank_193_65,0.1441650390625,0.334228515625,0.258544921875,0.092529296875,0.884765625
1206,FluencyBank_193_66,0.08740234375,0.2337646484375,0.78759765625,0.05499267578125,0.090576171875
1207,FluencyBank_193_67,0.3427734375,0.1656494140625,0.037109375,0.038818359375,0.9375
1208,FluencyBank_193_68,0.06488037109375,0.4033203125,0.7763671875,0.145751953125,0.392578125
1209,FluencyBank_193_69,0.0751953125,0.25439453125,0.78369140625,0.07794189453125,0.08062744140625
1210,FluencyBank_193_70,0.126220703125,0.419189453125,0.423583984375,0.1304931640625,0.81396484375
1211,FluencyBank_193_71,0.060089111328125,0.25732421875,0.72900390625,0.061187744140625,0.06719970703125
1212,FluencyBank_193_72,0.056976318359375,0.359375,0.546875,0.150146484375,0.0704345703125
1213,FluencyBank_193_73,0.045257568359375,0.1217041015625,0.409912109375,0.1295166015625,0.04132080078125
1214,FluencyBank_193_74,0.102294921875,0.18798828125,0.80615234375,0.10614013671875,0.1563720703125
1215,FluencyBank_193_75,0.11920166015625,0.382080078125,0.425537109375,0.1812744140625,0.82568359375
1216,FluencyBank_193_76,0.1187744140625,0.251220703125,0.83349609375,0.089599609375,0.35693359375
1217,FluencyBank_193_77,0.7763671875,0.15771484375,0.1744384765625,0.02203369140625,0.08990478515625
1218,FluencyBank_193_78,0.045867919921875,0.39990234375,0.70263671875,0.0489501953125,0.05389404296875
1219,FluencyBank_193_79,0.1195068359375,0.343017578125,0.67431640625,0.157470703125,0.69091796875
1220,FluencyBank_193_80,0.32763671875,0.25537109375,0.7412109375,0.04638671875,0.10052490234375
1221,FluencyBank_193_81,0.12188720703125,0.11376953125,0.0171051025390625,0.033721923828125,0.95166015625
1222,FluencyBank_193_82,0.040252685546875,0.11578369140625,0.0240478515625,0.03656005859375,0.7177734375
1223,FluencyBank_193_83,0.36376953125,0.2113037109375,0.34130859375,0.02276611328125,0.03790283203125
1224,FluencyBank_193_84,0.10247802734375,0.31494140625,0.77880859375,0.07171630859375,0.0831298828125
1225,FluencyBank_193_85,0.6376953125,0.134765625,0.09320068359375,0.013427734375,0.034027099609375
1226,FluencyBank_193_86,0.296875,0.30126953125,0.09893798828125,0.07696533203125,0.923828125
1227,FluencyBank_193_87,0.11981201171875,0.3408203125,0.481689453125,0.028167724609375,0.04083251953125
1228,FluencyBank_193_88,0.057708740234375,0.15771484375,0.0188751220703125,0.0103302001953125,0.015960693359375
1229,FluencyBank_193_89,0.24560546875,0.1497802734375,0.0223236083984375,0.026702880859375,0.943359375
1230,FluencyBank_193_90,0.03314208984375,0.229736328125,0.052703857421875,0.016845703125,0.0300445556640625
1231,FluencyBank_193_91,0.08538818359375,0.479736328125,0.73681640625,0.123046875,0.1671142578125
1232,FluencyBank_193_92,0.12548828125,0.334228515625,0.77099609375,0.06231689453125,0.1070556640625
1233,FluencyBank_193_93,0.1300048828125,0.412841796875,0.755859375,0.12042236328125,0.5439453125
1234,FluencyBank_193_94,0.22509765625,0.174560546875,0.57861328125,0.0240478515625,0.06536865234375
1235,FluencyBank_193_95,0.09332275390625,0.250244140625,0.78515625,0.06646728515625,0.09271240234375
1236,FluencyBank_193_96,0.174560546875,0.410888671875,0.72119140625,0.03167724609375,0.07891845703125
1237,FluencyBank_193_97,0.093017578125,0.317626953125,0.84423828125,0.09771728515625,0.245849609375
1238,FluencyBank_193_98,0.058349609375,0.39111328125,0.64208984375,0.0294189453125,0.039947509765625
1239,FluencyBank_193_99,0.05194091796875,0.0567626953125,0.0120086669921875,0.0036640167236328125,0.018402099609375
1240,FluencyBank_193_100,0.198974609375,0.12103271484375,0.019012451171875,0.003795623779296875,0.033599853515625
1241,FluencyBank_193_101,0.740234375,0.10247802734375,0.04010009765625,0.0095977783203125,0.2281494140625
1242,FluencyBank_193_102,0.755859375,0.06982421875,0.057586669921875,0.01374053955078125,0.22607421875
1243,FluencyBank_193_103,0.1414794921875,0.33544921875,0.67529296875,0.045013427734375,0.0517578125
1244,FluencyBank_193_104,0.0863037109375,0.285888671875,0.77490234375,0.061309814453125,0.07586669921875
1245,FluencyBank_193_105,0.0631103515625,0.312255859375,0.751953125,0.0469970703125,0.061187744140625
1246,FluencyBank_193_106,0.20751953125,0.10992431640625,0.015716552734375,0.03448486328125,0.9521484375
1247,FluencyBank_193_107,0.0831298828125,0.298583984375,0.7705078125,0.1759033203125,0.24560546875
1248,FluencyBank_193_108,0.1341552734375,0.341552734375,0.159912109375,0.1014404296875,0.89306640625
1249,FluencyBank_193_109,0.049957275390625,0.4267578125,0.7177734375,0.05194091796875,0.07684326171875
1250,FluencyBank_193_110,0.07489013671875,0.3759765625,0.751953125,0.1368408203125,0.5126953125
1251,FluencyBank_193_111,0.1324462890625,0.57373046875,0.2452392578125,0.038818359375,0.143798828125
1252,FluencyBank_193_112,0.030670166015625,0.13134765625,0.021331787109375,0.00766754150390625,0.0207977294921875
1253,FluencyBank_193_113,0.06671142578125,0.40380859375,0.71826171875,0.035614013671875,0.05889892578125
1254,FluencyBank_193_114,0.046905517578125,0.29248046875,0.06451416015625,0.0164642333984375,0.05194091796875
1255,FluencyBank_193_116,0.11297607421875,0.456298828125,0.79248046875,0.11199951171875,0.49072265625
1256,FluencyBank_193_117,0.10467529296875,0.1912841796875,0.0379638671875,0.08343505859375,0.9423828125
1257,FluencyBank_193_118,0.08978271484375,0.2890625,0.7841796875,0.04107666015625,0.09552001953125
1258,FluencyBank_193_119,0.0831298828125,0.33251953125,0.81201171875,0.168212890625,0.2469482421875
1259,FluencyBank_193_120,0.141357421875,0.390380859375,0.63916015625,0.05389404296875,0.05718994140625
1260,FluencyBank_193_121,0.0740966796875,0.399169921875,0.130126953125,0.0179901123046875,0.01406097412109375
1261,FluencyBank_218_1,0.0169830322265625,0.08062744140625,0.017242431640625,0.0147857666015625,0.015716552734375
1262,FluencyBank_218_2,0.0194244384765625,0.06756591796875,0.0097808837890625,0.00937652587890625,0.015716552734375
1263,FluencyBank_218_3,0.048675537109375,0.1318359375,0.094482421875,0.88427734375,0.07598876953125
1264,FluencyBank_218_4,0.059661865234375,0.1259765625,0.123046875,0.90283203125,0.43310546875
1265,FluencyBank_218_5,0.0394287109375,0.09283447265625,0.0118255615234375,0.01132965087890625,0.0219879150390625
1266,FluencyBank_218_6,0.034088134765625,0.1551513671875,0.02044677734375,0.034698486328125,0.6357421875
1267,FluencyBank_218_7,0.047607421875,0.419189453125,0.1844482421875,0.1077880859375,0.6064453125
1268,FluencyBank_218_8,0.1041259765625,0.178466796875,0.0297088623046875,0.020294189453125,0.8720703125
1269,FluencyBank_218_9,0.11199951171875,0.1868896484375,0.01898193359375,0.0115966796875,0.81298828125
1270,FluencyBank_218_10,0.0863037109375,0.2060546875,0.556640625,0.6005859375,0.66845703125
1271,FluencyBank_218_11,0.02532958984375,0.1070556640625,0.06817626953125,0.76416015625,0.437255859375
1272,FluencyBank_218_12,0.0343017578125,0.1263427734375,0.1202392578125,0.90576171875,0.224609375
1273,FluencyBank_218_13,0.09930419921875,0.1668701171875,0.1329345703125,0.07476806640625,0.81005859375
1274,FluencyBank_218_14,0.18212890625,0.26708984375,0.071044921875,0.035614013671875,0.7685546875
1275,FluencyBank_218_15,0.03753662109375,0.143310546875,0.0213623046875,0.35009765625,0.03277587890625
1276,FluencyBank_218_16,0.0242767333984375,0.1578369140625,0.1094970703125,0.8251953125,0.05511474609375
1277,FluencyBank_218_17,0.041229248046875,0.1229248046875,0.01302337646484375,0.0179901123046875,0.0125274658203125
1278,FluencyBank_218_18,0.0699462890625,0.128173828125,0.01358795166015625,0.11029052734375,0.49609375
1279,FluencyBank_218_19,0.0184326171875,0.07574462890625,0.00933837890625,0.0129241943359375,0.03424072265625
1280,FluencyBank_218_20,0.016845703125,0.0439453125,0.006511688232421875,0.043609619140625,0.1981201171875
1281,FluencyBank_218_21,0.0174407958984375,0.310302734375,0.142822265625,0.369140625,0.04595947265625
1282,FluencyBank_218_22,0.1766357421875,0.217529296875,0.38134765625,0.08050537109375,0.453369140625
1283,FluencyBank_218_23,0.04296875,0.091064453125,0.0100555419921875,0.0185089111328125,0.28759765625
1284,FluencyBank_218_24,0.030914306640625,0.07781982421875,0.00971221923828125,0.01073455810546875,0.0142822265625
1285,FluencyBank_218_25,0.052703857421875,0.25634765625,0.0276947021484375,0.0192718505859375,0.06597900390625
1286,FluencyBank_218_26,0.06744384765625,0.19189453125,0.018768310546875,0.0173797607421875,0.306884765625
1287,FluencyBank_218_27,0.029205322265625,0.07666015625,0.00894927978515625,0.00955963134765625,0.017181396484375
1288,FluencyBank_218_28,0.044769287109375,0.05718994140625,0.006587982177734375,0.01229095458984375,0.576171875
1289,FluencyBank_218_29,0.320068359375,0.1014404296875,0.0156707763671875,0.028167724609375,0.7646484375
1290,FluencyBank_218_30,0.0216217041015625,0.06951904296875,0.01348114013671875,0.02484130859375,0.047943115234375
1291,FluencyBank_218_31,0.2451171875,0.25634765625,0.032958984375,0.0284881591796875,0.86669921875
1292,FluencyBank_218_32,0.09600830078125,0.123779296875,0.010986328125,0.006824493408203125,0.37255859375
1293,FluencyBank_218_33,0.049224853515625,0.07135009765625,0.00847625732421875,0.005062103271484375,0.017242431640625
1294,FluencyBank_218_34,0.09771728515625,0.039276123046875,0.00595855712890625,0.006313323974609375,0.0216217041015625
1295,FluencyBank_218_35,0.022674560546875,0.061431884765625,0.00847625732421875,0.0097808837890625,0.0306243896484375
1296,FluencyBank_218_36,0.152099609375,0.1630859375,0.02606201171875,0.044677734375,0.91552734375
1297,FluencyBank_218_37,0.1619873046875,0.07989501953125,0.00812530517578125,0.0034027099609375,0.0200653076171875
1298,FluencyBank_218_38,0.030731201171875,0.06829833984375,0.00963592529296875,0.00626373291015625,0.01467132568359375
1299,FluencyBank_218_39,0.0966796875,0.1751708984375,0.0289306640625,0.0165863037109375,0.85205078125
1300,FluencyBank_218_40,0.047332763671875,0.2509765625,0.0855712890625,0.448486328125,0.471923828125
1301,FluencyBank_218_41,0.0247039794921875,0.06463623046875,0.00490570068359375,0.018829345703125,0.07464599609375
1302,FluencyBank_218_42,0.1988525390625,0.298583984375,0.2059326171875,0.039703369140625,0.0274810791015625
1303,FluencyBank_218_43,0.055206298828125,0.1441650390625,0.193359375,0.88232421875,0.09173583984375
1304,FluencyBank_218_44,0.03173828125,0.160400390625,0.0723876953125,0.146484375,0.6826171875
1305,FluencyBank_218_45,0.049591064453125,0.50390625,0.163818359375,0.048309326171875,0.050048828125
1306,FluencyBank_218_46,0.0302734375,0.2432861328125,0.145751953125,0.66748046875,0.06927490234375
1307,FluencyBank_218_47,0.155029296875,0.08251953125,0.0224151611328125,0.0216217041015625,0.09771728515625
1308,FluencyBank_218_48,0.0265045166015625,0.138427734375,0.0284881591796875,0.20703125,0.1553955078125
1309,FluencyBank_218_49,0.10089111328125,0.165283203125,0.015838623046875,0.00760650634765625,0.01238250732421875
1310,FluencyBank_218_50,0.10723876953125,0.12213134765625,0.01229095458984375,0.015899658203125,0.8486328125
1311,FluencyBank_218_51,0.0455322265625,0.10247802734375,0.013427734375,0.01483917236328125,0.69677734375
1312,FluencyBank_218_52,0.0482177734375,0.307861328125,0.53125,0.4228515625,0.51708984375
1313,FluencyBank_218_53,0.0262603759765625,0.259521484375,0.5927734375,0.2225341796875,0.0535888671875
1314,FluencyBank_218_54,0.040374755859375,0.396484375,0.28955078125,0.0310821533203125,0.0379638671875
1315,FluencyBank_218_55,0.09722900390625,0.2418212890625,0.04400634765625,0.0740966796875,0.904296875
1316,FluencyBank_218_56,0.0386962890625,0.4208984375,0.65380859375,0.12213134765625,0.1973876953125
1317,FluencyBank_218_57,0.3916015625,0.05718994140625,0.01049041748046875,0.006290435791015625,0.0521240234375
1318,FluencyBank_218_58,0.0213623046875,0.03985595703125,0.008575439453125,0.0230712890625,0.0457763671875
1319,FluencyBank_218_59,0.36572265625,0.1063232421875,0.036773681640625,0.0121002197265625,0.159912109375
1320,FluencyBank_218_60,0.05145263671875,0.11553955078125,0.048583984375,0.040374755859375,0.64892578125
1321,FluencyBank_218_61,0.1055908203125,0.1279296875,0.03204345703125,0.0226287841796875,0.78076171875
1322,FluencyBank_218_62,0.1964111328125,0.08404541015625,0.010986328125,0.01242828369140625,0.8427734375
1323,FluencyBank_218_63,0.224609375,0.06903076171875,0.0101318359375,0.014556884765625,0.64404296875
1324,FluencyBank_218_64,0.055816650390625,0.07586669921875,0.00787353515625,0.0165863037109375,0.306396484375
1325,FluencyBank_218_65,0.26708984375,0.07574462890625,0.0070648193359375,0.0094146728515625,0.72265625
1326,FluencyBank_218_66,0.230712890625,0.0723876953125,0.03289794921875,0.007259368896484375,0.1636962890625
1327,FluencyBank_218_67,0.050811767578125,0.03533935546875,0.0062408447265625,0.011199951171875,0.359375
1328,FluencyBank_218_68,0.034759521484375,0.044921875,0.00818634033203125,0.00757598876953125,0.017578125
1329,FluencyBank_218_69,0.018341064453125,0.048583984375,0.00930023193359375,0.013275146484375,0.01395416259765625
1330,FluencyBank_218_70,0.038238525390625,0.21484375,0.0240936279296875,0.030853271484375,0.466796875
1331,FluencyBank_218_71,0.1519775390625,0.1778564453125,0.0220794677734375,0.0174407958984375,0.8447265625
1332,FluencyBank_218_72,0.05645751953125,0.11993408203125,0.0186920166015625,0.0343017578125,0.859375
1333,FluencyBank_218_73,0.09027099609375,0.1502685546875,0.0163421630859375,0.0247955322265625,0.837890625
1334,FluencyBank_218_74,0.07171630859375,0.30419921875,0.138427734375,0.392822265625,0.78125
1335,FluencyBank_218_75,0.03582763671875,0.49755859375,0.607421875,0.2337646484375,0.276123046875
1336,FluencyBank_218_76,0.034698486328125,0.4423828125,0.57958984375,0.285888671875,0.0633544921875
1337,FluencyBank_218_77,0.03192138671875,0.42919921875,0.60205078125,0.259765625,0.1290283203125
1338,FluencyBank_218_79,0.2347412109375,0.1514892578125,0.015777587890625,0.01348114013671875,0.86328125
1339,FluencyBank_218_80,0.0482177734375,0.1513671875,0.09912109375,0.79541015625,0.48681640625
1340,FluencyBank_218_81,0.095703125,0.2958984375,0.179931640625,0.74658203125,0.1973876953125
1341,FluencyBank_218_82,0.05059814453125,0.318603515625,0.59228515625,0.5107421875,0.5341796875
1342,FluencyBank_218_83,0.06304931640625,0.13134765625,0.01238250732421875,0.00626373291015625,0.01242828369140625
1343,FluencyBank_218_84,0.0975341796875,0.116943359375,0.0165252685546875,0.0106964111328125,0.78466796875
1344,FluencyBank_218_85,0.2081298828125,0.1851806640625,0.029205322265625,0.09124755859375,0.9326171875
1345,FluencyBank_218_86,0.413330078125,0.1171875,0.01358795166015625,0.0236968994140625,0.8076171875
1346,FluencyBank_218_87,0.02484130859375,0.08135986328125,0.00679779052734375,0.007205963134765625,0.080078125
1347,FluencyBank_219_0,0.049407958984375,0.049224853515625,0.004055023193359375,0.0095977783203125,0.23095703125
1348,FluencyBank_219_1,0.09588623046875,0.21142578125,0.0263519287109375,0.03143310546875,0.8720703125
1349,FluencyBank_219_2,0.0131683349609375,0.054107666015625,0.011199951171875,0.0167236328125,0.02752685546875
1350,FluencyBank_219_3,0.08343505859375,0.2100830078125,0.05419921875,0.06793212890625,0.9033203125
1351,FluencyBank_219_4,0.1259765625,0.0755615234375,0.0117340087890625,0.0225372314453125,0.9013671875
1352,FluencyBank_219_5,0.02508544921875,0.071044921875,0.007122039794921875,0.01322174072265625,0.017303466796875
1353,FluencyBank_219_6,0.1767578125,0.1087646484375,0.0199127197265625,0.00766754150390625,0.049774169921875
1354,FluencyBank_219_7,0.1607666015625,0.230224609375,0.1812744140625,0.042236328125,0.8427734375
1355,FluencyBank_219_8,0.1094970703125,0.181640625,0.0211639404296875,0.0323486328125,0.8984375
1356,FluencyBank_219_9,0.09368896484375,0.1236572265625,0.042572021484375,0.10394287109375,0.014007568359375
1357,FluencyBank_219_10,0.05072021484375,0.62060546875,0.40966796875,0.048675537109375,0.09222412109375
1358,FluencyBank_219_11,0.128662109375,0.220703125,0.03759765625,0.0782470703125,0.90576171875
1359,FluencyBank_219_12,0.06695556640625,0.2132568359375,0.0194549560546875,0.0236053466796875,0.2225341796875
1360,FluencyBank_219_13,0.09619140625,0.0830078125,0.00974273681640625,0.01029205322265625,0.806640625
1361,FluencyBank_219_14,0.09136962890625,0.091064453125,0.01036834716796875,0.0207672119140625,0.89794921875
1362,FluencyBank_219_15,0.0274810791015625,0.1309814453125,0.0162811279296875,0.007694244384765625,0.01953125
1363,FluencyBank_219_16,0.0455322265625,0.206298828125,0.0259552001953125,0.00930023193359375,0.0115509033203125
1364,FluencyBank_219_17,0.0197906494140625,0.059326171875,0.008544921875,0.008880615234375,0.0240020751953125
1365,FluencyBank_219_18,0.0582275390625,0.12139892578125,0.0162811279296875,0.0247039794921875,0.7333984375
1366,FluencyBank_219_19,0.024566650390625,0.047149658203125,0.004718780517578125,0.0136871337890625,0.08526611328125
1367,FluencyBank_219_20,0.1806640625,0.183837890625,0.0287017822265625,0.0269622802734375,0.93310546875
1368,FluencyBank_219_21,0.03448486328125,0.1383056640625,0.01953125,0.0108184814453125,0.0143890380859375
1369,FluencyBank_219_22,0.06475830078125,0.06719970703125,0.007549285888671875,0.0119171142578125,0.76513671875
1370,FluencyBank_219_23,0.27490234375,0.1307373046875,0.0119171142578125,0.004810333251953125,0.01983642578125
1371,FluencyBank_219_24,0.0246124267578125,0.33349609375,0.04345703125,0.06842041015625,0.056121826171875
1372,FluencyBank_219_25,0.0233306884765625,0.12054443359375,0.010009765625,0.00997161865234375,0.0182647705078125
1373,FluencyBank_219_26,0.04681396484375,0.1259765625,0.01177978515625,0.009521484375,0.01490020751953125
1374,FluencyBank_219_27,0.033966064453125,0.114990234375,0.01348114013671875,0.00763702392578125,0.0194549560546875
1375,FluencyBank_219_28,0.080810546875,0.23779296875,0.03216552734375,0.047607421875,0.75390625
1376,FluencyBank_219_29,0.06732177734375,0.517578125,0.67041015625,0.05499267578125,0.06536865234375
1377,FluencyBank_219_30,0.1265869140625,0.140380859375,0.06634521484375,0.0115509033203125,0.12286376953125
1378,FluencyBank_219_31,0.043609619140625,0.385986328125,0.2138671875,0.01666259765625,0.03338623046875
1379,FluencyBank_219_32,0.01525115966796875,0.34814453125,0.343994140625,0.11737060546875,0.0535888671875
1380,FluencyBank_219_33,0.027587890625,0.4609375,0.281005859375,0.042083740234375,0.06854248046875
1381,FluencyBank_219_34,0.034698486328125,0.128662109375,0.01242828369140625,0.02691650390625,0.65087890625
1382,FluencyBank_219_35,0.09912109375,0.137451171875,0.0469970703125,0.4580078125,0.900390625
1383,FluencyBank_219_36,0.059539794921875,0.106689453125,0.0161590576171875,0.04681396484375,0.8759765625
1384,FluencyBank_219_37,0.0546875,0.12054443359375,0.0162200927734375,0.02484130859375,0.85595703125
1385,FluencyBank_219_38,0.09075927734375,0.1512451171875,0.023773193359375,0.0224609375,0.900390625
1386,FluencyBank_219_39,0.023468017578125,0.09979248046875,0.01132965087890625,0.0127716064453125,0.01267242431640625
1387,FluencyBank_219_40,0.0482177734375,0.10052490234375,0.0117340087890625,0.007122039794921875,0.0141754150390625
1388,FluencyBank_219_41,0.2330322265625,0.1409912109375,0.01751708984375,0.006290435791015625,0.0190887451171875
1389,FluencyBank_219_42,0.1876220703125,0.1044921875,0.0287017822265625,0.007843017578125,0.0150146484375
1390,FluencyBank_219_43,0.0235595703125,0.10540771484375,0.0258026123046875,0.0276947021484375,0.31201171875
1391,FluencyBank_219_44,0.1114501953125,0.1558837890625,0.0231475830078125,0.0306243896484375,0.83935546875
1392,FluencyBank_219_45,0.11859130859375,0.1358642578125,0.0215301513671875,0.00997161865234375,0.68408203125
1393,FluencyBank_219_46,0.2998046875,0.198486328125,0.14453125,0.0227203369140625,0.0182647705078125
1394,FluencyBank_219_47,0.1865234375,0.2413330078125,0.07501220703125,0.01395416259765625,0.0153045654296875
1395,FluencyBank_219_48,0.07666015625,0.1419677734375,0.083740234375,0.876953125,0.118408203125
1396,FluencyBank_219_49,0.036895751953125,0.1202392578125,0.06842041015625,0.8251953125,0.07891845703125
1397,FluencyBank_219_50,0.0153656005859375,0.0728759765625,0.033966064453125,0.2333984375,0.038330078125
1398,FluencyBank_219_51,0.0180206298828125,0.11932373046875,0.0189361572265625,0.0180511474609375,0.017578125
1399,FluencyBank_219_52,0.03265380859375,0.09234619140625,0.018768310546875,0.0087127685546875,0.01519012451171875
1400,FluencyBank_219_53,0.0235595703125,0.1163330078125,0.017242431640625,0.00757598876953125,0.0190582275390625
1401,FluencyBank_219_54,0.0975341796875,0.1041259765625,0.0120086669921875,0.01238250732421875,0.84716796875
1402,FluencyBank_219_55,0.253173828125,0.1820068359375,0.0316162109375,0.06561279296875,0.95947265625
1403,FluencyBank_219_56,0.0235137939453125,0.13916015625,0.093994140625,0.79296875,0.13720703125
1404,FluencyBank_219_57,0.05499267578125,0.411376953125,0.23583984375,0.015838623046875,0.0199127197265625
1405,FluencyBank_219_58,0.31689453125,0.2314453125,0.049957275390625,0.1761474609375,0.93115234375
1406,FluencyBank_219_59,0.050140380859375,0.163818359375,0.0141143798828125,0.005687713623046875,0.051544189453125
1407,FluencyBank_219_60,0.2247314453125,0.486572265625,0.252685546875,0.054595947265625,0.1611328125
1408,FluencyBank_219_61,0.05511474609375,0.38818359375,0.14208984375,0.0265045166015625,0.044769287109375
1409,FluencyBank_219_62,0.01525115966796875,0.07196044921875,0.012054443359375,0.03021240234375,0.048583984375
1410,FluencyBank_219_63,0.0202178955078125,0.1190185546875,0.01229095458984375,0.0211181640625,0.02056884765625
1411,FluencyBank_219_64,0.04376220703125,0.054901123046875,0.01142120361328125,0.0240478515625,0.02044677734375
1412,FluencyBank_219_65,0.00894927978515625,0.059661865234375,0.01395416259765625,0.07611083984375,0.07452392578125
1413,FluencyBank_219_66,0.04931640625,0.09637451171875,0.0162200927734375,0.0391845703125,0.69384765625
1414,FluencyBank_219_67,0.0352783203125,0.04132080078125,0.00787353515625,0.01214599609375,0.1033935546875
1415,FluencyBank_219_68,0.0231475830078125,0.03955078125,0.0059356689453125,0.0187225341796875,0.1033935546875
1416,FluencyBank_219_69,0.093017578125,0.173828125,0.01433563232421875,0.0087127685546875,0.050994873046875
1417,FluencyBank_219_70,0.16845703125,0.361328125,0.2496337890625,0.0489501953125,0.03314208984375
1418,FluencyBank_219_71,0.0283355712890625,0.06280517578125,0.007289886474609375,0.0154876708984375,0.55224609375
1419,FluencyBank_219_72,0.04443359375,0.313232421875,0.681640625,0.06732177734375,0.05145263671875
1420,FluencyBank_219_73,0.0170440673828125,0.07598876953125,0.0087127685546875,0.01422882080078125,0.018768310546875
1421,FluencyBank_219_74,0.06951904296875,0.1282958984375,0.0100555419921875,0.00821685791015625,0.0231475830078125
1422,FluencyBank_219_75,0.04443359375,0.179443359375,0.011199951171875,0.01322174072265625,0.0472412109375
1423,FluencyBank_219_76,0.04620361328125,0.1416015625,0.01129150390625,0.01467132568359375,0.02685546875
1424,FluencyBank_219_77,0.040313720703125,0.1265869140625,0.01450347900390625,0.007518768310546875,0.011962890625
1425,FluencyBank_219_78,0.036163330078125,0.1812744140625,0.0144500732421875,0.008880615234375,0.0230712890625
1426,FluencyBank_219_79,0.08154296875,0.170654296875,0.01322174072265625,0.007843017578125,0.0201416015625
1427,FluencyBank_219_80,0.163330078125,0.2646484375,0.110107421875,0.2193603515625,0.12335205078125
1428,FluencyBank_219_81,0.036285400390625,0.1553955078125,0.01132965087890625,0.018402099609375,0.1190185546875
1429,FluencyBank_219_82,0.2064208984375,0.376953125,0.1446533203125,0.035400390625,0.033477783203125
1430,FluencyBank_219_83,0.021697998046875,0.07122802734375,0.007518768310546875,0.0141754150390625,0.02191162109375
1431,FluencyBank_219_84,0.11676025390625,0.1485595703125,0.0116424560546875,0.0106964111328125,0.02044677734375
1432,FluencyBank_219_85,0.02886962890625,0.08526611328125,0.0103302001953125,0.053985595703125,0.496826171875
1433,FluencyBank_219_86,0.0224609375,0.09552001953125,0.0094146728515625,0.048583984375,0.443359375
1434,FluencyBank_219_87,0.0165863037109375,0.06549072265625,0.00812530517578125,0.027435302734375,0.1453857421875
1435,FluencyBank_219_88,0.0391845703125,0.349853515625,0.56787109375,0.273193359375,0.07122802734375
1436,FluencyBank_219_89,0.0187225341796875,0.055938720703125,0.021240234375,0.04876708984375,0.09283447265625
1437,FluencyBank_219_90,0.08251953125,0.14990234375,0.04302978515625,0.049774169921875,0.84375
1438,FluencyBank_219_91,0.10247802734375,0.0863037109375,0.0102081298828125,0.01763916015625,0.84033203125
1439,FluencyBank_219_92,0.0285491943359375,0.07586669921875,0.038909912109375,0.02801513671875,0.0855712890625
1440,FluencyBank_219_93,0.22265625,0.154296875,0.397705078125,0.429443359375,0.1014404296875
1441,FluencyBank_219_94,0.028656005859375,0.08154296875,0.0173797607421875,0.00937652587890625,0.027069091796875
1442,FluencyBank_219_95,0.037109375,0.127197265625,0.00974273681640625,0.01146697998046875,0.021453857421875
1443,FluencyBank_219_96,0.2088623046875,0.392578125,0.40283203125,0.2386474609375,0.11578369140625
1444,FluencyBank_219_97,0.08587646484375,0.11029052734375,0.01024627685546875,0.0054473876953125,0.0182647705078125
1445,FluencyBank_219_98,0.024383544921875,0.1044921875,0.009521484375,0.010650634765625,0.019561767578125
1446,FluencyBank_219_99,0.0197601318359375,0.1658935546875,0.0174407958984375,0.01306915283203125,0.017181396484375
1447,FluencyBank_219_100,0.09283447265625,0.1351318359375,0.0200958251953125,0.017913818359375,0.87158203125
1448,FluencyBank_219_101,0.060302734375,0.44873046875,0.2440185546875,0.091552734375,0.6953125
1449,FluencyBank_219_102,0.03216552734375,0.28857421875,0.1805419921875,0.5146484375,0.037689208984375
1450,FluencyBank_219_103,0.0283355712890625,0.353759765625,0.1898193359375,0.1282958984375,0.0230255126953125
1451,FluencyBank_219_104,0.023101806640625,0.07611083984375,0.00815582275390625,0.0142822265625,0.017242431640625
1452,FluencyBank_219_105,0.06805419921875,0.06732177734375,0.006145477294921875,0.0087432861328125,0.15185546875
1453,FluencyBank_219_106,0.12139892578125,0.262451171875,0.1121826171875,0.036346435546875,0.80029296875
1454,FluencyBank_219_107,0.05108642578125,0.095703125,0.0115966796875,0.02001953125,0.822265625
1455,FluencyBank_219_108,0.0240936279296875,0.11395263671875,0.01262664794921875,0.01090240478515625,0.02069091796875
1456,FluencyBank_219_109,0.303955078125,0.1805419921875,0.1400146484375,0.0144500732421875,0.0293731689453125
1457,FluencyBank_219_110,0.03021240234375,0.1240234375,0.01490020751953125,0.007694244384765625,0.0117340087890625
1458,FluencyBank_219_111,0.097412109375,0.106689453125,0.00885009765625,0.0059814453125,0.021820068359375
1459,FluencyBank_219_112,0.0360107421875,0.091064453125,0.00971221923828125,0.01267242431640625,0.6318359375
1460,FluencyBank_219_113,0.18701171875,0.437255859375,0.333251953125,0.0889892578125,0.81640625
1461,FluencyBank_219_114,0.028594970703125,0.287109375,0.04107666015625,0.0217742919921875,0.015899658203125
1462,FluencyBank_219_115,0.5576171875,0.2432861328125,0.049957275390625,0.0214080810546875,0.097412109375
1463,FluencyBank_219_116,0.0252227783203125,0.06243896484375,0.00908660888671875,0.00605010986328125,0.015716552734375
1464,FluencyBank_219_118,0.07330322265625,0.06719970703125,0.00634002685546875,0.01049041748046875,0.53125
1465,FluencyBank_219_119,0.0235595703125,0.1171875,0.0119171142578125,0.01078033447265625,0.0161590576171875
1466,FluencyBank_219_120,0.06500244140625,0.0943603515625,0.00885009765625,0.007785797119140625,0.043121337890625
1467,FluencyBank_219_121,0.37841796875,0.287353515625,0.1923828125,0.0165863037109375,0.0240020751953125
1468,FluencyBank_219_122,0.0164642333984375,0.092529296875,0.011871337890625,0.03436279296875,0.0253753662109375
1469,FluencyBank_219_123,0.08062744140625,0.2198486328125,0.30078125,0.84033203125,0.1763916015625
1470,FluencyBank_219_124,0.1871337890625,0.15283203125,0.0289764404296875,0.01142120361328125,0.019561767578125
1471,FluencyBank_219_125,0.2301025390625,0.1607666015625,0.029754638671875,0.0101318359375,0.0182342529296875
1472,FluencyBank_230_0,0.024749755859375,0.0701904296875,0.0117340087890625,0.0181884765625,0.04681396484375
1473,FluencyBank_230_1,0.03643798828125,0.0701904296875,0.047332763671875,0.892578125,0.0792236328125
1474,FluencyBank_230_2,0.0469970703125,0.6103515625,0.35009765625,0.046905517578125,0.0333251953125
1475,FluencyBank_230_3,0.0194549560546875,0.058013916015625,0.007724761962890625,0.0299224853515625,0.09844970703125
1476,FluencyBank_230_4,0.0816650390625,0.1104736328125,0.0162811279296875,0.0236968994140625,0.8681640625
1477,FluencyBank_230_5,0.062103271484375,0.041473388671875,0.00731658935546875,0.00661468505859375,0.0526123046875
1478,FluencyBank_230_6,0.09686279296875,0.26220703125,0.0280609130859375,0.016021728515625,0.7158203125
1479,FluencyBank_230_7,0.126220703125,0.183349609375,0.0191192626953125,0.0197906494140625,0.89306640625
1480,FluencyBank_230_8,0.02838134765625,0.1849365234375,0.01512908935546875,0.01229095458984375,0.039703369140625
1481,FluencyBank_230_9,0.0216522216796875,0.326416015625,0.1856689453125,0.204345703125,0.06646728515625
1482,FluencyBank_230_10,0.05877685546875,0.5576171875,0.40087890625,0.07464599609375,0.035003662109375
1483,FluencyBank_230_11,0.0247039794921875,0.044281005859375,0.00926971435546875,0.0092315673828125,0.01395416259765625
1484,FluencyBank_230_12,0.052825927734375,0.2335205078125,0.0203399658203125,0.006641387939453125,0.024566650390625
1485,FluencyBank_230_13,0.0222930908203125,0.109130859375,0.06805419921875,0.82763671875,0.0823974609375
1486,FluencyBank_230_14,0.03314208984375,0.1181640625,0.0120086669921875,0.0066680908203125,0.0129241943359375
1487,FluencyBank_230_15,0.1134033203125,0.140869140625,0.02001953125,0.018341064453125,0.91162109375
1488,FluencyBank_230_16,0.0809326171875,0.223876953125,0.0209197998046875,0.00818634033203125,0.017913818359375
1489,FluencyBank_230_17,0.033782958984375,0.05242919921875,0.006488800048828125,0.00609588623046875,0.01322174072265625
1490,FluencyBank_230_18,0.04168701171875,0.04803466796875,0.00482940673828125,0.00582122802734375,0.02191162109375
1491,FluencyBank_230_19,0.07879638671875,0.05242919921875,0.006072998046875,0.0053863525390625,0.01332855224609375
1492,FluencyBank_230_20,0.0217437744140625,0.3408203125,0.1253662109375,0.09637451171875,0.040771484375
1493,FluencyBank_230_21,0.038177490234375,0.57568359375,0.52490234375,0.07452392578125,0.04840087890625
1494,FluencyBank_230_22,0.1851806640625,0.265625,0.0191192626953125,0.0118255615234375,0.35205078125
1495,FluencyBank_230_23,0.08209228515625,0.6103515625,0.54541015625,0.038330078125,0.07275390625
1496,FluencyBank_230_24,0.031982421875,0.055816650390625,0.006565093994140625,0.02203369140625,0.0310821533203125
1497,FluencyBank_230_27,0.0640869140625,0.406982421875,0.6689453125,0.0411376953125,0.05340576171875
1498,FluencyBank_230_28,0.0160980224609375,0.046905517578125,0.00731658935546875,0.01061248779296875,0.015838623046875
1499,FluencyBank_230_29,0.15283203125,0.1292724609375,0.016845703125,0.021820068359375,0.93603515625
1500,FluencyBank_230_30,0.1788330078125,0.2445068359375,0.0204925537109375,0.008544921875,0.01495361328125
1501,FluencyBank_230_31,0.044921875,0.055511474609375,0.00821685791015625,0.00473785400390625,0.01267242431640625
1502,FluencyBank_230_32,0.05126953125,0.1629638671875,0.01519012451171875,0.009521484375,0.01363372802734375
1503,FluencyBank_230_33,0.035064697265625,0.0987548828125,0.009124755859375,0.0120086669921875,0.01107025146484375
1504,FluencyBank_230_34,0.0413818359375,0.07904052734375,0.00701141357421875,0.005889892578125,0.0261077880859375
1505,FluencyBank_230_35,0.08251953125,0.185791015625,0.021484375,0.009674072265625,0.01214599609375
1506,FluencyBank_230_36,0.09503173828125,0.218505859375,0.0280609130859375,0.01495361328125,0.028656005859375
1507,FluencyBank_230_37,0.278076171875,0.45703125,0.317138671875,0.0180206298828125,0.053985595703125
1508,FluencyBank_230_38,0.0379638671875,0.08209228515625,0.01116180419921875,0.0070648193359375,0.0115509033203125
1509,FluencyBank_230_39,0.0794677734375,0.456787109375,0.06597900390625,0.01242828369140625,0.0196075439453125
1510,FluencyBank_230_40,0.039337158203125,0.360595703125,0.182373046875,0.04217529296875,0.0185089111328125
1511,FluencyBank_230_41,0.0231475830078125,0.0743408203125,0.00930023193359375,0.01085662841796875,0.017242431640625
1512,FluencyBank_230_42,0.0313720703125,0.08880615234375,0.0082550048828125,0.0092315673828125,0.0144500732421875
1513,FluencyBank_230_43,0.042572021484375,0.12335205078125,0.01337432861328125,0.007488250732421875,0.01116180419921875
1514,FluencyBank_230_44,0.0460205078125,0.284423828125,0.1663818359375,0.43994140625,0.75
1515,FluencyBank_230_45,0.281494140625,0.37890625,0.10302734375,0.0112457275390625,0.0207672119140625
1516,FluencyBank_230_46,0.1195068359375,0.161376953125,0.0181884765625,0.019500732421875,0.86376953125
1517,FluencyBank_230_47,0.185302734375,0.308837890625,0.04168701171875,0.06268310546875,0.8486328125
1518,FluencyBank_230_48,0.035888671875,0.10211181640625,0.01036834716796875,0.00634002685546875,0.0369873046875
1519,FluencyBank_230_49,0.06549072265625,0.27685546875,0.09417724609375,0.038543701171875,0.03265380859375
1520,FluencyBank_230_50,0.132080078125,0.12890625,0.029541015625,0.0090179443359375,0.018402099609375
1521,FluencyBank_230_51,0.043609619140625,0.1951904296875,0.018829345703125,0.006488800048828125,0.021820068359375
1522,FluencyBank_230_52,0.03704833984375,0.56982421875,0.315673828125,0.061431884765625,0.059539794921875
1523,FluencyBank_230_53,0.033721923828125,0.1361083984375,0.0242767333984375,0.01971435546875,0.019683837890625
1524,FluencyBank_230_54,0.0765380859375,0.158935546875,0.0180511474609375,0.0074615478515625,0.08038330078125
1525,FluencyBank_230_55,0.033782958984375,0.1884765625,0.0169830322265625,0.01107025146484375,0.0141754150390625
1526,FluencyBank_230_56,0.06524658203125,0.08660888671875,0.006565093994140625,0.00997161865234375,0.0142822265625
1527,FluencyBank_230_57,0.030853271484375,0.179443359375,0.0258026123046875,0.011505126953125,0.007694244384765625
1528,FluencyBank_230_58,0.394287109375,0.182373046875,0.11083984375,0.419189453125,0.07611083984375
1529,FluencyBank_230_59,0.0256195068359375,0.07476806640625,0.010009765625,0.00815582275390625,0.021484375
1530,FluencyBank_230_60,0.0228424072265625,0.408447265625,0.12890625,0.0863037109375,0.0232391357421875
1531,FluencyBank_230_61,0.0302734375,0.35009765625,0.2381591796875,0.60400390625,0.045684814453125
1532,FluencyBank_230_62,0.024139404296875,0.3349609375,0.18798828125,0.421875,0.029754638671875
1533,FluencyBank_230_63,0.11614990234375,0.1805419921875,0.01450347900390625,0.0090179443359375,0.0162811279296875
1534,FluencyBank_230_64,0.03662109375,0.412841796875,0.61328125,0.08929443359375,0.039337158203125
1535,FluencyBank_230_65,0.0294189453125,0.191650390625,0.049957275390625,0.0222015380859375,0.016845703125
1536,FluencyBank_230_66,0.08587646484375,0.313232421875,0.7490234375,0.044525146484375,0.07275390625
1537,FluencyBank_230_67,0.033721923828125,0.11920166015625,0.01267242431640625,0.009521484375,0.024383544921875
1538,FluencyBank_230_68,0.044525146484375,0.2452392578125,0.0181884765625,0.0127716064453125,0.08331298828125
1539,FluencyBank_230_69,0.06707763671875,0.429931640625,0.371826171875,0.0975341796875,0.64794921875
1540,FluencyBank_230_70,0.07147216796875,0.1556396484375,0.017913818359375,0.0137939453125,0.81201171875
1541,FluencyBank_230_71,0.09039306640625,0.393798828125,0.05633544921875,0.027374267578125,0.0299835205078125
1542,FluencyBank_230_72,0.04638671875,0.497802734375,0.5986328125,0.064208984375,0.064208984375
1543,FluencyBank_230_73,0.0181884765625,0.437744140625,0.1466064453125,0.155029296875,0.09320068359375
1544,FluencyBank_230_74,0.03167724609375,0.060089111328125,0.00626373291015625,0.007549285888671875,0.0165252685546875
1545,FluencyBank_230_75,0.03460693359375,0.143310546875,0.020172119140625,0.01242828369140625,0.026702880859375
1546,FluencyBank_230_76,0.0782470703125,0.37451171875,0.272216796875,0.44482421875,0.038970947265625
1547,FluencyBank_230_77,0.0265045166015625,0.1187744140625,0.0131683349609375,0.01146697998046875,0.017242431640625
1548,FluencyBank_230_78,0.027374267578125,0.407470703125,0.2919921875,0.41552734375,0.06280517578125
1549,FluencyBank_230_79,0.05572509765625,0.388427734375,0.055419921875,0.0121002197265625,0.016845703125
1550,FluencyBank_230_80,0.0305023193359375,0.53271484375,0.45947265625,0.1134033203125,0.0411376953125
1551,FluencyBank_230_81,0.0287628173828125,0.1685791015625,0.07965087890625,0.4326171875,0.591796875
1552,FluencyBank_230_82,0.0751953125,0.64453125,0.337646484375,0.042327880859375,0.048675537109375
1553,FluencyBank_230_83,0.204345703125,0.1357421875,0.015777587890625,0.0247039794921875,0.935546875
1554,FluencyBank_230_84,0.0150146484375,0.1468505859375,0.06536865234375,0.572265625,0.1405029296875
1555,FluencyBank_230_85,0.015777587890625,0.11456298828125,0.0229339599609375,0.033599853515625,0.01287078857421875
1556,FluencyBank_230_86,0.02044677734375,0.2242431640625,0.046905517578125,0.01406097412109375,0.016845703125
1557,FluencyBank_230_87,0.03192138671875,0.1044921875,0.09234619140625,0.8505859375,0.0836181640625
1558,FluencyBank_230_88,0.0282135009765625,0.12420654296875,0.236328125,0.74609375,0.051666259765625
1559,FluencyBank_230_89,0.0188751220703125,0.053009033203125,0.0136871337890625,0.426025390625,0.044281005859375
1560,FluencyBank_230_90,0.06549072265625,0.4208984375,0.693359375,0.047607421875,0.050506591796875
1561,FluencyBank_230_91,0.037200927734375,0.0938720703125,0.034942626953125,0.75439453125,0.07196044921875
1562,FluencyBank_230_92,0.03131103515625,0.03802490234375,0.006313323974609375,0.00669097900390625,0.0181884765625
1563,FluencyBank_230_93,0.05419921875,0.2303466796875,0.029205322265625,0.00701141357421875,0.0108184814453125
1564,FluencyBank_230_94,0.0369873046875,0.058349609375,0.00511932373046875,0.01029205322265625,0.0185394287109375
1565,FluencyBank_230_95,0.03607177734375,0.09600830078125,0.00844573974609375,0.00878143310546875,0.020843505859375
1566,FluencyBank_230_96,0.052337646484375,0.07696533203125,0.00669097900390625,0.0068511962890625,0.0150146484375
1567,FluencyBank_230_97,0.0287017822265625,0.050140380859375,0.0060272216796875,0.00891876220703125,0.0153045654296875
1568,FluencyBank_230_98,0.0552978515625,0.1326904296875,0.0099334716796875,0.018402099609375,0.763671875
1569,FluencyBank_230_99,0.071044921875,0.10614013671875,0.01395416259765625,0.025421142578125,0.8916015625
1570,FluencyBank_230_100,0.019683837890625,0.305908203125,0.230224609375,0.064208984375,0.0185394287109375
1571,FluencyBank_230_101,0.0635986328125,0.199951171875,0.0280609130859375,0.034820556640625,0.88232421875
1572,FluencyBank_230_102,0.1766357421875,0.07586669921875,0.0062408447265625,0.007785797119140625,0.44580078125
1573,FluencyBank_230_103,0.0165252685546875,0.06732177734375,0.007038116455078125,0.047943115234375,0.0293731689453125
1574,FluencyBank_230_104,0.05224609375,0.2037353515625,0.11181640625,0.86865234375,0.115966796875
1575,FluencyBank_230_105,0.035064697265625,0.1650390625,0.09027099609375,0.84228515625,0.06939697265625
1576,FluencyBank_230_106,0.056243896484375,0.06427001953125,0.0083770751953125,0.006389617919921875,0.037322998046875
1577,FluencyBank_230_107,0.060211181640625,0.498291015625,0.087890625,0.0282135009765625,0.0305633544921875
1578,FluencyBank_230_108,0.36279296875,0.293701171875,0.061981201171875,0.01116180419921875,0.0251312255859375
1579,FluencyBank_230_109,0.1683349609375,0.5849609375,0.26904296875,0.03143310546875,0.03790283203125
1580,FluencyBank_230_110,0.0225830078125,0.1478271484375,0.0189056396484375,0.033203125,0.0230255126953125
1581,FluencyBank_230_111,0.360107421875,0.33056640625,0.0943603515625,0.01267242431640625,0.025421142578125
1582,FluencyBank_230_112,0.75048828125,0.1597900390625,0.2198486328125,0.0255126953125,0.07611083984375
1583,FluencyBank_230_113,0.1265869140625,0.2181396484375,0.029754638671875,0.044769287109375,0.912109375
1584,FluencyBank_230_114,0.0230255126953125,0.342041015625,0.552734375,0.219482421875,0.05023193359375
1585,FluencyBank_230_115,0.0416259765625,0.085693359375,0.077392578125,0.91796875,0.10174560546875
1586,FluencyBank_230_116,0.01507568359375,0.09332275390625,0.022247314453125,0.05975341796875,0.057281494140625
1587,FluencyBank_230_117,0.063720703125,0.1251220703125,0.015777587890625,0.0210113525390625,0.85986328125
1588,FluencyBank_230_118,0.158447265625,0.0855712890625,0.0110321044921875,0.005218505859375,0.0160980224609375
1589,FluencyBank_230_119,0.2091064453125,0.15625,0.0165252685546875,0.0187225341796875,0.92333984375
1590,FluencyBank_230_120,0.052520751953125,0.1470947265625,0.0191650390625,0.12347412109375,0.65380859375
1591,FluencyBank_230_121,0.034820556640625,0.17919921875,0.026153564453125,0.0411376953125,0.70068359375
1592,FluencyBank_230_122,0.0223236083984375,0.35888671875,0.203125,0.1348876953125,0.042388916015625
1593,FluencyBank_230_123,0.0374755859375,0.044525146484375,0.00757598876953125,0.00894927978515625,0.0129241943359375
1594,FluencyBank_230_124,0.0743408203125,0.21337890625,0.0241851806640625,0.0218658447265625,0.8193359375
1595,FluencyBank_230_125,0.0306243896484375,0.1728515625,0.017242431640625,0.0087432861328125,0.01348114013671875
1596,FluencyBank_230_126,0.0582275390625,0.2080078125,0.26025390625,0.79443359375,0.53076171875
1597,FluencyBank_230_127,0.033966064453125,0.32666015625,0.0313720703125,0.01507568359375,0.055419921875
1598,FluencyBank_230_128,0.028106689453125,0.1871337890625,0.10015869140625,0.7314453125,0.046112060546875
1599,FluencyBank_230_129,0.06488037109375,0.11932373046875,0.045196533203125,0.83837890625,0.07861328125
1600,FluencyBank_230_130,0.026702880859375,0.040771484375,0.005138397216796875,0.00864410400390625,0.0212860107421875
1601,FluencyBank_230_131,0.056854248046875,0.34033203125,0.0341796875,0.017852783203125,0.03594970703125
1602,FluencyBank_230_132,0.06744384765625,0.469970703125,0.568359375,0.03033447265625,0.033599853515625
1603,FluencyBank_230_133,0.0244293212890625,0.150390625,0.0239105224609375,0.341552734375,0.0255584716796875
1604,FluencyBank_230_134,0.10089111328125,0.2252197265625,0.01111602783203125,0.0193023681640625,0.036346435546875
1605,FluencyBank_230_135,0.41943359375,0.268310546875,0.33154296875,0.0192718505859375,0.033538818359375
1606,FluencyBank_230_136,0.138671875,0.251953125,0.02532958984375,0.005062103271484375,0.07684326171875
1607,FluencyBank_230_137,0.045196533203125,0.07080078125,0.00803375244140625,0.0204925537109375,0.043853759765625
1608,FluencyBank_230_138,0.10894775390625,0.06439208984375,0.00595855712890625,0.00582122802734375,0.517578125
1609,FluencyBank_230_139,0.48828125,0.175537109375,0.0283355712890625,0.00933837890625,0.035675048828125
1610,FluencyBank_230_140,0.1357421875,0.165283203125,0.02423095703125,0.03173828125,0.89892578125
1611,FluencyBank_230_141,0.0174407958984375,0.310546875,0.0869140625,0.021820068359375,0.01519012451171875
1612,FluencyBank_230_142,0.035736083984375,0.498046875,0.1427001953125,0.1033935546875,0.04400634765625
1613,FluencyBank_230_143,0.047149658203125,0.1357421875,0.033843994140625,0.64990234375,0.035400390625
1614,FluencyBank_230_144,0.056640625,0.07989501953125,0.080078125,0.94384765625,0.1351318359375
1615,FluencyBank_230_145,0.44140625,0.220703125,0.49658203125,0.02752685546875,0.07781982421875
1616,FluencyBank_230_146,0.021484375,0.045196533203125,0.007175445556640625,0.006488800048828125,0.02484130859375
1617,FluencyBank_230_147,0.09552001953125,0.1656494140625,0.015777587890625,0.01229095458984375,0.01337432861328125
1618,FluencyBank_230_148,0.0257568359375,0.2413330078125,0.037384033203125,0.0173797607421875,0.0164642333984375
1619,FluencyBank_230_149,0.0181884765625,0.05145263671875,0.006389617919921875,0.0108184814453125,0.0235137939453125
1620,FluencyBank_230_150,0.0165252685546875,0.046112060546875,0.0069580078125,0.02685546875,0.0162200927734375
1621,FluencyBank_230_151,0.054107666015625,0.0704345703125,0.00530242919921875,0.00626373291015625,0.164306640625
1622,FluencyBank_230_152,0.06854248046875,0.35400390625,0.7216796875,0.049407958984375,0.056854248046875
1623,FluencyBank_230_153,0.04217529296875,0.0970458984375,0.0104522705078125,0.0083770751953125,0.10797119140625
1624,FluencyBank_230_154,0.30517578125,0.0792236328125,0.007843017578125,0.00714874267578125,0.70751953125
1625,FluencyBank_230_155,0.0238189697265625,0.060638427734375,0.0117340087890625,0.03204345703125,0.01363372802734375
1626,FluencyBank_230_156,0.053192138671875,0.427001953125,0.69482421875,0.06805419921875,0.056549072265625
1627,FluencyBank_230_157,0.041839599609375,0.476806640625,0.296875,0.11029052734375,0.462158203125
1628,FluencyBank_230_158,0.11981201171875,0.1485595703125,0.0154266357421875,0.01358795166015625,0.8857421875
1629,FluencyBank_230_159,0.02386474609375,0.36865234375,0.09320068359375,0.0206451416015625,0.0234222412109375
1630,FluencyBank_230_160,0.0310211181640625,0.09185791015625,0.009674072265625,0.007175445556640625,0.0110321044921875
1631,FluencyBank_230_161,0.0318603515625,0.1292724609375,0.20166015625,0.873046875,0.077392578125
1632,FluencyBank_230_162,0.029205322265625,0.06964111328125,0.00577545166015625,0.01433563232421875,0.04046630859375
1633,FluencyBank_230_163,0.16259765625,0.28125,0.042633056640625,0.030792236328125,0.8935546875
1634,FluencyBank_230_164,0.0782470703125,0.321044921875,0.0310211181640625,0.00919342041015625,0.037811279296875
1635,FluencyBank_230_165,0.1514892578125,0.1710205078125,0.015960693359375,0.0188751220703125,0.603515625
1636,FluencyBank_230_166,0.03289794921875,0.1546630859375,0.012725830078125,0.0117340087890625,0.033843994140625
1637,FluencyBank_230_167,0.03912353515625,0.07135009765625,0.0082855224609375,0.007843017578125,0.01306915283203125
1638,FluencyBank_230_168,0.0369873046875,0.10858154296875,0.01490020751953125,0.00757598876953125,0.0119171142578125
1639,FluencyBank_230_169,0.03460693359375,0.2237548828125,0.1842041015625,0.833984375,0.08929443359375
1640,FluencyBank_230_170,0.036224365234375,0.164306640625,0.0174407958984375,0.0070953369140625,0.0233306884765625
1641,FluencyBank_230_171,0.044189453125,0.56640625,0.54638671875,0.12432861328125,0.059539794921875
1642,FluencyBank_230_172,0.0169830322265625,0.043212890625,0.00572967529296875,0.038543701171875,0.023773193359375
1643,FluencyBank_230_173,0.0164642333984375,0.051544189453125,0.00905609130859375,0.01406097412109375,0.019500732421875
1644,FluencyBank_230_174,0.037811279296875,0.09686279296875,0.07501220703125,0.9072265625,0.1087646484375
1645,FluencyBank_230_175,0.06256103515625,0.10797119140625,0.00981903076171875,0.00731658935546875,0.0153045654296875
1646,FluencyBank_230_176,0.0211181640625,0.041229248046875,0.006511688232421875,0.00841522216796875,0.0153045654296875
1647,FluencyBank_230_177,0.337890625,0.274169921875,0.038909912109375,0.010650634765625,0.18505859375
1648,FluencyBank_985_0,0.06805419921875,0.484375,0.693359375,0.044769287109375,0.0548095703125
1649,FluencyBank_985_1,0.07989501953125,0.045196533203125,0.00809478759765625,0.006412506103515625,0.01495361328125
1650,FluencyBank_985_2,0.10992431640625,0.4404296875,0.33349609375,0.03643798828125,0.0279541015625
1651,FluencyBank_985_3,0.041229248046875,0.114990234375,0.0136871337890625,0.007724761962890625,0.0163421630859375
1652,FluencyBank_985_4,0.052337646484375,0.08123779296875,0.1177978515625,0.9462890625,0.1390380859375
1653,FluencyBank_985_5,0.019012451171875,0.13671875,0.09979248046875,0.658203125,0.2176513671875
1654,FluencyBank_985_6,0.0293121337890625,0.3603515625,0.404052734375,0.377197265625,0.061309814453125
1655,FluencyBank_985_7,0.0316162109375,0.08197021484375,0.00974273681640625,0.00971221923828125,0.0169830322265625
1656,FluencyBank_985_8,0.0809326171875,0.1444091796875,0.01525115966796875,0.004230499267578125,0.0226287841796875
1657,FluencyBank_985_9,0.024932861328125,0.174072265625,0.492919921875,0.64599609375,0.264404296875
1658,FluencyBank_985_10,0.05633544921875,0.06671142578125,0.00818634033203125,0.0069580078125,0.018646240234375
1659,FluencyBank_985_11,0.0567626953125,0.044921875,0.01029205322265625,0.005321502685546875,0.018798828125
1660,FluencyBank_985_12,0.439208984375,0.1512451171875,0.0218658447265625,0.0082550048828125,0.026702880859375
1661,FluencyBank_985_13,0.791015625,0.1201171875,0.0635986328125,0.0117340087890625,0.0849609375
1662,FluencyBank_985_14,0.03948974609375,0.078369140625,0.0108184814453125,0.00661468505859375,0.00894927978515625
1663,FluencyBank_985_15,0.029754638671875,0.15087890625,0.316650390625,0.7958984375,0.2247314453125
1664,FluencyBank_985_16,0.05877685546875,0.447998046875,0.1849365234375,0.1356201171875,0.421875
1665,FluencyBank_985_17,0.035064697265625,0.44140625,0.36376953125,0.03204345703125,0.019195556640625
1666,FluencyBank_985_18,0.043853759765625,0.05194091796875,0.007175445556640625,0.00661468505859375,0.0162200927734375
1667,FluencyBank_985_19,0.48193359375,0.1026611328125,0.0185394287109375,0.00524139404296875,0.044342041015625
1668,FluencyBank_985_20,0.7001953125,0.27197265625,0.1273193359375,0.0229339599609375,0.2496337890625
1669,FluencyBank_985_21,0.017303466796875,0.04534912109375,0.00881195068359375,0.01322174072265625,0.0192718505859375
1670,FluencyBank_985_22,0.01519012451171875,0.055816650390625,0.01107025146484375,0.015716552734375,0.0171051025390625
1671,FluencyBank_985_23,0.02001953125,0.06500244140625,0.01483917236328125,0.01107025146484375,0.01406097412109375
1672,FluencyBank_985_24,0.75439453125,0.09039306640625,0.042388916015625,0.00971221923828125,0.1727294921875
1673,FluencyBank_985_25,0.032470703125,0.05987548828125,0.005664825439453125,0.007488250732421875,0.0297088623046875
1674,FluencyBank_985_26,0.306640625,0.173583984375,0.02044677734375,0.005535125732421875,0.0165252685546875
1675,FluencyBank_985_27,0.051361083984375,0.1087646484375,0.0180511474609375,0.007785797119140625,0.00955963134765625
1676,FluencyBank_985_28,0.047607421875,0.06524658203125,0.0182342529296875,0.005001068115234375,0.0150146484375
1677,FluencyBank_985_29,0.018798828125,0.387939453125,0.409423828125,0.157470703125,0.0439453125
1678,FluencyBank_985_30,0.048675537109375,0.1629638671875,0.0203399658203125,0.10052490234375,0.2548828125
1679,FluencyBank_985_31,0.0312042236328125,0.2666015625,0.51611328125,0.58642578125,0.259033203125
1680,FluencyBank_985_32,0.06842041015625,0.118408203125,0.0202484130859375,0.00757598876953125,0.0094146728515625
1681,FluencyBank_985_33,0.08050537109375,0.194091796875,0.2137451171875,0.76904296875,0.339599609375
1682,FluencyBank_985_34,0.10614013671875,0.375,0.10540771484375,0.036346435546875,0.03607177734375
1683,FluencyBank_985_35,0.436279296875,0.248046875,0.06756591796875,0.0164642333984375,0.053802490234375
1684,FluencyBank_985_36,0.09808349609375,0.23095703125,0.029754638671875,0.00841522216796875,0.034820556640625
1685,FluencyBank_985_37,0.1629638671875,0.53515625,0.300537109375,0.0823974609375,0.41845703125
1686,FluencyBank_985_38,0.021942138671875,0.1959228515625,0.025421142578125,0.0110321044921875,0.052520751953125
1687,FluencyBank_985_39,0.048309326171875,0.26416015625,0.043853759765625,0.0816650390625,0.0265045166015625
1688,FluencyBank_985_40,0.038970947265625,0.376953125,0.455078125,0.1580810546875,0.316162109375
1689,FluencyBank_985_41,0.11962890625,0.63037109375,0.395263671875,0.10968017578125,0.1646728515625
1690,FluencyBank_985_42,0.04132080078125,0.07763671875,0.0100555419921875,0.0078125,0.04486083984375
1691,FluencyBank_985_43,0.06951904296875,0.04351806640625,0.00864410400390625,0.004962921142578125,0.0220794677734375
1692,FluencyBank_985_44,0.043121337890625,0.1494140625,0.0751953125,0.76904296875,0.06549072265625
1693,FluencyBank_985_45,0.014617919921875,0.1171875,0.0310211181640625,0.01519012451171875,0.081787109375
1694,FluencyBank_985_46,0.055511474609375,0.089111328125,0.005321502685546875,0.01238250732421875,0.0863037109375
1695,FluencyBank_985_47,0.0180206298828125,0.0970458984375,0.07122802734375,0.74560546875,0.17578125
1696,FluencyBank_985_48,0.07666015625,0.09283447265625,0.007785797119140625,0.004756927490234375,0.018829345703125
1697,FluencyBank_985_49,0.02508544921875,0.313720703125,0.15966796875,0.06939697265625,0.109130859375
1698,FluencyBank_985_50,0.19189453125,0.4296875,0.2476806640625,0.01751708984375,0.040985107421875
1699,FluencyBank_985_51,0.59716796875,0.0823974609375,0.0190582275390625,0.00714874267578125,0.044525146484375
1700,FluencyBank_985_52,0.07781982421875,0.107421875,0.01036834716796875,0.013427734375,0.016845703125
1701,FluencyBank_985_53,0.11474609375,0.06793212890625,0.00760650634765625,0.004039764404296875,0.01406097412109375
1702,FluencyBank_985_54,0.5107421875,0.1402587890625,0.0272674560546875,0.0069580078125,0.0416259765625
1703,FluencyBank_985_55,0.0310821533203125,0.0537109375,0.00981903076171875,0.0074310302734375,0.01229095458984375
1704,FluencyBank_985_56,0.05072021484375,0.055816650390625,0.00861358642578125,0.00766754150390625,0.01229095458984375
1705,FluencyBank_985_57,0.0261993408203125,0.0616455078125,0.0125732421875,0.007785797119140625,0.010986328125
1706,FluencyBank_985_58,0.267822265625,0.08880615234375,0.007038116455078125,0.005512237548828125,0.1292724609375
1707,FluencyBank_985_59,0.1357421875,0.60595703125,0.59912109375,0.103759765625,0.299560546875
1708,FluencyBank_985_60,0.045440673828125,0.12493896484375,0.010986328125,0.01422882080078125,0.09271240234375
1709,FluencyBank_985_61,0.2432861328125,0.07275390625,0.00997161865234375,0.0035247802734375,0.0282135009765625
1710,FluencyBank_985_62,0.40478515625,0.07354736328125,0.0125732421875,0.00392913818359375,0.033538818359375
1711,FluencyBank_985_63,0.0703125,0.059661865234375,0.00757598876953125,0.00394439697265625,0.03790283203125
1712,FluencyBank_985_64,0.017181396484375,0.08062744140625,0.01233673095703125,0.00803375244140625,0.03533935546875
1713,FluencyBank_985_65,0.034820556640625,0.064208984375,0.01348114013671875,0.006488800048828125,0.01132965087890625
1714,FluencyBank_985_66,0.061187744140625,0.12493896484375,0.0182342529296875,0.00547027587890625,0.0121002197265625
1715,FluencyBank_985_67,0.03167724609375,0.059967041015625,0.00955963134765625,0.00690460205078125,0.0125732421875
1716,FluencyBank_985_68,0.039947509765625,0.376708984375,0.6845703125,0.1571044921875,0.35546875
1717,FluencyBank_985_69,0.049774169921875,0.094482421875,0.039337158203125,0.81396484375,0.06256103515625
1718,FluencyBank_985_70,0.161376953125,0.08343505859375,0.01111602783203125,0.004486083984375,0.0117340087890625
1719,FluencyBank_985_71,0.0292510986328125,0.2125244140625,0.5712890625,0.218994140625,0.04559326171875
1720,FluencyBank_985_72,0.03204345703125,0.0843505859375,0.01085662841796875,0.01036834716796875,0.01267242431640625
1721,FluencyBank_985_73,0.04486083984375,0.07464599609375,0.062103271484375,0.91943359375,0.147705078125
1722,FluencyBank_985_74,0.07904052734375,0.04638671875,0.00701141357421875,0.01056671142578125,0.405517578125
1723,FluencyBank_985_75,0.8125,0.1014404296875,0.10125732421875,0.0179901123046875,0.2120361328125
1724,FluencyBank_985_76,0.011505126953125,0.2330322265625,0.09893798828125,0.1343994140625,0.1015625
1725,FluencyBank_985_77,0.1431884765625,0.1728515625,0.0165252685546875,0.00864410400390625,0.045867919921875
1726,FluencyBank_985_78,0.0894775390625,0.251220703125,0.0755615234375,0.1258544921875,0.06524658203125
1727,FluencyBank_985_79,0.04327392578125,0.1553955078125,0.0174407958984375,0.00881195068359375,0.030731201171875
1728,FluencyBank_985_80,0.056121826171875,0.1519775390625,0.015777587890625,0.00989532470703125,0.01495361328125
1729,FluencyBank_985_81,0.0283355712890625,0.038177490234375,0.00806427001953125,0.00919342041015625,0.0154266357421875
1730,FluencyBank_985_82,0.0472412109375,0.06451416015625,0.006587982177734375,0.0082550048828125,0.01090240478515625
1731,FluencyBank_985_83,0.1759033203125,0.05389404296875,0.006587982177734375,0.00394439697265625,0.021942138671875
1732,FluencyBank_985_84,0.0965576171875,0.2032470703125,0.081787109375,0.006439208984375,0.018096923828125
1733,FluencyBank_985_85,0.030731201171875,0.08978271484375,0.03448486328125,0.78466796875,0.05108642578125
1734,FluencyBank_985_86,0.47705078125,0.0838623046875,0.012969970703125,0.006439208984375,0.033905029296875
1735,FluencyBank_985_87,0.033203125,0.033843994140625,0.005321502685546875,0.01073455810546875,0.015899658203125
1736,FluencyBank_985_88,0.6728515625,0.1229248046875,0.0247955322265625,0.01061248779296875,0.319091796875
1737,FluencyBank_985_89,0.7998046875,0.1214599609375,0.048675537109375,0.0119171142578125,0.09552001953125
1738,FluencyBank_985_90,0.0504150390625,0.149169921875,0.0169219970703125,0.0125274658203125,0.0190887451171875
1739,FluencyBank_985_91,0.1998291015625,0.192138671875,0.018096923828125,0.006641387939453125,0.0230712890625
1740,FluencyBank_985_92,0.0294189453125,0.046112060546875,0.00926971435546875,0.006488800048828125,0.01433563232421875
1741,FluencyBank_985_93,0.7412109375,0.1259765625,0.02630615234375,0.012481689453125,0.1007080078125
1742,FluencyBank_985_94,0.056121826171875,0.09967041015625,0.0214080810546875,0.00498199462890625,0.01009368896484375
1743,FluencyBank_985_95,0.02886962890625,0.073974609375,0.01450347900390625,0.0060272216796875,0.01554107666015625
1744,FluencyBank_985_96,0.09088134765625,0.06549072265625,0.0102081298828125,0.00441741943359375,0.020599365234375
1745,FluencyBank_985_97,0.0374755859375,0.230224609375,0.41259765625,0.75830078125,0.14111328125
1746,FluencyBank_985_98,0.0880126953125,0.049957275390625,0.006717681884765625,0.007785797119140625,0.1387939453125
1747,FluencyBank_985_99,0.8359375,0.09686279296875,0.0869140625,0.018157958984375,0.3017578125
1748,FluencyBank_985_100,0.0162200927734375,0.1390380859375,0.1976318359375,0.75537109375,0.0943603515625
1749,FluencyBank_985_101,0.049591064453125,0.1268310546875,0.042083740234375,0.81201171875,0.073974609375
1750,FluencyBank_985_102,0.02801513671875,0.4189453125,0.273681640625,0.056243896484375,0.22265625
1751,FluencyBank_985_103,0.1343994140625,0.326171875,0.11676025390625,0.481201171875,0.06097412109375
1752,FluencyBank_985_104,0.53857421875,0.1121826171875,0.018646240234375,0.00557708740234375,0.03271484375
1753,FluencyBank_985_105,0.04913330078125,0.32958984375,0.7685546875,0.11578369140625,0.09552001953125
1754,FluencyBank_985_106,0.301513671875,0.08343505859375,0.01267242431640625,0.00595855712890625,0.01433563232421875
1755,FluencyBank_985_107,0.023468017578125,0.1827392578125,0.568359375,0.472412109375,0.185302734375
1756,FluencyBank_985_108,0.02630615234375,0.2049560546875,0.1510009765625,0.65673828125,0.05706787109375
1757,FluencyBank_985_109,0.06304931640625,0.141357421875,0.0830078125,0.89013671875,0.0965576171875
1758,FluencyBank_985_110,0.035491943359375,0.0521240234375,0.007404327392578125,0.00679779052734375,0.017578125
1759,FluencyBank_985_111,0.1063232421875,0.1563720703125,0.01337432861328125,0.0038394927978515625,0.0268096923828125
1760,FluencyBank_985_112,0.07977294921875,0.07342529296875,0.00989532470703125,0.00572967529296875,0.0153045654296875
1761,FluencyBank_985_113,0.03021240234375,0.09417724609375,0.0411376953125,0.007694244384765625,0.0147857666015625
1762,FluencyBank_985_114,0.0638427734375,0.0574951171875,0.00714874267578125,0.006122589111328125,0.01287078857421875
1763,FluencyBank_985_115,0.06256103515625,0.052703857421875,0.005321502685546875,0.0035381317138671875,0.0257110595703125
1764,FluencyBank_985_116,0.037200927734375,0.042022705078125,0.004608154296875,0.0079345703125,0.0261993408203125
1765,FluencyBank_985_117,0.035400390625,0.0885009765625,0.1707763671875,0.91259765625,0.2322998046875
1766,FluencyBank_985_118,0.036773681640625,0.0633544921875,0.005279541015625,0.0095977783203125,0.05975341796875
1767,FluencyBank_985_119,0.0301055908203125,0.17431640625,0.1495361328125,0.76611328125,0.06085205078125
1768,FluencyBank_985_120,0.018798828125,0.32177734375,0.07696533203125,0.060089111328125,0.03216552734375
1769,FluencyBank_985_121,0.02752685546875,0.128173828125,0.01358795166015625,0.01422882080078125,0.1339111328125
1770,FluencyBank_985_122,0.0224609375,0.038116455078125,0.0063629150390625,0.007904052734375,0.0255126953125
1771,FluencyBank_985_123,0.03216552734375,0.07452392578125,0.00800323486328125,0.007289886474609375,0.023956298828125
1772,FluencyBank_985_124,0.037384033203125,0.0740966796875,0.00930023193359375,0.006587982177734375,0.015960693359375
1773,FluencyBank_985_125,0.024993896484375,0.077392578125,0.00763702392578125,0.0190887451171875,0.21484375
1774,FluencyBank_985_126,0.44580078125,0.097900390625,0.022796630859375,0.00605010986328125,0.020172119140625
1775,FluencyBank_985_127,0.0165863037109375,0.0994873046875,0.0831298828125,0.73828125,0.055938720703125
1776,FluencyBank_985_128,0.06658935546875,0.056121826171875,0.00894927978515625,0.0079345703125,0.017578125
1777,FluencyBank_985_129,0.04193115234375,0.11376953125,0.01016998291015625,0.00891876220703125,0.1605224609375
1778,FluencyBank_985_130,0.01861572265625,0.1214599609375,0.1717529296875,0.73681640625,0.240966796875
1779,FluencyBank_985_131,0.025421142578125,0.039794921875,0.005138397216796875,0.0104522705078125,0.019378662109375
1780,FluencyBank_985_132,0.1744384765625,0.2452392578125,0.04302978515625,0.01282501220703125,0.52197265625
1781,FluencyBank_985_133,0.039794921875,0.11102294921875,0.0177154541015625,0.00766754150390625,0.00878143310546875
1782,FluencyBank_985_134,0.04400634765625,0.05242919921875,0.00864410400390625,0.0089874267578125,0.01146697998046875
1783,FluencyBank_985_135,0.01763916015625,0.319580078125,0.3037109375,0.35400390625,0.13037109375
1784,FluencyBank_985_136,0.07366943359375,0.385009765625,0.2215576171875,0.0136871337890625,0.0196075439453125
1785,FluencyBank_985_137,0.014007568359375,0.1468505859375,0.035064697265625,0.017578125,0.09332275390625
1786,FluencyBank_985_138,0.040618896484375,0.043365478515625,0.00586700439453125,0.00963592529296875,0.014007568359375
1787,FluencyBank_985_139,0.035552978515625,0.09588623046875,0.00919342041015625,0.023193359375,0.0169219970703125
1788,FluencyBank_985_140,0.12176513671875,0.06256103515625,0.00971221923828125,0.00426483154296875,0.0153656005859375
1789,FluencyBank_985_141,0.0521240234375,0.08990478515625,0.006984710693359375,0.00844573974609375,0.01395416259765625
1790,FluencyBank_985_142,0.0548095703125,0.345947265625,0.681640625,0.042816162109375,0.055206298828125
1791,FluencyBank_985_143,0.030792236328125,0.434326171875,0.2451171875,0.0304412841796875,0.027801513671875
1792,FluencyBank_985_144,0.03790283203125,0.0994873046875,0.011871337890625,0.044097900390625,0.402099609375
1793,FluencyBank_985_145,0.0343017578125,0.199462890625,0.327880859375,0.83447265625,0.1143798828125
1794,FluencyBank_985_146,0.051544189453125,0.50732421875,0.133056640625,0.040618896484375,0.03704833984375
1795,FluencyBank_985_147,0.11517333984375,0.281494140625,0.03265380859375,0.0182647705078125,0.027374267578125
1796,FluencyBank_985_148,0.0401611328125,0.2322998046875,0.73291015625,0.1104736328125,0.07989501953125
1797,FluencyBank_985_149,0.0312042236328125,0.230224609375,0.047882080078125,0.319091796875,0.03314208984375
1798,FluencyBank_985_150,0.1953125,0.1864013671875,0.1474609375,0.75634765625,0.06842041015625
1799,FluencyBank_985_151,0.05889892578125,0.41748046875,0.472412109375,0.0775146484375,0.04595947265625
1800,FluencyBank_985_152,0.034820556640625,0.37109375,0.400390625,0.0631103515625,0.0279083251953125
1801,FluencyBank_985_153,0.03802490234375,0.1663818359375,0.01302337646484375,0.01116180419921875,0.1343994140625
1802,FluencyBank_985_154,0.06512451171875,0.217529296875,0.021453857421875,0.0083160400390625,0.0207672119140625
1803,FluencyBank_985_155,0.06561279296875,0.424072265625,0.666015625,0.046905517578125,0.05224609375
1804,FluencyBank_985_156,0.081787109375,0.1649169921875,0.014007568359375,0.010650634765625,0.02337646484375
1805,FluencyBank_985_157,0.0170440673828125,0.2379150390625,0.31640625,0.492919921875,0.1519775390625
1806,FluencyBank_985_158,0.035003662109375,0.26025390625,0.37451171875,0.732421875,0.0709228515625
1807,FluencyBank_985_159,0.0190582275390625,0.12744140625,0.01495361328125,0.0095977783203125,0.018768310546875
1808,FluencyBank_985_160,0.042633056640625,0.386962890625,0.7158203125,0.250244140625,0.09967041015625
1809,FluencyBank_985_161,0.292236328125,0.271240234375,0.036224365234375,0.01024627685546875,0.0305023193359375
1810,FluencyBank_985_162,0.06646728515625,0.09893798828125,0.00803375244140625,0.00760650634765625,0.014617919921875
1811,FluencyBank_985_163,0.02691650390625,0.06427001953125,0.0121917724609375,0.0069580078125,0.0184326171875
1812,FluencyBank_985_164,0.05340576171875,0.1710205078125,0.0701904296875,0.7158203125,0.043853759765625
1813,FluencyBank_985_165,0.030914306640625,0.394287109375,0.55322265625,0.169677734375,0.1365966796875
1814,FluencyBank_985_166,0.06658935546875,0.2298583984375,0.0185089111328125,0.0097808837890625,0.1231689453125
1815,FluencyBank_985_167,0.1287841796875,0.6064453125,0.315673828125,0.05792236328125,0.212890625
1816,FluencyBank_985_168,0.132568359375,0.097412109375,0.0100555419921875,0.004451751708984375,0.0192718505859375
1817,FluencyBank_985_169,0.04400634765625,0.052703857421875,0.0082550048828125,0.00455474853515625,0.02276611328125
1818,FluencyBank_985_170,0.037261962890625,0.07666015625,0.10394287109375,0.9345703125,0.1026611328125
1819,FluencyBank_985_171,0.040008544921875,0.0762939453125,0.0567626953125,0.89501953125,0.09844970703125
1820,FluencyBank_985_172,0.0537109375,0.097412109375,0.04010009765625,0.7919921875,0.0455322265625
1821,FluencyBank_985_173,0.0704345703125,0.097900390625,0.12744140625,0.9345703125,0.1434326171875
1822,FluencyBank_985_174,0.515625,0.450439453125,0.1910400390625,0.037750244140625,0.0838623046875
1823,FluencyBank_985_175,0.0299835205078125,0.146728515625,0.14990234375,0.01238250732421875,0.0802001953125
1824,FluencyBank_985_176,0.58544921875,0.06231689453125,0.0230255126953125,0.07171630859375,0.09967041015625
1825,FluencyBank_985_177,0.04803466796875,0.061981201171875,0.00981903076171875,0.006389617919921875,0.0147857666015625
1826,FluencyBank_985_178,0.0218658447265625,0.08587646484375,0.016845703125,0.01016998291015625,0.118408203125
1827,FluencyBank_985_179,0.1163330078125,0.199462890625,0.13525390625,0.783203125,0.1171875
1828,FluencyBank_985_180,0.028106689453125,0.264892578125,0.24072265625,0.5859375,0.056243896484375
1829,FluencyBank_985_181,0.023956298828125,0.043853759765625,0.005321502685546875,0.009857177734375,0.12158203125
1830,FluencyBank_985_182,0.07159423828125,0.34423828125,0.7119140625,0.036346435546875,0.05645751953125
1831,FluencyBank_985_183,0.08331298828125,0.138671875,0.0567626953125,0.466796875,0.8388671875
1832,FluencyBank_985_184,0.0222015380859375,0.091064453125,0.00997161865234375,0.04052734375,0.1365966796875
1833,FluencyBank_985_185,0.025665283203125,0.06268310546875,0.00714874267578125,0.008514404296875,0.047149658203125
1834,FluencyBank_985_186,0.02630615234375,0.423583984375,0.304443359375,0.09173583984375,0.32421875
1835,FluencyBank_985_187,0.049591064453125,0.037322998046875,0.00579833984375,0.005428314208984375,0.02337646484375
1836,FluencyBank_985_188,0.470458984375,0.2100830078125,0.02685546875,0.007785797119140625,0.05389404296875
1837,FluencyBank_985_189,0.1048583984375,0.5634765625,0.57177734375,0.07275390625,0.058990478515625
1838,FluencyBank_985_190,0.136474609375,0.294189453125,0.6083984375,0.036224365234375,0.0401611328125
1839,FluencyBank_985_191,0.03759765625,0.181396484375,0.04949951171875,0.00661468505859375,0.0116424560546875
1840,FluencyBank_985_192,0.318359375,0.1485595703125,0.012725830078125,0.01467132568359375,0.1492919921875
1841,FluencyBank_985_193,0.047149658203125,0.40576171875,0.54833984375,0.09283447265625,0.040985107421875
1842,FluencyBank_985_194,0.060638427734375,0.387451171875,0.6904296875,0.0439453125,0.049224853515625
1843,FluencyBank_985_195,0.441650390625,0.1806640625,0.042633056640625,0.047698974609375,0.93603515625
