,Clip,Prolongation,Block,SoundRep,WordRep,Interjection
0,M_0030_16y4m_1_dysfluent_000,0.09637451171875,0.454345703125,0.72998046875,0.24169921875,0.1131591796875
1,M_0030_16y4m_1_dysfluent_001,0.09637451171875,0.454345703125,0.72998046875,0.241455078125,0.1131591796875
2,M_0030_16y4m_1_dysfluent_002,0.09332275390625,0.470947265625,0.73876953125,0.241455078125,0.10894775390625
3,M_0030_16y4m_1_dysfluent_003,0.089599609375,0.484375,0.71240234375,0.15087890625,0.0836181640625
4,M_0030_16y4m_1_dysfluent_004,0.361572265625,0.149658203125,0.037750244140625,0.034698486328125,0.83251953125
5,M_0030_16y4m_1_dysfluent_005,0.433349609375,0.1572265625,0.03955078125,0.027069091796875,0.7392578125
6,M_0030_16y4m_1_dysfluent_006,0.045440673828125,0.1248779296875,0.01467132568359375,0.00800323486328125,0.03192138671875
7,M_0030_16y4m_1_dysfluent_007,0.27001953125,0.203125,0.0701904296875,0.055511474609375,0.9052734375
8,M_0030_16y4m_1_dysfluent_008,0.27734375,0.2137451171875,0.07208251953125,0.059661865234375,0.90771484375
9,M_0030_16y4m_1_dysfluent_009,0.3193359375,0.226806640625,0.0782470703125,0.0634765625,0.90966796875
10,M_0030_16y4m_1_dysfluent_010,0.29296875,0.39453125,0.267822265625,0.049224853515625,0.5224609375
11,M_0030_16y4m_1_dysfluent_011,0.039276123046875,0.194580078125,0.036834716796875,0.012969970703125,0.012054443359375
12,M_0030_16y4m_1_dysfluent_012,0.0276336669921875,0.13623046875,0.1007080078125,0.7900390625,0.0943603515625
13,M_0030_16y4m_1_dysfluent_013,0.0330810546875,0.140625,0.091064453125,0.84130859375,0.0855712890625
14,M_0030_16y4m_1_dysfluent_014,0.042022705078125,0.11065673828125,0.050140380859375,0.81201171875,0.11578369140625
15,M_0030_16y4m_1_dysfluent_015,0.20068359375,0.2235107421875,0.039947509765625,0.00933837890625,0.038818359375
16,M_0030_16y4m_1_dysfluent_016,0.1026611328125,0.262939453125,0.09222412109375,0.03436279296875,0.62451171875
17,M_0030_16y4m_1_dysfluent_017,0.157470703125,0.2088623046875,0.06622314453125,0.040008544921875,0.84814453125
18,M_0030_16y4m_1_dysfluent_018,0.08270263671875,0.142822265625,0.0301513671875,0.02685546875,0.76513671875
19,M_0030_16y4m_1_dysfluent_019,0.027069091796875,0.2060546875,0.04559326171875,0.0094146728515625,0.017181396484375
20,M_0030_16y4m_1_dysfluent_020,0.246337890625,0.456298828125,0.556640625,0.1837158203125,0.6376953125
21,M_0030_16y4m_1_dysfluent_021,0.2188720703125,0.423583984375,0.46875,0.1796875,0.74462890625
22,M_0030_16y4m_1_dysfluent_022,0.380859375,0.303955078125,0.1573486328125,0.06597900390625,0.7802734375
23,M_0030_16y4m_1_dysfluent_023,0.10089111328125,0.413818359375,0.3701171875,0.038177490234375,0.0264129638671875
24,M_0030_16y4m_1_dysfluent_024,0.044525146484375,0.116943359375,0.0142822265625,0.01177978515625,0.0141754150390625
25,M_0030_16y4m_1_dysfluent_025,0.0318603515625,0.324462890625,0.1787109375,0.022796630859375,0.0239105224609375
26,M_0030_16y4m_1_dysfluent_026,0.2032470703125,0.1328125,0.03265380859375,0.02886962890625,0.8466796875
27,M_0030_16y4m_1_dysfluent_027,0.01467132568359375,0.1480712890625,0.04217529296875,0.07501220703125,0.022674560546875
28,M_0030_16y4m_1_dysfluent_028,0.141357421875,0.1055908203125,0.0232391357421875,0.034088134765625,0.875
29,M_0030_16y4m_1_dysfluent_029,0.093994140625,0.07904052734375,0.01519012451171875,0.0279541015625,0.74951171875
30,M_0030_16y4m_1_dysfluent_030,0.110107421875,0.10858154296875,0.023468017578125,0.0323486328125,0.85595703125
31,M_0030_16y4m_1_dysfluent_031,0.6416015625,0.189697265625,0.052825927734375,0.02532958984375,0.483642578125
32,M_0030_16y4m_1_dysfluent_032,0.6298828125,0.1693115234375,0.035400390625,0.01422882080078125,0.132568359375
33,M_0030_16y4m_1_dysfluent_033,0.489013671875,0.1614990234375,0.03143310546875,0.01073455810546875,0.044281005859375
34,M_0030_16y4m_1_dysfluent_034,0.12744140625,0.173828125,0.0323486328125,0.0106964111328125,0.01483917236328125
35,M_0030_16y4m_1_dysfluent_035,0.1883544921875,0.466552734375,0.34521484375,0.0284881591796875,0.060516357421875
36,M_0030_16y4m_1_dysfluent_036,0.1851806640625,0.53271484375,0.74169921875,0.130615234375,0.1812744140625
37,M_0030_16y4m_1_dysfluent_037,0.2115478515625,0.5419921875,0.73876953125,0.2034912109375,0.226806640625
38,M_0030_16y4m_1_dysfluent_038,0.2115478515625,0.5419921875,0.73876953125,0.2034912109375,0.2269287109375
39,M_0030_16y4m_1_dysfluent_039,0.263916015625,0.50244140625,0.69189453125,0.272705078125,0.19482421875
40,M_0030_16y4m_1_dysfluent_040,0.1236572265625,0.431396484375,0.591796875,0.47216796875,0.174072265625
41,M_0030_16y4m_1_dysfluent_041,0.123779296875,0.43115234375,0.591796875,0.472412109375,0.174072265625
42,M_0030_16y4m_1_dysfluent_042,0.5517578125,0.1448974609375,0.02508544921875,0.0097808837890625,0.0352783203125
43,M_0030_16y4m_1_dysfluent_043,0.29345703125,0.1383056640625,0.0352783203125,0.031494140625,0.833984375
44,M_0030_16y4m_1_dysfluent_044,0.314453125,0.1492919921875,0.044769287109375,0.039276123046875,0.8857421875
45,M_0030_16y4m_1_dysfluent_045,0.275634765625,0.1993408203125,0.07275390625,0.0755615234375,0.923828125
46,M_0030_16y4m_1_dysfluent_046,0.1593017578125,0.15869140625,0.03253173828125,0.019195556640625,0.71142578125
47,M_0030_16y4m_1_dysfluent_047,0.1666259765625,0.1448974609375,0.037322998046875,0.03515625,0.84423828125
48,M_0030_16y4m_1_dysfluent_048,0.11456298828125,0.1363525390625,0.0282745361328125,0.0210418701171875,0.69873046875
49,M_0030_16y4m_1_dysfluent_049,0.2147216796875,0.322509765625,0.2117919921875,0.059417724609375,0.74560546875
50,M_0030_16y4m_1_dysfluent_050,0.3388671875,0.452880859375,0.415771484375,0.1312255859375,0.685546875
51,M_0030_16y4m_1_dysfluent_051,0.287353515625,0.499267578125,0.57421875,0.1845703125,0.56982421875
52,M_0030_16y4m_1_dysfluent_052,0.2890625,0.493896484375,0.54833984375,0.1961669921875,0.61865234375
53,M_0030_16y4m_1_dysfluent_053,0.02215576171875,0.11297607421875,0.015899658203125,0.021820068359375,0.01507568359375
54,M_0030_16y4m_1_dysfluent_054,0.047515869140625,0.1715087890625,0.0263519287109375,0.0118255615234375,0.010528564453125
55,M_0030_16y4m_1_dysfluent_055,0.3701171875,0.52099609375,0.62841796875,0.1544189453125,0.386962890625
56,M_0030_16y4m_1_dysfluent_056,0.35302734375,0.498779296875,0.603515625,0.1510009765625,0.451171875
57,M_0030_16y4m_1_dysfluent_057,0.137939453125,0.1455078125,0.0416259765625,0.054901123046875,0.91943359375
58,M_0030_16y4m_1_dysfluent_058,0.11993408203125,0.141357421875,0.038909912109375,0.0546875,0.9248046875
59,M_0030_16y4m_1_dysfluent_059,0.13818359375,0.19873046875,0.06427001953125,0.056640625,0.90380859375
60,M_0030_16y4m_1_dysfluent_060,0.2366943359375,0.454833984375,0.494140625,0.12548828125,0.64208984375
61,M_0030_16y4m_1_dysfluent_061,0.2020263671875,0.451416015625,0.544921875,0.236328125,0.6875
62,M_0030_16y4m_1_dysfluent_062,0.2005615234375,0.43994140625,0.440185546875,0.153076171875,0.654296875
63,M_0030_16y4m_1_dysfluent_063,0.2239990234375,0.44189453125,0.458251953125,0.1087646484375,0.62109375
64,M_0030_16y4m_1_dysfluent_064,0.2239990234375,0.44189453125,0.458251953125,0.1087646484375,0.62109375
65,M_0030_16y4m_1_dysfluent_065,0.1826171875,0.51318359375,0.58154296875,0.08868408203125,0.26123046875
66,M_0030_16y4m_1_dysfluent_066,0.325439453125,0.43359375,0.370849609375,0.0631103515625,0.5078125
67,M_0030_16y4m_1_dysfluent_067,0.267333984375,0.166259765625,0.03704833984375,0.02423095703125,0.794921875
68,M_0030_16y4m_1_dysfluent_068,0.265625,0.16845703125,0.042724609375,0.0287017822265625,0.8505859375
69,M_0030_16y4m_1_dysfluent_069,0.047607421875,0.0966796875,0.011505126953125,0.00997161865234375,0.046722412109375
70,M_0030_16y4m_1_dysfluent_070,0.02069091796875,0.11376953125,0.0161590576171875,0.0266571044921875,0.02337646484375
71,M_0030_16y4m_1_dysfluent_071,0.0235137939453125,0.10052490234375,0.012237548828125,0.0167236328125,0.0279541015625
72,M_0030_16y4m_1_dysfluent_072,0.152587890625,0.2293701171875,0.1864013671875,0.68701171875,0.74560546875
73,M_0030_16y4m_1_dysfluent_073,0.1693115234375,0.2083740234375,0.1680908203125,0.7001953125,0.73583984375
74,M_0030_16y4m_1_dysfluent_074,0.16943359375,0.2083740234375,0.1680908203125,0.69970703125,0.73583984375
75,M_0030_16y4m_1_dysfluent_075,0.09466552734375,0.16162109375,0.110107421875,0.77001953125,0.6240234375
76,M_0030_16y4m_1_dysfluent_076,0.09466552734375,0.16162109375,0.110107421875,0.76953125,0.62451171875
77,M_0030_16y4m_1_dysfluent_077,0.07989501953125,0.1978759765625,0.038970947265625,0.01049041748046875,0.03448486328125
78,M_0030_16y4m_1_dysfluent_078,0.306640625,0.1300048828125,0.035400390625,0.033905029296875,0.869140625
79,M_0030_16y4m_1_dysfluent_079,0.2037353515625,0.315673828125,0.278564453125,0.1715087890625,0.86279296875
80,M_0030_16y4m_1_dysfluent_080,0.220703125,0.315185546875,0.2861328125,0.3017578125,0.865234375
81,M_0030_16y4m_1_dysfluent_081,0.1693115234375,0.25341796875,0.199462890625,0.270751953125,0.8779296875
82,M_0030_16y4m_1_dysfluent_082,0.2109375,0.1683349609375,0.04559326171875,0.03125,0.85693359375
83,M_0030_16y4m_1_dysfluent_083,0.2489013671875,0.256103515625,0.11163330078125,0.07208251953125,0.89892578125
84,M_0030_16y4m_1_dysfluent_084,0.18896484375,0.1512451171875,0.03216552734375,0.02056884765625,0.75
85,M_0030_16y4m_1_dysfluent_085,0.2393798828125,0.193603515625,0.04376220703125,0.025909423828125,0.80419921875
86,M_0030_16y4m_1_dysfluent_086,0.12359619140625,0.229736328125,0.035552978515625,0.007038116455078125,0.015777587890625
87,M_0030_16y4m_1_dysfluent_087,0.06524658203125,0.093017578125,0.01049041748046875,0.00948333740234375,0.0268096923828125
88,M_0030_16y4m_1_dysfluent_088,0.11932373046875,0.145751953125,0.0202484130859375,0.0112457275390625,0.0162200927734375
89,M_0030_16y4m_1_dysfluent_089,0.1334228515625,0.127197265625,0.0162200927734375,0.01129150390625,0.01483917236328125
90,M_0030_16y4m_1_dysfluent_090,0.253662109375,0.3935546875,0.42041015625,0.303955078125,0.76708984375
91,M_0030_16y4m_1_dysfluent_091,0.143798828125,0.349365234375,0.356201171875,0.24853515625,0.7177734375
92,M_0030_16y4m_1_dysfluent_092,0.10211181640625,0.2978515625,0.263427734375,0.2890625,0.7314453125
93,M_0030_16y4m_1_dysfluent_093,0.07476806640625,0.27294921875,0.2181396484375,0.28125,0.77587890625
94,M_0030_16y4m_1_dysfluent_094,0.01078033447265625,0.12493896484375,0.0271148681640625,0.07135009765625,0.03143310546875
95,M_0030_16y4m_1_dysfluent_095,0.517578125,0.1494140625,0.044921875,0.027801513671875,0.7353515625
96,M_0030_16y4m_1_dysfluent_096,0.427001953125,0.1387939453125,0.03948974609375,0.030792236328125,0.79833984375
97,M_0030_16y4m_1_dysfluent_097,0.1624755859375,0.1048583984375,0.0117340087890625,0.01337432861328125,0.1357421875
98,M_0030_16y4m_1_dysfluent_098,0.0313720703125,0.1014404296875,0.01374053955078125,0.01061248779296875,0.048583984375
99,M_0030_16y4m_1_dysfluent_099,0.044097900390625,0.09722900390625,0.01142120361328125,0.0125274658203125,0.019683837890625
100,M_0030_16y4m_1_dysfluent_100,0.0276947021484375,0.10302734375,0.01306915283203125,0.018402099609375,0.0246124267578125
101,M_0030_16y4m_1_dysfluent_101,0.234375,0.18408203125,0.035400390625,0.01560211181640625,0.10760498046875
102,M_0030_16y4m_1_dysfluent_102,0.2890625,0.1978759765625,0.0704345703125,0.072265625,0.92431640625
103,M_0030_16y4m_1_dysfluent_103,0.2340087890625,0.1737060546875,0.0582275390625,0.07275390625,0.93115234375
104,M_0030_16y4m_1_dysfluent_104,0.23388671875,0.1573486328125,0.04986572265625,0.059326171875,0.92578125
105,M_0030_16y4m_1_dysfluent_105,0.21533203125,0.1304931640625,0.036224365234375,0.04510498046875,0.9072265625
106,M_0030_16y4m_1_dysfluent_106,0.1588134765625,0.39697265625,0.32373046875,0.07977294921875,0.66455078125
107,M_0030_16y4m_1_dysfluent_107,0.09417724609375,0.487548828125,0.42919921875,0.0283355712890625,0.03753662109375
108,M_0030_16y4m_1_dysfluent_108,0.11376953125,0.48681640625,0.41552734375,0.0257568359375,0.0311431884765625
109,M_0030_16y4m_1_dysfluent_109,0.072509765625,0.3271484375,0.1077880859375,0.01302337646484375,0.0154876708984375
110,M_0030_16y4m_1_dysfluent_110,0.11126708984375,0.1279296875,0.029876708984375,0.034942626953125,0.87841796875
111,M_0030_16y4m_1_dysfluent_111,0.1478271484375,0.1409912109375,0.033843994140625,0.0255584716796875,0.830078125
112,M_0030_16y4m_1_dysfluent_112,0.1688232421875,0.13330078125,0.033966064453125,0.033203125,0.87939453125
113,M_0030_16y4m_1_dysfluent_113,0.1583251953125,0.1361083984375,0.0328369140625,0.028656005859375,0.837890625
114,M_0030_16y4m_1_dysfluent_114,0.036163330078125,0.11126708984375,0.0213623046875,0.034698486328125,0.1756591796875
115,M_0030_16y4m_1_dysfluent_115,0.1551513671875,0.1114501953125,0.0259552001953125,0.03167724609375,0.86865234375
116,M_0030_16y4m_1_dysfluent_116,0.204833984375,0.109130859375,0.023193359375,0.0226287841796875,0.7861328125
117,M_0030_16y4m_1_dysfluent_117,0.291259765625,0.1363525390625,0.038238525390625,0.036773681640625,0.8701171875
118,M_0030_16y4m_1_dysfluent_118,0.293701171875,0.162353515625,0.047882080078125,0.04217529296875,0.88525390625
119,M_0030_16y4m_1_dysfluent_119,0.202880859375,0.184814453125,0.0457763671875,0.04302978515625,0.810546875
120,M_0030_16y4m_1_dysfluent_120,0.1165771484375,0.4130859375,0.39990234375,0.1248779296875,0.57666015625
121,M_0030_16y4m_1_dysfluent_121,0.1414794921875,0.40087890625,0.401123046875,0.1328125,0.6845703125
122,M_0030_16y4m_1_dysfluent_122,0.070556640625,0.347412109375,0.1343994140625,0.0251312255859375,0.2099609375
123,M_0030_16y4m_1_dysfluent_123,0.06243896484375,0.10052490234375,0.01242828369140625,0.0100555419921875,0.020172119140625
124,M_0030_16y4m_1_dysfluent_124,0.054595947265625,0.1143798828125,0.01384735107421875,0.0125732421875,0.0160980224609375
125,M_0030_16y4m_1_dysfluent_125,0.62548828125,0.2037353515625,0.06463623046875,0.033538818359375,0.662109375
126,M_0030_16y4m_1_dysfluent_126,0.62255859375,0.2047119140625,0.06683349609375,0.033477783203125,0.64990234375
127,M_0030_16y4m_1_dysfluent_127,0.38427734375,0.16064453125,0.033905029296875,0.01934814453125,0.572265625
128,M_0030_16y4m_1_dysfluent_128,0.044189453125,0.13427734375,0.0164031982421875,0.010986328125,0.0169830322265625
129,M_0030_16y4m_1_dysfluent_129,0.0546875,0.1407470703125,0.0278472900390625,0.0163421630859375,0.1689453125
130,M_0030_16y4m_1_dysfluent_130,0.328857421875,0.2548828125,0.0943603515625,0.036163330078125,0.77978515625
131,M_0030_16y4m_1_dysfluent_131,0.275146484375,0.453125,0.45458984375,0.1300048828125,0.68896484375
132,M_0030_16y4m_1_dysfluent_132,0.312255859375,0.47705078125,0.5751953125,0.133544921875,0.47216796875
133,M_0030_16y4m_1_dysfluent_133,0.07965087890625,0.44189453125,0.54248046875,0.053497314453125,0.0517578125
134,M_0030_16y4m_1_dysfluent_134,0.262939453125,0.17529296875,0.047088623046875,0.046112060546875,0.89599609375
135,M_0030_16y4m_1_dysfluent_135,0.440185546875,0.40869140625,0.1737060546875,0.01433563232421875,0.036346435546875
136,M_0030_16y4m_1_dysfluent_136,0.0292510986328125,0.17138671875,0.0282745361328125,0.01238250732421875,0.02044677734375
137,M_0030_16y4m_1_dysfluent_137,0.0333251953125,0.0802001953125,0.009521484375,0.01024627685546875,0.035552978515625
138,M_0030_16y4m_1_dysfluent_138,0.01337432861328125,0.1510009765625,0.08929443359375,0.415283203125,0.03515625
139,M_0030_16y4m_1_dysfluent_139,0.01322174072265625,0.1746826171875,0.12359619140625,0.3642578125,0.046722412109375
140,M_0030_16y4m_1_dysfluent_140,0.01322174072265625,0.1746826171875,0.12359619140625,0.364990234375,0.04681396484375
141,M_0030_16y4m_1_dysfluent_141,0.40966796875,0.1593017578125,0.046722412109375,0.0295867919921875,0.8125
142,M_0030_16y4m_1_dysfluent_142,0.489013671875,0.253662109375,0.09503173828125,0.070556640625,0.80908203125
143,M_0030_16y4m_1_dysfluent_143,0.414306640625,0.33447265625,0.22216796875,0.312255859375,0.5810546875
144,M_0030_16y4m_1_dysfluent_144,0.319091796875,0.3173828125,0.2099609375,0.402587890625,0.76953125
145,M_0030_16y4m_1_dysfluent_145,0.0323486328125,0.09722900390625,0.0106964111328125,0.009674072265625,0.0272674560546875
146,M_0030_16y4m_1_dysfluent_146,0.03875732421875,0.0867919921875,0.00867462158203125,0.01142120361328125,0.040313720703125
147,M_0030_16y4m_1_dysfluent_147,0.04052734375,0.075439453125,0.008514404296875,0.018402099609375,0.03253173828125
148,M_0030_16y4m_1_dysfluent_148,0.44873046875,0.172119140625,0.05780029296875,0.040008544921875,0.83056640625
149,M_0030_16y4m_1_dysfluent_149,0.466064453125,0.1661376953125,0.04931640625,0.03216552734375,0.78173828125
150,M_0030_16y4m_1_dysfluent_150,0.2127685546875,0.421630859375,0.51904296875,0.253173828125,0.247314453125
151,M_0030_16y4m_1_dysfluent_151,0.23095703125,0.45751953125,0.5322265625,0.2022705078125,0.1597900390625
152,M_0030_16y4m_1_dysfluent_152,0.1298828125,0.48974609375,0.469482421875,0.07330322265625,0.05718994140625
153,M_0030_16y4m_1_dysfluent_153,0.281005859375,0.4208984375,0.232177734375,0.0248870849609375,0.060516357421875
154,M_0030_16y4m_1_dysfluent_154,0.31494140625,0.1649169921875,0.0592041015625,0.046905517578125,0.8916015625
155,M_0030_16y4m_1_dysfluent_155,0.153564453125,0.206298828125,0.13037109375,0.7431640625,0.80908203125
156,M_0030_16y4m_1_dysfluent_156,0.1295166015625,0.1812744140625,0.1041259765625,0.79736328125,0.75927734375
157,M_0030_16y4m_1_dysfluent_157,0.26318359375,0.276123046875,0.1871337890625,0.64404296875,0.8095703125
158,M_0030_16y4m_1_dysfluent_158,0.556640625,0.4873046875,0.44873046875,0.2413330078125,0.48828125
159,M_0030_16y4m_1_dysfluent_159,0.247802734375,0.153564453125,0.04986572265625,0.06396484375,0.90625
160,M_0030_16y4m_1_dysfluent_160,0.1376953125,0.1661376953125,0.0509033203125,0.041839599609375,0.86474609375
161,M_0030_16y4m_1_dysfluent_161,0.26220703125,0.1697998046875,0.058563232421875,0.053314208984375,0.89599609375
162,M_0030_16y4m_1_dysfluent_162,0.070068359375,0.49267578125,0.6572265625,0.08154296875,0.090087890625
163,M_0030_16y4m_1_dysfluent_163,0.0943603515625,0.505859375,0.62841796875,0.06671142578125,0.0640869140625
164,M_0030_16y4m_1_dysfluent_164,0.42626953125,0.13427734375,0.0289764404296875,0.020965576171875,0.64111328125
165,M_0030_16y4m_1_dysfluent_165,0.458984375,0.166259765625,0.050048828125,0.036224365234375,0.80712890625
166,M_0030_16y4m_1_dysfluent_166,0.036163330078125,0.09466552734375,0.01056671142578125,0.0099334716796875,0.028594970703125
167,M_0030_16y4m_1_dysfluent_167,0.06256103515625,0.10107421875,0.011962890625,0.01519012451171875,0.0258636474609375
168,M_0030_16y4m_1_dysfluent_168,0.118408203125,0.1365966796875,0.0184326171875,0.006488800048828125,0.030731201171875
169,M_0030_16y4m_1_dysfluent_169,0.06744384765625,0.10089111328125,0.0112457275390625,0.0131683349609375,0.021209716796875
170,M_0030_16y4m_1_dysfluent_170,0.048858642578125,0.1370849609375,0.017303466796875,0.010406494140625,0.0164031982421875
171,M_0030_16y4m_1_dysfluent_171,0.1866455078125,0.09271240234375,0.01262664794921875,0.00714874267578125,0.08404541015625
172,M_0030_16y4m_1_dysfluent_172,0.1588134765625,0.1104736328125,0.011199951171875,0.007259368896484375,0.0299224853515625
173,M_0030_16y4m_1_dysfluent_173,0.2012939453125,0.324462890625,0.171142578125,0.08282470703125,0.8447265625
174,M_0030_16y4m_1_dysfluent_174,0.135986328125,0.2144775390625,0.0994873046875,0.62353515625,0.76953125
175,M_0030_16y4m_1_dysfluent_175,0.147216796875,0.2183837890625,0.09930419921875,0.427978515625,0.8681640625
176,M_0030_16y4m_1_dysfluent_176,0.087890625,0.0982666015625,0.0197601318359375,0.0266571044921875,0.794921875
177,M_0030_16y4m_1_dysfluent_177,0.5908203125,0.1441650390625,0.03656005859375,0.0222015380859375,0.52294921875
178,M_0061_16y9m-1_dysfluent_000,0.09771728515625,0.11419677734375,0.02630615234375,0.0455322265625,0.89111328125
179,M_0061_16y9m-1_dysfluent_001,0.1866455078125,0.330322265625,0.24853515625,0.1044921875,0.82421875
180,M_0061_16y9m-1_dysfluent_002,0.14990234375,0.334228515625,0.26318359375,0.12646484375,0.833984375
181,M_0061_16y9m-1_dysfluent_003,0.1015625,0.1014404296875,0.0139007568359375,0.0154266357421875,0.197265625
182,M_0061_16y9m-1_dysfluent_004,0.1055908203125,0.10357666015625,0.01229095458984375,0.007488250732421875,0.070556640625
183,M_0061_16y9m-1_dysfluent_005,0.035675048828125,0.200439453125,0.2301025390625,0.88134765625,0.181640625
184,M_0061_16y9m-1_dysfluent_006,0.035675048828125,0.200439453125,0.2301025390625,0.88134765625,0.181640625
185,M_0061_16y9m-1_dysfluent_007,0.05059814453125,0.2158203125,0.239013671875,0.90625,0.18994140625
186,M_0061_16y9m-1_dysfluent_008,0.050048828125,0.2105712890625,0.222412109375,0.90869140625,0.1934814453125
187,M_0061_16y9m-1_dysfluent_009,0.05389404296875,0.227783203125,0.260986328125,0.8974609375,0.2138671875
188,M_0061_16y9m-1_dysfluent_010,0.057373046875,0.224365234375,0.2420654296875,0.890625,0.18505859375
189,M_0061_16y9m-1_dysfluent_011,0.1026611328125,0.395263671875,0.54052734375,0.48779296875,0.11260986328125
190,M_0061_16y9m-1_dysfluent_012,0.10723876953125,0.1488037109375,0.0970458984375,0.869140625,0.164306640625
191,M_0061_16y9m-1_dysfluent_013,0.10723876953125,0.1488037109375,0.0970458984375,0.869140625,0.164306640625
192,M_0061_16y9m-1_dysfluent_014,0.01983642578125,0.160400390625,0.03253173828125,0.0167236328125,0.024658203125
193,M_0061_16y9m-1_dysfluent_015,0.0257568359375,0.1083984375,0.0137939453125,0.012969970703125,0.02886962890625
194,M_0061_16y9m-1_dysfluent_016,0.027587890625,0.268798828125,0.29443359375,0.445068359375,0.08123779296875
195,M_0061_16y9m-1_dysfluent_017,0.06964111328125,0.1900634765625,0.19677734375,0.8544921875,0.1260986328125
196,M_0061_16y9m-1_dysfluent_018,0.1375732421875,0.338623046875,0.41015625,0.327880859375,0.08880615234375
197,M_0061_16y9m-1_dysfluent_019,0.047698974609375,0.07598876953125,0.00933837890625,0.0299224853515625,0.039794921875
198,M_0061_16y9m-1_dysfluent_020,0.1572265625,0.1224365234375,0.016021728515625,0.01433563232421875,0.06964111328125
199,M_0061_16y9m-1_dysfluent_021,0.10650634765625,0.171875,0.0289764404296875,0.017852783203125,0.0289306640625
200,M_0061_16y9m-1_dysfluent_022,0.1063232421875,0.171875,0.0289764404296875,0.017852783203125,0.0289306640625
201,M_0061_16y9m-1_dysfluent_023,0.033599853515625,0.298583984375,0.141845703125,0.0243377685546875,0.0262603759765625
202,M_0061_16y9m-1_dysfluent_024,0.1783447265625,0.478515625,0.362060546875,0.0207977294921875,0.0345458984375
203,M_0061_16y9m-1_dysfluent_025,0.058349609375,0.431640625,0.65283203125,0.2100830078125,0.11614990234375
204,M_0061_16y9m-1_dysfluent_026,0.075439453125,0.452880859375,0.685546875,0.237060546875,0.1134033203125
205,M_0061_16y9m-1_dysfluent_027,0.03192138671875,0.0755615234375,0.00844573974609375,0.02044677734375,0.04345703125
206,M_0061_16y9m-1_dysfluent_028,0.033721923828125,0.10467529296875,0.01422882080078125,0.0083160400390625,0.03240966796875
207,M_0061_16y9m-1_dysfluent_029,0.462890625,0.1806640625,0.03143310546875,0.0074310302734375,0.033660888671875
208,M_0061_16y9m-1_dysfluent_030,0.13671875,0.2340087890625,0.1312255859375,0.1771240234375,0.9140625
209,M_0061_16y9m-1_dysfluent_031,0.0284423828125,0.123046875,0.0293731689453125,0.02215576171875,0.3935546875
210,M_0061_16y9m-1_dysfluent_032,0.085693359375,0.1676025390625,0.10992431640625,0.91455078125,0.382568359375
211,M_0061_16y9m-1_dysfluent_033,0.085693359375,0.1676025390625,0.10992431640625,0.91455078125,0.382568359375
212,M_0061_16y9m-1_dysfluent_034,0.0726318359375,0.1402587890625,0.08154296875,0.9228515625,0.400146484375
213,M_0061_16y9m-1_dysfluent_035,0.048309326171875,0.152587890625,0.11419677734375,0.9287109375,0.26904296875
214,M_0061_16y9m-1_dysfluent_036,0.048309326171875,0.152587890625,0.11419677734375,0.9287109375,0.26904296875
215,M_0061_16y9m-1_dysfluent_037,0.060302734375,0.167724609375,0.141845703125,0.9150390625,0.342041015625
216,M_0061_16y9m-1_dysfluent_038,0.071044921875,0.19287109375,0.171875,0.9208984375,0.31201171875
217,M_0061_16y9m-1_dysfluent_039,0.033721923828125,0.2425537109375,0.060302734375,0.01525115966796875,0.0360107421875
218,M_0061_16y9m-1_dysfluent_040,0.158935546875,0.435302734375,0.57958984375,0.1329345703125,0.51953125
219,M_0061_16y9m-1_dysfluent_041,0.1864013671875,0.459228515625,0.546875,0.10858154296875,0.4853515625
220,M_0061_16y9m-1_dysfluent_042,0.1864013671875,0.459228515625,0.546875,0.10858154296875,0.4853515625
221,M_0061_16y9m-1_dysfluent_043,0.14404296875,0.52978515625,0.73681640625,0.1314697265625,0.1419677734375
222,M_0061_16y9m-1_dysfluent_044,0.161376953125,0.5048828125,0.72412109375,0.1981201171875,0.171142578125
223,M_0061_16y9m-1_dysfluent_045,0.232177734375,0.529296875,0.732421875,0.203857421875,0.203369140625
224,M_0061_16y9m-1_dysfluent_046,0.1278076171875,0.47998046875,0.71142578125,0.2064208984375,0.1402587890625
225,M_0061_16y9m-1_dysfluent_047,0.2020263671875,0.5107421875,0.52587890625,0.03021240234375,0.043365478515625
226,M_0061_16y9m-1_dysfluent_048,0.0894775390625,0.2232666015625,0.042877197265625,0.008880615234375,0.02447509765625
227,M_0061_16y9m-1_dysfluent_049,0.1278076171875,0.369873046875,0.140869140625,0.01374053955078125,0.0272674560546875
228,M_0061_16y9m-1_dysfluent_050,0.15185546875,0.2734375,0.1396484375,0.07171630859375,0.869140625
229,M_0061_16y9m-1_dysfluent_051,0.1055908203125,0.2489013671875,0.1458740234375,0.55810546875,0.845703125
230,M_0061_16y9m-1_dysfluent_052,0.08660888671875,0.239013671875,0.1845703125,0.7548828125,0.65625
231,M_0061_16y9m-1_dysfluent_053,0.07763671875,0.457275390625,0.56005859375,0.09637451171875,0.0784912109375
232,M_0061_16y9m-1_dysfluent_054,0.04931640625,0.2890625,0.1455078125,0.0232391357421875,0.06097412109375
233,M_0061_16y9m-1_dysfluent_055,0.100341796875,0.2130126953125,0.049774169921875,0.01861572265625,0.3095703125
234,M_0061_16y9m-1_dysfluent_056,0.23779296875,0.40625,0.296875,0.035736083984375,0.3642578125
235,M_0061_16y9m-1_dysfluent_057,0.1187744140625,0.50244140625,0.521484375,0.03265380859375,0.04681396484375
236,M_0061_16y9m-1_dysfluent_058,0.12347412109375,0.312255859375,0.2012939453125,0.0567626953125,0.58251953125
237,M_0061_16y9m-1_dysfluent_059,0.0836181640625,0.259765625,0.11199951171875,0.06951904296875,0.60205078125
238,M_0061_16y9m-1_dysfluent_060,0.033843994140625,0.1505126953125,0.1304931640625,0.65771484375,0.05126953125
239,M_0061_16y9m-1_dysfluent_061,0.0264129638671875,0.1343994140625,0.09588623046875,0.72412109375,0.07861328125
240,M_0061_16y9m-1_dysfluent_062,0.11199951171875,0.1153564453125,0.0274810791015625,0.043853759765625,0.91455078125
241,M_0061_16y9m-1_dysfluent_063,0.17236328125,0.48974609375,0.60791015625,0.076416015625,0.29638671875
242,M_0061_16y9m-1_dysfluent_064,0.1578369140625,0.259033203125,0.0999755859375,0.061431884765625,0.87158203125
243,M_0061_16y9m-1_dysfluent_065,0.10174560546875,0.201171875,0.0631103515625,0.07464599609375,0.85009765625
244,M_0061_16y9m-1_dysfluent_066,0.10174560546875,0.201171875,0.0631103515625,0.07464599609375,0.85009765625
245,M_0061_16y9m-1_dysfluent_067,0.10894775390625,0.1435546875,0.052032470703125,0.301513671875,0.9169921875
246,M_0061_16y9m-1_dysfluent_068,0.06842041015625,0.105224609375,0.0302734375,0.1412353515625,0.90771484375
247,M_0061_16y9m-1_dysfluent_069,0.063720703125,0.11474609375,0.04193115234375,0.41845703125,0.85986328125
248,M_0061_16y9m-1_dysfluent_070,0.063720703125,0.11474609375,0.04193115234375,0.41845703125,0.85986328125
249,M_0061_16y9m-1_dysfluent_071,0.0792236328125,0.1348876953125,0.057281494140625,0.576171875,0.8359375
250,M_0061_16y9m-1_dysfluent_072,0.0753173828125,0.1422119140625,0.05511474609375,0.55029296875,0.82275390625
251,M_0061_16y9m-1_dysfluent_073,0.0192413330078125,0.094482421875,0.03192138671875,0.473876953125,0.09088134765625
252,M_0061_16y9m-1_dysfluent_074,0.10052490234375,0.10284423828125,0.0190887451171875,0.0278472900390625,0.75390625
253,M_0061_16y9m-1_dysfluent_075,0.060760498046875,0.12322998046875,0.051849365234375,0.814453125,0.6328125
254,M_0061_16y9m-1_dysfluent_076,0.0618896484375,0.1177978515625,0.0535888671875,0.8408203125,0.564453125
255,M_0061_16y9m-1_dysfluent_077,0.040679931640625,0.10760498046875,0.050048828125,0.89990234375,0.17919921875
256,M_0061_16y9m-1_dysfluent_078,0.05419921875,0.1444091796875,0.0219879150390625,0.024383544921875,0.01666259765625
257,M_0061_16y9m-1_dysfluent_079,0.07354736328125,0.09283447265625,0.0097808837890625,0.01306915283203125,0.034759521484375
258,M_0061_16y9m-1_dysfluent_080,0.0259552001953125,0.09417724609375,0.041473388671875,0.779296875,0.09027099609375
259,M_0061_16y9m-1_dysfluent_081,0.022247314453125,0.10894775390625,0.05633544921875,0.74951171875,0.0703125
260,M_0061_16y9m-1_dysfluent_082,0.25244140625,0.53369140625,0.62255859375,0.060211181640625,0.1041259765625
261,M_0061_16y9m-1_dysfluent_083,0.77734375,0.28662109375,0.092041015625,0.01971435546875,0.063720703125
262,M_0061_16y9m-1_dysfluent_084,0.77880859375,0.240966796875,0.0699462890625,0.02203369140625,0.0836181640625
263,M_0061_16y9m-1_dysfluent_085,0.024139404296875,0.2239990234375,0.07342529296875,0.0234222412109375,0.038543701171875
264,M_0061_16y9m-1_dysfluent_086,0.0153656005859375,0.09637451171875,0.041778564453125,0.77783203125,0.16357421875
265,M_0061_16y9m-1_fluent_000,0.048858642578125,0.14599609375,0.0228424072265625,0.012481689453125,0.030731201171875
266,M_0061_16y9m-1_fluent_001,0.023284912109375,0.143798828125,0.02044677734375,0.021697998046875,0.025177001953125
267,M_0061_16y9m-1_fluent_002,0.0230712890625,0.11083984375,0.01678466796875,0.020721435546875,0.049407958984375
268,M_0061_16y9m-1_fluent_003,0.01507568359375,0.1849365234375,0.1014404296875,0.2998046875,0.0411376953125
269,M_0061_16y9m-1_fluent_004,0.01406097412109375,0.134033203125,0.042236328125,0.1268310546875,0.047332763671875
270,M_0061_16y9m-1_fluent_005,0.0142822265625,0.15771484375,0.07464599609375,0.218505859375,0.03594970703125
271,M_0061_16y9m-1_fluent_006,0.0219879150390625,0.1495361328125,0.060760498046875,0.25,0.06842041015625
272,M_0061_16y9m-1_fluent_007,0.017852783203125,0.177978515625,0.0728759765625,0.1358642578125,0.04595947265625
273,M_0061_16y9m-1_fluent_008,0.02606201171875,0.08660888671875,0.011688232421875,0.036834716796875,0.09503173828125
274,M_0078_16y5m_1_dysfluent_000,0.09979248046875,0.0838623046875,0.017242431640625,0.0615234375,0.80517578125
275,M_0078_16y5m_1_dysfluent_001,0.222412109375,0.467529296875,0.65234375,0.289794921875,0.53173828125
276,M_0078_16y5m_1_dysfluent_002,0.06732177734375,0.083740234375,0.01490020751953125,0.035614013671875,0.74267578125
277,M_0078_16y5m_1_dysfluent_003,0.1783447265625,0.50634765625,0.57275390625,0.045440673828125,0.040008544921875
278,M_0078_16y5m_1_dysfluent_004,0.1221923828125,0.50244140625,0.5830078125,0.054595947265625,0.0369873046875
279,M_0078_16y5m_1_dysfluent_005,0.351318359375,0.122314453125,0.015960693359375,0.0070953369140625,0.059967041015625
280,M_0078_16y5m_1_dysfluent_006,0.183349609375,0.0938720703125,0.0101318359375,0.006771087646484375,0.0723876953125
281,M_0078_16y5m_1_dysfluent_007,0.1751708984375,0.1573486328125,0.043701171875,0.0230255126953125,0.31201171875
282,M_0078_16y5m_1_dysfluent_008,0.07977294921875,0.42138671875,0.6630859375,0.153564453125,0.079345703125
283,M_0078_16y5m_1_dysfluent_009,0.10797119140625,0.06854248046875,0.0103302001953125,0.01812744140625,0.52685546875
284,M_0078_16y5m_1_dysfluent_010,0.1104736328125,0.103759765625,0.021453857421875,0.046630859375,0.85009765625
285,M_0078_16y5m_1_dysfluent_011,0.68603515625,0.3974609375,0.227294921875,0.029815673828125,0.06951904296875
286,M_0078_16y5m_1_dysfluent_012,0.2110595703125,0.11517333984375,0.03277587890625,0.040985107421875,0.837890625
287,M_0078_16y5m_1_dysfluent_013,0.68310546875,0.2098388671875,0.049224853515625,0.011199951171875,0.03662109375
288,M_0078_16y5m_1_dysfluent_014,0.347412109375,0.1190185546875,0.03167724609375,0.028167724609375,0.80908203125
289,M_0078_16y5m_1_dysfluent_015,0.1044921875,0.11798095703125,0.01763916015625,0.0078125,0.12347412109375
290,M_0078_16y5m_1_dysfluent_016,0.02838134765625,0.236572265625,0.0938720703125,0.0254669189453125,0.021820068359375
291,M_0078_16y5m_1_dysfluent_017,0.045684814453125,0.06396484375,0.00997161865234375,0.053985595703125,0.435791015625
292,M_0078_16y5m_1_dysfluent_018,0.173095703125,0.3984375,0.341796875,0.056549072265625,0.5556640625
293,M_0078_16y5m_1_dysfluent_019,0.2073974609375,0.34033203125,0.252685546875,0.077392578125,0.79736328125
294,M_0078_16y5m_1_dysfluent_020,0.019561767578125,0.23974609375,0.26123046875,0.60986328125,0.1070556640625
295,M_0078_16y5m_1_dysfluent_021,0.061767578125,0.32568359375,0.1165771484375,0.01146697998046875,0.0205230712890625
296,M_0078_16y5m_1_dysfluent_022,0.061767578125,0.32568359375,0.1165771484375,0.01146697998046875,0.0205230712890625
297,M_0078_16y5m_1_dysfluent_023,0.042327880859375,0.2158203125,0.0360107421875,0.0115966796875,0.01332855224609375
298,M_0078_16y5m_1_dysfluent_024,0.03326416015625,0.235595703125,0.06280517578125,0.0118255615234375,0.0224151611328125
299,M_0078_16y5m_1_dysfluent_025,0.18505859375,0.11981201171875,0.03143310546875,0.04010009765625,0.90869140625
300,M_0078_16y5m_1_dysfluent_026,0.1376953125,0.08270263671875,0.01554107666015625,0.0224609375,0.74072265625
301,M_0078_16y5m_1_dysfluent_027,0.14111328125,0.11578369140625,0.0306243896484375,0.0546875,0.9248046875
302,M_0078_16y5m_1_dysfluent_028,0.1580810546875,0.12335205078125,0.0310821533203125,0.039794921875,0.8984375
303,M_0078_16y5m_1_dysfluent_029,0.07159423828125,0.1624755859375,0.0256195068359375,0.01142120361328125,0.02447509765625
304,M_0078_16y5m_1_dysfluent_030,0.0386962890625,0.368408203125,0.51171875,0.483154296875,0.102294921875
305,M_0078_16y5m_1_dysfluent_031,0.142333984375,0.12054443359375,0.03607177734375,0.061767578125,0.939453125
306,M_0078_16y5m_1_fluent_000,0.037384033203125,0.30029296875,0.1343994140625,0.0222015380859375,0.0333251953125
307,M_0078_16y5m_1_fluent_001,0.020172119140625,0.09136962890625,0.01142120361328125,0.020965576171875,0.043853759765625
308,M_0078_16y5m_1_fluent_002,0.0215301513671875,0.08270263671875,0.0108184814453125,0.0244293212890625,0.12200927734375
309,M_0078_16y5m_1_fluent_003,0.06573486328125,0.089111328125,0.01009368896484375,0.015838623046875,0.030731201171875
310,M_0078_16y5m_1_fluent_004,0.1055908203125,0.1771240234375,0.0311431884765625,0.015838623046875,0.01384735107421875
311,M_0078_16y5m_1_fluent_005,0.0455322265625,0.15087890625,0.0242767333984375,0.0173797607421875,0.0171051025390625
312,M_0078_16y5m_1_fluent_006,0.1417236328125,0.09039306640625,0.0103302001953125,0.009674072265625,0.029541015625
313,M_0078_16y5m_1_fluent_007,0.036224365234375,0.079345703125,0.0097808837890625,0.02655029296875,0.025421142578125
314,M_0078_16y5m_1_fluent_008,0.085693359375,0.36865234375,0.2215576171875,0.0177154541015625,0.040313720703125
315,M_0078_16y5m_1_fluent_009,0.05224609375,0.1531982421875,0.0213623046875,0.00757598876953125,0.01467132568359375
316,M_0078_16y5m_1_fluent_010,0.027801513671875,0.080810546875,0.010406494140625,0.01238250732421875,0.019500732421875
317,M_0078_16y5m_1_fluent_011,0.02215576171875,0.11920166015625,0.0171051025390625,0.017913818359375,0.0164642333984375
318,M_0078_16y5m_1_fluent_012,0.0244293212890625,0.1781005859375,0.0310211181640625,0.01406097412109375,0.0191650390625
319,M_0078_16y5m_1_fluent_013,0.06707763671875,0.307861328125,0.10125732421875,0.0125274658203125,0.01983642578125
320,M_0078_16y5m_1_fluent_014,0.0215301513671875,0.0709228515625,0.0083770751953125,0.0209197998046875,0.06768798828125
321,M_0078_16y5m_1_fluent_015,0.036773681640625,0.11456298828125,0.01422882080078125,0.01666259765625,0.06707763671875
322,M_0078_16y5m_1_fluent_016,0.0137939453125,0.1453857421875,0.0301055908203125,0.027740478515625,0.029541015625
323,M_0078_16y5m_1_fluent_017,0.0222015380859375,0.08648681640625,0.01214599609375,0.0141754150390625,0.0179901123046875
324,M_0078_16y5m_1_fluent_018,0.08062744140625,0.07196044921875,0.01306915283203125,0.03582763671875,0.7431640625
325,M_0078_16y5m_1_fluent_019,0.047882080078125,0.206298828125,0.0394287109375,0.00818634033203125,0.01450347900390625
326,M_0078_16y5m_1_fluent_020,0.07318115234375,0.1087646484375,0.017913818359375,0.036285400390625,0.68798828125
327,M_0078_16y5m_1_fluent_021,0.0312042236328125,0.122314453125,0.018646240234375,0.0135345458984375,0.020294189453125
328,M_0078_16y5m_1_fluent_022,0.04345703125,0.1309814453125,0.01666259765625,0.01094818115234375,0.0256195068359375
329,M_0078_16y5m_1_fluent_023,0.026458740234375,0.08526611328125,0.0112457275390625,0.0121917724609375,0.017242431640625
330,M_0078_16y5m_1_fluent_024,0.063232421875,0.15087890625,0.020416259765625,0.00787353515625,0.01374053955078125
331,M_0078_16y5m_1_fluent_025,0.050811767578125,0.1070556640625,0.0136871337890625,0.0078125,0.0185089111328125
332,M_0078_16y5m_1_fluent_026,0.03594970703125,0.1041259765625,0.012969970703125,0.009124755859375,0.04534912109375
333,M_0078_16y5m_1_fluent_027,0.1365966796875,0.1337890625,0.035400390625,0.0261077880859375,0.7392578125
334,M_0078_16y5m_1_fluent_028,0.130859375,0.10430908203125,0.01214599609375,0.00885009765625,0.0289764404296875
335,M_0078_16y5m_1_fluent_029,0.025909423828125,0.08343505859375,0.0106964111328125,0.01262664794921875,0.0177154541015625
336,M_0078_16y5m_1_fluent_030,0.017913818359375,0.09771728515625,0.0120086669921875,0.0283355712890625,0.11181640625
337,M_0078_16y5m_1_fluent_031,0.087890625,0.09967041015625,0.012054443359375,0.01111602783203125,0.0265045166015625
338,M_0078_16y5m_1_fluent_032,0.0531005859375,0.08038330078125,0.00971221923828125,0.0160980224609375,0.0343017578125
339,M_0078_16y5m_1_fluent_033,0.017852783203125,0.1044921875,0.0153045654296875,0.02001953125,0.0213623046875
340,M_0078_16y5m_1_fluent_034,0.06707763671875,0.1539306640625,0.021697998046875,0.0094146728515625,0.015838623046875
341,M_0078_16y5m_1_fluent_035,0.0227203369140625,0.11553955078125,0.0153656005859375,0.0174407958984375,0.023284912109375
342,M_0078_16y5m_1_fluent_036,0.0352783203125,0.1746826171875,0.0303802490234375,0.01090240478515625,0.01560211181640625
343,M_0078_16y5m_1_fluent_037,0.03704833984375,0.242431640625,0.06524658203125,0.0230255126953125,0.03436279296875
344,M_0078_16y5m_1_fluent_038,0.13037109375,0.09271240234375,0.0100555419921875,0.00919342041015625,0.022674560546875
345,M_0078_16y5m_1_fluent_039,0.0521240234375,0.12841796875,0.0214080810546875,0.0173797607421875,0.027069091796875
346,M_0078_16y5m_1_fluent_040,0.015899658203125,0.1566162109375,0.037750244140625,0.03424072265625,0.050048828125
347,M_0078_16y5m_1_fluent_041,0.03265380859375,0.2152099609375,0.03460693359375,0.012237548828125,0.012237548828125
348,M_0078_16y5m_1_fluent_042,0.0276947021484375,0.2301025390625,0.06805419921875,0.036834716796875,0.021697998046875
349,M_0078_16y5m_1_fluent_043,0.028106689453125,0.1488037109375,0.02423095703125,0.0189361572265625,0.015838623046875
350,M_0078_16y5m_1_fluent_044,0.04986572265625,0.0975341796875,0.010986328125,0.015899658203125,0.0740966796875
351,M_0078_16y5m_1_fluent_045,0.015838623046875,0.09930419921875,0.0161590576171875,0.03143310546875,0.021331787109375
352,M_0078_16y5m_1_fluent_046,0.0236053466796875,0.0889892578125,0.012969970703125,0.0141143798828125,0.0169830322265625
353,M_0078_16y5m_1_fluent_047,0.0325927734375,0.13818359375,0.017578125,0.010528564453125,0.01751708984375
354,M_0078_16y5m_1_fluent_048,0.0271148681640625,0.1298828125,0.01837158203125,0.0153045654296875,0.018096923828125
355,M_0078_16y5m_1_fluent_049,0.0142822265625,0.1357421875,0.030914306640625,0.035614013671875,0.0202484130859375
356,M_0078_16y5m_1_fluent_050,0.0482177734375,0.36279296875,0.20849609375,0.018646240234375,0.0248870849609375
357,M_0078_16y5m_1_fluent_051,0.0225830078125,0.089599609375,0.01238250732421875,0.0127716064453125,0.0173797607421875
358,M_0078_16y5m_1_fluent_052,0.043365478515625,0.339599609375,0.18115234375,0.0196380615234375,0.0384521484375
359,M_0078_16y5m_1_fluent_053,0.0238189697265625,0.1640625,0.029083251953125,0.021697998046875,0.0165863037109375
360,M_0078_16y5m_1_fluent_054,0.025909423828125,0.0836181640625,0.01078033447265625,0.011688232421875,0.018585205078125
361,M_0078_16y5m_1_fluent_055,0.09271240234375,0.1312255859375,0.0224609375,0.0188751220703125,0.01267242431640625
362,M_0078_16y5m_1_fluent_056,0.034027099609375,0.09600830078125,0.0119171142578125,0.01024627685546875,0.035064697265625
363,M_0078_16y5m_1_fluent_057,0.0255126953125,0.1705322265625,0.033538818359375,0.036163330078125,0.10577392578125
364,M_0078_16y5m_1_fluent_058,0.11163330078125,0.1761474609375,0.07196044921875,0.0784912109375,0.89892578125
365,M_0078_16y5m_1_fluent_059,0.06671142578125,0.08135986328125,0.009521484375,0.012481689453125,0.060211181640625
366,M_0078_16y5m_1_fluent_060,0.10614013671875,0.1324462890625,0.0186920166015625,0.010528564453125,0.056976318359375
367,M_0078_16y5m_1_fluent_061,0.0246124267578125,0.198486328125,0.051849365234375,0.021820068359375,0.06573486328125
368,M_0078_16y5m_1_fluent_062,0.0208892822265625,0.09283447265625,0.0106964111328125,0.0232391357421875,0.049224853515625
369,M_0078_16y5m_1_fluent_063,0.0305023193359375,0.1429443359375,0.020172119140625,0.01073455810546875,0.015838623046875
370,M_0107_07y7m_1_dysfluent_000,0.056121826171875,0.119384765625,0.02886962890625,0.08135986328125,0.87060546875
371,M_0107_07y7m_1_dysfluent_001,0.08819580078125,0.3359375,0.44677734375,0.486572265625,0.6806640625
372,M_0107_07y7m_1_dysfluent_002,0.06451416015625,0.399169921875,0.6884765625,0.4130859375,0.1810302734375
373,M_0107_07y7m_1_dysfluent_003,0.018768310546875,0.2276611328125,0.2861328125,0.58154296875,0.13623046875
374,M_0107_07y7m_1_dysfluent_004,0.015716552734375,0.178955078125,0.205810546875,0.7158203125,0.1312255859375
375,M_0107_07y7m_1_dysfluent_005,0.05242919921875,0.2186279296875,0.193359375,0.6396484375,0.60205078125
376,M_0107_07y7m_1_dysfluent_006,0.51123046875,0.1915283203125,0.06854248046875,0.040679931640625,0.78662109375
377,M_0107_07y7m_1_dysfluent_007,0.36328125,0.327880859375,0.275390625,0.47509765625,0.8076171875
378,M_0107_07y7m_1_dysfluent_008,0.305908203125,0.2220458984375,0.15966796875,0.65478515625,0.6904296875
379,M_0107_07y7m_1_dysfluent_009,0.26416015625,0.372802734375,0.419189453125,0.630859375,0.54052734375
380,M_0107_07y7m_1_dysfluent_010,0.2401123046875,0.35107421875,0.381103515625,0.7529296875,0.418701171875
381,M_0107_07y7m_1_dysfluent_011,0.143310546875,0.165771484375,0.0328369140625,0.0103302001953125,0.34375
382,M_0107_07y7m_1_dysfluent_012,0.036834716796875,0.2230224609375,0.2186279296875,0.79150390625,0.402099609375
383,M_0107_07y7m_1_dysfluent_013,0.21484375,0.1474609375,0.04296875,0.054595947265625,0.92919921875
384,M_0107_07y7m_1_dysfluent_014,0.2015380859375,0.1507568359375,0.045440673828125,0.054595947265625,0.931640625
385,M_0107_07y7m_1_dysfluent_015,0.30126953125,0.153564453125,0.037109375,0.0272216796875,0.80322265625
386,M_0107_07y7m_1_dysfluent_016,0.1468505859375,0.08978271484375,0.0169830322265625,0.0181884765625,0.73974609375
387,M_0107_07y7m_1_dysfluent_017,0.044586181640625,0.288330078125,0.432861328125,0.5126953125,0.1087646484375
388,M_0107_07y7m_1_dysfluent_018,0.052032470703125,0.283203125,0.41796875,0.6650390625,0.1339111328125
389,M_0107_07y7m_1_dysfluent_019,0.03460693359375,0.228271484375,0.284912109375,0.62451171875,0.081787109375
390,M_0107_07y7m_1_dysfluent_020,0.027069091796875,0.1693115234375,0.057281494140625,0.047607421875,0.09124755859375
391,M_0107_07y7m_1_dysfluent_021,0.054412841796875,0.09173583984375,0.01090240478515625,0.01061248779296875,0.131591796875
392,M_0107_07y7m_1_dysfluent_022,0.1416015625,0.388427734375,0.42431640625,0.1328125,0.0604248046875
393,M_0107_07y7m_1_dysfluent_023,0.2080078125,0.167724609375,0.050506591796875,0.0535888671875,0.9150390625
394,M_0107_07y7m_1_dysfluent_024,0.1903076171875,0.1773681640625,0.055511474609375,0.058441162109375,0.92431640625
395,M_0107_07y7m_1_dysfluent_025,0.3330078125,0.278076171875,0.2293701171875,0.145751953125,0.13037109375
396,M_0107_07y7m_1_dysfluent_026,0.04132080078125,0.13818359375,0.07696533203125,0.73876953125,0.09332275390625
397,M_0107_07y7m_1_dysfluent_027,0.75048828125,0.36181640625,0.18798828125,0.048126220703125,0.131591796875
398,M_0107_07y7m_1_dysfluent_028,0.75048828125,0.361572265625,0.18798828125,0.048126220703125,0.131591796875
399,M_0107_07y7m_1_dysfluent_029,0.548828125,0.20703125,0.04217529296875,0.012481689453125,0.28125
400,M_0107_07y7m_1_dysfluent_030,0.634765625,0.1728515625,0.0374755859375,0.015777587890625,0.17822265625
401,M_0107_07y7m_1_dysfluent_031,0.748046875,0.2254638671875,0.064208984375,0.021697998046875,0.062225341796875
402,M_0107_07y7m_1_dysfluent_032,0.62841796875,0.14990234375,0.0272674560546875,0.01229095458984375,0.11199951171875
403,M_0107_07y7m_1_dysfluent_033,0.2462158203125,0.281982421875,0.1781005859375,0.07135009765625,0.83251953125
404,M_0107_07y7m_1_dysfluent_034,0.28369140625,0.254150390625,0.1207275390625,0.0322265625,0.6513671875
405,M_0107_07y7m_1_dysfluent_035,0.18994140625,0.278076171875,0.1329345703125,0.017181396484375,0.3349609375
406,M_0107_07y7m_1_dysfluent_036,0.168701171875,0.326904296875,0.2139892578125,0.0212860107421875,0.2548828125
407,M_0107_07y7m_1_dysfluent_037,0.1563720703125,0.248046875,0.11578369140625,0.06903076171875,0.88134765625
408,M_0107_07y7m_1_dysfluent_038,0.1451416015625,0.2393798828125,0.110107421875,0.0855712890625,0.89404296875
409,M_0107_07y7m_1_dysfluent_039,0.13671875,0.2132568359375,0.10394287109375,0.158203125,0.92431640625
410,M_0107_07y7m_1_dysfluent_040,0.1556396484375,0.255126953125,0.1427001953125,0.1727294921875,0.9072265625
411,M_0107_07y7m_1_dysfluent_041,0.06817626953125,0.2020263671875,0.1890869140625,0.75244140625,0.0843505859375
412,M_0107_07y7m_1_dysfluent_042,0.06817626953125,0.2020263671875,0.1890869140625,0.75244140625,0.0843505859375
413,M_0107_07y7m_1_dysfluent_043,0.0341796875,0.156982421875,0.127685546875,0.8388671875,0.08135986328125
414,M_0107_07y7m_1_dysfluent_044,0.0341796875,0.156982421875,0.127685546875,0.8388671875,0.08135986328125
415,M_0107_07y7m_1_dysfluent_045,0.0703125,0.2978515625,0.137451171875,0.01262664794921875,0.089111328125
416,M_0107_07y7m_1_dysfluent_046,0.318603515625,0.40234375,0.397216796875,0.055511474609375,0.11798095703125
417,M_0107_07y7m_1_dysfluent_047,0.53857421875,0.39501953125,0.313232421875,0.07208251953125,0.394287109375
418,M_0107_07y7m_1_dysfluent_048,0.378173828125,0.31640625,0.2486572265625,0.1063232421875,0.7255859375
419,M_0107_07y7m_1_dysfluent_049,0.258056640625,0.29833984375,0.27001953125,0.105224609375,0.76806640625
420,M_0107_07y7m_1_dysfluent_050,0.0225067138671875,0.0943603515625,0.01358795166015625,0.0179901123046875,0.0753173828125
421,M_0107_07y7m_1_dysfluent_051,0.537109375,0.1307373046875,0.0222930908203125,0.01242828369140625,0.2489013671875
422,M_0107_07y7m_1_dysfluent_052,0.03326416015625,0.2342529296875,0.28857421875,0.51904296875,0.280029296875
423,M_0107_07y7m_1_dysfluent_053,0.1729736328125,0.270263671875,0.2470703125,0.67919921875,0.76171875
424,M_0107_07y7m_1_dysfluent_054,0.1697998046875,0.2568359375,0.2047119140625,0.65771484375,0.82177734375
425,M_0107_07y7m_1_dysfluent_055,0.1978759765625,0.230224609375,0.1171875,0.0943603515625,0.87158203125
426,M_0107_07y7m_1_dysfluent_056,0.07464599609375,0.14453125,0.04107666015625,0.06671142578125,0.83984375
427,M_0107_07y7m_1_dysfluent_057,0.08831787109375,0.15625,0.04345703125,0.0703125,0.85986328125
428,M_0107_07y7m_1_dysfluent_058,0.0222015380859375,0.1805419921875,0.23779296875,0.71630859375,0.114990234375
429,M_0107_07y7m_1_dysfluent_059,0.339111328125,0.166259765625,0.031982421875,0.00881195068359375,0.0504150390625
430,M_0107_07y7m_1_dysfluent_060,0.64501953125,0.18994140625,0.041229248046875,0.010009765625,0.0504150390625
431,M_0107_07y7m_1_dysfluent_061,0.5029296875,0.188232421875,0.03948974609375,0.007724761962890625,0.05865478515625
432,M_0107_07y7m_1_dysfluent_062,0.053497314453125,0.433837890625,0.2208251953125,0.0283355712890625,0.03662109375
433,M_0107_07y7m_1_dysfluent_063,0.0252685546875,0.202392578125,0.1246337890625,0.19873046875,0.02752685546875
434,M_0107_07y7m_1_dysfluent_064,0.3369140625,0.1279296875,0.0306243896484375,0.0271759033203125,0.734375
435,M_0107_07y7m_1_dysfluent_065,0.2406005859375,0.1298828125,0.04742431640625,0.1455078125,0.8740234375
436,M_0107_07y7m_1_dysfluent_066,0.74169921875,0.223876953125,0.060760498046875,0.01666259765625,0.11163330078125
437,M_0107_07y7m_1_dysfluent_067,0.54736328125,0.15478515625,0.033843994140625,0.017303466796875,0.10540771484375
438,M_0107_07y7m_1_dysfluent_068,0.04010009765625,0.363037109375,0.5537109375,0.16015625,0.122314453125
439,M_0107_07y7m_1_dysfluent_069,0.04132080078125,0.3662109375,0.576171875,0.207275390625,0.09332275390625
440,M_0107_07y7m_1_dysfluent_070,0.04132080078125,0.3662109375,0.576171875,0.207275390625,0.09332275390625
441,M_0107_07y7m_1_fluent_000,0.02288818359375,0.10992431640625,0.01473236083984375,0.0187225341796875,0.1307373046875
442,M_0107_07y7m_1_fluent_001,0.0225830078125,0.08154296875,0.01029205322265625,0.01406097412109375,0.0205230712890625
443,M_0107_07y7m_1_fluent_002,0.019989013671875,0.10650634765625,0.0164642333984375,0.01267242431640625,0.0182342529296875
444,M_0107_07y7m_1_fluent_003,0.024139404296875,0.1229248046875,0.017181396484375,0.0103302001953125,0.0253753662109375
445,M_0107_07y7m_1_fluent_004,0.0167236328125,0.11029052734375,0.0162811279296875,0.0199127197265625,0.0260009765625
446,M_0107_07y7m_1_fluent_005,0.10992431640625,0.1390380859375,0.037261962890625,0.061431884765625,0.9296875
447,M_0107_07y7m_1_fluent_006,0.79931640625,0.280517578125,0.11676025390625,0.05450439453125,0.11260986328125
448,M_0107_07y7m_1_fluent_007,0.0256195068359375,0.1617431640625,0.021942138671875,0.012054443359375,0.018341064453125
449,M_0107_07y7m_1_fluent_008,0.0247955322265625,0.07989501953125,0.0095977783203125,0.0141754150390625,0.0284881591796875
450,M_0107_07y7m_1_fluent_009,0.160400390625,0.16064453125,0.049774169921875,0.06634521484375,0.939453125
451,M_0107_07y7m_1_fluent_010,0.0156707763671875,0.1285400390625,0.0265045166015625,0.034942626953125,0.019378662109375
452,M_0107_07y7m_1_fluent_011,0.0214080810546875,0.09368896484375,0.01116180419921875,0.019500732421875,0.0171051025390625
453,M_0107_07y7m_1_fluent_012,0.01560211181640625,0.1746826171875,0.037811279296875,0.037109375,0.0224609375
454,M_0107_07y7m_1_fluent_013,0.023651123046875,0.1719970703125,0.0379638671875,0.01433563232421875,0.03131103515625
455,M_0107_07y7m_1_fluent_014,0.0252685546875,0.09600830078125,0.012237548828125,0.01374053955078125,0.027801513671875
456,M_0107_07y7m_1_fluent_015,0.0237274169921875,0.1973876953125,0.043121337890625,0.0162200927734375,0.017913818359375
457,M_0107_07y7m_1_fluent_016,0.029876708984375,0.260986328125,0.061981201171875,0.0240020751953125,0.02386474609375
458,M_0107_07y7m_1_fluent_017,0.03277587890625,0.331787109375,0.090087890625,0.015838623046875,0.0174407958984375
459,M_0107_07y7m_1_fluent_018,0.61962890625,0.1844482421875,0.0303802490234375,0.0090179443359375,0.040008544921875
460,M_0107_07y7m_1_fluent_019,0.0279083251953125,0.1417236328125,0.020416259765625,0.01107025146484375,0.015777587890625
461,M_0107_07y7m_1_fluent_020,0.0255126953125,0.105224609375,0.0142822265625,0.0100555419921875,0.0222930908203125
462,M_0107_07y7m_1_fluent_021,0.03912353515625,0.093017578125,0.01433563232421875,0.0136871337890625,0.31396484375
463,M_0107_07y7m_1_fluent_022,0.0240936279296875,0.09637451171875,0.01214599609375,0.0141143798828125,0.0186920166015625
464,M_0107_07y7m_1_fluent_023,0.091552734375,0.1175537109375,0.027801513671875,0.05108642578125,0.91259765625
465,M_0121_11y1m_1_dysfluent_000,0.044189453125,0.21240234375,0.08770751953125,0.0369873046875,0.5908203125
466,M_0121_11y1m_1_dysfluent_001,0.0255584716796875,0.191650390625,0.0640869140625,0.020294189453125,0.270751953125
467,M_0121_11y1m_1_dysfluent_002,0.06610107421875,0.391357421875,0.47802734375,0.09271240234375,0.267333984375
468,M_0121_11y1m_1_dysfluent_003,0.08343505859375,0.36474609375,0.48486328125,0.264404296875,0.30859375
469,M_0121_11y1m_1_dysfluent_004,0.08343505859375,0.36474609375,0.48486328125,0.264404296875,0.30859375
470,M_0121_11y1m_1_dysfluent_005,0.0765380859375,0.374267578125,0.57275390625,0.4638671875,0.1236572265625
471,M_0121_11y1m_1_dysfluent_006,0.08648681640625,0.35888671875,0.5625,0.471923828125,0.114990234375
472,M_0121_11y1m_1_dysfluent_007,0.061767578125,0.288818359375,0.337158203125,0.421630859375,0.051849365234375
473,M_0121_11y1m_1_dysfluent_008,0.10015869140625,0.505859375,0.650390625,0.11102294921875,0.10687255859375
474,M_0121_11y1m_1_dysfluent_009,0.15185546875,0.51220703125,0.71533203125,0.26220703125,0.37353515625
475,M_0121_11y1m_1_dysfluent_010,0.15185546875,0.51220703125,0.71533203125,0.26220703125,0.37353515625
476,M_0121_11y1m_1_dysfluent_011,0.10247802734375,0.497314453125,0.63525390625,0.08526611328125,0.057373046875
477,M_0121_11y1m_1_dysfluent_012,0.042022705078125,0.2093505859375,0.070556640625,0.040618896484375,0.5927734375
478,M_0121_11y1m_1_dysfluent_013,0.025421142578125,0.2171630859375,0.1309814453125,0.09368896484375,0.5390625
479,M_0121_11y1m_1_dysfluent_014,0.1435546875,0.4521484375,0.67138671875,0.2059326171875,0.33251953125
480,M_0121_11y1m_1_dysfluent_015,0.1436767578125,0.4521484375,0.67138671875,0.2060546875,0.33251953125
481,M_0121_11y1m_1_dysfluent_016,0.06512451171875,0.466064453125,0.318359375,0.10723876953125,0.1270751953125
482,M_0121_11y1m_1_dysfluent_017,0.1597900390625,0.30615234375,0.2335205078125,0.150146484375,0.8583984375
483,M_0121_11y1m_1_dysfluent_018,0.1597900390625,0.30615234375,0.2337646484375,0.150146484375,0.8583984375
484,M_0121_11y1m_1_dysfluent_019,0.03839111328125,0.10430908203125,0.0129241943359375,0.006290435791015625,0.04949951171875
485,M_0121_11y1m_1_dysfluent_020,0.04132080078125,0.291259765625,0.359130859375,0.1676025390625,0.49462890625
486,M_0121_11y1m_1_dysfluent_021,0.2293701171875,0.4892578125,0.6376953125,0.295654296875,0.43017578125
487,M_0121_11y1m_1_dysfluent_022,0.326171875,0.51171875,0.525390625,0.11614990234375,0.2459716796875
488,M_0121_11y1m_1_dysfluent_023,0.326171875,0.51220703125,0.525390625,0.115966796875,0.2459716796875
489,M_0121_11y1m_1_dysfluent_024,0.5087890625,0.4912109375,0.498779296875,0.09039306640625,0.125732421875
490,M_0121_11y1m_1_dysfluent_025,0.76123046875,0.388671875,0.18359375,0.034881591796875,0.103759765625
491,M_0121_11y1m_1_dysfluent_026,0.52392578125,0.479736328125,0.35205078125,0.0272674560546875,0.056549072265625
492,M_0121_11y1m_1_dysfluent_027,0.1583251953125,0.54833984375,0.70947265625,0.0762939453125,0.0889892578125
493,M_0121_11y1m_1_dysfluent_028,0.150634765625,0.5390625,0.666015625,0.059326171875,0.06964111328125
494,M_0121_11y1m_1_dysfluent_029,0.087890625,0.51708984375,0.6708984375,0.075439453125,0.07720947265625
495,M_0121_11y1m_1_dysfluent_030,0.1378173828125,0.53173828125,0.75830078125,0.1114501953125,0.1331787109375
496,M_0121_11y1m_1_dysfluent_031,0.03656005859375,0.293212890625,0.35791015625,0.5810546875,0.281982421875
497,M_0121_11y1m_1_dysfluent_032,0.03656005859375,0.293212890625,0.35791015625,0.5810546875,0.281982421875
498,M_0121_11y1m_1_dysfluent_033,0.05242919921875,0.21142578125,0.1827392578125,0.8662109375,0.291259765625
499,M_0121_11y1m_1_dysfluent_034,0.0165863037109375,0.2191162109375,0.12408447265625,0.059112548828125,0.059112548828125
500,M_0121_11y1m_1_dysfluent_035,0.0165863037109375,0.2325439453125,0.20751953125,0.1279296875,0.0633544921875
501,M_0121_11y1m_1_dysfluent_036,0.17919921875,0.541015625,0.681640625,0.07305908203125,0.1312255859375
502,M_0121_11y1m_1_dysfluent_037,0.206298828125,0.2132568359375,0.040252685546875,0.007289886474609375,0.03021240234375
503,M_0121_11y1m_1_dysfluent_038,0.050506591796875,0.393310546875,0.270263671875,0.0231475830078125,0.02886962890625
504,M_0121_11y1m_1_dysfluent_039,0.050506591796875,0.393310546875,0.270263671875,0.0231475830078125,0.02886962890625
505,M_0121_11y1m_1_dysfluent_040,0.06451416015625,0.41015625,0.67578125,0.1971435546875,0.132568359375
506,M_0121_11y1m_1_dysfluent_041,0.06451416015625,0.41015625,0.67578125,0.1971435546875,0.132568359375
507,M_0121_11y1m_1_dysfluent_042,0.126708984375,0.489501953125,0.74658203125,0.1336669921875,0.126953125
508,M_0121_11y1m_1_dysfluent_043,0.126708984375,0.489501953125,0.74658203125,0.1336669921875,0.126953125
509,M_0121_11y1m_1_dysfluent_044,0.10858154296875,0.50146484375,0.75146484375,0.1982421875,0.1358642578125
510,M_0121_11y1m_1_dysfluent_045,0.061767578125,0.42529296875,0.58154296875,0.413330078125,0.10504150390625
511,M_0121_11y1m_1_dysfluent_046,0.047607421875,0.271240234375,0.358154296875,0.71533203125,0.09320068359375
512,M_0121_11y1m_1_dysfluent_047,0.1810302734375,0.51171875,0.51171875,0.05718994140625,0.0863037109375
513,M_0121_11y1m_1_dysfluent_048,0.1810302734375,0.51171875,0.51171875,0.05706787109375,0.0863037109375
514,M_0121_11y1m_1_dysfluent_049,0.1915283203125,0.533203125,0.7265625,0.12493896484375,0.137939453125
515,M_0121_11y1m_1_dysfluent_050,0.1915283203125,0.533203125,0.7265625,0.12493896484375,0.137939453125
516,M_0121_11y1m_1_dysfluent_051,0.19189453125,0.50146484375,0.625,0.085693359375,0.12188720703125
517,M_0121_11y1m_1_dysfluent_052,0.1163330078125,0.32373046875,0.3759765625,0.24560546875,0.8125
518,M_0121_11y1m_1_dysfluent_053,0.1087646484375,0.357177734375,0.47802734375,0.391357421875,0.68701171875
519,M_0121_11y1m_1_dysfluent_054,0.1300048828125,0.517578125,0.73779296875,0.218505859375,0.281982421875
520,M_0121_11y1m_1_dysfluent_055,0.1300048828125,0.517578125,0.7373046875,0.218505859375,0.281982421875
521,M_0121_11y1m_1_dysfluent_056,0.1705322265625,0.1949462890625,0.05560302734375,0.02886962890625,0.798828125
522,M_0121_11y1m_1_dysfluent_057,0.69873046875,0.251708984375,0.07879638671875,0.020172119140625,0.1981201171875
523,M_0121_11y1m_1_dysfluent_058,0.033843994140625,0.21484375,0.09466552734375,0.057281494140625,0.60302734375
524,M_0121_11y1m_1_dysfluent_059,0.09967041015625,0.479736328125,0.60888671875,0.11199951171875,0.2413330078125
525,M_0121_11y1m_1_dysfluent_060,0.1405029296875,0.5361328125,0.625,0.1070556640625,0.17919921875
526,M_0121_11y1m_1_dysfluent_061,0.1209716796875,0.498291015625,0.74462890625,0.1553955078125,0.1749267578125
527,M_0121_11y1m_1_dysfluent_062,0.1304931640625,0.5048828125,0.7578125,0.1328125,0.1578369140625
528,M_0121_11y1m_1_dysfluent_063,0.5,0.509765625,0.474853515625,0.08831787109375,0.1318359375
529,M_0121_11y1m_1_dysfluent_064,0.537109375,0.51806640625,0.55517578125,0.1265869140625,0.21044921875
530,M_0121_11y1m_1_dysfluent_065,0.537109375,0.51806640625,0.55517578125,0.1265869140625,0.21044921875
531,M_0121_11y1m_1_dysfluent_066,0.126953125,0.52783203125,0.65869140625,0.06927490234375,0.0726318359375
532,M_0121_11y1m_1_dysfluent_067,0.126953125,0.52783203125,0.65869140625,0.06927490234375,0.0726318359375
533,M_0121_11y1m_1_dysfluent_068,0.0185394287109375,0.13427734375,0.042572021484375,0.038604736328125,0.3759765625
534,M_0121_11y1m_1_dysfluent_069,0.16357421875,0.265869140625,0.1893310546875,0.0401611328125,0.36962890625
535,M_0121_11y1m_1_dysfluent_070,0.09930419921875,0.501953125,0.62646484375,0.0592041015625,0.10931396484375
536,M_0121_11y1m_1_dysfluent_071,0.16162109375,0.53466796875,0.77001953125,0.142822265625,0.2001953125
537,M_0121_11y1m_1_dysfluent_072,0.16162109375,0.53466796875,0.77001953125,0.142822265625,0.2001953125
538,M_0121_11y1m_1_dysfluent_073,0.061431884765625,0.34765625,0.48583984375,0.59375,0.1348876953125
539,M_0121_11y1m_1_dysfluent_074,0.0618896484375,0.3671875,0.494384765625,0.50927734375,0.08978271484375
540,M_0121_11y1m_1_dysfluent_075,0.01837158203125,0.326904296875,0.2330322265625,0.1290283203125,0.04351806640625
541,M_0121_11y1m_1_dysfluent_076,0.061309814453125,0.322509765625,0.434814453125,0.1343994140625,0.51513671875
542,M_0121_11y1m_1_dysfluent_077,0.0287628173828125,0.1903076171875,0.165283203125,0.8212890625,0.08758544921875
543,M_0121_11y1m_1_dysfluent_078,0.0287628173828125,0.1903076171875,0.165283203125,0.8212890625,0.08758544921875
544,M_0121_11y1m_1_dysfluent_079,0.0306243896484375,0.1724853515625,0.12347412109375,0.89111328125,0.154541015625
545,M_0121_11y1m_1_dysfluent_080,0.0306243896484375,0.1724853515625,0.12335205078125,0.89111328125,0.154541015625
546,M_0121_11y1m_1_dysfluent_081,0.09271240234375,0.382080078125,0.57177734375,0.59326171875,0.1361083984375
547,M_0121_11y1m_1_dysfluent_082,0.15673828125,0.52587890625,0.77197265625,0.1358642578125,0.1441650390625
548,M_0121_11y1m_1_dysfluent_083,0.46923828125,0.363037109375,0.1949462890625,0.0567626953125,0.62060546875
549,M_0121_11y1m_1_dysfluent_084,0.46923828125,0.363037109375,0.1949462890625,0.0567626953125,0.62109375
550,M_0121_11y1m_1_dysfluent_085,0.08770751953125,0.46533203125,0.51171875,0.07342529296875,0.1805419921875
551,M_0121_11y1m_1_dysfluent_086,0.06427001953125,0.46240234375,0.607421875,0.0728759765625,0.058013916015625
552,M_0121_11y1m_1_dysfluent_087,0.0816650390625,0.478759765625,0.7255859375,0.1187744140625,0.0953369140625
553,M_0121_11y1m_1_dysfluent_088,0.0816650390625,0.478759765625,0.7255859375,0.1187744140625,0.0953369140625
554,M_0121_11y1m_1_dysfluent_089,0.10357666015625,0.488037109375,0.72265625,0.1236572265625,0.08770751953125
555,M_0121_11y1m_1_dysfluent_090,0.1094970703125,0.1015625,0.01049041748046875,0.00800323486328125,0.0283355712890625
556,M_0121_11y1m_1_dysfluent_091,0.1094970703125,0.1015625,0.01049041748046875,0.00800323486328125,0.0283355712890625
557,M_0121_11y1m_1_dysfluent_092,0.055511474609375,0.30419921875,0.4833984375,0.25927734375,0.418212890625
558,M_0121_11y1m_1_dysfluent_093,0.055419921875,0.30419921875,0.4833984375,0.259033203125,0.418212890625
559,M_0121_11y1m_1_dysfluent_094,0.0738525390625,0.437744140625,0.69482421875,0.1583251953125,0.237060546875
560,M_0121_11y1m_1_dysfluent_095,0.0738525390625,0.437744140625,0.69482421875,0.1583251953125,0.237060546875
561,M_0121_11y1m_1_dysfluent_096,0.1739501953125,0.52685546875,0.6796875,0.11859130859375,0.2493896484375
562,M_0121_11y1m_1_dysfluent_097,0.1539306640625,0.51171875,0.6953125,0.089599609375,0.107421875
563,M_0121_11y1m_1_dysfluent_098,0.1171875,0.5048828125,0.76123046875,0.236572265625,0.2271728515625
564,M_0121_11y1m_1_dysfluent_099,0.1171875,0.5048828125,0.76123046875,0.236572265625,0.2271728515625
565,M_0121_11y1m_1_dysfluent_100,0.0872802734375,0.48876953125,0.77001953125,0.230224609375,0.1483154296875
566,M_0121_11y1m_1_dysfluent_101,0.183837890625,0.492431640625,0.39697265625,0.036285400390625,0.0966796875
567,M_0121_11y1m_1_dysfluent_102,0.044281005859375,0.33740234375,0.178466796875,0.0169830322265625,0.0546875
568,M_0121_11y1m_1_dysfluent_103,0.051361083984375,0.35693359375,0.455322265625,0.1263427734375,0.1270751953125
569,M_0121_11y1m_1_dysfluent_104,0.022979736328125,0.29150390625,0.368408203125,0.1925048828125,0.12420654296875
570,M_0121_11y1m_1_dysfluent_105,0.0390625,0.37548828125,0.54248046875,0.151123046875,0.09332275390625
571,M_0121_11y1m_1_fluent_000,0.0390625,0.12359619140625,0.0211639404296875,0.00766754150390625,0.15478515625
572,M_0121_11y1m_1_fluent_001,0.0207977294921875,0.1163330078125,0.02069091796875,0.01337432861328125,0.1693115234375
573,M_0121_11y1m_1_fluent_002,0.038330078125,0.12200927734375,0.021331787109375,0.0083465576171875,0.18310546875
574,M_0121_11y1m_1_fluent_003,0.020294189453125,0.128662109375,0.020172119140625,0.01242828369140625,0.12042236328125
575,M_0121_11y1m_1_fluent_004,0.021484375,0.166259765625,0.033966064453125,0.0090179443359375,0.029205322265625
576,M_0121_11y1m_1_fluent_005,0.01678466796875,0.1124267578125,0.0179901123046875,0.01132965087890625,0.04132080078125
577,M_0121_11y1m_1_fluent_006,0.11083984375,0.53955078125,0.7353515625,0.0885009765625,0.09844970703125
578,M_0121_11y1m_1_fluent_007,0.020416259765625,0.15087890625,0.0240020751953125,0.00841522216796875,0.027069091796875
579,M_0121_11y1m_1_fluent_008,0.024383544921875,0.1483154296875,0.02801513671875,0.01094818115234375,0.11126708984375
580,M_0121_15y1m_1_dysfluent_000,0.0230712890625,0.1466064453125,0.0293121337890625,0.011688232421875,0.1878662109375
581,M_0121_15y1m_1_dysfluent_001,0.037261962890625,0.29150390625,0.362060546875,0.4306640625,0.05987548828125
582,M_0121_15y1m_1_dysfluent_002,0.0269622802734375,0.2254638671875,0.2265625,0.572265625,0.055511474609375
583,M_0121_15y1m_1_dysfluent_003,0.0439453125,0.306640625,0.412353515625,0.52587890625,0.06268310546875
584,M_0121_15y1m_1_dysfluent_004,0.055938720703125,0.3583984375,0.55029296875,0.53125,0.2607421875
585,M_0121_15y1m_1_dysfluent_005,0.0360107421875,0.1988525390625,0.1778564453125,0.80322265625,0.435546875
586,M_0121_15y1m_1_dysfluent_006,0.1121826171875,0.52783203125,0.71533203125,0.10284423828125,0.1483154296875
587,M_0121_15y1m_1_dysfluent_007,0.138427734375,0.43896484375,0.322509765625,0.0293731689453125,0.2109375
588,M_0121_15y1m_1_dysfluent_008,0.1572265625,0.265380859375,0.06903076171875,0.028167724609375,0.66015625
589,M_0121_15y1m_1_dysfluent_009,0.0831298828125,0.2335205078125,0.2109375,0.77880859375,0.53955078125
590,M_0121_15y1m_1_dysfluent_010,0.075439453125,0.1878662109375,0.1380615234375,0.9228515625,0.291748046875
591,M_0121_15y1m_1_dysfluent_011,0.125732421875,0.45166015625,0.46728515625,0.1710205078125,0.5966796875
592,M_0121_15y1m_1_dysfluent_012,0.1646728515625,0.491455078125,0.5859375,0.1807861328125,0.2337646484375
593,M_0121_15y1m_1_dysfluent_013,0.12359619140625,0.41748046875,0.50537109375,0.171142578125,0.6474609375
594,M_0121_15y1m_1_dysfluent_014,0.10968017578125,0.249755859375,0.11297607421875,0.06646728515625,0.83935546875
595,M_0121_15y1m_1_dysfluent_015,0.1397705078125,0.30126953125,0.2939453125,0.7958984375,0.65478515625
596,M_0121_15y1m_1_dysfluent_016,0.1251220703125,0.278564453125,0.25244140625,0.8115234375,0.67138671875
597,M_0121_15y1m_1_dysfluent_017,0.1414794921875,0.3046875,0.327880859375,0.75634765625,0.5849609375
598,M_0121_15y1m_1_dysfluent_018,0.12359619140625,0.513671875,0.62109375,0.057708740234375,0.10687255859375
599,M_0121_15y1m_1_dysfluent_019,0.1297607421875,0.489990234375,0.56640625,0.047698974609375,0.11419677734375
600,M_0121_15y1m_1_dysfluent_020,0.05242919921875,0.11614990234375,0.0241851806640625,0.0374755859375,0.82421875
601,M_0121_15y1m_1_dysfluent_021,0.1812744140625,0.42529296875,0.4384765625,0.1083984375,0.60205078125
602,M_0121_15y1m_1_dysfluent_022,0.0994873046875,0.1995849609375,0.08282470703125,0.063232421875,0.87744140625
603,M_0121_15y1m_1_dysfluent_023,0.1702880859375,0.380615234375,0.3125,0.03656005859375,0.30419921875
604,M_0121_15y1m_1_dysfluent_024,0.029754638671875,0.1666259765625,0.11376953125,0.896484375,0.186279296875
605,M_0121_15y1m_1_dysfluent_025,0.029754638671875,0.1666259765625,0.11376953125,0.896484375,0.186279296875
606,M_0121_15y1m_1_dysfluent_026,0.036712646484375,0.1324462890625,0.0521240234375,0.681640625,0.314208984375
607,M_0121_15y1m_1_dysfluent_027,0.50146484375,0.369873046875,0.284912109375,0.1591796875,0.09844970703125
608,M_0121_15y1m_1_dysfluent_028,0.04400634765625,0.1463623046875,0.1300048828125,0.8740234375,0.239013671875
609,M_0121_15y1m_1_dysfluent_029,0.04638671875,0.15869140625,0.13427734375,0.90283203125,0.294921875
610,M_0121_15y1m_1_dysfluent_030,0.172607421875,0.37646484375,0.45458984375,0.5966796875,0.6328125
611,M_0121_15y1m_1_dysfluent_031,0.1993408203125,0.45361328125,0.61083984375,0.2239990234375,0.5654296875
612,M_0121_15y1m_1_dysfluent_032,0.09722900390625,0.4697265625,0.5986328125,0.1300048828125,0.263671875
613,M_0121_15y1m_1_dysfluent_033,0.09967041015625,0.5087890625,0.58544921875,0.047698974609375,0.0810546875
614,M_0121_15y1m_1_dysfluent_034,0.053192138671875,0.1845703125,0.169189453125,0.91162109375,0.30859375
615,M_0121_15y1m_1_dysfluent_035,0.103759765625,0.2469482421875,0.23681640625,0.8447265625,0.5849609375
616,M_0121_15y1m_1_dysfluent_036,0.1697998046875,0.452880859375,0.57958984375,0.12139892578125,0.48974609375
617,M_0121_15y1m_1_dysfluent_037,0.1336669921875,0.429931640625,0.6220703125,0.29931640625,0.09771728515625
618,M_0121_15y1m_1_dysfluent_038,0.0411376953125,0.2198486328125,0.197265625,0.76806640625,0.09368896484375
619,M_0121_15y1m_1_dysfluent_039,0.0285491943359375,0.1397705078125,0.0850830078125,0.791015625,0.0982666015625
620,M_0121_15y1m_1_dysfluent_040,0.1602783203125,0.544921875,0.70166015625,0.11029052734375,0.09173583984375
621,M_0121_15y1m_1_dysfluent_041,0.054595947265625,0.39453125,0.4228515625,0.144287109375,0.053009033203125
622,M_0121_15y1m_1_dysfluent_042,0.042877197265625,0.2998046875,0.355224609375,0.57666015625,0.07904052734375
623,M_0121_15y1m_1_dysfluent_043,0.039794921875,0.365966796875,0.43115234375,0.354736328125,0.082275390625
624,M_0121_15y1m_1_dysfluent_044,0.05242919921875,0.26708984375,0.2462158203125,0.298828125,0.097900390625
625,M_0121_15y1m_1_dysfluent_045,0.014007568359375,0.232666015625,0.200439453125,0.356201171875,0.09637451171875
626,M_0121_15y1m_1_dysfluent_046,0.12744140625,0.50439453125,0.72265625,0.17626953125,0.2149658203125
627,M_0121_15y1m_1_dysfluent_047,0.12176513671875,0.5146484375,0.73779296875,0.1807861328125,0.1728515625
628,M_0121_15y1m_1_dysfluent_048,0.118408203125,0.52099609375,0.765625,0.1336669921875,0.15234375
629,M_0121_15y1m_1_dysfluent_049,0.027740478515625,0.1209716796875,0.07135009765625,0.88427734375,0.208984375
630,M_0121_15y1m_1_dysfluent_050,0.02801513671875,0.357421875,0.178955078125,0.02203369140625,0.02215576171875
631,M_0121_15y1m_1_dysfluent_051,0.0321044921875,0.1783447265625,0.029144287109375,0.0110321044921875,0.03460693359375
632,M_0121_15y1m_1_dysfluent_052,0.2462158203125,0.47412109375,0.271484375,0.0170440673828125,0.028594970703125
633,M_0121_15y1m_1_dysfluent_053,0.0220794677734375,0.200439453125,0.16943359375,0.68310546875,0.12066650390625
634,M_0121_15y1m_1_dysfluent_054,0.03643798828125,0.26806640625,0.331787109375,0.64599609375,0.0738525390625
635,M_0121_15y1m_1_dysfluent_055,0.03643798828125,0.26806640625,0.331787109375,0.64599609375,0.0738525390625
636,M_0121_15y1m_1_dysfluent_056,0.07489013671875,0.204833984375,0.126220703125,0.77001953125,0.77294921875
637,M_0121_15y1m_1_dysfluent_057,0.15234375,0.26904296875,0.191162109375,0.200439453125,0.9169921875
638,M_0121_15y1m_1_dysfluent_058,0.1820068359375,0.28857421875,0.1904296875,0.1177978515625,0.8955078125
639,M_0121_15y1m_1_dysfluent_059,0.1754150390625,0.227294921875,0.04931640625,0.007904052734375,0.06561279296875
640,M_0121_15y1m_1_dysfluent_060,0.1048583984375,0.483154296875,0.45068359375,0.0313720703125,0.07208251953125
641,M_0121_15y1m_1_dysfluent_061,0.1175537109375,0.30859375,0.0635986328125,0.0082855224609375,0.027435302734375
642,M_0121_15y1m_1_dysfluent_062,0.1177978515625,0.30859375,0.0635986328125,0.0082855224609375,0.027435302734375
643,M_0121_15y1m_1_dysfluent_063,0.0318603515625,0.18701171875,0.12188720703125,0.84716796875,0.09552001953125
644,M_0121_15y1m_1_dysfluent_064,0.0318603515625,0.18701171875,0.12188720703125,0.84716796875,0.09552001953125
645,M_0121_15y1m_1_dysfluent_065,0.0211181640625,0.12548828125,0.053802490234375,0.85205078125,0.09722900390625
646,M_0121_15y1m_1_dysfluent_066,0.0177154541015625,0.1568603515625,0.08648681640625,0.80078125,0.1678466796875
647,M_0121_15y1m_1_dysfluent_067,0.03021240234375,0.2119140625,0.2171630859375,0.4306640625,0.2049560546875
648,M_0121_15y1m_1_dysfluent_068,0.02423095703125,0.1507568359375,0.1240234375,0.7841796875,0.07965087890625
649,M_0121_15y1m_1_dysfluent_069,0.0546875,0.44775390625,0.431640625,0.039337158203125,0.04046630859375
650,M_0121_15y1m_1_dysfluent_070,0.10931396484375,0.53564453125,0.65234375,0.058990478515625,0.06463623046875
651,M_0121_15y1m_1_dysfluent_071,0.265625,0.51611328125,0.61572265625,0.08660888671875,0.2109375
652,M_0121_15y1m_1_dysfluent_072,0.2242431640625,0.2880859375,0.2685546875,0.67626953125,0.1689453125
653,M_0121_15y1m_1_dysfluent_073,0.75048828125,0.423095703125,0.255615234375,0.042083740234375,0.1063232421875
654,M_0121_15y1m_1_dysfluent_074,0.0374755859375,0.216064453125,0.2646484375,0.7890625,0.1326904296875
655,M_0121_15y1m_1_dysfluent_075,0.0313720703125,0.1673583984375,0.10211181640625,0.76318359375,0.32177734375
656,M_0121_15y1m_1_dysfluent_076,0.058441162109375,0.2347412109375,0.1998291015625,0.80078125,0.390869140625
657,M_0121_15y1m_1_dysfluent_077,0.0604248046875,0.459716796875,0.45068359375,0.0838623046875,0.175537109375
658,M_0121_15y1m_1_dysfluent_078,0.0251312255859375,0.08270263671875,0.01953125,0.3837890625,0.09808349609375
659,M_0121_15y1m_1_dysfluent_079,0.1397705078125,0.460205078125,0.60693359375,0.10321044921875,0.09368896484375
660,M_0121_15y1m_1_dysfluent_080,0.180419921875,0.5234375,0.75537109375,0.1224365234375,0.1597900390625
661,M_0121_15y1m_1_dysfluent_081,0.08868408203125,0.486083984375,0.6962890625,0.2113037109375,0.1866455078125
662,M_0121_15y1m_1_dysfluent_082,0.03955078125,0.1845703125,0.12200927734375,0.55126953125,0.463134765625
663,M_0121_15y1m_1_dysfluent_083,0.03179931640625,0.2254638671875,0.2666015625,0.767578125,0.09320068359375
664,M_0121_15y1m_1_dysfluent_084,0.03179931640625,0.2254638671875,0.2666015625,0.767578125,0.09320068359375
665,M_0121_15y1m_1_dysfluent_085,0.043853759765625,0.2264404296875,0.2213134765625,0.89208984375,0.2490234375
666,M_0121_15y1m_1_dysfluent_086,0.043853759765625,0.2264404296875,0.2213134765625,0.89208984375,0.2490234375
667,M_0121_15y1m_1_dysfluent_087,0.0975341796875,0.2130126953125,0.1470947265625,0.80224609375,0.75830078125
668,M_0121_15y1m_1_dysfluent_088,0.0975341796875,0.2130126953125,0.1470947265625,0.80224609375,0.75830078125
669,M_0121_15y1m_1_dysfluent_089,0.0948486328125,0.222900390625,0.1871337890625,0.8515625,0.62158203125
670,M_0121_15y1m_1_dysfluent_090,0.10968017578125,0.2509765625,0.2218017578125,0.84130859375,0.64306640625
671,M_0121_15y1m_1_dysfluent_091,0.20263671875,0.476806640625,0.650390625,0.358642578125,0.53076171875
672,M_0121_15y1m_1_dysfluent_092,0.09320068359375,0.513671875,0.6474609375,0.0618896484375,0.059539794921875
673,M_0121_15y1m_1_dysfluent_093,0.06890869140625,0.11029052734375,0.0169830322265625,0.029541015625,0.7138671875
674,M_0121_15y1m_1_dysfluent_094,0.09588623046875,0.475830078125,0.7119140625,0.22265625,0.137939453125
675,M_0121_15y1m_1_dysfluent_095,0.08331298828125,0.25830078125,0.2210693359375,0.45849609375,0.82080078125
676,M_0121_15y1m_1_dysfluent_096,0.10174560546875,0.234619140625,0.1336669921875,0.2078857421875,0.87939453125
677,M_0121_15y1m_1_dysfluent_097,0.2103271484375,0.176513671875,0.043609619140625,0.02685546875,0.8134765625
678,M_0121_15y1m_1_dysfluent_098,0.242919921875,0.178955078125,0.048309326171875,0.025177001953125,0.81201171875
679,M_0121_15y1m_1_dysfluent_099,0.0199432373046875,0.141845703125,0.0233306884765625,0.0180511474609375,0.021209716796875
680,M_0121_15y1m_1_fluent_000,0.027801513671875,0.341796875,0.2216796875,0.024932861328125,0.03521728515625
681,M_0121_15y1m_1_fluent_001,0.1041259765625,0.54443359375,0.697265625,0.07904052734375,0.09686279296875
682,M_0121_15y1m_1_fluent_002,0.022979736328125,0.1611328125,0.029876708984375,0.01132965087890625,0.030670166015625
683,M_0121_15y1m_1_fluent_003,0.0273284912109375,0.0880126953125,0.01332855224609375,0.0115509033203125,0.253662109375
684,M_0121_15y1m_1_fluent_004,0.0215301513671875,0.08709716796875,0.011688232421875,0.0121002197265625,0.0221099853515625
685,M_0121_15y1m_1_fluent_005,0.017913818359375,0.2509765625,0.1134033203125,0.03125,0.044097900390625
686,M_0121_15y1m_1_fluent_006,0.0220794677734375,0.105224609375,0.014556884765625,0.00981903076171875,0.022369384765625
687,M_0121_15y1m_1_fluent_007,0.0321044921875,0.308837890625,0.16845703125,0.0184326171875,0.022247314453125
688,M_0121_15y1m_1_fluent_008,0.06671142578125,0.1651611328125,0.0265045166015625,0.008880615234375,0.01374053955078125
689,M_0121_15y1m_1_fluent_009,0.04296875,0.394287109375,0.505859375,0.09930419921875,0.202880859375
690,M_0121_15y1m_1_fluent_010,0.05511474609375,0.0948486328125,0.014556884765625,0.0241851806640625,0.5673828125
691,M_0121_15y1m_1_fluent_011,0.02447509765625,0.259033203125,0.1055908203125,0.0242767333984375,0.1365966796875
692,M_0121_15y1m_1_fluent_012,0.0272216796875,0.340576171875,0.2347412109375,0.030792236328125,0.03582763671875
693,M_0121_15y1m_1_fluent_013,0.0167236328125,0.278564453125,0.14990234375,0.040679931640625,0.1502685546875
694,M_0121_15y1m_1_fluent_014,0.027435302734375,0.1063232421875,0.01483917236328125,0.00861358642578125,0.0269622802734375
695,M_0121_15y1m_1_fluent_015,0.10650634765625,0.12890625,0.0182647705078125,0.0082550048828125,0.0203704833984375
696,M_0121_15y1m_1_fluent_016,0.026153564453125,0.11126708984375,0.018646240234375,0.009674072265625,0.146484375
697,M_0121_15y1m_1_fluent_017,0.0136871337890625,0.1981201171875,0.077392578125,0.045196533203125,0.040008544921875
698,M_0121_15y1m_1_fluent_018,0.0224151611328125,0.244384765625,0.07366943359375,0.017181396484375,0.05877685546875
699,M_0121_15y1m_1_fluent_019,0.1290283203125,0.52001953125,0.765625,0.1187744140625,0.1593017578125
700,M_0121_15y1m_1_fluent_020,0.0257110595703125,0.11395263671875,0.0153656005859375,0.0083160400390625,0.0258636474609375
701,M_0121_15y1m_1_fluent_021,0.01332855224609375,0.1661376953125,0.0472412109375,0.04345703125,0.0278472900390625
702,M_0121_15y1m_1_fluent_022,0.0245208740234375,0.12451171875,0.019012451171875,0.010986328125,0.0188751220703125
703,M_0121_15y1m_1_fluent_023,0.019378662109375,0.0850830078125,0.012237548828125,0.016845703125,0.04083251953125
704,M_0121_15y1m_1_fluent_024,0.01467132568359375,0.2269287109375,0.0782470703125,0.028106689453125,0.06671142578125
705,M_0121_15y1m_1_fluent_025,0.0164031982421875,0.1512451171875,0.029205322265625,0.01473236083984375,0.0296478271484375
706,M_0121_15y1m_1_fluent_026,0.0169830322265625,0.1248779296875,0.0192413330078125,0.0206451416015625,0.0136871337890625
707,M_0121_15y1m_1_fluent_027,0.07318115234375,0.458251953125,0.62158203125,0.0704345703125,0.1171875
708,M_0121_15y1m_1_fluent_028,0.01861572265625,0.1654052734375,0.03338623046875,0.0144500732421875,0.03131103515625
709,M_0121_15y1m_1_fluent_029,0.0206451416015625,0.14990234375,0.02752685546875,0.0095977783203125,0.01751708984375
710,M_0121_15y1m_1_fluent_030,0.039794921875,0.289794921875,0.1209716796875,0.018096923828125,0.0616455078125
711,M_0121_15y1m_1_fluent_031,0.0252685546875,0.06781005859375,0.00766754150390625,0.015777587890625,0.1978759765625
712,M_0121_15y1m_1_fluent_032,0.1282958984375,0.1041259765625,0.01953125,0.0171051025390625,0.72021484375
713,M_0121_15y1m_1_fluent_033,0.063232421875,0.196044921875,0.033721923828125,0.0087127685546875,0.0230255126953125
714,M_0121_15y1m_1_fluent_034,0.0252685546875,0.1175537109375,0.0167236328125,0.00878143310546875,0.02447509765625
715,M_0121_15y1m_1_fluent_035,0.16259765625,0.54296875,0.74755859375,0.102294921875,0.1187744140625
716,M_0121_15y1m_1_fluent_036,0.033966064453125,0.270263671875,0.0762939453125,0.0135345458984375,0.01971435546875
717,M_0121_15y1m_1_fluent_037,0.0121917724609375,0.1884765625,0.07305908203125,0.08062744140625,0.0310821533203125
718,M_0121_15y1m_1_fluent_038,0.06500244140625,0.093994140625,0.0136871337890625,0.017913818359375,0.51318359375
719,M_0121_15y1m_1_fluent_039,0.045257568359375,0.2138671875,0.058990478515625,0.010650634765625,0.016845703125
720,M_0121_15y1m_1_fluent_040,0.04620361328125,0.423583984375,0.438232421875,0.037750244140625,0.0401611328125
721,M_0121_15y1m_1_fluent_041,0.03021240234375,0.1844482421875,0.040985107421875,0.00919342041015625,0.1044921875
722,M_0121_15y1m_1_fluent_042,0.106689453125,0.52392578125,0.701171875,0.07476806640625,0.0953369140625
723,M_0121_15y1m_1_fluent_043,0.039642333984375,0.2138671875,0.11578369140625,0.059661865234375,0.364990234375
724,M_0121_15y1m_1_fluent_044,0.0213623046875,0.2076416015625,0.051177978515625,0.013275146484375,0.05792236328125
725,M_0121_15y1m_1_fluent_045,0.0863037109375,0.50927734375,0.6943359375,0.07208251953125,0.08050537109375
726,M_0121_15y1m_1_fluent_046,0.04803466796875,0.43603515625,0.429931640625,0.03228759765625,0.04681396484375
727,M_0121_15y1m_1_fluent_047,0.020416259765625,0.131103515625,0.0200653076171875,0.00930023193359375,0.0285491943359375
728,M_0121_15y1m_1_fluent_048,0.01763916015625,0.1827392578125,0.054107666015625,0.041534423828125,0.26123046875
729,M_0121_15y1m_1_fluent_049,0.050506591796875,0.42236328125,0.51904296875,0.06268310546875,0.10577392578125
730,M_0121_15y1m_1_fluent_050,0.01450347900390625,0.1668701171875,0.06475830078125,0.07586669921875,0.0328369140625
731,M_0121_15y1m_1_fluent_051,0.1265869140625,0.53466796875,0.728515625,0.0863037109375,0.12408447265625
732,M_0121_15y1m_1_fluent_052,0.0309600830078125,0.343017578125,0.31201171875,0.035614013671875,0.044921875
733,M_0121_15y1m_1_fluent_053,0.023468017578125,0.277587890625,0.135009765625,0.0303802490234375,0.1533203125
734,M_0121_15y1m_1_fluent_054,0.046295166015625,0.1937255859375,0.05145263671875,0.00974273681640625,0.019989013671875
735,M_0121_15y1m_1_fluent_055,0.0169219970703125,0.2237548828125,0.0704345703125,0.033203125,0.0222015380859375
736,M_0121_15y1m_1_fluent_056,0.033477783203125,0.368896484375,0.41943359375,0.09619140625,0.253173828125
737,M_0121_15y1m_1_fluent_057,0.06719970703125,0.45458984375,0.62744140625,0.089599609375,0.11419677734375
738,M_0121_15y1m_1_fluent_058,0.11126708984375,0.10760498046875,0.018829345703125,0.01473236083984375,0.564453125
739,M_0121_15y1m_1_fluent_059,0.0243377685546875,0.11737060546875,0.0174407958984375,0.0082855224609375,0.038818359375
740,M_0121_15y1m_1_fluent_060,0.070068359375,0.14892578125,0.027435302734375,0.0112457275390625,0.07196044921875
741,M_0121_15y1m_1_fluent_061,0.05975341796875,0.462890625,0.53271484375,0.0489501953125,0.051361083984375
742,M_0121_15y1m_1_fluent_062,0.08404541015625,0.07977294921875,0.01384735107421875,0.0217437744140625,0.72119140625
743,M_0121_15y1m_1_fluent_063,0.058441162109375,0.4482421875,0.60888671875,0.0701904296875,0.08526611328125
744,M_0121_15y1m_1_fluent_064,0.042388916015625,0.3857421875,0.478515625,0.057708740234375,0.091552734375
745,M_0121_15y1m_1_fluent_065,0.04742431640625,0.38330078125,0.402099609375,0.058349609375,0.1815185546875
746,M_0121_15y1m_1_fluent_066,0.0221099853515625,0.284912109375,0.1260986328125,0.0235595703125,0.04083251953125
747,M_0121_15y1m_1_fluent_067,0.019012451171875,0.10821533203125,0.0200958251953125,0.0162811279296875,0.2149658203125
748,M_0121_15y1m_1_fluent_068,0.019683837890625,0.2156982421875,0.09136962890625,0.0517578125,0.087890625
749,M_0121_15y1m_1_fluent_069,0.0321044921875,0.19775390625,0.06982421875,0.01177978515625,0.0794677734375
750,M_0121_15y1m_1_fluent_070,0.025909423828125,0.23388671875,0.061767578125,0.01111602783203125,0.055206298828125
751,M_0121_15y1m_1_fluent_071,0.0259552001953125,0.1629638671875,0.0311431884765625,0.0074615478515625,0.033905029296875
752,M_0121_15y1m_1_fluent_072,0.0154876708984375,0.169189453125,0.042724609375,0.0201416015625,0.03912353515625
753,M_0121_15y1m_1_fluent_073,0.06658935546875,0.451904296875,0.52734375,0.05718994140625,0.07611083984375
754,M_0121_15y1m_1_fluent_074,0.01016998291015625,0.1134033203125,0.0273284912109375,0.11126708984375,0.039276123046875
755,M_0121_15y1m_1_fluent_075,0.06805419921875,0.45556640625,0.533203125,0.040985107421875,0.050811767578125
756,M_0121_15y1m_1_fluent_076,0.024932861328125,0.251953125,0.06634521484375,0.014617919921875,0.021484375
757,M_0121_15y1m_1_fluent_077,0.021331787109375,0.179443359375,0.08447265625,0.040618896484375,0.1939697265625
758,M_0121_15y1m_1_fluent_078,0.024566650390625,0.1358642578125,0.026153564453125,0.00930023193359375,0.1063232421875
759,M_0121_15y1m_1_fluent_079,0.01242828369140625,0.09027099609375,0.0185089111328125,0.0753173828125,0.0311431884765625
760,M_0553_10y0m_1_dysfluent_000,0.138427734375,0.12066650390625,0.0302734375,0.047332763671875,0.90283203125
761,M_0553_10y0m_1_dysfluent_001,0.1954345703125,0.1878662109375,0.039276123046875,0.012237548828125,0.3427734375
762,M_0553_10y0m_1_dysfluent_002,0.227783203125,0.2076416015625,0.0634765625,0.033660888671875,0.71142578125
763,M_0553_10y0m_1_dysfluent_003,0.0509033203125,0.10211181640625,0.0117340087890625,0.0118255615234375,0.2269287109375
764,M_0553_10y0m_1_dysfluent_004,0.1124267578125,0.1190185546875,0.0216522216796875,0.025177001953125,0.74072265625
765,M_0553_10y0m_1_dysfluent_005,0.1767578125,0.14208984375,0.039703369140625,0.0323486328125,0.88525390625
766,M_0553_10y0m_1_dysfluent_006,0.1558837890625,0.155517578125,0.03131103515625,0.0131683349609375,0.49072265625
767,M_0553_10y0m_1_dysfluent_007,0.0252227783203125,0.2059326171875,0.043365478515625,0.01678466796875,0.01422882080078125
768,M_0553_10y0m_1_dysfluent_008,0.0252227783203125,0.205810546875,0.043365478515625,0.01678466796875,0.01422882080078125
769,M_0553_10y0m_1_dysfluent_009,0.1251220703125,0.365234375,0.42236328125,0.2362060546875,0.73095703125
770,M_0553_10y0m_1_dysfluent_010,0.1251220703125,0.365234375,0.422119140625,0.2362060546875,0.7314453125
771,M_0553_10y0m_1_dysfluent_011,0.056243896484375,0.122314453125,0.049591064453125,0.6806640625,0.82177734375
772,M_0553_10y0m_1_dysfluent_012,0.089111328125,0.1041259765625,0.014007568359375,0.0129241943359375,0.320068359375
773,M_0553_10y0m_1_dysfluent_013,0.089111328125,0.1041259765625,0.014007568359375,0.012969970703125,0.321044921875
774,M_0553_10y0m_1_dysfluent_014,0.04595947265625,0.1087646484375,0.01233673095703125,0.01056671142578125,0.05865478515625
775,M_0553_10y0m_1_dysfluent_015,0.06085205078125,0.268798828125,0.06500244140625,0.01116180419921875,0.0150146484375
776,M_0553_10y0m_1_dysfluent_016,0.279296875,0.2440185546875,0.1041259765625,0.0303802490234375,0.69482421875
777,M_0553_10y0m_1_dysfluent_017,0.357421875,0.1995849609375,0.06982421875,0.027435302734375,0.7744140625
778,M_0553_10y0m_1_dysfluent_018,0.06927490234375,0.0738525390625,0.00930023193359375,0.0189056396484375,0.41943359375
779,M_0553_10y0m_1_dysfluent_019,0.05633544921875,0.1214599609375,0.0164642333984375,0.00803375244140625,0.020843505859375
780,M_0553_10y0m_1_dysfluent_020,0.04107666015625,0.136474609375,0.018798828125,0.007549285888671875,0.0272674560546875
781,M_0553_10y0m_1_dysfluent_021,0.04107666015625,0.136474609375,0.018798828125,0.00757598876953125,0.0272674560546875
782,M_0553_10y0m_1_dysfluent_022,0.04107666015625,0.136474609375,0.018798828125,0.007549285888671875,0.0272674560546875
783,M_0553_10y0m_1_dysfluent_023,0.0271759033203125,0.22802734375,0.06658935546875,0.036163330078125,0.08648681640625
784,M_0553_10y0m_1_dysfluent_024,0.06744384765625,0.387451171875,0.263916015625,0.035614013671875,0.10650634765625
785,M_0553_10y0m_1_dysfluent_025,0.1392822265625,0.11126708984375,0.01363372802734375,0.008514404296875,0.14111328125
786,M_0553_10y0m_1_dysfluent_026,0.15087890625,0.256591796875,0.05194091796875,0.009857177734375,0.01374053955078125
787,M_0553_10y0m_1_dysfluent_027,0.100341796875,0.4599609375,0.437255859375,0.041473388671875,0.039337158203125
788,M_0553_10y0m_1_dysfluent_028,0.08038330078125,0.275146484375,0.10321044921875,0.0106964111328125,0.0192413330078125
789,M_0553_10y0m_1_dysfluent_029,0.05877685546875,0.119384765625,0.0141754150390625,0.007694244384765625,0.02886962890625
790,M_0553_10y0m_1_dysfluent_030,0.04681396484375,0.12188720703125,0.027069091796875,0.06304931640625,0.02685546875
791,M_0553_10y0m_1_dysfluent_031,0.199462890625,0.142822265625,0.0360107421875,0.042633056640625,0.892578125
792,M_0553_10y0m_1_dysfluent_032,0.308349609375,0.1737060546875,0.03314208984375,0.00878143310546875,0.312744140625
793,M_0553_10y0m_1_dysfluent_033,0.11260986328125,0.09722900390625,0.014007568359375,0.01433563232421875,0.54638671875
794,M_0553_10y0m_1_dysfluent_034,0.141845703125,0.220458984375,0.06243896484375,0.01061248779296875,0.097900390625
795,M_0553_10y0m_1_dysfluent_035,0.07763671875,0.1685791015625,0.0313720703125,0.01214599609375,0.056121826171875
796,M_0553_10y0m_1_dysfluent_036,0.07763671875,0.1685791015625,0.0313720703125,0.01214599609375,0.056121826171875
797,M_0553_10y0m_1_dysfluent_037,0.0328369140625,0.1390380859375,0.0209197998046875,0.0116424560546875,0.028167724609375
798,M_0553_10y0m_1_dysfluent_038,0.1510009765625,0.11553955078125,0.019195556640625,0.018829345703125,0.630859375
799,M_0553_10y0m_1_dysfluent_039,0.053314208984375,0.2269287109375,0.1439208984375,0.47021484375,0.79931640625
800,M_0553_10y0m_1_dysfluent_040,0.052703857421875,0.17138671875,0.1307373046875,0.80517578125,0.6103515625
801,M_0553_10y0m_1_dysfluent_041,0.047149658203125,0.1776123046875,0.1490478515625,0.80859375,0.59716796875
802,M_0553_10y0m_1_dysfluent_042,0.1629638671875,0.1533203125,0.0401611328125,0.038330078125,0.88525390625
803,M_0553_10y0m_1_dysfluent_043,0.07666015625,0.1300048828125,0.0233306884765625,0.026153564453125,0.66357421875
804,M_0553_10y0m_1_dysfluent_044,0.057586669921875,0.299072265625,0.1431884765625,0.039337158203125,0.03240966796875
805,M_0553_10y0m_1_dysfluent_045,0.044921875,0.265869140625,0.08251953125,0.01229095458984375,0.0182952880859375
806,M_0553_10y0m_1_dysfluent_046,0.044921875,0.26611328125,0.08251953125,0.01229095458984375,0.0182952880859375
807,M_0553_10y0m_1_dysfluent_047,0.2393798828125,0.428955078125,0.250244140625,0.01495361328125,0.0208892822265625
808,M_0553_10y0m_1_dysfluent_048,0.09136962890625,0.15966796875,0.022796630859375,0.00885009765625,0.01395416259765625
809,M_0553_10y0m_1_dysfluent_049,0.08978271484375,0.09515380859375,0.01473236083984375,0.0216522216796875,0.57568359375
810,M_0553_10y0m_1_dysfluent_050,0.1707763671875,0.1536865234375,0.034881591796875,0.0169830322265625,0.282958984375
811,M_0553_10y0m_1_dysfluent_051,0.59375,0.267333984375,0.06683349609375,0.0083465576171875,0.03802490234375
812,M_0553_10y0m_1_dysfluent_052,0.054290771484375,0.09222412109375,0.0104522705078125,0.0117340087890625,0.2255859375
813,M_0553_10y0m_1_dysfluent_053,0.279052734375,0.1265869140625,0.016021728515625,0.00634002685546875,0.04168701171875
814,M_0553_10y0m_1_dysfluent_054,0.11199951171875,0.10430908203125,0.01242828369140625,0.00757598876953125,0.0251312255859375
815,M_0553_10y0m_1_dysfluent_055,0.11199951171875,0.10430908203125,0.01242828369140625,0.00757598876953125,0.0251312255859375
816,M_0553_10y0m_1_dysfluent_056,0.0948486328125,0.07904052734375,0.015899658203125,0.04931640625,0.76318359375
817,M_0553_10y0m_1_dysfluent_057,0.0948486328125,0.07904052734375,0.015899658203125,0.04931640625,0.76318359375
818,M_0553_10y0m_1_dysfluent_058,0.08770751953125,0.06109619140625,0.0120086669921875,0.08868408203125,0.5361328125
819,M_0553_10y0m_1_dysfluent_059,0.35400390625,0.1492919921875,0.036285400390625,0.0261993408203125,0.82568359375
820,M_0553_10y0m_1_dysfluent_060,0.0313720703125,0.270751953125,0.0850830078125,0.0221099853515625,0.0276336669921875
821,M_0553_10y0m_1_dysfluent_061,0.0313720703125,0.270751953125,0.0850830078125,0.0221099853515625,0.0276336669921875
822,M_0553_10y0m_1_dysfluent_062,0.07196044921875,0.28125,0.06396484375,0.01078033447265625,0.0192413330078125
823,M_0553_10y0m_1_dysfluent_063,0.034881591796875,0.334228515625,0.48291015625,0.1298828125,0.10614013671875
824,M_0553_10y0m_1_dysfluent_064,0.1207275390625,0.2149658203125,0.034759521484375,0.0137939453125,0.0154266357421875
825,M_0553_10y0m_1_dysfluent_065,0.10504150390625,0.1546630859375,0.031494140625,0.0237274169921875,0.354736328125
826,M_0553_10y0m_1_dysfluent_066,0.0560302734375,0.15283203125,0.03607177734375,0.0240936279296875,0.41552734375
827,M_0553_10y0m_1_dysfluent_067,0.035552978515625,0.25146484375,0.1121826171875,0.029754638671875,0.10650634765625
828,M_0553_10y0m_1_dysfluent_068,0.02801513671875,0.2020263671875,0.2255859375,0.82470703125,0.1805419921875
829,M_0553_10y0m_1_fluent_000,0.11395263671875,0.093505859375,0.0223236083984375,0.05145263671875,0.87255859375
830,M_0553_10y0m_1_fluent_001,0.12744140625,0.103759765625,0.0235595703125,0.038543701171875,0.8408203125
831,M_0553_10y0m_1_fluent_002,0.053985595703125,0.0843505859375,0.01036834716796875,0.01177978515625,0.045257568359375
832,M_0553_10y0m_1_fluent_003,0.03643798828125,0.1070556640625,0.017181396484375,0.050811767578125,0.034942626953125
833,M_0553_10y0m_1_fluent_004,0.0217742919921875,0.2474365234375,0.12054443359375,0.047332763671875,0.0701904296875
834,M_0553_10y0m_1_fluent_005,0.048675537109375,0.2298583984375,0.04302978515625,0.01238250732421875,0.014617919921875
835,M_0553_10y0m_1_fluent_006,0.1766357421875,0.11859130859375,0.0272216796875,0.0333251953125,0.88818359375
836,M_0553_10y0m_1_fluent_007,0.07135009765625,0.08331298828125,0.01666259765625,0.055206298828125,0.79443359375
837,M_0553_10y0m_1_fluent_008,0.251953125,0.1236572265625,0.0352783203125,0.043701171875,0.8955078125
838,M_0553_10y0m_1_fluent_009,0.1923828125,0.11920166015625,0.046722412109375,0.70361328125,0.24365234375
839,M_0553_10y0m_1_fluent_010,0.156005859375,0.09515380859375,0.0217437744140625,0.03582763671875,0.8564453125
840,M_0553_10y0m_1_fluent_011,0.65966796875,0.158203125,0.0311431884765625,0.011688232421875,0.049957275390625
841,M_0553_10y0m_1_fluent_012,0.0194244384765625,0.0987548828125,0.0256195068359375,0.3486328125,0.1947021484375
842,M_0553_10y0m_1_fluent_013,0.0304412841796875,0.1279296875,0.018402099609375,0.0120086669921875,0.01763916015625
843,M_0553_10y0m_1_fluent_014,0.091064453125,0.10968017578125,0.018402099609375,0.01560211181640625,0.07598876953125
844,M_0553_10y0m_1_fluent_015,0.12493896484375,0.1007080078125,0.0218658447265625,0.0360107421875,0.8271484375
845,M_0553_10y0m_1_fluent_016,0.262939453125,0.10858154296875,0.0246124267578125,0.03289794921875,0.810546875
846,M_0553_10y0m_1_fluent_017,0.03302001953125,0.1429443359375,0.0177764892578125,0.01129150390625,0.029083251953125
847,M_0553_10y0m_1_fluent_018,0.1488037109375,0.1055908203125,0.0245208740234375,0.033477783203125,0.88916015625
848,M_0553_10y0m_1_fluent_019,0.1529541015625,0.11199951171875,0.033203125,0.053314208984375,0.92236328125
849,M_0553_10y0m_1_fluent_020,0.0284881591796875,0.13330078125,0.021331787109375,0.023651123046875,0.05145263671875
850,M_0553_10y0m_1_fluent_021,0.666015625,0.15869140625,0.02947998046875,0.0117340087890625,0.093505859375
851,M_0553_10y0m_1_fluent_022,0.1221923828125,0.081787109375,0.0139007568359375,0.022247314453125,0.70654296875
852,M_0553_10y0m_1_fluent_023,0.3505859375,0.1231689453125,0.029876708984375,0.1988525390625,0.2083740234375
853,M_0553_11y0m_1_dysfluent_000,0.3603515625,0.31396484375,0.142333984375,0.01312255859375,0.0302734375
854,M_0553_11y0m_1_dysfluent_001,0.10650634765625,0.417724609375,0.1976318359375,0.01322174072265625,0.021453857421875
855,M_0553_11y0m_1_dysfluent_002,0.0222015380859375,0.1378173828125,0.0191192626953125,0.00974273681640625,0.0293731689453125
856,M_0553_11y0m_1_dysfluent_003,0.67529296875,0.2218017578125,0.050506591796875,0.01142120361328125,0.042724609375
857,M_0553_11y0m_1_dysfluent_004,0.49755859375,0.50146484375,0.54541015625,0.063720703125,0.1329345703125
858,M_0553_11y0m_1_dysfluent_005,0.0635986328125,0.22802734375,0.04217529296875,0.00787353515625,0.016845703125
859,M_0553_11y0m_1_dysfluent_006,0.0709228515625,0.47802734375,0.564453125,0.047332763671875,0.06549072265625
860,M_0553_11y0m_1_dysfluent_007,0.091552734375,0.1536865234375,0.0191650390625,0.01495361328125,0.51123046875
861,M_0553_11y0m_1_dysfluent_008,0.035491943359375,0.1279296875,0.01512908935546875,0.00974273681640625,0.015899658203125
862,M_0553_11y0m_1_dysfluent_009,0.166015625,0.418701171875,0.240478515625,0.017578125,0.037109375
863,M_0553_11y0m_1_dysfluent_010,0.139404296875,0.42138671875,0.47900390625,0.5478515625,0.53466796875
864,M_0553_11y0m_1_dysfluent_011,0.139404296875,0.421142578125,0.478759765625,0.54736328125,0.53515625
865,M_0553_11y0m_1_dysfluent_012,0.08465576171875,0.357421875,0.34423828125,0.689453125,0.50537109375
866,M_0553_11y0m_1_dysfluent_013,0.12744140625,0.462646484375,0.471923828125,0.130859375,0.36328125
867,M_0553_11y0m_1_dysfluent_014,0.0469970703125,0.2626953125,0.1412353515625,0.1175537109375,0.53515625
868,M_0553_11y0m_1_dysfluent_015,0.18408203125,0.478759765625,0.50537109375,0.04534912109375,0.06585693359375
869,M_0553_11y0m_1_dysfluent_016,0.15625,0.436279296875,0.272216796875,0.0220794677734375,0.036346435546875
870,M_0553_11y0m_1_dysfluent_017,0.0379638671875,0.0965576171875,0.0110321044921875,0.0162200927734375,0.0192413330078125
871,M_0553_11y0m_1_dysfluent_018,0.10797119140625,0.453369140625,0.429443359375,0.0276336669921875,0.0455322265625
872,M_0553_11y0m_1_dysfluent_019,0.1236572265625,0.29931640625,0.363525390625,0.64208984375,0.09588623046875
873,M_0553_11y0m_1_dysfluent_020,0.1236572265625,0.29931640625,0.363525390625,0.64208984375,0.09588623046875
874,M_0553_11y0m_1_dysfluent_021,0.043212890625,0.116943359375,0.058013916015625,0.91357421875,0.14599609375
875,M_0553_11y0m_1_dysfluent_022,0.043212890625,0.116943359375,0.058013916015625,0.91357421875,0.1458740234375
876,M_0553_11y0m_1_dysfluent_023,0.04510498046875,0.12103271484375,0.060089111328125,0.9267578125,0.15087890625
877,M_0553_11y0m_1_dysfluent_024,0.1259765625,0.249267578125,0.206787109375,0.8623046875,0.219482421875
878,M_0553_11y0m_1_dysfluent_025,0.1259765625,0.249267578125,0.206787109375,0.8623046875,0.219482421875
879,M_0553_11y0m_1_dysfluent_026,0.1259765625,0.249267578125,0.206787109375,0.8623046875,0.219482421875
880,M_0553_11y0m_1_dysfluent_027,0.44873046875,0.5185546875,0.541015625,0.06256103515625,0.12359619140625
881,M_0553_11y0m_1_dysfluent_028,0.053497314453125,0.360595703125,0.1278076171875,0.01751708984375,0.0241851806640625
882,M_0553_11y0m_1_dysfluent_029,0.379150390625,0.290283203125,0.06756591796875,0.00701141357421875,0.0189056396484375
883,M_0553_11y0m_1_dysfluent_030,0.20263671875,0.224609375,0.037384033203125,0.007122039794921875,0.0173797607421875
884,M_0553_11y0m_1_dysfluent_031,0.04327392578125,0.13232421875,0.0242767333984375,0.045440673828125,0.6064453125
885,M_0553_11y0m_1_dysfluent_032,0.09075927734375,0.106689453125,0.0201416015625,0.0310821533203125,0.7822265625
886,M_0553_11y0m_1_dysfluent_033,0.1055908203125,0.1270751953125,0.0302734375,0.0496826171875,0.8564453125
887,M_0553_11y0m_1_dysfluent_034,0.06634521484375,0.271728515625,0.047515869140625,0.01036834716796875,0.01129150390625
888,M_0553_11y0m_1_dysfluent_035,0.2171630859375,0.171875,0.038604736328125,0.01374053955078125,0.4609375
889,M_0553_11y0m_1_dysfluent_036,0.254150390625,0.3779296875,0.223388671875,0.0265045166015625,0.2135009765625
890,M_0553_11y0m_1_dysfluent_037,0.229248046875,0.40283203125,0.251953125,0.0316162109375,0.22802734375
891,M_0553_11y0m_1_dysfluent_038,0.1942138671875,0.1943359375,0.0311431884765625,0.006931304931640625,0.0169219970703125
892,M_0553_11y0m_1_dysfluent_039,0.0762939453125,0.443359375,0.270751953125,0.0169219970703125,0.026702880859375
893,M_0553_11y0m_1_dysfluent_040,0.1988525390625,0.181640625,0.047515869140625,0.04840087890625,0.904296875
894,M_0553_11y0m_1_dysfluent_041,0.20947265625,0.1917724609375,0.0582275390625,0.036163330078125,0.85888671875
895,M_0553_11y0m_1_dysfluent_042,0.0489501953125,0.1273193359375,0.016845703125,0.01085662841796875,0.03302001953125
896,M_0553_11y0m_1_dysfluent_043,0.0204925537109375,0.13525390625,0.105224609375,0.85400390625,0.08758544921875
897,M_0553_11y0m_1_dysfluent_044,0.092529296875,0.1077880859375,0.01116180419921875,0.00731658935546875,0.0252227783203125
898,M_0553_11y0m_1_dysfluent_045,0.10211181640625,0.1588134765625,0.0248870849609375,0.007038116455078125,0.09136962890625
899,M_0553_11y0m_1_dysfluent_046,0.0214080810546875,0.09503173828125,0.0125274658203125,0.0268096923828125,0.0185394287109375
900,M_0553_11y0m_1_dysfluent_047,0.0220794677734375,0.10430908203125,0.043701171875,0.849609375,0.09588623046875
901,M_0553_11y0m_1_dysfluent_048,0.033477783203125,0.10595703125,0.049591064453125,0.892578125,0.1114501953125
902,M_0553_11y0m_1_dysfluent_049,0.0189361572265625,0.12054443359375,0.042877197265625,0.369384765625,0.036163330078125
903,M_0553_11y0m_1_dysfluent_050,0.06829833984375,0.30908203125,0.10302734375,0.0139007568359375,0.018646240234375
904,M_0553_11y0m_1_dysfluent_051,0.388671875,0.314697265625,0.1455078125,0.093505859375,0.0850830078125
905,M_0553_11y0m_1_dysfluent_052,0.388671875,0.314697265625,0.1455078125,0.093505859375,0.0850830078125
906,M_0553_11y0m_1_dysfluent_053,0.6669921875,0.368408203125,0.1668701171875,0.024383544921875,0.11181640625
907,M_0553_11y0m_1_dysfluent_054,0.6669921875,0.368408203125,0.1666259765625,0.024383544921875,0.11181640625
908,M_0553_11y0m_1_dysfluent_055,0.414306640625,0.44921875,0.198974609375,0.01322174072265625,0.0300445556640625
909,M_0553_11y0m_1_dysfluent_056,0.414306640625,0.44921875,0.198974609375,0.01322174072265625,0.0300445556640625
910,M_0553_11y0m_1_dysfluent_057,0.0239105224609375,0.197021484375,0.05889892578125,0.01302337646484375,0.11083984375
911,M_0553_11y0m_1_fluent_000,0.720703125,0.2186279296875,0.04638671875,0.0147857666015625,0.0889892578125
912,M_0553_11y0m_1_fluent_001,0.759765625,0.320556640625,0.118408203125,0.0216522216796875,0.0784912109375
913,M_0553_11y0m_1_fluent_002,0.049957275390625,0.1201171875,0.01495361328125,0.006290435791015625,0.059539794921875
914,M_0553_11y0m_1_fluent_003,0.1390380859375,0.533203125,0.60400390625,0.0526123046875,0.056243896484375
915,M_0553_11y0m_1_fluent_004,0.0439453125,0.378662109375,0.3017578125,0.0260009765625,0.02880859375
916,M_0553_11y0m_1_fluent_005,0.134033203125,0.5205078125,0.49853515625,0.036224365234375,0.042877197265625
917,M_0553_11y0m_1_fluent_006,0.08740234375,0.10992431640625,0.0127716064453125,0.0083465576171875,0.06573486328125
918,M_0553_11y0m_1_fluent_007,0.401611328125,0.138427734375,0.020843505859375,0.0141143798828125,0.26220703125
919,M_0553_11y0m_1_fluent_008,0.11614990234375,0.50537109375,0.56396484375,0.040313720703125,0.041839599609375
920,M_0553_11y0m_1_fluent_009,0.465576171875,0.491943359375,0.455322265625,0.042877197265625,0.0638427734375
921,M_0553_11y0m_1_fluent_010,0.0237274169921875,0.1494140625,0.0208892822265625,0.009674072265625,0.0266571044921875
922,M_0553_11y0m_1_fluent_011,0.21142578125,0.5166015625,0.53662109375,0.044281005859375,0.07965087890625
923,M_0553_11y0m_1_fluent_012,0.044097900390625,0.18798828125,0.0278472900390625,0.00812530517578125,0.0139007568359375
924,M_0553_11y0m_1_fluent_013,0.05291748046875,0.08599853515625,0.00997161865234375,0.017181396484375,0.05059814453125
925,M_0553_11y0m_1_fluent_014,0.030731201171875,0.1019287109375,0.0147857666015625,0.0154266357421875,0.1077880859375
926,M_0553_11y0m_1_fluent_015,0.04931640625,0.190673828125,0.042327880859375,0.007205963134765625,0.090576171875
927,M_0553_11y0m_1_fluent_016,0.0303802490234375,0.148193359375,0.021331787109375,0.00885009765625,0.01751708984375
928,M_0553_11y0m_1_fluent_017,0.448486328125,0.1409912109375,0.02203369140625,0.0139007568359375,0.278076171875
929,M_0553_11y0m_1_fluent_018,0.67041015625,0.170654296875,0.033660888671875,0.01322174072265625,0.16064453125
930,M_0553_11y0m_1_fluent_019,0.048675537109375,0.1209716796875,0.01450347900390625,0.00634002685546875,0.08929443359375
931,M_0553_11y0m_1_fluent_020,0.06500244140625,0.1104736328125,0.01233673095703125,0.0141143798828125,0.246337890625
932,M_0553_11y0m_1_fluent_021,0.060089111328125,0.341552734375,0.093505859375,0.00933837890625,0.018798828125
933,M_0553_11y0m_1_fluent_022,0.035614013671875,0.14892578125,0.025909423828125,0.007549285888671875,0.0184783935546875
934,M_0553_11y0m_1_fluent_023,0.04351806640625,0.155029296875,0.02752685546875,0.014617919921875,0.01262664794921875
935,M_0553_11y0m_1_fluent_024,0.0379638671875,0.10858154296875,0.01116180419921875,0.0106964111328125,0.027740478515625
936,M_0553_11y0m_1_fluent_025,0.024139404296875,0.08978271484375,0.010650634765625,0.01395416259765625,0.02630615234375
937,M_0553_11y0m_1_fluent_026,0.08197021484375,0.1202392578125,0.01519012451171875,0.0221099853515625,0.05242919921875
938,M_0553_11y0m_1_fluent_027,0.1187744140625,0.1298828125,0.01519012451171875,0.00885009765625,0.05023193359375
939,M_0553_11y0m_1_fluent_028,0.093505859375,0.1131591796875,0.0135345458984375,0.0164642333984375,0.07330322265625
940,M_0553_11y0m_1_fluent_029,0.04168701171875,0.10858154296875,0.01267242431640625,0.00690460205078125,0.06536865234375
941,M_0553_11y0m_1_fluent_030,0.041473388671875,0.1710205078125,0.0230255126953125,0.00812530517578125,0.01374053955078125
942,M_0553_11y0m_1_fluent_031,0.04046630859375,0.1171875,0.016021728515625,0.018798828125,0.364013671875
943,M_0553_11y0m_1_fluent_032,0.330322265625,0.120849609375,0.019500732421875,0.01348114013671875,0.484619140625
944,M_0553_11y0m_1_fluent_033,0.03582763671875,0.324951171875,0.11676025390625,0.026763916015625,0.0135345458984375
945,M_0553_11y0m_1_fluent_034,0.0287017822265625,0.29345703125,0.1240234375,0.01560211181640625,0.03240966796875
946,M_0553_11y0m_1_fluent_035,0.040008544921875,0.1751708984375,0.0260009765625,0.01073455810546875,0.01302337646484375
947,M_0553_11y0m_1_fluent_036,0.0284423828125,0.2393798828125,0.06805419921875,0.010009765625,0.0299835205078125
948,M_1022_11y3m_1_dysfluent_000,0.1373291015625,0.1361083984375,0.035400390625,0.0345458984375,0.88037109375
949,M_1022_11y3m_1_dysfluent_001,0.1827392578125,0.11376953125,0.02606201171875,0.02606201171875,0.84912109375
950,M_1022_11y3m_1_dysfluent_002,0.1336669921875,0.1953125,0.06610107421875,0.06707763671875,0.8154296875
951,M_1022_11y3m_1_dysfluent_003,0.167236328125,0.141357421875,0.035552978515625,0.03515625,0.8154296875
952,M_1022_11y3m_1_dysfluent_004,0.061981201171875,0.135498046875,0.0165252685546875,0.007259368896484375,0.015838623046875
953,M_1022_11y3m_1_dysfluent_005,0.420166015625,0.30859375,0.07904052734375,0.00763702392578125,0.03326416015625
954,M_1022_11y3m_1_dysfluent_006,0.07354736328125,0.349609375,0.172119140625,0.01422882080078125,0.01678466796875
955,M_1022_11y3m_1_dysfluent_007,0.0312042236328125,0.1201171875,0.0156707763671875,0.01073455810546875,0.0242767333984375
956,M_1022_11y3m_1_dysfluent_008,0.1121826171875,0.10174560546875,0.02288818359375,0.0352783203125,0.87841796875
957,M_1022_11y3m_1_dysfluent_009,0.127197265625,0.403564453125,0.495361328125,0.1524658203125,0.03802490234375
958,M_1022_11y3m_1_dysfluent_010,0.12335205078125,0.266357421875,0.058135986328125,0.0101318359375,0.023468017578125
959,M_1022_11y3m_1_dysfluent_011,0.1483154296875,0.1270751953125,0.0258636474609375,0.0310211181640625,0.81396484375
960,M_1022_11y3m_1_dysfluent_012,0.2890625,0.141845703125,0.038909912109375,0.038116455078125,0.88232421875
961,M_1022_11y3m_1_dysfluent_013,0.1153564453125,0.167724609375,0.09185791015625,0.48779296875,0.286376953125
962,M_1022_11y3m_1_dysfluent_014,0.2032470703125,0.1634521484375,0.0810546875,0.40576171875,0.53759765625
963,M_1022_11y3m_1_dysfluent_015,0.1328125,0.148681640625,0.037384033203125,0.03594970703125,0.88525390625
964,M_1022_11y3m_1_dysfluent_016,0.09222412109375,0.41748046875,0.66650390625,0.28369140625,0.10247802734375
965,M_1022_11y3m_1_dysfluent_017,0.12939453125,0.1376953125,0.0165863037109375,0.00579833984375,0.0200653076171875
966,M_1022_11y3m_1_dysfluent_018,0.0147857666015625,0.1331787109375,0.05975341796875,0.63623046875,0.070556640625
967,M_1022_11y3m_1_dysfluent_019,0.010650634765625,0.13427734375,0.049224853515625,0.406982421875,0.061981201171875
968,M_1022_11y3m_1_dysfluent_020,0.09857177734375,0.162109375,0.03948974609375,0.0181884765625,0.043853759765625
969,M_1022_11y3m_1_dysfluent_021,0.0232391357421875,0.10931396484375,0.01262664794921875,0.01812744140625,0.0169830322265625
970,M_1022_11y3m_1_dysfluent_022,0.026763916015625,0.07861328125,0.007904052734375,0.0167236328125,0.0252685546875
971,M_1022_11y3m_1_dysfluent_023,0.277099609375,0.14501953125,0.0253753662109375,0.0174407958984375,0.02508544921875
972,M_1022_11y3m_1_dysfluent_024,0.029541015625,0.0850830078125,0.00919342041015625,0.01495361328125,0.06573486328125
973,M_1022_11y3m_1_dysfluent_025,0.09503173828125,0.1529541015625,0.0313720703125,0.0246124267578125,0.05987548828125
974,M_1022_11y3m_1_dysfluent_026,0.40625,0.5009765625,0.499755859375,0.1094970703125,0.228515625
975,M_1022_11y3m_1_dysfluent_027,0.1290283203125,0.1650390625,0.030792236328125,0.01751708984375,0.224365234375
976,M_1022_11y3m_1_fluent_000,0.724609375,0.1976318359375,0.042022705078125,0.01177978515625,0.04913330078125
977,M_1022_11y3m_1_fluent_001,0.333984375,0.1470947265625,0.022369384765625,0.00669097900390625,0.0228424072265625
978,M_1022_11y3m_1_fluent_002,0.1365966796875,0.27099609375,0.0723876953125,0.01137542724609375,0.019378662109375
979,M_1022_11y3m_1_fluent_003,0.051666259765625,0.09039306640625,0.01395416259765625,0.0194244384765625,0.576171875
980,M_1022_11y3m_1_fluent_004,0.55810546875,0.1444091796875,0.024932861328125,0.007724761962890625,0.044525146484375
981,M_1022_11y3m_1_fluent_005,0.0482177734375,0.109130859375,0.01267242431640625,0.008544921875,0.021697998046875
982,M_1022_11y3m_1_fluent_006,0.1939697265625,0.2186279296875,0.041839599609375,0.007724761962890625,0.0163421630859375
983,M_1022_11y3m_1_fluent_007,0.056640625,0.0885009765625,0.0225372314453125,0.136962890625,0.67333984375
984,M_1022_11y3m_1_fluent_008,0.09619140625,0.2437744140625,0.05572509765625,0.01049041748046875,0.0154876708984375
985,M_1022_11y3m_1_fluent_009,0.716796875,0.2462158203125,0.0762939453125,0.018585205078125,0.054107666015625
986,M_1022_11y3m_1_fluent_010,0.1014404296875,0.2059326171875,0.036773681640625,0.011688232421875,0.0154266357421875
987,M_1022_11y3m_1_fluent_011,0.0560302734375,0.08868408203125,0.011962890625,0.01306915283203125,0.408447265625
988,M_1022_11y3m_1_fluent_012,0.29248046875,0.2042236328125,0.04052734375,0.00760650634765625,0.02801513671875
989,M_1022_11y3m_1_fluent_013,0.0261993408203125,0.11419677734375,0.0177154541015625,0.00885009765625,0.020172119140625
990,M_1022_11y3m_1_fluent_014,0.0247039794921875,0.16015625,0.0284423828125,0.0083770751953125,0.0208892822265625
991,M_1022_11y3m_1_fluent_015,0.0582275390625,0.139404296875,0.0177154541015625,0.00557708740234375,0.02069091796875
992,M_1022_11y3m_1_fluent_016,0.035888671875,0.1041259765625,0.0106964111328125,0.0106964111328125,0.01560211181640625
993,M_1022_11y3m_1_fluent_017,0.65869140625,0.1759033203125,0.03533935546875,0.00937652587890625,0.036163330078125
994,M_1022_11y3m_1_fluent_018,0.1802978515625,0.11279296875,0.01337432861328125,0.00690460205078125,0.041778564453125
995,M_1022_11y3m_1_fluent_019,0.0276947021484375,0.1048583984375,0.01433563232421875,0.00971221923828125,0.01473236083984375
996,M_1022_11y3m_1_fluent_020,0.0504150390625,0.134033203125,0.01450347900390625,0.010528564453125,0.01262664794921875
997,M_1022_11y3m_1_fluent_021,0.34716796875,0.1943359375,0.033203125,0.006313323974609375,0.018585205078125
998,M_1022_11y3m_1_fluent_022,0.037322998046875,0.100341796875,0.0120086669921875,0.0102081298828125,0.038238525390625
999,M_1022_11y3m_1_fluent_023,0.153076171875,0.5,0.64208984375,0.06915283203125,0.06512451171875
1000,M_1022_11y3m_1_fluent_024,0.0343017578125,0.155517578125,0.0256195068359375,0.010406494140625,0.0174407958984375
1001,M_1022_11y3m_1_fluent_025,0.09136962890625,0.09967041015625,0.0203399658203125,0.07196044921875,0.436279296875
1002,M_1022_11y3m_1_fluent_026,0.31689453125,0.3125,0.102294921875,0.0121917724609375,0.04913330078125
1003,M_1022_11y3m_1_fluent_027,0.114990234375,0.2110595703125,0.039703369140625,0.009674072265625,0.01363372802734375
1004,M_1022_11y3m_1_fluent_028,0.6357421875,0.169189453125,0.03253173828125,0.00945281982421875,0.03436279296875
1005,M_1022_11y3m_1_fluent_029,0.040679931640625,0.22265625,0.04443359375,0.0218658447265625,0.0108184814453125
1006,M_1022_11y3m_1_fluent_030,0.051544189453125,0.413330078125,0.39599609375,0.050048828125,0.03759765625
1007,M_1022_11y3m_1_fluent_031,0.2548828125,0.2274169921875,0.037261962890625,0.0062408447265625,0.0156707763671875
1008,M_1022_11y3m_1_fluent_032,0.01837158203125,0.135009765625,0.0271759033203125,0.01132965087890625,0.0215301513671875
1009,M_1022_11y3m_1_fluent_033,0.66064453125,0.2110595703125,0.053497314453125,0.0125732421875,0.03839111328125
1010,M_1022_11y3m_1_fluent_034,0.201171875,0.439208984375,0.390380859375,0.046112060546875,0.049041748046875
1011,M_1022_11y3m_1_fluent_035,0.326904296875,0.1702880859375,0.03753662109375,0.007038116455078125,0.04083251953125
1012,M_1022_11y3m_1_fluent_036,0.10284423828125,0.317626953125,0.10540771484375,0.009857177734375,0.020294189453125
1013,M_1022_11y3m_1_fluent_037,0.6533203125,0.162353515625,0.03228759765625,0.00926971435546875,0.047149658203125
1014,M_1022_11y3m_1_fluent_038,0.1312255859375,0.45361328125,0.44287109375,0.05072021484375,0.0482177734375
1015,M_1022_11y3m_1_fluent_039,0.03228759765625,0.2286376953125,0.051361083984375,0.0090179443359375,0.0165863037109375
1016,M_1022_11y3m_1_fluent_040,0.0192413330078125,0.16455078125,0.03302001953125,0.0103302001953125,0.0280609130859375
1017,M_1022_11y3m_1_fluent_041,0.0212860107421875,0.1251220703125,0.019989013671875,0.0108184814453125,0.015960693359375
1018,M_1022_11y3m_1_fluent_042,0.0849609375,0.357666015625,0.1485595703125,0.01384735107421875,0.015960693359375
1019,M_1022_11y3m_1_fluent_043,0.11798095703125,0.452880859375,0.42333984375,0.040771484375,0.0384521484375
1020,M_1022_11y3m_1_fluent_044,0.263671875,0.12890625,0.0165863037109375,0.006389617919921875,0.03314208984375
1021,M_1022_11y3m_1_fluent_045,0.4267578125,0.359619140625,0.1551513671875,0.0192718505859375,0.03314208984375
1022,M_1022_11y3m_1_fluent_046,0.3642578125,0.154296875,0.0222930908203125,0.0069580078125,0.0207977294921875
1023,M_1022_11y3m_1_fluent_047,0.1019287109375,0.377685546875,0.188720703125,0.0234222412109375,0.038909912109375
1024,M_1022_11y3m_1_fluent_048,0.043853759765625,0.1812744140625,0.040313720703125,0.015899658203125,0.0264129638671875
1025,M_1022_11y3m_1_fluent_049,0.04779052734375,0.20166015625,0.04876708984375,0.0177154541015625,0.02276611328125
1026,M_1022_11y3m_1_fluent_050,0.0240478515625,0.1683349609375,0.0341796875,0.0102081298828125,0.0162200927734375
1027,M_1022_11y3m_1_fluent_051,0.090087890625,0.29443359375,0.094482421875,0.01078033447265625,0.019866943359375
1028,M_1023_11y3m_1_dysfluent_000,0.1175537109375,0.1273193359375,0.0274810791015625,0.027069091796875,0.8564453125
1029,M_1023_11y3m_1_dysfluent_001,0.61181640625,0.1688232421875,0.04010009765625,0.01363372802734375,0.06475830078125
1030,M_1023_11y3m_1_dysfluent_002,0.724609375,0.1602783203125,0.03326416015625,0.01450347900390625,0.093017578125
1031,M_1023_11y3m_1_dysfluent_003,0.67822265625,0.206787109375,0.04876708984375,0.01267242431640625,0.05975341796875
1032,M_1023_11y3m_1_dysfluent_004,0.28369140625,0.1412353515625,0.01861572265625,0.006771087646484375,0.038818359375
1033,M_1023_11y3m_1_dysfluent_005,0.0810546875,0.223388671875,0.038604736328125,0.007175445556640625,0.022247314453125
1034,M_1023_11y3m_1_dysfluent_006,0.07183837890625,0.307373046875,0.1087646484375,0.015777587890625,0.0164642333984375
1035,M_1023_11y3m_1_dysfluent_007,0.09320068359375,0.107421875,0.0170440673828125,0.01177978515625,0.4921875
1036,M_1023_11y3m_1_dysfluent_008,0.460205078125,0.1676025390625,0.035552978515625,0.00955963134765625,0.055511474609375
1037,M_1023_11y3m_1_dysfluent_009,0.1737060546875,0.1951904296875,0.029876708984375,0.005641937255859375,0.0141143798828125
1038,M_1023_11y3m_1_dysfluent_010,0.02691650390625,0.11798095703125,0.0185394287109375,0.0162200927734375,0.018798828125
1039,M_1023_11y3m_1_dysfluent_011,0.0311431884765625,0.10089111328125,0.01358795166015625,0.0142822265625,0.0187225341796875
1040,M_1023_11y3m_1_dysfluent_012,0.484375,0.1190185546875,0.018798828125,0.007404327392578125,0.054107666015625
1041,M_1023_11y3m_1_dysfluent_013,0.07080078125,0.1787109375,0.02288818359375,0.0069580078125,0.0197601318359375
1042,M_1023_11y3m_1_dysfluent_014,0.06396484375,0.123779296875,0.01467132568359375,0.0090179443359375,0.0180206298828125
1043,M_1023_11y3m_1_dysfluent_015,0.285400390625,0.1134033203125,0.01374053955078125,0.00626373291015625,0.045867919921875
1044,M_1023_11y3m_1_dysfluent_016,0.137939453125,0.418701171875,0.287109375,0.0184326171875,0.0266571044921875
1045,M_1023_11y3m_1_dysfluent_017,0.0253753662109375,0.1163330078125,0.0174407958984375,0.0141754150390625,0.02655029296875
1046,M_1023_11y3m_1_dysfluent_018,0.11395263671875,0.11932373046875,0.0190887451171875,0.023651123046875,0.70361328125
1047,M_1023_11y3m_1_dysfluent_019,0.033660888671875,0.157470703125,0.0316162109375,0.0305023193359375,0.0345458984375
1048,M_1023_11y3m_1_dysfluent_020,0.046478271484375,0.1348876953125,0.021575927734375,0.0101318359375,0.1627197265625
1049,M_1023_11y3m_1_dysfluent_021,0.05718994140625,0.302490234375,0.10504150390625,0.01116180419921875,0.0225830078125
1050,M_1023_11y3m_1_dysfluent_022,0.53125,0.1954345703125,0.0455322265625,0.01433563232421875,0.04443359375
1051,M_1023_11y3m_1_dysfluent_023,0.61328125,0.1578369140625,0.03460693359375,0.01512908935546875,0.0574951171875
1052,M_1023_11y3m_1_dysfluent_024,0.5947265625,0.1688232421875,0.0323486328125,0.0102081298828125,0.045684814453125
1053,M_1023_11y3m_1_dysfluent_025,0.53515625,0.462890625,0.281982421875,0.029144287109375,0.09234619140625
1054,M_1023_11y3m_1_dysfluent_026,0.060089111328125,0.1650390625,0.0237274169921875,0.0083465576171875,0.021240234375
1055,M_1023_11y3m_1_dysfluent_027,0.051666259765625,0.1502685546875,0.0236968994140625,0.00963592529296875,0.0240478515625
1056,M_1023_11y3m_1_dysfluent_028,0.01374053955078125,0.1981201171875,0.1044921875,0.1473388671875,0.025421142578125
1057,M_1023_11y3m_1_dysfluent_029,0.011871337890625,0.1475830078125,0.049407958984375,0.140869140625,0.0207977294921875
1058,M_1023_11y3m_1_dysfluent_030,0.1282958984375,0.1329345703125,0.02880859375,0.0364990234375,0.88427734375
1059,M_1023_11y3m_1_dysfluent_031,0.202392578125,0.1680908203125,0.0265045166015625,0.00766754150390625,0.123046875
1060,M_1023_11y3m_1_dysfluent_032,0.296142578125,0.230712890625,0.048309326171875,0.00945281982421875,0.046630859375
1061,M_1023_11y3m_1_dysfluent_033,0.250244140625,0.4697265625,0.318115234375,0.0208892822265625,0.033966064453125
1062,M_1023_11y3m_1_dysfluent_034,0.181884765625,0.362548828125,0.150146484375,0.0112457275390625,0.02655029296875
1063,M_1023_11y3m_1_fluent_000,0.053985595703125,0.093994140625,0.01229095458984375,0.033966064453125,0.03759765625
1064,M_1023_11y3m_1_fluent_001,0.153076171875,0.2015380859375,0.033660888671875,0.006771087646484375,0.0153045654296875
1065,M_1023_11y3m_1_fluent_002,0.17236328125,0.1466064453125,0.0182952880859375,0.005512237548828125,0.02606201171875
1066,M_1023_11y3m_1_fluent_003,0.0631103515625,0.10858154296875,0.01678466796875,0.01678466796875,0.046112060546875
1067,M_1023_11y3m_1_fluent_004,0.1014404296875,0.09857177734375,0.0120086669921875,0.00690460205078125,0.05419921875
1068,M_1023_11y3m_1_fluent_005,0.12359619140625,0.1856689453125,0.0299224853515625,0.007694244384765625,0.019012451171875
1069,M_1023_11y3m_1_fluent_006,0.0282135009765625,0.10577392578125,0.0229339599609375,0.091064453125,0.0322265625
1070,M_1023_11y3m_1_fluent_007,0.0325927734375,0.0965576171875,0.0119171142578125,0.0141754150390625,0.021575927734375
1071,M_1023_11y3m_1_fluent_008,0.1405029296875,0.2093505859375,0.03912353515625,0.0078125,0.0225830078125
1072,M_1023_11y3m_1_fluent_009,0.41748046875,0.1959228515625,0.030731201171875,0.0062408447265625,0.0217742919921875
1073,M_1023_11y3m_1_fluent_010,0.34765625,0.156005859375,0.0259552001953125,0.00948333740234375,0.14892578125
1074,M_1023_11y3m_1_fluent_011,0.1363525390625,0.1343994140625,0.0174407958984375,0.007175445556640625,0.0221099853515625
1075,M_1023_11y3m_1_fluent_012,0.62744140625,0.146240234375,0.0283355712890625,0.01073455810546875,0.0704345703125
1076,M_1023_11y3m_1_fluent_013,0.19482421875,0.22607421875,0.040618896484375,0.00841522216796875,0.019989013671875
1077,M_1023_11y3m_1_fluent_014,0.45849609375,0.248046875,0.06756591796875,0.00847625732421875,0.06695556640625
1078,M_1023_11y3m_1_fluent_015,0.06890869140625,0.236328125,0.0635986328125,0.0099334716796875,0.11065673828125
1079,M_1023_11y3m_1_fluent_016,0.0548095703125,0.1922607421875,0.0284423828125,0.00679779052734375,0.02191162109375
1080,M_1023_11y3m_1_fluent_017,0.0330810546875,0.1627197265625,0.03143310546875,0.0102081298828125,0.08709716796875
1081,M_1023_11y3m_1_fluent_018,0.1298828125,0.1195068359375,0.015777587890625,0.007755279541015625,0.04327392578125
1082,M_1023_11y3m_1_fluent_019,0.31640625,0.1357421875,0.019012451171875,0.007232666015625,0.0293731689453125
1083,M_1023_11y3m_1_fluent_020,0.2578125,0.2178955078125,0.053314208984375,0.00933837890625,0.073974609375
1084,M_1023_11y3m_1_fluent_021,0.042724609375,0.237060546875,0.054290771484375,0.00937652587890625,0.060089111328125
1085,M_1023_11y3m_1_fluent_022,0.0638427734375,0.140380859375,0.0197601318359375,0.006771087646484375,0.041839599609375
1086,M_1023_11y3m_1_fluent_023,0.02801513671875,0.0970458984375,0.01107025146484375,0.015777587890625,0.0255126953125
1087,M_1064_47y0m_1_dysfluent_000,0.026763916015625,0.126708984375,0.063232421875,0.88720703125,0.1402587890625
1088,M_1064_47y0m_1_dysfluent_001,0.037200927734375,0.1859130859375,0.047515869140625,0.014617919921875,0.04052734375
1089,M_1064_47y0m_1_dysfluent_002,0.05877685546875,0.2371826171875,0.06915283203125,0.017242431640625,0.06292724609375
1090,M_1064_47y0m_1_dysfluent_003,0.024566650390625,0.0987548828125,0.0147857666015625,0.01473236083984375,0.038604736328125
1091,M_1064_47y0m_1_dysfluent_004,0.0269622802734375,0.1361083984375,0.048126220703125,0.1634521484375,0.0560302734375
1092,M_1064_47y0m_1_dysfluent_005,0.1287841796875,0.501953125,0.767578125,0.14501953125,0.118408203125
1093,M_1064_47y0m_1_dysfluent_006,0.1343994140625,0.52490234375,0.74853515625,0.10321044921875,0.11126708984375
1094,M_1064_47y0m_1_dysfluent_007,0.02203369140625,0.09271240234375,0.039703369140625,0.826171875,0.09967041015625
1095,M_1064_47y0m_1_dysfluent_008,0.1949462890625,0.337158203125,0.2734375,0.06793212890625,0.634765625
1096,M_1064_47y0m_1_dysfluent_009,0.01898193359375,0.1087646484375,0.0170440673828125,0.0169830322265625,0.0276947021484375
1097,M_1064_47y0m_1_dysfluent_010,0.0343017578125,0.2342529296875,0.167236328125,0.1427001953125,0.050506591796875
1098,M_1064_47y0m_1_dysfluent_011,0.0843505859375,0.431640625,0.68212890625,0.224609375,0.10430908203125
1099,M_1064_47y0m_1_dysfluent_012,0.12261962890625,0.1414794921875,0.056243896484375,0.195556640625,0.6904296875
1100,M_1064_47y0m_1_dysfluent_013,0.11676025390625,0.478515625,0.583984375,0.08416748046875,0.1922607421875
1101,M_1064_47y0m_1_dysfluent_014,0.029083251953125,0.10467529296875,0.015960693359375,0.01036834716796875,0.0638427734375
1102,M_1064_47y0m_1_dysfluent_015,0.01262664794921875,0.0849609375,0.0164031982421875,0.08416748046875,0.057708740234375
1103,M_1064_47y0m_1_dysfluent_016,0.0257110595703125,0.086181640625,0.04296875,0.849609375,0.1475830078125
1104,M_1064_47y0m_1_dysfluent_017,0.024932861328125,0.09552001953125,0.017852783203125,0.0171051025390625,0.2054443359375
1105,M_1064_47y0m_1_dysfluent_018,0.017578125,0.1903076171875,0.15185546875,0.2724609375,0.349365234375
1106,M_1064_47y0m_1_dysfluent_019,0.10992431640625,0.474853515625,0.57080078125,0.058135986328125,0.07501220703125
1107,M_1064_47y0m_1_dysfluent_020,0.044769287109375,0.09637451171875,0.0115966796875,0.011871337890625,0.029205322265625
1108,M_1064_47y0m_1_dysfluent_021,0.021331787109375,0.09136962890625,0.03985595703125,0.7099609375,0.2440185546875
1109,M_1064_47y0m_1_dysfluent_022,0.07183837890625,0.41552734375,0.662109375,0.344970703125,0.1318359375
1110,M_1064_47y0m_1_dysfluent_023,0.0849609375,0.1341552734375,0.0143890380859375,0.0074615478515625,0.0256195068359375
1111,M_1064_47y0m_1_dysfluent_024,0.02606201171875,0.11029052734375,0.0142822265625,0.018829345703125,0.027801513671875
1112,M_1064_47y0m_1_dysfluent_025,0.0182952880859375,0.1444091796875,0.09844970703125,0.83642578125,0.155029296875
1113,M_1064_47y0m_1_dysfluent_026,0.024566650390625,0.1363525390625,0.0999755859375,0.86767578125,0.26123046875
1114,M_1064_47y0m_1_dysfluent_027,0.0184783935546875,0.1658935546875,0.1312255859375,0.763671875,0.11376953125
1115,M_1064_47y0m_1_dysfluent_028,0.7080078125,0.291748046875,0.169189453125,0.0792236328125,0.109130859375
1116,M_1064_47y0m_1_dysfluent_029,0.022369384765625,0.11199951171875,0.0150146484375,0.013427734375,0.030731201171875
1117,M_1064_47y0m_1_dysfluent_030,0.04248046875,0.3671875,0.5654296875,0.468017578125,0.118408203125
1118,M_1064_47y0m_1_dysfluent_031,0.0260009765625,0.143798828125,0.114990234375,0.9091796875,0.1778564453125
1119,M_1064_47y0m_1_dysfluent_032,0.0261077880859375,0.1541748046875,0.1114501953125,0.85595703125,0.222900390625
1120,M_1064_47y0m_1_dysfluent_033,0.0285491943359375,0.33544921875,0.39208984375,0.1614990234375,0.1539306640625
1121,M_1064_47y0m_1_dysfluent_034,0.0218658447265625,0.1541748046875,0.0413818359375,0.05645751953125,0.0218658447265625
1122,M_1064_47y0m_1_dysfluent_035,0.034698486328125,0.354248046875,0.446044921875,0.11376953125,0.12347412109375
1123,M_1064_47y0m_1_dysfluent_036,0.01983642578125,0.10931396484375,0.0160980224609375,0.019500732421875,0.04559326171875
1124,M_1064_47y0m_1_dysfluent_037,0.01495361328125,0.07354736328125,0.01009368896484375,0.0604248046875,0.03253173828125
1125,M_1064_47y0m_1_dysfluent_038,0.040924072265625,0.2203369140625,0.28515625,0.82470703125,0.1395263671875
1126,M_1064_47y0m_1_dysfluent_039,0.0207977294921875,0.134033203125,0.09808349609375,0.779296875,0.086181640625
1127,M_1064_47y0m_1_dysfluent_040,0.0287017822265625,0.1717529296875,0.11279296875,0.56298828125,0.033721923828125
1128,M_1064_47y0m_1_dysfluent_041,0.10723876953125,0.24072265625,0.20849609375,0.7373046875,0.505859375
1129,M_1064_47y0m_1_dysfluent_042,0.122314453125,0.2841796875,0.2242431640625,0.438232421875,0.66650390625
1130,M_1064_47y0m_1_dysfluent_043,0.02386474609375,0.1268310546875,0.0203399658203125,0.0170440673828125,0.0182952880859375
1131,M_1064_47y0m_1_dysfluent_044,0.06805419921875,0.378662109375,0.62890625,0.5146484375,0.1326904296875
1132,M_1064_47y0m_1_dysfluent_045,0.052520751953125,0.317626953125,0.4921875,0.68603515625,0.1617431640625
1133,M_1064_47y0m_1_dysfluent_046,0.05450439453125,0.1983642578125,0.219970703125,0.8369140625,0.114990234375
1134,M_1064_47y0m_1_dysfluent_047,0.01490020751953125,0.198974609375,0.1181640625,0.11981201171875,0.0341796875
1135,M_1064_47y0m_1_dysfluent_048,0.11456298828125,0.2958984375,0.403564453125,0.60009765625,0.08477783203125
1136,M_1064_47y0m_1_fluent_000,0.0224609375,0.08740234375,0.0102081298828125,0.0177154541015625,0.02484130859375
1137,M_1064_47y0m_1_fluent_001,0.0203399658203125,0.1478271484375,0.03424072265625,0.0301055908203125,0.02069091796875
1138,M_1064_47y0m_1_fluent_002,0.025421142578125,0.090087890625,0.01036834716796875,0.0115509033203125,0.02947998046875
1139,M_1064_47y0m_1_fluent_003,0.0276947021484375,0.08282470703125,0.0103302001953125,0.0153045654296875,0.0214080810546875
1140,M_1064_47y0m_1_fluent_004,0.0116424560546875,0.11517333984375,0.0252227783203125,0.04742431640625,0.041839599609375
1141,M_1064_47y0m_1_fluent_005,0.051666259765625,0.410400390625,0.286865234375,0.029876708984375,0.036773681640625
1142,M_1064_47y0m_1_fluent_006,0.01525115966796875,0.240966796875,0.169189453125,0.385009765625,0.057586669921875
1143,M_1064_47y0m_1_fluent_007,0.0217437744140625,0.13623046875,0.017181396484375,0.01525115966796875,0.015838623046875
1144,M_1064_47y0m_1_fluent_008,0.011199951171875,0.1087646484375,0.0482177734375,0.43115234375,0.040252685546875
1145,M_1064_47y0m_1_fluent_009,0.027008056640625,0.10894775390625,0.01348114013671875,0.01282501220703125,0.0236968994140625
1146,M_1064_47y0m_1_fluent_010,0.0191192626953125,0.08978271484375,0.012481689453125,0.0292510986328125,0.102294921875
1147,M_1064_47y0m_1_fluent_011,0.0207672119140625,0.08831787109375,0.01666259765625,0.044677734375,0.2186279296875
1148,M_1064_47y0m_1_fluent_012,0.0117340087890625,0.203857421875,0.0704345703125,0.06658935546875,0.0753173828125
1149,M_1064_47y0m_1_fluent_013,0.021240234375,0.1951904296875,0.04168701171875,0.0150146484375,0.0230255126953125
1150,M_1064_47y0m_1_fluent_014,0.1318359375,0.106689453125,0.02337646484375,0.0455322265625,0.76611328125
1151,M_1064_47y0m_1_fluent_015,0.025665283203125,0.1903076171875,0.040008544921875,0.01073455810546875,0.024932861328125
1152,M_1064_47y0m_1_fluent_016,0.019378662109375,0.08050537109375,0.01036834716796875,0.0278472900390625,0.0482177734375
1153,M_1064_47y0m_1_fluent_017,0.0205230712890625,0.240234375,0.2037353515625,0.226806640625,0.1318359375
1154,M_1064_47y0m_1_fluent_018,0.0252685546875,0.1397705078125,0.03204345703125,0.00989532470703125,0.08880615234375
1155,M_1064_47y0m_1_fluent_019,0.01519012451171875,0.1134033203125,0.03460693359375,0.194580078125,0.206298828125
1156,M_1064_47y0m_1_fluent_020,0.0276947021484375,0.1273193359375,0.01812744140625,0.01337432861328125,0.0225067138671875
1157,M_1064_47y0m_1_fluent_021,0.0177764892578125,0.177490234375,0.052703857421875,0.043212890625,0.0279083251953125
1158,M_1064_47y0m_1_fluent_022,0.0164642333984375,0.161376953125,0.048126220703125,0.0455322265625,0.064208984375
1159,M_1064_47y0m_1_fluent_023,0.0189056396484375,0.1307373046875,0.0230255126953125,0.019378662109375,0.01666259765625
1160,M_1064_47y0m_1_fluent_024,0.01490020751953125,0.091064453125,0.01467132568359375,0.042572021484375,0.0880126953125
1161,M_1064_47y0m_1_fluent_025,0.0775146484375,0.2406005859375,0.3203125,0.85888671875,0.2099609375
1162,M_1064_47y0m_1_fluent_026,0.0411376953125,0.41845703125,0.499267578125,0.091552734375,0.120361328125
1163,M_1064_47y0m_1_fluent_027,0.0235137939453125,0.09808349609375,0.0115966796875,0.0173797607421875,0.0185394287109375
1164,M_1064_47y0m_1_fluent_028,0.0255584716796875,0.1566162109375,0.0457763671875,0.0229339599609375,0.12139892578125
1165,M_1064_47y0m_1_fluent_029,0.02069091796875,0.155517578125,0.041229248046875,0.031982421875,0.0706787109375
1166,M_1064_47y0m_1_fluent_030,0.017303466796875,0.062103271484375,0.00861358642578125,0.0537109375,0.06658935546875
1167,M_1064_47y0m_1_fluent_031,0.03271484375,0.09368896484375,0.0120086669921875,0.01029205322265625,0.0374755859375
1168,M_1064_47y0m_1_fluent_032,0.0276336669921875,0.267578125,0.244384765625,0.1041259765625,0.162353515625
1169,M_1064_47y0m_1_fluent_033,0.0233306884765625,0.162353515625,0.1783447265625,0.7890625,0.2459716796875
1170,M_1064_47y0m_1_fluent_034,0.036712646484375,0.1263427734375,0.0193023681640625,0.011688232421875,0.04913330078125
1171,M_1064_47y0m_1_fluent_035,0.0189361572265625,0.0953369140625,0.01348114013671875,0.0254669189453125,0.02215576171875
1172,M_1064_47y0m_1_fluent_036,0.034942626953125,0.09222412109375,0.013275146484375,0.0189361572265625,0.037109375
1173,M_1064_47y0m_1_fluent_037,0.054107666015625,0.1585693359375,0.02288818359375,0.00809478759765625,0.017242431640625
1174,M_1064_47y0m_1_fluent_038,0.033966064453125,0.090576171875,0.009674072265625,0.01322174072265625,0.0496826171875
1175,M_1064_47y0m_1_fluent_039,0.0150146484375,0.06549072265625,0.00905609130859375,0.033203125,0.1217041015625
1176,M_1064_47y0m_1_fluent_040,0.0170440673828125,0.063232421875,0.00844573974609375,0.022369384765625,0.1083984375
1177,M_1064_47y0m_1_fluent_041,0.021209716796875,0.1502685546875,0.035736083984375,0.01490020751953125,0.058135986328125
1178,M_1064_47y0m_1_fluent_042,0.0137939453125,0.08465576171875,0.0170440673828125,0.142333984375,0.037750244140625
1179,M_1064_47y0m_1_fluent_043,0.0125732421875,0.12841796875,0.10302734375,0.60546875,0.216552734375
1180,M_1064_47y0m_1_fluent_044,0.030731201171875,0.09930419921875,0.013275146484375,0.0101318359375,0.07183837890625
1181,M_1064_47y0m_1_fluent_045,0.0386962890625,0.091064453125,0.01287078857421875,0.01242828369140625,0.054901123046875
1182,M_1064_47y0m_1_fluent_046,0.03802490234375,0.11358642578125,0.018646240234375,0.00812530517578125,0.15771484375
1183,M_1064_47y0m_1_fluent_047,0.0240478515625,0.09466552734375,0.01214599609375,0.0162200927734375,0.0199432373046875
1184,M_1064_47y0m_1_fluent_048,0.0343017578125,0.20947265625,0.277587890625,0.8388671875,0.1678466796875
1185,M_1064_47y0m_1_fluent_049,0.033477783203125,0.1014404296875,0.0112457275390625,0.010406494140625,0.020172119140625
1186,M_1064_47y0m_1_fluent_050,0.0160980224609375,0.1041259765625,0.06890869140625,0.79931640625,0.1923828125
1187,M_1064_47y0m_1_fluent_051,0.020965576171875,0.072265625,0.01107025146484375,0.0191192626953125,0.1175537109375
1188,M_1064_47y0m_1_fluent_052,0.0214080810546875,0.0699462890625,0.00971221923828125,0.0212860107421875,0.21142578125
1189,M_1064_47y0m_1_fluent_053,0.01525115966796875,0.08587646484375,0.0143890380859375,0.035064697265625,0.290771484375
1190,M_1064_47y0m_1_fluent_054,0.0261993408203125,0.06268310546875,0.00734710693359375,0.0192718505859375,0.20947265625
1191,M_1064_47y0m_1_fluent_055,0.08770751953125,0.11993408203125,0.022979736328125,0.0141143798828125,0.4521484375
1192,M_1064_47y0m_1_fluent_056,0.06573486328125,0.3720703125,0.57373046875,0.173828125,0.102294921875
1193,M_1064_47y0m_1_fluent_057,0.03839111328125,0.12359619140625,0.01525115966796875,0.012725830078125,0.02606201171875
1194,M_1064_47y0m_1_fluent_058,0.03228759765625,0.06512451171875,0.00861358642578125,0.0304412841796875,0.25
1195,M_1064_47y0m_1_fluent_059,0.01678466796875,0.07159423828125,0.00926971435546875,0.03179931640625,0.044525146484375
1196,M_1064_47y0m_1_fluent_060,0.340087890625,0.11029052734375,0.01837158203125,0.008880615234375,0.28369140625
1197,M_1064_47y0m_1_fluent_061,0.0169219970703125,0.1121826171875,0.0163421630859375,0.027740478515625,0.04132080078125
1198,M_1064_47y0m_1_fluent_062,0.048675537109375,0.06927490234375,0.00997161865234375,0.0391845703125,0.477294921875
1199,M_1064_47y0m_1_fluent_063,0.0374755859375,0.1236572265625,0.01678466796875,0.01094818115234375,0.0207672119140625
1200,M_1064_47y0m_1_fluent_064,0.0231475830078125,0.08538818359375,0.012237548828125,0.018585205078125,0.140380859375
1201,M_1064_47y0m_1_fluent_065,0.0188751220703125,0.0784912109375,0.00945281982421875,0.0164031982421875,0.0703125
1202,M_1064_47y0m_1_fluent_066,0.0303802490234375,0.352783203125,0.338134765625,0.1026611328125,0.193603515625
1203,M_1064_47y0m_1_fluent_067,0.033660888671875,0.07794189453125,0.0074615478515625,0.01395416259765625,0.06854248046875
1204,M_1064_47y0m_1_fluent_068,0.027740478515625,0.219970703125,0.0830078125,0.0189361572265625,0.07159423828125
1205,M_1064_47y0m_1_fluent_069,0.01953125,0.114990234375,0.0180511474609375,0.0185089111328125,0.02288818359375
1206,M_1064_47y0m_1_fluent_070,0.017242431640625,0.11297607421875,0.016021728515625,0.018829345703125,0.0216522216796875
1207,M_1064_47y0m_1_fluent_071,0.01233673095703125,0.1553955078125,0.055419921875,0.09844970703125,0.12322998046875
1208,M_1064_47y0m_1_fluent_072,0.024932861328125,0.16162109375,0.0276336669921875,0.015838623046875,0.026611328125
1209,M_1064_47y0m_1_fluent_073,0.021942138671875,0.13916015625,0.025909423828125,0.020721435546875,0.0743408203125
1210,M_1064_47y0m_1_fluent_074,0.016845703125,0.06878662109375,0.00926971435546875,0.0225830078125,0.1671142578125
1211,M_1064_47y0m_1_fluent_075,0.036712646484375,0.07501220703125,0.024383544921875,0.669921875,0.199951171875
1212,M_1064_47y0m_1_fluent_076,0.016021728515625,0.11279296875,0.02337646484375,0.034027099609375,0.07208251953125
1213,M_1064_47y0m_1_fluent_077,0.1094970703125,0.06939697265625,0.01094818115234375,0.0251312255859375,0.53564453125
1214,M_1064_47y0m_1_fluent_078,0.01751708984375,0.10992431640625,0.01450347900390625,0.01490020751953125,0.07763671875
1215,M_1064_47y0m_1_fluent_079,0.01507568359375,0.1805419921875,0.051544189453125,0.02947998046875,0.0271148681640625
1216,M_1064_47y0m_1_fluent_080,0.08880615234375,0.11993408203125,0.01337432861328125,0.00626373291015625,0.0259552001953125
1217,M_1064_47y0m_1_fluent_081,0.029144287109375,0.07171630859375,0.0089874267578125,0.014007568359375,0.08038330078125
1218,M_1064_47y0m_1_fluent_082,0.028106689453125,0.2166748046875,0.289306640625,0.74609375,0.10894775390625
1219,M_1064_47y0m_1_fluent_083,0.017181396484375,0.153564453125,0.0552978515625,0.09552001953125,0.10540771484375
1220,M_1064_47y0m_1_fluent_084,0.030731201171875,0.081787109375,0.0094146728515625,0.01312255859375,0.02215576171875
1221,M_1064_47y0m_1_fluent_085,0.021484375,0.10797119140625,0.01358795166015625,0.01302337646484375,0.0279541015625
1222,M_1064_47y0m_1_fluent_086,0.01287078857421875,0.07421875,0.01116180419921875,0.0394287109375,0.058563232421875
1223,M_1064_47y0m_1_fluent_087,0.0177154541015625,0.06781005859375,0.007965087890625,0.040252685546875,0.2330322265625
1224,M_1064_47y0m_1_fluent_088,0.0318603515625,0.1187744140625,0.020599365234375,0.02056884765625,0.024383544921875
1225,M_1064_47y0m_1_fluent_089,0.0184326171875,0.14794921875,0.026153564453125,0.022796630859375,0.028656005859375
1226,M_1064_47y0m_1_fluent_090,0.0180206298828125,0.06573486328125,0.01085662841796875,0.1104736328125,0.05419921875
1227,M_1064_47y0m_1_fluent_091,0.05792236328125,0.41162109375,0.29931640625,0.024993896484375,0.0305023193359375
1228,M_1064_47y0m_1_fluent_092,0.1695556640625,0.10723876953125,0.020599365234375,0.018157958984375,0.6953125
1229,M_1064_47y0m_1_fluent_093,0.03594970703125,0.18115234375,0.042083740234375,0.01214599609375,0.03955078125
1230,M_1064_47y0m_1_fluent_094,0.040008544921875,0.276123046875,0.0704345703125,0.0191650390625,0.0472412109375
1231,M_1064_47y0m_1_fluent_095,0.0263519287109375,0.2130126953125,0.2432861328125,0.81201171875,0.09979248046875
1232,M_1064_47y0m_1_fluent_096,0.020965576171875,0.10321044921875,0.0142822265625,0.01262664794921875,0.038238525390625
1233,M_1064_47y0m_1_fluent_097,0.0250396728515625,0.06744384765625,0.0068511962890625,0.0224609375,0.12274169921875
1234,M_1099_25y0m_1_dysfluent_000,0.059967041015625,0.23974609375,0.1356201171875,0.1954345703125,0.8203125
1235,M_1099_25y0m_1_dysfluent_001,0.059967041015625,0.23974609375,0.1356201171875,0.1954345703125,0.8203125
1236,M_1099_25y0m_1_dysfluent_002,0.1380615234375,0.10595703125,0.0290374755859375,0.04742431640625,0.9140625
1237,M_1099_25y0m_1_dysfluent_003,0.1422119140625,0.11358642578125,0.040924072265625,0.09979248046875,0.93115234375
1238,M_1099_25y0m_1_dysfluent_004,0.0784912109375,0.097412109375,0.025665283203125,0.09515380859375,0.8916015625
1239,M_1099_25y0m_1_dysfluent_005,0.11065673828125,0.1229248046875,0.0386962890625,0.06927490234375,0.904296875
1240,M_1099_25y0m_1_dysfluent_006,0.08526611328125,0.2069091796875,0.1217041015625,0.1259765625,0.85400390625
1241,M_1099_25y0m_1_dysfluent_007,0.06793212890625,0.2139892578125,0.09808349609375,0.08709716796875,0.76220703125
1242,M_1099_25y0m_1_dysfluent_008,0.04534912109375,0.08477783203125,0.0163421630859375,0.043212890625,0.6572265625
1243,M_1099_25y0m_1_dysfluent_009,0.06256103515625,0.081787109375,0.0143890380859375,0.01666259765625,0.56689453125
1244,M_1099_25y0m_1_dysfluent_010,0.0216217041015625,0.09588623046875,0.011688232421875,0.0154876708984375,0.06744384765625
1245,M_1099_25y0m_1_dysfluent_011,0.1400146484375,0.1270751953125,0.033966064453125,0.054290771484375,0.92236328125
1246,M_1099_25y0m_1_dysfluent_012,0.047607421875,0.19482421875,0.185302734375,0.73291015625,0.10992431640625
1247,M_1099_25y0m_1_dysfluent_013,0.0706787109375,0.0784912109375,0.01507568359375,0.0416259765625,0.833984375
1248,M_1099_25y0m_1_dysfluent_014,0.11395263671875,0.08831787109375,0.01322174072265625,0.016021728515625,0.59521484375
1249,M_1099_25y0m_1_dysfluent_015,0.03265380859375,0.2193603515625,0.04742431640625,0.0131683349609375,0.0240020751953125
1250,M_1099_25y0m_1_dysfluent_016,0.0489501953125,0.071044921875,0.0099334716796875,0.01763916015625,0.448974609375
1251,M_1099_25y0m_1_dysfluent_017,0.01146697998046875,0.10015869140625,0.02337646484375,0.08770751953125,0.0292510986328125
1252,M_1099_25y0m_1_dysfluent_018,0.0106964111328125,0.0894775390625,0.0190887451171875,0.0889892578125,0.03192138671875
1253,M_1099_25y0m_1_dysfluent_019,0.0802001953125,0.1187744140625,0.02069091796875,0.02886962890625,0.6357421875
1254,M_1099_25y0m_1_dysfluent_020,0.0253753662109375,0.3505859375,0.306640625,0.08197021484375,0.07794189453125
1255,M_1099_25y0m_1_dysfluent_021,0.0257568359375,0.08123779296875,0.00916290283203125,0.0173797607421875,0.0284423828125
1256,M_1099_25y0m_1_dysfluent_022,0.0633544921875,0.11199951171875,0.0302734375,0.0706787109375,0.8828125
1257,M_1099_25y0m_1_dysfluent_023,0.1434326171875,0.11102294921875,0.029205322265625,0.037750244140625,0.90869140625
1258,M_1099_25y0m_1_dysfluent_024,0.06646728515625,0.105224609375,0.0210113525390625,0.024566650390625,0.6923828125
1259,M_1099_25y0m_1_dysfluent_025,0.044586181640625,0.1048583984375,0.01560211181640625,0.01678466796875,0.360107421875
1260,M_1099_25y0m_1_dysfluent_026,0.021087646484375,0.090576171875,0.04296875,0.87109375,0.09271240234375
1261,M_1099_25y0m_1_dysfluent_027,0.1746826171875,0.1300048828125,0.036285400390625,0.044189453125,0.91796875
1262,M_1099_25y0m_1_dysfluent_028,0.183349609375,0.12451171875,0.035675048828125,0.040985107421875,0.9130859375
1263,M_1099_25y0m_1_dysfluent_029,0.06231689453125,0.0738525390625,0.014617919921875,0.052032470703125,0.7998046875
1264,M_1099_25y0m_1_dysfluent_030,0.06451416015625,0.08331298828125,0.01763916015625,0.057281494140625,0.84326171875
1265,M_1099_25y0m_1_dysfluent_031,0.0552978515625,0.07342529296875,0.014556884765625,0.07208251953125,0.81689453125
1266,M_1099_25y0m_1_dysfluent_032,0.11474609375,0.11029052734375,0.026458740234375,0.045196533203125,0.91357421875
1267,M_1099_25y0m_1_dysfluent_033,0.141845703125,0.138671875,0.037811279296875,0.0472412109375,0.9189453125
1268,M_1099_25y0m_1_dysfluent_034,0.0310821533203125,0.32861328125,0.43505859375,0.44580078125,0.093994140625
1269,M_1099_25y0m_1_dysfluent_035,0.1370849609375,0.268310546875,0.170654296875,0.45068359375,0.88525390625
1270,M_1099_25y0m_1_dysfluent_036,0.1334228515625,0.089111328125,0.0184326171875,0.03582763671875,0.8212890625
1271,M_1099_25y0m_1_dysfluent_037,0.18798828125,0.13134765625,0.040771484375,0.059417724609375,0.93359375
1272,M_1099_25y0m_1_dysfluent_038,0.011871337890625,0.1041259765625,0.0252227783203125,0.1124267578125,0.027008056640625
1273,M_1099_25y0m_1_dysfluent_039,0.024383544921875,0.06854248046875,0.0089874267578125,0.05511474609375,0.3017578125
1274,M_1099_25y0m_1_dysfluent_040,0.242431640625,0.118408203125,0.0325927734375,0.040618896484375,0.86376953125
1275,M_1099_25y0m_1_dysfluent_041,0.01332855224609375,0.08154296875,0.0125732421875,0.092529296875,0.1553955078125
1276,M_1099_25y0m_1_dysfluent_042,0.01554107666015625,0.13818359375,0.0867919921875,0.82666015625,0.1949462890625
1277,M_1099_25y0m_1_dysfluent_043,0.0202178955078125,0.127685546875,0.08660888671875,0.79736328125,0.1365966796875
1278,M_1099_25y0m_1_dysfluent_044,0.0869140625,0.11358642578125,0.028167724609375,0.060638427734375,0.9150390625
1279,M_1099_25y0m_1_dysfluent_045,0.043853759765625,0.08197021484375,0.00933837890625,0.0127716064453125,0.0222015380859375
1280,M_1099_25y0m_1_dysfluent_046,0.08331298828125,0.10992431640625,0.0225372314453125,0.0285491943359375,0.8271484375
1281,M_1099_25y0m_1_dysfluent_047,0.12445068359375,0.11578369140625,0.0304412841796875,0.043609619140625,0.91015625
1282,M_1099_25y0m_1_dysfluent_048,0.10089111328125,0.119384765625,0.0297088623046875,0.041473388671875,0.9033203125
1283,M_1099_25y0m_1_dysfluent_049,0.07489013671875,0.21728515625,0.086181640625,0.0293121337890625,0.65673828125
1284,M_1099_25y0m_1_dysfluent_050,0.0360107421875,0.237548828125,0.09185791015625,0.0182647705078125,0.2119140625
1285,M_1099_25y0m_1_dysfluent_051,0.11395263671875,0.11517333984375,0.0255584716796875,0.034942626953125,0.8701171875
1286,M_1099_25y0m_1_dysfluent_052,0.115966796875,0.1177978515625,0.02880859375,0.039703369140625,0.89697265625
1287,M_1099_25y0m_1_dysfluent_053,0.1048583984375,0.1070556640625,0.024658203125,0.04248046875,0.888671875
1288,M_1099_25y0m_1_dysfluent_054,0.0186920166015625,0.09857177734375,0.0185089111328125,0.035736083984375,0.018341064453125
1289,M_1099_25y0m_1_dysfluent_055,0.035614013671875,0.1007080078125,0.023651123046875,0.2391357421875,0.810546875
1290,M_1099_25y0m_1_dysfluent_056,0.01322174072265625,0.10174560546875,0.026153564453125,0.1951904296875,0.146484375
1291,M_1099_25y0m_1_dysfluent_057,0.0192413330078125,0.1358642578125,0.051177978515625,0.270263671875,0.04486083984375
1292,M_1099_25y0m_1_dysfluent_058,0.11297607421875,0.109130859375,0.0287017822265625,0.0638427734375,0.90869140625
1293,M_1099_25y0m_1_dysfluent_059,0.0208892822265625,0.09722900390625,0.01422882080078125,0.0305633544921875,0.05126953125
1294,M_1099_25y0m_1_dysfluent_060,0.026702880859375,0.07586669921875,0.00841522216796875,0.0230712890625,0.1630859375
1295,M_1099_25y0m_1_dysfluent_061,0.0282745361328125,0.06854248046875,0.007843017578125,0.02508544921875,0.196533203125
1296,M_1099_25y0m_1_dysfluent_062,0.0296478271484375,0.07330322265625,0.00894927978515625,0.0257110595703125,0.2161865234375
1297,M_1099_25y0m_1_dysfluent_063,0.037261962890625,0.132080078125,0.1041259765625,0.90966796875,0.2044677734375
1298,M_1099_25y0m_1_dysfluent_064,0.037261962890625,0.132080078125,0.1041259765625,0.90966796875,0.2044677734375
1299,M_1099_25y0m_1_dysfluent_065,0.04443359375,0.06610107421875,0.011688232421875,0.0728759765625,0.7470703125
1300,M_1099_25y0m_1_dysfluent_066,0.033782958984375,0.058349609375,0.007518768310546875,0.054412841796875,0.3876953125
1301,M_1099_25y0m_1_dysfluent_067,0.167724609375,0.1356201171875,0.0386962890625,0.052032470703125,0.9296875
1302,M_1099_25y0m_1_dysfluent_068,0.13671875,0.10723876953125,0.0271759033203125,0.044921875,0.91162109375
1303,M_1099_25y0m_1_dysfluent_069,0.1312255859375,0.10052490234375,0.0230712890625,0.0304412841796875,0.86767578125
1304,M_1099_25y0m_1_dysfluent_070,0.0987548828125,0.0975341796875,0.023284912109375,0.034423828125,0.8720703125
1305,M_1099_25y0m_1_dysfluent_071,0.11181640625,0.09271240234375,0.0230712890625,0.04217529296875,0.8896484375
1306,M_1099_25y0m_1_dysfluent_072,0.11553955078125,0.12451171875,0.0293731689453125,0.036163330078125,0.892578125
1307,M_1099_25y0m_1_dysfluent_073,0.08465576171875,0.107421875,0.0279541015625,0.044281005859375,0.89111328125
1308,M_1099_25y0m_1_dysfluent_074,0.082275390625,0.10595703125,0.0243377685546875,0.048309326171875,0.88671875
1309,M_1099_25y0m_1_dysfluent_075,0.051849365234375,0.08929443359375,0.0284881591796875,0.53369140625,0.744140625
1310,M_1099_25y0m_1_dysfluent_076,0.051849365234375,0.08929443359375,0.0284881591796875,0.53369140625,0.744140625
1311,M_1099_25y0m_1_dysfluent_077,0.17724609375,0.11968994140625,0.03302001953125,0.04107666015625,0.9052734375
1312,M_1099_25y0m_1_dysfluent_078,0.06866455078125,0.1654052734375,0.047088623046875,0.041778564453125,0.7744140625
1313,M_1099_25y0m_1_dysfluent_079,0.08209228515625,0.30126953125,0.171142578125,0.06805419921875,0.74365234375
1314,M_1099_25y0m_1_dysfluent_080,0.06982421875,0.17724609375,0.081787109375,0.4111328125,0.8701171875
1315,M_1099_25y0m_1_dysfluent_081,0.0889892578125,0.11395263671875,0.0290374755859375,0.05633544921875,0.91845703125
1316,M_1099_25y0m_1_dysfluent_082,0.09283447265625,0.09930419921875,0.0225067138671875,0.04486083984375,0.89404296875
1317,M_1099_25y0m_1_dysfluent_083,0.0236968994140625,0.09234619140625,0.044769287109375,0.8896484375,0.1124267578125
1318,M_1099_25y0m_1_dysfluent_084,0.01332855224609375,0.1903076171875,0.093017578125,0.07318115234375,0.2379150390625
1319,M_1099_25y0m_1_dysfluent_085,0.0704345703125,0.1717529296875,0.06610107421875,0.1357421875,0.91357421875
1320,M_1099_25y0m_1_dysfluent_086,0.1124267578125,0.1898193359375,0.07574462890625,0.13916015625,0.935546875
1321,M_1099_25y0m_1_dysfluent_087,0.020172119140625,0.06243896484375,0.00809478759765625,0.059417724609375,0.08978271484375
1322,M_1099_25y0m_1_dysfluent_088,0.10015869140625,0.11297607421875,0.02691650390625,0.049774169921875,0.9111328125
1323,M_1099_25y0m_1_dysfluent_089,0.08251953125,0.1683349609375,0.063720703125,0.149658203125,0.8662109375
1324,M_1099_25y0m_1_dysfluent_090,0.0258026123046875,0.157958984375,0.038177490234375,0.03338623046875,0.02655029296875
1325,M_1099_25y0m_1_dysfluent_091,0.0125274658203125,0.08416748046875,0.01751708984375,0.09600830078125,0.045867919921875
1326,M_1099_25y0m_1_dysfluent_092,0.058349609375,0.174072265625,0.05340576171875,0.0170440673828125,0.52490234375
1327,M_1099_25y0m_1_dysfluent_093,0.07489013671875,0.2384033203125,0.0966796875,0.07171630859375,0.8349609375
1328,M_1099_25y0m_1_dysfluent_094,0.10357666015625,0.26904296875,0.153076171875,0.11163330078125,0.8701171875
1329,M_1099_25y0m_1_dysfluent_095,0.0830078125,0.10595703125,0.02801513671875,0.08587646484375,0.92431640625
1330,M_1099_25y0m_1_dysfluent_096,0.097900390625,0.15380859375,0.05499267578125,0.1279296875,0.9296875
1331,M_1099_25y0m_1_dysfluent_097,0.1163330078125,0.1258544921875,0.03594970703125,0.0521240234375,0.9208984375
1332,M_1099_25y0m_1_dysfluent_098,0.063720703125,0.10052490234375,0.0219879150390625,0.07476806640625,0.8564453125
1333,M_1099_25y0m_1_dysfluent_099,0.028167724609375,0.1558837890625,0.1627197265625,0.8896484375,0.1229248046875
1334,M_1099_25y0m_1_dysfluent_100,0.0121002197265625,0.1630859375,0.1199951171875,0.60791015625,0.06304931640625
1335,M_1099_25y0m_1_dysfluent_101,0.0147857666015625,0.07208251953125,0.0106964111328125,0.04620361328125,0.042236328125
1336,M_1099_25y0m_1_dysfluent_102,0.0880126953125,0.1448974609375,0.03912353515625,0.021820068359375,0.728515625
1337,M_1099_25y0m_1_dysfluent_103,0.079345703125,0.125244140625,0.029876708984375,0.054901123046875,0.88671875
1338,M_1099_25y0m_1_dysfluent_104,0.1318359375,0.12139892578125,0.026763916015625,0.038543701171875,0.88525390625
1339,M_1099_25y0m_1_dysfluent_105,0.01332855224609375,0.242431640625,0.12408447265625,0.11083984375,0.09686279296875
1340,M_1099_25y0m_1_dysfluent_106,0.0211181640625,0.07366943359375,0.0092315673828125,0.0235595703125,0.070068359375
1341,M_1099_25y0m_1_dysfluent_107,0.01751708984375,0.080078125,0.0099334716796875,0.0180511474609375,0.06427001953125
1342,M_1099_25y0m_1_dysfluent_108,0.09075927734375,0.458251953125,0.337890625,0.024658203125,0.031982421875
1343,M_1099_25y0m_1_dysfluent_109,0.07684326171875,0.1048583984375,0.042236328125,0.6669921875,0.73486328125
1344,M_1099_25y0m_1_dysfluent_110,0.1328125,0.11553955078125,0.03143310546875,0.055511474609375,0.92724609375
1345,M_1099_25y0m_1_dysfluent_111,0.1729736328125,0.122314453125,0.03314208984375,0.0457763671875,0.92138671875
1346,M_1099_25y0m_1_dysfluent_112,0.08648681640625,0.08660888671875,0.0169830322265625,0.0216522216796875,0.433837890625
1347,M_1099_25y0m_1_dysfluent_113,0.044769287109375,0.080078125,0.012725830078125,0.0360107421875,0.6767578125
1348,M_1099_25y0m_1_dysfluent_114,0.07666015625,0.09320068359375,0.02191162109375,0.07501220703125,0.87548828125
1349,M_1099_25y0m_1_dysfluent_115,0.10595703125,0.1263427734375,0.0311431884765625,0.0521240234375,0.9072265625
1350,M_1099_25y0m_1_dysfluent_116,0.152587890625,0.1175537109375,0.031982421875,0.047515869140625,0.90966796875
1351,M_1099_25y0m_1_dysfluent_117,0.051361083984375,0.06854248046875,0.0117340087890625,0.030731201171875,0.63671875
1352,M_1099_25y0m_1_dysfluent_118,0.1270751953125,0.20068359375,0.0792236328125,0.06683349609375,0.888671875
1353,M_1099_25y0m_1_dysfluent_119,0.05340576171875,0.38134765625,0.380126953125,0.040313720703125,0.042816162109375
1354,M_1099_25y0m_1_dysfluent_120,0.1181640625,0.09600830078125,0.0177764892578125,0.0265045166015625,0.7890625
1355,M_1099_25y0m_1_dysfluent_121,0.0341796875,0.1124267578125,0.0460205078125,0.88720703125,0.323974609375
1356,M_1099_25y0m_1_dysfluent_122,0.1202392578125,0.1627197265625,0.04595947265625,0.060211181640625,0.9169921875
1357,M_1099_25y0m_1_dysfluent_123,0.12261962890625,0.1866455078125,0.060302734375,0.0701904296875,0.91748046875
1358,M_1099_25y0m_1_dysfluent_124,0.11578369140625,0.2335205078125,0.1007080078125,0.10821533203125,0.90380859375
1359,M_1099_25y0m_1_dysfluent_125,0.03277587890625,0.2763671875,0.2958984375,0.66015625,0.11798095703125
1360,M_1099_25y0m_1_dysfluent_126,0.060638427734375,0.13818359375,0.051849365234375,0.357666015625,0.8369140625
1361,M_1099_25y0m_1_dysfluent_127,0.050140380859375,0.1519775390625,0.06231689453125,0.623046875,0.763671875
1362,M_1099_25y0m_1_dysfluent_128,0.10931396484375,0.134765625,0.0285491943359375,0.033905029296875,0.77685546875
1363,M_1099_25y0m_1_dysfluent_129,0.177978515625,0.2349853515625,0.0836181640625,0.0638427734375,0.88818359375
1364,M_1099_25y0m_1_dysfluent_130,0.10595703125,0.1190185546875,0.0509033203125,0.455322265625,0.8720703125
1365,M_1099_25y0m_1_dysfluent_131,0.0953369140625,0.10723876953125,0.0257110595703125,0.030670166015625,0.84228515625
1366,M_1099_25y0m_1_dysfluent_132,0.11981201171875,0.12127685546875,0.033843994140625,0.038909912109375,0.85205078125
1367,M_1099_25y0m_1_dysfluent_133,0.16015625,0.1336669921875,0.04327392578125,0.045440673828125,0.88037109375
1368,M_1099_25y0m_1_dysfluent_134,0.1044921875,0.0762939453125,0.014007568359375,0.0301513671875,0.75927734375
1369,M_1099_25y0m_1_dysfluent_135,0.12451171875,0.134521484375,0.037261962890625,0.06829833984375,0.927734375
1370,M_1099_25y0m_1_dysfluent_136,0.07794189453125,0.140869140625,0.0293731689453125,0.031494140625,0.72314453125
1371,M_1099_25y0m_1_dysfluent_137,0.083740234375,0.1591796875,0.040374755859375,0.04803466796875,0.8525390625
1372,M_1099_25y0m_1_dysfluent_138,0.092041015625,0.147216796875,0.040618896484375,0.09039306640625,0.91259765625
1373,M_1099_25y0m_1_dysfluent_139,0.1015625,0.1715087890625,0.047882080078125,0.07183837890625,0.9052734375
1374,M_1099_25y0m_1_dysfluent_140,0.1087646484375,0.1905517578125,0.0633544921875,0.0953369140625,0.9228515625
1375,M_1099_25y0m_1_dysfluent_141,0.1512451171875,0.2059326171875,0.07452392578125,0.061981201171875,0.896484375
1376,M_1099_25y0m_1_dysfluent_142,0.12432861328125,0.167724609375,0.05645751953125,0.08270263671875,0.9326171875
1377,M_1099_25y0m_1_dysfluent_143,0.1322021484375,0.167724609375,0.052703857421875,0.06793212890625,0.92529296875
1378,M_1099_25y0m_1_dysfluent_144,0.13916015625,0.148193359375,0.040985107421875,0.04913330078125,0.91748046875
1379,M_1099_25y0m_1_dysfluent_145,0.3525390625,0.1978759765625,0.04559326171875,0.01146697998046875,0.10302734375
1380,M_1099_25y0m_1_dysfluent_146,0.053009033203125,0.11260986328125,0.054412841796875,0.85400390625,0.54150390625
1381,M_1099_25y0m_1_dysfluent_147,0.08758544921875,0.09283447265625,0.0192718505859375,0.0416259765625,0.87158203125
1382,M_1099_25y0m_1_dysfluent_148,0.03302001953125,0.0948486328125,0.0217437744140625,0.087890625,0.7880859375
1383,M_1099_25y0m_1_dysfluent_149,0.041229248046875,0.093994140625,0.0221099853515625,0.11517333984375,0.81884765625
1384,M_1099_25y0m_1_dysfluent_150,0.0246124267578125,0.09136962890625,0.0197906494140625,0.1475830078125,0.697265625
1385,M_1099_25y0m_1_dysfluent_151,0.014617919921875,0.1048583984375,0.016845703125,0.0179901123046875,0.035003662109375
1386,M_1099_25y0m_1_dysfluent_152,0.0592041015625,0.0975341796875,0.0206451416015625,0.0838623046875,0.80615234375
1387,M_1099_25y0m_1_dysfluent_153,0.2158203125,0.1810302734375,0.06695556640625,0.05072021484375,0.82666015625
1388,M_1099_25y0m_1_dysfluent_154,0.03240966796875,0.083740234375,0.012969970703125,0.0243377685546875,0.448486328125
1389,M_1099_25y0m_1_dysfluent_155,0.093994140625,0.0999755859375,0.0233306884765625,0.06732177734375,0.89892578125
1390,M_1099_25y0m_1_dysfluent_156,0.014556884765625,0.13525390625,0.031494140625,0.05145263671875,0.03582763671875
1391,M_1099_25y0m_1_dysfluent_157,0.1480712890625,0.1324462890625,0.03179931640625,0.044189453125,0.8984375
1392,M_1099_25y0m_1_dysfluent_158,0.151123046875,0.146240234375,0.038909912109375,0.053009033203125,0.921875
1393,M_1099_25y0m_1_dysfluent_159,0.155517578125,0.1278076171875,0.0312042236328125,0.044921875,0.8974609375
1394,M_1099_25y0m_1_dysfluent_160,0.0987548828125,0.11279296875,0.03802490234375,0.1505126953125,0.939453125
1395,M_1099_25y0m_1_dysfluent_161,0.09515380859375,0.1044921875,0.036712646484375,0.286865234375,0.9287109375
1396,M_1099_25y0m_1_dysfluent_162,0.09136962890625,0.1939697265625,0.095703125,0.1507568359375,0.91015625
1397,M_1099_25y0m_1_dysfluent_163,0.13330078125,0.1807861328125,0.06646728515625,0.07989501953125,0.919921875
1398,M_1099_25y0m_1_dysfluent_164,0.1463623046875,0.2117919921875,0.094482421875,0.090576171875,0.921875
1399,M_1099_25y0m_1_dysfluent_165,0.01337432861328125,0.1015625,0.0153045654296875,0.03143310546875,0.021453857421875
1400,M_1099_25y0m_1_dysfluent_166,0.01374053955078125,0.10723876953125,0.0169219970703125,0.0293121337890625,0.0202178955078125
1401,M_1099_25y0m_1_dysfluent_167,0.0169830322265625,0.08197021484375,0.0139007568359375,0.052825927734375,0.262939453125
1402,M_1099_25y0m_1_dysfluent_168,0.0953369140625,0.09979248046875,0.0200958251953125,0.033660888671875,0.8662109375
1403,M_1099_25y0m_1_dysfluent_169,0.0106964111328125,0.1131591796875,0.0263519287109375,0.09027099609375,0.0343017578125
1404,M_1099_25y0m_1_dysfluent_170,0.01348114013671875,0.1929931640625,0.06866455078125,0.05511474609375,0.055206298828125
1405,M_1099_25y0m_1_dysfluent_171,0.025421142578125,0.326904296875,0.37841796875,0.1700439453125,0.1048583984375
1406,M_1099_25y0m_1_dysfluent_172,0.04345703125,0.0755615234375,0.0129241943359375,0.058135986328125,0.69580078125
1407,M_1099_25y0m_1_dysfluent_173,0.041229248046875,0.06793212890625,0.00766754150390625,0.0202178955078125,0.2493896484375
1408,M_1099_25y0m_1_dysfluent_174,0.0192413330078125,0.0880126953125,0.01312255859375,0.038177490234375,0.03192138671875
1409,M_1099_25y0m_1_dysfluent_175,0.03955078125,0.129150390625,0.07879638671875,0.85498046875,0.486572265625
1410,M_1099_25y0m_1_dysfluent_176,0.03662109375,0.11578369140625,0.053985595703125,0.71630859375,0.6259765625
1411,M_1099_25y0m_1_dysfluent_177,0.05224609375,0.2242431640625,0.1597900390625,0.0751953125,0.67431640625
1412,M_1099_25y0m_1_dysfluent_178,0.0154266357421875,0.217041015625,0.203125,0.32373046875,0.089111328125
1413,M_1099_25y0m_1_dysfluent_179,0.034942626953125,0.260498046875,0.2705078125,0.145263671875,0.52099609375
1414,M_1099_25y0m_1_dysfluent_180,0.0197601318359375,0.1470947265625,0.037200927734375,0.0290374755859375,0.161376953125
1415,M_1099_25y0m_1_dysfluent_181,0.023284912109375,0.14990234375,0.03125,0.016845703125,0.12939453125
1416,M_1099_25y0m_1_dysfluent_182,0.01763916015625,0.09332275390625,0.01337432861328125,0.03662109375,0.10174560546875
1417,M_1099_25y0m_1_dysfluent_183,0.1551513671875,0.10577392578125,0.0225830078125,0.0364990234375,0.876953125
1418,M_1099_25y0m_1_dysfluent_184,0.165771484375,0.0987548828125,0.021087646484375,0.033782958984375,0.84765625
1419,M_1099_25y0m_1_dysfluent_185,0.0235595703125,0.24658203125,0.31201171875,0.48291015625,0.055816650390625
1420,M_1099_25y0m_1_dysfluent_186,0.0187225341796875,0.2186279296875,0.0869140625,0.06842041015625,0.1876220703125
1421,M_1099_25y0m_1_dysfluent_187,0.0251312255859375,0.1285400390625,0.0855712890625,0.84619140625,0.09283447265625
1422,M_1099_25y0m_1_dysfluent_188,0.048583984375,0.1041259765625,0.0225830078125,0.055511474609375,0.81787109375
1423,M_1099_25y0m_1_dysfluent_189,0.04443359375,0.090576171875,0.0177154541015625,0.06292724609375,0.8095703125
1424,M_1099_25y0m_1_dysfluent_190,0.06866455078125,0.1201171875,0.027801513671875,0.06903076171875,0.89697265625
1425,M_1099_25y0m_1_dysfluent_191,0.1427001953125,0.18212890625,0.055816650390625,0.06732177734375,0.92578125
1426,M_1099_25y0m_1_dysfluent_192,0.0271148681640625,0.20556640625,0.2215576171875,0.56982421875,0.316162109375
1427,M_1099_25y0m_1_dysfluent_193,0.0640869140625,0.1248779296875,0.0285491943359375,0.060089111328125,0.8515625
1428,M_1099_25y0m_1_dysfluent_194,0.08660888671875,0.11456298828125,0.0262603759765625,0.044525146484375,0.888671875
1429,M_1099_25y0m_1_dysfluent_195,0.051177978515625,0.1590576171875,0.06671142578125,0.09222412109375,0.7529296875
1430,M_1099_25y0m_1_dysfluent_196,0.05889892578125,0.176513671875,0.0836181640625,0.08868408203125,0.80126953125
1431,M_1099_25y0m_1_dysfluent_197,0.0206451416015625,0.114990234375,0.06109619140625,0.79443359375,0.06683349609375
1432,M_1099_25y0m_1_dysfluent_198,0.09808349609375,0.1026611328125,0.018829345703125,0.029083251953125,0.80615234375
1433,M_1099_25y0m_1_dysfluent_199,0.04876708984375,0.09600830078125,0.0203399658203125,0.07904052734375,0.7509765625
1434,M_1099_25y0m_1_dysfluent_200,0.058349609375,0.0765380859375,0.014617919921875,0.060089111328125,0.75
1435,M_1099_25y0m_1_dysfluent_201,0.1400146484375,0.151123046875,0.03521728515625,0.024139404296875,0.73828125
1436,M_1099_25y0m_1_fluent_000,0.026153564453125,0.12548828125,0.018096923828125,0.01934814453125,0.01934814453125
1437,M_1099_25y0m_1_fluent_001,0.03594970703125,0.0709228515625,0.008544921875,0.021453857421875,0.235107421875
1438,M_1099_25y0m_1_fluent_002,0.03314208984375,0.187255859375,0.2288818359375,0.7578125,0.149169921875
1439,M_1099_25y0m_1_fluent_003,0.01302337646484375,0.1492919921875,0.0457763671875,0.04248046875,0.05987548828125
1440,M_1099_25y0m_1_fluent_004,0.0216522216796875,0.10394287109375,0.014617919921875,0.01678466796875,0.0271148681640625
1441,M_1099_25y0m_1_fluent_005,0.035552978515625,0.129638671875,0.0233306884765625,0.01306915283203125,0.212890625
1442,M_1099_25y0m_1_fluent_006,0.04803466796875,0.34326171875,0.266357421875,0.037811279296875,0.06475830078125
1443,M_1099_25y0m_1_fluent_007,0.019500732421875,0.1300048828125,0.03875732421875,0.1988525390625,0.46533203125
1444,M_1099_25y0m_1_fluent_008,0.033599853515625,0.1026611328125,0.01519012451171875,0.0120086669921875,0.02947998046875
1445,M_1099_25y0m_1_fluent_009,0.02752685546875,0.1163330078125,0.0292510986328125,0.023101806640625,0.11297607421875
1446,M_1099_25y0m_1_fluent_010,0.0165863037109375,0.10321044921875,0.024932861328125,0.052520751953125,0.06866455078125
1447,M_1099_25y0m_1_fluent_011,0.0187225341796875,0.1373291015625,0.037200927734375,0.035614013671875,0.044097900390625
1448,M_1099_25y0m_1_fluent_012,0.0302734375,0.08135986328125,0.01116180419921875,0.01107025146484375,0.161865234375
1449,M_1099_25y0m_1_fluent_013,0.0299224853515625,0.07977294921875,0.01078033447265625,0.02215576171875,0.04840087890625
1450,M_1099_25y0m_1_fluent_014,0.0177154541015625,0.07489013671875,0.0115966796875,0.0271759033203125,0.0970458984375
1451,M_1099_25y0m_1_fluent_015,0.1285400390625,0.12158203125,0.0316162109375,0.04949951171875,0.921875
1452,M_1099_25y0m_1_fluent_016,0.01953125,0.219970703125,0.0765380859375,0.0200958251953125,0.046295166015625
1453,M_1099_25y0m_1_fluent_017,0.05108642578125,0.142578125,0.04779052734375,0.11199951171875,0.63671875
1454,M_1099_25y0m_1_fluent_018,0.047088623046875,0.07794189453125,0.00997161865234375,0.016021728515625,0.12890625
1455,M_1099_25y0m_1_fluent_019,0.0186920166015625,0.1199951171875,0.024993896484375,0.05126953125,0.0197906494140625
1456,M_1099_25y0m_1_fluent_020,0.0191192626953125,0.10284423828125,0.021575927734375,0.0283355712890625,0.100341796875
1457,M_1099_25y0m_1_fluent_021,0.0222930908203125,0.10357666015625,0.0147857666015625,0.0216217041015625,0.02886962890625
1458,M_1099_25y0m_1_fluent_022,0.11065673828125,0.1475830078125,0.0489501953125,0.03302001953125,0.8134765625
1459,M_1099_25y0m_1_fluent_023,0.0229339599609375,0.1539306640625,0.037689208984375,0.02606201171875,0.14990234375
1460,M_1099_25y0m_1_fluent_024,0.01751708984375,0.07208251953125,0.015777587890625,0.35595703125,0.316650390625
1461,M_1099_25y0m_1_fluent_025,0.0272216796875,0.13525390625,0.034820556640625,0.018341064453125,0.2476806640625
1462,M_1099_25y0m_1_fluent_026,0.0222930908203125,0.10107421875,0.020965576171875,0.02886962890625,0.281494140625
1463,M_1099_25y0m_1_fluent_027,0.2060546875,0.219970703125,0.092041015625,0.042877197265625,0.837890625
1464,M_1099_25y0m_1_fluent_028,0.0257110595703125,0.1834716796875,0.227294921875,0.708984375,0.0699462890625
1465,M_1099_25y0m_1_fluent_029,0.024993896484375,0.2880859375,0.257080078125,0.1334228515625,0.10992431640625
1466,M_1099_25y0m_1_fluent_030,0.02203369140625,0.1019287109375,0.01519012451171875,0.02801513671875,0.017852783203125
1467,M_1099_25y0m_1_fluent_031,0.042633056640625,0.11395263671875,0.07354736328125,0.91259765625,0.106689453125
1468,M_1099_25y0m_1_fluent_032,0.023101806640625,0.0709228515625,0.0191192626953125,0.482421875,0.06256103515625
1469,M_1099_25y0m_1_fluent_033,0.228271484375,0.1767578125,0.061767578125,0.019378662109375,0.6669921875
1470,M_1099_25y0m_1_fluent_034,0.06964111328125,0.296875,0.10052490234375,0.01337432861328125,0.13818359375
1471,M_1099_25y0m_1_fluent_035,0.02447509765625,0.10992431640625,0.0269622802734375,0.0222930908203125,0.185546875
1472,M_1099_25y0m_1_fluent_036,0.06878662109375,0.2095947265625,0.047882080078125,0.0153045654296875,0.03228759765625
1473,M_1099_25y0m_1_fluent_037,0.1131591796875,0.1351318359375,0.033966064453125,0.051177978515625,0.919921875
1474,M_1099_25y0m_1_fluent_038,0.054901123046875,0.1339111328125,0.0264129638671875,0.0143890380859375,0.06610107421875
1475,M_1099_25y0m_1_fluent_039,0.023468017578125,0.10614013671875,0.0160980224609375,0.0196380615234375,0.06927490234375
1476,M_1099_25y0m_1_fluent_040,0.03173828125,0.08660888671875,0.0150146484375,0.0218658447265625,0.50244140625
1477,M_1099_25y0m_1_fluent_041,0.1094970703125,0.14111328125,0.022674560546875,0.014617919921875,0.0271148681640625
1478,M_1099_25y0m_1_fluent_042,0.01560211181640625,0.08135986328125,0.01282501220703125,0.0482177734375,0.061187744140625
1479,M_1099_25y0m_1_fluent_043,0.09332275390625,0.10821533203125,0.0247039794921875,0.055938720703125,0.88916015625
1480,M_1099_25y0m_1_fluent_044,0.06475830078125,0.33447265625,0.2271728515625,0.051544189453125,0.034942626953125
1481,M_1099_25y0m_1_fluent_045,0.027587890625,0.09027099609375,0.01056671142578125,0.010009765625,0.038604736328125
1482,M_1099_25y0m_1_fluent_046,0.03985595703125,0.08465576171875,0.01267242431640625,0.0117340087890625,0.09979248046875
1483,M_1099_25y0m_1_fluent_047,0.04248046875,0.2020263671875,0.040679931640625,0.009674072265625,0.097412109375
1484,M_1099_25y0m_1_fluent_048,0.0283355712890625,0.0999755859375,0.01525115966796875,0.016845703125,0.2264404296875
1485,M_1099_25y0m_1_fluent_049,0.0216217041015625,0.1845703125,0.05511474609375,0.022674560546875,0.07879638671875
1486,M_1099_25y0m_1_fluent_050,0.024139404296875,0.1143798828125,0.0154876708984375,0.01467132568359375,0.0225830078125
1487,M_1099_25y0m_1_fluent_051,0.1600341796875,0.285888671875,0.1651611328125,0.06622314453125,0.71728515625
1488,M_1099_25y0m_1_fluent_052,0.029205322265625,0.070556640625,0.01094818115234375,0.0567626953125,0.267333984375
1489,M_1099_25y0m_1_fluent_053,0.10467529296875,0.245849609375,0.0709228515625,0.01267242431640625,0.0413818359375
1490,M_1099_25y0m_1_fluent_054,0.0180511474609375,0.0810546875,0.0280609130859375,0.6572265625,0.05511474609375
1491,M_1099_25y0m_1_fluent_055,0.0245208740234375,0.09844970703125,0.015716552734375,0.031982421875,0.182373046875
1492,M_1099_25y0m_1_fluent_056,0.053985595703125,0.083740234375,0.0121002197265625,0.01666259765625,0.3212890625
1493,M_1099_25y0m_1_fluent_057,0.048309326171875,0.230712890625,0.08538818359375,0.021453857421875,0.1324462890625
1494,M_1099_25y0m_1_fluent_058,0.035064697265625,0.06573486328125,0.00841522216796875,0.01483917236328125,0.0970458984375
1495,M_1099_25y0m_1_fluent_059,0.0240020751953125,0.12890625,0.0258636474609375,0.0213623046875,0.110107421875
1496,M_1099_25y0m_1_fluent_060,0.0230255126953125,0.10797119140625,0.0202484130859375,0.0205230712890625,0.180419921875
1497,M_1099_25y0m_1_fluent_061,0.4833984375,0.12548828125,0.0197906494140625,0.0092315673828125,0.044281005859375
1498,M_1099_25y0m_1_fluent_062,0.03607177734375,0.1475830078125,0.03515625,0.0283355712890625,0.012481689453125
1499,M_1099_25y0m_1_fluent_063,0.014617919921875,0.1055908203125,0.0322265625,0.2432861328125,0.15771484375
1500,M_1099_25y0m_1_fluent_064,0.0285491943359375,0.1434326171875,0.030731201171875,0.020599365234375,0.0240020751953125
1501,M_1099_25y0m_1_fluent_065,0.0154266357421875,0.08331298828125,0.01090240478515625,0.02947998046875,0.0305633544921875
1502,M_1099_25y0m_1_fluent_066,0.043365478515625,0.1634521484375,0.03985595703125,0.02801513671875,0.160400390625
1503,M_1099_25y0m_1_fluent_067,0.032470703125,0.09588623046875,0.01450347900390625,0.01282501220703125,0.0391845703125
1504,M_1099_25y0m_1_fluent_068,0.037200927734375,0.1890869140625,0.079345703125,0.04248046875,0.1556396484375
1505,M_1099_25y0m_1_fluent_069,0.055206298828125,0.09088134765625,0.0217437744140625,0.10650634765625,0.76416015625
1506,M_1099_25y0m_1_fluent_070,0.041839599609375,0.28857421875,0.4189453125,0.236328125,0.07305908203125
1507,M_1099_25y0m_1_fluent_071,0.0703125,0.361328125,0.65087890625,0.47216796875,0.1295166015625
1508,M_1099_25y0m_1_fluent_072,0.011962890625,0.2440185546875,0.1689453125,0.1094970703125,0.10089111328125
1509,M_1099_25y0m_1_fluent_073,0.023284912109375,0.12451171875,0.022674560546875,0.0390625,0.01495361328125
1510,M_1099_25y0m_1_fluent_074,0.0251312255859375,0.19873046875,0.20166015625,0.45458984375,0.08251953125
1511,M_1099_25y0m_1_fluent_075,0.03607177734375,0.09136962890625,0.01078033447265625,0.0164031982421875,0.0615234375
1512,M_1099_25y0m_1_fluent_076,0.010528564453125,0.10089111328125,0.039337158203125,0.382080078125,0.06707763671875
1513,M_1099_25y0m_1_fluent_077,0.11029052734375,0.1556396484375,0.0574951171875,0.0295867919921875,0.76025390625
1514,M_1099_25y0m_1_fluent_078,0.0260009765625,0.184326171875,0.07720947265625,0.11962890625,0.482177734375
1515,M_1099_25y0m_1_fluent_079,0.05645751953125,0.3154296875,0.5478515625,0.59912109375,0.110107421875
1516,M_1099_25y0m_1_fluent_080,0.032958984375,0.1904296875,0.0885009765625,0.277587890625,0.450927734375
1517,M_1099_25y0m_1_fluent_081,0.022247314453125,0.143310546875,0.030731201171875,0.0207977294921875,0.0224609375
1518,M_1099_25y0m_1_fluent_082,0.0162200927734375,0.1614990234375,0.042236328125,0.03253173828125,0.0295867919921875
1519,M_1099_25y0m_1_fluent_083,0.01554107666015625,0.1229248046875,0.03277587890625,0.048309326171875,0.093505859375
1520,M_1099_25y0m_1_fluent_084,0.05389404296875,0.323486328125,0.190673828125,0.0190582275390625,0.0236053466796875
1521,M_1099_25y0m_1_fluent_085,0.0287017822265625,0.07720947265625,0.014007568359375,0.053314208984375,0.235107421875
1522,M_1099_25y0m_1_fluent_086,0.0236053466796875,0.1549072265625,0.034423828125,0.01898193359375,0.0177764892578125
1523,M_1099_25y0m_1_fluent_087,0.029205322265625,0.0975341796875,0.018402099609375,0.0186920166015625,0.2015380859375
1524,M_1099_25y0m_1_fluent_088,0.07208251953125,0.072509765625,0.01467132568359375,0.0401611328125,0.76123046875
1525,M_1099_25y0m_1_fluent_089,0.06451416015625,0.18798828125,0.057373046875,0.0154876708984375,0.125732421875
1526,M_1099_25y0m_1_fluent_090,0.1357421875,0.1229248046875,0.0328369140625,0.0310211181640625,0.8681640625
1527,M_1099_25y0m_1_fluent_091,0.019500732421875,0.1270751953125,0.0236968994140625,0.0209197998046875,0.06768798828125
1528,M_1099_25y0m_1_fluent_092,0.11065673828125,0.12548828125,0.033721923828125,0.058990478515625,0.92822265625
1529,M_1099_25y0m_1_fluent_093,0.01214599609375,0.150390625,0.0521240234375,0.0830078125,0.08880615234375
1530,M_1099_25y0m_1_fluent_094,0.01384735107421875,0.1114501953125,0.0279541015625,0.1202392578125,0.03216552734375
1531,M_1099_25y0m_1_fluent_095,0.0755615234375,0.1153564453125,0.01348114013671875,0.00760650634765625,0.051849365234375
1532,M_1099_25y0m_1_fluent_096,0.58349609375,0.2119140625,0.06878662109375,0.0167236328125,0.1884765625
1533,M_1099_25y0m_1_fluent_097,0.0810546875,0.097900390625,0.021453857421875,0.06646728515625,0.8662109375
1534,M_1099_25y0m_1_fluent_098,0.06622314453125,0.0634765625,0.007785797119140625,0.033477783203125,0.252685546875
1535,M_1099_25y0m_1_fluent_099,0.02691650390625,0.10858154296875,0.0177764892578125,0.0224151611328125,0.0165863037109375
1536,M_1099_25y0m_1_fluent_100,0.015716552734375,0.264892578125,0.22216796875,0.349365234375,0.05126953125
1537,M_1099_25y0m_1_fluent_101,0.03179931640625,0.09417724609375,0.0150146484375,0.0116424560546875,0.1590576171875
1538,M_1099_25y0m_1_fluent_102,0.034759521484375,0.251220703125,0.08197021484375,0.019866943359375,0.0615234375
1539,M_1099_25y0m_1_fluent_103,0.0574951171875,0.08868408203125,0.01282501220703125,0.058013916015625,0.037200927734375
1540,M_1099_25y0m_1_fluent_104,0.0247039794921875,0.0740966796875,0.0120086669921875,0.021331787109375,0.1761474609375
1541,M_1099_25y0m_1_fluent_105,0.07354736328125,0.0755615234375,0.01090240478515625,0.02880859375,0.153564453125
1542,M_1099_25y0m_1_fluent_106,0.018646240234375,0.08038330078125,0.014617919921875,0.0217437744140625,0.212890625
1543,M_1099_25y0m_1_fluent_107,0.014556884765625,0.193115234375,0.10614013671875,0.1134033203125,0.049957275390625
1544,M_1099_25y0m_1_fluent_108,0.0264129638671875,0.161865234375,0.055419921875,0.091064453125,0.33056640625
1545,M_1099_25y0m_1_fluent_109,0.0191192626953125,0.08990478515625,0.01554107666015625,0.03192138671875,0.12200927734375
1546,M_1099_25y0m_1_fluent_110,0.05780029296875,0.07611083984375,0.01282501220703125,0.02276611328125,0.70703125
1547,M_1099_25y0m_1_fluent_111,0.04534912109375,0.0755615234375,0.0097808837890625,0.0153656005859375,0.35791015625
1548,M_1099_25y0m_1_fluent_112,0.0272216796875,0.16650390625,0.03265380859375,0.011871337890625,0.059967041015625
1549,M_1099_25y0m_1_fluent_113,0.034088134765625,0.18701171875,0.037384033203125,0.01495361328125,0.0252685546875
1550,M_1099_25y0m_1_fluent_114,0.0173797607421875,0.0802001953125,0.0129241943359375,0.03533935546875,0.1512451171875
1551,M_1099_25y0m_1_fluent_115,0.00864410400390625,0.07171630859375,0.0180511474609375,0.4677734375,0.0548095703125
1552,M_1099_25y0m_1_fluent_116,0.047515869140625,0.352294921875,0.482177734375,0.14892578125,0.04681396484375
1553,M_1099_25y0m_1_fluent_117,0.03155517578125,0.1055908203125,0.0242767333984375,0.033782958984375,0.533203125
1554,M_1099_25y0m_1_fluent_118,0.0118255615234375,0.219482421875,0.177490234375,0.2305908203125,0.047882080078125
1555,M_1099_25y0m_1_fluent_119,0.0211639404296875,0.1353759765625,0.041229248046875,0.033721923828125,0.28466796875
1556,M_1099_25y0m_1_fluent_120,0.0242767333984375,0.1759033203125,0.039703369140625,0.02508544921875,0.03448486328125
1557,M_1099_25y0m_1_fluent_121,0.018341064453125,0.09320068359375,0.0163421630859375,0.055816650390625,0.0263519287109375
1558,M_1099_25y0m_1_fluent_122,0.018798828125,0.09466552734375,0.0127716064453125,0.0194549560546875,0.0855712890625
1559,M_1099_25y0m_1_fluent_123,0.02069091796875,0.0703125,0.01056671142578125,0.03875732421875,0.05419921875
1560,M_1099_25y0m_1_fluent_124,0.10302734375,0.12139892578125,0.0154266357421875,0.008514404296875,0.04400634765625
1561,M_1099_25y0m_1_fluent_125,0.0217742919921875,0.1300048828125,0.0220794677734375,0.015838623046875,0.0225830078125
1562,M_1099_25y0m_1_fluent_126,0.04296875,0.07989501953125,0.0100555419921875,0.01422882080078125,0.12347412109375
1563,M_1099_25y0m_1_fluent_127,0.05224609375,0.0838623046875,0.0142822265625,0.035003662109375,0.5673828125
1564,M_1099_25y0m_1_fluent_128,0.01467132568359375,0.1436767578125,0.12274169921875,0.65478515625,0.0738525390625
1565,M_1099_25y0m_1_fluent_129,0.103759765625,0.1494140625,0.0274810791015625,0.007965087890625,0.09808349609375
1566,M_1099_25y0m_1_fluent_130,0.06805419921875,0.145263671875,0.0726318359375,0.6728515625,0.11798095703125
1567,M_1099_25y0m_1_fluent_131,0.11279296875,0.1104736328125,0.0154266357421875,0.0167236328125,0.030792236328125
1568,M_1099_25y0m_1_fluent_132,0.08465576171875,0.11065673828125,0.031494140625,0.017181396484375,0.59033203125
1569,M_1099_25y0m_1_fluent_133,0.0191192626953125,0.09967041015625,0.0137939453125,0.0194244384765625,0.0271148681640625
1570,M_1099_25y0m_1_fluent_134,0.020965576171875,0.079345703125,0.013427734375,0.0295867919921875,0.08404541015625
1571,M_1099_25y0m_1_fluent_135,0.0965576171875,0.0762939453125,0.008514404296875,0.00763702392578125,0.0880126953125
1572,M_1099_25y0m_1_fluent_136,0.5908203125,0.1536865234375,0.02630615234375,0.01073455810546875,0.03985595703125
1573,M_1099_25y0m_1_fluent_137,0.0496826171875,0.1375732421875,0.0364990234375,0.0163421630859375,0.1572265625
1574,M_1099_25y0m_1_fluent_138,0.00908660888671875,0.09320068359375,0.025177001953125,0.40234375,0.0802001953125
1575,M_1099_25y0m_1_fluent_139,0.0296478271484375,0.219970703125,0.046478271484375,0.01363372802734375,0.0169219970703125
1576,M_1099_25y0m_1_fluent_140,0.0352783203125,0.091064453125,0.0204925537109375,0.055511474609375,0.56005859375
1577,M_1099_25y0m_1_fluent_141,0.0230712890625,0.07598876953125,0.010650634765625,0.05419921875,0.037750244140625
1578,M_1099_25y0m_1_fluent_142,0.01384735107421875,0.1302490234375,0.02655029296875,0.034088134765625,0.03515625
1579,M_1099_25y0m_1_fluent_143,0.349365234375,0.11163330078125,0.0121002197265625,0.00844573974609375,0.033843994140625
1580,M_1099_25y0m_1_fluent_144,0.017242431640625,0.11962890625,0.022979736328125,0.026763916015625,0.0191192626953125
1581,M_1099_25y0m_1_fluent_145,0.0322265625,0.07891845703125,0.0147857666015625,0.02880859375,0.400146484375
1582,M_1099_25y0m_1_fluent_146,0.03594970703125,0.322265625,0.3271484375,0.06109619140625,0.0802001953125
1583,M_1099_25y0m_1_fluent_147,0.0285491943359375,0.11199951171875,0.020172119140625,0.0139007568359375,0.051361083984375
1584,M_1099_25y0m_1_fluent_148,0.01512908935546875,0.1689453125,0.06243896484375,0.03839111328125,0.162109375
1585,M_1099_25y0m_1_fluent_149,0.014556884765625,0.09027099609375,0.0129241943359375,0.03167724609375,0.083740234375
1586,M_1099_25y0m_1_fluent_150,0.0284423828125,0.1343994140625,0.048309326171875,0.08135986328125,0.3798828125
1587,M_1099_25y0m_1_fluent_151,0.034820556640625,0.12200927734375,0.02069091796875,0.00878143310546875,0.09619140625
1588,M_1099_25y0m_1_fluent_152,0.062225341796875,0.1083984375,0.021820068359375,0.0162200927734375,0.439453125
1589,M_1099_25y0m_1_fluent_153,0.0278472900390625,0.19677734375,0.2489013671875,0.64892578125,0.0635986328125
1590,M_1099_25y0m_1_fluent_154,0.12890625,0.193359375,0.06634521484375,0.080078125,0.927734375
1591,M_1099_25y0m_1_fluent_155,0.06719970703125,0.08538818359375,0.0230255126953125,0.2288818359375,0.87353515625
1592,M_1099_25y0m_1_fluent_156,0.0118255615234375,0.10968017578125,0.03460693359375,0.1883544921875,0.1124267578125
1593,M_1099_25y0m_1_fluent_157,0.0232391357421875,0.093994140625,0.010528564453125,0.01433563232421875,0.0386962890625
1594,M_1099_25y0m_1_fluent_158,0.041534423828125,0.311767578125,0.486328125,0.391845703125,0.075439453125
1595,M_1099_25y0m_1_fluent_159,0.045440673828125,0.091064453125,0.01233673095703125,0.01422882080078125,0.10614013671875
1596,M_1099_25y0m_1_fluent_160,0.0469970703125,0.40625,0.448974609375,0.0640869140625,0.04443359375
1597,M_1099_25y0m_1_fluent_161,0.0240936279296875,0.07720947265625,0.010009765625,0.018341064453125,0.1358642578125
1598,M_1099_25y0m_1_fluent_162,0.06561279296875,0.10015869140625,0.0295867919921875,0.277587890625,0.8291015625
1599,M_1099_25y0m_1_fluent_163,0.024383544921875,0.106689453125,0.0173797607421875,0.0211639404296875,0.047943115234375
1600,M_1099_25y0m_1_fluent_164,0.01358795166015625,0.1259765625,0.03314208984375,0.046722412109375,0.0894775390625
1601,M_1099_25y0m_1_fluent_165,0.022979736328125,0.07452392578125,0.00809478759765625,0.01678466796875,0.0472412109375
1602,M_1099_25y0m_1_fluent_166,0.030792236328125,0.1527099609375,0.0369873046875,0.03607177734375,0.0253753662109375
1603,M_1099_25y0m_1_fluent_167,0.0321044921875,0.239013671875,0.05511474609375,0.01302337646484375,0.0618896484375
1604,M_1099_25y0m_1_fluent_168,0.01233673095703125,0.0816650390625,0.0137939453125,0.0455322265625,0.1195068359375
1605,M_1099_25y0m_1_fluent_169,0.0268096923828125,0.09503173828125,0.0221099853515625,0.047698974609375,0.1217041015625
1606,M_1099_25y0m_1_fluent_170,0.019683837890625,0.12158203125,0.034759521484375,0.0548095703125,0.089599609375
1607,M_1099_25y0m_1_fluent_171,0.0167236328125,0.10394287109375,0.0153045654296875,0.0257110595703125,0.0309600830078125
1608,M_1099_25y0m_1_fluent_172,0.029144287109375,0.10247802734375,0.018798828125,0.01861572265625,0.1685791015625
1609,M_1099_25y0m_1_fluent_173,0.02423095703125,0.219970703125,0.06927490234375,0.0206451416015625,0.091064453125
1610,M_1099_25y0m_1_fluent_174,0.03424072265625,0.162353515625,0.05126953125,0.02691650390625,0.09857177734375
1611,M_1099_25y0m_1_fluent_175,0.0293731689453125,0.1910400390625,0.05291748046875,0.0177764892578125,0.102294921875
1612,M_1099_25y0m_1_fluent_176,0.0245208740234375,0.1041259765625,0.024566650390625,0.07904052734375,0.38330078125
1613,M_1099_25y0m_1_fluent_177,0.01525115966796875,0.0775146484375,0.0154876708984375,0.051544189453125,0.338623046875
1614,M_1099_25y0m_1_fluent_178,0.030731201171875,0.059661865234375,0.007232666015625,0.0574951171875,0.173583984375
1615,M_1099_25y0m_1_fluent_179,0.03125,0.10302734375,0.017181396484375,0.03167724609375,0.1895751953125
1616,M_1099_25y0m_1_fluent_180,0.0208892822265625,0.10174560546875,0.0194244384765625,0.022796630859375,0.0546875
1617,M_1099_25y0m_1_fluent_181,0.1181640625,0.106689453125,0.021209716796875,0.036224365234375,0.755859375
1618,M_1099_25y0m_1_fluent_182,0.0227203369140625,0.08660888671875,0.0185394287109375,0.10107421875,0.411865234375
1619,M_1099_25y0m_1_fluent_183,0.02276611328125,0.134033203125,0.04510498046875,0.02691650390625,0.1568603515625
1620,M_1099_25y0m_1_fluent_184,0.040985107421875,0.0782470703125,0.0101318359375,0.01525115966796875,0.1558837890625
1621,M_1099_25y0m_1_fluent_185,0.0213623046875,0.12890625,0.020721435546875,0.0224151611328125,0.0182342529296875
1622,M_1099_25y0m_1_fluent_186,0.312255859375,0.1505126953125,0.0302734375,0.01450347900390625,0.055938720703125
1623,M_1099_25y0m_1_fluent_187,0.08270263671875,0.480712890625,0.56787109375,0.061431884765625,0.1259765625
1624,M_1099_25y0m_1_fluent_188,0.0220794677734375,0.0850830078125,0.01495361328125,0.0631103515625,0.038818359375
1625,M_1099_25y0m_1_fluent_189,0.03912353515625,0.093994140625,0.0154266357421875,0.01512908935546875,0.198486328125
1626,M_1099_25y0m_1_fluent_190,0.016021728515625,0.09320068359375,0.0165252685546875,0.0276336669921875,0.0706787109375
1627,M_1099_25y0m_1_fluent_191,0.2083740234375,0.1767578125,0.03656005859375,0.00847625732421875,0.0313720703125
1628,M_1099_25y0m_1_fluent_192,0.0232391357421875,0.056549072265625,0.007488250732421875,0.057281494140625,0.370361328125
1629,M_1099_25y0m_1_fluent_193,0.0196380615234375,0.092041015625,0.0141754150390625,0.0297088623046875,0.0222015380859375
1630,M_1099_25y0m_1_fluent_194,0.0296478271484375,0.160888671875,0.166015625,0.74560546875,0.1131591796875
1631,M_1099_25y0m_1_fluent_195,0.144775390625,0.11419677734375,0.0207672119140625,0.01238250732421875,0.07305908203125
1632,M_1099_25y0m_1_fluent_196,0.0509033203125,0.109130859375,0.0205230712890625,0.0115966796875,0.20947265625
1633,M_1099_25y0m_1_fluent_197,0.028167724609375,0.1558837890625,0.040924072265625,0.0150146484375,0.040679931640625
1634,M_1099_25y0m_1_fluent_198,0.0234222412109375,0.1624755859375,0.036163330078125,0.0217742919921875,0.08709716796875
1635,M_1099_25y0m_1_fluent_199,0.021209716796875,0.078369140625,0.01267242431640625,0.0177764892578125,0.12420654296875
1636,M_1099_25y0m_1_fluent_200,0.03289794921875,0.0765380859375,0.011688232421875,0.04296875,0.2137451171875
1637,M_1099_25y0m_1_fluent_201,0.0201416015625,0.281982421875,0.15478515625,0.1014404296875,0.035614013671875
1638,M_1099_25y0m_1_fluent_202,0.0199127197265625,0.08880615234375,0.01525115966796875,0.04443359375,0.0242767333984375
1639,M_1099_25y0m_1_fluent_203,0.0634765625,0.248046875,0.1041259765625,0.015960693359375,0.212890625
1640,M_1099_25y0m_1_fluent_204,0.1312255859375,0.2125244140625,0.06097412109375,0.010406494140625,0.0880126953125
1641,M_1099_25y0m_1_fluent_205,0.0154876708984375,0.09979248046875,0.014007568359375,0.0211181640625,0.0254669189453125
1642,M_1099_25y0m_1_fluent_206,0.025665283203125,0.0765380859375,0.01751708984375,0.13818359375,0.5009765625
1643,M_1099_25y0m_1_fluent_207,0.0177764892578125,0.07135009765625,0.0224151611328125,0.53857421875,0.278564453125
1644,M_1099_25y0m_1_fluent_208,0.129150390625,0.1124267578125,0.01934814453125,0.0131683349609375,0.025665283203125
1645,M_1099_25y0m_1_fluent_209,0.0215301513671875,0.0880126953125,0.0153656005859375,0.0235595703125,0.04400634765625
1646,M_1099_25y0m_1_fluent_210,0.0455322265625,0.07275390625,0.0083770751953125,0.0169219970703125,0.2060546875
1647,M_1099_25y0m_1_fluent_211,0.02215576171875,0.07421875,0.008575439453125,0.041839599609375,0.04083251953125
1648,M_1099_25y0m_1_fluent_212,0.17041015625,0.10504150390625,0.0171051025390625,0.02423095703125,0.039276123046875
1649,M_1099_25y0m_1_fluent_213,0.013427734375,0.100341796875,0.01560211181640625,0.03314208984375,0.032958984375
1650,M_1099_25y0m_1_fluent_214,0.0214080810546875,0.175537109375,0.206298828125,0.701171875,0.0802001953125
1651,M_1099_25y0m_1_fluent_215,0.0217742919921875,0.087890625,0.03533935546875,0.732421875,0.10723876953125
1652,M_1099_25y0m_1_fluent_216,0.144287109375,0.144775390625,0.045257568359375,0.030731201171875,0.779296875
1653,M_1099_25y0m_1_fluent_217,0.0222015380859375,0.09515380859375,0.0143890380859375,0.0386962890625,0.01763916015625
1654,M_1099_25y0m_1_fluent_218,0.0190582275390625,0.1368408203125,0.01983642578125,0.0190582275390625,0.0293121337890625
1655,M_1099_25y0m_1_fluent_219,0.1795654296875,0.1497802734375,0.04168701171875,0.019561767578125,0.7109375
1656,M_1099_25y0m_1_fluent_220,0.1947021484375,0.1044921875,0.011199951171875,0.00806427001953125,0.030853271484375
1657,M_1099_25y0m_1_fluent_221,0.72021484375,0.1783447265625,0.05242919921875,0.026702880859375,0.10247802734375
1658,M_1099_25y0m_1_fluent_222,0.03985595703125,0.1658935546875,0.036895751953125,0.01483917236328125,0.10968017578125
1659,M_1099_25y0m_1_fluent_223,0.0258026123046875,0.07965087890625,0.0100555419921875,0.044921875,0.056121826171875
1660,M_1099_25y0m_1_fluent_224,0.051544189453125,0.10321044921875,0.0212860107421875,0.045867919921875,0.6796875
1661,M_1099_25y0m_1_fluent_225,0.0384521484375,0.091064453125,0.0120086669921875,0.0211639404296875,0.0303802490234375
1662,M_1099_25y0m_1_fluent_226,0.0208892822265625,0.2213134765625,0.09637451171875,0.06744384765625,0.04376220703125
1663,M_1099_25y0m_1_fluent_227,0.01306915283203125,0.102294921875,0.03314208984375,0.5537109375,0.11962890625
1664,M_1099_25y0m_1_fluent_228,0.048126220703125,0.267822265625,0.08770751953125,0.016845703125,0.027069091796875
1665,M_1099_25y0m_1_fluent_229,0.045440673828125,0.3525390625,0.369140625,0.06646728515625,0.234375
1666,M_1099_25y0m_1_fluent_230,0.08331298828125,0.2073974609375,0.035736083984375,0.009124755859375,0.1297607421875
1667,M_1099_25y0m_1_fluent_231,0.02447509765625,0.11297607421875,0.025421142578125,0.019500732421875,0.038818359375
1668,M_1099_25y0m_1_fluent_232,0.01287078857421875,0.1776123046875,0.0880126953125,0.1319580078125,0.07159423828125
1669,M_1099_25y0m_1_fluent_233,0.06292724609375,0.120849609375,0.0162200927734375,0.00908660888671875,0.03759765625
1670,M_1099_25y0m_1_fluent_234,0.106689453125,0.10247802734375,0.0125732421875,0.00919342041015625,0.07171630859375
1671,M_1099_25y0m_1_fluent_235,0.032470703125,0.072509765625,0.00861358642578125,0.01406097412109375,0.053192138671875
1672,M_1099_25y0m_1_fluent_236,0.019378662109375,0.109130859375,0.015838623046875,0.0230255126953125,0.03759765625
1673,M_1099_25y0m_1_fluent_237,0.454833984375,0.1239013671875,0.01837158203125,0.0115509033203125,0.03179931640625
1674,M_1099_25y0m_1_fluent_238,0.0274810791015625,0.159912109375,0.043212890625,0.01507568359375,0.091064453125
1675,M_1099_25y0m_1_fluent_239,0.029144287109375,0.11578369140625,0.0738525390625,0.89599609375,0.09515380859375
1676,M_1099_25y0m_1_fluent_240,0.0240020751953125,0.21337890625,0.28271484375,0.64599609375,0.08978271484375
1677,M_1099_25y0m_1_fluent_241,0.03289794921875,0.11126708984375,0.0248870849609375,0.0190887451171875,0.2861328125
1678,M_1099_25y0m_1_fluent_242,0.0223236083984375,0.1356201171875,0.02484130859375,0.0184326171875,0.0312042236328125
1679,M_1099_25y0m_1_fluent_243,0.142333984375,0.1494140625,0.0560302734375,0.02685546875,0.7578125
1680,M_1099_25y0m_1_fluent_244,0.04931640625,0.324951171875,0.51416015625,0.385498046875,0.07904052734375
1681,M_1099_25y0m_1_fluent_245,0.020843505859375,0.10760498046875,0.0164031982421875,0.0196075439453125,0.032470703125
1682,M_1099_25y0m_1_fluent_246,0.04443359375,0.1341552734375,0.020843505859375,0.00919342041015625,0.11395263671875
1683,M_1099_25y0m_1_fluent_247,0.023101806640625,0.0850830078125,0.012237548828125,0.0225067138671875,0.1417236328125
1684,M_1099_25y0m_1_fluent_248,0.489501953125,0.1446533203125,0.0289764404296875,0.0083465576171875,0.04052734375
1685,M_1099_25y0m_1_fluent_249,0.021087646484375,0.093505859375,0.0167236328125,0.017913818359375,0.19287109375
1686,M_1099_25y0m_1_fluent_250,0.0143890380859375,0.173583984375,0.0552978515625,0.03228759765625,0.079345703125
1687,M_1099_25y0m_1_fluent_251,0.027801513671875,0.08990478515625,0.0144500732421875,0.027008056640625,0.043212890625
1688,M_1099_25y0m_1_fluent_252,0.078369140625,0.21728515625,0.07080078125,0.03460693359375,0.368408203125
1689,M_1099_25y0m_1_fluent_253,0.01861572265625,0.172607421875,0.035064697265625,0.014007568359375,0.0269622802734375
1690,M_1099_25y0m_1_fluent_254,0.0296478271484375,0.07476806640625,0.00963592529296875,0.01666259765625,0.304443359375
1691,M_1099_25y0m_1_fluent_255,0.1900634765625,0.1455078125,0.037261962890625,0.03912353515625,0.904296875
1692,M_1099_25y0m_1_fluent_256,0.37548828125,0.11981201171875,0.0200958251953125,0.01111602783203125,0.04681396484375
1693,M_1099_25y0m_1_fluent_257,0.0095977783203125,0.07989501953125,0.01971435546875,0.37109375,0.06500244140625
1694,M_1099_25y0m_1_fluent_258,0.0306243896484375,0.0618896484375,0.007785797119140625,0.0191192626953125,0.266357421875
1695,M_1099_25y0m_1_fluent_259,0.1134033203125,0.260498046875,0.10595703125,0.0127716064453125,0.140869140625
1696,M_1099_25y0m_1_fluent_260,0.03912353515625,0.1541748046875,0.0309600830078125,0.0089874267578125,0.141357421875
1697,M_1099_25y0m_1_fluent_261,0.017852783203125,0.10540771484375,0.016021728515625,0.0194549560546875,0.07318115234375
1698,M_1099_25y0m_1_fluent_262,0.13671875,0.10992431640625,0.01312255859375,0.006641387939453125,0.06396484375
1699,M_1099_25y0m_1_fluent_263,0.0257568359375,0.21630859375,0.06280517578125,0.0215301513671875,0.022796630859375
1700,M_1099_25y0m_1_fluent_264,0.10052490234375,0.092529296875,0.0121002197265625,0.0154876708984375,0.414794921875
1701,M_1099_25y0m_1_fluent_265,0.0167236328125,0.1724853515625,0.09857177734375,0.07891845703125,0.313720703125
1702,M_1099_25y0m_1_fluent_266,0.0197601318359375,0.1163330078125,0.0170440673828125,0.01953125,0.0236053466796875
1703,M_1099_25y0m_1_fluent_267,0.048858642578125,0.1456298828125,0.026458740234375,0.01267242431640625,0.10015869140625
1704,M_1099_25y0m_1_fluent_268,0.0199127197265625,0.0943603515625,0.01495361328125,0.017852783203125,0.028656005859375
1705,M_1099_25y0m_1_fluent_269,0.01983642578125,0.227294921875,0.07354736328125,0.0230255126953125,0.059417724609375
1706,M_1099_25y0m_1_fluent_270,0.06781005859375,0.32470703125,0.27392578125,0.10321044921875,0.05560302734375
1707,M_1099_25y0m_1_fluent_271,0.05877685546875,0.35546875,0.447265625,0.18212890625,0.172607421875
1708,M_1099_25y0m_1_fluent_272,0.0127716064453125,0.1279296875,0.058135986328125,0.248046875,0.042877197265625
1709,M_1099_25y0m_1_fluent_273,0.0196075439453125,0.264892578125,0.246337890625,0.4013671875,0.08154296875
1710,M_1099_25y0m_1_fluent_274,0.021453857421875,0.1041259765625,0.034423828125,0.179931640625,0.55419921875
1711,M_1099_25y0m_1_fluent_275,0.0206451416015625,0.0880126953125,0.01512908935546875,0.0190582275390625,0.086181640625
1712,M_1099_25y0m_1_fluent_276,0.033721923828125,0.156494140625,0.0276947021484375,0.0240936279296875,0.0170440673828125
1713,M_1099_25y0m_1_fluent_277,0.035552978515625,0.32470703125,0.373779296875,0.2342529296875,0.06854248046875
1714,M_1099_25y0m_1_fluent_278,0.018829345703125,0.07806396484375,0.0129241943359375,0.024658203125,0.1771240234375
1715,M_1099_25y0m_1_fluent_279,0.0174407958984375,0.1259765625,0.0262603759765625,0.029083251953125,0.2467041015625
1716,M_1099_25y0m_1_fluent_280,0.030914306640625,0.063720703125,0.00948333740234375,0.0201416015625,0.34130859375
1717,M_1099_25y0m_1_fluent_281,0.029754638671875,0.25244140625,0.205078125,0.1453857421875,0.41015625
1718,M_1099_25y0m_1_fluent_282,0.029205322265625,0.07354736328125,0.01036834716796875,0.04217529296875,0.4150390625
1719,M_1099_25y0m_1_fluent_283,0.029876708984375,0.193359375,0.0531005859375,0.020721435546875,0.07159423828125
1720,M_1099_25y0m_1_fluent_284,0.09967041015625,0.17919921875,0.07354736328125,0.04620361328125,0.765625
1721,M_1099_25y0m_1_fluent_285,0.0271759033203125,0.1358642578125,0.026702880859375,0.0169219970703125,0.015777587890625
1722,M_1099_25y0m_1_fluent_286,0.0173797607421875,0.1895751953125,0.1492919921875,0.3212890625,0.0765380859375
1723,M_1099_25y0m_1_fluent_287,0.042572021484375,0.0863037109375,0.0221099853515625,0.2073974609375,0.70361328125
1724,M_1099_25y0m_1_fluent_288,0.0215301513671875,0.08990478515625,0.013427734375,0.0227203369140625,0.1993408203125
1725,M_1099_25y0m_1_fluent_289,0.020416259765625,0.11798095703125,0.0202178955078125,0.029205322265625,0.1019287109375
1726,M_1099_25y0m_1_fluent_290,0.0192718505859375,0.08770751953125,0.0129241943359375,0.020965576171875,0.118408203125
1727,M_1099_25y0m_1_fluent_291,0.020721435546875,0.2108154296875,0.107421875,0.049774169921875,0.1536865234375
1728,M_1099_25y0m_1_fluent_292,0.04510498046875,0.36962890625,0.4169921875,0.06866455078125,0.250244140625
1729,M_1099_25y0m_1_fluent_293,0.0194549560546875,0.1790771484375,0.1717529296875,0.5625,0.07330322265625
1730,M_1099_25y0m_1_fluent_294,0.314697265625,0.10540771484375,0.017578125,0.01073455810546875,0.316162109375
1731,M_1099_25y0m_1_fluent_295,0.026153564453125,0.2327880859375,0.07763671875,0.015777587890625,0.07464599609375
1732,M_1099_25y0m_1_fluent_296,0.070068359375,0.086181640625,0.0087127685546875,0.00800323486328125,0.0255584716796875
1733,M_1099_25y0m_1_fluent_297,0.0169830322265625,0.08758544921875,0.01073455810546875,0.0256195068359375,0.0207977294921875
1734,M_1099_25y0m_1_fluent_298,0.047882080078125,0.190673828125,0.056121826171875,0.0127716064453125,0.1700439453125
1735,M_1099_25y0m_1_fluent_299,0.018096923828125,0.1495361328125,0.033782958984375,0.02215576171875,0.025665283203125
1736,M_1099_25y0m_1_fluent_300,0.0230712890625,0.2230224609375,0.1597900390625,0.0740966796875,0.1019287109375
1737,M_1099_25y0m_1_fluent_301,0.02044677734375,0.14111328125,0.11126708984375,0.77880859375,0.10723876953125
1738,M_1099_25y0m_1_fluent_302,0.0223236083984375,0.15869140625,0.054412841796875,0.04443359375,0.0849609375
1739,M_1099_25y0m_1_fluent_303,0.0189056396484375,0.11737060546875,0.017303466796875,0.0224609375,0.032958984375
1740,M_1099_25y0m_1_fluent_304,0.020965576171875,0.07781982421875,0.0115966796875,0.0386962890625,0.08062744140625
1741,M_1099_25y0m_1_fluent_305,0.7421875,0.1934814453125,0.05450439453125,0.02886962890625,0.07476806640625
1742,M_1099_25y0m_1_fluent_306,0.05224609375,0.15869140625,0.0263519287109375,0.0104522705078125,0.027008056640625
1743,M_1099_25y0m_1_fluent_307,0.0699462890625,0.06622314453125,0.00981903076171875,0.049774169921875,0.0482177734375
1744,M_1099_25y0m_1_fluent_308,0.017181396484375,0.08929443359375,0.01395416259765625,0.0278472900390625,0.0292510986328125
1745,M_1099_25y0m_1_fluent_309,0.0384521484375,0.11419677734375,0.0211181640625,0.011871337890625,0.140869140625
1746,M_1099_25y0m_1_fluent_310,0.0263519287109375,0.1658935546875,0.1680908203125,0.6376953125,0.06524658203125
1747,M_1099_25y0m_1_fluent_311,0.057586669921875,0.1329345703125,0.03131103515625,0.0177154541015625,0.266357421875
1748,M_1099_25y0m_1_fluent_312,0.1260986328125,0.1187744140625,0.027008056640625,0.03173828125,0.88134765625
1749,M_1099_25y0m_1_fluent_313,0.5537109375,0.1998291015625,0.056976318359375,0.0182952880859375,0.27734375
1750,M_1099_25y0m_1_fluent_314,0.0261077880859375,0.0982666015625,0.0618896484375,0.8984375,0.107421875
1751,M_1099_25y0m_1_fluent_315,0.018341064453125,0.1551513671875,0.043121337890625,0.02508544921875,0.0489501953125
1752,M_1099_25y0m_1_fluent_316,0.02606201171875,0.2325439453125,0.1070556640625,0.0740966796875,0.04400634765625
1753,M_1099_25y0m_1_fluent_317,0.0185089111328125,0.1370849609375,0.0263519287109375,0.0244293212890625,0.015716552734375
1754,M_1099_25y0m_1_fluent_318,0.1519775390625,0.0975341796875,0.0129241943359375,0.00803375244140625,0.08209228515625
1755,M_1099_25y0m_1_fluent_319,0.181884765625,0.1094970703125,0.029144287109375,0.040008544921875,0.90185546875
1756,M_1099_25y0m_1_fluent_320,0.0153656005859375,0.07708740234375,0.013427734375,0.027801513671875,0.18896484375
1757,M_1099_25y0m_1_fluent_321,0.049774169921875,0.1810302734375,0.05560302734375,0.0282745361328125,0.62841796875
1758,M_1099_25y0m_1_fluent_322,0.07763671875,0.160400390625,0.0203399658203125,0.0083160400390625,0.033538818359375
1759,M_1099_25y0m_1_fluent_323,0.0290374755859375,0.268310546875,0.140869140625,0.02630615234375,0.0802001953125
1760,M_1099_25y0m_1_fluent_324,0.0312042236328125,0.155517578125,0.049224853515625,0.0213623046875,0.273193359375
1761,M_1099_25y0m_1_fluent_325,0.08038330078125,0.15576171875,0.048583984375,0.09515380859375,0.71044921875
1762,M_1099_25y0m_1_fluent_326,0.044189453125,0.23779296875,0.0703125,0.020172119140625,0.06903076171875
1763,M_1099_25y0m_1_fluent_327,0.0268096923828125,0.1427001953125,0.044586181640625,0.0185394287109375,0.1239013671875
1764,M_1099_25y0m_1_fluent_328,0.042388916015625,0.1865234375,0.0552978515625,0.030731201171875,0.28564453125
1765,M_1099_25y0m_1_fluent_329,0.03436279296875,0.294189453125,0.376220703125,0.208984375,0.1114501953125
1766,M_1099_25y0m_1_fluent_330,0.0217742919921875,0.12335205078125,0.030731201171875,0.0192413330078125,0.12322998046875
1767,M_1099_25y0m_1_fluent_331,0.01450347900390625,0.19091796875,0.056121826171875,0.03594970703125,0.047882080078125
1768,M_1099_25y0m_1_fluent_332,0.01560211181640625,0.08331298828125,0.01214599609375,0.0305023193359375,0.047943115234375
1769,M_1099_25y0m_1_fluent_333,0.09930419921875,0.1513671875,0.041778564453125,0.06646728515625,0.900390625
1770,M_1099_25y0m_1_fluent_334,0.0703125,0.06915283203125,0.01107025146484375,0.02752685546875,0.640625
1771,M_1099_25y0m_1_fluent_335,0.1087646484375,0.1280517578125,0.04168701171875,0.1689453125,0.92578125
1772,M_1099_25y0m_1_fluent_336,0.0191650390625,0.10540771484375,0.025421142578125,0.086181640625,0.03033447265625
1773,M_1099_25y0m_1_fluent_337,0.03021240234375,0.1998291015625,0.046112060546875,0.0203399658203125,0.0202484130859375
1774,M_1099_25y0m_1_fluent_338,0.01473236083984375,0.161376953125,0.0546875,0.04351806640625,0.1400146484375
1775,M_1099_25y0m_1_fluent_339,0.24658203125,0.143798828125,0.02532958984375,0.0097808837890625,0.038177490234375
1776,M_1099_25y0m_1_fluent_340,0.107421875,0.08135986328125,0.0121002197265625,0.01146697998046875,0.2548828125
1777,M_1099_25y0m_1_fluent_341,0.0200958251953125,0.07684326171875,0.01085662841796875,0.0204925537109375,0.247802734375
1778,M_1099_25y0m_1_fluent_342,0.0269622802734375,0.126220703125,0.019012451171875,0.016845703125,0.03179931640625
1779,M_1099_25y0m_1_fluent_343,0.059661865234375,0.10284423828125,0.0154876708984375,0.010986328125,0.1734619140625
1780,M_1099_25y0m_1_fluent_344,0.021087646484375,0.10504150390625,0.0784912109375,0.845703125,0.12158203125
1781,M_1099_25y0m_1_fluent_345,0.494140625,0.169677734375,0.03643798828125,0.0112457275390625,0.1519775390625
1782,M_1099_25y0m_1_fluent_346,0.007965087890625,0.0966796875,0.028656005859375,0.25634765625,0.1578369140625
1783,M_1099_25y0m_1_fluent_347,0.047698974609375,0.1134033203125,0.0253753662109375,0.02191162109375,0.491943359375
1784,M_1099_25y0m_1_fluent_348,0.016021728515625,0.07891845703125,0.01306915283203125,0.06878662109375,0.192138671875
1785,M_1099_25y0m_1_fluent_349,0.0304412841796875,0.161865234375,0.165283203125,0.81982421875,0.2064208984375
1786,M_1099_25y0m_1_fluent_350,0.118408203125,0.2237548828125,0.08038330078125,0.0723876953125,0.88671875
1787,M_1099_25y0m_1_fluent_351,0.0209197998046875,0.136962890625,0.03533935546875,0.03521728515625,0.146240234375
1788,M_1099_25y0m_1_fluent_352,0.0143890380859375,0.093505859375,0.01678466796875,0.07464599609375,0.037750244140625
1789,M_1099_25y0m_1_fluent_353,0.0330810546875,0.06793212890625,0.0104522705078125,0.024749755859375,0.143310546875
1790,M_1099_25y0m_1_fluent_354,0.0233306884765625,0.07452392578125,0.008544921875,0.0177154541015625,0.036895751953125
1791,M_1099_25y0m_1_fluent_355,0.0257568359375,0.08587646484375,0.016021728515625,0.03326416015625,0.54833984375
1792,M_1099_25y0m_1_fluent_356,0.01229095458984375,0.0709228515625,0.0141143798828125,0.44970703125,0.1514892578125
1793,M_1099_25y0m_1_fluent_357,0.0265045166015625,0.09619140625,0.0179901123046875,0.03985595703125,0.02276611328125
1794,M_1099_25y0m_1_fluent_358,0.04931640625,0.10931396484375,0.0196075439453125,0.0193023681640625,0.05450439453125
1795,M_1099_25y0m_1_fluent_359,0.0469970703125,0.37548828125,0.2242431640625,0.0269622802734375,0.0225372314453125
1796,M_1099_25y0m_1_fluent_360,0.11297607421875,0.08990478515625,0.01812744140625,0.036712646484375,0.77783203125
1797,M_1099_25y0m_1_fluent_361,0.014556884765625,0.0889892578125,0.0125732421875,0.03338623046875,0.05059814453125
1798,M_1099_25y0m_1_fluent_362,0.0287628173828125,0.0849609375,0.01306915283203125,0.01507568359375,0.1671142578125
1799,M_1099_25y0m_1_fluent_363,0.052337646484375,0.287353515625,0.2216796875,0.0982666015625,0.04327392578125
1800,M_1099_25y0m_1_fluent_364,0.0171051025390625,0.0810546875,0.0171051025390625,0.1661376953125,0.03515625
1801,M_1099_25y0m_1_fluent_365,0.1865234375,0.249755859375,0.056549072265625,0.007694244384765625,0.021820068359375
1802,M_1099_25y0m_1_fluent_366,0.01433563232421875,0.092529296875,0.0170440673828125,0.035888671875,0.11676025390625
1803,M_1099_25y0m_1_fluent_367,0.0885009765625,0.0938720703125,0.020721435546875,0.038818359375,0.8818359375
1804,M_1099_25y0m_1_fluent_368,0.0230255126953125,0.0792236328125,0.0095977783203125,0.011871337890625,0.021942138671875
1805,M_1099_25y0m_1_fluent_369,0.059539794921875,0.06695556640625,0.00894927978515625,0.0280609130859375,0.451171875
1806,M_1099_25y0m_1_fluent_370,0.177001953125,0.1087646484375,0.0121002197265625,0.0100555419921875,0.040924072265625
1807,M_1099_25y0m_1_fluent_371,0.018646240234375,0.0850830078125,0.01763916015625,0.037811279296875,0.2274169921875
1808,M_1099_25y0m_1_fluent_372,0.056640625,0.09173583984375,0.0186920166015625,0.061431884765625,0.69921875
1809,M_1099_25y0m_1_fluent_373,0.09515380859375,0.133056640625,0.036895751953125,0.0704345703125,0.9072265625
1810,M_1099_25y0m_1_fluent_374,0.0177154541015625,0.1259765625,0.0318603515625,0.04296875,0.056243896484375
1811,M_1099_25y0m_1_fluent_375,0.01490020751953125,0.1083984375,0.0202484130859375,0.028167724609375,0.0469970703125
1812,M_1099_25y0m_1_fluent_376,0.01302337646484375,0.15380859375,0.06304931640625,0.0472412109375,0.11395263671875
1813,M_1099_25y0m_1_fluent_377,0.0153656005859375,0.11181640625,0.0254669189453125,0.05059814453125,0.08758544921875
1814,M_1099_25y0m_1_fluent_378,0.0185394287109375,0.0953369140625,0.0173797607421875,0.03277587890625,0.10174560546875
1815,M_1099_25y0m_1_fluent_379,0.056976318359375,0.34375,0.6005859375,0.52294921875,0.12890625
1816,M_1099_25y0m_1_fluent_380,0.1651611328125,0.1278076171875,0.029876708984375,0.03759765625,0.8837890625
1817,M_1099_25y0m_1_fluent_381,0.0164031982421875,0.2000732421875,0.06085205078125,0.038116455078125,0.03656005859375
1818,M_1099_25y0m_1_fluent_382,0.0215301513671875,0.1326904296875,0.02691650390625,0.0207672119140625,0.0360107421875
1819,M_1099_25y0m_1_fluent_383,0.050994873046875,0.181884765625,0.05059814453125,0.0164031982421875,0.036163330078125
1820,M_1099_25y0m_1_fluent_384,0.022796630859375,0.255615234375,0.128173828125,0.02606201171875,0.035003662109375
1821,M_1099_25y0m_1_fluent_385,0.021575927734375,0.1304931640625,0.038909912109375,0.1334228515625,0.0225372314453125
1822,M_1099_25y0m_1_fluent_386,0.09637451171875,0.09136962890625,0.0210418701171875,0.043609619140625,0.80615234375
1823,M_1099_25y0m_1_fluent_387,0.017578125,0.106689453125,0.0223236083984375,0.048309326171875,0.0994873046875
1824,M_1099_25y0m_1_fluent_388,0.019195556640625,0.08831787109375,0.01374053955078125,0.019378662109375,0.08416748046875
1825,M_1099_25y0m_1_fluent_389,0.0209197998046875,0.1685791015625,0.033905029296875,0.018341064453125,0.0300445556640625
1826,M_1099_25y0m_1_fluent_390,0.0869140625,0.1121826171875,0.026611328125,0.054901123046875,0.6494140625
1827,M_1099_25y0m_1_fluent_391,0.042022705078125,0.2110595703125,0.06768798828125,0.0204925537109375,0.12042236328125
1828,M_1099_25y0m_1_fluent_392,0.023284912109375,0.07806396484375,0.01029205322265625,0.0236968994140625,0.026458740234375
1829,M_1099_25y0m_1_fluent_393,0.03436279296875,0.10321044921875,0.015838623046875,0.0225372314453125,0.02691650390625
1830,M_1099_25y0m_1_fluent_394,0.0302734375,0.140869140625,0.033843994140625,0.0260009765625,0.04742431640625
1831,M_1099_25y0m_1_fluent_395,0.0321044921875,0.09930419921875,0.015838623046875,0.01384735107421875,0.10540771484375
1832,M_1099_25y0m_1_fluent_396,0.05194091796875,0.08197021484375,0.0116424560546875,0.0139007568359375,0.182373046875
1833,M_1099_25y0m_1_fluent_397,0.042572021484375,0.06439208984375,0.00766754150390625,0.0206451416015625,0.1312255859375
1834,M_1099_25y0m_1_fluent_398,0.081787109375,0.1044921875,0.02386474609375,0.06292724609375,0.89599609375
1835,M_1099_25y0m_1_fluent_399,0.037261962890625,0.24072265625,0.0615234375,0.0180206298828125,0.010406494140625
1836,M_1099_25y0m_1_fluent_400,0.0200653076171875,0.11395263671875,0.0289306640625,0.047607421875,0.1632080078125
1837,M_1099_25y0m_1_fluent_401,0.10650634765625,0.09320068359375,0.00974273681640625,0.01678466796875,0.1181640625
1838,M_1099_25y0m_1_fluent_402,0.03173828125,0.1650390625,0.041229248046875,0.0142822265625,0.1041259765625
1839,M_1099_25y0m_1_fluent_403,0.0401611328125,0.1971435546875,0.063232421875,0.0271148681640625,0.353759765625
1840,M_1100_28y0m_1_dysfluent_000,0.033203125,0.081787109375,0.018585205078125,0.2437744140625,0.8134765625
1841,M_1100_28y0m_1_dysfluent_001,0.045257568359375,0.1153564453125,0.028106689453125,0.1767578125,0.85986328125
1842,M_1100_28y0m_1_dysfluent_002,0.0970458984375,0.2255859375,0.129638671875,0.58154296875,0.87353515625
1843,M_1100_28y0m_1_dysfluent_003,0.6806640625,0.2305908203125,0.0582275390625,0.0154266357421875,0.060638427734375
1844,M_1100_28y0m_1_dysfluent_004,0.061309814453125,0.092529296875,0.020172119140625,0.0390625,0.85546875
1845,M_1100_28y0m_1_dysfluent_005,0.06890869140625,0.095703125,0.0216217041015625,0.041534423828125,0.86572265625
1846,M_1100_28y0m_1_dysfluent_006,0.03582763671875,0.2724609375,0.1611328125,0.05499267578125,0.2286376953125
1847,M_1100_28y0m_1_dysfluent_007,0.05511474609375,0.276123046875,0.1802978515625,0.0838623046875,0.55078125
1848,M_1100_28y0m_1_dysfluent_008,0.03515625,0.242431640625,0.11065673828125,0.11968994140625,0.5966796875
1849,M_1100_28y0m_1_dysfluent_009,0.028656005859375,0.2254638671875,0.0472412109375,0.0197601318359375,0.02630615234375
1850,M_1100_28y0m_1_dysfluent_010,0.0238189697265625,0.303955078125,0.1134033203125,0.034759521484375,0.0316162109375
1851,M_1100_28y0m_1_dysfluent_011,0.027587890625,0.30419921875,0.10467529296875,0.0255584716796875,0.035552978515625
1852,M_1100_28y0m_1_dysfluent_012,0.033721923828125,0.1470947265625,0.03839111328125,0.122314453125,0.712890625
1853,M_1100_28y0m_1_dysfluent_013,0.07366943359375,0.1214599609375,0.020416259765625,0.03240966796875,0.71630859375
1854,M_1100_28y0m_1_dysfluent_014,0.026702880859375,0.09515380859375,0.01056671142578125,0.01129150390625,0.040924072265625
1855,M_1100_28y0m_1_dysfluent_015,0.76318359375,0.216796875,0.0521240234375,0.01678466796875,0.06793212890625
1856,M_1100_28y0m_1_dysfluent_016,0.77783203125,0.30419921875,0.09136962890625,0.019195556640625,0.073974609375
1857,M_1100_28y0m_1_dysfluent_017,0.118408203125,0.364013671875,0.296142578125,0.08123779296875,0.68603515625
1858,M_1100_28y0m_1_dysfluent_018,0.09124755859375,0.2015380859375,0.07891845703125,0.08587646484375,0.8955078125
1859,M_1100_28y0m_1_dysfluent_019,0.1412353515625,0.49560546875,0.377197265625,0.02508544921875,0.056243896484375
1860,M_1100_28y0m_1_dysfluent_020,0.0948486328125,0.441162109375,0.274169921875,0.03125,0.102294921875
1861,M_1100_28y0m_1_dysfluent_021,0.08135986328125,0.119384765625,0.0284881591796875,0.380615234375,0.1756591796875
1862,M_1100_28y0m_1_dysfluent_022,0.0872802734375,0.294677734375,0.25732421875,0.1439208984375,0.74365234375
1863,M_1100_28y0m_1_dysfluent_023,0.1246337890625,0.322021484375,0.281494140625,0.2109375,0.763671875
1864,M_1100_28y0m_1_dysfluent_024,0.11126708984375,0.1966552734375,0.02606201171875,0.0074615478515625,0.01971435546875
1865,M_1100_28y0m_1_dysfluent_025,0.07891845703125,0.18798828125,0.0271148681640625,0.006771087646484375,0.01302337646484375
1866,M_1100_28y0m_1_dysfluent_026,0.0217742919921875,0.086181640625,0.012054443359375,0.01512908935546875,0.07989501953125
1867,M_1100_28y0m_1_dysfluent_027,0.0289306640625,0.2216796875,0.0560302734375,0.015899658203125,0.0284881591796875
1868,M_1100_28y0m_1_dysfluent_028,0.027801513671875,0.300537109375,0.097900390625,0.0164642333984375,0.024749755859375
1869,M_1100_28y0m_1_dysfluent_029,0.0305023193359375,0.341552734375,0.130126953125,0.0302734375,0.043121337890625
1870,M_1100_28y0m_1_dysfluent_030,0.028656005859375,0.3017578125,0.09503173828125,0.0200653076171875,0.023468017578125
1871,M_1100_28y0m_1_dysfluent_031,0.01490020751953125,0.11859130859375,0.0203399658203125,0.0460205078125,0.10302734375
1872,M_1100_28y0m_1_dysfluent_032,0.0196075439453125,0.1954345703125,0.11737060546875,0.373046875,0.10577392578125
1873,M_1100_28y0m_1_dysfluent_033,0.06280517578125,0.132080078125,0.0792236328125,0.89794921875,0.47900390625
1874,M_1100_28y0m_1_dysfluent_034,0.03521728515625,0.092041015625,0.014007568359375,0.04010009765625,0.31689453125
1875,M_1100_28y0m_1_dysfluent_035,0.034698486328125,0.10650634765625,0.017303466796875,0.0299224853515625,0.330078125
1876,M_1100_28y0m_1_dysfluent_036,0.056640625,0.09222412109375,0.0127716064453125,0.0232391357421875,0.464111328125
1877,M_1100_28y0m_1_dysfluent_037,0.056976318359375,0.07763671875,0.01116180419921875,0.030853271484375,0.61279296875
1878,M_1100_28y0m_1_dysfluent_038,0.0369873046875,0.097900390625,0.0150146484375,0.0439453125,0.56640625
1879,M_1100_28y0m_1_dysfluent_039,0.128173828125,0.1361083984375,0.03582763671875,0.0634765625,0.900390625
1880,M_1100_28y0m_1_dysfluent_040,0.09320068359375,0.345947265625,0.31396484375,0.26220703125,0.6083984375
1881,M_1100_28y0m_1_dysfluent_041,0.0220794677734375,0.11358642578125,0.0121002197265625,0.0150146484375,0.040008544921875
1882,M_1100_28y0m_1_dysfluent_042,0.035003662109375,0.365478515625,0.2125244140625,0.026611328125,0.0271148681640625
1883,M_1100_28y0m_1_dysfluent_043,0.2015380859375,0.11279296875,0.021942138671875,0.022369384765625,0.70458984375
1884,M_1100_28y0m_1_dysfluent_044,0.1734619140625,0.146728515625,0.0180511474609375,0.007488250732421875,0.035552978515625
1885,M_1100_28y0m_1_dysfluent_045,0.1524658203125,0.07781982421875,0.009857177734375,0.0136871337890625,0.343017578125
1886,M_1100_28y0m_1_dysfluent_046,0.4765625,0.1239013671875,0.018402099609375,0.0087432861328125,0.10394287109375
1887,M_1100_28y0m_1_dysfluent_047,0.47607421875,0.11578369140625,0.0169219970703125,0.00933837890625,0.1259765625
1888,M_1100_28y0m_1_dysfluent_048,0.51953125,0.12408447265625,0.0194549560546875,0.0125732421875,0.184326171875
1889,M_1100_28y0m_1_dysfluent_049,0.070068359375,0.13671875,0.0191650390625,0.008544921875,0.07080078125
1890,M_1100_28y0m_1_dysfluent_050,0.1494140625,0.1629638671875,0.02947998046875,0.00815582275390625,0.177978515625
1891,M_1100_28y0m_1_dysfluent_051,0.03594970703125,0.1331787109375,0.04302978515625,0.177490234375,0.73583984375
1892,M_1100_28y0m_1_dysfluent_052,0.0301513671875,0.1358642578125,0.044281005859375,0.190673828125,0.5595703125
1893,M_1100_28y0m_1_dysfluent_053,0.31787109375,0.166015625,0.041839599609375,0.017242431640625,0.6884765625
1894,M_1100_28y0m_1_dysfluent_054,0.29345703125,0.1446533203125,0.040374755859375,0.019866943359375,0.73486328125
1895,M_1100_28y0m_1_dysfluent_055,0.06683349609375,0.37841796875,0.31201171875,0.0310821533203125,0.0948486328125
1896,M_1100_28y0m_1_dysfluent_056,0.0240936279296875,0.1607666015625,0.077392578125,0.1922607421875,0.08135986328125
1897,M_1100_28y0m_1_dysfluent_057,0.0290374755859375,0.19580078125,0.06231689453125,0.07598876953125,0.042236328125
1898,M_1100_28y0m_1_dysfluent_058,0.1591796875,0.2108154296875,0.08251953125,0.03314208984375,0.6904296875
1899,M_1100_28y0m_1_dysfluent_059,0.1387939453125,0.11199951171875,0.034820556640625,0.072509765625,0.91259765625
1900,M_1100_28y0m_1_dysfluent_060,0.059539794921875,0.1163330078125,0.03704833984375,0.1904296875,0.76025390625
1901,M_1100_28y0m_1_dysfluent_061,0.04681396484375,0.12139892578125,0.05718994140625,0.53759765625,0.5
1902,M_1100_28y0m_1_dysfluent_062,0.0469970703125,0.1453857421875,0.0704345703125,0.70703125,0.58203125
1903,M_1100_28y0m_1_dysfluent_063,0.0994873046875,0.488037109375,0.64404296875,0.09124755859375,0.1083984375
1904,M_1100_28y0m_1_dysfluent_064,0.056854248046875,0.3408203125,0.330322265625,0.1727294921875,0.309326171875
1905,M_1100_28y0m_1_dysfluent_065,0.1561279296875,0.405029296875,0.5224609375,0.460693359375,0.572265625
1906,M_1100_28y0m_1_dysfluent_066,0.1409912109375,0.431640625,0.61474609375,0.296142578125,0.52978515625
1907,M_1100_28y0m_1_dysfluent_067,0.1187744140625,0.193603515625,0.0782470703125,0.03033447265625,0.64599609375
1908,M_1100_28y0m_1_dysfluent_068,0.06524658203125,0.179931640625,0.0604248046875,0.0266571044921875,0.59619140625
1909,M_1100_28y0m_1_dysfluent_069,0.0227203369140625,0.090087890625,0.012481689453125,0.0244293212890625,0.0460205078125
1910,M_1100_28y0m_1_dysfluent_070,0.0199432373046875,0.106689453125,0.0161590576171875,0.0345458984375,0.04132080078125
1911,M_1100_28y0m_1_dysfluent_071,0.137939453125,0.1163330078125,0.0290374755859375,0.037750244140625,0.8974609375
1912,M_1100_28y0m_1_dysfluent_072,0.07763671875,0.15478515625,0.023651123046875,0.0238189697265625,0.56201171875
1913,M_1100_28y0m_1_dysfluent_073,0.1376953125,0.153564453125,0.0296478271484375,0.0262603759765625,0.81396484375
1914,M_1100_28y0m_1_dysfluent_074,0.02001953125,0.0885009765625,0.01132965087890625,0.017913818359375,0.0390625
1915,M_1100_28y0m_1_dysfluent_075,0.019012451171875,0.09466552734375,0.0136871337890625,0.018157958984375,0.03314208984375
1916,M_1100_28y0m_1_dysfluent_076,0.0141143798828125,0.12335205078125,0.0211639404296875,0.021484375,0.056243896484375
1917,M_1100_28y0m_1_dysfluent_077,0.0299224853515625,0.12347412109375,0.014617919921875,0.0170440673828125,0.0182342529296875
1918,M_1100_28y0m_1_dysfluent_078,0.038116455078125,0.1849365234375,0.0638427734375,0.10107421875,0.5439453125
1919,M_1100_28y0m_1_dysfluent_079,0.183349609375,0.12176513671875,0.033599853515625,0.043121337890625,0.90478515625
1920,M_1100_28y0m_1_dysfluent_080,0.07696533203125,0.0784912109375,0.01177978515625,0.02056884765625,0.6484375
1921,M_1100_28y0m_1_dysfluent_081,0.52734375,0.1376953125,0.0220794677734375,0.00809478759765625,0.04052734375
1922,M_1100_28y0m_1_dysfluent_082,0.415771484375,0.50927734375,0.442138671875,0.06732177734375,0.2076416015625
1923,M_1100_28y0m_1_dysfluent_083,0.32177734375,0.360595703125,0.21435546875,0.0894775390625,0.361083984375
1924,M_1100_28y0m_1_dysfluent_084,0.059417724609375,0.13134765625,0.019989013671875,0.04534912109375,0.056121826171875
1925,M_1100_28y0m_1_dysfluent_085,0.02044677734375,0.0994873046875,0.024566650390625,0.334228515625,0.0849609375
1926,M_1100_28y0m_1_dysfluent_086,0.0592041015625,0.09808349609375,0.0121002197265625,0.0301055908203125,0.0287628173828125
1927,M_1100_28y0m_1_dysfluent_087,0.11199951171875,0.1605224609375,0.10430908203125,0.6181640625,0.65966796875
1928,M_1100_28y0m_1_dysfluent_088,0.10430908203125,0.130615234375,0.06915283203125,0.724609375,0.66650390625
1929,M_1100_28y0m_1_dysfluent_089,0.1221923828125,0.1607666015625,0.1033935546875,0.65966796875,0.755859375
1930,M_1100_28y0m_1_dysfluent_090,0.244873046875,0.27587890625,0.2919921875,0.625,0.556640625
1931,M_1100_28y0m_1_dysfluent_091,0.02386474609375,0.126953125,0.057373046875,0.765625,0.09771728515625
1932,M_1100_28y0m_1_dysfluent_092,0.024383544921875,0.11456298828125,0.017181396484375,0.016845703125,0.0164642333984375
1933,M_1100_28y0m_1_dysfluent_093,0.07330322265625,0.092529296875,0.0165252685546875,0.0220794677734375,0.70703125
1934,M_1100_28y0m_1_dysfluent_094,0.08929443359375,0.097900390625,0.0187225341796875,0.0259552001953125,0.79736328125
1935,M_1100_28y0m_1_dysfluent_095,0.1485595703125,0.1163330078125,0.027801513671875,0.040313720703125,0.90478515625
1936,M_1100_28y0m_1_dysfluent_096,0.157958984375,0.10992431640625,0.0231475830078125,0.0299835205078125,0.861328125
1937,M_1100_28y0m_1_dysfluent_097,0.0810546875,0.2005615234375,0.03656005859375,0.01363372802734375,0.07366943359375
1938,M_1100_28y0m_1_dysfluent_098,0.2288818359375,0.2259521484375,0.091552734375,0.06561279296875,0.90966796875
1939,M_1100_28y0m_1_dysfluent_099,0.1815185546875,0.2054443359375,0.08282470703125,0.08135986328125,0.91943359375
1940,M_1100_28y0m_1_dysfluent_100,0.2021484375,0.248046875,0.10821533203125,0.078369140625,0.86083984375
1941,M_1100_28y0m_1_dysfluent_101,0.68798828125,0.313720703125,0.11297607421875,0.0186920166015625,0.07183837890625
1942,M_1100_28y0m_1_dysfluent_102,0.1558837890625,0.336669921875,0.399169921875,0.5791015625,0.11676025390625
1943,M_1100_28y0m_1_dysfluent_103,0.025177001953125,0.0855712890625,0.0104522705078125,0.013427734375,0.0310211181640625
1944,M_1100_28y0m_1_dysfluent_104,0.031494140625,0.1422119140625,0.03460693359375,0.0154266357421875,0.1898193359375
1945,M_1100_28y0m_1_dysfluent_105,0.046722412109375,0.349853515625,0.28759765625,0.1468505859375,0.06951904296875
1946,M_1100_28y0m_1_dysfluent_106,0.038177490234375,0.091552734375,0.00894927978515625,0.01111602783203125,0.035675048828125
1947,M_1100_28y0m_1_dysfluent_107,0.03131103515625,0.12066650390625,0.01384735107421875,0.0112457275390625,0.02685546875
1948,M_1100_28y0m_1_dysfluent_108,0.1279296875,0.10650634765625,0.02508544921875,0.0352783203125,0.89501953125
1949,M_1100_28y0m_1_dysfluent_109,0.1259765625,0.0987548828125,0.0219879150390625,0.0274810791015625,0.85595703125
1950,M_1100_28y0m_1_dysfluent_110,0.1419677734375,0.1834716796875,0.0635986328125,0.0701904296875,0.90576171875
1951,M_1100_28y0m_1_dysfluent_111,0.06695556640625,0.10357666015625,0.0262603759765625,0.032958984375,0.8193359375
1952,M_1100_28y0m_1_dysfluent_112,0.049407958984375,0.0809326171875,0.01490020751953125,0.0261077880859375,0.59375
1953,M_1100_28y0m_1_dysfluent_113,0.0279541015625,0.07708740234375,0.0171051025390625,0.37744140625,0.73193359375
1954,M_1100_28y0m_1_dysfluent_114,0.1802978515625,0.1334228515625,0.03582763671875,0.036285400390625,0.892578125
1955,M_1100_28y0m_1_dysfluent_115,0.189208984375,0.13818359375,0.033843994140625,0.03662109375,0.880859375
1956,M_1100_28y0m_1_dysfluent_116,0.1826171875,0.1302490234375,0.03594970703125,0.03802490234375,0.89208984375
1957,M_1100_28y0m_1_dysfluent_117,0.0838623046875,0.08465576171875,0.0165863037109375,0.0413818359375,0.86376953125
1958,M_1100_28y0m_1_dysfluent_118,0.07879638671875,0.08740234375,0.0177764892578125,0.045684814453125,0.87548828125
1959,M_1100_28y0m_1_dysfluent_119,0.436767578125,0.1429443359375,0.0235595703125,0.00926971435546875,0.03265380859375
1960,M_1100_28y0m_1_dysfluent_120,0.279052734375,0.15380859375,0.044189453125,0.039642333984375,0.8798828125
1961,M_1100_28y0m_1_dysfluent_121,0.330810546875,0.1890869140625,0.06268310546875,0.042022705078125,0.87548828125
1962,M_1100_28y0m_1_dysfluent_122,0.175537109375,0.15234375,0.042327880859375,0.05718994140625,0.923828125
1963,M_1100_28y0m_1_dysfluent_123,0.11517333984375,0.1187744140625,0.024658203125,0.051177978515625,0.84228515625
1964,M_1100_28y0m_1_dysfluent_124,0.125732421875,0.11260986328125,0.026153564453125,0.059661865234375,0.88427734375
1965,M_1100_28y0m_1_dysfluent_125,0.080810546875,0.236328125,0.032958984375,0.007289886474609375,0.0294189453125
1966,M_1100_28y0m_1_dysfluent_126,0.018157958984375,0.1673583984375,0.057373046875,0.55419921875,0.041778564453125
1967,M_1100_28y0m_1_dysfluent_127,0.1251220703125,0.09552001953125,0.0184326171875,0.0251312255859375,0.71044921875
1968,M_1100_28y0m_1_dysfluent_128,0.2042236328125,0.20654296875,0.07989501953125,0.049041748046875,0.880859375
1969,M_1100_28y0m_1_dysfluent_129,0.06890869140625,0.383544921875,0.396484375,0.2010498046875,0.53515625
1970,M_1100_28y0m_1_dysfluent_130,0.0305633544921875,0.345458984375,0.34912109375,0.1837158203125,0.2587890625
1971,M_1100_28y0m_1_dysfluent_131,0.0266571044921875,0.1856689453125,0.06866455078125,0.245849609375,0.379638671875
1972,M_1100_28y0m_1_dysfluent_132,0.1181640625,0.17626953125,0.04742431640625,0.0604248046875,0.89111328125
1973,M_1100_28y0m_1_dysfluent_133,0.156005859375,0.17626953125,0.05291748046875,0.080078125,0.9306640625
1974,M_1100_28y0m_1_dysfluent_134,0.1748046875,0.16357421875,0.05126953125,0.06781005859375,0.93212890625
1975,M_1100_28y0m_1_dysfluent_135,0.494384765625,0.1187744140625,0.017303466796875,0.00803375244140625,0.049041748046875
1976,M_1100_28y0m_1_dysfluent_136,0.6259765625,0.1392822265625,0.02203369140625,0.0102081298828125,0.07159423828125
1977,M_1100_28y0m_1_dysfluent_137,0.1868896484375,0.12420654296875,0.0345458984375,0.050048828125,0.916015625
1978,M_1100_28y0m_1_dysfluent_138,0.22607421875,0.1295166015625,0.034027099609375,0.04217529296875,0.904296875
1979,M_1100_28y0m_1_dysfluent_139,0.1737060546875,0.11358642578125,0.0301513671875,0.044525146484375,0.9130859375
1980,M_1100_28y0m_1_dysfluent_140,0.2100830078125,0.129150390625,0.03314208984375,0.034027099609375,0.88330078125
1981,M_1100_28y0m_1_dysfluent_141,0.26708984375,0.16455078125,0.040313720703125,0.0243377685546875,0.7978515625
1982,M_1100_28y0m_1_dysfluent_142,0.34716796875,0.1885986328125,0.0517578125,0.0258026123046875,0.77197265625
1983,M_1100_28y0m_1_dysfluent_143,0.06939697265625,0.434814453125,0.6318359375,0.0743408203125,0.06817626953125
1984,M_1100_28y0m_1_dysfluent_144,0.1405029296875,0.1610107421875,0.04083251953125,0.053497314453125,0.90869140625
1985,M_1100_28y0m_1_dysfluent_145,0.10687255859375,0.1529541015625,0.037750244140625,0.053802490234375,0.9140625
1986,M_1100_28y0m_1_dysfluent_146,0.12054443359375,0.154541015625,0.0390625,0.036712646484375,0.900390625
1987,M_1100_28y0m_1_dysfluent_147,0.05419921875,0.17822265625,0.0310821533203125,0.0108184814453125,0.01554107666015625
1988,M_1100_28y0m_1_dysfluent_148,0.2900390625,0.222412109375,0.040008544921875,0.008575439453125,0.017913818359375
1989,M_1100_28y0m_1_dysfluent_149,0.0706787109375,0.1187744140625,0.01374053955078125,0.0083160400390625,0.021331787109375
1990,M_1100_28y0m_1_dysfluent_150,0.329833984375,0.266357421875,0.0509033203125,0.006744384765625,0.029144287109375
1991,M_1100_28y0m_1_dysfluent_151,0.469970703125,0.2420654296875,0.0885009765625,0.03204345703125,0.708984375
1992,M_1100_28y0m_1_dysfluent_152,0.439697265625,0.222412109375,0.080078125,0.033966064453125,0.7724609375
1993,M_1100_28y0m_1_dysfluent_153,0.255126953125,0.294677734375,0.166015625,0.09619140625,0.890625
1994,M_1100_28y0m_1_dysfluent_154,0.219970703125,0.311767578125,0.240478515625,0.162109375,0.89501953125
1995,M_1100_28y0m_1_dysfluent_155,0.219970703125,0.311767578125,0.240478515625,0.162109375,0.89501953125
1996,M_1100_28y0m_1_dysfluent_156,0.0250396728515625,0.092041015625,0.01073455810546875,0.0143890380859375,0.03179931640625
1997,M_1100_28y0m_1_dysfluent_157,0.059967041015625,0.10687255859375,0.0203704833984375,0.0173797607421875,0.48095703125
1998,M_1100_28y0m_1_dysfluent_158,0.0303802490234375,0.106689453125,0.0567626953125,0.904296875,0.1533203125
1999,M_1100_28y0m_1_dysfluent_159,0.023651123046875,0.097412109375,0.051666259765625,0.8974609375,0.1619873046875
2000,M_1100_28y0m_1_dysfluent_160,0.0855712890625,0.1253662109375,0.01507568359375,0.0125732421875,0.2493896484375
2001,M_1100_28y0m_1_dysfluent_161,0.08831787109375,0.1094970703125,0.015777587890625,0.0214080810546875,0.66748046875
2002,M_1100_28y0m_1_dysfluent_162,0.049224853515625,0.2440185546875,0.046478271484375,0.0087432861328125,0.0223236083984375
2003,M_1100_28y0m_1_dysfluent_163,0.0156707763671875,0.1500244140625,0.03179931640625,0.04638671875,0.2034912109375
2004,M_1100_28y0m_1_dysfluent_164,0.0869140625,0.275146484375,0.163818359375,0.057373046875,0.73974609375
2005,M_1100_28y0m_1_dysfluent_165,0.07305908203125,0.2509765625,0.1328125,0.070556640625,0.7666015625
2006,M_1100_28y0m_1_dysfluent_166,0.07781982421875,0.31591796875,0.2166748046875,0.06658935546875,0.70849609375
2007,M_1100_28y0m_1_dysfluent_167,0.076416015625,0.342041015625,0.357421875,0.097900390625,0.64501953125
2008,M_1100_28y0m_1_dysfluent_168,0.10540771484375,0.11181640625,0.0194549560546875,0.0259552001953125,0.74951171875
2009,M_1100_28y0m_1_dysfluent_169,0.1396484375,0.09466552734375,0.01111602783203125,0.0062408447265625,0.1055908203125
2010,M_1100_28y0m_1_dysfluent_170,0.056640625,0.12322998046875,0.0309600830078125,0.05224609375,0.8515625
2011,M_1100_28y0m_1_dysfluent_171,0.046112060546875,0.094482421875,0.0190887451171875,0.04931640625,0.80419921875
2012,M_1100_28y0m_1_dysfluent_172,0.72509765625,0.2076416015625,0.060302734375,0.0245208740234375,0.306640625
2013,M_1100_28y0m_1_dysfluent_173,0.62060546875,0.2330322265625,0.1451416015625,0.2998046875,0.1798095703125
2014,M_1100_28y0m_1_dysfluent_174,0.0182342529296875,0.2183837890625,0.10540771484375,0.1767578125,0.0631103515625
2015,M_1100_28y0m_1_dysfluent_175,0.04840087890625,0.297607421875,0.348876953125,0.6103515625,0.10357666015625
2016,M_1100_28y0m_1_dysfluent_176,0.035552978515625,0.2269287109375,0.16748046875,0.603515625,0.10089111328125
2017,M_1100_28y0m_1_dysfluent_177,0.063720703125,0.407470703125,0.350830078125,0.0318603515625,0.04248046875
2018,M_1100_28y0m_1_dysfluent_178,0.037384033203125,0.1177978515625,0.0177154541015625,0.0165863037109375,0.080078125
2019,M_1100_28y0m_1_dysfluent_179,0.06622314453125,0.1883544921875,0.053009033203125,0.01490020751953125,0.358642578125
2020,M_1100_28y0m_1_dysfluent_180,0.07763671875,0.19775390625,0.0482177734375,0.00926971435546875,0.2113037109375
2021,M_1100_28y0m_1_dysfluent_181,0.06793212890625,0.158935546875,0.0271148681640625,0.0090179443359375,0.1695556640625
2022,M_1100_28y0m_1_dysfluent_182,0.11798095703125,0.217041015625,0.042388916015625,0.0090179443359375,0.1334228515625
2023,M_1100_28y0m_1_dysfluent_183,0.1890869140625,0.248046875,0.060211181640625,0.00881195068359375,0.1834716796875
2024,M_1100_28y0m_1_dysfluent_184,0.04443359375,0.0816650390625,0.01142120361328125,0.03582763671875,0.513671875
2025,M_1100_28y0m_1_dysfluent_185,0.06854248046875,0.07147216796875,0.01129150390625,0.03179931640625,0.64013671875
2026,M_1100_28y0m_1_dysfluent_186,0.0836181640625,0.093994140625,0.017242431640625,0.0266571044921875,0.7763671875
2027,M_1100_28y0m_1_dysfluent_187,0.53857421875,0.17626953125,0.04248046875,0.0169219970703125,0.400634765625
2028,M_1100_28y0m_1_dysfluent_188,0.290283203125,0.1490478515625,0.034088134765625,0.0234222412109375,0.7724609375
2029,M_1100_28y0m_1_dysfluent_189,0.298828125,0.1375732421875,0.034820556640625,0.027069091796875,0.82861328125
2030,M_1100_28y0m_1_dysfluent_190,0.0272674560546875,0.0830078125,0.0083465576171875,0.01094818115234375,0.0257110595703125
2031,M_1100_28y0m_1_dysfluent_191,0.029541015625,0.15625,0.03143310546875,0.0164031982421875,0.017852783203125
2032,M_1100_28y0m_1_dysfluent_192,0.0224609375,0.1787109375,0.038970947265625,0.0182647705078125,0.0162200927734375
2033,M_1100_28y0m_1_dysfluent_193,0.2371826171875,0.134521484375,0.0190887451171875,0.00933837890625,0.035003662109375
2034,M_1100_28y0m_1_dysfluent_194,0.38330078125,0.2322998046875,0.08154296875,0.09771728515625,0.048309326171875
2035,M_1100_28y0m_1_dysfluent_195,0.18798828125,0.26025390625,0.14208984375,0.307373046875,0.097900390625
2036,M_1100_28y0m_1_dysfluent_196,0.0225830078125,0.16064453125,0.028106689453125,0.01332855224609375,0.0179901123046875
2037,M_1100_28y0m_1_dysfluent_197,0.0305023193359375,0.273193359375,0.09619140625,0.01763916015625,0.027435302734375
2038,M_1100_28y0m_1_dysfluent_198,0.0305023193359375,0.273193359375,0.09619140625,0.01763916015625,0.027435302734375
2039,M_1100_28y0m_1_dysfluent_199,0.6552734375,0.15869140625,0.0313720703125,0.013275146484375,0.080810546875
2040,M_1100_28y0m_1_dysfluent_200,0.6240234375,0.2095947265625,0.06610107421875,0.03948974609375,0.640625
2041,M_1100_28y0m_1_dysfluent_201,0.771484375,0.2340087890625,0.07611083984375,0.03240966796875,0.26953125
2042,M_1100_28y0m_1_dysfluent_202,0.7783203125,0.230224609375,0.06939697265625,0.026153564453125,0.183349609375
2043,M_1100_28y0m_1_dysfluent_203,0.0816650390625,0.128662109375,0.03216552734375,0.07720947265625,0.88623046875
2044,M_1100_28y0m_1_dysfluent_204,0.036163330078125,0.0965576171875,0.027801513671875,0.67333984375,0.68359375
2045,M_1100_28y0m_1_dysfluent_205,0.1153564453125,0.11798095703125,0.037322998046875,0.1175537109375,0.927734375
2046,M_1100_28y0m_1_dysfluent_206,0.1627197265625,0.16162109375,0.0633544921875,0.10614013671875,0.94482421875
2047,M_1100_28y0m_1_dysfluent_207,0.14208984375,0.1285400390625,0.044281005859375,0.07781982421875,0.93896484375
2048,M_1100_28y0m_1_dysfluent_208,0.1629638671875,0.1292724609375,0.046905517578125,0.1343994140625,0.93408203125
2049,M_1100_28y0m_1_dysfluent_209,0.02752685546875,0.08416748046875,0.0095977783203125,0.0120086669921875,0.02880859375
2050,M_1100_28y0m_1_dysfluent_210,0.033660888671875,0.09857177734375,0.01214599609375,0.0097808837890625,0.03240966796875
2051,M_1100_28y0m_1_dysfluent_211,0.5078125,0.26220703125,0.061981201171875,0.0135345458984375,0.058135986328125
2052,M_1100_28y0m_1_dysfluent_212,0.56689453125,0.2406005859375,0.0548095703125,0.01312255859375,0.09771728515625
2053,M_1100_28y0m_1_dysfluent_213,0.14013671875,0.281005859375,0.05572509765625,0.007404327392578125,0.033660888671875
2054,M_1100_28y0m_1_dysfluent_214,0.1143798828125,0.2318115234375,0.06793212890625,0.04510498046875,0.80029296875
2055,M_1100_28y0m_1_dysfluent_215,0.0592041015625,0.11456298828125,0.0174407958984375,0.0251312255859375,0.58837890625
2056,M_1100_28y0m_1_dysfluent_216,0.044677734375,0.09075927734375,0.01312255859375,0.0325927734375,0.59814453125
2057,M_1100_28y0m_1_dysfluent_217,0.1607666015625,0.09503173828125,0.011199951171875,0.0160980224609375,0.11260986328125
2058,M_1100_28y0m_1_dysfluent_218,0.040771484375,0.0863037109375,0.010009765625,0.0211639404296875,0.07666015625
2059,M_1100_28y0m_1_dysfluent_219,0.173828125,0.202392578125,0.0299835205078125,0.00955963134765625,0.0634765625
2060,M_1100_28y0m_1_dysfluent_220,0.01763916015625,0.13134765625,0.0204925537109375,0.0185089111328125,0.0206451416015625
2061,M_1100_28y0m_1_dysfluent_221,0.06500244140625,0.1417236328125,0.017852783203125,0.0100555419921875,0.022796630859375
2062,M_1100_28y0m_1_dysfluent_222,0.0618896484375,0.1268310546875,0.01560211181640625,0.00963592529296875,0.044189453125
2063,M_1100_28y0m_1_dysfluent_223,0.06707763671875,0.119384765625,0.0153045654296875,0.01242828369140625,0.017913818359375
2064,M_1100_28y0m_1_dysfluent_224,0.05780029296875,0.2197265625,0.03582763671875,0.00997161865234375,0.011505126953125
2065,M_1100_28y0m_1_dysfluent_225,0.040008544921875,0.1934814453125,0.0299224853515625,0.01262664794921875,0.01467132568359375
2066,M_1100_28y0m_1_dysfluent_226,0.0233306884765625,0.1434326171875,0.023956298828125,0.035888671875,0.040985107421875
2067,M_1100_28y0m_1_dysfluent_227,0.02947998046875,0.1630859375,0.02685546875,0.023284912109375,0.024932861328125
2068,M_1100_28y0m_1_dysfluent_228,0.0292510986328125,0.128173828125,0.018585205078125,0.014617919921875,0.026153564453125
2069,M_1100_28y0m_1_dysfluent_229,0.0401611328125,0.1312255859375,0.0177154541015625,0.01061248779296875,0.039947509765625
2070,M_1100_28y0m_1_dysfluent_230,0.033721923828125,0.11358642578125,0.0170440673828125,0.0074310302734375,0.1290283203125
2071,M_1100_28y0m_1_dysfluent_231,0.07977294921875,0.11578369140625,0.03704833984375,0.15478515625,0.9189453125
2072,M_1100_28y0m_1_dysfluent_232,0.07861328125,0.10302734375,0.03179931640625,0.131103515625,0.91943359375
2073,M_1100_28y0m_1_dysfluent_233,0.08770751953125,0.109130859375,0.03656005859375,0.1658935546875,0.9228515625
2074,M_1100_28y0m_1_dysfluent_234,0.10577392578125,0.1187744140625,0.04248046875,0.087890625,0.91357421875
2075,M_1100_28y0m_1_dysfluent_235,0.2210693359375,0.2022705078125,0.0386962890625,0.019989013671875,0.6455078125
2076,M_1100_28y0m_1_dysfluent_236,0.2294921875,0.17578125,0.035064697265625,0.025177001953125,0.787109375
2077,M_1100_28y0m_1_dysfluent_237,0.1873779296875,0.1519775390625,0.03204345703125,0.02508544921875,0.81103515625
2078,M_1100_28y0m_1_dysfluent_238,0.043609619140625,0.139892578125,0.017303466796875,0.00661468505859375,0.01971435546875
2079,M_1100_28y0m_1_dysfluent_239,0.048309326171875,0.1654052734375,0.0207672119140625,0.00800323486328125,0.0136871337890625
2080,M_1100_28y0m_1_dysfluent_240,0.0469970703125,0.1334228515625,0.01467132568359375,0.007122039794921875,0.016021728515625
2081,M_1100_28y0m_1_dysfluent_241,0.094482421875,0.150634765625,0.0227203369140625,0.009857177734375,0.34423828125
2082,M_1100_28y0m_1_dysfluent_242,0.08404541015625,0.10357666015625,0.0213623046875,0.0233306884765625,0.8125
2083,M_1100_28y0m_1_dysfluent_243,0.71435546875,0.1900634765625,0.042724609375,0.01262664794921875,0.06695556640625
2084,M_1100_28y0m_1_dysfluent_244,0.360107421875,0.28173828125,0.227783203125,0.5224609375,0.17578125
2085,M_1100_28y0m_1_dysfluent_245,0.0560302734375,0.10821533203125,0.04345703125,0.63232421875,0.1259765625
2086,M_1100_28y0m_1_dysfluent_246,0.0994873046875,0.06744384765625,0.007373809814453125,0.014007568359375,0.04803466796875
2087,M_1100_28y0m_1_dysfluent_247,0.023651123046875,0.1239013671875,0.0222015380859375,0.018585205078125,0.09808349609375
2088,M_1100_28y0m_1_dysfluent_248,0.0253753662109375,0.12548828125,0.022674560546875,0.018798828125,0.07208251953125
2089,M_1100_28y0m_1_dysfluent_249,0.0604248046875,0.193115234375,0.0303802490234375,0.01078033447265625,0.0255126953125
2090,M_1100_28y0m_1_dysfluent_250,0.2293701171875,0.20849609375,0.0880126953125,0.09893798828125,0.9267578125
2091,M_1100_28y0m_1_dysfluent_251,0.156982421875,0.27001953125,0.1544189453125,0.367919921875,0.88818359375
2092,M_1100_28y0m_1_dysfluent_252,0.0526123046875,0.257568359375,0.044097900390625,0.01406097412109375,0.01137542724609375
2093,M_1100_28y0m_1_dysfluent_253,0.290283203125,0.1895751953125,0.023956298828125,0.00766754150390625,0.05865478515625
2094,M_1100_28y0m_1_dysfluent_254,0.05389404296875,0.1947021484375,0.089111328125,0.3037109375,0.8271484375
2095,M_1100_28y0m_1_dysfluent_255,0.07794189453125,0.299560546875,0.253662109375,0.1884765625,0.71044921875
2096,M_1100_28y0m_1_dysfluent_256,0.392333984375,0.147216796875,0.03240966796875,0.0309600830078125,0.73388671875
2097,M_1100_28y0m_1_dysfluent_257,0.5419921875,0.1602783203125,0.041778564453125,0.0294189453125,0.69482421875
2098,M_1100_28y0m_1_dysfluent_258,0.487060546875,0.1500244140625,0.023651123046875,0.007373809814453125,0.097900390625
2099,M_1100_28y0m_1_dysfluent_259,0.487060546875,0.1500244140625,0.023651123046875,0.007373809814453125,0.097900390625
2100,M_1100_28y0m_1_dysfluent_260,0.051544189453125,0.43603515625,0.59521484375,0.266845703125,0.10089111328125
2101,M_1100_28y0m_1_dysfluent_261,0.06854248046875,0.34521484375,0.434814453125,0.70556640625,0.143798828125
2102,M_1100_28y0m_1_dysfluent_262,0.046539306640625,0.2470703125,0.18408203125,0.4765625,0.65283203125
2103,M_1100_28y0m_1_dysfluent_263,0.66845703125,0.1927490234375,0.039276123046875,0.010650634765625,0.073974609375
2104,M_1100_28y0m_1_dysfluent_264,0.70849609375,0.279296875,0.07122802734375,0.01519012451171875,0.0836181640625
2105,M_1100_28y0m_1_dysfluent_265,0.3974609375,0.41650390625,0.33740234375,0.2130126953125,0.61962890625
2106,M_1100_28y0m_1_dysfluent_266,0.308349609375,0.404052734375,0.251953125,0.09722900390625,0.66943359375
2107,M_1100_28y0m_1_dysfluent_267,0.17919921875,0.262939453125,0.09039306640625,0.04510498046875,0.76708984375
2108,M_1100_28y0m_1_dysfluent_268,0.09088134765625,0.089599609375,0.01306915283203125,0.0273284912109375,0.62255859375
2109,M_1100_28y0m_1_dysfluent_269,0.07781982421875,0.41015625,0.2158203125,0.015899658203125,0.0282745361328125
2110,M_1100_28y0m_1_dysfluent_270,0.01666259765625,0.0709228515625,0.00894927978515625,0.0197601318359375,0.045013427734375
2111,M_1100_28y0m_1_dysfluent_271,0.042572021484375,0.091552734375,0.0199127197265625,0.04986572265625,0.7958984375
2112,M_1100_28y0m_1_dysfluent_272,0.03802490234375,0.1175537109375,0.023956298828125,0.034423828125,0.69482421875
2113,M_1100_28y0m_1_dysfluent_273,0.02386474609375,0.150146484375,0.12420654296875,0.8125,0.08038330078125
2114,M_1100_28y0m_1_dysfluent_274,0.0225067138671875,0.2489013671875,0.08251953125,0.022369384765625,0.03955078125
2115,M_1100_28y0m_1_dysfluent_275,0.0225067138671875,0.2489013671875,0.08251953125,0.022369384765625,0.03955078125
2116,M_1100_28y0m_1_dysfluent_276,0.0482177734375,0.10931396484375,0.01507568359375,0.0070648193359375,0.0831298828125
2117,M_1100_28y0m_1_dysfluent_277,0.039642333984375,0.091552734375,0.00997161865234375,0.010406494140625,0.034423828125
2118,M_1100_28y0m_1_dysfluent_278,0.164306640625,0.12939453125,0.015777587890625,0.00955963134765625,0.0706787109375
2119,M_1100_28y0m_1_dysfluent_279,0.1973876953125,0.177001953125,0.030792236328125,0.01085662841796875,0.05450439453125
2120,M_1100_28y0m_1_dysfluent_280,0.046112060546875,0.398681640625,0.310546875,0.0278472900390625,0.045684814453125
2121,M_1100_28y0m_1_dysfluent_281,0.023651123046875,0.137939453125,0.027801513671875,0.0257110595703125,0.23681640625
2122,M_1100_28y0m_1_dysfluent_282,0.030792236328125,0.2216796875,0.0755615234375,0.0284881591796875,0.0867919921875
2123,M_1100_28y0m_1_dysfluent_283,0.034820556640625,0.2203369140625,0.04931640625,0.0177154541015625,0.02056884765625
2124,M_1100_28y0m_1_dysfluent_284,0.1324462890625,0.08880615234375,0.0185089111328125,0.028594970703125,0.7900390625
2125,M_1100_28y0m_1_dysfluent_285,0.0187225341796875,0.11932373046875,0.0174407958984375,0.027374267578125,0.0161590576171875
2126,M_1100_28y0m_1_dysfluent_286,0.062103271484375,0.1549072265625,0.0272216796875,0.0212860107421875,0.4208984375
2127,M_1100_28y0m_1_dysfluent_287,0.079345703125,0.1094970703125,0.0261077880859375,0.046295166015625,0.88818359375
2128,M_1100_28y0m_1_dysfluent_288,0.07904052734375,0.106689453125,0.024139404296875,0.043212890625,0.8818359375
2129,M_1100_28y0m_1_dysfluent_289,0.06231689453125,0.1572265625,0.0838623046875,0.697265625,0.71728515625
2130,M_1100_28y0m_1_dysfluent_290,0.2587890625,0.119384765625,0.026763916015625,0.040374755859375,0.72021484375
2131,M_1100_28y0m_1_dysfluent_291,0.360595703125,0.381591796875,0.2763671875,0.1070556640625,0.78515625
2132,M_1100_28y0m_1_dysfluent_292,0.0894775390625,0.45751953125,0.49365234375,0.0552978515625,0.064208984375
2133,M_1100_28y0m_1_dysfluent_293,0.0894775390625,0.45751953125,0.49365234375,0.0552978515625,0.064208984375
2134,M_1100_28y0m_1_dysfluent_294,0.279052734375,0.435791015625,0.372314453125,0.039276123046875,0.10125732421875
2135,M_1100_28y0m_1_dysfluent_295,0.2379150390625,0.440673828125,0.3642578125,0.0343017578125,0.06585693359375
2136,M_1100_28y0m_1_dysfluent_296,0.060089111328125,0.1324462890625,0.020599365234375,0.0112457275390625,0.258056640625
2137,M_1100_28y0m_1_dysfluent_297,0.04248046875,0.1239013671875,0.0154266357421875,0.01473236083984375,0.0982666015625
2138,M_1100_28y0m_1_dysfluent_298,0.03179931640625,0.25048828125,0.2122802734375,0.2474365234375,0.587890625
2139,M_1100_28y0m_1_dysfluent_299,0.036895751953125,0.27880859375,0.19873046875,0.173828125,0.57666015625
2140,M_1100_28y0m_1_dysfluent_300,0.106689453125,0.48388671875,0.61474609375,0.2086181640625,0.365966796875
2141,M_1100_28y0m_1_dysfluent_301,0.05126953125,0.32080078125,0.23779296875,0.163818359375,0.54541015625
2142,M_1100_28y0m_1_dysfluent_302,0.05126953125,0.32080078125,0.23779296875,0.163818359375,0.54541015625
2143,M_1100_28y0m_1_dysfluent_303,0.2098388671875,0.126708984375,0.0245208740234375,0.023193359375,0.72998046875
2144,M_1100_28y0m_1_dysfluent_304,0.194580078125,0.1319580078125,0.0289306640625,0.035400390625,0.84423828125
2145,M_1100_28y0m_1_dysfluent_305,0.1776123046875,0.2091064453125,0.085693359375,0.218017578125,0.91259765625
2146,M_1100_28y0m_1_dysfluent_306,0.5791015625,0.34130859375,0.1864013671875,0.0753173828125,0.59033203125
2147,M_1100_28y0m_1_dysfluent_307,0.0994873046875,0.291748046875,0.2386474609375,0.76318359375,0.599609375
2148,M_1100_28y0m_1_dysfluent_308,0.07342529296875,0.2088623046875,0.12890625,0.82421875,0.68408203125
2149,M_1100_28y0m_1_dysfluent_309,0.042022705078125,0.40283203125,0.407958984375,0.1231689453125,0.265380859375
2150,M_1100_28y0m_1_dysfluent_310,0.020965576171875,0.336181640625,0.336669921875,0.408447265625,0.09368896484375
2151,M_1100_28y0m_1_dysfluent_311,0.048583984375,0.12347412109375,0.01433563232421875,0.0112457275390625,0.09173583984375
2152,M_1100_28y0m_1_dysfluent_312,0.239501953125,0.13232421875,0.0121917724609375,0.006877899169921875,0.041534423828125
2153,M_1100_28y0m_1_dysfluent_313,0.029876708984375,0.318359375,0.235595703125,0.406005859375,0.0765380859375
2154,M_1100_28y0m_1_dysfluent_314,0.135986328125,0.1240234375,0.04217529296875,0.1070556640625,0.93896484375
2155,M_1100_28y0m_1_dysfluent_315,0.05792236328125,0.07806396484375,0.0165863037109375,0.07965087890625,0.82080078125
2156,M_1100_28y0m_1_dysfluent_316,0.02752685546875,0.10284423828125,0.0482177734375,0.8544921875,0.105224609375
2157,M_1100_28y0m_1_dysfluent_317,0.11376953125,0.10723876953125,0.0170440673828125,0.022674560546875,0.67919921875
2158,M_1100_28y0m_1_dysfluent_318,0.0640869140625,0.1865234375,0.033721923828125,0.0089874267578125,0.02880859375
2159,M_1100_28y0m_1_dysfluent_319,0.4775390625,0.177001953125,0.034027099609375,0.00963592529296875,0.034759521484375
2160,M_1100_28y0m_1_dysfluent_320,0.336669921875,0.17333984375,0.027374267578125,0.0083465576171875,0.058990478515625
2161,M_1100_28y0m_1_dysfluent_321,0.5849609375,0.2158203125,0.04559326171875,0.01009368896484375,0.040985107421875
2162,M_1100_28y0m_1_dysfluent_322,0.05560302734375,0.4296875,0.309814453125,0.0243377685546875,0.0279541015625
2163,M_1100_28y0m_1_dysfluent_323,0.0469970703125,0.314697265625,0.11578369140625,0.01512908935546875,0.0273284912109375
2164,M_1100_28y0m_1_dysfluent_324,0.058441162109375,0.1231689453125,0.0150146484375,0.00815582275390625,0.05780029296875
2165,M_1100_28y0m_1_dysfluent_325,0.1885986328125,0.2132568359375,0.1451416015625,0.58203125,0.20166015625
2166,M_1100_28y0m_1_dysfluent_326,0.1485595703125,0.178466796875,0.1131591796875,0.7822265625,0.400634765625
2167,M_1100_28y0m_1_dysfluent_327,0.1187744140625,0.1585693359375,0.10211181640625,0.87890625,0.5537109375
2168,M_1100_28y0m_1_dysfluent_328,0.6328125,0.14306640625,0.02532958984375,0.0120086669921875,0.06683349609375
2169,M_1100_28y0m_1_dysfluent_329,0.03839111328125,0.11260986328125,0.06549072265625,0.818359375,0.48828125
2170,M_1100_28y0m_1_dysfluent_330,0.2015380859375,0.1199951171875,0.0185089111328125,0.011871337890625,0.301025390625
2171,M_1100_28y0m_1_dysfluent_331,0.2418212890625,0.1357421875,0.032958984375,0.0321044921875,0.85009765625
2172,M_1100_28y0m_1_dysfluent_332,0.317626953125,0.1531982421875,0.036346435546875,0.0170440673828125,0.57275390625
2173,M_1100_28y0m_1_dysfluent_333,0.07208251953125,0.206787109375,0.049224853515625,0.060089111328125,0.8330078125
2174,M_1100_28y0m_1_dysfluent_334,0.1337890625,0.11614990234375,0.0297088623046875,0.04840087890625,0.90625
2175,M_1100_28y0m_1_dysfluent_335,0.089111328125,0.120849609375,0.0302734375,0.051544189453125,0.908203125
2176,M_1100_28y0m_1_dysfluent_336,0.08929443359375,0.140869140625,0.0306243896484375,0.02886962890625,0.791015625
2177,M_1100_28y0m_1_dysfluent_337,0.0313720703125,0.1041259765625,0.01525115966796875,0.033203125,0.020843505859375
2178,M_1100_28y0m_1_dysfluent_338,0.0391845703125,0.219482421875,0.042083740234375,0.01450347900390625,0.02337646484375
2179,M_1100_28y0m_1_dysfluent_339,0.0794677734375,0.35986328125,0.1114501953125,0.01238250732421875,0.0171051025390625
2180,M_1100_28y0m_1_dysfluent_340,0.02838134765625,0.1478271484375,0.02691650390625,0.0260009765625,0.34375
2181,M_1100_28y0m_1_dysfluent_341,0.027435302734375,0.186279296875,0.056976318359375,0.0552978515625,0.418212890625
2182,M_1100_28y0m_1_dysfluent_342,0.0728759765625,0.08062744140625,0.01146697998046875,0.01348114013671875,0.26171875
2183,M_1100_28y0m_1_dysfluent_343,0.1329345703125,0.16357421875,0.025421142578125,0.0101318359375,0.310546875
2184,M_1100_28y0m_1_dysfluent_344,0.169677734375,0.129150390625,0.0290374755859375,0.035614013671875,0.8779296875
2185,M_1100_28y0m_1_dysfluent_345,0.1981201171875,0.15234375,0.038818359375,0.036773681640625,0.8984375
2186,M_1100_28y0m_1_dysfluent_346,0.0457763671875,0.44140625,0.3330078125,0.037384033203125,0.050994873046875
2187,M_1100_28y0m_1_dysfluent_347,0.037322998046875,0.278564453125,0.0867919921875,0.024658203125,0.0792236328125
2188,M_1100_28y0m_1_dysfluent_348,0.039947509765625,0.287353515625,0.2039794921875,0.441162109375,0.110107421875
2189,M_1100_28y0m_1_dysfluent_349,0.08599853515625,0.369140625,0.17529296875,0.0285491943359375,0.10211181640625
2190,M_1100_28y0m_1_dysfluent_350,0.116943359375,0.2015380859375,0.039794921875,0.01142120361328125,0.155517578125
2191,M_1100_28y0m_1_dysfluent_351,0.151123046875,0.1094970703125,0.0279083251953125,0.038818359375,0.9072265625
2192,M_1100_28y0m_1_dysfluent_352,0.1676025390625,0.1400146484375,0.03753662109375,0.037750244140625,0.9072265625
2193,M_1100_28y0m_1_dysfluent_353,0.05108642578125,0.1385498046875,0.022247314453125,0.009124755859375,0.15185546875
2194,M_1100_28y0m_1_dysfluent_354,0.038818359375,0.10540771484375,0.01490020751953125,0.0115509033203125,0.132568359375
2195,M_1100_28y0m_1_dysfluent_355,0.0592041015625,0.1678466796875,0.0345458984375,0.044677734375,0.779296875
2196,M_1100_28y0m_1_dysfluent_356,0.057373046875,0.187744140625,0.03033447265625,0.0225067138671875,0.390625
2197,M_1100_28y0m_1_dysfluent_357,0.380615234375,0.33447265625,0.1201171875,0.0185394287109375,0.2509765625
2198,M_1100_28y0m_1_dysfluent_358,0.386474609375,0.301025390625,0.10284423828125,0.028594970703125,0.57470703125
2199,M_1100_28y0m_1_dysfluent_359,0.08880615234375,0.1094970703125,0.010528564453125,0.00955963134765625,0.022369384765625
2200,M_1100_28y0m_1_dysfluent_360,0.05450439453125,0.1553955078125,0.09844970703125,0.9052734375,0.412841796875
2201,M_1100_28y0m_1_dysfluent_361,0.06280517578125,0.1904296875,0.156005859375,0.90966796875,0.304443359375
2202,M_1100_28y0m_1_dysfluent_362,0.047149658203125,0.2298583984375,0.23095703125,0.7783203125,0.40185546875
2203,M_1100_28y0m_1_dysfluent_363,0.0504150390625,0.1461181640625,0.01934814453125,0.00891876220703125,0.012969970703125
2204,M_1100_28y0m_1_dysfluent_364,0.063720703125,0.109130859375,0.01262664794921875,0.007232666015625,0.0723876953125
2205,M_1100_28y0m_1_dysfluent_365,0.04510498046875,0.1654052734375,0.026611328125,0.019500732421875,0.337890625
2206,M_1100_28y0m_1_dysfluent_366,0.075439453125,0.2548828125,0.07501220703125,0.01512908935546875,0.037109375
2207,M_1100_28y0m_1_dysfluent_367,0.1593017578125,0.266357421875,0.0751953125,0.00919342041015625,0.0439453125
2208,M_1100_28y0m_1_dysfluent_368,0.1593017578125,0.266357421875,0.0751953125,0.00919342041015625,0.0439453125
2209,M_1100_28y0m_1_dysfluent_369,0.059326171875,0.2017822265625,0.056976318359375,0.05792236328125,0.68603515625
2210,M_1100_28y0m_1_dysfluent_370,0.1207275390625,0.229248046875,0.09222412109375,0.10540771484375,0.87744140625
2211,M_1100_28y0m_1_dysfluent_371,0.0616455078125,0.28759765625,0.07720947265625,0.0234222412109375,0.1474609375
2212,M_1100_28y0m_1_dysfluent_372,0.050994873046875,0.2310791015625,0.06719970703125,0.0379638671875,0.55615234375
2213,M_1100_28y0m_1_dysfluent_373,0.040985107421875,0.1787109375,0.046112060546875,0.06439208984375,0.71484375
2214,M_1100_28y0m_1_dysfluent_374,0.0384521484375,0.1409912109375,0.023468017578125,0.053497314453125,0.5224609375
2215,M_1100_28y0m_1_dysfluent_375,0.06451416015625,0.1715087890625,0.036346435546875,0.0482177734375,0.69970703125
2216,M_1100_28y0m_1_dysfluent_376,0.077392578125,0.267333984375,0.0751953125,0.03314208984375,0.436767578125
2217,M_1100_28y0m_1_dysfluent_377,0.0345458984375,0.07696533203125,0.0165863037109375,0.44775390625,0.10931396484375
2218,M_1100_28y0m_1_dysfluent_378,0.0328369140625,0.0872802734375,0.019989013671875,0.3857421875,0.08331298828125
2219,M_1100_28y0m_1_dysfluent_379,0.276611328125,0.2783203125,0.054595947265625,0.007843017578125,0.02001953125
2220,M_1100_28y0m_1_dysfluent_380,0.04296875,0.2161865234375,0.04052734375,0.0097808837890625,0.05511474609375
2221,M_1100_28y0m_1_dysfluent_381,0.04296875,0.216064453125,0.04052734375,0.0097808837890625,0.0552978515625
2222,M_1100_28y0m_1_dysfluent_382,0.5771484375,0.303466796875,0.11279296875,0.01666259765625,0.04681396484375
2223,M_1100_28y0m_1_dysfluent_383,0.28466796875,0.4326171875,0.2744140625,0.05340576171875,0.24169921875
2224,M_1100_28y0m_1_dysfluent_384,0.3408203125,0.2958984375,0.1341552734375,0.09173583984375,0.433837890625
2225,M_1100_28y0m_1_dysfluent_385,0.052337646484375,0.1104736328125,0.0139007568359375,0.0078125,0.0271148681640625
2226,M_1100_28y0m_1_dysfluent_386,0.03948974609375,0.09967041015625,0.0147857666015625,0.009674072265625,0.2496337890625
2227,M_1100_28y0m_1_dysfluent_387,0.0214080810546875,0.1533203125,0.024993896484375,0.01312255859375,0.0455322265625
2228,M_1100_28y0m_1_dysfluent_388,0.1348876953125,0.263671875,0.053497314453125,0.010986328125,0.217041015625
2229,M_1100_28y0m_1_dysfluent_389,0.165283203125,0.2841796875,0.05572509765625,0.0087432861328125,0.1019287109375
2230,M_1100_28y0m_1_dysfluent_390,0.04559326171875,0.1143798828125,0.01495361328125,0.011871337890625,0.0194549560546875
2231,M_1100_28y0m_1_dysfluent_391,0.018798828125,0.13330078125,0.055206298828125,0.701171875,0.0504150390625
2232,M_1100_28y0m_1_dysfluent_392,0.02532958984375,0.2144775390625,0.034820556640625,0.015960693359375,0.03912353515625
2233,M_1100_28y0m_1_dysfluent_393,0.08599853515625,0.2841796875,0.08587646484375,0.0119171142578125,0.017852783203125
2234,M_1100_28y0m_1_dysfluent_394,0.2127685546875,0.268798828125,0.055938720703125,0.007038116455078125,0.0224151611328125
2235,M_1100_28y0m_1_dysfluent_395,0.2919921875,0.1358642578125,0.0162811279296875,0.006824493408203125,0.08587646484375
2236,M_1100_28y0m_1_dysfluent_396,0.02880859375,0.1871337890625,0.03521728515625,0.019866943359375,0.048492431640625
2237,M_1100_28y0m_1_dysfluent_397,0.049591064453125,0.2313232421875,0.036285400390625,0.0118255615234375,0.041534423828125
2238,M_1100_28y0m_1_dysfluent_398,0.05511474609375,0.13037109375,0.015777587890625,0.01142120361328125,0.04510498046875
2239,M_1100_28y0m_1_dysfluent_399,0.037200927734375,0.12322998046875,0.013427734375,0.0177764892578125,0.03167724609375
2240,M_1100_28y0m_1_dysfluent_400,0.0229339599609375,0.1239013671875,0.017181396484375,0.0156707763671875,0.0173797607421875
2241,M_1100_28y0m_1_dysfluent_401,0.7490234375,0.35986328125,0.1949462890625,0.0521240234375,0.1063232421875
2242,M_1100_28y0m_1_dysfluent_402,0.049957275390625,0.28369140625,0.061431884765625,0.0125274658203125,0.0169830322265625
2243,M_1100_28y0m_1_dysfluent_403,0.02508544921875,0.252197265625,0.057708740234375,0.02685546875,0.03753662109375
2244,M_1100_28y0m_1_dysfluent_404,0.019500732421875,0.1571044921875,0.02655029296875,0.02606201171875,0.045013427734375
2245,M_1100_28y0m_1_fluent_000,0.6376953125,0.1767578125,0.039276123046875,0.01090240478515625,0.040374755859375
2246,M_1100_28y0m_1_fluent_001,0.0184783935546875,0.12420654296875,0.0260009765625,0.0180206298828125,0.06732177734375
2247,M_1100_28y0m_1_fluent_002,0.024566650390625,0.134033203125,0.021240234375,0.0106964111328125,0.03338623046875
2248,M_1100_28y0m_1_fluent_003,0.0153045654296875,0.201171875,0.16845703125,0.53955078125,0.07781982421875
2249,M_1100_28y0m_1_fluent_004,0.0216217041015625,0.09979248046875,0.014007568359375,0.01287078857421875,0.0234222412109375
2250,M_1100_28y0m_1_fluent_005,0.040985107421875,0.27978515625,0.354248046875,0.378662109375,0.34326171875
2251,M_1100_28y0m_1_fluent_006,0.0206451416015625,0.09320068359375,0.0289764404296875,0.227783203125,0.2232666015625
2252,M_1100_28y0m_1_fluent_007,0.01483917236328125,0.09320068359375,0.015838623046875,0.04046630859375,0.03875732421875
2253,M_1100_28y0m_1_fluent_008,0.0185089111328125,0.10723876953125,0.06634521484375,0.8671875,0.1363525390625
2254,M_1100_28y0m_1_fluent_009,0.049407958984375,0.338623046875,0.09222412109375,0.0171051025390625,0.0154876708984375
2255,M_1100_28y0m_1_fluent_010,0.013427734375,0.12548828125,0.0240478515625,0.0238189697265625,0.035400390625
2256,M_1100_28y0m_1_fluent_011,0.35107421875,0.10650634765625,0.0154876708984375,0.00803375244140625,0.0341796875
2257,M_1100_28y0m_1_fluent_012,0.030914306640625,0.1368408203125,0.01953125,0.019500732421875,0.019866943359375
2258,M_1100_28y0m_1_fluent_013,0.0253753662109375,0.150146484375,0.0207672119140625,0.0127716064453125,0.0222930908203125
2259,M_1100_28y0m_1_fluent_014,0.0191650390625,0.06549072265625,0.024932861328125,0.810546875,0.16748046875
2260,M_1100_28y0m_1_fluent_015,0.0164031982421875,0.1490478515625,0.036773681640625,0.03515625,0.10125732421875
2261,M_1100_28y0m_1_fluent_016,0.0455322265625,0.1519775390625,0.02288818359375,0.00760650634765625,0.0245208740234375
2262,M_1100_28y0m_1_fluent_017,0.029876708984375,0.156982421875,0.044189453125,0.0227203369140625,0.045867919921875
2263,M_1100_28y0m_1_fluent_018,0.042633056640625,0.08282470703125,0.0164642333984375,0.0312042236328125,0.56591796875
2264,M_1100_28y0m_1_fluent_019,0.03582763671875,0.322265625,0.303466796875,0.0633544921875,0.1611328125
2265,M_1100_28y0m_1_fluent_020,0.018585205078125,0.230224609375,0.0830078125,0.057708740234375,0.0192413330078125
2266,M_1100_28y0m_1_fluent_021,0.0283355712890625,0.12054443359375,0.0153656005859375,0.01111602783203125,0.0188751220703125
2267,M_1100_28y0m_1_fluent_022,0.0225067138671875,0.07989501953125,0.010009765625,0.00971221923828125,0.033599853515625
2268,M_1100_28y0m_1_fluent_023,0.0161590576171875,0.12445068359375,0.0240020751953125,0.041839599609375,0.0161590576171875
2269,M_1100_28y0m_1_fluent_024,0.01554107666015625,0.1083984375,0.01751708984375,0.030731201171875,0.0231475830078125
2270,M_1100_28y0m_1_fluent_025,0.0305633544921875,0.296630859375,0.115966796875,0.0194549560546875,0.05389404296875
2271,M_1100_28y0m_1_fluent_026,0.0256195068359375,0.08526611328125,0.010528564453125,0.0179901123046875,0.0264129638671875
2272,M_1100_28y0m_1_fluent_027,0.0210418701171875,0.08050537109375,0.01302337646484375,0.03314208984375,0.490478515625
2273,M_1100_28y0m_1_fluent_028,0.0237274169921875,0.1553955078125,0.0295867919921875,0.0161590576171875,0.11968994140625
2274,M_1100_28y0m_1_fluent_029,0.0160980224609375,0.0943603515625,0.03985595703125,0.69482421875,0.1317138671875
2275,M_1100_28y0m_1_fluent_030,0.035614013671875,0.17431640625,0.037811279296875,0.01229095458984375,0.0169830322265625
2276,M_1100_28y0m_1_fluent_031,0.02386474609375,0.09124755859375,0.01111602783203125,0.00937652587890625,0.0272674560546875
2277,M_1100_28y0m_1_fluent_032,0.034881591796875,0.07720947265625,0.01229095458984375,0.038604736328125,0.330810546875
2278,M_1100_28y0m_1_fluent_033,0.0141143798828125,0.10089111328125,0.04486083984375,0.75341796875,0.21142578125
2279,M_1100_28y0m_1_fluent_034,0.0236053466796875,0.08758544921875,0.01094818115234375,0.00908660888671875,0.037811279296875
2280,M_1100_28y0m_1_fluent_035,0.0943603515625,0.435302734375,0.6513671875,0.2166748046875,0.245849609375
2281,M_1100_28y0m_1_fluent_036,0.0207672119140625,0.1427001953125,0.03436279296875,0.027801513671875,0.03875732421875
2282,M_1100_28y0m_1_fluent_037,0.03216552734375,0.152587890625,0.02838134765625,0.01302337646484375,0.070068359375
2283,M_1100_28y0m_1_fluent_038,0.0167236328125,0.1336669921875,0.0322265625,0.028594970703125,0.032470703125
2284,M_1100_28y0m_1_fluent_039,0.028594970703125,0.19775390625,0.053802490234375,0.01287078857421875,0.059326171875
2285,M_1100_28y0m_1_fluent_040,0.1719970703125,0.10723876953125,0.0261077880859375,0.0297088623046875,0.87646484375
2286,M_1100_28y0m_1_fluent_041,0.0322265625,0.10931396484375,0.01678466796875,0.021240234375,0.1380615234375
2287,M_1100_28y0m_1_fluent_042,0.0379638671875,0.1131591796875,0.01395416259765625,0.00653839111328125,0.028594970703125
2288,M_1100_28y0m_1_fluent_043,0.0163421630859375,0.1187744140625,0.0244293212890625,0.022247314453125,0.062225341796875
2289,M_1100_28y0m_1_fluent_044,0.038818359375,0.073974609375,0.0153656005859375,0.1905517578125,0.274658203125
2290,M_1100_28y0m_1_fluent_045,0.0237274169921875,0.12493896484375,0.02056884765625,0.0252227783203125,0.023956298828125
2291,M_1100_28y0m_1_fluent_046,0.048309326171875,0.21484375,0.08868408203125,0.0189056396484375,0.102294921875
2292,M_1100_28y0m_1_fluent_047,0.03192138671875,0.13818359375,0.0401611328125,0.039794921875,0.360107421875
2293,M_1100_28y0m_1_fluent_048,0.01495361328125,0.1585693359375,0.03753662109375,0.037384033203125,0.0197601318359375
2294,M_1100_28y0m_1_fluent_049,0.0221099853515625,0.06524658203125,0.00844573974609375,0.0228424072265625,0.337158203125
2295,M_1100_28y0m_1_fluent_050,0.05877685546875,0.356689453125,0.61181640625,0.357177734375,0.1546630859375
2296,M_1100_28y0m_1_fluent_051,0.025421142578125,0.1927490234375,0.07476806640625,0.0305023193359375,0.1087646484375
2297,M_1100_28y0m_1_fluent_052,0.60009765625,0.1796875,0.038818359375,0.01056671142578125,0.0330810546875
2298,M_1100_28y0m_1_fluent_053,0.0261077880859375,0.2587890625,0.09893798828125,0.021697998046875,0.0256195068359375
2299,M_1100_28y0m_1_fluent_054,0.03179931640625,0.11395263671875,0.0167236328125,0.0141143798828125,0.0296478271484375
2300,M_1100_28y0m_1_fluent_055,0.0180206298828125,0.0850830078125,0.035614013671875,0.86328125,0.11614990234375
2301,M_1100_28y0m_1_fluent_056,0.02056884765625,0.0966796875,0.0144500732421875,0.018157958984375,0.029541015625
2302,M_1100_28y0m_1_fluent_057,0.0220794677734375,0.1312255859375,0.0215301513671875,0.0139007568359375,0.03662109375
2303,M_1100_28y0m_1_fluent_058,0.0203399658203125,0.18798828125,0.0390625,0.01282501220703125,0.0170440673828125
2304,M_1100_28y0m_1_fluent_059,0.03533935546875,0.188232421875,0.06890869140625,0.0243377685546875,0.31494140625
2305,M_1100_28y0m_1_fluent_060,0.047607421875,0.129150390625,0.023773193359375,0.0309600830078125,0.5029296875
2306,M_1100_28y0m_1_fluent_061,0.09271240234375,0.09124755859375,0.009521484375,0.00841522216796875,0.054107666015625
2307,M_1100_28y0m_1_fluent_062,0.04443359375,0.1837158203125,0.029144287109375,0.00679779052734375,0.063720703125
2308,M_1100_28y0m_1_fluent_063,0.030731201171875,0.166015625,0.09808349609375,0.11920166015625,0.30224609375
2309,M_1100_28y0m_1_fluent_064,0.1756591796875,0.100341796875,0.011688232421875,0.006145477294921875,0.0304412841796875
2310,M_1100_28y0m_1_fluent_065,0.0207672119140625,0.2115478515625,0.1865234375,0.40576171875,0.0723876953125
2311,M_1100_28y0m_1_fluent_066,0.041229248046875,0.08770751953125,0.0129241943359375,0.0222015380859375,0.0843505859375
2312,M_1100_28y0m_1_fluent_067,0.01348114013671875,0.256103515625,0.203857421875,0.10968017578125,0.06573486328125
2313,M_1100_28y0m_1_fluent_068,0.0582275390625,0.388427734375,0.51171875,0.1561279296875,0.215576171875
2314,M_1100_28y0m_1_fluent_069,0.03594970703125,0.0948486328125,0.01078033447265625,0.0164642333984375,0.021331787109375
2315,M_1100_28y0m_1_fluent_070,0.04559326171875,0.1884765625,0.02947998046875,0.00690460205078125,0.049591064453125
2316,M_1100_28y0m_1_fluent_071,0.0706787109375,0.20263671875,0.25,0.8134765625,0.15625
2317,M_1100_28y0m_1_fluent_072,0.02801513671875,0.24853515625,0.28076171875,0.1351318359375,0.1094970703125
2318,M_1100_28y0m_1_fluent_073,0.03753662109375,0.10504150390625,0.06707763671875,0.86669921875,0.09136962890625
2319,M_1100_28y0m_1_fluent_074,0.0169830322265625,0.1876220703125,0.05560302734375,0.033843994140625,0.0394287109375
2320,M_1100_28y0m_1_fluent_075,0.03253173828125,0.08477783203125,0.00997161865234375,0.0251312255859375,0.049774169921875
2321,M_1100_28y0m_1_fluent_076,0.029205322265625,0.0784912109375,0.009124755859375,0.01473236083984375,0.0203704833984375
2322,M_1100_28y0m_1_fluent_077,0.07208251953125,0.1715087890625,0.020416259765625,0.0103302001953125,0.024139404296875
2323,M_1100_28y0m_1_fluent_078,0.014007568359375,0.1282958984375,0.09417724609375,0.54736328125,0.1207275390625
2324,M_1100_28y0m_1_fluent_079,0.020843505859375,0.0885009765625,0.044921875,0.88818359375,0.182373046875
2325,M_1100_28y0m_1_fluent_080,0.034942626953125,0.14990234375,0.060638427734375,0.07275390625,0.325927734375
2326,M_1100_28y0m_1_fluent_081,0.0253753662109375,0.10284423828125,0.0139007568359375,0.015960693359375,0.04217529296875
2327,M_1100_28y0m_1_fluent_082,0.0197601318359375,0.08978271484375,0.01061248779296875,0.01229095458984375,0.0240478515625
2328,M_1100_28y0m_1_fluent_083,0.019683837890625,0.08270263671875,0.01094818115234375,0.01560211181640625,0.0560302734375
2329,M_1100_28y0m_1_fluent_084,0.044189453125,0.0723876953125,0.0121917724609375,0.03594970703125,0.634765625
2330,M_1100_28y0m_1_fluent_085,0.05560302734375,0.21337890625,0.281982421875,0.8193359375,0.1707763671875
2331,M_1100_28y0m_1_fluent_086,0.3349609375,0.237548828125,0.08477783203125,0.0256195068359375,0.422119140625
2332,M_1100_28y0m_1_fluent_087,0.080810546875,0.1070556640625,0.0121002197265625,0.00926971435546875,0.0212860107421875
2333,M_1100_28y0m_1_fluent_088,0.0165252685546875,0.13037109375,0.03314208984375,0.0256195068359375,0.061767578125
2334,M_1100_28y0m_1_fluent_089,0.075439453125,0.14453125,0.04345703125,0.0794677734375,0.8984375
2335,M_1100_28y0m_1_fluent_090,0.021453857421875,0.08197021484375,0.01363372802734375,0.0240020751953125,0.075439453125
2336,M_1100_28y0m_1_fluent_091,0.05865478515625,0.134033203125,0.0253753662109375,0.01009368896484375,0.0816650390625
2337,M_1100_28y0m_1_fluent_092,0.0236053466796875,0.0849609375,0.01111602783203125,0.0136871337890625,0.0219879150390625
2338,M_1100_28y0m_1_fluent_093,0.102294921875,0.10577392578125,0.018646240234375,0.010528564453125,0.367919921875
2339,M_1100_28y0m_1_fluent_094,0.02276611328125,0.1259765625,0.02447509765625,0.024993896484375,0.032958984375
2340,M_1100_28y0m_1_fluent_095,0.0194549560546875,0.06646728515625,0.0236053466796875,0.8154296875,0.1697998046875
2341,M_1100_28y0m_1_fluent_096,0.021087646484375,0.0784912109375,0.00905609130859375,0.014556884765625,0.0274810791015625
2342,M_1100_28y0m_1_fluent_097,0.03271484375,0.1380615234375,0.022674560546875,0.0188751220703125,0.044677734375
2343,M_1100_28y0m_1_fluent_098,0.047149658203125,0.0943603515625,0.01073455810546875,0.0169830322265625,0.022796630859375
2344,M_1100_28y0m_1_fluent_099,0.019561767578125,0.1153564453125,0.028594970703125,0.0526123046875,0.21240234375
2345,M_1100_28y0m_1_fluent_100,0.04083251953125,0.1845703125,0.03424072265625,0.008880615234375,0.049407958984375
2346,M_1100_28y0m_1_fluent_101,0.019195556640625,0.0982666015625,0.04803466796875,0.84716796875,0.272216796875
2347,M_1100_28y0m_1_fluent_102,0.0237274169921875,0.1124267578125,0.0197906494140625,0.01678466796875,0.04302978515625
2348,M_1100_28y0m_1_fluent_103,0.0292510986328125,0.2032470703125,0.04193115234375,0.0182952880859375,0.0885009765625
2349,M_1100_28y0m_1_fluent_104,0.0163421630859375,0.156005859375,0.0374755859375,0.017181396484375,0.06683349609375
2350,M_1100_28y0m_1_fluent_105,0.199951171875,0.2027587890625,0.03759765625,0.0164031982421875,0.2587890625
2351,M_1100_28y0m_1_fluent_106,0.0170440673828125,0.08740234375,0.042022705078125,0.85400390625,0.1588134765625
2352,M_1100_28y0m_1_fluent_107,0.041778564453125,0.150634765625,0.0472412109375,0.01229095458984375,0.24658203125
2353,M_1100_28y0m_1_fluent_108,0.04742431640625,0.3525390625,0.515625,0.25390625,0.17431640625
2354,M_1100_28y0m_1_fluent_109,0.0150146484375,0.1400146484375,0.035003662109375,0.04052734375,0.06768798828125
2355,M_1100_28y0m_1_fluent_110,0.0234222412109375,0.0802001953125,0.01061248779296875,0.030792236328125,0.0220794677734375
2356,M_1100_28y0m_1_fluent_111,0.047698974609375,0.11920166015625,0.0238189697265625,0.03277587890625,0.51611328125
2357,M_1100_28y0m_1_fluent_112,0.040313720703125,0.35986328125,0.57177734375,0.22802734375,0.114990234375
2358,M_1100_28y0m_1_fluent_113,0.01312255859375,0.078369140625,0.02655029296875,0.75341796875,0.1397705078125
2359,M_1100_28y0m_1_fluent_114,0.1270751953125,0.15869140625,0.0374755859375,0.021240234375,0.468505859375
2360,M_1100_28y0m_1_fluent_115,0.048309326171875,0.11395263671875,0.01358795166015625,0.01073455810546875,0.0218658447265625
2361,M_1100_28y0m_1_fluent_116,0.0163421630859375,0.11163330078125,0.07598876953125,0.54345703125,0.250244140625
2362,M_1100_28y0m_1_fluent_117,0.0301055908203125,0.11798095703125,0.0205230712890625,0.01507568359375,0.049957275390625
2363,M_1100_28y0m_1_fluent_118,0.050140380859375,0.325439453125,0.445068359375,0.261962890625,0.3232421875
2364,M_1100_28y0m_1_fluent_119,0.020294189453125,0.285400390625,0.2073974609375,0.105224609375,0.047943115234375
2365,M_1100_28y0m_1_fluent_120,0.0301055908203125,0.3447265625,0.458984375,0.2421875,0.0709228515625
2366,M_1100_28y0m_1_fluent_121,0.02215576171875,0.1632080078125,0.031982421875,0.019989013671875,0.0182647705078125
2367,M_1100_28y0m_1_fluent_122,0.019866943359375,0.10650634765625,0.021575927734375,0.047515869140625,0.23828125
2368,M_1100_28y0m_1_fluent_123,0.0218658447265625,0.09222412109375,0.0127716064453125,0.0289306640625,0.0282135009765625
2369,M_1100_28y0m_1_fluent_124,0.17724609375,0.173583984375,0.04327392578125,0.0217437744140625,0.73388671875
2370,M_1100_28y0m_1_fluent_125,0.01519012451171875,0.14208984375,0.048492431640625,0.08154296875,0.0302734375
2371,M_1100_28y0m_1_fluent_126,0.02423095703125,0.070068359375,0.0103302001953125,0.0210418701171875,0.04913330078125
2372,M_1100_28y0m_1_fluent_127,0.024383544921875,0.09173583984375,0.0116424560546875,0.0106964111328125,0.03985595703125
2373,M_1100_28y0m_1_fluent_128,0.3837890625,0.1669921875,0.038177490234375,0.028656005859375,0.76171875
2374,M_1100_28y0m_1_fluent_129,0.01358795166015625,0.189697265625,0.176513671875,0.288330078125,0.1630859375
2375,M_1100_28y0m_1_fluent_130,0.019989013671875,0.09619140625,0.014007568359375,0.02532958984375,0.0247955322265625
2376,M_1100_28y0m_1_fluent_131,0.052825927734375,0.1048583984375,0.0167236328125,0.00867462158203125,0.17138671875
2377,M_1100_28y0m_1_fluent_132,0.030670166015625,0.10723876953125,0.028167724609375,0.12841796875,0.58203125
2378,M_1100_28y0m_1_fluent_133,0.0163421630859375,0.06671142578125,0.00841522216796875,0.0169219970703125,0.058990478515625
2379,M_1100_28y0m_1_fluent_134,0.0199432373046875,0.09075927734375,0.039703369140625,0.86962890625,0.204345703125
2380,M_1100_28y0m_1_fluent_135,0.0232391357421875,0.2034912109375,0.2001953125,0.51708984375,0.10015869140625
2381,M_1100_28y0m_1_fluent_136,0.552734375,0.1807861328125,0.052703857421875,0.0173797607421875,0.34130859375
2382,M_1100_28y0m_1_fluent_137,0.02838134765625,0.296630859375,0.132080078125,0.020721435546875,0.0504150390625
2383,M_1100_28y0m_1_fluent_138,0.03875732421875,0.097412109375,0.01358795166015625,0.011505126953125,0.0552978515625
2384,M_1100_28y0m_1_fluent_139,0.0164031982421875,0.128173828125,0.0302734375,0.028656005859375,0.09234619140625
2385,M_1100_28y0m_1_fluent_140,0.01473236083984375,0.1246337890625,0.038330078125,0.0616455078125,0.1697998046875
2386,M_1100_28y0m_1_fluent_141,0.0201416015625,0.31005859375,0.32470703125,0.10394287109375,0.07464599609375
2387,M_1100_28y0m_1_fluent_142,0.0218658447265625,0.0885009765625,0.040679931640625,0.88818359375,0.11279296875
2388,M_1100_28y0m_1_fluent_143,0.021240234375,0.12445068359375,0.019866943359375,0.01146697998046875,0.04345703125
2389,M_1100_28y0m_1_fluent_144,0.0216217041015625,0.10394287109375,0.056854248046875,0.87353515625,0.23828125
2390,M_1100_28y0m_1_fluent_145,0.0218658447265625,0.09967041015625,0.050323486328125,0.87548828125,0.1859130859375
2391,M_1100_28y0m_1_fluent_146,0.03607177734375,0.11676025390625,0.029205322265625,0.042572021484375,0.55908203125
2392,M_1100_28y0m_1_fluent_147,0.063720703125,0.2420654296875,0.0416259765625,0.0223236083984375,0.04620361328125
2393,M_1100_28y0m_1_fluent_148,0.0323486328125,0.129638671875,0.0156707763671875,0.00881195068359375,0.07275390625
2394,M_1100_28y0m_1_fluent_149,0.0234222412109375,0.1695556640625,0.04327392578125,0.0266571044921875,0.0740966796875
2395,M_1100_28y0m_1_fluent_150,0.0229339599609375,0.077392578125,0.0095977783203125,0.0104522705078125,0.05450439453125
2396,M_1100_28y0m_1_fluent_151,0.04107666015625,0.11993408203125,0.01363372802734375,0.00926971435546875,0.01507568359375
2397,M_1100_28y0m_1_fluent_152,0.052703857421875,0.353759765625,0.5751953125,0.47119140625,0.1435546875
2398,M_1100_28y0m_1_fluent_153,0.10174560546875,0.31787109375,0.2208251953125,0.0341796875,0.199951171875
2399,M_1100_28y0m_1_fluent_154,0.0213623046875,0.10467529296875,0.017181396484375,0.0136871337890625,0.072509765625
2400,M_1100_28y0m_1_fluent_155,0.017181396484375,0.0816650390625,0.01473236083984375,0.049957275390625,0.05706787109375
2401,M_1100_28y0m_1_fluent_156,0.0234222412109375,0.092529296875,0.01146697998046875,0.009124755859375,0.0299835205078125
2402,M_1100_28y0m_1_fluent_157,0.1104736328125,0.0889892578125,0.0179901123046875,0.0391845703125,0.7802734375
2403,M_1100_28y0m_1_fluent_158,0.024932861328125,0.080078125,0.00916290283203125,0.011871337890625,0.0235595703125
2404,M_1100_28y0m_1_fluent_159,0.01678466796875,0.11676025390625,0.019561767578125,0.018402099609375,0.0219879150390625
2405,M_1100_28y0m_1_fluent_160,0.04376220703125,0.1663818359375,0.048858642578125,0.0154266357421875,0.282470703125
2406,M_1100_28y0m_1_fluent_161,0.022247314453125,0.08123779296875,0.0102081298828125,0.0194549560546875,0.031982421875
2407,M_1100_28y0m_1_fluent_162,0.07861328125,0.07330322265625,0.00867462158203125,0.01029205322265625,0.125244140625
2408,M_1100_28y0m_1_fluent_163,0.0379638671875,0.1959228515625,0.049041748046875,0.016021728515625,0.1048583984375
2409,M_1100_28y0m_1_fluent_164,0.045684814453125,0.12451171875,0.0170440673828125,0.00626373291015625,0.10052490234375
2410,M_1100_28y0m_1_fluent_165,0.1798095703125,0.1048583984375,0.024932861328125,0.0300445556640625,0.86767578125
2411,M_1100_28y0m_1_fluent_166,0.011962890625,0.178955078125,0.1007080078125,0.254638671875,0.1171875
2412,M_1100_28y0m_1_fluent_167,0.0212860107421875,0.138427734375,0.0276947021484375,0.035888671875,0.0164642333984375
2413,M_1100_28y0m_1_fluent_168,0.021942138671875,0.06890869140625,0.0082550048828125,0.012725830078125,0.03125
2414,M_1100_28y0m_1_fluent_169,0.027374267578125,0.172607421875,0.033843994140625,0.01233673095703125,0.042724609375
2415,M_1100_28y0m_1_fluent_170,0.0222015380859375,0.095703125,0.05242919921875,0.89599609375,0.1878662109375
2416,M_1100_28y0m_1_fluent_171,0.060211181640625,0.1395263671875,0.0206451416015625,0.0162811279296875,0.324951171875
2417,M_1100_28y0m_1_fluent_172,0.019378662109375,0.08154296875,0.01312255859375,0.0247039794921875,0.05291748046875
2418,M_1100_28y0m_1_fluent_173,0.01934814453125,0.11932373046875,0.0299224853515625,0.061767578125,0.041839599609375
2419,M_1100_28y0m_1_fluent_174,0.0167236328125,0.1893310546875,0.100341796875,0.08831787109375,0.02288818359375
2420,M_1100_28y0m_1_fluent_175,0.05340576171875,0.1270751953125,0.0252685546875,0.0188751220703125,0.476318359375
2421,M_1100_28y0m_1_fluent_176,0.024566650390625,0.0938720703125,0.0210113525390625,0.07781982421875,0.09600830078125
2422,M_1100_28y0m_1_fluent_177,0.0504150390625,0.1474609375,0.0235595703125,0.0058441162109375,0.0379638671875
2423,M_1100_28y0m_1_fluent_178,0.049591064453125,0.07989501953125,0.00945281982421875,0.007122039794921875,0.1400146484375
2424,M_1100_28y0m_1_fluent_179,0.03448486328125,0.162109375,0.027801513671875,0.0154876708984375,0.020599365234375
2425,M_1100_28y0m_1_fluent_180,0.0210113525390625,0.07684326171875,0.0100555419921875,0.0121917724609375,0.05877685546875
2426,M_1100_28y0m_1_fluent_181,0.025421142578125,0.11181640625,0.01495361328125,0.0135345458984375,0.020721435546875
2427,M_1100_28y0m_1_fluent_182,0.0257110595703125,0.15673828125,0.0309600830078125,0.018798828125,0.023468017578125
2428,M_1100_28y0m_1_fluent_183,0.251708984375,0.1087646484375,0.014556884765625,0.00844573974609375,0.02337646484375
2429,M_1100_28y0m_1_fluent_184,0.019500732421875,0.0850830078125,0.03802490234375,0.8564453125,0.1693115234375
2430,M_1100_28y0m_1_fluent_185,0.055938720703125,0.193603515625,0.0552978515625,0.0184783935546875,0.058135986328125
2431,M_1100_28y0m_1_fluent_186,0.10394287109375,0.1370849609375,0.0185089111328125,0.007724761962890625,0.046478271484375
2432,M_1100_28y0m_1_fluent_187,0.0239105224609375,0.1236572265625,0.0171051025390625,0.01473236083984375,0.01322174072265625
2433,M_1100_28y0m_1_fluent_188,0.0304412841796875,0.1707763671875,0.0282135009765625,0.01009368896484375,0.0203704833984375
2434,M_1100_28y0m_1_fluent_189,0.0740966796875,0.070068359375,0.0069580078125,0.01056671142578125,0.086181640625
2435,M_1100_28y0m_1_fluent_190,0.02001953125,0.07489013671875,0.0089874267578125,0.0174407958984375,0.09136962890625
2436,M_1100_28y0m_1_fluent_191,0.0255584716796875,0.1236572265625,0.0203399658203125,0.0231475830078125,0.09271240234375
2437,M_1100_28y0m_1_fluent_192,0.0279541015625,0.0838623046875,0.0206451416015625,0.321533203125,0.53369140625
2438,M_1100_28y0m_1_fluent_193,0.02386474609375,0.06622314453125,0.0083465576171875,0.0242767333984375,0.3525390625
2439,M_1100_28y0m_1_fluent_194,0.02069091796875,0.08709716796875,0.0169219970703125,0.05145263671875,0.263916015625
2440,M_1100_28y0m_1_fluent_195,0.0216217041015625,0.177978515625,0.049224853515625,0.01363372802734375,0.07708740234375
2441,M_1100_28y0m_1_fluent_196,0.0173797607421875,0.1424560546875,0.03155517578125,0.03155517578125,0.029083251953125
2442,M_1100_28y0m_1_fluent_197,0.035491943359375,0.301513671875,0.1630859375,0.020599365234375,0.028106689453125
2443,M_1100_28y0m_1_fluent_198,0.041473388671875,0.1026611328125,0.042327880859375,0.84326171875,0.201171875
2444,M_1100_28y0m_1_fluent_199,0.33984375,0.183837890625,0.040313720703125,0.035614013671875,0.78173828125
2445,M_1100_28y0m_1_fluent_200,0.0230712890625,0.07421875,0.009124755859375,0.0115966796875,0.04876708984375
2446,M_1100_28y0m_1_fluent_201,0.0266571044921875,0.1710205078125,0.041778564453125,0.02655029296875,0.0282745361328125
2447,M_1100_28y0m_1_fluent_202,0.0184783935546875,0.251953125,0.1279296875,0.03289794921875,0.0299224853515625
2448,M_1100_28y0m_1_fluent_203,0.02423095703125,0.1279296875,0.0293121337890625,0.0299835205078125,0.1070556640625
2449,M_1100_28y0m_1_fluent_204,0.0214080810546875,0.25634765625,0.107421875,0.0289764404296875,0.05511474609375
2450,M_1100_28y0m_1_fluent_205,0.043121337890625,0.08660888671875,0.011199951171875,0.006511688232421875,0.1285400390625
2451,M_1100_28y0m_1_fluent_206,0.0153656005859375,0.093994140625,0.0141143798828125,0.01751708984375,0.0369873046875
2452,M_1100_28y0m_1_fluent_207,0.0243377685546875,0.330810546875,0.372802734375,0.0850830078125,0.06488037109375
2453,M_1100_28y0m_1_fluent_208,0.1744384765625,0.1365966796875,0.0164642333984375,0.00787353515625,0.042877197265625
2454,M_1100_28y0m_1_fluent_209,0.0268096923828125,0.149169921875,0.0253753662109375,0.0163421630859375,0.018646240234375
2455,M_1100_28y0m_1_fluent_210,0.024383544921875,0.09332275390625,0.01177978515625,0.021942138671875,0.054107666015625
2456,M_1100_28y0m_1_fluent_211,0.043365478515625,0.1434326171875,0.025177001953125,0.021209716796875,0.46435546875
2457,M_1100_28y0m_1_fluent_212,0.035736083984375,0.145751953125,0.023101806640625,0.00933837890625,0.02044677734375
2458,M_1100_28y0m_1_fluent_213,0.0180511474609375,0.21337890625,0.20849609375,0.0836181640625,0.23388671875
2459,M_1100_28y0m_1_fluent_214,0.0248870849609375,0.093505859375,0.0120086669921875,0.01306915283203125,0.0240936279296875
2460,M_1100_28y0m_1_fluent_215,0.126220703125,0.1424560546875,0.0165863037109375,0.0083465576171875,0.022979736328125
2461,M_1100_28y0m_1_fluent_216,0.020599365234375,0.2060546875,0.07720947265625,0.029541015625,0.083740234375
2462,M_1100_28y0m_1_fluent_217,0.033538818359375,0.320068359375,0.466796875,0.326171875,0.1318359375
2463,M_1100_28y0m_1_fluent_218,0.053985595703125,0.1988525390625,0.0325927734375,0.01287078857421875,0.0163421630859375
2464,M_1100_28y0m_1_fluent_219,0.040313720703125,0.320068359375,0.1639404296875,0.0171051025390625,0.062103271484375
2465,M_1100_28y0m_1_fluent_220,0.02001953125,0.07080078125,0.008514404296875,0.019195556640625,0.02947998046875
2466,M_1100_28y0m_1_fluent_221,0.033966064453125,0.35400390625,0.52783203125,0.197021484375,0.1644287109375
2467,M_1100_28y0m_1_fluent_222,0.046905517578125,0.386474609375,0.335205078125,0.05450439453125,0.038177490234375
2468,M_1100_28y0m_1_fluent_223,0.0211181640625,0.106689453125,0.01898193359375,0.035064697265625,0.0268096923828125
2469,M_1100_28y0m_1_fluent_224,0.01483917236328125,0.1239013671875,0.0215301513671875,0.02069091796875,0.0268096923828125
2470,M_1100_28y0m_1_fluent_225,0.0273284912109375,0.08404541015625,0.012969970703125,0.0199432373046875,0.060302734375
2471,M_1100_28y0m_1_fluent_226,0.0236968994140625,0.07720947265625,0.00916290283203125,0.0276336669921875,0.0300445556640625
2472,M_1100_28y0m_1_fluent_227,0.03143310546875,0.1422119140625,0.044525146484375,0.03521728515625,0.0615234375
2473,M_1100_28y0m_1_fluent_228,0.01495361328125,0.0751953125,0.0256195068359375,0.802734375,0.160888671875
2474,M_1100_28y0m_1_fluent_229,0.038970947265625,0.0762939453125,0.01129150390625,0.03594970703125,0.43017578125
2475,M_1100_28y0m_1_fluent_230,0.025665283203125,0.1361083984375,0.027069091796875,0.0185394287109375,0.03192138671875
2476,M_1100_28y0m_1_fluent_231,0.052825927734375,0.176513671875,0.2132568359375,0.8466796875,0.1531982421875
2477,M_1100_28y0m_1_fluent_232,0.0311431884765625,0.11199951171875,0.0184326171875,0.0174407958984375,0.05560302734375
2478,M_1100_28y0m_1_fluent_233,0.1942138671875,0.093505859375,0.0119171142578125,0.013275146484375,0.3134765625
2479,M_1100_28y0m_1_fluent_234,0.015960693359375,0.153564453125,0.06585693359375,0.15185546875,0.023193359375
2480,M_1100_28y0m_1_fluent_235,0.0261077880859375,0.0762939453125,0.008514404296875,0.01085662841796875,0.023773193359375
2481,M_1100_28y0m_1_fluent_236,0.0197601318359375,0.09173583984375,0.015777587890625,0.0299835205078125,0.058441162109375
2482,M_1100_28y0m_1_fluent_237,0.0196380615234375,0.09515380859375,0.0164031982421875,0.032470703125,0.0282135009765625
2483,M_1100_28y0m_1_fluent_238,0.048309326171875,0.1683349609375,0.019500732421875,0.007518768310546875,0.017852783203125
2484,M_1100_28y0m_1_fluent_239,0.040252685546875,0.1297607421875,0.022979736328125,0.00908660888671875,0.04486083984375
2485,M_1100_28y0m_1_fluent_240,0.036163330078125,0.1131591796875,0.042388916015625,0.71044921875,0.50146484375
2486,M_1100_28y0m_1_fluent_241,0.02655029296875,0.094482421875,0.0217437744140625,0.2391357421875,0.08526611328125
2487,M_1100_28y0m_1_fluent_242,0.01934814453125,0.1392822265625,0.021820068359375,0.0188751220703125,0.045257568359375
2488,M_1100_28y0m_1_fluent_243,0.03326416015625,0.118408203125,0.019195556640625,0.01090240478515625,0.03753662109375
2489,M_1100_28y0m_1_fluent_244,0.04046630859375,0.1365966796875,0.021087646484375,0.007724761962890625,0.0616455078125
2490,M_1100_28y0m_1_fluent_245,0.034088134765625,0.080810546875,0.00878143310546875,0.00933837890625,0.0272674560546875
2491,M_1100_28y0m_1_fluent_246,0.015960693359375,0.1279296875,0.02069091796875,0.0200958251953125,0.02386474609375
2492,M_1100_28y0m_1_fluent_247,0.030792236328125,0.11798095703125,0.015716552734375,0.0135345458984375,0.0301513671875
2493,M_1100_28y0m_1_fluent_248,0.020843505859375,0.1104736328125,0.0193023681640625,0.0171051025390625,0.0364990234375
2494,M_1100_28y0m_1_fluent_249,0.01560211181640625,0.178466796875,0.10894775390625,0.18115234375,0.0311431884765625
2495,M_1100_28y0m_1_fluent_250,0.015960693359375,0.12420654296875,0.0216522216796875,0.03021240234375,0.034881591796875
2496,M_1100_28y0m_1_fluent_251,0.0810546875,0.1776123046875,0.1746826171875,0.8203125,0.1663818359375
2497,M_1100_28y0m_1_fluent_252,0.020416259765625,0.11029052734375,0.01812744140625,0.0230712890625,0.0167236328125
2498,M_1100_28y0m_1_fluent_253,0.0185089111328125,0.180419921875,0.0816650390625,0.060302734375,0.09912109375
2499,M_1100_28y0m_1_fluent_254,0.020965576171875,0.075439453125,0.00908660888671875,0.01312255859375,0.0294189453125
2500,M_1100_28y0m_1_fluent_255,0.03302001953125,0.07708740234375,0.0156707763671875,0.037261962890625,0.476318359375
2501,M_1100_28y0m_1_fluent_256,0.0202484130859375,0.1019287109375,0.0299224853515625,0.1617431640625,0.047943115234375
2502,M_1100_28y0m_1_fluent_257,0.02276611328125,0.1705322265625,0.0312042236328125,0.0125274658203125,0.026458740234375
2503,M_1100_28y0m_1_fluent_258,0.033966064453125,0.153564453125,0.0246124267578125,0.014007568359375,0.01302337646484375
2504,M_1100_28y0m_1_fluent_259,0.05645751953125,0.2142333984375,0.08465576171875,0.046630859375,0.63232421875
2505,M_1100_28y0m_1_fluent_260,0.171875,0.080810546875,0.0131683349609375,0.0245208740234375,0.580078125
2506,M_1100_28y0m_1_fluent_261,0.0341796875,0.11260986328125,0.01282501220703125,0.0141754150390625,0.0235137939453125
2507,M_1100_28y0m_1_fluent_262,0.05889892578125,0.279052734375,0.0634765625,0.0147857666015625,0.0290374755859375
2508,M_1100_28y0m_1_fluent_263,0.03460693359375,0.13427734375,0.017303466796875,0.0199432373046875,0.0299835205078125
2509,M_1100_28y0m_1_fluent_264,0.033660888671875,0.29248046875,0.1435546875,0.0156707763671875,0.06982421875
2510,M_1100_28y0m_1_fluent_265,0.0225067138671875,0.300048828125,0.218017578125,0.06268310546875,0.042388916015625
2511,M_1100_28y0m_1_fluent_266,0.0210418701171875,0.1019287109375,0.0209197998046875,0.0310821533203125,0.275390625
2512,M_1100_28y0m_1_fluent_267,0.04052734375,0.38916015625,0.59326171875,0.188720703125,0.10467529296875
2513,M_1100_28y0m_1_fluent_268,0.0192413330078125,0.12322998046875,0.0233306884765625,0.0125732421875,0.036895751953125
2514,M_1100_28y0m_1_fluent_269,0.0223236083984375,0.07305908203125,0.00930023193359375,0.0127716064453125,0.0309600830078125
2515,M_1100_28y0m_1_fluent_270,0.0169219970703125,0.09027099609375,0.03662109375,0.83349609375,0.1246337890625
2516,M_1100_28y0m_1_fluent_271,0.273193359375,0.1904296875,0.05572509765625,0.0217437744140625,0.33154296875
2517,M_1100_28y0m_1_fluent_272,0.061187744140625,0.08868408203125,0.024139404296875,0.284912109375,0.07501220703125
2518,M_1100_28y0m_1_fluent_273,0.1649169921875,0.1121826171875,0.0283355712890625,0.036834716796875,0.892578125
2519,M_1100_28y0m_1_fluent_274,0.01812744140625,0.08251953125,0.01322174072265625,0.0309600830078125,0.14306640625
2520,M_1100_28y0m_1_fluent_275,0.1376953125,0.177490234375,0.028167724609375,0.01142120361328125,0.06951904296875
2521,M_1100_28y0m_1_fluent_276,0.034820556640625,0.08477783203125,0.0180511474609375,0.03240966796875,0.29931640625
2522,M_1100_28y0m_1_fluent_277,0.0251312255859375,0.153564453125,0.053985595703125,0.080810546875,0.017242431640625
2523,M_1100_28y0m_1_fluent_278,0.024383544921875,0.10211181640625,0.0141754150390625,0.01061248779296875,0.020599365234375
2524,M_1100_28y0m_1_fluent_279,0.0215301513671875,0.102294921875,0.0141754150390625,0.0194549560546875,0.042083740234375
2525,M_1100_28y0m_1_fluent_280,0.01450347900390625,0.2237548828125,0.14013671875,0.0723876953125,0.059112548828125
2526,M_1100_28y0m_1_fluent_281,0.0279541015625,0.072265625,0.01473236083984375,0.271240234375,0.3486328125
2527,M_1100_28y0m_1_fluent_282,0.0241851806640625,0.07989501953125,0.011688232421875,0.020965576171875,0.0552978515625
2528,M_1100_28y0m_1_fluent_283,0.02508544921875,0.18212890625,0.043365478515625,0.022979736328125,0.08050537109375
2529,M_1100_28y0m_1_fluent_284,0.640625,0.15087890625,0.03125,0.00955963134765625,0.057281494140625
2530,M_1100_28y0m_1_fluent_285,0.01812744140625,0.127197265625,0.02386474609375,0.017181396484375,0.0531005859375
2531,M_1100_28y0m_1_fluent_286,0.0147857666015625,0.0743408203125,0.0230255126953125,0.71875,0.1829833984375
2532,M_1100_28y0m_1_fluent_287,0.0218658447265625,0.094482421875,0.01142120361328125,0.013427734375,0.0174407958984375
2533,M_1100_28y0m_1_fluent_288,0.0136871337890625,0.0953369140625,0.018096923828125,0.06646728515625,0.060211181640625
2534,M_1100_28y0m_1_fluent_289,0.0171051025390625,0.06805419921875,0.0079345703125,0.01837158203125,0.091552734375
2535,M_1100_28y0m_1_fluent_290,0.34326171875,0.0965576171875,0.01812744140625,0.0192718505859375,0.5419921875
2536,M_1100_28y0m_1_fluent_291,0.026702880859375,0.165283203125,0.08209228515625,0.09332275390625,0.29150390625
2537,M_1100_28y0m_1_fluent_292,0.024658203125,0.2398681640625,0.10125732421875,0.024749755859375,0.0280609130859375
2538,M_1100_28y0m_1_fluent_293,0.01971435546875,0.08740234375,0.022796630859375,0.220458984375,0.1925048828125
2539,M_1100_28y0m_1_fluent_294,0.021087646484375,0.142822265625,0.037109375,0.0276947021484375,0.09173583984375
2540,M_1100_28y0m_1_fluent_295,0.0352783203125,0.1639404296875,0.05145263671875,0.040252685546875,0.5517578125
2541,M_1100_28y0m_1_fluent_296,0.0297088623046875,0.070068359375,0.01016998291015625,0.04083251953125,0.38623046875
2542,M_1100_28y0m_1_fluent_297,0.06304931640625,0.078369140625,0.01111602783203125,0.035400390625,0.048126220703125
2543,M_1100_28y0m_1_fluent_298,0.0185089111328125,0.093017578125,0.01242828369140625,0.01450347900390625,0.030670166015625
2544,M_1100_28y0m_1_fluent_299,0.021240234375,0.2386474609375,0.148681640625,0.09124755859375,0.029876708984375
2545,M_1100_28y0m_1_fluent_300,0.036285400390625,0.14013671875,0.126953125,0.89404296875,0.1558837890625
2546,M_1100_28y0m_1_fluent_301,0.0135345458984375,0.10247802734375,0.01512908935546875,0.026702880859375,0.07977294921875
2547,M_1100_28y0m_1_fluent_302,0.0205230712890625,0.10760498046875,0.06085205078125,0.89404296875,0.140869140625
2548,M_1100_28y0m_1_fluent_303,0.042022705078125,0.08978271484375,0.011505126953125,0.006641387939453125,0.10760498046875
2549,M_1100_28y0m_1_fluent_304,0.01525115966796875,0.1260986328125,0.0271759033203125,0.02801513671875,0.03216552734375
2550,M_1100_28y0m_1_fluent_305,0.029541015625,0.08831787109375,0.01229095458984375,0.012969970703125,0.038238525390625
2551,M_1100_28y0m_1_fluent_306,0.017242431640625,0.12066650390625,0.039276123046875,0.10504150390625,0.0726318359375
2552,M_1100_28y0m_1_fluent_307,0.0164031982421875,0.1829833984375,0.059326171875,0.017913818359375,0.0782470703125
2553,M_1100_28y0m_1_fluent_308,0.0268096923828125,0.182861328125,0.02838134765625,0.008880615234375,0.024383544921875
2554,M_1100_28y0m_1_fluent_309,0.01238250732421875,0.09893798828125,0.020843505859375,0.0460205078125,0.1363525390625
2555,M_1100_28y0m_1_fluent_310,0.036895751953125,0.1265869140625,0.02069091796875,0.00669097900390625,0.0330810546875
2556,M_1100_28y0m_1_fluent_311,0.01384735107421875,0.228271484375,0.12274169921875,0.047607421875,0.040679931640625
2557,M_1100_28y0m_1_fluent_312,0.0202178955078125,0.08050537109375,0.01085662841796875,0.02880859375,0.041839599609375
2558,M_1100_28y0m_1_fluent_313,0.025909423828125,0.170654296875,0.0276947021484375,0.01016998291015625,0.0266571044921875
2559,M_1100_28y0m_1_fluent_314,0.05059814453125,0.16845703125,0.09332275390625,0.38916015625,0.7119140625
2560,M_1100_28y0m_1_fluent_315,0.022796630859375,0.11578369140625,0.0219879150390625,0.0369873046875,0.0141754150390625
2561,M_1100_28y0m_1_fluent_316,0.0297088623046875,0.07305908203125,0.00787353515625,0.0154876708984375,0.0260009765625
2562,M_1100_28y0m_1_fluent_317,0.0271148681640625,0.09368896484375,0.0185394287109375,0.0276336669921875,0.2452392578125
2563,M_1100_28y0m_1_fluent_318,0.01751708984375,0.09271240234375,0.01238250732421875,0.01282501220703125,0.034759521484375
2564,M_1100_28y0m_1_fluent_319,0.021942138671875,0.20263671875,0.045196533203125,0.01560211181640625,0.0295867919921875
2565,M_1100_28y0m_1_fluent_320,0.04534912109375,0.267333984375,0.1500244140625,0.02838134765625,0.089111328125
2566,M_1100_28y0m_1_fluent_321,0.0260009765625,0.08197021484375,0.00963592529296875,0.01137542724609375,0.0227203369140625
2567,M_1100_28y0m_1_fluent_322,0.0225067138671875,0.091552734375,0.0115966796875,0.0173797607421875,0.0226287841796875
2568,M_1100_28y0m_1_fluent_323,0.030914306640625,0.1187744140625,0.0255126953125,0.02337646484375,0.25830078125
2569,M_1100_28y0m_1_fluent_324,0.0164031982421875,0.1666259765625,0.1617431640625,0.52197265625,0.06658935546875
2570,M_1100_28y0m_1_fluent_325,0.01384735107421875,0.1026611328125,0.029754638671875,0.1298828125,0.04779052734375
2571,M_1100_28y0m_1_fluent_326,0.0259552001953125,0.07122802734375,0.00803375244140625,0.0143890380859375,0.06475830078125
2572,M_1100_28y0m_1_fluent_327,0.029815673828125,0.16015625,0.021240234375,0.00800323486328125,0.0223236083984375
2573,M_1100_28y0m_1_fluent_328,0.0165863037109375,0.06768798828125,0.0095977783203125,0.051849365234375,0.048858642578125
2574,M_1100_28y0m_1_fluent_329,0.018798828125,0.1015625,0.0192413330078125,0.0273284912109375,0.1094970703125
2575,M_1100_28y0m_1_fluent_330,0.0174407958984375,0.12054443359375,0.057373046875,0.75927734375,0.1561279296875
2576,M_1100_28y0m_1_fluent_331,0.0117340087890625,0.07305908203125,0.017578125,0.364990234375,0.341796875
2577,M_1100_28y0m_1_fluent_332,0.05877685546875,0.0982666015625,0.0116424560546875,0.010528564453125,0.04534912109375
2578,M_1100_28y0m_1_fluent_333,0.057281494140625,0.0830078125,0.012725830078125,0.01678466796875,0.337890625
2579,M_1100_28y0m_1_fluent_334,0.10760498046875,0.11474609375,0.018798828125,0.01056671142578125,0.2802734375
2580,M_1100_28y0m_1_fluent_335,0.218994140625,0.2109375,0.052337646484375,0.01049041748046875,0.10302734375
2581,M_1100_28y0m_1_fluent_336,0.0282745361328125,0.11962890625,0.0217437744140625,0.0222930908203125,0.03155517578125
2582,M_1100_28y0m_1_fluent_337,0.0384521484375,0.1397705078125,0.017303466796875,0.0118255615234375,0.0161590576171875
2583,M_1100_28y0m_1_fluent_338,0.0177764892578125,0.09075927734375,0.012237548828125,0.01554107666015625,0.054901123046875
2584,M_1100_28y0m_1_fluent_339,0.01287078857421875,0.12347412109375,0.029083251953125,0.033782958984375,0.09124755859375
2585,M_1100_28y0m_1_fluent_340,0.04638671875,0.20263671875,0.03955078125,0.010406494140625,0.06939697265625
2586,M_1100_28y0m_1_fluent_341,0.07330322265625,0.402099609375,0.64892578125,0.4716796875,0.166259765625
2587,M_1100_28y0m_1_fluent_342,0.03302001953125,0.1531982421875,0.038543701171875,0.02801513671875,0.0182342529296875
2588,M_1100_28y0m_1_fluent_343,0.020416259765625,0.1190185546875,0.0213623046875,0.03240966796875,0.01519012451171875
2589,M_1100_28y0m_1_fluent_344,0.0169219970703125,0.1468505859375,0.08416748046875,0.6640625,0.186279296875
2590,M_1100_28y0m_1_fluent_345,0.02447509765625,0.0938720703125,0.04742431640625,0.90869140625,0.13427734375
2591,M_1100_28y0m_1_fluent_346,0.0225830078125,0.14111328125,0.0237274169921875,0.01554107666015625,0.0184326171875
2592,M_1100_28y0m_1_fluent_347,0.027587890625,0.0792236328125,0.0125274658203125,0.01861572265625,0.228271484375
2593,M_1100_28y0m_1_fluent_348,0.0165863037109375,0.06488037109375,0.008575439453125,0.0241851806640625,0.06280517578125
2594,M_1100_28y0m_1_fluent_349,0.010406494140625,0.142333984375,0.0638427734375,0.1988525390625,0.151123046875
2595,M_1100_28y0m_1_fluent_350,0.0266571044921875,0.07183837890625,0.0180511474609375,0.37890625,0.26806640625
2596,M_1100_28y0m_1_fluent_351,0.11553955078125,0.1953125,0.06549072265625,0.0171051025390625,0.34619140625
2597,M_1100_28y0m_1_fluent_352,0.04083251953125,0.260986328125,0.295654296875,0.379638671875,0.473388671875
2598,M_1100_28y0m_1_fluent_353,0.0141143798828125,0.0938720703125,0.029083251953125,0.70166015625,0.133056640625
2599,M_1100_28y0m_1_fluent_354,0.019683837890625,0.2176513671875,0.06097412109375,0.03314208984375,0.0164031982421875
2600,M_1100_28y0m_1_fluent_355,0.0217742919921875,0.08526611328125,0.01433563232421875,0.03179931640625,0.134033203125
2601,M_1100_28y0m_1_fluent_356,0.071044921875,0.24658203125,0.0496826171875,0.012237548828125,0.035064697265625
2602,M_1100_28y0m_1_fluent_357,0.036895751953125,0.18115234375,0.02801513671875,0.01322174072265625,0.11260986328125
2603,M_1100_28y0m_1_fluent_358,0.0223236083984375,0.224853515625,0.218017578125,0.2188720703125,0.267578125
2604,M_1100_28y0m_1_fluent_359,0.0236053466796875,0.0792236328125,0.00971221923828125,0.0129241943359375,0.0296478271484375
2605,M_1100_28y0m_1_fluent_360,0.017242431640625,0.204833984375,0.0850830078125,0.0782470703125,0.040618896484375
2606,M_1100_28y0m_1_fluent_361,0.015777587890625,0.09600830078125,0.01554107666015625,0.017578125,0.0352783203125
2607,M_1100_28y0m_1_fluent_362,0.01971435546875,0.120361328125,0.015899658203125,0.0142822265625,0.021240234375
2608,M_1100_28y0m_1_fluent_363,0.051544189453125,0.333251953125,0.55322265625,0.451416015625,0.122314453125
2609,M_1100_28y0m_1_fluent_364,0.0413818359375,0.267578125,0.287353515625,0.2078857421875,0.321533203125
2610,M_1100_28y0m_1_fluent_365,0.01837158203125,0.2410888671875,0.2117919921875,0.22607421875,0.1611328125
2611,M_1100_28y0m_1_fluent_366,0.0274810791015625,0.1187744140625,0.0162200927734375,0.015960693359375,0.03167724609375
2612,M_1100_28y0m_1_fluent_367,0.018402099609375,0.307373046875,0.356689453125,0.1422119140625,0.08282470703125
2613,M_1100_28y0m_1_fluent_368,0.01751708984375,0.10247802734375,0.0153045654296875,0.0215301513671875,0.0360107421875
2614,M_1100_28y0m_1_fluent_369,0.0257568359375,0.0704345703125,0.0087432861328125,0.01332855224609375,0.03875732421875
2615,M_1100_28y0m_1_fluent_370,0.0394287109375,0.22607421875,0.09600830078125,0.0240936279296875,0.070068359375
2616,M_1100_28y0m_1_fluent_371,0.023773193359375,0.07904052734375,0.011962890625,0.02423095703125,0.0765380859375
2617,M_1100_28y0m_1_fluent_372,0.25634765625,0.2322998046875,0.033721923828125,0.00763702392578125,0.047149658203125
2618,M_1100_28y0m_1_fluent_373,0.0187225341796875,0.1251220703125,0.0238189697265625,0.0272674560546875,0.018341064453125
2619,M_1100_28y0m_1_fluent_374,0.0191192626953125,0.08740234375,0.0131683349609375,0.04620361328125,0.036834716796875
2620,M_1100_28y0m_1_fluent_375,0.07196044921875,0.1319580078125,0.0160980224609375,0.0095977783203125,0.01953125
2621,M_1100_28y0m_1_fluent_376,0.42919921875,0.138916015625,0.03240966796875,0.0141143798828125,0.483154296875
2622,M_1100_28y0m_1_fluent_377,0.0182952880859375,0.1707763671875,0.041229248046875,0.0162811279296875,0.05126953125
2623,M_1100_28y0m_1_fluent_378,0.01322174072265625,0.10302734375,0.03033447265625,0.60546875,0.097900390625
2624,M_1100_28y0m_1_fluent_379,0.02532958984375,0.10089111328125,0.046539306640625,0.83349609375,0.12744140625
2625,M_1100_28y0m_1_fluent_380,0.024932861328125,0.095703125,0.0131683349609375,0.0164642333984375,0.0220794677734375
2626,M_1100_28y0m_1_fluent_381,0.0141143798828125,0.126220703125,0.044189453125,0.091064453125,0.06536865234375
2627,M_1100_28y0m_1_fluent_382,0.0318603515625,0.20166015625,0.07666015625,0.0262603759765625,0.1044921875
2628,M_1100_28y0m_1_fluent_383,0.044921875,0.11358642578125,0.0177764892578125,0.0220794677734375,0.30517578125
2629,M_1100_28y0m_1_fluent_384,0.035064697265625,0.2470703125,0.3056640625,0.5380859375,0.204833984375
2630,M_1100_28y0m_1_fluent_385,0.01177978515625,0.19580078125,0.11376953125,0.08819580078125,0.06268310546875
2631,M_1100_28y0m_1_fluent_386,0.0294189453125,0.232666015625,0.254150390625,0.525390625,0.086181640625
2632,M_1100_28y0m_1_fluent_387,0.043853759765625,0.11614990234375,0.0782470703125,0.890625,0.0987548828125
2633,M_1100_28y0m_1_fluent_388,0.34912109375,0.1474609375,0.024566650390625,0.00806427001953125,0.02752685546875
2634,M_1100_28y0m_1_fluent_389,0.037384033203125,0.12054443359375,0.017913818359375,0.00844573974609375,0.0252227783203125
2635,M_1100_28y0m_1_fluent_390,0.01395416259765625,0.128173828125,0.03594970703125,0.037689208984375,0.1441650390625
2636,M_1100_28y0m_1_fluent_391,0.01467132568359375,0.124755859375,0.028656005859375,0.04046630859375,0.049957275390625
2637,M_1100_28y0m_1_fluent_392,0.0268096923828125,0.1312255859375,0.02276611328125,0.0154876708984375,0.0582275390625
2638,M_1100_28y0m_1_fluent_393,0.017578125,0.0809326171875,0.009857177734375,0.01490020751953125,0.02606201171875
2639,M_1100_28y0m_1_fluent_394,0.309326171875,0.093994140625,0.0135345458984375,0.01107025146484375,0.1859130859375
2640,M_1100_28y0m_1_fluent_395,0.0164031982421875,0.25830078125,0.226318359375,0.0704345703125,0.08770751953125
2641,M_1100_28y0m_1_fluent_396,0.0310821533203125,0.09271240234375,0.0171051025390625,0.0305023193359375,0.583984375
2642,M_1100_28y0m_1_fluent_397,0.019195556640625,0.15771484375,0.035064697265625,0.02685546875,0.01837158203125
2643,M_1100_28y0m_1_fluent_398,0.044281005859375,0.07781982421875,0.00937652587890625,0.00809478759765625,0.1588134765625
2644,M_1100_28y0m_1_fluent_399,0.0219879150390625,0.092529296875,0.036285400390625,0.755859375,0.406005859375
2645,M_1100_28y0m_1_fluent_400,0.01763916015625,0.1326904296875,0.0290374755859375,0.035003662109375,0.07342529296875
2646,M_1100_28y0m_1_fluent_401,0.0222930908203125,0.097900390625,0.053192138671875,0.90576171875,0.12274169921875
2647,M_1100_28y0m_1_fluent_402,0.264892578125,0.11065673828125,0.0163421630859375,0.009521484375,0.025421142578125
2648,M_1100_28y0m_1_fluent_403,0.03289794921875,0.32275390625,0.327880859375,0.0728759765625,0.17333984375
2649,M_1100_28y0m_1_fluent_404,0.019866943359375,0.0855712890625,0.01078033447265625,0.0169830322265625,0.0207672119140625
2650,M_1100_28y0m_1_fluent_405,0.035888671875,0.08880615234375,0.0117340087890625,0.007038116455078125,0.04052734375
2651,M_1100_28y0m_1_fluent_406,0.0197601318359375,0.09722900390625,0.01395416259765625,0.029815673828125,0.02423095703125
2652,M_1100_28y0m_1_fluent_407,0.0325927734375,0.25048828125,0.1104736328125,0.023284912109375,0.09930419921875
2653,M_1100_28y0m_1_fluent_408,0.021209716796875,0.1346435546875,0.0279541015625,0.0162811279296875,0.0469970703125
2654,M_1100_28y0m_1_fluent_409,0.0231475830078125,0.07861328125,0.0119171142578125,0.0203399658203125,0.12274169921875
2655,M_1100_28y0m_1_fluent_410,0.0150146484375,0.078369140625,0.0284881591796875,0.79150390625,0.1842041015625
2656,M_1100_28y0m_1_fluent_411,0.05780029296875,0.06744384765625,0.00734710693359375,0.01090240478515625,0.1121826171875
2657,M_1100_28y0m_1_fluent_412,0.023773193359375,0.128173828125,0.0278472900390625,0.01384735107421875,0.09808349609375
2658,M_1100_28y0m_1_fluent_413,0.0303802490234375,0.1214599609375,0.0210418701171875,0.0097808837890625,0.0638427734375
2659,M_1100_28y0m_1_fluent_414,0.020172119140625,0.16943359375,0.0574951171875,0.06268310546875,0.0272674560546875
2660,M_1100_28y0m_1_fluent_415,0.6083984375,0.1470947265625,0.030853271484375,0.0103302001953125,0.048126220703125
2661,M_1100_28y0m_1_fluent_416,0.033660888671875,0.34765625,0.50830078125,0.264892578125,0.07598876953125
2662,M_1100_28y0m_1_fluent_417,0.0394287109375,0.196533203125,0.034088134765625,0.02203369140625,0.016845703125
2663,M_1100_28y0m_1_fluent_418,0.010528564453125,0.07891845703125,0.0207977294921875,0.439697265625,0.157470703125
2664,M_1100_28y0m_1_fluent_419,0.01519012451171875,0.183837890625,0.06463623046875,0.03521728515625,0.08465576171875
2665,M_1100_28y0m_1_fluent_420,0.03802490234375,0.2186279296875,0.06719970703125,0.011871337890625,0.11614990234375
2666,M_1101_35y0m_1_dysfluent_000,0.2269287109375,0.326171875,0.1593017578125,0.0229339599609375,0.0369873046875
2667,M_1101_35y0m_1_dysfluent_001,0.630859375,0.2333984375,0.060302734375,0.01322174072265625,0.041839599609375
2668,M_1101_35y0m_1_dysfluent_002,0.44970703125,0.33544921875,0.1531982421875,0.0169219970703125,0.173828125
2669,M_1101_35y0m_1_dysfluent_003,0.529296875,0.373779296875,0.157958984375,0.0153045654296875,0.06829833984375
2670,M_1101_35y0m_1_dysfluent_004,0.287353515625,0.2216796875,0.047698974609375,0.01061248779296875,0.01983642578125
2671,M_1101_35y0m_1_dysfluent_005,0.089111328125,0.168212890625,0.02606201171875,0.01337432861328125,0.0237274169921875
2672,M_1101_35y0m_1_dysfluent_006,0.5498046875,0.2060546875,0.0469970703125,0.01287078857421875,0.1597900390625
2673,M_1101_35y0m_1_dysfluent_007,0.0999755859375,0.1533203125,0.0271759033203125,0.0177154541015625,0.0169830322265625
2674,M_1101_35y0m_1_dysfluent_008,0.1492919921875,0.1588134765625,0.0295867919921875,0.0293731689453125,0.047607421875
2675,M_1101_35y0m_1_dysfluent_009,0.10540771484375,0.50146484375,0.76318359375,0.139892578125,0.1419677734375
2676,M_1101_35y0m_1_dysfluent_010,0.10540771484375,0.50146484375,0.76318359375,0.139892578125,0.1419677734375
2677,M_1101_35y0m_1_dysfluent_011,0.163818359375,0.54541015625,0.72509765625,0.178955078125,0.2078857421875
2678,M_1101_35y0m_1_dysfluent_012,0.11376953125,0.5263671875,0.70947265625,0.124755859375,0.1163330078125
2679,M_1101_35y0m_1_dysfluent_013,0.362060546875,0.188720703125,0.07989501953125,0.053009033203125,0.88330078125
2680,M_1101_35y0m_1_dysfluent_014,0.153564453125,0.242919921875,0.130126953125,0.1239013671875,0.88525390625
2681,M_1101_35y0m_1_dysfluent_015,0.383056640625,0.2286376953125,0.06964111328125,0.0174407958984375,0.337646484375
2682,M_1101_35y0m_1_dysfluent_016,0.1533203125,0.283447265625,0.2078857421875,0.35009765625,0.85986328125
2683,M_1101_35y0m_1_dysfluent_017,0.69140625,0.291748046875,0.08209228515625,0.01332855224609375,0.04351806640625
2684,M_1101_35y0m_1_dysfluent_018,0.744140625,0.21337890625,0.049774169921875,0.01554107666015625,0.061431884765625
2685,M_1101_35y0m_1_dysfluent_019,0.521484375,0.1201171875,0.0191650390625,0.00800323486328125,0.046539306640625
2686,M_1101_35y0m_1_dysfluent_020,0.4384765625,0.18505859375,0.036346435546875,0.00841522216796875,0.087890625
2687,M_1101_35y0m_1_dysfluent_021,0.208984375,0.1766357421875,0.044281005859375,0.01287078857421875,0.50390625
2688,M_1101_35y0m_1_dysfluent_022,0.09234619140625,0.12744140625,0.0243377685546875,0.0160980224609375,0.5869140625
2689,M_1101_35y0m_1_dysfluent_023,0.1553955078125,0.19189453125,0.04351806640625,0.00787353515625,0.05389404296875
2690,M_1101_35y0m_1_dysfluent_024,0.0139007568359375,0.0948486328125,0.0223236083984375,0.1329345703125,0.0843505859375
2691,M_1101_35y0m_1_dysfluent_025,0.03839111328125,0.12890625,0.01483917236328125,0.01666259765625,0.0831298828125
2692,M_1101_35y0m_1_dysfluent_026,0.019500732421875,0.254150390625,0.09124755859375,0.03033447265625,0.07476806640625
2693,M_1101_35y0m_1_dysfluent_027,0.259521484375,0.44482421875,0.398681640625,0.132568359375,0.0633544921875
2694,M_1101_35y0m_1_dysfluent_028,0.2020263671875,0.45654296875,0.5244140625,0.2509765625,0.097900390625
2695,M_1101_35y0m_1_dysfluent_029,0.141845703125,0.401611328125,0.35791015625,0.27392578125,0.09088134765625
2696,M_1101_35y0m_1_dysfluent_030,0.036895751953125,0.370849609375,0.411865234375,0.307861328125,0.08404541015625
2697,M_1101_35y0m_1_dysfluent_031,0.0271148681640625,0.1014404296875,0.0117340087890625,0.0136871337890625,0.033477783203125
2698,M_1101_35y0m_1_dysfluent_032,0.03289794921875,0.1380615234375,0.01678466796875,0.0102081298828125,0.020721435546875
2699,M_1101_35y0m_1_dysfluent_033,0.279541015625,0.173828125,0.0299224853515625,0.00714874267578125,0.0240020751953125
2700,M_1101_35y0m_1_dysfluent_034,0.255126953125,0.3125,0.07586669921875,0.0089874267578125,0.017852783203125
2701,M_1101_35y0m_1_dysfluent_035,0.392333984375,0.33642578125,0.0999755859375,0.0164031982421875,0.037261962890625
2702,M_1101_35y0m_1_dysfluent_036,0.1805419921875,0.2149658203125,0.03326416015625,0.007724761962890625,0.0258636474609375
2703,M_1101_35y0m_1_dysfluent_037,0.04779052734375,0.26123046875,0.05975341796875,0.0135345458984375,0.045867919921875
2704,M_1101_35y0m_1_dysfluent_038,0.09466552734375,0.31982421875,0.07989501953125,0.0082550048828125,0.0239105224609375
2705,M_1101_35y0m_1_dysfluent_039,0.58203125,0.1995849609375,0.041473388671875,0.0099334716796875,0.0293731689453125
2706,M_1101_35y0m_1_dysfluent_040,0.45068359375,0.201171875,0.038543701171875,0.007785797119140625,0.021820068359375
2707,M_1101_35y0m_1_dysfluent_041,0.042633056640625,0.1331787109375,0.02001953125,0.00989532470703125,0.038330078125
2708,M_1101_35y0m_1_dysfluent_042,0.294189453125,0.1358642578125,0.0276336669921875,0.01422882080078125,0.353759765625
2709,M_1101_35y0m_1_dysfluent_043,0.716796875,0.333251953125,0.160888671875,0.060089111328125,0.46826171875
2710,M_1101_35y0m_1_dysfluent_044,0.06927490234375,0.097900390625,0.0141143798828125,0.03460693359375,0.5390625
2711,M_1101_35y0m_1_dysfluent_045,0.08868408203125,0.106689453125,0.0196380615234375,0.0297088623046875,0.80712890625
2712,M_1101_35y0m_1_dysfluent_046,0.1380615234375,0.11376953125,0.016021728515625,0.007755279541015625,0.18701171875
2713,M_1101_35y0m_1_dysfluent_047,0.60546875,0.34765625,0.1734619140625,0.038177490234375,0.3876953125
2714,M_1101_35y0m_1_dysfluent_048,0.5107421875,0.47265625,0.392333984375,0.06890869140625,0.359130859375
2715,M_1101_35y0m_1_dysfluent_049,0.58544921875,0.43603515625,0.327880859375,0.059539794921875,0.303955078125
2716,M_1101_35y0m_1_dysfluent_050,0.36083984375,0.3671875,0.23876953125,0.089111328125,0.76806640625
2717,M_1101_35y0m_1_dysfluent_051,0.36083984375,0.3671875,0.23876953125,0.089111328125,0.76806640625
2718,M_1101_35y0m_1_dysfluent_052,0.09173583984375,0.1334228515625,0.019866943359375,0.0097808837890625,0.0202484130859375
2719,M_1101_35y0m_1_dysfluent_053,0.2802734375,0.439697265625,0.26806640625,0.0189361572265625,0.03173828125
2720,M_1101_35y0m_1_dysfluent_054,0.298583984375,0.4130859375,0.1922607421875,0.0121917724609375,0.02056884765625
2721,M_1101_35y0m_1_dysfluent_055,0.377685546875,0.3935546875,0.240478515625,0.0282135009765625,0.348876953125
2722,M_1101_35y0m_1_dysfluent_056,0.037261962890625,0.0999755859375,0.0125732421875,0.0194244384765625,0.39599609375
2723,M_1101_35y0m_1_dysfluent_057,0.0728759765625,0.1177978515625,0.01861572265625,0.04840087890625,0.68408203125
2724,M_1101_35y0m_1_dysfluent_058,0.072509765625,0.12347412109375,0.0225830078125,0.051177978515625,0.748046875
2725,M_1101_35y0m_1_dysfluent_059,0.07879638671875,0.28466796875,0.260498046875,0.13916015625,0.49267578125
2726,M_1101_35y0m_1_dysfluent_060,0.085693359375,0.378662109375,0.440673828125,0.341064453125,0.3671875
2727,M_1101_35y0m_1_dysfluent_061,0.049591064453125,0.321044921875,0.379638671875,0.48046875,0.155029296875
2728,M_1101_35y0m_1_dysfluent_062,0.034088134765625,0.1580810546875,0.0225830078125,0.01177978515625,0.033966064453125
2729,M_1101_35y0m_1_dysfluent_063,0.06097412109375,0.089111328125,0.00989532470703125,0.008575439453125,0.040679931640625
2730,M_1101_35y0m_1_dysfluent_064,0.11517333984375,0.1346435546875,0.01483917236328125,0.0057525634765625,0.0294189453125
2731,M_1101_35y0m_1_dysfluent_065,0.1715087890625,0.2099609375,0.0379638671875,0.00974273681640625,0.029144287109375
2732,M_1101_35y0m_1_dysfluent_066,0.079345703125,0.367431640625,0.301513671875,0.07696533203125,0.0289764404296875
2733,M_1101_35y0m_1_dysfluent_067,0.07366943359375,0.249755859375,0.08819580078125,0.038330078125,0.0284881591796875
2734,M_1101_35y0m_1_dysfluent_068,0.046112060546875,0.1597900390625,0.0234222412109375,0.00690460205078125,0.024139404296875
2735,M_1101_35y0m_1_dysfluent_069,0.1842041015625,0.290283203125,0.07135009765625,0.007038116455078125,0.0187225341796875
2736,M_1101_35y0m_1_dysfluent_070,0.060211181640625,0.2274169921875,0.039276123046875,0.007755279541015625,0.0131683349609375
2737,M_1101_35y0m_1_dysfluent_071,0.07421875,0.144775390625,0.0245208740234375,0.0293121337890625,0.53271484375
2738,M_1101_35y0m_1_dysfluent_072,0.10577392578125,0.1324462890625,0.0253753662109375,0.0297088623046875,0.68701171875
2739,M_1101_35y0m_1_dysfluent_073,0.1585693359375,0.0975341796875,0.0141143798828125,0.0137939453125,0.465576171875
2740,M_1101_35y0m_1_dysfluent_074,0.1895751953125,0.1214599609375,0.0217437744140625,0.0144500732421875,0.556640625
2741,M_1101_35y0m_1_dysfluent_075,0.292724609375,0.135498046875,0.0213623046875,0.0082550048828125,0.0318603515625
2742,M_1101_35y0m_1_dysfluent_076,0.029876708984375,0.1236572265625,0.019561767578125,0.025421142578125,0.09857177734375
2743,M_1101_35y0m_1_dysfluent_077,0.1903076171875,0.430908203125,0.1954345703125,0.013427734375,0.048858642578125
2744,M_1101_35y0m_1_dysfluent_078,0.324951171875,0.464599609375,0.471923828125,0.13720703125,0.11419677734375
2745,M_1101_35y0m_1_dysfluent_079,0.50146484375,0.3720703125,0.2861328125,0.1312255859375,0.1571044921875
2746,M_1101_35y0m_1_dysfluent_080,0.14453125,0.368408203125,0.175537109375,0.0160980224609375,0.04345703125
2747,M_1101_35y0m_1_dysfluent_081,0.2265625,0.486572265625,0.458740234375,0.044097900390625,0.07720947265625
2748,M_1101_35y0m_1_dysfluent_082,0.2265625,0.486572265625,0.458740234375,0.044097900390625,0.07720947265625
2749,M_1101_35y0m_1_dysfluent_083,0.383544921875,0.12890625,0.0181884765625,0.00787353515625,0.0401611328125
2750,M_1101_35y0m_1_dysfluent_084,0.288330078125,0.255126953125,0.08416748046875,0.01953125,0.486572265625
2751,M_1101_35y0m_1_dysfluent_085,0.342041015625,0.293212890625,0.14990234375,0.044921875,0.67138671875
2752,M_1101_35y0m_1_dysfluent_086,0.08770751953125,0.227783203125,0.2152099609375,0.8037109375,0.5849609375
2753,M_1101_35y0m_1_dysfluent_087,0.1317138671875,0.34765625,0.468505859375,0.6533203125,0.51025390625
2754,M_1101_35y0m_1_dysfluent_088,0.14990234375,0.345458984375,0.4375,0.72607421875,0.54248046875
2755,M_1101_35y0m_1_dysfluent_089,0.2120361328125,0.41015625,0.541015625,0.61376953125,0.546875
2756,M_1101_35y0m_1_dysfluent_090,0.1834716796875,0.358642578125,0.39208984375,0.677734375,0.72265625
2757,M_1101_35y0m_1_dysfluent_091,0.174072265625,0.415283203125,0.416259765625,0.1571044921875,0.69970703125
2758,M_1101_35y0m_1_dysfluent_092,0.26220703125,0.44921875,0.426025390625,0.0634765625,0.32666015625
2759,M_1101_35y0m_1_dysfluent_093,0.310302734375,0.4658203125,0.44921875,0.06982421875,0.346435546875
2760,M_1101_35y0m_1_dysfluent_094,0.37060546875,0.5068359375,0.56005859375,0.041778564453125,0.08868408203125
2761,M_1101_35y0m_1_dysfluent_095,0.40478515625,0.50390625,0.6015625,0.1217041015625,0.312255859375
2762,M_1101_35y0m_1_dysfluent_096,0.50927734375,0.408447265625,0.386474609375,0.1761474609375,0.40966796875
2763,M_1101_35y0m_1_dysfluent_097,0.038543701171875,0.12274169921875,0.0143890380859375,0.00930023193359375,0.014617919921875
2764,M_1101_35y0m_1_dysfluent_098,0.2333984375,0.276123046875,0.063232421875,0.0083160400390625,0.017578125
2765,M_1101_35y0m_1_dysfluent_099,0.28515625,0.282470703125,0.0755615234375,0.00997161865234375,0.02001953125
2766,M_1101_35y0m_1_dysfluent_100,0.163818359375,0.306396484375,0.07501220703125,0.00812530517578125,0.0162200927734375
2767,M_1101_35y0m_1_dysfluent_101,0.037109375,0.1961669921875,0.0316162109375,0.0115509033203125,0.0153045654296875
2768,M_1101_35y0m_1_dysfluent_102,0.17919921875,0.50048828125,0.71484375,0.09417724609375,0.110107421875
2769,M_1101_35y0m_1_dysfluent_103,0.227294921875,0.53125,0.77001953125,0.1591796875,0.1749267578125
2770,M_1101_35y0m_1_dysfluent_104,0.11798095703125,0.477783203125,0.440673828125,0.038543701171875,0.045440673828125
2771,M_1101_35y0m_1_dysfluent_105,0.20068359375,0.50830078125,0.427978515625,0.025909423828125,0.0369873046875
2772,M_1101_35y0m_1_dysfluent_106,0.059112548828125,0.382080078125,0.47607421875,0.2451171875,0.093994140625
2773,M_1101_35y0m_1_dysfluent_107,0.1787109375,0.38330078125,0.18701171875,0.011505126953125,0.0269622802734375
2774,M_1101_35y0m_1_dysfluent_108,0.2427978515625,0.5234375,0.64404296875,0.06719970703125,0.10687255859375
2775,M_1101_35y0m_1_dysfluent_109,0.2427978515625,0.5234375,0.64404296875,0.06719970703125,0.10687255859375
2776,M_1101_35y0m_1_dysfluent_110,0.1884765625,0.2037353515625,0.035491943359375,0.01116180419921875,0.023773193359375
2777,M_1101_35y0m_1_dysfluent_111,0.74853515625,0.28369140625,0.09222412109375,0.01971435546875,0.0615234375
2778,M_1101_35y0m_1_dysfluent_112,0.3359375,0.33740234375,0.11553955078125,0.011871337890625,0.0364990234375
2779,M_1101_35y0m_1_dysfluent_113,0.3359375,0.33740234375,0.11553955078125,0.011871337890625,0.0364990234375
2780,M_1101_35y0m_1_dysfluent_114,0.033538818359375,0.09039306640625,0.0119171142578125,0.0125732421875,0.234375
2781,M_1101_35y0m_1_dysfluent_115,0.033538818359375,0.09039306640625,0.0119171142578125,0.0125732421875,0.234375
2782,M_1101_35y0m_1_dysfluent_116,0.32421875,0.300537109375,0.100341796875,0.012969970703125,0.03424072265625
2783,M_1101_35y0m_1_dysfluent_117,0.08404541015625,0.206787109375,0.04559326171875,0.021697998046875,0.0279083251953125
2784,M_1101_35y0m_1_dysfluent_118,0.054595947265625,0.1431884765625,0.1190185546875,0.87890625,0.10577392578125
2785,M_1101_35y0m_1_dysfluent_119,0.06549072265625,0.410888671875,0.28173828125,0.0259552001953125,0.02947998046875
2786,M_1101_35y0m_1_dysfluent_120,0.18408203125,0.2022705078125,0.061981201171875,0.018585205078125,0.6474609375
2787,M_1101_35y0m_1_dysfluent_121,0.69970703125,0.29248046875,0.1175537109375,0.0223236083984375,0.08251953125
2788,M_1101_35y0m_1_dysfluent_122,0.77978515625,0.328369140625,0.1485595703125,0.03021240234375,0.09637451171875
2789,M_1101_35y0m_1_dysfluent_123,0.131591796875,0.22021484375,0.046112060546875,0.0095977783203125,0.019378662109375
2790,M_1101_35y0m_1_dysfluent_124,0.413818359375,0.29296875,0.0751953125,0.00787353515625,0.0262603759765625
2791,M_1101_35y0m_1_dysfluent_125,0.413818359375,0.293212890625,0.0751953125,0.00787353515625,0.0262603759765625
2792,M_1101_35y0m_1_dysfluent_126,0.5185546875,0.223388671875,0.07904052734375,0.029083251953125,0.61376953125
2793,M_1101_35y0m_1_dysfluent_127,0.61328125,0.267578125,0.103759765625,0.0301055908203125,0.451904296875
2794,M_1101_35y0m_1_dysfluent_128,0.2783203125,0.4130859375,0.2015380859375,0.014617919921875,0.020416259765625
2795,M_1101_35y0m_1_dysfluent_129,0.269287109375,0.248046875,0.05389404296875,0.00885009765625,0.02203369140625
2796,M_1101_35y0m_1_dysfluent_130,0.2666015625,0.298583984375,0.08868408203125,0.0110321044921875,0.0199432373046875
2797,M_1101_35y0m_1_dysfluent_131,0.20751953125,0.41748046875,0.224609375,0.015777587890625,0.0250396728515625
2798,M_1101_35y0m_1_dysfluent_132,0.1663818359375,0.12176513671875,0.0160980224609375,0.0104522705078125,0.39208984375
2799,M_1101_35y0m_1_dysfluent_133,0.1719970703125,0.32177734375,0.11474609375,0.0125274658203125,0.0185394287109375
2800,M_1101_35y0m_1_dysfluent_134,0.37060546875,0.30322265625,0.083740234375,0.00766754150390625,0.0282135009765625
2801,M_1101_35y0m_1_dysfluent_135,0.7939453125,0.366455078125,0.1605224609375,0.033721923828125,0.08740234375
2802,M_1101_35y0m_1_dysfluent_136,0.65478515625,0.4580078125,0.395751953125,0.076416015625,0.2005615234375
2803,M_1101_35y0m_1_dysfluent_137,0.298583984375,0.345703125,0.35986328125,0.25048828125,0.21533203125
2804,M_1101_35y0m_1_dysfluent_138,0.61962890625,0.451904296875,0.32080078125,0.140869140625,0.50341796875
2805,M_1101_35y0m_1_dysfluent_139,0.77392578125,0.402099609375,0.25341796875,0.06536865234375,0.1268310546875
2806,M_1101_35y0m_1_dysfluent_140,0.34912109375,0.2215576171875,0.11737060546875,0.272216796875,0.0843505859375
2807,M_1101_35y0m_1_dysfluent_141,0.034423828125,0.1405029296875,0.047515869140625,0.59130859375,0.5771484375
2808,M_1101_35y0m_1_dysfluent_142,0.1143798828125,0.25634765625,0.153564453125,0.46923828125,0.73779296875
2809,M_1101_35y0m_1_dysfluent_143,0.52490234375,0.425537109375,0.2120361328125,0.0162811279296875,0.06561279296875
2810,M_1101_35y0m_1_dysfluent_144,0.0751953125,0.250732421875,0.058563232421875,0.01406097412109375,0.01861572265625
2811,M_1101_35y0m_1_dysfluent_145,0.053314208984375,0.09503173828125,0.00997161865234375,0.0104522705078125,0.021087646484375
2812,M_1101_35y0m_1_dysfluent_146,0.08197021484375,0.1357421875,0.0161590576171875,0.00763702392578125,0.0174407958984375
2813,M_1101_35y0m_1_dysfluent_147,0.116943359375,0.509765625,0.7626953125,0.1287841796875,0.12335205078125
2814,M_1101_35y0m_1_dysfluent_148,0.01229095458984375,0.2130126953125,0.161865234375,0.263916015625,0.059967041015625
2815,M_1101_35y0m_1_dysfluent_149,0.1063232421875,0.4345703125,0.29150390625,0.0182342529296875,0.0235595703125
2816,M_1101_35y0m_1_dysfluent_150,0.283935546875,0.5146484375,0.495849609375,0.053192138671875,0.2193603515625
2817,M_1101_35y0m_1_dysfluent_151,0.196044921875,0.5361328125,0.71923828125,0.106689453125,0.1434326171875
2818,M_1101_35y0m_1_dysfluent_152,0.1470947265625,0.52490234375,0.65625,0.07501220703125,0.09600830078125
2819,M_1101_35y0m_1_dysfluent_153,0.043212890625,0.3876953125,0.487060546875,0.09283447265625,0.05987548828125
2820,M_1101_35y0m_1_dysfluent_154,0.081787109375,0.4912109375,0.693359375,0.1177978515625,0.08819580078125
2821,M_1101_35y0m_1_dysfluent_155,0.1468505859375,0.51806640625,0.74951171875,0.11126708984375,0.09893798828125
2822,M_1101_35y0m_1_dysfluent_156,0.07342529296875,0.230712890625,0.2247314453125,0.7275390625,0.10540771484375
2823,M_1101_35y0m_1_dysfluent_157,0.01934814453125,0.10577392578125,0.01560211181640625,0.021942138671875,0.040374755859375
2824,M_1101_35y0m_1_dysfluent_158,0.017181396484375,0.09912109375,0.0161590576171875,0.0224151611328125,0.06634521484375
2825,M_1101_35y0m_1_dysfluent_159,0.1397705078125,0.206298828125,0.0341796875,0.008575439453125,0.0189056396484375
2826,M_1101_35y0m_1_dysfluent_160,0.1536865234375,0.1766357421875,0.023651123046875,0.006511688232421875,0.0153656005859375
2827,M_1101_35y0m_1_dysfluent_161,0.1539306640625,0.176513671875,0.0236968994140625,0.006511688232421875,0.0153045654296875
2828,M_1101_35y0m_1_dysfluent_162,0.11553955078125,0.486572265625,0.638671875,0.078369140625,0.1470947265625
2829,M_1101_35y0m_1_dysfluent_163,0.1439208984375,0.290283203125,0.285400390625,0.143310546875,0.85400390625
2830,M_1101_35y0m_1_dysfluent_164,0.10595703125,0.299560546875,0.318603515625,0.19873046875,0.74658203125
2831,M_1101_35y0m_1_dysfluent_165,0.1251220703125,0.42822265625,0.55126953125,0.1630859375,0.445068359375
2832,M_1101_35y0m_1_dysfluent_166,0.1251220703125,0.42822265625,0.55126953125,0.1630859375,0.445068359375
2833,M_1101_35y0m_1_dysfluent_167,0.08404541015625,0.50634765625,0.724609375,0.12359619140625,0.09930419921875
2834,M_1101_35y0m_1_dysfluent_168,0.041778564453125,0.154052734375,0.05194091796875,0.33740234375,0.1427001953125
2835,M_1101_35y0m_1_dysfluent_169,0.1279296875,0.49462890625,0.53076171875,0.0726318359375,0.06695556640625
2836,M_1101_35y0m_1_dysfluent_170,0.024139404296875,0.13671875,0.0229339599609375,0.027587890625,0.028167724609375
2837,M_1101_35y0m_1_dysfluent_171,0.401123046875,0.331298828125,0.1265869140625,0.01358795166015625,0.038909912109375
2838,M_1101_35y0m_1_dysfluent_172,0.456787109375,0.46484375,0.28515625,0.02203369140625,0.052703857421875
2839,M_1101_35y0m_1_dysfluent_173,0.63720703125,0.366943359375,0.1458740234375,0.0184783935546875,0.054412841796875
2840,M_1101_35y0m_1_dysfluent_174,0.6884765625,0.329833984375,0.10858154296875,0.0171051025390625,0.090087890625
2841,M_1101_35y0m_1_dysfluent_175,0.53076171875,0.2032470703125,0.039337158203125,0.00867462158203125,0.040618896484375
2842,M_1101_35y0m_1_dysfluent_176,0.08648681640625,0.385986328125,0.2301025390625,0.0225067138671875,0.04107666015625
2843,M_1101_35y0m_1_dysfluent_177,0.0219879150390625,0.1583251953125,0.0265045166015625,0.022674560546875,0.035552978515625
2844,M_1101_35y0m_1_dysfluent_178,0.133056640625,0.1240234375,0.0225067138671875,0.019195556640625,0.70166015625
2845,M_1101_35y0m_1_dysfluent_179,0.138916015625,0.1063232421875,0.015777587890625,0.01751708984375,0.56201171875
2846,M_1101_35y0m_1_dysfluent_180,0.11981201171875,0.1593017578125,0.038818359375,0.042327880859375,0.8740234375
2847,M_1101_35y0m_1_dysfluent_181,0.1248779296875,0.1368408203125,0.0271759033203125,0.0210113525390625,0.80126953125
2848,M_1101_35y0m_1_dysfluent_182,0.0204925537109375,0.1834716796875,0.0638427734375,0.2034912109375,0.0269622802734375
2849,M_1101_35y0m_1_dysfluent_183,0.09368896484375,0.27978515625,0.06890869140625,0.01073455810546875,0.025177001953125
2850,M_1101_35y0m_1_dysfluent_184,0.263427734375,0.1915283203125,0.03460693359375,0.013275146484375,0.035614013671875
2851,M_1101_35y0m_1_dysfluent_185,0.0970458984375,0.07708740234375,0.01229095458984375,0.0229339599609375,0.703125
2852,M_1101_35y0m_1_dysfluent_186,0.58203125,0.234375,0.05889892578125,0.0125274658203125,0.03460693359375
2853,M_1101_35y0m_1_dysfluent_187,0.20654296875,0.115966796875,0.01490020751953125,0.00955963134765625,0.046539306640625
2854,M_1101_35y0m_1_dysfluent_188,0.08538818359375,0.105224609375,0.0167236328125,0.00861358642578125,0.056854248046875
2855,M_1101_35y0m_1_dysfluent_189,0.03582763671875,0.298095703125,0.4658203125,0.51904296875,0.1259765625
2856,M_1101_35y0m_1_dysfluent_190,0.049957275390625,0.32177734375,0.469482421875,0.57666015625,0.24072265625
2857,M_1101_35y0m_1_dysfluent_191,0.0263519287109375,0.1951904296875,0.1529541015625,0.548828125,0.2021484375
2858,M_1101_35y0m_1_dysfluent_192,0.01358795166015625,0.160888671875,0.06854248046875,0.1453857421875,0.1370849609375
2859,M_1101_35y0m_1_dysfluent_193,0.03802490234375,0.08538818359375,0.0099334716796875,0.01094818115234375,0.08465576171875
2860,M_1101_35y0m_1_fluent_000,0.028656005859375,0.2318115234375,0.0704345703125,0.019561767578125,0.0709228515625
2861,M_1101_35y0m_1_fluent_001,0.0141754150390625,0.125244140625,0.036163330078125,0.0560302734375,0.139404296875
2862,M_1101_35y0m_1_fluent_002,0.24365234375,0.354248046875,0.1339111328125,0.0135345458984375,0.047698974609375
2863,M_1101_35y0m_1_fluent_003,0.01348114013671875,0.093994140625,0.01473236083984375,0.03253173828125,0.0240478515625
2864,M_1101_35y0m_1_fluent_004,0.03173828125,0.3486328125,0.4423828125,0.15771484375,0.1514892578125
2865,M_1101_35y0m_1_fluent_005,0.033599853515625,0.07781982421875,0.01306915283203125,0.030670166015625,0.483642578125
2866,M_1101_35y0m_1_fluent_006,0.01507568359375,0.15869140625,0.12451171875,0.491455078125,0.1048583984375
2867,M_1101_35y0m_1_fluent_007,0.0180511474609375,0.06903076171875,0.01061248779296875,0.03326416015625,0.20947265625
2868,M_1101_35y0m_1_fluent_008,0.0217742919921875,0.11517333984375,0.0244293212890625,0.0165252685546875,0.15283203125
2869,M_1101_35y0m_1_fluent_009,0.044281005859375,0.35302734375,0.1937255859375,0.020599365234375,0.04248046875
2870,M_1101_35y0m_1_fluent_010,0.014617919921875,0.12066650390625,0.040771484375,0.05511474609375,0.314453125
2871,M_1101_35y0m_1_fluent_011,0.037322998046875,0.1328125,0.018341064453125,0.00844573974609375,0.0302734375
2872,M_1101_35y0m_1_fluent_012,0.0211639404296875,0.079345703125,0.0131683349609375,0.021209716796875,0.1383056640625
2873,M_1101_35y0m_1_fluent_013,0.68505859375,0.140380859375,0.0302734375,0.01450347900390625,0.0810546875
2874,M_1101_35y0m_1_fluent_014,0.018341064453125,0.077392578125,0.01137542724609375,0.0215301513671875,0.1590576171875
2875,M_1101_35y0m_1_fluent_015,0.019012451171875,0.0775146484375,0.012481689453125,0.0313720703125,0.1356201171875
2876,M_1101_35y0m_1_fluent_016,0.03338623046875,0.114990234375,0.0229339599609375,0.01094818115234375,0.10894775390625
2877,M_1101_35y0m_1_fluent_017,0.021240234375,0.1473388671875,0.0296478271484375,0.0258636474609375,0.0238189697265625
2878,M_1101_35y0m_1_fluent_018,0.046905517578125,0.2880859375,0.0880126953125,0.011871337890625,0.04595947265625
2879,M_1101_35y0m_1_fluent_019,0.0238189697265625,0.09039306640625,0.0194244384765625,0.05718994140625,0.52294921875
2880,M_1101_35y0m_1_fluent_020,0.11395263671875,0.1007080078125,0.0192718505859375,0.023773193359375,0.455322265625
2881,M_1101_35y0m_1_fluent_021,0.01242828369140625,0.1270751953125,0.0289306640625,0.0303802490234375,0.0753173828125
2882,M_1101_35y0m_1_fluent_022,0.0390625,0.3125,0.384033203125,0.228515625,0.0416259765625
2883,M_1101_35y0m_1_fluent_023,0.0221099853515625,0.11163330078125,0.01812744140625,0.015899658203125,0.02947998046875
2884,M_1101_35y0m_1_fluent_024,0.0125732421875,0.0838623046875,0.0207977294921875,0.07696533203125,0.11260986328125
2885,M_1101_35y0m_1_fluent_025,0.0217437744140625,0.07708740234375,0.0104522705078125,0.018768310546875,0.056549072265625
2886,M_1101_35y0m_1_fluent_026,0.023101806640625,0.206787109375,0.05194091796875,0.017578125,0.026153564453125
2887,M_1101_35y0m_1_fluent_027,0.03424072265625,0.278564453125,0.093505859375,0.020294189453125,0.039276123046875
2888,M_1101_35y0m_1_fluent_028,0.60205078125,0.1561279296875,0.0299224853515625,0.0120086669921875,0.07586669921875
2889,M_1101_35y0m_1_fluent_029,0.01837158203125,0.150390625,0.134033203125,0.29345703125,0.304931640625
2890,M_1101_35y0m_1_fluent_030,0.0164642333984375,0.10089111328125,0.016845703125,0.0306243896484375,0.0303802490234375
2891,M_1101_35y0m_1_fluent_031,0.0204925537109375,0.2265625,0.18359375,0.146728515625,0.301025390625
2892,M_1101_35y0m_1_fluent_032,0.017303466796875,0.070556640625,0.01214599609375,0.03143310546875,0.2254638671875
2893,M_1101_35y0m_1_fluent_033,0.029815673828125,0.266845703125,0.09283447265625,0.0201416015625,0.0313720703125
2894,M_1101_35y0m_1_fluent_034,0.024383544921875,0.0970458984375,0.0170440673828125,0.0174407958984375,0.11932373046875
2895,M_1101_35y0m_1_fluent_035,0.015777587890625,0.13330078125,0.043365478515625,0.05023193359375,0.2432861328125
2896,M_1101_35y0m_1_fluent_036,0.015960693359375,0.140625,0.026763916015625,0.0265045166015625,0.01483917236328125
2897,M_1101_35y0m_1_fluent_037,0.037384033203125,0.2294921875,0.04052734375,0.0110321044921875,0.025421142578125
2898,M_1101_35y0m_1_fluent_038,0.1387939453125,0.09844970703125,0.0150146484375,0.0156707763671875,0.2381591796875
2899,M_1101_35y0m_1_fluent_039,0.2462158203125,0.10577392578125,0.0207977294921875,0.0204925537109375,0.218994140625
2900,M_1101_35y0m_1_fluent_040,0.033660888671875,0.07598876953125,0.0104522705078125,0.01337432861328125,0.1015625
2901,M_1101_35y0m_1_fluent_041,0.0306243896484375,0.313720703125,0.1826171875,0.047607421875,0.0391845703125
2902,M_1101_35y0m_1_fluent_042,0.0173797607421875,0.1539306640625,0.0299835205078125,0.057373046875,0.025909423828125
2903,M_1101_35y0m_1_fluent_043,0.0207977294921875,0.08331298828125,0.0156707763671875,0.021575927734375,0.29443359375
2904,M_1101_35y0m_1_fluent_044,0.019195556640625,0.2012939453125,0.1851806640625,0.1588134765625,0.379150390625
2905,M_1101_35y0m_1_fluent_045,0.0231475830078125,0.0784912109375,0.0099334716796875,0.0248870849609375,0.0867919921875
2906,M_1101_35y0m_1_fluent_046,0.04296875,0.329833984375,0.43310546875,0.2286376953125,0.043853759765625
2907,M_1101_35y0m_1_fluent_047,0.02655029296875,0.17626953125,0.03802490234375,0.01507568359375,0.031494140625
2908,M_1101_35y0m_1_fluent_048,0.242919921875,0.1044921875,0.021087646484375,0.0177154541015625,0.16455078125
2909,M_1101_35y0m_1_fluent_049,0.025177001953125,0.10089111328125,0.0185394287109375,0.030853271484375,0.2330322265625
2910,M_1101_35y0m_1_fluent_050,0.062103271484375,0.38818359375,0.58251953125,0.2137451171875,0.07586669921875
2911,M_1101_35y0m_1_fluent_051,0.0369873046875,0.08270263671875,0.0108184814453125,0.01267242431640625,0.07574462890625
2912,M_1101_35y0m_1_fluent_052,0.030670166015625,0.0728759765625,0.0087432861328125,0.0169219970703125,0.0295867919921875
2913,M_1101_35y0m_1_fluent_053,0.040985107421875,0.064208984375,0.00809478759765625,0.018096923828125,0.27294921875
2914,M_1101_35y0m_1_fluent_054,0.021240234375,0.255126953125,0.141845703125,0.04803466796875,0.0635986328125
2915,M_1101_35y0m_1_fluent_055,0.034698486328125,0.09552001953125,0.01384735107421875,0.0103302001953125,0.06524658203125
2916,M_1101_35y0m_1_fluent_056,0.0238189697265625,0.16650390625,0.042236328125,0.037384033203125,0.07452392578125
2917,M_1101_35y0m_1_fluent_057,0.0268096923828125,0.11553955078125,0.0200958251953125,0.012725830078125,0.06475830078125
2918,M_1101_35y0m_1_fluent_058,0.023956298828125,0.08648681640625,0.0136871337890625,0.018798828125,0.27197265625
2919,M_1101_35y0m_1_fluent_059,0.03436279296875,0.11614990234375,0.0160980224609375,0.0177154541015625,0.05987548828125
2920,M_1101_35y0m_1_fluent_060,0.10968017578125,0.17333984375,0.030914306640625,0.01036834716796875,0.123779296875
2921,M_1101_35y0m_1_fluent_061,0.0255584716796875,0.1441650390625,0.02886962890625,0.0164031982421875,0.0223236083984375
2922,M_1101_35y0m_1_fluent_062,0.0161590576171875,0.164794921875,0.106689453125,0.179931640625,0.39453125
2923,M_1101_35y0m_1_fluent_063,0.0189361572265625,0.11199951171875,0.0199432373046875,0.02056884765625,0.046630859375
2924,M_1101_35y0m_1_fluent_064,0.60693359375,0.132568359375,0.029144287109375,0.017913818359375,0.12103271484375
2925,M_1101_35y0m_1_fluent_065,0.02630615234375,0.3056640625,0.2489013671875,0.07421875,0.10211181640625
2926,M_1101_35y0m_1_fluent_066,0.07696533203125,0.3818359375,0.5947265625,0.2303466796875,0.2220458984375
2927,M_1101_35y0m_1_fluent_067,0.02691650390625,0.1566162109375,0.04443359375,0.0232391357421875,0.1434326171875
2928,M_1101_35y0m_1_fluent_068,0.019012451171875,0.0855712890625,0.012237548828125,0.019195556640625,0.046722412109375
2929,M_1101_35y0m_1_fluent_069,0.0225067138671875,0.09039306640625,0.0171051025390625,0.029754638671875,0.1201171875
2930,M_1101_35y0m_1_fluent_070,0.024139404296875,0.2257080078125,0.06231689453125,0.017578125,0.020599365234375
2931,M_1101_35y0m_1_fluent_071,0.0310821533203125,0.2685546875,0.11798095703125,0.02630615234375,0.045684814453125
2932,M_1101_35y0m_1_fluent_072,0.16259765625,0.09515380859375,0.0264129638671875,0.028167724609375,0.426025390625
2933,M_1101_35y0m_1_fluent_073,0.046905517578125,0.376220703125,0.533203125,0.1883544921875,0.056243896484375
2934,M_1101_35y0m_1_fluent_074,0.623046875,0.13134765625,0.0263519287109375,0.0125732421875,0.061187744140625
2935,M_1101_35y0m_1_fluent_075,0.0290374755859375,0.28515625,0.197265625,0.05877685546875,0.1297607421875
2936,M_1101_35y0m_1_fluent_076,0.044769287109375,0.142822265625,0.03704833984375,0.01085662841796875,0.1251220703125
2937,M_1101_35y0m_1_fluent_077,0.02691650390625,0.0966796875,0.0177154541015625,0.0184326171875,0.278076171875
2938,M_1101_35y0m_1_fluent_078,0.0238189697265625,0.08587646484375,0.024139404296875,0.2437744140625,0.10089111328125
2939,M_1101_35y0m_1_fluent_079,0.035675048828125,0.3291015625,0.383544921875,0.10760498046875,0.1395263671875
2940,M_1101_35y0m_1_fluent_080,0.056243896484375,0.3359375,0.471923828125,0.2646484375,0.060638427734375
2941,M_1101_35y0m_1_fluent_081,0.0225067138671875,0.062225341796875,0.00885009765625,0.0210418701171875,0.17822265625
2942,M_1101_35y0m_1_fluent_082,0.02191162109375,0.1929931640625,0.1439208984375,0.10821533203125,0.38671875
2943,M_1101_35y0m_1_fluent_083,0.0218658447265625,0.150390625,0.021697998046875,0.014617919921875,0.0262603759765625
2944,M_1101_35y0m_1_fluent_084,0.0224609375,0.1466064453125,0.0250396728515625,0.0143890380859375,0.0255126953125
2945,M_1103_20y0m_1_dysfluent_000,0.01812744140625,0.2286376953125,0.06829833984375,0.0194244384765625,0.033782958984375
2946,M_1103_20y0m_1_dysfluent_001,0.0224151611328125,0.271484375,0.0869140625,0.0199127197265625,0.0264129638671875
2947,M_1103_20y0m_1_dysfluent_002,0.09088134765625,0.13623046875,0.0167236328125,0.007549285888671875,0.0552978515625
2948,M_1103_20y0m_1_dysfluent_003,0.16650390625,0.51123046875,0.73388671875,0.1409912109375,0.2117919921875
2949,M_1103_20y0m_1_dysfluent_004,0.1392822265625,0.489013671875,0.75927734375,0.1759033203125,0.203857421875
2950,M_1103_20y0m_1_dysfluent_005,0.11981201171875,0.50244140625,0.73681640625,0.1143798828125,0.11474609375
2951,M_1103_20y0m_1_dysfluent_006,0.1263427734375,0.10302734375,0.0271759033203125,0.047515869140625,0.919921875
2952,M_1103_20y0m_1_dysfluent_007,0.155029296875,0.1324462890625,0.034881591796875,0.046539306640625,0.91845703125
2953,M_1103_20y0m_1_dysfluent_008,0.1929931640625,0.13330078125,0.03179931640625,0.036224365234375,0.89208984375
2954,M_1103_20y0m_1_dysfluent_009,0.202392578125,0.1475830078125,0.039642333984375,0.0482177734375,0.90283203125
2955,M_1103_20y0m_1_dysfluent_010,0.11474609375,0.49755859375,0.7724609375,0.1527099609375,0.1324462890625
2956,M_1103_20y0m_1_dysfluent_011,0.093505859375,0.48876953125,0.7607421875,0.1751708984375,0.12548828125
2957,M_1103_20y0m_1_dysfluent_012,0.0164031982421875,0.251220703125,0.12213134765625,0.100341796875,0.02276611328125
2958,M_1103_20y0m_1_dysfluent_013,0.09332275390625,0.159423828125,0.0292510986328125,0.017303466796875,0.487548828125
2959,M_1103_20y0m_1_dysfluent_014,0.050506591796875,0.1214599609375,0.014007568359375,0.0135345458984375,0.06243896484375
2960,M_1103_20y0m_1_dysfluent_015,0.0706787109375,0.148193359375,0.0234222412109375,0.0090179443359375,0.05865478515625
2961,M_1103_20y0m_1_dysfluent_016,0.0269622802734375,0.07989501953125,0.0082855224609375,0.0144500732421875,0.03948974609375
2962,M_1103_20y0m_1_dysfluent_017,0.56005859375,0.1348876953125,0.0210113525390625,0.00847625732421875,0.05072021484375
2963,M_1103_20y0m_1_dysfluent_018,0.030792236328125,0.1044921875,0.011962890625,0.014617919921875,0.126953125
2964,M_1103_20y0m_1_dysfluent_019,0.049407958984375,0.342529296875,0.4482421875,0.2381591796875,0.06781005859375
2965,M_1103_20y0m_1_dysfluent_020,0.042724609375,0.32470703125,0.402587890625,0.305419921875,0.053985595703125
2966,M_1103_20y0m_1_dysfluent_021,0.03228759765625,0.31591796875,0.393798828125,0.25439453125,0.054290771484375
2967,M_1103_20y0m_1_dysfluent_022,0.030731201171875,0.284912109375,0.27783203125,0.275634765625,0.04248046875
2968,M_1103_20y0m_1_dysfluent_023,0.042083740234375,0.19189453125,0.035003662109375,0.0110321044921875,0.054290771484375
2969,M_1103_20y0m_1_dysfluent_024,0.02880859375,0.2047119140625,0.044525146484375,0.0169830322265625,0.05023193359375
2970,M_1103_20y0m_1_dysfluent_025,0.229736328125,0.459228515625,0.587890625,0.168212890625,0.56884765625
2971,M_1103_20y0m_1_dysfluent_026,0.1673583984375,0.515625,0.7021484375,0.10992431640625,0.18896484375
2972,M_1103_20y0m_1_dysfluent_027,0.0699462890625,0.124755859375,0.0179901123046875,0.03436279296875,0.60302734375
2973,M_1103_20y0m_1_dysfluent_028,0.070068359375,0.10321044921875,0.015716552734375,0.036163330078125,0.626953125
2974,M_1103_20y0m_1_dysfluent_029,0.18310546875,0.1651611328125,0.053009033203125,0.06268310546875,0.9306640625
2975,M_1103_20y0m_1_dysfluent_030,0.275146484375,0.2421875,0.11517333984375,0.1165771484375,0.9326171875
2976,M_1103_20y0m_1_dysfluent_031,0.0867919921875,0.267578125,0.075439453125,0.0271148681640625,0.029541015625
2977,M_1103_20y0m_1_dysfluent_032,0.039947509765625,0.2099609375,0.08465576171875,0.11932373046875,0.0287628173828125
2978,M_1103_20y0m_1_dysfluent_033,0.03594970703125,0.2220458984375,0.25244140625,0.69287109375,0.08251953125
2979,M_1103_20y0m_1_dysfluent_034,0.0369873046875,0.39990234375,0.469970703125,0.08282470703125,0.06524658203125
2980,M_1103_20y0m_1_dysfluent_035,0.1383056640625,0.5234375,0.716796875,0.08990478515625,0.11083984375
2981,M_1103_20y0m_1_dysfluent_036,0.10430908203125,0.428955078125,0.4384765625,0.0469970703125,0.06781005859375
2982,M_1103_20y0m_1_dysfluent_037,0.10430908203125,0.428955078125,0.438232421875,0.0469970703125,0.06781005859375
2983,M_1103_20y0m_1_dysfluent_038,0.0328369140625,0.09417724609375,0.01090240478515625,0.01395416259765625,0.035736083984375
2984,M_1103_20y0m_1_dysfluent_039,0.097900390625,0.10211181640625,0.01049041748046875,0.0101318359375,0.0273284912109375
2985,M_1103_20y0m_1_dysfluent_040,0.025909423828125,0.1993408203125,0.04486083984375,0.0187225341796875,0.05419921875
2986,M_1103_20y0m_1_dysfluent_041,0.02215576171875,0.197265625,0.059967041015625,0.03277587890625,0.055419921875
2987,M_1103_20y0m_1_dysfluent_042,0.0245208740234375,0.300537109375,0.11029052734375,0.0200958251953125,0.03021240234375
2988,M_1103_20y0m_1_dysfluent_043,0.0224151611328125,0.259521484375,0.1171875,0.019378662109375,0.0401611328125
2989,M_1103_20y0m_1_dysfluent_044,0.1773681640625,0.24072265625,0.09979248046875,0.0193023681640625,0.27880859375
2990,M_1103_20y0m_1_dysfluent_045,0.275390625,0.2548828125,0.1361083984375,0.10430908203125,0.78466796875
2991,M_1103_20y0m_1_dysfluent_046,0.055816650390625,0.34228515625,0.53173828125,0.64208984375,0.1654052734375
2992,M_1103_20y0m_1_dysfluent_047,0.0250396728515625,0.2171630859375,0.054412841796875,0.0260009765625,0.0309600830078125
2993,M_1103_20y0m_1_dysfluent_048,0.050048828125,0.358642578125,0.5146484375,0.456787109375,0.08050537109375
2994,M_1103_20y0m_1_dysfluent_049,0.1153564453125,0.399169921875,0.64306640625,0.53125,0.16650390625
2995,M_1103_20y0m_1_dysfluent_050,0.136962890625,0.476806640625,0.7021484375,0.280517578125,0.1395263671875
2996,M_1103_20y0m_1_dysfluent_051,0.18359375,0.5341796875,0.728515625,0.12200927734375,0.1912841796875
2997,M_1103_20y0m_1_dysfluent_052,0.17724609375,0.2047119140625,0.0838623046875,0.07366943359375,0.892578125
2998,M_1103_20y0m_1_dysfluent_053,0.0312042236328125,0.1455078125,0.0560302734375,0.419921875,0.1871337890625
2999,M_1103_20y0m_1_dysfluent_054,0.70556640625,0.402099609375,0.17724609375,0.0323486328125,0.11676025390625
3000,M_1103_20y0m_1_dysfluent_055,0.77099609375,0.224853515625,0.056549072265625,0.0203704833984375,0.094482421875
3001,M_1103_20y0m_1_dysfluent_056,0.072509765625,0.1336669921875,0.0274810791015625,0.01953125,0.5029296875
3002,M_1103_20y0m_1_dysfluent_057,0.022674560546875,0.1680908203125,0.03228759765625,0.01519012451171875,0.0439453125
3003,M_1103_20y0m_1_dysfluent_058,0.03240966796875,0.25634765625,0.06256103515625,0.01287078857421875,0.027740478515625
3004,M_1103_20y0m_1_dysfluent_059,0.281494140625,0.51220703125,0.572265625,0.08648681640625,0.1414794921875
3005,M_1103_20y0m_1_dysfluent_060,0.0255584716796875,0.0938720703125,0.01519012451171875,0.0282745361328125,0.1981201171875
3006,M_1103_20y0m_1_dysfluent_061,0.0272216796875,0.10760498046875,0.0156707763671875,0.012237548828125,0.1300048828125
3007,M_1103_20y0m_1_dysfluent_062,0.0190582275390625,0.1524658203125,0.0240478515625,0.0192413330078125,0.0300445556640625
3008,M_1103_20y0m_1_dysfluent_063,0.02886962890625,0.20703125,0.037811279296875,0.0120086669921875,0.0271759033203125
3009,M_1103_20y0m_1_dysfluent_064,0.027740478515625,0.20068359375,0.036224365234375,0.01267242431640625,0.02752685546875
3010,M_1103_20y0m_1_dysfluent_065,0.0260009765625,0.194091796875,0.043121337890625,0.0121002197265625,0.0635986328125
3011,M_1103_20y0m_1_dysfluent_066,0.0278472900390625,0.2437744140625,0.06097412109375,0.01306915283203125,0.0369873046875
3012,M_1103_20y0m_1_dysfluent_067,0.11376953125,0.1365966796875,0.03143310546875,0.019561767578125,0.7236328125
3013,M_1103_20y0m_1_dysfluent_068,0.03338623046875,0.07489013671875,0.007755279541015625,0.02288818359375,0.07318115234375
3014,M_1103_20y0m_1_dysfluent_069,0.0305023193359375,0.09027099609375,0.0112457275390625,0.01061248779296875,0.056976318359375
3015,M_1103_20y0m_1_dysfluent_070,0.0305633544921875,0.1033935546875,0.012725830078125,0.00844573974609375,0.038238525390625
3016,M_1103_20y0m_1_dysfluent_071,0.50439453125,0.1444091796875,0.0197906494140625,0.00787353515625,0.04351806640625
3017,M_1103_20y0m_1_dysfluent_072,0.62451171875,0.1806640625,0.0297088623046875,0.00905609130859375,0.0391845703125
3018,M_1103_20y0m_1_dysfluent_073,0.51904296875,0.152587890625,0.021087646484375,0.00806427001953125,0.04168701171875
3019,M_1103_20y0m_1_dysfluent_074,0.4345703125,0.1715087890625,0.03521728515625,0.01049041748046875,0.17578125
3020,M_1103_20y0m_1_dysfluent_075,0.04302978515625,0.12420654296875,0.026763916015625,0.0257110595703125,0.392578125
3021,M_1103_20y0m_1_dysfluent_076,0.146728515625,0.45654296875,0.487060546875,0.033966064453125,0.06793212890625
3022,M_1103_20y0m_1_dysfluent_077,0.1466064453125,0.45654296875,0.487060546875,0.033966064453125,0.06793212890625
3023,M_1103_20y0m_1_dysfluent_078,0.024139404296875,0.23828125,0.295654296875,0.56689453125,0.05987548828125
3024,M_1103_20y0m_1_dysfluent_079,0.173583984375,0.50634765625,0.71533203125,0.134521484375,0.1373291015625
3025,M_1103_20y0m_1_dysfluent_080,0.173583984375,0.50634765625,0.71533203125,0.134521484375,0.1373291015625
3026,M_1103_20y0m_1_dysfluent_081,0.1475830078125,0.484130859375,0.55615234375,0.1087646484375,0.0726318359375
3027,M_1103_20y0m_1_dysfluent_082,0.1607666015625,0.472900390625,0.5849609375,0.123046875,0.072509765625
3028,M_1103_20y0m_1_dysfluent_083,0.1607666015625,0.472900390625,0.5849609375,0.123046875,0.072509765625
3029,M_1103_20y0m_1_dysfluent_084,0.0174407958984375,0.140869140625,0.0264129638671875,0.0271148681640625,0.017852783203125
3030,M_1103_20y0m_1_dysfluent_085,0.05975341796875,0.26611328125,0.374755859375,0.61376953125,0.07708740234375
3031,M_1103_20y0m_1_dysfluent_086,0.03192138671875,0.187744140625,0.1468505859375,0.8310546875,0.1201171875
3032,M_1103_20y0m_1_dysfluent_087,0.039276123046875,0.2391357421875,0.2310791015625,0.70849609375,0.1610107421875
3033,M_1103_20y0m_1_dysfluent_088,0.0121002197265625,0.07977294921875,0.014556884765625,0.10577392578125,0.07342529296875
3034,M_1103_20y0m_1_dysfluent_089,0.125244140625,0.1981201171875,0.1163330078125,0.7021484375,0.82861328125
3035,M_1103_20y0m_1_dysfluent_090,0.0208892822265625,0.1513671875,0.02691650390625,0.01473236083984375,0.033477783203125
3036,M_1103_20y0m_1_dysfluent_091,0.03131103515625,0.291748046875,0.08538818359375,0.0186920166015625,0.0255126953125
3037,M_1103_20y0m_1_dysfluent_092,0.0173797607421875,0.140625,0.0222930908203125,0.0204925537109375,0.049407958984375
3038,M_1103_20y0m_1_dysfluent_093,0.04559326171875,0.14404296875,0.03277587890625,0.08123779296875,0.7724609375
3039,M_1103_20y0m_1_dysfluent_094,0.0582275390625,0.1409912109375,0.036285400390625,0.042816162109375,0.8076171875
3040,M_1103_20y0m_1_dysfluent_095,0.11065673828125,0.2095947265625,0.063232421875,0.01971435546875,0.62939453125
3041,M_1103_20y0m_1_dysfluent_096,0.0263519287109375,0.1697998046875,0.043121337890625,0.030914306640625,0.21044921875
3042,M_1103_20y0m_1_dysfluent_097,0.037109375,0.186279296875,0.14111328125,0.68017578125,0.12359619140625
3043,M_1103_20y0m_1_dysfluent_098,0.0202484130859375,0.1348876953125,0.0634765625,0.74755859375,0.1258544921875
3044,M_1103_20y0m_1_dysfluent_099,0.056854248046875,0.14990234375,0.0831298828125,0.81982421875,0.16455078125
3045,M_1103_20y0m_1_dysfluent_100,0.12408447265625,0.438232421875,0.64013671875,0.342529296875,0.2127685546875
3046,M_1103_20y0m_1_dysfluent_101,0.0850830078125,0.50048828125,0.68701171875,0.08038330078125,0.0802001953125
3047,M_1103_20y0m_1_dysfluent_102,0.097900390625,0.493408203125,0.73681640625,0.1259765625,0.126953125
3048,M_1103_20y0m_1_dysfluent_103,0.10357666015625,0.475830078125,0.6708984375,0.190673828125,0.15087890625
3049,M_1103_20y0m_1_dysfluent_104,0.019989013671875,0.11376953125,0.02203369140625,0.1658935546875,0.15869140625
3050,M_1103_20y0m_1_dysfluent_105,0.05499267578125,0.11029052734375,0.0328369140625,0.19873046875,0.822265625
3051,M_1103_20y0m_1_dysfluent_106,0.031494140625,0.1104736328125,0.07342529296875,0.87451171875,0.11199951171875
3052,M_1103_20y0m_1_dysfluent_107,0.0293121337890625,0.239501953125,0.1925048828125,0.3251953125,0.056976318359375
3053,M_1103_20y0m_1_dysfluent_108,0.11962890625,0.52392578125,0.76806640625,0.162109375,0.1744384765625
3054,M_1103_20y0m_1_dysfluent_109,0.1456298828125,0.5283203125,0.7470703125,0.103759765625,0.11163330078125
3055,M_1103_20y0m_1_dysfluent_110,0.0738525390625,0.152099609375,0.0310821533203125,0.0272674560546875,0.70654296875
3056,M_1103_20y0m_1_dysfluent_111,0.12890625,0.3974609375,0.457763671875,0.1851806640625,0.59716796875
3057,M_1103_20y0m_1_dysfluent_112,0.03753662109375,0.12213134765625,0.027435302734375,0.046478271484375,0.5771484375
3058,M_1103_20y0m_1_dysfluent_113,0.66064453125,0.18603515625,0.03271484375,0.0108184814453125,0.06610107421875
3059,M_1103_20y0m_1_dysfluent_114,0.75244140625,0.194091796875,0.048492431640625,0.0192413330078125,0.09271240234375
3060,M_1103_20y0m_1_dysfluent_115,0.09857177734375,0.430419921875,0.398193359375,0.039642333984375,0.06634521484375
3061,M_1103_20y0m_1_dysfluent_116,0.09912109375,0.4814453125,0.6513671875,0.1015625,0.1121826171875
3062,M_1103_20y0m_1_dysfluent_117,0.11029052734375,0.50830078125,0.7705078125,0.1422119140625,0.12042236328125
3063,M_1103_20y0m_1_dysfluent_118,0.3271484375,0.189697265625,0.118408203125,0.455322265625,0.09283447265625
3064,M_1103_20y0m_1_dysfluent_119,0.1561279296875,0.276611328125,0.0567626953125,0.0097808837890625,0.0235595703125
3065,M_1103_20y0m_1_dysfluent_120,0.06488037109375,0.38134765625,0.1744384765625,0.0153656005859375,0.026458740234375
3066,M_1103_20y0m_1_dysfluent_121,0.03192138671875,0.1495361328125,0.0289764404296875,0.026611328125,0.022369384765625
3067,M_1103_20y0m_1_dysfluent_122,0.0165863037109375,0.19287109375,0.060516357421875,0.035400390625,0.046478271484375
3068,M_1103_20y0m_1_dysfluent_123,0.2237548828125,0.546875,0.671875,0.0765380859375,0.1190185546875
3069,M_1103_20y0m_1_dysfluent_124,0.04010009765625,0.1351318359375,0.0204925537109375,0.01953125,0.283935546875
3070,M_1103_20y0m_1_dysfluent_125,0.333251953125,0.229736328125,0.10760498046875,0.060089111328125,0.8876953125
3071,M_1103_20y0m_1_dysfluent_126,0.312255859375,0.1826171875,0.060516357421875,0.051177978515625,0.90380859375
3072,M_1103_20y0m_1_dysfluent_127,0.23876953125,0.224853515625,0.08343505859375,0.03424072265625,0.69677734375
3073,M_1103_20y0m_1_dysfluent_128,0.2119140625,0.51318359375,0.7197265625,0.13037109375,0.2335205078125
3074,M_1103_20y0m_1_dysfluent_129,0.2105712890625,0.51123046875,0.7421875,0.1529541015625,0.269775390625
3075,M_1103_20y0m_1_dysfluent_130,0.1541748046875,0.081787109375,0.0108184814453125,0.017303466796875,0.08038330078125
3076,M_1103_20y0m_1_dysfluent_131,0.3994140625,0.15625,0.0279083251953125,0.010528564453125,0.0390625
3077,M_1103_20y0m_1_dysfluent_132,0.03948974609375,0.1500244140625,0.0206451416015625,0.0083770751953125,0.0548095703125
3078,M_1103_20y0m_1_dysfluent_133,0.119384765625,0.50244140625,0.75830078125,0.12127685546875,0.1258544921875
3079,M_1103_20y0m_1_dysfluent_134,0.119384765625,0.50244140625,0.75830078125,0.12139892578125,0.1258544921875
3080,M_1103_20y0m_1_dysfluent_135,0.1297607421875,0.4931640625,0.77099609375,0.174560546875,0.1416015625
3081,M_1103_20y0m_1_dysfluent_136,0.1922607421875,0.39892578125,0.314697265625,0.04486083984375,0.146240234375
3082,M_1103_20y0m_1_dysfluent_137,0.152587890625,0.52587890625,0.7646484375,0.174560546875,0.173095703125
3083,M_1103_20y0m_1_dysfluent_138,0.1524658203125,0.52587890625,0.7646484375,0.174560546875,0.173095703125
3084,M_1103_20y0m_1_dysfluent_139,0.0223236083984375,0.1734619140625,0.025421142578125,0.0181884765625,0.022796630859375
3085,M_1103_20y0m_1_dysfluent_140,0.1436767578125,0.5419921875,0.767578125,0.1519775390625,0.179443359375
3086,M_1103_20y0m_1_dysfluent_141,0.145263671875,0.53125,0.7841796875,0.155029296875,0.15673828125
3087,M_1103_20y0m_1_dysfluent_142,0.145263671875,0.53125,0.7841796875,0.155029296875,0.15673828125
3088,M_1103_20y0m_1_dysfluent_143,0.222900390625,0.1339111328125,0.01322174072265625,0.0068511962890625,0.0390625
3089,M_1103_20y0m_1_dysfluent_144,0.355712890625,0.2293701171875,0.05340576171875,0.025421142578125,0.2152099609375
3090,M_1103_20y0m_1_dysfluent_145,0.1971435546875,0.52685546875,0.681640625,0.071044921875,0.10247802734375
3091,M_1103_20y0m_1_dysfluent_146,0.143798828125,0.418212890625,0.53515625,0.09857177734375,0.42724609375
3092,M_1103_20y0m_1_dysfluent_147,0.260498046875,0.437744140625,0.451171875,0.1319580078125,0.70849609375
3093,M_1103_20y0m_1_dysfluent_148,0.2362060546875,0.463623046875,0.56640625,0.1512451171875,0.56640625
3094,M_1103_20y0m_1_dysfluent_149,0.220458984375,0.475830078125,0.634765625,0.166259765625,0.48095703125
3095,M_1103_20y0m_1_dysfluent_150,0.06488037109375,0.1094970703125,0.0165863037109375,0.01751708984375,0.027587890625
3096,M_1103_20y0m_1_dysfluent_151,0.21728515625,0.53466796875,0.75,0.1409912109375,0.159912109375
3097,M_1103_20y0m_1_fluent_000,0.0222015380859375,0.0775146484375,0.021575927734375,0.31787109375,0.046112060546875
3098,M_1103_20y0m_1_fluent_001,0.01983642578125,0.0880126953125,0.0125732421875,0.020294189453125,0.03204345703125
3099,M_1103_20y0m_1_fluent_002,0.04876708984375,0.102294921875,0.0189056396484375,0.027374267578125,0.034088134765625
3100,M_1103_20y0m_1_fluent_003,0.029541015625,0.2440185546875,0.1529541015625,0.0751953125,0.080078125
3101,M_1103_20y0m_1_fluent_004,0.10174560546875,0.1563720703125,0.048492431640625,0.047882080078125,0.89990234375
3102,M_1103_20y0m_1_fluent_005,0.01495361328125,0.2010498046875,0.11163330078125,0.1124267578125,0.052825927734375
3103,M_1103_20y0m_1_fluent_006,0.046112060546875,0.224365234375,0.06842041015625,0.017913818359375,0.0192718505859375
3104,M_1103_20y0m_1_fluent_007,0.0296478271484375,0.07965087890625,0.0120086669921875,0.01666259765625,0.093505859375
3105,M_1103_20y0m_1_fluent_008,0.03521728515625,0.1048583984375,0.04681396484375,0.44091796875,0.107421875
3106,M_1103_20y0m_1_fluent_009,0.0162811279296875,0.2398681640625,0.08758544921875,0.035552978515625,0.0526123046875
3107,M_1103_20y0m_1_fluent_010,0.027587890625,0.326171875,0.277099609375,0.044189453125,0.053985595703125
3108,M_1103_20y0m_1_fluent_011,0.038330078125,0.292236328125,0.275634765625,0.27783203125,0.1739501953125
3109,M_1103_20y0m_1_fluent_012,0.0219879150390625,0.09136962890625,0.012481689453125,0.036346435546875,0.055938720703125
3110,M_1103_20y0m_1_fluent_013,0.0187225341796875,0.0982666015625,0.0219879150390625,0.0305023193359375,0.30419921875
3111,M_1103_20y0m_1_fluent_014,0.270751953125,0.1356201171875,0.03216552734375,0.02630615234375,0.67236328125
3112,M_1103_20y0m_1_fluent_015,0.09619140625,0.1094970703125,0.013275146484375,0.010406494140625,0.036712646484375
3113,M_1103_20y0m_1_fluent_016,0.046722412109375,0.13671875,0.03131103515625,0.022674560546875,0.03955078125
3114,M_1103_20y0m_1_fluent_017,0.039276123046875,0.2037353515625,0.04345703125,0.01666259765625,0.070556640625
3115,M_1103_20y0m_1_fluent_018,0.041229248046875,0.29443359375,0.1461181640625,0.0254669189453125,0.10284423828125
3116,M_1103_20y0m_1_fluent_019,0.06951904296875,0.1568603515625,0.1104736328125,0.90380859375,0.424560546875
3117,M_1103_20y0m_1_fluent_020,0.0163421630859375,0.12115478515625,0.03424072265625,0.0482177734375,0.362548828125
3118,M_1103_20y0m_1_fluent_021,0.240478515625,0.1778564453125,0.07720947265625,0.036163330078125,0.6435546875
3119,M_1103_20y0m_1_fluent_022,0.03033447265625,0.125244140625,0.0171051025390625,0.00945281982421875,0.05242919921875
3120,M_1103_20y0m_1_fluent_023,0.03948974609375,0.105224609375,0.04132080078125,0.62158203125,0.05059814453125
3121,M_1103_20y0m_1_fluent_024,0.09930419921875,0.1639404296875,0.04345703125,0.041534423828125,0.82373046875
3122,M_1103_20y0m_1_fluent_025,0.02655029296875,0.1927490234375,0.09173583984375,0.087890625,0.2744140625
3123,M_1103_20y0m_1_fluent_026,0.0762939453125,0.10992431640625,0.019683837890625,0.0244293212890625,0.47607421875
3124,M_1103_20y0m_1_fluent_027,0.78466796875,0.338623046875,0.147705078125,0.0592041015625,0.1685791015625
3125,M_1103_20y0m_1_fluent_028,0.0131683349609375,0.08477783203125,0.01507568359375,0.06292724609375,0.046905517578125
3126,M_1103_20y0m_1_fluent_029,0.0323486328125,0.081787109375,0.0129241943359375,0.0205230712890625,0.133544921875
3127,M_1103_20y0m_1_fluent_030,0.169921875,0.146728515625,0.052825927734375,0.083740234375,0.94384765625
3128,M_1103_20y0m_1_fluent_031,0.015716552734375,0.1368408203125,0.046722412109375,0.239501953125,0.255615234375
3129,M_1103_20y0m_1_fluent_032,0.0207672119140625,0.1844482421875,0.052825927734375,0.0247955322265625,0.053802490234375
3130,M_1103_20y0m_1_fluent_033,0.023773193359375,0.09368896484375,0.0153656005859375,0.01302337646484375,0.11279296875
3131,M_1103_20y0m_1_fluent_034,0.0212860107421875,0.10125732421875,0.0280609130859375,0.1668701171875,0.04400634765625
3132,M_1103_20y0m_1_fluent_035,0.022674560546875,0.1268310546875,0.02685546875,0.025665283203125,0.1236572265625
3133,M_1103_20y0m_1_fluent_036,0.295166015625,0.1302490234375,0.0203704833984375,0.0156707763671875,0.0943603515625
3134,M_1103_20y0m_1_fluent_037,0.046478271484375,0.1795654296875,0.045867919921875,0.017578125,0.0282745361328125
3135,M_1103_20y0m_1_fluent_038,0.025909423828125,0.09912109375,0.033721923828125,0.388427734375,0.03985595703125
3136,M_1103_20y0m_1_fluent_039,0.0252227783203125,0.147705078125,0.0299835205078125,0.01450347900390625,0.02801513671875
3137,M_1103_20y0m_1_fluent_040,0.0255126953125,0.1251220703125,0.030914306640625,0.03228759765625,0.228515625
3138,M_1103_20y0m_1_fluent_041,0.0203704833984375,0.087890625,0.01374053955078125,0.1240234375,0.0850830078125
3139,M_1103_20y0m_1_fluent_042,0.0975341796875,0.199951171875,0.05450439453125,0.02947998046875,0.172119140625
3140,M_1103_20y0m_1_fluent_043,0.020416259765625,0.10821533203125,0.0154876708984375,0.039794921875,0.05126953125
3141,M_1103_20y0m_1_fluent_044,0.0190582275390625,0.127685546875,0.023101806640625,0.01812744140625,0.09686279296875
3142,M_1103_20y0m_1_fluent_045,0.0831298828125,0.207275390625,0.054107666015625,0.01406097412109375,0.0521240234375
3143,M_1103_20y0m_1_fluent_046,0.0352783203125,0.2489013671875,0.0830078125,0.0258026123046875,0.0253753662109375
3144,M_1103_20y0m_1_fluent_047,0.03643798828125,0.28466796875,0.273193359375,0.09912109375,0.0369873046875
3145,M_1103_20y0m_1_fluent_048,0.0285491943359375,0.263671875,0.1563720703125,0.07318115234375,0.0284423828125
3146,M_1103_20y0m_1_fluent_049,0.027374267578125,0.092041015625,0.01322174072265625,0.0174407958984375,0.287353515625
3147,M_1103_20y0m_1_fluent_050,0.034698486328125,0.1588134765625,0.047515869140625,0.01678466796875,0.34375
3148,M_1103_20y0m_1_fluent_051,0.06866455078125,0.115966796875,0.0225067138671875,0.010986328125,0.2100830078125
3149,M_1103_20y0m_1_fluent_052,0.08709716796875,0.116943359375,0.0167236328125,0.01238250732421875,0.05645751953125
3150,M_1103_20y0m_1_fluent_053,0.0345458984375,0.278076171875,0.1297607421875,0.021240234375,0.046722412109375
3151,M_1103_20y0m_1_fluent_054,0.034759521484375,0.06768798828125,0.0104522705078125,0.042022705078125,0.453125
3152,M_1103_20y0m_1_fluent_055,0.026702880859375,0.11419677734375,0.028594970703125,0.0379638671875,0.255859375
3153,M_1103_20y0m_1_fluent_056,0.02069091796875,0.10125732421875,0.0163421630859375,0.04803466796875,0.044342041015625
3154,M_1103_20y0m_1_fluent_057,0.0360107421875,0.33837890625,0.2347412109375,0.050323486328125,0.0305633544921875
3155,M_1103_20y0m_1_fluent_058,0.042724609375,0.266845703125,0.10797119140625,0.0207977294921875,0.1649169921875
3156,M_1103_20y0m_1_fluent_059,0.0284881591796875,0.07684326171875,0.0110321044921875,0.0241851806640625,0.09930419921875
3157,M_1103_20y0m_1_fluent_060,0.0189361572265625,0.2432861328125,0.1927490234375,0.36474609375,0.041534423828125
3158,M_1103_20y0m_1_fluent_061,0.035400390625,0.1571044921875,0.02886962890625,0.01085662841796875,0.03662109375
3159,M_1103_20y0m_1_fluent_062,0.08740234375,0.10357666015625,0.0224609375,0.029541015625,0.67236328125
3160,M_1103_20y0m_1_fluent_063,0.021820068359375,0.09320068359375,0.01384735107421875,0.019683837890625,0.040313720703125
3161,M_1103_20y0m_1_fluent_064,0.06744384765625,0.11419677734375,0.026763916015625,0.0209197998046875,0.52783203125
3162,M_1103_20y0m_1_fluent_065,0.0234222412109375,0.140380859375,0.0386962890625,0.309814453125,0.272216796875
3163,M_1103_20y0m_1_fluent_066,0.02752685546875,0.355712890625,0.3623046875,0.054290771484375,0.06768798828125
3164,M_1103_20y0m_1_fluent_067,0.02423095703125,0.13818359375,0.03704833984375,0.057708740234375,0.28955078125
3165,M_1103_20y0m_1_fluent_068,0.038818359375,0.07794189453125,0.0137939453125,0.02484130859375,0.09979248046875
3166,M_1103_20y0m_1_fluent_069,0.052032470703125,0.1435546875,0.03173828125,0.03662109375,0.7041015625
3167,M_1103_20y0m_1_fluent_070,0.0216522216796875,0.25341796875,0.09039306640625,0.0287017822265625,0.054290771484375
3168,M_1103_20y0m_1_fluent_071,0.0460205078125,0.1796875,0.1429443359375,0.390625,0.57421875
3169,M_1103_20y0m_1_fluent_072,0.2032470703125,0.10687255859375,0.0226287841796875,0.0258636474609375,0.58251953125
3170,M_1103_20y0m_1_fluent_073,0.02069091796875,0.0782470703125,0.011962890625,0.027801513671875,0.28662109375
3171,M_1103_20y0m_1_fluent_074,0.01061248779296875,0.156982421875,0.059112548828125,0.21533203125,0.08209228515625
3172,M_1103_20y0m_1_fluent_075,0.021331787109375,0.168212890625,0.0374755859375,0.015716552734375,0.063232421875
3173,M_1103_20y0m_1_fluent_076,0.029754638671875,0.11279296875,0.021484375,0.0150146484375,0.1044921875
3174,M_1103_20y0m_1_fluent_077,0.01129150390625,0.1539306640625,0.06817626953125,0.28515625,0.07763671875
3175,M_1103_20y0m_1_fluent_078,0.0196380615234375,0.07574462890625,0.0142822265625,0.1602783203125,0.07708740234375
3176,M_1103_20y0m_1_fluent_079,0.0276947021484375,0.0975341796875,0.0163421630859375,0.01287078857421875,0.1417236328125
3177,M_1103_20y0m_1_fluent_080,0.050323486328125,0.22216796875,0.059661865234375,0.01666259765625,0.03338623046875
3178,M_1103_20y0m_1_fluent_081,0.063232421875,0.38671875,0.359130859375,0.05987548828125,0.09930419921875
3179,M_1103_20y0m_1_fluent_082,0.06781005859375,0.1685791015625,0.02752685546875,0.01090240478515625,0.1826171875
3180,M_1103_20y0m_1_fluent_083,0.0268096923828125,0.10723876953125,0.02276611328125,0.057708740234375,0.40625
3181,M_1103_20y0m_1_fluent_084,0.046905517578125,0.10302734375,0.01348114013671875,0.018768310546875,0.11297607421875
3182,M_1103_20y0m_1_fluent_085,0.0227203369140625,0.085693359375,0.0153656005859375,0.0235137939453125,0.2322998046875
3183,M_1103_20y0m_1_fluent_086,0.019683837890625,0.1282958984375,0.037811279296875,0.030670166015625,0.316162109375
3184,M_1103_20y0m_1_fluent_087,0.303466796875,0.140625,0.0212860107421875,0.016021728515625,0.080810546875
3185,M_1103_20y0m_1_fluent_088,0.1376953125,0.45458984375,0.32568359375,0.04083251953125,0.05792236328125
3186,M_1103_20y0m_1_fluent_089,0.0299835205078125,0.2166748046875,0.06854248046875,0.02423095703125,0.04638671875
3187,M_1103_20y0m_1_fluent_090,0.03289794921875,0.13330078125,0.0394287109375,0.04876708984375,0.04486083984375
3188,M_1103_20y0m_1_fluent_091,0.0150146484375,0.12249755859375,0.0199432373046875,0.027587890625,0.0203399658203125
3189,M_1103_20y0m_1_fluent_092,0.03326416015625,0.1231689453125,0.020843505859375,0.0143890380859375,0.277099609375
3190,M_1103_20y0m_1_fluent_093,0.0325927734375,0.2481689453125,0.0938720703125,0.021820068359375,0.15576171875
3191,M_1103_20y0m_1_fluent_094,0.036773681640625,0.1964111328125,0.043212890625,0.0119171142578125,0.0509033203125
3192,M_1103_20y0m_1_fluent_095,0.018341064453125,0.17724609375,0.058563232421875,0.06890869140625,0.1724853515625
3193,M_1103_20y0m_1_fluent_096,0.0302734375,0.3095703125,0.1591796875,0.02752685546875,0.02532958984375
3194,M_1103_20y0m_1_fluent_097,0.0531005859375,0.16015625,0.12249755859375,0.88916015625,0.38134765625
3195,M_1103_20y0m_1_fluent_098,0.06585693359375,0.1810302734375,0.09136962890625,0.09552001953125,0.82958984375
3196,M_1103_20y0m_1_fluent_099,0.07196044921875,0.269287109375,0.217529296875,0.1756591796875,0.82568359375
3197,M_1103_20y0m_1_fluent_100,0.022674560546875,0.11297607421875,0.0305633544921875,0.03656005859375,0.457275390625
3198,M_1103_20y0m_1_fluent_101,0.0210418701171875,0.0970458984375,0.016845703125,0.03240966796875,0.07318115234375
3199,M_1103_20y0m_1_fluent_102,0.218994140625,0.12139892578125,0.0202484130859375,0.0129241943359375,0.217529296875
3200,M_1103_20y0m_1_fluent_103,0.0260009765625,0.2998046875,0.3115234375,0.283935546875,0.056549072265625
3201,M_1103_20y0m_1_fluent_104,0.01983642578125,0.143798828125,0.039947509765625,0.05126953125,0.0189056396484375
3202,M_1103_20y0m_1_fluent_105,0.0194244384765625,0.1845703125,0.070556640625,0.36181640625,0.256103515625
3203,M_1103_20y0m_1_fluent_106,0.0316162109375,0.2900390625,0.179443359375,0.042083740234375,0.07891845703125
3204,M_1103_20y0m_1_fluent_107,0.058990478515625,0.224609375,0.114990234375,0.372314453125,0.19677734375
3205,M_1103_20y0m_1_fluent_108,0.034698486328125,0.32763671875,0.2069091796875,0.037109375,0.038238525390625
3206,M_1103_20y0m_1_fluent_109,0.057373046875,0.0938720703125,0.01267242431640625,0.00885009765625,0.1131591796875
3207,M_1103_20y0m_1_fluent_110,0.73486328125,0.30322265625,0.1292724609375,0.046295166015625,0.06866455078125
3208,M_1103_20y0m_1_fluent_111,0.059112548828125,0.134033203125,0.0849609375,0.86181640625,0.5517578125
3209,M_1103_20y0m_1_fluent_112,0.01983642578125,0.1448974609375,0.11578369140625,0.74169921875,0.097412109375
3210,M_1103_20y0m_1_fluent_113,0.0192718505859375,0.1951904296875,0.07330322265625,0.07965087890625,0.0248870849609375
3211,M_1103_20y0m_1_fluent_114,0.021240234375,0.17724609375,0.049041748046875,0.019561767578125,0.0273284912109375
3212,M_1103_20y0m_1_fluent_115,0.01061248779296875,0.1314697265625,0.080810546875,0.28076171875,0.28466796875
3213,M_1103_20y0m_1_fluent_116,0.020965576171875,0.21630859375,0.08282470703125,0.027008056640625,0.03314208984375
3214,M_1103_20y0m_1_fluent_117,0.041534423828125,0.284423828125,0.21630859375,0.1353759765625,0.0276336669921875
3215,M_1103_20y0m_1_fluent_118,0.05560302734375,0.0889892578125,0.01384735107421875,0.048858642578125,0.50927734375
3216,M_1103_20y0m_1_fluent_119,0.060089111328125,0.172607421875,0.04010009765625,0.0283355712890625,0.17333984375
3217,M_1103_20y0m_1_fluent_120,0.02423095703125,0.0948486328125,0.01358795166015625,0.027069091796875,0.02886962890625
3218,M_1103_20y0m_1_fluent_121,0.01358795166015625,0.10302734375,0.0460205078125,0.458740234375,0.138916015625
3219,M_1103_20y0m_1_fluent_122,0.04296875,0.24853515625,0.10687255859375,0.028106689453125,0.06597900390625
3220,M_1103_20y0m_1_fluent_123,0.0164642333984375,0.0751953125,0.018585205078125,0.425048828125,0.1378173828125
3221,M_1103_20y0m_1_fluent_124,0.1041259765625,0.1434326171875,0.039947509765625,0.0311431884765625,0.7783203125
3222,M_1103_20y0m_1_fluent_125,0.072509765625,0.3525390625,0.255615234375,0.04443359375,0.0302734375
3223,M_1103_20y0m_1_fluent_126,0.015777587890625,0.0831298828125,0.01433563232421875,0.0638427734375,0.0574951171875
3224,M_1103_20y0m_1_fluent_127,0.0246124267578125,0.10723876953125,0.0162200927734375,0.0101318359375,0.09912109375
3225,M_1103_20y0m_1_fluent_128,0.0216217041015625,0.10650634765625,0.0163421630859375,0.01214599609375,0.04949951171875
3226,M_1103_20y0m_1_fluent_129,0.1728515625,0.1439208984375,0.0386962890625,0.0360107421875,0.58203125
3227,M_1103_20y0m_1_fluent_130,0.0863037109375,0.08831787109375,0.013275146484375,0.0247955322265625,0.1337890625
3228,M_1103_20y0m_1_fluent_131,0.0232391357421875,0.169189453125,0.077392578125,0.14013671875,0.045440673828125
3229,M_1103_20y0m_1_fluent_132,0.0193023681640625,0.08123779296875,0.01085662841796875,0.0228424072265625,0.120849609375
3230,M_1103_20y0m_1_fluent_133,0.1229248046875,0.1943359375,0.050048828125,0.03424072265625,0.82666015625
3231,M_1103_20y0m_1_fluent_134,0.015777587890625,0.160400390625,0.1199951171875,0.697265625,0.07330322265625
3232,M_1103_20y0m_1_fluent_135,0.0201416015625,0.0809326171875,0.0215301513671875,0.1953125,0.056854248046875
3233,M_1103_20y0m_1_fluent_136,0.02069091796875,0.10089111328125,0.022674560546875,0.057586669921875,0.25146484375
3234,M_1103_20y0m_1_fluent_137,0.1163330078125,0.3779296875,0.41943359375,0.08648681640625,0.53955078125
3235,M_1103_20y0m_1_fluent_138,0.11553955078125,0.333251953125,0.132568359375,0.01473236083984375,0.0295867919921875
3236,M_1103_20y0m_1_fluent_139,0.03790283203125,0.300048828125,0.138916015625,0.024139404296875,0.07977294921875
3237,M_1103_20y0m_1_fluent_140,0.0230712890625,0.143798828125,0.050811767578125,0.0704345703125,0.55859375
3238,M_1103_20y0m_1_fluent_141,0.0310211181640625,0.10174560546875,0.0127716064453125,0.0258636474609375,0.200927734375
3239,M_1103_20y0m_1_fluent_142,0.0232391357421875,0.138671875,0.042633056640625,0.1827392578125,0.1436767578125
3240,M_1103_20y0m_1_fluent_143,0.01473236083984375,0.10357666015625,0.014556884765625,0.0204925537109375,0.047607421875
3241,M_1103_20y0m_1_fluent_144,0.0304412841796875,0.1285400390625,0.03253173828125,0.0560302734375,0.509765625
3242,M_1103_20y0m_1_fluent_145,0.0633544921875,0.1201171875,0.031982421875,0.058013916015625,0.822265625
3243,M_1103_20y0m_1_fluent_146,0.035003662109375,0.06854248046875,0.01078033447265625,0.07366943359375,0.4453125
3244,M_1103_20y0m_1_fluent_147,0.04083251953125,0.2060546875,0.036224365234375,0.0115966796875,0.0242767333984375
3245,M_1103_20y0m_1_fluent_148,0.023101806640625,0.1231689453125,0.0299835205078125,0.036285400390625,0.2259521484375
3246,M_1103_20y0m_1_fluent_149,0.0212860107421875,0.2232666015625,0.0699462890625,0.0216522216796875,0.04132080078125
3247,M_1103_20y0m_1_fluent_150,0.1546630859375,0.15869140625,0.04803466796875,0.03240966796875,0.6064453125
3248,M_1103_20y0m_1_fluent_151,0.03448486328125,0.118408203125,0.0170440673828125,0.0125732421875,0.0251312255859375
3249,M_1103_20y0m_1_fluent_152,0.07208251953125,0.1749267578125,0.030731201171875,0.017578125,0.1104736328125
3250,M_1103_20y0m_1_fluent_153,0.029815673828125,0.1627197265625,0.035614013671875,0.036163330078125,0.32861328125
3251,M_1103_20y0m_1_fluent_154,0.427001953125,0.468505859375,0.308837890625,0.051666259765625,0.13134765625
3252,M_1103_20y0m_1_fluent_155,0.0276336669921875,0.2371826171875,0.255859375,0.55517578125,0.07720947265625
3253,M_1103_20y0m_1_fluent_156,0.0369873046875,0.07598876953125,0.01262664794921875,0.0207977294921875,0.06951904296875
3254,M_1103_20y0m_1_fluent_157,0.2012939453125,0.1630859375,0.0582275390625,0.06964111328125,0.93701171875
3255,M_1103_20y0m_1_fluent_158,0.09283447265625,0.168212890625,0.04779052734375,0.04913330078125,0.87255859375
3256,M_1103_20y0m_1_fluent_159,0.042022705078125,0.319580078125,0.2203369140625,0.033721923828125,0.04345703125
3257,M_1103_20y0m_1_fluent_160,0.01107025146484375,0.180419921875,0.1396484375,0.3955078125,0.08197021484375
3258,M_1103_20y0m_1_fluent_161,0.045013427734375,0.140869140625,0.0258636474609375,0.0162811279296875,0.058990478515625
3259,M_1103_20y0m_1_fluent_162,0.01422882080078125,0.09844970703125,0.017181396484375,0.079345703125,0.020599365234375
3260,M_1103_20y0m_1_fluent_163,0.0162200927734375,0.09637451171875,0.02386474609375,0.0592041015625,0.50048828125
3261,M_1103_20y0m_1_fluent_164,0.043365478515625,0.0849609375,0.0127716064453125,0.02838134765625,0.10968017578125
3262,M_1103_20y0m_1_fluent_165,0.037322998046875,0.1844482421875,0.04913330078125,0.024658203125,0.042083740234375
3263,M_1103_20y0m_1_fluent_166,0.0150146484375,0.2021484375,0.050323486328125,0.022674560546875,0.042022705078125
3264,M_1103_20y0m_1_fluent_167,0.02447509765625,0.10687255859375,0.0244293212890625,0.0709228515625,0.5498046875
3265,M_1103_20y0m_1_fluent_168,0.030731201171875,0.28515625,0.14697265625,0.03338623046875,0.043609619140625
3266,M_1103_20y0m_1_fluent_169,0.0323486328125,0.2413330078125,0.2047119140625,0.14306640625,0.163818359375
3267,M_1103_20y0m_1_fluent_170,0.04132080078125,0.12890625,0.08538818359375,0.900390625,0.29931640625
3268,M_1103_20y0m_1_fluent_171,0.037750244140625,0.09844970703125,0.0142822265625,0.0233306884765625,0.056243896484375
3269,M_1103_20y0m_1_fluent_172,0.0216522216796875,0.234375,0.1903076171875,0.308837890625,0.033477783203125
3270,M_1104_40y0m_1_dysfluent_000,0.31005859375,0.10174560546875,0.01473236083984375,0.0117340087890625,0.36669921875
3271,M_1104_40y0m_1_dysfluent_001,0.53271484375,0.14404296875,0.0293731689453125,0.010986328125,0.04595947265625
3272,M_1104_40y0m_1_dysfluent_002,0.54833984375,0.1259765625,0.022369384765625,0.01374053955078125,0.1202392578125
3273,M_1104_40y0m_1_dysfluent_003,0.52783203125,0.1790771484375,0.06744384765625,0.0504150390625,0.81640625
3274,M_1104_40y0m_1_dysfluent_004,0.50927734375,0.1676025390625,0.058563232421875,0.043212890625,0.79248046875
3275,M_1104_40y0m_1_dysfluent_005,0.36572265625,0.177490234375,0.054412841796875,0.042083740234375,0.87060546875
3276,M_1104_40y0m_1_dysfluent_006,0.5859375,0.2384033203125,0.052825927734375,0.00919342041015625,0.044586181640625
3277,M_1104_40y0m_1_dysfluent_007,0.0634765625,0.301025390625,0.223876953125,0.041473388671875,0.4013671875
3278,M_1104_40y0m_1_dysfluent_008,0.193359375,0.351806640625,0.1845703125,0.01519012451171875,0.07781982421875
3279,M_1104_40y0m_1_dysfluent_009,0.328857421875,0.1287841796875,0.03173828125,0.0294189453125,0.8251953125
3280,M_1104_40y0m_1_dysfluent_010,0.227783203125,0.1319580078125,0.03271484375,0.0304412841796875,0.86767578125
3281,M_1104_40y0m_1_dysfluent_011,0.29931640625,0.409423828125,0.2001953125,0.01363372802734375,0.027069091796875
3282,M_1104_40y0m_1_dysfluent_012,0.791015625,0.21337890625,0.059967041015625,0.029144287109375,0.1451416015625
3283,M_1104_40y0m_1_dysfluent_013,0.73046875,0.16748046875,0.034759521484375,0.0153656005859375,0.0872802734375
3284,M_1104_40y0m_1_dysfluent_014,0.58251953125,0.321044921875,0.10595703125,0.01036834716796875,0.0333251953125
3285,M_1104_40y0m_1_dysfluent_015,0.415283203125,0.486083984375,0.4091796875,0.035064697265625,0.09930419921875
3286,M_1104_40y0m_1_dysfluent_016,0.162109375,0.1468505859375,0.0200958251953125,0.0095977783203125,0.0285491943359375
3287,M_1104_40y0m_1_dysfluent_017,0.1966552734375,0.17529296875,0.029083251953125,0.01016998291015625,0.022369384765625
3288,M_1104_40y0m_1_dysfluent_018,0.15380859375,0.1798095703125,0.036224365234375,0.01358795166015625,0.02752685546875
3289,M_1104_40y0m_1_dysfluent_019,0.08447265625,0.1658935546875,0.02655029296875,0.01078033447265625,0.08209228515625
3290,M_1104_40y0m_1_dysfluent_020,0.08447265625,0.1658935546875,0.02655029296875,0.01078033447265625,0.08209228515625
3291,M_1104_40y0m_1_dysfluent_021,0.11993408203125,0.393310546875,0.318603515625,0.031494140625,0.149658203125
3292,M_1104_40y0m_1_dysfluent_022,0.59228515625,0.1868896484375,0.03875732421875,0.0119171142578125,0.1390380859375
3293,M_1104_40y0m_1_dysfluent_023,0.59228515625,0.1868896484375,0.03875732421875,0.0119171142578125,0.1390380859375
3294,M_1104_40y0m_1_dysfluent_024,0.529296875,0.174560546875,0.02606201171875,0.00847625732421875,0.04351806640625
3295,M_1104_40y0m_1_dysfluent_025,0.299560546875,0.444091796875,0.25244140625,0.01861572265625,0.045867919921875
3296,M_1104_40y0m_1_dysfluent_026,0.416748046875,0.1573486328125,0.04351806640625,0.03521728515625,0.8310546875
3297,M_1104_40y0m_1_dysfluent_027,0.464111328125,0.164306640625,0.050811767578125,0.040008544921875,0.83251953125
3298,M_1104_40y0m_1_dysfluent_028,0.499755859375,0.1427001953125,0.02447509765625,0.007755279541015625,0.046478271484375
3299,M_1104_40y0m_1_dysfluent_029,0.41552734375,0.194580078125,0.03265380859375,0.006824493408203125,0.0352783203125
3300,M_1104_40y0m_1_dysfluent_030,0.415771484375,0.194580078125,0.03265380859375,0.006824493408203125,0.0352783203125
3301,M_1104_40y0m_1_dysfluent_031,0.2822265625,0.5546875,0.67822265625,0.08282470703125,0.1405029296875
3302,M_1104_40y0m_1_dysfluent_032,0.6201171875,0.447998046875,0.298828125,0.03277587890625,0.07684326171875
3303,M_1104_40y0m_1_dysfluent_033,0.66552734375,0.2391357421875,0.055419921875,0.01322174072265625,0.047882080078125
3304,M_1104_40y0m_1_dysfluent_034,0.72314453125,0.235107421875,0.05706787109375,0.0170440673828125,0.055419921875
3305,M_1104_40y0m_1_dysfluent_035,0.154541015625,0.5166015625,0.640625,0.0548095703125,0.07305908203125
3306,M_1104_40y0m_1_dysfluent_036,0.1610107421875,0.1820068359375,0.043121337890625,0.034423828125,0.76708984375
3307,M_1104_40y0m_1_dysfluent_037,0.09088134765625,0.1864013671875,0.11279296875,0.8408203125,0.6279296875
3308,M_1104_40y0m_1_dysfluent_038,0.12274169921875,0.272705078125,0.236328125,0.85693359375,0.25537109375
3309,M_1104_40y0m_1_dysfluent_039,0.6025390625,0.47265625,0.341064453125,0.040771484375,0.1104736328125
3310,M_1104_40y0m_1_dysfluent_040,0.7412109375,0.217529296875,0.049591064453125,0.01358795166015625,0.05645751953125
3311,M_1104_40y0m_1_dysfluent_041,0.751953125,0.302490234375,0.10797119140625,0.0276947021484375,0.1837158203125
3312,M_1104_40y0m_1_dysfluent_042,0.28369140625,0.1087646484375,0.018646240234375,0.01358795166015625,0.453125
3313,M_1104_40y0m_1_dysfluent_043,0.46484375,0.186279296875,0.036285400390625,0.01056671142578125,0.050506591796875
3314,M_1104_40y0m_1_dysfluent_044,0.307373046875,0.1676025390625,0.0254669189453125,0.00766754150390625,0.02532958984375
3315,M_1104_40y0m_1_dysfluent_045,0.310791015625,0.5146484375,0.53271484375,0.119384765625,0.179443359375
3316,M_1104_40y0m_1_dysfluent_046,0.255126953125,0.1456298828125,0.018798828125,0.0087432861328125,0.07763671875
3317,M_1104_40y0m_1_dysfluent_047,0.5439453125,0.2001953125,0.043365478515625,0.00881195068359375,0.05645751953125
3318,M_1104_40y0m_1_dysfluent_048,0.1729736328125,0.537109375,0.546875,0.038818359375,0.0706787109375
3319,M_1104_40y0m_1_dysfluent_049,0.62890625,0.467529296875,0.32568359375,0.03643798828125,0.102294921875
3320,M_1104_40y0m_1_dysfluent_050,0.53515625,0.1744384765625,0.0374755859375,0.01812744140625,0.365478515625
3321,M_1104_40y0m_1_dysfluent_051,0.66259765625,0.2020263671875,0.048492431640625,0.01554107666015625,0.181640625
3322,M_1104_40y0m_1_dysfluent_053,0.2132568359375,0.295654296875,0.0872802734375,0.00905609130859375,0.0229339599609375
3323,M_1104_40y0m_1_dysfluent_054,0.52783203125,0.2452392578125,0.077392578125,0.04742431640625,0.1014404296875
3324,M_1104_40y0m_1_dysfluent_055,0.63720703125,0.2646484375,0.09222412109375,0.027374267578125,0.0615234375
3325,M_1104_40y0m_1_dysfluent_056,0.0784912109375,0.274658203125,0.07879638671875,0.017852783203125,0.01983642578125
3326,M_1104_40y0m_1_dysfluent_057,0.63330078125,0.21337890625,0.06549072265625,0.0247039794921875,0.444091796875
3327,M_1104_40y0m_1_dysfluent_058,0.640625,0.1964111328125,0.059539794921875,0.024566650390625,0.486328125
3328,M_1104_40y0m_1_dysfluent_059,0.21044921875,0.128662109375,0.0248870849609375,0.024932861328125,0.77099609375
3329,M_1104_40y0m_1_dysfluent_060,0.6044921875,0.478271484375,0.390869140625,0.037811279296875,0.08978271484375
3330,M_1104_40y0m_1_dysfluent_061,0.6044921875,0.478271484375,0.390869140625,0.037811279296875,0.08978271484375
3331,M_1104_40y0m_1_dysfluent_062,0.345458984375,0.1339111328125,0.0300445556640625,0.0224151611328125,0.658203125
3332,M_1104_40y0m_1_dysfluent_063,0.0823974609375,0.420166015625,0.66943359375,0.2362060546875,0.109130859375
3333,M_1104_40y0m_1_dysfluent_064,0.25927734375,0.53271484375,0.6748046875,0.08978271484375,0.10992431640625
3334,M_1104_40y0m_1_dysfluent_065,0.372314453125,0.533203125,0.62646484375,0.06085205078125,0.10107421875
3335,M_1104_40y0m_1_dysfluent_066,0.544921875,0.2088623046875,0.041839599609375,0.0119171142578125,0.070068359375
3336,M_1104_40y0m_1_dysfluent_067,0.04248046875,0.11297607421875,0.01287078857421875,0.0115509033203125,0.042022705078125
3337,M_1104_40y0m_1_dysfluent_068,0.1727294921875,0.324951171875,0.09185791015625,0.0142822265625,0.02386474609375
3338,M_1104_40y0m_1_dysfluent_069,0.17138671875,0.169677734375,0.0240020751953125,0.0103302001953125,0.058135986328125
3339,M_1104_40y0m_1_dysfluent_070,0.435302734375,0.1419677734375,0.0202178955078125,0.0083770751953125,0.0318603515625
3340,M_1104_40y0m_1_dysfluent_071,0.038909912109375,0.14453125,0.0261993408203125,0.03155517578125,0.05126953125
3341,M_1104_40y0m_1_dysfluent_072,0.029083251953125,0.1334228515625,0.019866943359375,0.0239105224609375,0.03271484375
3342,M_1104_40y0m_1_dysfluent_073,0.029205322265625,0.307861328125,0.1041259765625,0.018829345703125,0.04931640625
3343,M_1104_40y0m_1_dysfluent_074,0.0360107421875,0.179931640625,0.0293121337890625,0.0165863037109375,0.04376220703125
3344,M_1104_40y0m_1_dysfluent_075,0.57666015625,0.163818359375,0.033203125,0.009857177734375,0.046539306640625
3345,M_1104_40y0m_1_dysfluent_076,0.07598876953125,0.2252197265625,0.05865478515625,0.01512908935546875,0.306640625
3346,M_1104_40y0m_1_dysfluent_077,0.073974609375,0.1300048828125,0.0154266357421875,0.00701141357421875,0.023468017578125
3347,M_1104_40y0m_1_dysfluent_078,0.41015625,0.533203125,0.62109375,0.07611083984375,0.12408447265625
3348,M_1104_40y0m_1_dysfluent_079,0.2193603515625,0.51708984375,0.483154296875,0.033966064453125,0.0469970703125
3349,M_1104_40y0m_1_dysfluent_080,0.33740234375,0.1495361328125,0.020843505859375,0.006122589111328125,0.031494140625
3350,M_1104_40y0m_1_dysfluent_081,0.490234375,0.1490478515625,0.04779052734375,0.034027099609375,0.7802734375
3351,M_1104_40y0m_1_dysfluent_082,0.41796875,0.1396484375,0.0208892822265625,0.00926971435546875,0.07208251953125
3352,M_1104_40y0m_1_dysfluent_083,0.55322265625,0.1961669921875,0.035736083984375,0.01009368896484375,0.048492431640625
3353,M_1104_40y0m_1_dysfluent_084,0.2080078125,0.381591796875,0.1470947265625,0.01322174072265625,0.0312042236328125
3354,M_1104_40y0m_1_dysfluent_085,0.1822509765625,0.52099609375,0.6005859375,0.05108642578125,0.064208984375
3355,M_1104_40y0m_1_dysfluent_086,0.1702880859375,0.509765625,0.52392578125,0.048309326171875,0.0455322265625
3356,M_1104_40y0m_1_dysfluent_087,0.290283203125,0.427978515625,0.205078125,0.017852783203125,0.0552978515625
3357,M_1104_40y0m_1_dysfluent_088,0.77197265625,0.227294921875,0.05706787109375,0.018157958984375,0.0765380859375
3358,M_1104_40y0m_1_dysfluent_089,0.5771484375,0.1650390625,0.02691650390625,0.00930023193359375,0.05792236328125
3359,M_1104_40y0m_1_dysfluent_090,0.04083251953125,0.1412353515625,0.0200653076171875,0.0156707763671875,0.0171051025390625
3360,M_1104_40y0m_1_dysfluent_091,0.7978515625,0.2325439453125,0.06597900390625,0.02532958984375,0.1114501953125
3361,M_1104_40y0m_1_dysfluent_092,0.045440673828125,0.1591796875,0.020294189453125,0.01146697998046875,0.0147857666015625
3362,M_1104_40y0m_1_dysfluent_093,0.12408447265625,0.258544921875,0.048309326171875,0.008880615234375,0.017913818359375
3363,M_1104_40y0m_1_dysfluent_094,0.227783203125,0.40234375,0.485107421875,0.441162109375,0.1240234375
3364,M_1104_40y0m_1_dysfluent_095,0.22802734375,0.40234375,0.485107421875,0.441162109375,0.1240234375
3365,M_1104_40y0m_1_dysfluent_096,0.158935546875,0.253662109375,0.0469970703125,0.0083465576171875,0.0165863037109375
3366,M_1104_40y0m_1_dysfluent_097,0.734375,0.1728515625,0.038177490234375,0.020294189453125,0.1370849609375
3367,M_1104_40y0m_1_dysfluent_098,0.1971435546875,0.421142578125,0.22900390625,0.01302337646484375,0.035003662109375
3368,M_1104_40y0m_1_dysfluent_099,0.6328125,0.1805419921875,0.036712646484375,0.01024627685546875,0.043609619140625
3369,M_1104_40y0m_1_dysfluent_100,0.057586669921875,0.1627197265625,0.021209716796875,0.00844573974609375,0.026702880859375
3370,M_1104_40y0m_1_dysfluent_101,0.39111328125,0.147705078125,0.021240234375,0.006744384765625,0.054901123046875
3371,M_1104_40y0m_1_dysfluent_102,0.359130859375,0.2076416015625,0.03167724609375,0.0082550048828125,0.036895751953125
3372,M_1104_40y0m_1_dysfluent_103,0.13623046875,0.36767578125,0.1131591796875,0.0094146728515625,0.0190582275390625
3373,M_1104_40y0m_1_dysfluent_104,0.1668701171875,0.1856689453125,0.0296478271484375,0.0095977783203125,0.0177764892578125
3374,M_1104_40y0m_1_dysfluent_105,0.1175537109375,0.457275390625,0.33349609375,0.01934814453125,0.03985595703125
3375,M_1104_40y0m_1_dysfluent_106,0.424560546875,0.3408203125,0.361083984375,0.5146484375,0.1640625
3376,M_1104_40y0m_1_dysfluent_107,0.346923828125,0.12249755859375,0.01554107666015625,0.00844573974609375,0.0311431884765625
3377,M_1104_40y0m_1_dysfluent_108,0.344482421875,0.1597900390625,0.025421142578125,0.006122589111328125,0.03265380859375
3378,M_1104_40y0m_1_dysfluent_109,0.67626953125,0.218505859375,0.048492431640625,0.0119171142578125,0.047698974609375
3379,M_1104_40y0m_1_dysfluent_110,0.6953125,0.2264404296875,0.053009033203125,0.011688232421875,0.042388916015625
3380,M_1104_40y0m_1_dysfluent_111,0.6953125,0.2264404296875,0.053009033203125,0.011688232421875,0.042388916015625
3381,M_1104_40y0m_1_dysfluent_112,0.31689453125,0.396728515625,0.296875,0.0439453125,0.135986328125
3382,M_1104_40y0m_1_dysfluent_113,0.157470703125,0.232177734375,0.042724609375,0.010528564453125,0.018798828125
3383,M_1104_40y0m_1_dysfluent_114,0.304931640625,0.311279296875,0.2303466796875,0.46923828125,0.2489013671875
3384,M_1104_40y0m_1_dysfluent_115,0.227294921875,0.2032470703125,0.1015625,0.63671875,0.1876220703125
3385,M_1104_40y0m_1_dysfluent_116,0.5419921875,0.1866455078125,0.033843994140625,0.0087432861328125,0.035614013671875
3386,M_1104_40y0m_1_dysfluent_117,0.390869140625,0.494384765625,0.344970703125,0.031494140625,0.0633544921875
3387,M_1104_40y0m_1_dysfluent_118,0.2418212890625,0.365966796875,0.146484375,0.014556884765625,0.0439453125
3388,M_1104_40y0m_1_dysfluent_119,0.5732421875,0.157470703125,0.0256195068359375,0.0125732421875,0.07330322265625
3389,M_1104_40y0m_1_dysfluent_120,0.6259765625,0.167724609375,0.0322265625,0.01238250732421875,0.0618896484375
3390,M_1104_40y0m_1_dysfluent_121,0.093017578125,0.275634765625,0.0633544921875,0.009124755859375,0.03265380859375
3391,M_1104_40y0m_1_dysfluent_122,0.08404541015625,0.278076171875,0.05706787109375,0.009124755859375,0.0299224853515625
3392,M_1104_40y0m_1_dysfluent_123,0.662109375,0.1998291015625,0.0413818359375,0.01111602783203125,0.057708740234375
3393,M_1104_40y0m_1_dysfluent_124,0.44091796875,0.20947265625,0.038604736328125,0.007549285888671875,0.055816650390625
3394,M_1104_40y0m_1_dysfluent_125,0.06854248046875,0.33837890625,0.1256103515625,0.01384735107421875,0.0171051025390625
3395,M_1104_40y0m_1_dysfluent_126,0.48681640625,0.152099609375,0.0489501953125,0.032470703125,0.76513671875
3396,M_1104_40y0m_1_dysfluent_127,0.28271484375,0.50537109375,0.69189453125,0.1412353515625,0.183837890625
3397,M_1104_40y0m_1_dysfluent_128,0.1348876953125,0.5263671875,0.76904296875,0.1444091796875,0.1214599609375
3398,M_1104_40y0m_1_dysfluent_129,0.11798095703125,0.134033203125,0.0170440673828125,0.0070953369140625,0.02880859375
3399,M_1104_40y0m_1_dysfluent_130,0.041839599609375,0.26611328125,0.152099609375,0.04010009765625,0.1337890625
3400,M_1104_40y0m_1_dysfluent_131,0.160888671875,0.51953125,0.66162109375,0.12042236328125,0.2252197265625
3401,M_1104_40y0m_1_dysfluent_132,0.1943359375,0.496337890625,0.58544921875,0.12054443359375,0.357421875
3402,M_1104_40y0m_1_dysfluent_133,0.177001953125,0.472900390625,0.625,0.20703125,0.5126953125
3403,M_1104_40y0m_1_dysfluent_134,0.038909912109375,0.2939453125,0.09722900390625,0.015899658203125,0.0192718505859375
3404,M_1104_40y0m_1_dysfluent_135,0.1253662109375,0.3896484375,0.157958984375,0.01078033447265625,0.0184783935546875
3405,M_1104_40y0m_1_dysfluent_136,0.43408203125,0.11798095703125,0.0285491943359375,0.021697998046875,0.6220703125
3406,M_1104_40y0m_1_dysfluent_137,0.1710205078125,0.431640625,0.291748046875,0.017242431640625,0.08197021484375
3407,M_1104_40y0m_1_dysfluent_138,0.6201171875,0.2264404296875,0.08447265625,0.046295166015625,0.71533203125
3408,M_1104_40y0m_1_dysfluent_139,0.810546875,0.2705078125,0.090087890625,0.033477783203125,0.13427734375
3409,M_1104_40y0m_1_dysfluent_140,0.78564453125,0.2401123046875,0.06768798828125,0.0246124267578125,0.110107421875
3410,M_1104_40y0m_1_dysfluent_141,0.67236328125,0.2239990234375,0.0469970703125,0.0097808837890625,0.05511474609375
3411,M_1104_40y0m_1_dysfluent_142,0.356201171875,0.30419921875,0.132080078125,0.03985595703125,0.63720703125
3412,M_1104_40y0m_1_dysfluent_143,0.2646484375,0.4638671875,0.556640625,0.181884765625,0.615234375
3413,M_1104_40y0m_1_dysfluent_144,0.2646484375,0.4638671875,0.556640625,0.181884765625,0.615234375
3414,M_1104_40y0m_1_dysfluent_145,0.6318359375,0.227294921875,0.059112548828125,0.01678466796875,0.2337646484375
3415,M_1104_40y0m_1_dysfluent_146,0.72119140625,0.367919921875,0.1622314453125,0.0276947021484375,0.0943603515625
3416,M_1104_40y0m_1_dysfluent_147,0.1424560546875,0.1673583984375,0.02001953125,0.00714874267578125,0.02606201171875
3417,M_1104_40y0m_1_dysfluent_148,0.284912109375,0.16015625,0.0211181640625,0.00579833984375,0.0300445556640625
3418,M_1104_40y0m_1_dysfluent_149,0.75439453125,0.2176513671875,0.056121826171875,0.0185394287109375,0.107421875
3419,M_1104_40y0m_1_dysfluent_150,0.18310546875,0.55322265625,0.6640625,0.09185791015625,0.0836181640625
3420,M_1104_40y0m_1_dysfluent_151,0.03582763671875,0.23828125,0.051666259765625,0.01287078857421875,0.0272674560546875
3421,M_1104_40y0m_1_dysfluent_152,0.12066650390625,0.48583984375,0.52587890625,0.040924072265625,0.0706787109375
3422,M_1104_40y0m_1_dysfluent_153,0.1561279296875,0.53076171875,0.6328125,0.056640625,0.0723876953125
3423,M_1104_40y0m_1_dysfluent_154,0.1512451171875,0.53271484375,0.697265625,0.07977294921875,0.091552734375
3424,M_1104_40y0m_1_dysfluent_155,0.07489013671875,0.134521484375,0.020599365234375,0.01483917236328125,0.03179931640625
3425,M_1104_40y0m_1_dysfluent_156,0.20849609375,0.431884765625,0.3583984375,0.052032470703125,0.1077880859375
3426,M_1104_40y0m_1_dysfluent_157,0.2086181640625,0.431884765625,0.3583984375,0.052032470703125,0.1077880859375
3427,M_1104_40y0m_1_dysfluent_158,0.20849609375,0.431884765625,0.3583984375,0.052032470703125,0.1077880859375
3428,M_1104_40y0m_1_dysfluent_159,0.334716796875,0.2059326171875,0.03607177734375,0.00815582275390625,0.029815673828125
3429,M_1104_40y0m_1_dysfluent_160,0.320556640625,0.14111328125,0.0196075439453125,0.007259368896484375,0.047149658203125
3430,M_1104_40y0m_1_dysfluent_161,0.24169921875,0.17724609375,0.02838134765625,0.0110321044921875,0.03033447265625
3431,M_1104_40y0m_1_dysfluent_162,0.76904296875,0.2178955078125,0.05877685546875,0.027587890625,0.2391357421875
3432,M_1104_40y0m_1_dysfluent_163,0.11279296875,0.195556640625,0.14111328125,0.76171875,0.439453125
3433,M_1104_40y0m_1_dysfluent_164,0.443359375,0.2086181640625,0.0394287109375,0.007373809814453125,0.048675537109375
3434,M_1104_40y0m_1_dysfluent_165,0.2509765625,0.1656494140625,0.0211181640625,0.007488250732421875,0.0309600830078125
3435,M_1104_40y0m_1_dysfluent_166,0.1475830078125,0.40869140625,0.1898193359375,0.01363372802734375,0.0222930908203125
3436,M_1104_40y0m_1_dysfluent_167,0.05975341796875,0.45361328125,0.493408203125,0.042083740234375,0.061981201171875
3437,M_1104_40y0m_1_dysfluent_168,0.0238189697265625,0.1387939453125,0.08135986328125,0.5498046875,0.03643798828125
3438,M_1104_40y0m_1_dysfluent_169,0.03643798828125,0.1397705078125,0.097412109375,0.876953125,0.09136962890625
3439,M_1104_40y0m_1_dysfluent_170,0.12261962890625,0.333740234375,0.44091796875,0.50830078125,0.0843505859375
3440,M_1104_40y0m_1_dysfluent_171,0.05987548828125,0.283203125,0.07696533203125,0.0141143798828125,0.01473236083984375
3441,M_1104_40y0m_1_dysfluent_172,0.06756591796875,0.346435546875,0.12493896484375,0.022247314453125,0.0236053466796875
3442,M_1104_40y0m_1_dysfluent_173,0.2310791015625,0.282470703125,0.07684326171875,0.01137542724609375,0.0258026123046875
3443,M_1104_40y0m_1_dysfluent_174,0.41748046875,0.251708984375,0.056854248046875,0.00881195068359375,0.039337158203125
3444,M_1104_40y0m_1_dysfluent_175,0.76806640625,0.1942138671875,0.046112060546875,0.0177154541015625,0.0784912109375
3445,M_1104_40y0m_1_dysfluent_176,0.5966796875,0.174560546875,0.02801513671875,0.00809478759765625,0.046112060546875
3446,M_1104_40y0m_1_dysfluent_177,0.75341796875,0.2467041015625,0.06500244140625,0.0179901123046875,0.05340576171875
3447,M_1104_40y0m_1_dysfluent_178,0.52783203125,0.2288818359375,0.04986572265625,0.0083465576171875,0.0273284912109375
3448,M_1104_40y0m_1_dysfluent_179,0.495361328125,0.2454833984375,0.056121826171875,0.008514404296875,0.03839111328125
3449,M_1104_40y0m_1_dysfluent_180,0.10357666015625,0.488525390625,0.48046875,0.0552978515625,0.1033935546875
3450,M_1104_40y0m_1_dysfluent_181,0.2213134765625,0.34228515625,0.0867919921875,0.0097808837890625,0.017578125
3451,M_1104_40y0m_1_dysfluent_182,0.6376953125,0.1456298828125,0.027008056640625,0.012481689453125,0.0548095703125
3452,M_1104_40y0m_1_dysfluent_183,0.35791015625,0.2203369140625,0.03955078125,0.0092315673828125,0.0304412841796875
3453,M_1104_40y0m_1_dysfluent_184,0.51318359375,0.397216796875,0.202880859375,0.03143310546875,0.0574951171875
3454,M_1104_40y0m_1_dysfluent_185,0.325927734375,0.487060546875,0.44873046875,0.03875732421875,0.11163330078125
3455,M_1104_40y0m_1_dysfluent_186,0.208984375,0.311767578125,0.07452392578125,0.0078125,0.02276611328125
3456,M_1104_40y0m_1_dysfluent_187,0.6875,0.2042236328125,0.04400634765625,0.01348114013671875,0.058349609375
3457,M_1104_40y0m_1_dysfluent_188,0.57666015625,0.492919921875,0.383056640625,0.04052734375,0.10723876953125
3458,M_1104_40y0m_1_dysfluent_189,0.623046875,0.495361328125,0.3984375,0.06549072265625,0.203857421875
3459,M_1104_40y0m_1_dysfluent_190,0.0703125,0.33837890625,0.14794921875,0.0169830322265625,0.0631103515625
3460,M_1104_40y0m_1_dysfluent_191,0.1510009765625,0.290283203125,0.06805419921875,0.00908660888671875,0.0211639404296875
3461,M_1104_40y0m_1_dysfluent_192,0.06982421875,0.16845703125,0.1494140625,0.84033203125,0.10357666015625
3462,M_1104_40y0m_1_dysfluent_193,0.4970703125,0.143798828125,0.0228424072265625,0.0087432861328125,0.07965087890625
3463,M_1104_40y0m_1_dysfluent_194,0.04168701171875,0.1104736328125,0.046539306640625,0.85400390625,0.15234375
3464,M_1104_40y0m_1_dysfluent_195,0.11932373046875,0.1143798828125,0.01384735107421875,0.01029205322265625,0.021331787109375
3465,M_1104_40y0m_1_dysfluent_196,0.38720703125,0.45068359375,0.35009765625,0.025177001953125,0.08404541015625
3466,M_1104_40y0m_1_dysfluent_197,0.432861328125,0.2186279296875,0.04052734375,0.007373809814453125,0.0221099853515625
3467,M_1104_40y0m_1_dysfluent_198,0.07330322265625,0.318359375,0.073974609375,0.01322174072265625,0.027374267578125
3468,M_1104_40y0m_1_dysfluent_199,0.7470703125,0.2427978515625,0.06768798828125,0.016845703125,0.06304931640625
3469,M_1104_40y0m_1_dysfluent_200,0.2476806640625,0.16455078125,0.0216217041015625,0.006072998046875,0.04193115234375
3470,M_1104_40y0m_1_dysfluent_201,0.13330078125,0.1619873046875,0.0187225341796875,0.00679779052734375,0.02484130859375
3471,M_1104_40y0m_1_dysfluent_202,0.044769287109375,0.143798828125,0.0194549560546875,0.01116180419921875,0.043853759765625
3472,M_1104_40y0m_1_dysfluent_203,0.07275390625,0.12939453125,0.015838623046875,0.00760650634765625,0.0352783203125
3473,M_1104_40y0m_1_dysfluent_204,0.10211181640625,0.482666015625,0.572265625,0.05340576171875,0.07171630859375
3474,M_1104_40y0m_1_dysfluent_205,0.19677734375,0.431884765625,0.328857421875,0.0256195068359375,0.044677734375
3475,M_1104_40y0m_1_dysfluent_206,0.394775390625,0.2049560546875,0.037109375,0.007122039794921875,0.023468017578125
3476,M_1104_40y0m_1_dysfluent_207,0.5625,0.22607421875,0.049041748046875,0.00885009765625,0.03192138671875
3477,M_1104_40y0m_1_dysfluent_208,0.43701171875,0.1693115234375,0.0276947021484375,0.00763702392578125,0.025421142578125
3478,M_1104_40y0m_1_dysfluent_209,0.71435546875,0.168701171875,0.04052734375,0.0216522216796875,0.25537109375
3479,M_1104_40y0m_1_dysfluent_210,0.61328125,0.1661376953125,0.03436279296875,0.01406097412109375,0.131591796875
3480,M_1104_40y0m_1_dysfluent_211,0.64111328125,0.2105712890625,0.05108642578125,0.01467132568359375,0.0849609375
3481,M_1104_40y0m_1_dysfluent_212,0.64453125,0.1845703125,0.042388916015625,0.018157958984375,0.1702880859375
3482,M_1104_40y0m_1_dysfluent_213,0.3662109375,0.2393798828125,0.056640625,0.020416259765625,0.1290283203125
3483,M_1104_40y0m_1_dysfluent_214,0.08587646484375,0.4892578125,0.432861328125,0.035064697265625,0.04779052734375
3484,M_1104_40y0m_1_dysfluent_215,0.062103271484375,0.254150390625,0.08770751953125,0.034027099609375,0.453125
3485,M_1104_40y0m_1_dysfluent_216,0.13525390625,0.11083984375,0.020294189453125,0.0211181640625,0.76611328125
3486,M_1104_40y0m_1_dysfluent_217,0.607421875,0.19775390625,0.03955078125,0.00861358642578125,0.034698486328125
3487,M_1104_40y0m_1_dysfluent_218,0.55908203125,0.2183837890625,0.047698974609375,0.0089874267578125,0.02838134765625
3488,M_1104_40y0m_1_dysfluent_219,0.56591796875,0.1856689453125,0.043701171875,0.00916290283203125,0.045196533203125
3489,M_1104_40y0m_1_dysfluent_220,0.109130859375,0.2015380859375,0.039947509765625,0.0103302001953125,0.0185394287109375
3490,M_1104_40y0m_1_dysfluent_221,0.089599609375,0.310791015625,0.09234619140625,0.0112457275390625,0.020172119140625
3491,M_1104_40y0m_1_dysfluent_222,0.055419921875,0.181640625,0.0299835205078125,0.0090179443359375,0.0289306640625
3492,M_1104_40y0m_1_dysfluent_223,0.0953369140625,0.18115234375,0.0384521484375,0.0242767333984375,0.020416259765625
3493,M_1104_40y0m_1_fluent_000,0.28466796875,0.1165771484375,0.0179901123046875,0.011199951171875,0.039276123046875
3494,M_1104_40y0m_1_fluent_001,0.193115234375,0.3994140625,0.5859375,0.2271728515625,0.23828125
3495,M_1104_40y0m_1_fluent_002,0.030792236328125,0.1033935546875,0.0163421630859375,0.0223236083984375,0.072265625
3496,M_1104_40y0m_1_fluent_003,0.061309814453125,0.1708984375,0.03021240234375,0.01751708984375,0.02606201171875
3497,M_1104_40y0m_1_fluent_004,0.08343505859375,0.1448974609375,0.0301513671875,0.0287017822265625,0.01983642578125
3498,M_1104_40y0m_1_fluent_005,0.04443359375,0.334228515625,0.204345703125,0.0250396728515625,0.157958984375
3499,M_1104_40y0m_1_fluent_006,0.0413818359375,0.283935546875,0.43798828125,0.59375,0.105224609375
3500,M_1104_40y0m_1_fluent_007,0.0246124267578125,0.10650634765625,0.0156707763671875,0.03167724609375,0.0214080810546875
3501,M_1104_40y0m_1_fluent_008,0.05718994140625,0.4150390625,0.388916015625,0.036346435546875,0.042022705078125
3502,M_1104_40y0m_1_fluent_009,0.234619140625,0.11102294921875,0.0154266357421875,0.00916290283203125,0.04296875
3503,M_1104_40y0m_1_fluent_010,0.05511474609375,0.1995849609375,0.0604248046875,0.037689208984375,0.400146484375
3504,M_1104_40y0m_1_fluent_011,0.381591796875,0.40966796875,0.27392578125,0.0333251953125,0.25048828125
3505,M_1104_40y0m_1_fluent_012,0.0284881591796875,0.07208251953125,0.00847625732421875,0.01812744140625,0.09552001953125
3506,M_1104_40y0m_1_fluent_013,0.060638427734375,0.2010498046875,0.048309326171875,0.0269622802734375,0.040374755859375
3507,M_1104_40y0m_1_fluent_014,0.320068359375,0.136962890625,0.018829345703125,0.0095977783203125,0.03192138671875
3508,M_1104_40y0m_1_fluent_015,0.0283355712890625,0.1163330078125,0.0173797607421875,0.026153564453125,0.0250396728515625
3509,M_1104_40y0m_1_fluent_016,0.182373046875,0.138916015625,0.0200653076171875,0.01111602783203125,0.029876708984375
3510,M_1104_40y0m_1_fluent_017,0.032958984375,0.1077880859375,0.0221099853515625,0.0203704833984375,0.11181640625
3511,M_1104_40y0m_1_fluent_018,0.051177978515625,0.3203125,0.306884765625,0.56689453125,0.1143798828125
3512,M_1104_40y0m_1_fluent_019,0.406982421875,0.373046875,0.220703125,0.0301055908203125,0.250244140625
3513,M_1104_40y0m_1_fluent_020,0.034942626953125,0.07464599609375,0.008880615234375,0.01473236083984375,0.08282470703125
3514,M_1104_40y0m_1_fluent_021,0.0775146484375,0.2254638671875,0.323974609375,0.82275390625,0.171630859375
3515,M_1104_40y0m_1_fluent_022,0.026702880859375,0.1983642578125,0.04443359375,0.0189361572265625,0.05718994140625
3516,M_1104_40y0m_1_fluent_023,0.279541015625,0.1190185546875,0.025909423828125,0.0325927734375,0.107421875
3517,M_1104_40y0m_1_fluent_024,0.07342529296875,0.23828125,0.2210693359375,0.439208984375,0.477783203125
3518,M_1104_40y0m_1_fluent_025,0.36474609375,0.1387939453125,0.038970947265625,0.0239105224609375,0.437744140625
3519,M_1104_40y0m_1_fluent_026,0.11517333984375,0.2734375,0.10760498046875,0.0129241943359375,0.12066650390625
3520,M_1104_40y0m_1_fluent_027,0.014007568359375,0.11297607421875,0.037200927734375,0.334228515625,0.036712646484375
3521,M_1104_40y0m_1_fluent_028,0.021697998046875,0.165771484375,0.03271484375,0.028106689453125,0.01512908935546875
3522,M_1104_40y0m_1_fluent_029,0.0189056396484375,0.11376953125,0.0209197998046875,0.048492431640625,0.0244293212890625
3523,M_1104_40y0m_1_fluent_030,0.2440185546875,0.265380859375,0.05987548828125,0.007724761962890625,0.02423095703125
3524,M_1104_40y0m_1_fluent_031,0.0230255126953125,0.1094970703125,0.01490020751953125,0.0164031982421875,0.026611328125
3525,M_1104_40y0m_1_fluent_032,0.34130859375,0.126220703125,0.036834716796875,0.0521240234375,0.3251953125
3526,M_1104_40y0m_1_fluent_033,0.039642333984375,0.1534423828125,0.0240020751953125,0.015899658203125,0.04193115234375
3527,M_1104_40y0m_1_fluent_034,0.052825927734375,0.07794189453125,0.00766754150390625,0.01238250732421875,0.06793212890625
3528,M_1104_40y0m_1_fluent_035,0.376220703125,0.1380615234375,0.041229248046875,0.038818359375,0.465087890625
3529,M_1104_40y0m_1_fluent_036,0.0313720703125,0.172607421875,0.03289794921875,0.018096923828125,0.05511474609375
3530,M_1104_40y0m_1_fluent_037,0.32275390625,0.1221923828125,0.0143890380859375,0.007904052734375,0.04986572265625
3531,M_1104_40y0m_1_fluent_038,0.0273284912109375,0.10321044921875,0.013275146484375,0.0204925537109375,0.034820556640625
3532,M_1104_40y0m_1_fluent_039,0.1260986328125,0.1988525390625,0.034088134765625,0.0082855224609375,0.0202484130859375
3533,M_1104_40y0m_1_fluent_040,0.0294189453125,0.0753173828125,0.0087432861328125,0.0200653076171875,0.1329345703125
3534,M_1104_40y0m_1_fluent_041,0.426025390625,0.1370849609375,0.0211181640625,0.01036834716796875,0.047882080078125
3535,M_1104_40y0m_1_fluent_042,0.023773193359375,0.08038330078125,0.00933837890625,0.03173828125,0.045013427734375
3536,M_1104_40y0m_1_fluent_043,0.026611328125,0.141845703125,0.02752685546875,0.013427734375,0.08758544921875
3537,M_1104_40y0m_1_fluent_044,0.018157958984375,0.1624755859375,0.1495361328125,0.61669921875,0.09515380859375
3538,M_1104_40y0m_1_fluent_045,0.04248046875,0.42578125,0.41943359375,0.04779052734375,0.06829833984375
3539,M_1104_40y0m_1_fluent_046,0.03662109375,0.288330078125,0.45556640625,0.422607421875,0.09619140625
3540,M_1104_40y0m_1_fluent_047,0.055419921875,0.427001953125,0.468017578125,0.047943115234375,0.06890869140625
3541,M_1104_40y0m_1_fluent_048,0.1326904296875,0.288330078125,0.061767578125,0.00679779052734375,0.0343017578125
3542,M_1104_40y0m_1_fluent_049,0.1094970703125,0.242431640625,0.123779296875,0.0213623046875,0.246337890625
3543,M_1104_40y0m_1_fluent_050,0.269287109375,0.11981201171875,0.0143890380859375,0.00806427001953125,0.09185791015625
3544,M_1104_40y0m_1_fluent_051,0.0213623046875,0.1094970703125,0.01953125,0.023284912109375,0.038330078125
3545,M_1104_40y0m_1_fluent_052,0.12548828125,0.223388671875,0.041778564453125,0.00948333740234375,0.0182342529296875
3546,M_1104_40y0m_1_fluent_053,0.2548828125,0.31591796875,0.07421875,0.01384735107421875,0.0374755859375
3547,M_1104_40y0m_1_fluent_054,0.0706787109375,0.2386474609375,0.054412841796875,0.013427734375,0.0173797607421875
3548,M_1104_40y0m_1_fluent_055,0.028167724609375,0.092041015625,0.016845703125,0.02288818359375,0.06768798828125
3549,M_1104_40y0m_1_fluent_056,0.0439453125,0.1336669921875,0.03173828125,0.04803466796875,0.11358642578125
3550,M_1104_40y0m_1_fluent_057,0.12420654296875,0.22021484375,0.0703125,0.021087646484375,0.124755859375
3551,M_1104_40y0m_1_fluent_058,0.389404296875,0.246337890625,0.056640625,0.01302337646484375,0.2305908203125
3552,M_1104_40y0m_1_fluent_059,0.0209197998046875,0.1422119140625,0.0284423828125,0.0192718505859375,0.043365478515625
3553,M_1104_40y0m_1_fluent_060,0.1104736328125,0.2083740234375,0.09039306640625,0.051177978515625,0.67919921875
3554,M_1104_40y0m_1_fluent_061,0.09503173828125,0.178466796875,0.029083251953125,0.006771087646484375,0.024749755859375
3555,M_1104_40y0m_1_fluent_062,0.1077880859375,0.306640625,0.0753173828125,0.0090179443359375,0.01554107666015625
3556,M_1104_40y0m_1_fluent_063,0.2135009765625,0.21533203125,0.033538818359375,0.007232666015625,0.0189361572265625
3557,M_1104_40y0m_1_fluent_064,0.11358642578125,0.34912109375,0.1121826171875,0.0101318359375,0.040252685546875
3558,M_1104_40y0m_1_fluent_065,0.0235595703125,0.1441650390625,0.024932861328125,0.0165863037109375,0.038238525390625
3559,M_1104_40y0m_1_fluent_066,0.0751953125,0.2303466796875,0.32275390625,0.7900390625,0.187255859375
3560,M_1104_40y0m_1_fluent_067,0.046539306640625,0.35791015625,0.4833984375,0.1871337890625,0.0615234375
3561,M_1104_40y0m_1_fluent_068,0.061981201171875,0.160888671875,0.0213623046875,0.0074615478515625,0.0273284912109375
3562,M_1104_40y0m_1_fluent_069,0.021697998046875,0.154541015625,0.0305633544921875,0.0190887451171875,0.053985595703125
3563,M_1104_40y0m_1_fluent_070,0.2213134765625,0.1348876953125,0.019195556640625,0.0082550048828125,0.06573486328125
3564,M_1104_40y0m_1_fluent_071,0.259521484375,0.10430908203125,0.01507568359375,0.009521484375,0.03460693359375
3565,M_1104_40y0m_1_fluent_072,0.152099609375,0.1707763671875,0.025421142578125,0.00577545166015625,0.0316162109375
3566,M_1104_40y0m_1_fluent_073,0.02838134765625,0.333251953125,0.360595703125,0.189208984375,0.07305908203125
3567,M_1104_40y0m_1_fluent_074,0.122314453125,0.316162109375,0.285888671875,0.1507568359375,0.5439453125
3568,M_1104_40y0m_1_fluent_075,0.23974609375,0.1239013671875,0.01525115966796875,0.007965087890625,0.05340576171875
3569,M_1104_40y0m_1_fluent_076,0.036285400390625,0.1661376953125,0.045196533203125,0.094482421875,0.2213134765625
3570,M_1104_40y0m_1_fluent_077,0.028594970703125,0.244384765625,0.06744384765625,0.0191650390625,0.02606201171875
3571,M_1104_40y0m_1_fluent_078,0.257568359375,0.2288818359375,0.0823974609375,0.02606201171875,0.640625
3572,M_1104_40y0m_1_fluent_079,0.4208984375,0.289306640625,0.10247802734375,0.0345458984375,0.54345703125
3573,M_1104_40y0m_1_fluent_080,0.0987548828125,0.1229248046875,0.01337432861328125,0.008575439453125,0.033905029296875
3574,M_1104_40y0m_1_fluent_081,0.06561279296875,0.1312255859375,0.0154876708984375,0.008575439453125,0.0190582275390625
3575,M_1104_40y0m_1_fluent_082,0.07159423828125,0.1580810546875,0.050048828125,0.02685546875,0.50390625
3576,M_1104_40y0m_1_fluent_083,0.272705078125,0.2303466796875,0.08447265625,0.0208892822265625,0.60595703125
3577,M_1104_40y0m_1_fluent_084,0.21484375,0.393310546875,0.52392578125,0.1636962890625,0.09967041015625
3578,M_1104_40y0m_1_fluent_085,0.1494140625,0.2900390625,0.07708740234375,0.019866943359375,0.09173583984375
3579,M_1104_40y0m_1_fluent_086,0.053009033203125,0.27099609375,0.1300048828125,0.0970458984375,0.07330322265625
3580,M_1104_40y0m_1_fluent_087,0.07476806640625,0.25634765625,0.055938720703125,0.0090179443359375,0.0203704833984375
3581,M_1104_40y0m_1_fluent_088,0.0975341796875,0.368896484375,0.11798095703125,0.01073455810546875,0.0276947021484375
3582,M_1104_40y0m_1_fluent_089,0.274658203125,0.12890625,0.0241851806640625,0.02215576171875,0.05450439453125
3583,M_1104_40y0m_1_fluent_090,0.028594970703125,0.1551513671875,0.0284423828125,0.0200958251953125,0.0325927734375
3584,M_1104_40y0m_1_fluent_091,0.070556640625,0.12646484375,0.0171051025390625,0.0118255615234375,0.0212860107421875
3585,M_1104_40y0m_1_fluent_092,0.1556396484375,0.179931640625,0.0272674560546875,0.00634002685546875,0.0289306640625
3586,M_1104_40y0m_1_fluent_093,0.037689208984375,0.24169921875,0.10797119140625,0.034027099609375,0.1279296875
3587,M_1104_40y0m_1_fluent_094,0.08135986328125,0.171142578125,0.044097900390625,0.046905517578125,0.090087890625
3588,M_1104_40y0m_1_fluent_095,0.1292724609375,0.290283203125,0.06732177734375,0.0156707763671875,0.037322998046875
3589,M_1104_40y0m_1_fluent_096,0.1925048828125,0.281982421875,0.0728759765625,0.0141754150390625,0.1318359375
3590,M_1105_21y0m_1_dysfluent_000,0.06427001953125,0.3564453125,0.5673828125,0.51025390625,0.095703125
3591,M_1105_21y0m_1_dysfluent_001,0.10687255859375,0.501953125,0.66943359375,0.1275634765625,0.1405029296875
3592,M_1105_21y0m_1_dysfluent_002,0.06268310546875,0.494384765625,0.6240234375,0.11163330078125,0.09967041015625
3593,M_1105_21y0m_1_dysfluent_003,0.0203399658203125,0.17724609375,0.0943603515625,0.448974609375,0.1624755859375
3594,M_1105_21y0m_1_dysfluent_004,0.01490020751953125,0.15625,0.041534423828125,0.03955078125,0.05975341796875
3595,M_1105_21y0m_1_dysfluent_005,0.1297607421875,0.481201171875,0.405029296875,0.027069091796875,0.060302734375
3596,M_1105_21y0m_1_dysfluent_006,0.299072265625,0.51806640625,0.5830078125,0.059417724609375,0.15966796875
3597,M_1105_21y0m_1_dysfluent_007,0.353515625,0.45947265625,0.48095703125,0.089111328125,0.3173828125
3598,M_1105_21y0m_1_dysfluent_008,0.0256195068359375,0.19580078125,0.0283355712890625,0.0142822265625,0.0190887451171875
3599,M_1105_21y0m_1_dysfluent_009,0.0256195068359375,0.19580078125,0.0283355712890625,0.0142822265625,0.0190887451171875
3600,M_1105_21y0m_1_dysfluent_010,0.72900390625,0.2139892578125,0.059539794921875,0.0236053466796875,0.1041259765625
3601,M_1105_21y0m_1_dysfluent_011,0.029541015625,0.11614990234375,0.021575927734375,0.0137939453125,0.09027099609375
3602,M_1105_21y0m_1_dysfluent_012,0.0809326171875,0.393798828125,0.345947265625,0.05108642578125,0.25634765625
3603,M_1105_21y0m_1_dysfluent_013,0.08880615234375,0.331787109375,0.14404296875,0.0180511474609375,0.118408203125
3604,M_1105_21y0m_1_dysfluent_014,0.118408203125,0.1737060546875,0.036773681640625,0.01146697998046875,0.333251953125
3605,M_1105_21y0m_1_dysfluent_015,0.0248870849609375,0.097900390625,0.0110321044921875,0.009857177734375,0.035736083984375
3606,M_1105_21y0m_1_dysfluent_016,0.027801513671875,0.33203125,0.43115234375,0.17578125,0.07305908203125
3607,M_1105_21y0m_1_dysfluent_017,0.06890869140625,0.08251953125,0.016845703125,0.04876708984375,0.70947265625
3608,M_1105_21y0m_1_dysfluent_018,0.029083251953125,0.126220703125,0.0177764892578125,0.0196075439453125,0.0162200927734375
3609,M_1105_21y0m_1_dysfluent_019,0.1998291015625,0.252685546875,0.05718994140625,0.00963592529296875,0.06707763671875
3610,M_1105_21y0m_1_dysfluent_020,0.1998291015625,0.252685546875,0.05718994140625,0.00963592529296875,0.06707763671875
3611,M_1105_21y0m_1_dysfluent_021,0.034759521484375,0.16455078125,0.030853271484375,0.00989532470703125,0.0171051025390625
3612,M_1105_21y0m_1_dysfluent_022,0.034759521484375,0.16455078125,0.030853271484375,0.00989532470703125,0.0171051025390625
3613,M_1105_21y0m_1_dysfluent_023,0.034759521484375,0.16455078125,0.030853271484375,0.00989532470703125,0.0171051025390625
3614,M_1105_21y0m_1_dysfluent_024,0.044525146484375,0.229248046875,0.1583251953125,0.185546875,0.68701171875
3615,M_1105_21y0m_1_dysfluent_025,0.0384521484375,0.184326171875,0.0782470703125,0.1666259765625,0.6171875
3616,M_1105_21y0m_1_dysfluent_026,0.052825927734375,0.2235107421875,0.1282958984375,0.369140625,0.68896484375
3617,M_1105_21y0m_1_dysfluent_027,0.049774169921875,0.1456298828125,0.0305023193359375,0.0236968994140625,0.243408203125
3618,M_1105_21y0m_1_dysfluent_028,0.17578125,0.109130859375,0.0240020751953125,0.0287628173828125,0.8642578125
3619,M_1105_21y0m_1_dysfluent_029,0.2037353515625,0.1124267578125,0.024993896484375,0.0280609130859375,0.8623046875
3620,M_1105_21y0m_1_dysfluent_030,0.1015625,0.49560546875,0.77587890625,0.1959228515625,0.1461181640625
3621,M_1105_21y0m_1_dysfluent_031,0.05145263671875,0.2298583984375,0.27392578125,0.880859375,0.15869140625
3622,M_1105_21y0m_1_dysfluent_032,0.1807861328125,0.39697265625,0.1710205078125,0.0197601318359375,0.029205322265625
3623,M_1105_21y0m_1_dysfluent_033,0.188720703125,0.5107421875,0.693359375,0.2489013671875,0.151611328125
3624,M_1105_21y0m_1_dysfluent_034,0.049407958984375,0.325439453125,0.452880859375,0.6083984375,0.1422119140625
3625,M_1105_21y0m_1_dysfluent_035,0.035400390625,0.33203125,0.177978515625,0.020416259765625,0.0322265625
3626,M_1105_21y0m_1_dysfluent_036,0.015960693359375,0.1376953125,0.0282135009765625,0.033599853515625,0.03802490234375
3627,M_1105_21y0m_1_dysfluent_037,0.0222930908203125,0.235107421875,0.1297607421875,0.0309600830078125,0.1259765625
3628,M_1105_21y0m_1_dysfluent_038,0.034820556640625,0.11395263671875,0.0165252685546875,0.0137939453125,0.0276947021484375
3629,M_1105_21y0m_1_dysfluent_039,0.0202484130859375,0.201171875,0.061431884765625,0.0384521484375,0.0765380859375
3630,M_1105_21y0m_1_dysfluent_040,0.0202484130859375,0.201171875,0.061309814453125,0.0384521484375,0.0765380859375
3631,M_1105_21y0m_1_dysfluent_041,0.1724853515625,0.525390625,0.765625,0.1396484375,0.1553955078125
3632,M_1105_21y0m_1_dysfluent_042,0.0237274169921875,0.10247802734375,0.0153045654296875,0.038238525390625,0.258544921875
3633,M_1105_21y0m_1_dysfluent_043,0.037384033203125,0.3798828125,0.298828125,0.0303802490234375,0.05242919921875
3634,M_1105_21y0m_1_dysfluent_044,0.05645751953125,0.280517578125,0.1488037109375,0.06622314453125,0.310791015625
3635,M_1105_21y0m_1_dysfluent_045,0.05645751953125,0.280517578125,0.1488037109375,0.06622314453125,0.310791015625
3636,M_1105_21y0m_1_dysfluent_046,0.12249755859375,0.31640625,0.134765625,0.0318603515625,0.39794921875
3637,M_1105_21y0m_1_dysfluent_047,0.2078857421875,0.498779296875,0.43505859375,0.043853759765625,0.2181396484375
3638,M_1105_21y0m_1_dysfluent_048,0.08538818359375,0.265625,0.276611328125,0.76953125,0.097900390625
3639,M_1105_21y0m_1_dysfluent_049,0.091552734375,0.0849609375,0.009521484375,0.012054443359375,0.17724609375
3640,M_1105_21y0m_1_dysfluent_050,0.5009765625,0.46630859375,0.4287109375,0.038970947265625,0.10430908203125
3641,M_1105_21y0m_1_dysfluent_051,0.64208984375,0.447021484375,0.344482421875,0.048309326171875,0.1429443359375
3642,M_1105_21y0m_1_dysfluent_052,0.1414794921875,0.1812744140625,0.028656005859375,0.01229095458984375,0.033721923828125
3643,M_1105_21y0m_1_dysfluent_053,0.140869140625,0.278076171875,0.07794189453125,0.0117340087890625,0.040618896484375
3644,M_1105_21y0m_1_dysfluent_054,0.167236328125,0.387451171875,0.136962890625,0.014617919921875,0.0273284912109375
3645,M_1105_21y0m_1_dysfluent_055,0.179443359375,0.52880859375,0.58984375,0.046295166015625,0.060089111328125
3646,M_1105_21y0m_1_dysfluent_056,0.09234619140625,0.50146484375,0.62255859375,0.061187744140625,0.08404541015625
3647,M_1105_21y0m_1_dysfluent_057,0.09234619140625,0.50146484375,0.62255859375,0.061187744140625,0.08404541015625
3648,M_1105_21y0m_1_dysfluent_058,0.061187744140625,0.4306640625,0.6982421875,0.3037109375,0.1695556640625
3649,M_1105_21y0m_1_dysfluent_059,0.227294921875,0.5244140625,0.5751953125,0.08251953125,0.1771240234375
3650,M_1105_21y0m_1_dysfluent_060,0.2271728515625,0.5244140625,0.5751953125,0.08251953125,0.1771240234375
3651,M_1105_21y0m_1_dysfluent_061,0.07879638671875,0.1357421875,0.08123779296875,0.93115234375,0.204345703125
3652,M_1105_21y0m_1_dysfluent_062,0.050140380859375,0.139404296875,0.090576171875,0.92138671875,0.126708984375
3653,M_1105_21y0m_1_dysfluent_063,0.63330078125,0.2509765625,0.0618896484375,0.01214599609375,0.08154296875
3654,M_1105_21y0m_1_dysfluent_064,0.05975341796875,0.372802734375,0.1910400390625,0.0154876708984375,0.023468017578125
3655,M_1105_21y0m_1_dysfluent_065,0.038818359375,0.414794921875,0.5751953125,0.14013671875,0.0782470703125
3656,M_1105_21y0m_1_dysfluent_066,0.06951904296875,0.4755859375,0.591796875,0.06842041015625,0.06304931640625
3657,M_1105_21y0m_1_dysfluent_067,0.08447265625,0.426025390625,0.395263671875,0.039703369140625,0.04876708984375
3658,M_1105_21y0m_1_dysfluent_068,0.05877685546875,0.439453125,0.6162109375,0.270263671875,0.1259765625
3659,M_1105_21y0m_1_dysfluent_069,0.033538818359375,0.26416015625,0.10321044921875,0.02484130859375,0.0225830078125
3660,M_1105_21y0m_1_dysfluent_070,0.0526123046875,0.2271728515625,0.328857421875,0.87353515625,0.19189453125
3661,M_1105_21y0m_1_dysfluent_071,0.050140380859375,0.219482421875,0.313232421875,0.88037109375,0.1689453125
3662,M_1105_21y0m_1_dysfluent_072,0.038177490234375,0.1776123046875,0.19677734375,0.90625,0.1573486328125
3663,M_1105_21y0m_1_dysfluent_073,0.134765625,0.467529296875,0.74658203125,0.2181396484375,0.2259521484375
3664,M_1105_21y0m_1_dysfluent_074,0.1356201171875,0.50146484375,0.76416015625,0.16064453125,0.1441650390625
3665,M_1105_21y0m_1_dysfluent_075,0.21435546875,0.5078125,0.63037109375,0.06396484375,0.09088134765625
3666,M_1105_21y0m_1_dysfluent_076,0.2259521484375,0.5107421875,0.66259765625,0.06939697265625,0.11578369140625
3667,M_1105_21y0m_1_dysfluent_077,0.053497314453125,0.3876953125,0.615234375,0.30078125,0.184814453125
3668,M_1105_21y0m_1_dysfluent_078,0.04443359375,0.31640625,0.4384765625,0.45361328125,0.249755859375
3669,M_1105_21y0m_1_dysfluent_079,0.0284423828125,0.2822265625,0.380615234375,0.50732421875,0.1239013671875
3670,M_1105_21y0m_1_dysfluent_080,0.046722412109375,0.344482421875,0.55810546875,0.58544921875,0.1292724609375
3671,M_1105_21y0m_1_dysfluent_081,0.0994873046875,0.453125,0.370849609375,0.044342041015625,0.09637451171875
3672,M_1105_21y0m_1_dysfluent_082,0.1077880859375,0.529296875,0.73095703125,0.09893798828125,0.10894775390625
3673,M_1105_21y0m_1_dysfluent_083,0.1077880859375,0.529296875,0.73095703125,0.09893798828125,0.10894775390625
3674,M_1105_21y0m_1_dysfluent_084,0.1077880859375,0.529296875,0.73095703125,0.09893798828125,0.10894775390625
3675,M_1105_21y0m_1_dysfluent_085,0.08929443359375,0.445556640625,0.62451171875,0.25,0.191650390625
3676,M_1105_21y0m_1_dysfluent_086,0.78955078125,0.31103515625,0.11737060546875,0.037384033203125,0.1407470703125
3677,M_1105_21y0m_1_dysfluent_087,0.78955078125,0.31103515625,0.11737060546875,0.037384033203125,0.1407470703125
3678,M_1105_21y0m_1_dysfluent_088,0.806640625,0.27880859375,0.09771728515625,0.035064697265625,0.1165771484375
3679,M_1105_21y0m_1_dysfluent_089,0.759765625,0.21435546875,0.061187744140625,0.0261993408203125,0.1556396484375
3680,M_1105_21y0m_1_dysfluent_090,0.0167236328125,0.07684326171875,0.0137939453125,0.134033203125,0.12042236328125
3681,M_1105_21y0m_1_dysfluent_091,0.04046630859375,0.36474609375,0.267333984375,0.023651123046875,0.056121826171875
3682,M_1105_21y0m_1_dysfluent_092,0.033203125,0.320068359375,0.17041015625,0.0222930908203125,0.044769287109375
3683,M_1105_21y0m_1_dysfluent_093,0.09552001953125,0.48974609375,0.67626953125,0.10089111328125,0.1181640625
3684,M_1105_21y0m_1_dysfluent_094,0.1282958984375,0.47509765625,0.51708984375,0.047698974609375,0.10992431640625
3685,M_1105_21y0m_1_dysfluent_095,0.10760498046875,0.45751953125,0.48046875,0.041839599609375,0.10174560546875
3686,M_1105_21y0m_1_dysfluent_096,0.10723876953125,0.509765625,0.73681640625,0.200439453125,0.1546630859375
3687,M_1105_21y0m_1_dysfluent_097,0.10125732421875,0.50634765625,0.755859375,0.1739501953125,0.1678466796875
3688,M_1105_21y0m_1_dysfluent_098,0.055419921875,0.264404296875,0.296630859375,0.85205078125,0.20947265625
3689,M_1105_21y0m_1_dysfluent_099,0.041778564453125,0.1719970703125,0.149658203125,0.921875,0.184326171875
3690,M_1105_21y0m_1_dysfluent_100,0.1942138671875,0.197265625,0.036834716796875,0.0087127685546875,0.06866455078125
3691,M_1105_21y0m_1_dysfluent_101,0.09234619140625,0.219970703125,0.0413818359375,0.01056671142578125,0.04443359375
3692,M_1105_21y0m_1_dysfluent_102,0.0210418701171875,0.1588134765625,0.0316162109375,0.0180511474609375,0.0200958251953125
3693,M_1105_21y0m_1_dysfluent_103,0.0210418701171875,0.1588134765625,0.0316162109375,0.0180511474609375,0.0200958251953125
3694,M_1105_21y0m_1_dysfluent_104,0.08648681640625,0.394287109375,0.63818359375,0.43798828125,0.1566162109375
3695,M_1105_21y0m_1_dysfluent_105,0.08648681640625,0.39453125,0.638671875,0.437255859375,0.1566162109375
3696,M_1105_21y0m_1_dysfluent_106,0.072265625,0.483154296875,0.60205078125,0.0762939453125,0.07183837890625
3697,M_1105_21y0m_1_dysfluent_107,0.07489013671875,0.482421875,0.53955078125,0.0699462890625,0.06231689453125
3698,M_1105_21y0m_1_dysfluent_108,0.0150146484375,0.134033203125,0.0248870849609375,0.03436279296875,0.046630859375
3699,M_1105_21y0m_1_dysfluent_109,0.03955078125,0.139404296875,0.0999755859375,0.93701171875,0.1558837890625
3700,M_1105_21y0m_1_dysfluent_110,0.04083251953125,0.14453125,0.10125732421875,0.9423828125,0.18212890625
3701,M_1105_21y0m_1_dysfluent_111,0.08282470703125,0.2445068359375,0.1470947265625,0.053314208984375,0.384765625
3702,M_1105_21y0m_1_dysfluent_112,0.06671142578125,0.43017578125,0.681640625,0.1580810546875,0.1392822265625
3703,M_1105_21y0m_1_dysfluent_113,0.070556640625,0.443115234375,0.666015625,0.140380859375,0.126708984375
3704,M_1105_21y0m_1_dysfluent_114,0.0574951171875,0.4345703125,0.68798828125,0.182373046875,0.1278076171875
3705,M_1105_21y0m_1_dysfluent_115,0.060638427734375,0.447021484375,0.69921875,0.1981201171875,0.1187744140625
3706,M_1105_21y0m_1_dysfluent_116,0.1202392578125,0.477783203125,0.54931640625,0.0531005859375,0.13525390625
3707,M_1105_21y0m_1_dysfluent_117,0.276611328125,0.425048828125,0.359619140625,0.045013427734375,0.262939453125
3708,M_1105_21y0m_1_dysfluent_118,0.11981201171875,0.47119140625,0.7421875,0.265869140625,0.1795654296875
3709,M_1105_21y0m_1_dysfluent_119,0.116943359375,0.49755859375,0.755859375,0.15185546875,0.1328125
3710,M_1105_21y0m_1_dysfluent_120,0.1256103515625,0.5,0.73974609375,0.1351318359375,0.138671875
3711,M_1105_21y0m_1_dysfluent_121,0.1513671875,0.493896484375,0.76318359375,0.1910400390625,0.2027587890625
3712,M_1105_21y0m_1_dysfluent_122,0.168701171875,0.468994140625,0.7373046875,0.395263671875,0.20263671875
3713,M_1105_21y0m_1_dysfluent_123,0.052825927734375,0.27392578125,0.38818359375,0.8232421875,0.1392822265625
3714,M_1105_21y0m_1_dysfluent_124,0.038909912109375,0.154541015625,0.115966796875,0.9326171875,0.1580810546875
3715,M_1105_21y0m_1_dysfluent_125,0.03179931640625,0.1307373046875,0.08978271484375,0.91357421875,0.1240234375
3716,M_1105_21y0m_1_dysfluent_126,0.1519775390625,0.308349609375,0.162353515625,0.07135009765625,0.7158203125
3717,M_1105_21y0m_1_dysfluent_127,0.1588134765625,0.36669921875,0.297119140625,0.04168701171875,0.50927734375
3718,M_1105_21y0m_1_dysfluent_128,0.118408203125,0.437255859375,0.32861328125,0.023193359375,0.09185791015625
3719,M_1105_21y0m_1_dysfluent_129,0.1181640625,0.437255859375,0.328369140625,0.023193359375,0.09185791015625
3720,M_1105_21y0m_1_dysfluent_130,0.0867919921875,0.435302734375,0.63671875,0.23095703125,0.11126708984375
3721,M_1105_21y0m_1_dysfluent_131,0.045257568359375,0.257568359375,0.2744140625,0.63818359375,0.0850830078125
3722,M_1105_21y0m_1_dysfluent_132,0.10968017578125,0.395751953125,0.568359375,0.417724609375,0.1201171875
3723,M_1105_21y0m_1_dysfluent_133,0.127197265625,0.52294921875,0.7666015625,0.13720703125,0.1456298828125
3724,M_1105_21y0m_1_dysfluent_134,0.132080078125,0.53564453125,0.76953125,0.1318359375,0.1336669921875
3725,M_1105_21y0m_1_dysfluent_135,0.11553955078125,0.51513671875,0.65478515625,0.09320068359375,0.1256103515625
3726,M_1105_21y0m_1_dysfluent_136,0.06817626953125,0.306396484375,0.381103515625,0.70263671875,0.1402587890625
3727,M_1105_21y0m_1_dysfluent_137,0.05792236328125,0.278564453125,0.351318359375,0.81494140625,0.174072265625
3728,M_1105_21y0m_1_dysfluent_138,0.06707763671875,0.340576171875,0.457275390625,0.529296875,0.18603515625
3729,M_1105_21y0m_1_dysfluent_139,0.041534423828125,0.16943359375,0.1229248046875,0.92138671875,0.197265625
3730,M_1105_21y0m_1_dysfluent_140,0.09320068359375,0.182373046875,0.1573486328125,0.91552734375,0.1783447265625
3731,M_1105_21y0m_1_dysfluent_141,0.07159423828125,0.1624755859375,0.12408447265625,0.93212890625,0.167724609375
3732,M_1105_21y0m_1_dysfluent_142,0.06488037109375,0.14892578125,0.1121826171875,0.93798828125,0.17822265625
3733,M_1105_21y0m_1_dysfluent_143,0.326171875,0.3505859375,0.315673828125,0.1583251953125,0.15673828125
3734,M_1105_21y0m_1_dysfluent_144,0.0231475830078125,0.27294921875,0.26708984375,0.26513671875,0.04681396484375
3735,M_1105_21y0m_1_dysfluent_145,0.029876708984375,0.298095703125,0.2060546875,0.03533935546875,0.11676025390625
3736,M_1105_21y0m_1_dysfluent_146,0.04010009765625,0.2413330078125,0.1607666015625,0.10931396484375,0.303466796875
3737,M_1105_21y0m_1_dysfluent_147,0.042388916015625,0.2001953125,0.09173583984375,0.107421875,0.054901123046875
3738,M_1105_21y0m_1_dysfluent_148,0.07977294921875,0.262939453125,0.193603515625,0.07904052734375,0.484130859375
3739,M_1105_21y0m_1_dysfluent_149,0.45751953125,0.333984375,0.2919921875,0.09619140625,0.3837890625
3740,M_1105_21y0m_1_dysfluent_150,0.405029296875,0.33251953125,0.251220703125,0.0560302734375,0.281494140625
3741,M_1105_21y0m_1_dysfluent_151,0.50732421875,0.33056640625,0.237060546875,0.08538818359375,0.59375
3742,M_1105_21y0m_1_dysfluent_152,0.08050537109375,0.33935546875,0.317626953125,0.281982421875,0.55908203125
3743,M_1105_21y0m_1_dysfluent_153,0.0751953125,0.2191162109375,0.10687255859375,0.0965576171875,0.7587890625
3744,M_1105_21y0m_1_dysfluent_154,0.115966796875,0.314453125,0.22265625,0.07489013671875,0.5986328125
3745,M_1105_21y0m_1_dysfluent_155,0.03839111328125,0.35498046875,0.488037109375,0.443603515625,0.1114501953125
3746,M_1105_21y0m_1_dysfluent_156,0.0236968994140625,0.32763671875,0.363525390625,0.193603515625,0.09332275390625
3747,M_1105_21y0m_1_dysfluent_157,0.0282135009765625,0.229248046875,0.30810546875,0.6435546875,0.265380859375
3748,M_1105_21y0m_1_dysfluent_158,0.12042236328125,0.48486328125,0.736328125,0.159912109375,0.2171630859375
3749,M_1105_21y0m_1_dysfluent_159,0.0970458984375,0.4814453125,0.74462890625,0.1678466796875,0.1190185546875
3750,M_1105_21y0m_1_dysfluent_160,0.0604248046875,0.110107421875,0.01953125,0.042022705078125,0.51904296875
3751,M_1105_21y0m_1_dysfluent_161,0.06585693359375,0.22119140625,0.093505859375,0.08758544921875,0.50537109375
3752,M_1105_21y0m_1_dysfluent_162,0.0823974609375,0.3662109375,0.2335205078125,0.03533935546875,0.32568359375
3753,M_1105_21y0m_1_dysfluent_163,0.0823974609375,0.365966796875,0.2335205078125,0.03533935546875,0.326171875
3754,M_1105_21y0m_1_dysfluent_164,0.0831298828125,0.290283203125,0.20751953125,0.040313720703125,0.319580078125
3755,M_1105_21y0m_1_dysfluent_165,0.1527099609375,0.49560546875,0.6943359375,0.123046875,0.273681640625
3756,M_1105_21y0m_1_dysfluent_166,0.16455078125,0.53466796875,0.7109375,0.0987548828125,0.114990234375
3757,M_1105_21y0m_1_dysfluent_167,0.09552001953125,0.44677734375,0.440673828125,0.06524658203125,0.0867919921875
3758,M_1105_21y0m_1_dysfluent_168,0.050140380859375,0.456298828125,0.456787109375,0.049041748046875,0.047332763671875
3759,M_1105_21y0m_1_dysfluent_169,0.05023193359375,0.456298828125,0.45703125,0.04913330078125,0.047332763671875
3760,M_1105_21y0m_1_dysfluent_170,0.08990478515625,0.1806640625,0.1683349609375,0.9326171875,0.2091064453125
3761,M_1105_21y0m_1_dysfluent_171,0.0867919921875,0.1873779296875,0.1707763671875,0.93408203125,0.2158203125
3762,M_1105_21y0m_1_dysfluent_172,0.11029052734375,0.2225341796875,0.2432861328125,0.912109375,0.206787109375
3763,M_1105_21y0m_1_dysfluent_173,0.1346435546875,0.2509765625,0.3046875,0.89404296875,0.2110595703125
3764,M_1105_21y0m_1_dysfluent_174,0.1922607421875,0.469970703125,0.451904296875,0.0411376953125,0.10089111328125
3765,M_1105_21y0m_1_dysfluent_175,0.061431884765625,0.1787109375,0.0210113525390625,0.00809478759765625,0.06463623046875
3766,M_1105_21y0m_1_dysfluent_176,0.09722900390625,0.4609375,0.763671875,0.333740234375,0.2059326171875
3767,M_1105_21y0m_1_dysfluent_177,0.09124755859375,0.458740234375,0.75048828125,0.35546875,0.20654296875
3768,M_1105_21y0m_1_dysfluent_178,0.06951904296875,0.321044921875,0.5419921875,0.75,0.1644287109375
3769,M_1105_21y0m_1_dysfluent_179,0.0482177734375,0.1964111328125,0.241455078125,0.8916015625,0.12188720703125
3770,M_1105_21y0m_1_dysfluent_180,0.0482177734375,0.1964111328125,0.241455078125,0.8916015625,0.12188720703125
3771,M_1105_21y0m_1_dysfluent_181,0.050140380859375,0.2078857421875,0.253173828125,0.90380859375,0.1490478515625
3772,M_1105_21y0m_1_dysfluent_182,0.06707763671875,0.264892578125,0.363037109375,0.85498046875,0.2462158203125
3773,M_1105_21y0m_1_dysfluent_183,0.1260986328125,0.28125,0.357177734375,0.8798828125,0.26953125
3774,M_1105_21y0m_1_dysfluent_184,0.1966552734375,0.386962890625,0.533203125,0.63671875,0.5732421875
3775,M_1105_21y0m_1_dysfluent_185,0.1466064453125,0.282958984375,0.281005859375,0.826171875,0.6513671875
3776,M_1105_21y0m_1_dysfluent_186,0.1077880859375,0.2486572265625,0.2288818359375,0.80517578125,0.62890625
3777,M_1105_21y0m_1_dysfluent_187,0.1505126953125,0.23876953125,0.220458984375,0.833984375,0.60400390625
3778,M_1105_21y0m_1_dysfluent_188,0.0953369140625,0.1663818359375,0.02423095703125,0.0295867919921875,0.11163330078125
3779,M_1105_21y0m_1_dysfluent_189,0.08831787109375,0.460205078125,0.436767578125,0.04296875,0.0634765625
3780,M_1105_21y0m_1_dysfluent_190,0.10357666015625,0.4677734375,0.73974609375,0.275146484375,0.1756591796875
3781,M_1105_21y0m_1_dysfluent_191,0.07781982421875,0.464111328125,0.74462890625,0.24072265625,0.12158203125
3782,M_1105_21y0m_1_dysfluent_192,0.08868408203125,0.4853515625,0.7392578125,0.15478515625,0.12408447265625
3783,M_1105_21y0m_1_dysfluent_193,0.054595947265625,0.13525390625,0.03875732421875,0.14453125,0.8447265625
3784,M_1105_21y0m_1_dysfluent_194,0.0457763671875,0.155029296875,0.089599609375,0.8603515625,0.229248046875
3785,M_1105_21y0m_1_dysfluent_195,0.0165252685546875,0.1063232421875,0.0208892822265625,0.06732177734375,0.03302001953125
3786,M_1105_21y0m_1_dysfluent_196,0.1312255859375,0.4033203125,0.299072265625,0.0258636474609375,0.0965576171875
3787,M_1105_21y0m_1_dysfluent_197,0.039276123046875,0.127197265625,0.06939697265625,0.87451171875,0.1717529296875
3788,M_1105_21y0m_1_dysfluent_198,0.040679931640625,0.143798828125,0.1209716796875,0.9306640625,0.2115478515625
3789,M_1105_21y0m_1_dysfluent_199,0.063720703125,0.24560546875,0.290283203125,0.78662109375,0.11920166015625
3790,M_1105_21y0m_1_dysfluent_200,0.044769287109375,0.09234619140625,0.011871337890625,0.0112457275390625,0.047698974609375
3791,M_1105_21y0m_1_dysfluent_201,0.03021240234375,0.28369140625,0.2303466796875,0.07080078125,0.21142578125
3792,M_1105_21y0m_1_dysfluent_202,0.01678466796875,0.1778564453125,0.0489501953125,0.028656005859375,0.03167724609375
3793,M_1105_21y0m_1_dysfluent_203,0.089111328125,0.431884765625,0.68115234375,0.254150390625,0.240234375
3794,M_1105_21y0m_1_dysfluent_204,0.0880126953125,0.4404296875,0.6796875,0.415283203125,0.216796875
3795,M_1105_21y0m_1_dysfluent_205,0.09588623046875,0.396484375,0.65185546875,0.50634765625,0.2086181640625
3796,M_1105_21y0m_1_dysfluent_206,0.056640625,0.291748046875,0.481201171875,0.70703125,0.1416015625
3797,M_1105_21y0m_1_dysfluent_207,0.0869140625,0.364501953125,0.57080078125,0.6328125,0.1739501953125
3798,M_1105_21y0m_1_dysfluent_208,0.05242919921875,0.281982421875,0.399658203125,0.8125,0.1605224609375
3799,M_1105_21y0m_1_dysfluent_209,0.1121826171875,0.49169921875,0.7490234375,0.24365234375,0.15380859375
3800,M_1105_21y0m_1_dysfluent_210,0.0574951171875,0.22021484375,0.2445068359375,0.9091796875,0.1815185546875
3801,M_1105_21y0m_1_dysfluent_211,0.0552978515625,0.1488037109375,0.1019287109375,0.9169921875,0.1309814453125
3802,M_1105_21y0m_1_dysfluent_212,0.05023193359375,0.154541015625,0.023773193359375,0.01554107666015625,0.026763916015625
3803,M_1105_21y0m_1_dysfluent_213,0.02276611328125,0.235595703125,0.10211181640625,0.095703125,0.026458740234375
3804,M_1105_21y0m_1_dysfluent_214,0.02288818359375,0.284423828125,0.2548828125,0.075439453125,0.204833984375
3805,M_1105_21y0m_1_dysfluent_215,0.08526611328125,0.382568359375,0.294189453125,0.0279083251953125,0.1297607421875
3806,M_1105_21y0m_1_dysfluent_216,0.11083984375,0.445556640625,0.4189453125,0.0284881591796875,0.05224609375
3807,M_1105_21y0m_1_dysfluent_217,0.038909912109375,0.250244140625,0.0753173828125,0.020416259765625,0.029815673828125
3808,M_1105_21y0m_1_dysfluent_218,0.0253753662109375,0.27197265625,0.1414794921875,0.048309326171875,0.05706787109375
3809,M_1105_21y0m_1_dysfluent_219,0.0792236328125,0.45947265625,0.59619140625,0.09967041015625,0.130615234375
3810,M_1105_21y0m_1_dysfluent_220,0.187744140625,0.480224609375,0.447998046875,0.0374755859375,0.08526611328125
3811,M_1105_21y0m_1_dysfluent_221,0.1070556640625,0.344482421875,0.1336669921875,0.0206451416015625,0.05987548828125
3812,M_1105_21y0m_1_dysfluent_222,0.11553955078125,0.50146484375,0.76123046875,0.230712890625,0.149169921875
3813,M_1105_21y0m_1_dysfluent_223,0.0616455078125,0.360595703125,0.5498046875,0.67724609375,0.14892578125
3814,M_1105_21y0m_1_dysfluent_224,0.06817626953125,0.192138671875,0.171630859375,0.916015625,0.219970703125
3815,M_1105_21y0m_1_dysfluent_225,0.12139892578125,0.2103271484375,0.174072265625,0.9169921875,0.30322265625
3816,M_1105_21y0m_1_dysfluent_226,0.01422882080078125,0.140625,0.0287017822265625,0.03594970703125,0.02606201171875
3817,M_1105_21y0m_1_dysfluent_227,0.046478271484375,0.162109375,0.120849609375,0.83056640625,0.47412109375
3818,M_1105_21y0m_1_dysfluent_228,0.03875732421875,0.2119140625,0.155517578125,0.640625,0.53369140625
3819,M_1105_21y0m_1_dysfluent_229,0.0966796875,0.486328125,0.767578125,0.1734619140625,0.1773681640625
3820,M_1105_21y0m_1_dysfluent_230,0.07476806640625,0.436279296875,0.66015625,0.33984375,0.1044921875
3821,M_1105_21y0m_1_dysfluent_231,0.080078125,0.47314453125,0.50537109375,0.060638427734375,0.044921875
3822,M_1105_21y0m_1_dysfluent_232,0.07080078125,0.461181640625,0.71142578125,0.2017822265625,0.1331787109375
3823,M_1105_21y0m_1_dysfluent_233,0.260986328125,0.5517578125,0.7060546875,0.160400390625,0.2100830078125
3824,M_1105_21y0m_1_dysfluent_234,0.1988525390625,0.5302734375,0.62255859375,0.07965087890625,0.14990234375
3825,M_1105_21y0m_1_dysfluent_235,0.13232421875,0.1041259765625,0.01519012451171875,0.0167236328125,0.46875
3826,M_1105_21y0m_1_dysfluent_236,0.07354736328125,0.2001953125,0.08404541015625,0.1700439453125,0.88623046875
3827,M_1105_21y0m_1_dysfluent_237,0.08477783203125,0.15478515625,0.0966796875,0.89306640625,0.623046875
3828,M_1105_21y0m_1_dysfluent_238,0.040313720703125,0.12646484375,0.08599853515625,0.93994140625,0.194091796875
3829,M_1105_21y0m_1_dysfluent_239,0.0755615234375,0.15234375,0.090087890625,0.92333984375,0.3564453125
3830,M_1105_21y0m_1_dysfluent_240,0.09075927734375,0.1878662109375,0.1395263671875,0.9306640625,0.41357421875
3831,M_1105_21y0m_1_dysfluent_241,0.0728759765625,0.2105712890625,0.17333984375,0.8671875,0.3984375
3832,M_1105_21y0m_1_dysfluent_242,0.0738525390625,0.1905517578125,0.13232421875,0.88330078125,0.39599609375
3833,M_1105_21y0m_1_dysfluent_243,0.204833984375,0.1737060546875,0.1287841796875,0.86474609375,0.250732421875
3834,M_1105_21y0m_1_dysfluent_244,0.51611328125,0.253173828125,0.21728515625,0.61376953125,0.2919921875
3835,M_1105_21y0m_1_dysfluent_245,0.80224609375,0.260009765625,0.08062744140625,0.0293121337890625,0.133544921875
3836,M_1105_21y0m_1_dysfluent_246,0.047515869140625,0.1619873046875,0.059326171875,0.06683349609375,0.67529296875
3837,M_1105_21y0m_1_dysfluent_247,0.06939697265625,0.3134765625,0.2802734375,0.1749267578125,0.1673583984375
3838,M_1105_21y0m_1_dysfluent_248,0.2073974609375,0.39111328125,0.25341796875,0.022796630859375,0.06866455078125
3839,M_1105_21y0m_1_dysfluent_249,0.043701171875,0.240234375,0.157958984375,0.047088623046875,0.32177734375
3840,M_1105_21y0m_1_dysfluent_250,0.06866455078125,0.267333984375,0.333251953125,0.65478515625,0.1187744140625
3841,M_1105_21y0m_1_dysfluent_251,0.01507568359375,0.1884765625,0.06549072265625,0.06475830078125,0.09912109375
3842,M_1105_21y0m_1_dysfluent_252,0.0460205078125,0.36865234375,0.40771484375,0.044677734375,0.042236328125
3843,M_1105_21y0m_1_dysfluent_253,0.040008544921875,0.3603515625,0.327880859375,0.0364990234375,0.043365478515625
3844,M_1105_21y0m_1_dysfluent_254,0.0509033203125,0.1697998046875,0.1544189453125,0.91943359375,0.1558837890625
3845,M_1105_21y0m_1_dysfluent_255,0.048126220703125,0.165771484375,0.150390625,0.92236328125,0.1497802734375
3846,M_1105_21y0m_1_dysfluent_256,0.07476806640625,0.1778564453125,0.18212890625,0.90771484375,0.1412353515625
3847,M_1105_21y0m_1_dysfluent_257,0.05633544921875,0.1463623046875,0.1134033203125,0.9345703125,0.193603515625
3848,M_1105_21y0m_1_dysfluent_258,0.037811279296875,0.1483154296875,0.10968017578125,0.93505859375,0.198974609375
3849,M_1105_21y0m_1_dysfluent_259,0.037384033203125,0.1553955078125,0.11102294921875,0.9267578125,0.1580810546875
3850,M_1105_21y0m_1_dysfluent_260,0.044921875,0.181396484375,0.1715087890625,0.92578125,0.1806640625
3851,M_1105_21y0m_1_dysfluent_261,0.05059814453125,0.2120361328125,0.2135009765625,0.9111328125,0.1400146484375
3852,M_1105_21y0m_1_dysfluent_262,0.13427734375,0.428955078125,0.2462158203125,0.0306243896484375,0.0287017822265625
3853,M_1105_21y0m_1_dysfluent_263,0.053497314453125,0.43212890625,0.416259765625,0.040008544921875,0.04132080078125
3854,M_1105_21y0m_1_dysfluent_264,0.0535888671875,0.43212890625,0.416259765625,0.040008544921875,0.04132080078125
3855,M_1105_21y0m_1_dysfluent_265,0.039642333984375,0.18212890625,0.09637451171875,0.56982421875,0.638671875
3856,M_1105_21y0m_1_dysfluent_266,0.130126953125,0.3115234375,0.23681640625,0.33203125,0.79248046875
3857,M_1105_21y0m_1_dysfluent_267,0.1214599609375,0.30615234375,0.327880859375,0.72802734375,0.56494140625
3858,M_1105_21y0m_1_dysfluent_268,0.1214599609375,0.30615234375,0.327880859375,0.72802734375,0.56494140625
3859,M_1105_21y0m_1_dysfluent_269,0.0885009765625,0.249267578125,0.262939453125,0.82421875,0.56689453125
3860,M_1105_21y0m_1_dysfluent_270,0.10467529296875,0.274658203125,0.342529296875,0.85595703125,0.359619140625
3861,M_1105_21y0m_1_dysfluent_271,0.1898193359375,0.23974609375,0.2362060546875,0.87841796875,0.411376953125
3862,M_1105_21y0m_1_dysfluent_272,0.215576171875,0.25732421875,0.259033203125,0.85302734375,0.232666015625
3863,M_1105_21y0m_1_dysfluent_273,0.47265625,0.15283203125,0.033782958984375,0.019561767578125,0.2183837890625
3864,M_1105_21y0m_1_dysfluent_274,0.07879638671875,0.48193359375,0.53271484375,0.051849365234375,0.0704345703125
3865,M_1105_21y0m_1_dysfluent_275,0.0318603515625,0.10760498046875,0.0200653076171875,0.018768310546875,0.2181396484375
3866,M_1105_21y0m_1_dysfluent_276,0.093505859375,0.369384765625,0.6298828125,0.59814453125,0.282470703125
3867,M_1105_21y0m_1_dysfluent_277,0.09844970703125,0.3955078125,0.6748046875,0.6064453125,0.260498046875
3868,M_1105_21y0m_1_dysfluent_278,0.14794921875,0.4443359375,0.7294921875,0.482421875,0.3037109375
3869,M_1105_21y0m_1_dysfluent_279,0.0784912109375,0.37841796875,0.67431640625,0.576171875,0.2093505859375
3870,M_1105_21y0m_1_dysfluent_280,0.0850830078125,0.38037109375,0.66015625,0.57666015625,0.22802734375
3871,M_1105_21y0m_1_dysfluent_281,0.054107666015625,0.4345703125,0.364013671875,0.036346435546875,0.04327392578125
3872,M_1105_21y0m_1_dysfluent_282,0.09844970703125,0.50927734375,0.63720703125,0.0604248046875,0.06982421875
3873,M_1105_21y0m_1_dysfluent_283,0.09844970703125,0.50927734375,0.63720703125,0.0604248046875,0.06982421875
3874,M_1105_21y0m_1_dysfluent_284,0.1368408203125,0.185302734375,0.1353759765625,0.92138671875,0.30224609375
3875,M_1105_21y0m_1_dysfluent_285,0.1070556640625,0.2447509765625,0.193359375,0.9189453125,0.39111328125
3876,M_1105_21y0m_1_dysfluent_286,0.2044677734375,0.51025390625,0.736328125,0.1529541015625,0.2418212890625
3877,M_1105_21y0m_1_dysfluent_287,0.2044677734375,0.51025390625,0.736328125,0.1529541015625,0.2418212890625
3878,M_1105_21y0m_1_dysfluent_288,0.2044677734375,0.51025390625,0.736328125,0.1529541015625,0.2418212890625
3879,M_1105_21y0m_1_dysfluent_289,0.1607666015625,0.2059326171875,0.092529296875,0.1292724609375,0.8896484375
3880,M_1105_21y0m_1_dysfluent_290,0.168212890625,0.2208251953125,0.08251953125,0.0604248046875,0.869140625
3881,M_1105_21y0m_1_dysfluent_291,0.192138671875,0.4189453125,0.285888671875,0.0217742919921875,0.145751953125
3882,M_1105_21y0m_1_dysfluent_292,0.1214599609375,0.494140625,0.57080078125,0.043121337890625,0.053985595703125
3883,M_1105_21y0m_1_dysfluent_293,0.12158203125,0.494140625,0.57080078125,0.043121337890625,0.053985595703125
3884,M_1105_21y0m_1_dysfluent_294,0.039642333984375,0.374267578125,0.1981201171875,0.0199432373046875,0.0228424072265625
3885,M_1105_21y0m_1_dysfluent_295,0.0282745361328125,0.1439208984375,0.0252227783203125,0.0117340087890625,0.043121337890625
3886,M_1105_21y0m_1_dysfluent_296,0.11163330078125,0.501953125,0.76513671875,0.1634521484375,0.14404296875
3887,M_1105_21y0m_1_dysfluent_297,0.09515380859375,0.489013671875,0.76416015625,0.1536865234375,0.1490478515625
3888,M_1105_21y0m_1_dysfluent_298,0.075439453125,0.474609375,0.70849609375,0.115966796875,0.1033935546875
3889,M_1105_21y0m_1_dysfluent_299,0.075439453125,0.474609375,0.70849609375,0.115966796875,0.1033935546875
3890,M_1105_21y0m_1_dysfluent_300,0.1014404296875,0.43505859375,0.26904296875,0.020721435546875,0.0322265625
3891,M_1105_21y0m_1_dysfluent_301,0.06280517578125,0.41943359375,0.2861328125,0.0296478271484375,0.033721923828125
3892,M_1105_21y0m_1_dysfluent_302,0.0294189453125,0.290771484375,0.1153564453125,0.0177154541015625,0.0230255126953125
3893,M_1105_21y0m_1_dysfluent_303,0.04986572265625,0.341552734375,0.1805419921875,0.015777587890625,0.0283355712890625
3894,M_1105_21y0m_1_dysfluent_304,0.218017578125,0.123779296875,0.01490020751953125,0.00955963134765625,0.027008056640625
3895,M_1105_21y0m_1_dysfluent_305,0.038116455078125,0.3740234375,0.316650390625,0.0401611328125,0.044769287109375
3896,M_1105_21y0m_1_dysfluent_306,0.06817626953125,0.12286376953125,0.06488037109375,0.8916015625,0.2587890625
3897,M_1105_21y0m_1_dysfluent_307,0.1434326171875,0.34912109375,0.2474365234375,0.047607421875,0.50439453125
3898,M_1105_21y0m_1_dysfluent_308,0.12359619140625,0.40380859375,0.3955078125,0.055511474609375,0.21044921875
3899,M_1105_21y0m_1_dysfluent_309,0.054901123046875,0.254638671875,0.355712890625,0.77685546875,0.1187744140625
3900,M_1105_21y0m_1_dysfluent_310,0.057281494140625,0.272705078125,0.4609375,0.76953125,0.12939453125
3901,M_1105_21y0m_1_dysfluent_311,0.12548828125,0.2548828125,0.265380859375,0.88037109375,0.4970703125
3902,M_1105_21y0m_1_dysfluent_312,0.093017578125,0.206787109375,0.1488037109375,0.9189453125,0.356201171875
3903,M_1105_21y0m_1_dysfluent_313,0.0411376953125,0.1773681640625,0.10089111328125,0.08123779296875,0.60595703125
3904,M_1105_21y0m_1_dysfluent_314,0.0196075439453125,0.256591796875,0.140869140625,0.036346435546875,0.033782958984375
3905,M_1105_21y0m_1_dysfluent_315,0.03436279296875,0.12103271484375,0.0170440673828125,0.0120086669921875,0.097412109375
3906,M_1105_21y0m_1_dysfluent_316,0.06719970703125,0.28125,0.367919921875,0.8046875,0.4091796875
3907,M_1105_21y0m_1_dysfluent_317,0.051177978515625,0.2430419921875,0.30078125,0.81884765625,0.35009765625
3908,M_1105_21y0m_1_dysfluent_318,0.06658935546875,0.2381591796875,0.294677734375,0.87939453125,0.31396484375
3909,M_1105_21y0m_1_dysfluent_319,0.050811767578125,0.09283447265625,0.03253173828125,0.86328125,0.241455078125
3910,M_1105_21y0m_1_dysfluent_320,0.47900390625,0.491943359375,0.448974609375,0.04779052734375,0.1317138671875
3911,M_1105_21y0m_1_dysfluent_321,0.479248046875,0.491943359375,0.448974609375,0.04779052734375,0.1317138671875
3912,M_1105_21y0m_1_dysfluent_322,0.1279296875,0.42333984375,0.69775390625,0.448974609375,0.1744384765625
3913,M_1105_21y0m_1_dysfluent_323,0.102294921875,0.336669921875,0.49755859375,0.7685546875,0.2005615234375
3914,M_1105_21y0m_1_dysfluent_324,0.0634765625,0.22802734375,0.23974609375,0.8779296875,0.1884765625
3915,M_1105_21y0m_1_dysfluent_325,0.1033935546875,0.1734619140625,0.103759765625,0.869140625,0.1778564453125
3916,M_1105_21y0m_1_dysfluent_326,0.030670166015625,0.1385498046875,0.033843994140625,0.055419921875,0.448974609375
3917,M_1105_21y0m_1_dysfluent_327,0.119384765625,0.1795654296875,0.0537109375,0.06866455078125,0.89306640625
3918,M_1105_21y0m_1_dysfluent_328,0.056976318359375,0.10992431640625,0.0184326171875,0.046478271484375,0.681640625
3919,M_1105_21y0m_1_dysfluent_329,0.20703125,0.24560546875,0.09075927734375,0.04742431640625,0.6953125
3920,M_1105_21y0m_1_dysfluent_330,0.0284881591796875,0.2374267578125,0.2330322265625,0.72412109375,0.07421875
3921,M_1105_21y0m_1_dysfluent_331,0.0280609130859375,0.1239013671875,0.0869140625,0.87353515625,0.08819580078125
3922,M_1105_21y0m_1_dysfluent_332,0.013427734375,0.08282470703125,0.0199127197265625,0.1680908203125,0.1927490234375
3923,M_1105_21y0m_1_dysfluent_333,0.10357666015625,0.1654052734375,0.07080078125,0.0867919921875,0.85693359375
3924,M_1105_21y0m_1_dysfluent_334,0.1556396484375,0.293212890625,0.2161865234375,0.6220703125,0.796875
3925,M_1105_21y0m_1_dysfluent_335,0.062225341796875,0.1527099609375,0.09808349609375,0.92919921875,0.36376953125
3926,M_1105_21y0m_1_dysfluent_336,0.0765380859375,0.1507568359375,0.093505859375,0.93310546875,0.30517578125
3927,M_1105_21y0m_1_dysfluent_337,0.06610107421875,0.2127685546875,0.11297607421875,0.27001953125,0.62158203125
3928,M_1105_21y0m_1_dysfluent_338,0.019561767578125,0.2080078125,0.15576171875,0.184814453125,0.0999755859375
3929,M_1105_21y0m_1_dysfluent_339,0.0129241943359375,0.11029052734375,0.020843505859375,0.03753662109375,0.0531005859375
3930,M_1105_21y0m_1_dysfluent_340,0.0206451416015625,0.194580078125,0.046630859375,0.022979736328125,0.0504150390625
3931,M_1105_21y0m_1_dysfluent_341,0.0170440673828125,0.1435546875,0.059417724609375,0.09185791015625,0.072265625
3932,M_1105_21y0m_1_dysfluent_342,0.013427734375,0.11199951171875,0.024993896484375,0.049774169921875,0.0306243896484375
3933,M_1105_21y0m_1_dysfluent_343,0.02069091796875,0.27783203125,0.172607421875,0.06475830078125,0.191650390625
3934,M_1105_21y0m_1_dysfluent_344,0.01507568359375,0.276611328125,0.17578125,0.1217041015625,0.08740234375
3935,M_1105_21y0m_1_dysfluent_345,0.056243896484375,0.410400390625,0.486572265625,0.06903076171875,0.0521240234375
3936,M_1105_21y0m_1_dysfluent_346,0.07684326171875,0.456787109375,0.525390625,0.05633544921875,0.052703857421875
3937,M_1105_21y0m_1_dysfluent_347,0.06817626953125,0.442138671875,0.65478515625,0.1318359375,0.09417724609375
3938,M_1105_21y0m_1_dysfluent_348,0.06817626953125,0.442138671875,0.65478515625,0.1317138671875,0.09417724609375
3939,M_1105_21y0m_1_dysfluent_349,0.050140380859375,0.328857421875,0.189697265625,0.0253753662109375,0.12261962890625
3940,M_1105_21y0m_1_dysfluent_350,0.055206298828125,0.388671875,0.2919921875,0.0318603515625,0.059539794921875
3941,M_1105_21y0m_1_dysfluent_351,0.05511474609375,0.388671875,0.2919921875,0.0318603515625,0.059539794921875
3942,M_1105_21y0m_1_dysfluent_352,0.0322265625,0.2093505859375,0.03839111328125,0.00891876220703125,0.021209716796875
3943,M_1105_21y0m_1_dysfluent_353,0.0322265625,0.2093505859375,0.03839111328125,0.00891876220703125,0.021209716796875
3944,M_1105_21y0m_1_dysfluent_354,0.23583984375,0.43505859375,0.389404296875,0.0509033203125,0.4169921875
3945,M_1105_21y0m_1_dysfluent_355,0.2359619140625,0.43505859375,0.389404296875,0.0509033203125,0.416748046875
3946,M_1105_21y0m_1_dysfluent_356,0.2354736328125,0.46337890625,0.5498046875,0.2379150390625,0.419189453125
3947,M_1105_21y0m_1_dysfluent_357,0.07965087890625,0.348876953125,0.455322265625,0.400390625,0.60498046875
3948,M_1105_21y0m_1_dysfluent_358,0.052825927734375,0.421142578125,0.64404296875,0.291748046875,0.1373291015625
3949,M_1105_21y0m_1_dysfluent_359,0.06646728515625,0.3779296875,0.33349609375,0.09844970703125,0.07275390625
3950,M_1105_21y0m_1_dysfluent_360,0.03955078125,0.275634765625,0.133056640625,0.0517578125,0.034881591796875
3951,M_1105_21y0m_1_dysfluent_361,0.027740478515625,0.1810302734375,0.0472412109375,0.059112548828125,0.04345703125
3952,M_1105_21y0m_1_dysfluent_362,0.063720703125,0.137939453125,0.035736083984375,0.03643798828125,0.6875
3953,M_1105_21y0m_1_dysfluent_363,0.09637451171875,0.313720703125,0.402587890625,0.587890625,0.5908203125
3954,M_1105_21y0m_1_dysfluent_364,0.097412109375,0.285888671875,0.34912109375,0.8076171875,0.4560546875
3955,M_1105_21y0m_1_dysfluent_365,0.0615234375,0.2493896484375,0.2490234375,0.88037109375,0.2939453125
3956,M_1105_21y0m_1_dysfluent_366,0.0810546875,0.36474609375,0.61572265625,0.60546875,0.1822509765625
3957,M_1105_21y0m_1_dysfluent_367,0.11968994140625,0.50830078125,0.76953125,0.1544189453125,0.153564453125
3958,M_1105_21y0m_1_dysfluent_368,0.11578369140625,0.50927734375,0.77978515625,0.17919921875,0.1749267578125
3959,M_1105_21y0m_1_dysfluent_369,0.151123046875,0.487060546875,0.7802734375,0.251953125,0.1998291015625
3960,M_1105_21y0m_1_dysfluent_370,0.135498046875,0.492431640625,0.7763671875,0.2022705078125,0.1766357421875
3961,M_1105_21y0m_1_dysfluent_371,0.2109375,0.318603515625,0.10797119140625,0.015960693359375,0.029144287109375
3962,M_1105_21y0m_1_dysfluent_372,0.055206298828125,0.431640625,0.38427734375,0.047698974609375,0.0546875
3963,M_1105_21y0m_1_dysfluent_373,0.14013671875,0.51318359375,0.65087890625,0.12451171875,0.2264404296875
3964,M_1105_21y0m_1_dysfluent_374,0.16455078125,0.5146484375,0.71484375,0.1607666015625,0.281494140625
3965,M_1105_21y0m_1_dysfluent_375,0.0823974609375,0.43798828125,0.5458984375,0.0738525390625,0.2322998046875
3966,M_1105_21y0m_1_dysfluent_376,0.10614013671875,0.392822265625,0.50244140625,0.09124755859375,0.445556640625
3967,M_1105_21y0m_1_dysfluent_377,0.0187225341796875,0.230224609375,0.089111328125,0.0250396728515625,0.0197601318359375
3968,M_1105_21y0m_1_dysfluent_378,0.02484130859375,0.2998046875,0.242431640625,0.04010009765625,0.0401611328125
3969,M_1105_21y0m_1_dysfluent_379,0.030670166015625,0.29931640625,0.1763916015625,0.037689208984375,0.0293731689453125
3970,M_1105_21y0m_1_dysfluent_380,0.11297607421875,0.5224609375,0.705078125,0.08477783203125,0.1077880859375
3971,M_1105_21y0m_1_dysfluent_381,0.16259765625,0.495361328125,0.68310546875,0.1734619140625,0.1617431640625
3972,M_1105_21y0m_1_dysfluent_382,0.0703125,0.26220703125,0.30224609375,0.8349609375,0.228271484375
3973,M_1105_21y0m_1_dysfluent_383,0.137939453125,0.337158203125,0.438720703125,0.666015625,0.21533203125
3974,M_1105_21y0m_1_dysfluent_384,0.06646728515625,0.2132568359375,0.219970703125,0.90576171875,0.166015625
3975,M_1105_21y0m_1_dysfluent_385,0.08343505859375,0.170654296875,0.123779296875,0.9365234375,0.3271484375
3976,M_1105_21y0m_1_dysfluent_386,0.1187744140625,0.274658203125,0.1802978515625,0.16748046875,0.88330078125
3977,M_1105_21y0m_1_dysfluent_387,0.17529296875,0.40185546875,0.4111328125,0.2215576171875,0.77490234375
3978,M_1105_21y0m_1_dysfluent_388,0.0141754150390625,0.1121826171875,0.034759521484375,0.232177734375,0.1822509765625
3979,M_1105_21y0m_1_dysfluent_389,0.0197601318359375,0.1700439453125,0.09466552734375,0.1688232421875,0.287109375
3980,M_1105_21y0m_1_dysfluent_390,0.0823974609375,0.48828125,0.62939453125,0.056640625,0.07781982421875
3981,M_1105_21y0m_1_dysfluent_391,0.08251953125,0.488037109375,0.62939453125,0.056640625,0.07781982421875
3982,M_1105_21y0m_1_dysfluent_392,0.056640625,0.3671875,0.2303466796875,0.023651123046875,0.04620361328125
3983,M_1105_21y0m_1_dysfluent_393,0.052520751953125,0.271484375,0.411376953125,0.783203125,0.1727294921875
3984,M_1105_21y0m_1_dysfluent_394,0.1290283203125,0.381103515625,0.60986328125,0.53759765625,0.44384765625
3985,M_1105_21y0m_1_dysfluent_395,0.061767578125,0.351318359375,0.5859375,0.5390625,0.2783203125
3986,M_1105_21y0m_1_dysfluent_396,0.022674560546875,0.1739501953125,0.17626953125,0.80712890625,0.09466552734375
3987,M_1105_21y0m_1_dysfluent_397,0.0244293212890625,0.183349609375,0.1787109375,0.796875,0.0953369140625
3988,M_1105_21y0m_1_dysfluent_398,0.0244293212890625,0.183349609375,0.1787109375,0.796875,0.0953369140625
3989,M_1105_21y0m_1_dysfluent_399,0.216064453125,0.5322265625,0.67138671875,0.1636962890625,0.290283203125
3990,M_1105_21y0m_1_dysfluent_400,0.216064453125,0.5322265625,0.67138671875,0.1636962890625,0.290283203125
3991,M_1105_21y0m_1_dysfluent_401,0.08270263671875,0.43212890625,0.65478515625,0.25,0.089111328125
3992,M_1105_21y0m_1_dysfluent_402,0.06781005859375,0.389404296875,0.552734375,0.2257080078125,0.0830078125
3993,M_1105_21y0m_1_dysfluent_403,0.02203369140625,0.206787109375,0.0330810546875,0.023193359375,0.0179901123046875
3994,M_1105_21y0m_1_dysfluent_404,0.0169219970703125,0.11993408203125,0.0197906494140625,0.031494140625,0.0330810546875
3995,M_1105_21y0m_1_dysfluent_405,0.0163421630859375,0.1806640625,0.0726318359375,0.030792236328125,0.1251220703125
3996,M_1105_21y0m_1_dysfluent_406,0.030792236328125,0.399169921875,0.4091796875,0.05499267578125,0.0615234375
3997,M_1105_21y0m_1_dysfluent_407,0.06610107421875,0.4931640625,0.64990234375,0.12451171875,0.11083984375
3998,M_1105_21y0m_1_dysfluent_408,0.06610107421875,0.4931640625,0.64990234375,0.12451171875,0.11083984375
3999,M_1105_21y0m_1_dysfluent_409,0.028167724609375,0.2352294921875,0.08709716796875,0.0165252685546875,0.06756591796875
4000,M_1105_21y0m_1_dysfluent_410,0.11297607421875,0.50341796875,0.64794921875,0.09857177734375,0.11968994140625
4001,M_1105_21y0m_1_dysfluent_411,0.11297607421875,0.50341796875,0.64794921875,0.09857177734375,0.11968994140625
4002,M_1105_21y0m_1_dysfluent_412,0.03662109375,0.302490234375,0.47607421875,0.4873046875,0.1451416015625
4003,M_1105_21y0m_1_dysfluent_413,0.0255584716796875,0.206787109375,0.06829833984375,0.022796630859375,0.1456298828125
4004,M_1105_21y0m_1_dysfluent_414,0.0185089111328125,0.0794677734375,0.01395416259765625,0.054595947265625,0.358642578125
4005,M_1105_21y0m_1_dysfluent_415,0.0206451416015625,0.1995849609375,0.06524658203125,0.09979248046875,0.06097412109375
4006,M_1105_21y0m_1_dysfluent_416,0.0810546875,0.227294921875,0.216796875,0.88330078125,0.4130859375
4007,M_1105_21y0m_1_dysfluent_417,0.0753173828125,0.30322265625,0.385498046875,0.8125,0.347900390625
4008,M_1105_21y0m_1_dysfluent_418,0.0830078125,0.1981201171875,0.16259765625,0.87646484375,0.52197265625
4009,M_1105_21y0m_1_dysfluent_419,0.08990478515625,0.25537109375,0.26904296875,0.88623046875,0.377685546875
4010,M_1105_21y0m_1_dysfluent_420,0.039794921875,0.130859375,0.059112548828125,0.86328125,0.32568359375
4011,M_1105_21y0m_1_dysfluent_421,0.2259521484375,0.495361328125,0.6845703125,0.2198486328125,0.326171875
4012,M_1105_21y0m_1_dysfluent_422,0.09332275390625,0.186279296875,0.13671875,0.90576171875,0.330810546875
4013,M_1105_21y0m_1_dysfluent_423,0.146484375,0.1961669921875,0.14697265625,0.91796875,0.383056640625
4014,M_1105_21y0m_1_dysfluent_424,0.68115234375,0.379150390625,0.23095703125,0.0517578125,0.2255859375
4015,M_1105_21y0m_1_dysfluent_425,0.0567626953125,0.371826171875,0.34375,0.1319580078125,0.23193359375
4016,M_1105_21y0m_1_dysfluent_426,0.0567626953125,0.371826171875,0.34375,0.1319580078125,0.23193359375
4017,M_1105_21y0m_1_dysfluent_427,0.09808349609375,0.388916015625,0.62939453125,0.525390625,0.374267578125
4018,M_1105_21y0m_1_dysfluent_428,0.0703125,0.304443359375,0.513671875,0.6591796875,0.1729736328125
4019,M_1105_21y0m_1_dysfluent_429,0.06939697265625,0.33251953125,0.57958984375,0.591796875,0.1663818359375
4020,M_1105_21y0m_1_dysfluent_430,0.06793212890625,0.35009765625,0.5927734375,0.53564453125,0.2470703125
4021,M_1105_21y0m_1_fluent_000,0.0211639404296875,0.16748046875,0.044586181640625,0.03759765625,0.038330078125
4022,M_1105_21y0m_1_fluent_001,0.035675048828125,0.303466796875,0.2432861328125,0.052032470703125,0.04107666015625
4023,M_1105_21y0m_1_fluent_002,0.022247314453125,0.1845703125,0.11798095703125,0.2197265625,0.398193359375
4024,M_1105_21y0m_1_fluent_003,0.0618896484375,0.1500244140625,0.07965087890625,0.402587890625,0.0885009765625
4025,M_1105_21y0m_1_fluent_004,0.0164642333984375,0.11279296875,0.03448486328125,0.2607421875,0.08343505859375
4026,M_1105_21y0m_1_fluent_005,0.033477783203125,0.198486328125,0.08648681640625,0.09234619140625,0.115966796875
4027,M_1105_21y0m_1_fluent_006,0.0269622802734375,0.06573486328125,0.0079345703125,0.0171051025390625,0.025177001953125
4028,M_1105_21y0m_1_fluent_007,0.338134765625,0.1605224609375,0.05224609375,0.021484375,0.0537109375
4029,M_1105_21y0m_1_fluent_008,0.0196380615234375,0.198486328125,0.0880126953125,0.05633544921875,0.05877685546875
4030,M_1105_21y0m_1_fluent_009,0.0189056396484375,0.2086181640625,0.147216796875,0.08404541015625,0.1165771484375
4031,M_1105_21y0m_1_fluent_010,0.0293731689453125,0.271728515625,0.289306640625,0.04168701171875,0.0728759765625
4032,M_1105_21y0m_1_fluent_011,0.0262603759765625,0.12359619140625,0.0180511474609375,0.00989532470703125,0.0165252685546875
4033,M_1105_21y0m_1_fluent_012,0.0289306640625,0.1177978515625,0.0310821533203125,0.0269622802734375,0.1539306640625
4034,M_1105_21y0m_1_fluent_013,0.047332763671875,0.173828125,0.033905029296875,0.01812744140625,0.0162200927734375
4035,M_1105_21y0m_1_fluent_014,0.0129241943359375,0.177490234375,0.08270263671875,0.055511474609375,0.0306243896484375
4036,M_1105_21y0m_1_fluent_015,0.0228424072265625,0.22802734375,0.0753173828125,0.03143310546875,0.0592041015625
4037,M_1105_21y0m_1_fluent_016,0.011962890625,0.1495361328125,0.06793212890625,0.11419677734375,0.0703125
4038,M_1105_21y0m_1_fluent_017,0.0177764892578125,0.152587890625,0.0552978515625,0.050048828125,0.1246337890625
4039,M_1105_21y0m_1_fluent_018,0.0246124267578125,0.29052734375,0.294189453125,0.100341796875,0.093017578125
4040,M_1105_21y0m_1_fluent_019,0.0244293212890625,0.11920166015625,0.021484375,0.0264129638671875,0.0200653076171875
4041,M_1105_21y0m_1_fluent_020,0.2391357421875,0.35302734375,0.412353515625,0.07489013671875,0.30322265625
4042,M_1105_21y0m_1_fluent_021,0.021484375,0.25732421875,0.13232421875,0.0276947021484375,0.050140380859375
4043,M_1105_21y0m_1_fluent_022,0.030914306640625,0.2481689453125,0.24853515625,0.1177978515625,0.1737060546875
4044,M_1105_21y0m_1_fluent_023,0.032470703125,0.1566162109375,0.06939697265625,0.11358642578125,0.49755859375
4045,M_1105_21y0m_1_fluent_024,0.0271148681640625,0.167724609375,0.03277587890625,0.0153656005859375,0.01467132568359375
4046,M_1105_21y0m_1_fluent_025,0.03314208984375,0.2022705078125,0.078369140625,0.0272674560546875,0.06878662109375
4047,M_1105_21y0m_1_fluent_026,0.025177001953125,0.3291015625,0.2127685546875,0.04510498046875,0.049774169921875
4048,M_1105_21y0m_1_fluent_027,0.0305023193359375,0.2210693359375,0.06842041015625,0.02752685546875,0.0271148681640625
4049,M_1105_21y0m_1_fluent_028,0.047515869140625,0.349365234375,0.383056640625,0.08447265625,0.0631103515625
4050,M_1105_21y0m_1_fluent_029,0.015960693359375,0.08831787109375,0.0177154541015625,0.11297607421875,0.089599609375
4051,M_1105_21y0m_1_fluent_030,0.0192413330078125,0.161376953125,0.079345703125,0.081787109375,0.1470947265625
4052,M_1105_21y0m_1_fluent_031,0.0322265625,0.0753173828125,0.009124755859375,0.0116424560546875,0.026702880859375
4053,M_1105_21y0m_1_fluent_032,0.031982421875,0.1746826171875,0.081787109375,0.0548095703125,0.127197265625
4054,M_1105_21y0m_1_fluent_033,0.047607421875,0.31787109375,0.45068359375,0.44580078125,0.1507568359375
4055,M_1105_21y0m_1_fluent_034,0.0199432373046875,0.135986328125,0.05389404296875,0.13671875,0.1553955078125
4056,M_1105_21y0m_1_fluent_035,0.023956298828125,0.145751953125,0.03265380859375,0.03582763671875,0.0252227783203125
4057,M_1105_21y0m_1_fluent_036,0.0192718505859375,0.06719970703125,0.01073455810546875,0.06488037109375,0.1015625
4058,M_1105_21y0m_1_fluent_037,0.1849365234375,0.2447509765625,0.15576171875,0.09417724609375,0.1373291015625
4059,M_1105_21y0m_1_fluent_038,0.0616455078125,0.24365234375,0.08251953125,0.024383544921875,0.03216552734375
4060,M_1105_21y0m_1_fluent_039,0.0261077880859375,0.1622314453125,0.044769287109375,0.026153564453125,0.0284423828125
4061,M_1105_21y0m_1_fluent_040,0.02880859375,0.129638671875,0.0269622802734375,0.032958984375,0.03656005859375
4062,M_1105_21y0m_1_fluent_041,0.02801513671875,0.190673828125,0.0552978515625,0.019561767578125,0.050811767578125
4063,M_1105_21y0m_1_fluent_042,0.044525146484375,0.1171875,0.027069091796875,0.04327392578125,0.04681396484375
4064,M_1105_21y0m_1_fluent_043,0.018829345703125,0.1922607421875,0.055419921875,0.018829345703125,0.0235595703125
4065,M_1105_21y0m_1_fluent_044,0.156005859375,0.10687255859375,0.0282135009765625,0.047149658203125,0.1807861328125
4066,M_1105_21y0m_1_fluent_045,0.0296478271484375,0.204833984375,0.2216796875,0.365234375,0.0723876953125
4067,M_1105_21y0m_1_fluent_046,0.03533935546875,0.091064453125,0.01971435546875,0.11419677734375,0.071044921875
4068,M_1105_21y0m_1_fluent_047,0.0762939453125,0.280517578125,0.2034912109375,0.055206298828125,0.11199951171875
4069,M_1105_21y0m_1_fluent_048,0.060089111328125,0.116943359375,0.03131103515625,0.058135986328125,0.02947998046875
4070,M_1105_21y0m_1_fluent_049,0.0153045654296875,0.1971435546875,0.1934814453125,0.4130859375,0.07135009765625
4071,M_1105_21y0m_1_fluent_050,0.0248870849609375,0.15283203125,0.05877685546875,0.045440673828125,0.06658935546875
4072,M_1105_21y0m_1_fluent_051,0.0386962890625,0.150146484375,0.1214599609375,0.732421875,0.55322265625
4073,M_1105_21y0m_1_fluent_052,0.0190582275390625,0.21044921875,0.1697998046875,0.223388671875,0.1396484375
4074,M_1105_21y0m_1_fluent_053,0.09173583984375,0.1922607421875,0.054290771484375,0.01450347900390625,0.038177490234375
4075,M_1105_21y0m_1_fluent_054,0.0287628173828125,0.174072265625,0.034881591796875,0.0182952880859375,0.047882080078125
4076,M_1105_21y0m_1_fluent_055,0.0276336669921875,0.1070556640625,0.0242767333984375,0.027008056640625,0.038543701171875
4077,M_1105_21y0m_1_fluent_056,0.01512908935546875,0.1685791015625,0.077392578125,0.05511474609375,0.04083251953125
4078,M_1105_21y0m_1_fluent_057,0.08526611328125,0.47998046875,0.7626953125,0.2340087890625,0.14501953125
4079,M_1105_21y0m_1_fluent_058,0.03338623046875,0.2315673828125,0.15673828125,0.0638427734375,0.05291748046875
4080,M_1105_21y0m_1_fluent_059,0.0201416015625,0.09808349609375,0.0239105224609375,0.047943115234375,0.164794921875
4081,M_1105_21y0m_1_fluent_060,0.051544189453125,0.140869140625,0.03875732421875,0.020599365234375,0.1812744140625
4082,M_1105_21y0m_1_fluent_061,0.03228759765625,0.1319580078125,0.03839111328125,0.0489501953125,0.27685546875
4083,M_1105_21y0m_1_fluent_062,0.07080078125,0.08819580078125,0.01337432861328125,0.0216522216796875,0.2086181640625
4084,M_1105_21y0m_1_fluent_063,0.0200653076171875,0.27099609375,0.17529296875,0.0457763671875,0.08819580078125
4085,M_1105_21y0m_1_fluent_064,0.0164031982421875,0.093994140625,0.018402099609375,0.0253753662109375,0.07861328125
4086,M_1105_21y0m_1_fluent_065,0.0634765625,0.33349609375,0.205322265625,0.0269622802734375,0.022674560546875
4087,M_1105_21y0m_1_fluent_066,0.0634765625,0.1849365234375,0.046112060546875,0.0174407958984375,0.042816162109375
4088,M_1105_21y0m_1_fluent_067,0.0216217041015625,0.25830078125,0.288330078125,0.1177978515625,0.191162109375
4089,M_1105_21y0m_1_fluent_068,0.02056884765625,0.142578125,0.0292510986328125,0.024658203125,0.01495361328125
4090,M_1105_21y0m_1_fluent_069,0.0232391357421875,0.1104736328125,0.024658203125,0.028656005859375,0.242431640625
4091,M_1105_21y0m_1_fluent_070,0.0218658447265625,0.282958984375,0.291748046875,0.06878662109375,0.059539794921875
4092,M_1105_21y0m_1_fluent_071,0.0121917724609375,0.11199951171875,0.0279541015625,0.050811767578125,0.0755615234375
4093,M_1105_21y0m_1_fluent_072,0.151123046875,0.1282958984375,0.0343017578125,0.0174407958984375,0.6474609375
4094,M_1105_21y0m_1_fluent_073,0.0125732421875,0.143798828125,0.05242919921875,0.051544189453125,0.045440673828125
4095,M_1105_21y0m_1_fluent_074,0.1231689453125,0.1871337890625,0.050506591796875,0.0141143798828125,0.050048828125
4096,M_1105_21y0m_1_fluent_075,0.01332855224609375,0.1307373046875,0.04168701171875,0.060211181640625,0.1341552734375
4097,M_1105_21y0m_1_fluent_076,0.02386474609375,0.273681640625,0.155029296875,0.0271759033203125,0.09283447265625
4098,M_1105_21y0m_1_fluent_077,0.019683837890625,0.2017822265625,0.10125732421875,0.06622314453125,0.0784912109375
4099,M_1105_21y0m_1_fluent_078,0.017578125,0.1602783203125,0.03143310546875,0.01751708984375,0.02484130859375
4100,M_1105_21y0m_1_fluent_079,0.312744140625,0.1318359375,0.036346435546875,0.0162811279296875,0.1259765625
4101,M_1105_21y0m_1_fluent_080,0.0165863037109375,0.11376953125,0.0235595703125,0.02203369140625,0.0943603515625
4102,M_1105_21y0m_1_fluent_081,0.015960693359375,0.14599609375,0.043212890625,0.0287017822265625,0.03143310546875
4103,M_1105_21y0m_1_fluent_082,0.0162200927734375,0.10107421875,0.023468017578125,0.04132080078125,0.196533203125
4104,M_1105_21y0m_1_fluent_083,0.053192138671875,0.0894775390625,0.019500732421875,0.034881591796875,0.32666015625
4105,M_1105_21y0m_1_fluent_084,0.0236053466796875,0.1026611328125,0.034027099609375,0.26953125,0.50244140625
4106,M_1105_21y0m_1_fluent_085,0.0139007568359375,0.16064453125,0.042572021484375,0.03302001953125,0.039276123046875
4107,M_1105_21y0m_1_fluent_086,0.01433563232421875,0.1802978515625,0.061431884765625,0.04803466796875,0.10302734375
4108,M_1105_21y0m_1_fluent_087,0.06927490234375,0.16748046875,0.037811279296875,0.01450347900390625,0.034027099609375
4109,M_1105_21y0m_1_fluent_088,0.0295867919921875,0.10577392578125,0.0147857666015625,0.0104522705078125,0.015777587890625
4110,M_1105_21y0m_1_fluent_089,0.263427734375,0.10211181640625,0.02532958984375,0.024932861328125,0.2325439453125
4111,M_1105_21y0m_1_fluent_090,0.0220794677734375,0.263427734375,0.1541748046875,0.044097900390625,0.0836181640625
4112,M_1105_21y0m_1_fluent_091,0.018646240234375,0.19482421875,0.090087890625,0.040618896484375,0.0241851806640625
4113,M_1105_21y0m_1_fluent_092,0.010650634765625,0.079345703125,0.0185089111328125,0.1019287109375,0.123779296875
4114,M_1105_21y0m_1_fluent_093,0.0325927734375,0.1334228515625,0.04132080078125,0.054107666015625,0.0699462890625
4115,M_1105_21y0m_1_fluent_094,0.0190887451171875,0.09967041015625,0.037109375,0.2322998046875,0.06842041015625
4116,M_1105_21y0m_1_fluent_095,0.0147857666015625,0.0943603515625,0.01666259765625,0.0182952880859375,0.08270263671875
4117,M_1105_21y0m_1_fluent_096,0.01519012451171875,0.1773681640625,0.07135009765625,0.0701904296875,0.052703857421875
4118,M_1105_21y0m_1_fluent_097,0.1302490234375,0.106689453125,0.020172119140625,0.0153656005859375,0.11102294921875
4119,M_1105_21y0m_1_fluent_098,0.040771484375,0.2470703125,0.07342529296875,0.01049041748046875,0.037200927734375
4120,M_1105_21y0m_1_fluent_099,0.02288818359375,0.177978515625,0.0457763671875,0.01861572265625,0.037689208984375
4121,M_1105_21y0m_1_fluent_100,0.038543701171875,0.1629638671875,0.032958984375,0.0194549560546875,0.0266571044921875
4122,M_1105_21y0m_1_fluent_101,0.018646240234375,0.0943603515625,0.0205230712890625,0.1131591796875,0.028167724609375
4123,M_1105_21y0m_1_fluent_102,0.07611083984375,0.11260986328125,0.035491943359375,0.0289306640625,0.66845703125
4124,M_1105_21y0m_1_fluent_103,0.01763916015625,0.1788330078125,0.09417724609375,0.08477783203125,0.1868896484375
4125,M_1105_21y0m_1_fluent_104,0.0207977294921875,0.19091796875,0.0472412109375,0.016021728515625,0.042327880859375
4126,M_1105_21y0m_1_fluent_105,0.03131103515625,0.1259765625,0.02056884765625,0.0232391357421875,0.029876708984375
4127,M_1105_21y0m_1_fluent_106,0.026702880859375,0.301513671875,0.333740234375,0.1083984375,0.12335205078125
4128,M_1105_21y0m_1_fluent_107,0.033843994140625,0.11102294921875,0.0255126953125,0.038818359375,0.08251953125
4129,M_1105_21y0m_1_fluent_108,0.03155517578125,0.297607421875,0.473876953125,0.473388671875,0.1583251953125
4130,M_1105_21y0m_1_fluent_109,0.01214599609375,0.1041259765625,0.0310821533203125,0.202880859375,0.06939697265625
4131,M_1105_21y0m_1_fluent_110,0.05511474609375,0.167236328125,0.08154296875,0.044342041015625,0.68505859375
4132,M_1105_21y0m_1_fluent_111,0.042236328125,0.366943359375,0.59423828125,0.156982421875,0.1761474609375
4133,M_1105_21y0m_1_fluent_112,0.030670166015625,0.1217041015625,0.0303802490234375,0.03314208984375,0.30908203125
4134,M_1105_21y0m_1_fluent_113,0.019683837890625,0.1453857421875,0.0301055908203125,0.024993896484375,0.0496826171875
4135,M_1105_21y0m_1_fluent_114,0.0223236083984375,0.295654296875,0.2406005859375,0.04803466796875,0.039276123046875
4136,M_1105_21y0m_1_fluent_115,0.0391845703125,0.219970703125,0.055938720703125,0.027435302734375,0.0177154541015625
4137,M_1105_21y0m_1_fluent_116,0.0287017822265625,0.21044921875,0.182861328125,0.264892578125,0.045440673828125
4138,M_1105_21y0m_1_fluent_117,0.0154266357421875,0.200439453125,0.0567626953125,0.0203704833984375,0.048675537109375
4139,M_1105_21y0m_1_fluent_118,0.019989013671875,0.1246337890625,0.0341796875,0.033477783203125,0.07879638671875
4140,M_1105_21y0m_1_fluent_119,0.060638427734375,0.40576171875,0.5634765625,0.10430908203125,0.2047119140625
4141,M_1105_21y0m_1_fluent_120,0.036895751953125,0.1385498046875,0.02337646484375,0.01137542724609375,0.0156707763671875
4142,M_1105_21y0m_1_fluent_121,0.048126220703125,0.16748046875,0.04638671875,0.021942138671875,0.07489013671875
4143,M_1105_21y0m_1_fluent_122,0.0231475830078125,0.262939453125,0.115966796875,0.025177001953125,0.052825927734375
4144,M_1105_21y0m_1_fluent_123,0.0289764404296875,0.1190185546875,0.0235137939453125,0.019012451171875,0.072509765625
4145,M_1105_21y0m_1_fluent_124,0.0214080810546875,0.12841796875,0.029754638671875,0.01473236083984375,0.027801513671875
4146,M_1105_21y0m_1_fluent_125,0.02508544921875,0.2763671875,0.1639404296875,0.0279083251953125,0.09600830078125
4147,M_1105_21y0m_1_fluent_126,0.0262603759765625,0.30126953125,0.2325439453125,0.04595947265625,0.1409912109375
4148,M_1105_21y0m_1_fluent_127,0.0191192626953125,0.1475830078125,0.04779052734375,0.0390625,0.059967041015625
4149,M_1105_21y0m_1_fluent_128,0.01763916015625,0.165283203125,0.050323486328125,0.03179931640625,0.075439453125
4150,M_1105_21y0m_1_fluent_129,0.0197601318359375,0.08648681640625,0.0206451416015625,0.2083740234375,0.53564453125
4151,M_1105_21y0m_1_fluent_130,0.0305023193359375,0.1314697265625,0.045867919921875,0.051849365234375,0.08587646484375
4152,M_1105_21y0m_1_fluent_131,0.0136871337890625,0.1026611328125,0.0262603759765625,0.087890625,0.341552734375
4153,M_1105_21y0m_1_fluent_132,0.0167236328125,0.2313232421875,0.0966796875,0.0265045166015625,0.0751953125
4154,M_1105_21y0m_1_fluent_133,0.025909423828125,0.0948486328125,0.0177764892578125,0.0526123046875,0.033721923828125
4155,M_1105_21y0m_1_fluent_134,0.0216522216796875,0.127685546875,0.039276123046875,0.040679931640625,0.06866455078125
4156,M_1105_21y0m_1_fluent_135,0.11376953125,0.10858154296875,0.021240234375,0.027435302734375,0.06683349609375
4157,M_1105_21y0m_1_fluent_136,0.034942626953125,0.2144775390625,0.11798095703125,0.091064453125,0.033782958984375
4158,M_1105_21y0m_1_fluent_137,0.0638427734375,0.3017578125,0.234619140625,0.044769287109375,0.0751953125
4159,M_1105_21y0m_1_fluent_138,0.0526123046875,0.1533203125,0.0574951171875,0.044769287109375,0.658203125
4160,M_1105_21y0m_1_fluent_139,0.0120086669921875,0.106689453125,0.02685546875,0.15576171875,0.3408203125
4161,M_1105_21y0m_1_fluent_140,0.0174407958984375,0.11126708984375,0.0272216796875,0.046295166015625,0.1153564453125
4162,M_1105_21y0m_1_fluent_141,0.01348114013671875,0.193359375,0.1275634765625,0.1429443359375,0.077392578125
4163,M_1105_21y0m_1_fluent_142,0.0289764404296875,0.180419921875,0.07318115234375,0.0384521484375,0.1131591796875
4164,M_1105_21y0m_1_fluent_143,0.024932861328125,0.1256103515625,0.0243377685546875,0.0238189697265625,0.040252685546875
4165,M_1105_21y0m_1_fluent_144,0.0163421630859375,0.18505859375,0.08251953125,0.056976318359375,0.06085205078125
4166,M_1105_21y0m_1_fluent_145,0.08038330078125,0.474609375,0.7109375,0.1539306640625,0.1446533203125
4167,M_1105_21y0m_1_fluent_146,0.2430419921875,0.11920166015625,0.02532958984375,0.033660888671875,0.10394287109375
4168,M_1105_21y0m_1_fluent_147,0.02630615234375,0.2509765625,0.1378173828125,0.03533935546875,0.1121826171875
4169,M_1105_21y0m_1_fluent_148,0.02838134765625,0.1619873046875,0.077392578125,0.14794921875,0.11517333984375
4170,M_1105_21y0m_1_fluent_149,0.064208984375,0.240478515625,0.089599609375,0.016845703125,0.042877197265625
4171,M_1105_21y0m_1_fluent_150,0.0177154541015625,0.152099609375,0.05718994140625,0.06768798828125,0.062103271484375
4172,M_1105_21y0m_1_fluent_151,0.082275390625,0.48291015625,0.69287109375,0.27587890625,0.1153564453125
4173,M_1105_21y0m_1_fluent_152,0.0217437744140625,0.15576171875,0.06854248046875,0.0552978515625,0.2208251953125
4174,M_1105_21y0m_1_fluent_153,0.032470703125,0.1441650390625,0.1285400390625,0.72998046875,0.223388671875
4175,M_1105_21y0m_1_fluent_154,0.048675537109375,0.12188720703125,0.025909423828125,0.01512908935546875,0.11029052734375
4176,M_1105_21y0m_1_fluent_155,0.0234222412109375,0.2335205078125,0.267578125,0.393798828125,0.1087646484375
4177,M_1105_21y0m_1_fluent_156,0.034942626953125,0.2086181640625,0.1207275390625,0.1927490234375,0.11578369140625
4178,M_1105_21y0m_1_fluent_157,0.0202178955078125,0.089111328125,0.0189361572265625,0.07696533203125,0.326416015625
4179,M_1105_21y0m_1_fluent_158,0.015899658203125,0.09722900390625,0.0248870849609375,0.0838623046875,0.03753662109375
4180,M_1105_21y0m_1_fluent_159,0.02337646484375,0.1546630859375,0.06280517578125,0.235107421875,0.11102294921875
4181,M_1105_21y0m_1_fluent_160,0.03253173828125,0.1912841796875,0.05645751953125,0.0216522216796875,0.05108642578125
4182,M_1105_21y0m_1_fluent_161,0.038970947265625,0.08062744140625,0.01146697998046875,0.0227203369140625,0.1492919921875
4183,M_1105_21y0m_1_fluent_162,0.029815673828125,0.08868408203125,0.0117340087890625,0.035736083984375,0.10394287109375
4184,M_1105_21y0m_1_fluent_163,0.08868408203125,0.1353759765625,0.0271759033203125,0.01450347900390625,0.042327880859375
4185,M_1105_21y0m_1_fluent_164,0.03271484375,0.274658203125,0.1705322265625,0.046478271484375,0.038238525390625
4186,M_1105_21y0m_1_fluent_165,0.077392578125,0.14599609375,0.0496826171875,0.02484130859375,0.478515625
4187,M_1105_21y0m_1_fluent_166,0.056976318359375,0.409912109375,0.552734375,0.0975341796875,0.16455078125
4188,M_1105_21y0m_1_fluent_167,0.01332855224609375,0.15185546875,0.0943603515625,0.1866455078125,0.239013671875
4189,M_1105_21y0m_1_fluent_168,0.015899658203125,0.1812744140625,0.09503173828125,0.188720703125,0.057373046875
4190,M_1105_21y0m_1_fluent_169,0.0294189453125,0.265380859375,0.2080078125,0.11395263671875,0.0345458984375
4191,M_1105_21y0m_1_fluent_170,0.07318115234375,0.173583984375,0.060516357421875,0.01861572265625,0.10321044921875
4192,M_1105_21y0m_1_fluent_171,0.38427734375,0.11798095703125,0.022247314453125,0.0199127197265625,0.06561279296875
4193,M_1105_21y0m_1_fluent_172,0.060638427734375,0.15966796875,0.12127685546875,0.65283203125,0.71142578125
4194,M_1105_21y0m_1_fluent_173,0.0295867919921875,0.131103515625,0.0703125,0.291748046875,0.1229248046875
4195,M_1105_21y0m_1_fluent_174,0.04010009765625,0.2337646484375,0.1015625,0.047088623046875,0.07904052734375
4196,M_1105_21y0m_1_fluent_175,0.0169830322265625,0.1912841796875,0.0843505859375,0.043121337890625,0.023773193359375
4197,M_1105_21y0m_1_fluent_176,0.03204345703125,0.2032470703125,0.061309814453125,0.0204925537109375,0.0297088623046875
4198,M_1105_21y0m_1_fluent_177,0.0196075439453125,0.10687255859375,0.0190887451171875,0.018096923828125,0.05975341796875
4199,M_1105_21y0m_1_fluent_178,0.1478271484375,0.0948486328125,0.01678466796875,0.02191162109375,0.040374755859375
4200,M_1105_21y0m_1_fluent_179,0.0230712890625,0.1778564453125,0.034027099609375,0.01554107666015625,0.0310821533203125
4201,M_1105_21y0m_1_fluent_180,0.037261962890625,0.2685546875,0.383544921875,0.43701171875,0.138671875
4202,M_1105_21y0m_1_fluent_181,0.01384735107421875,0.09930419921875,0.026458740234375,0.05450439453125,0.24072265625
4203,M_1105_21y0m_1_fluent_182,0.033203125,0.27001953125,0.0953369140625,0.01302337646484375,0.059112548828125
4204,M_1105_21y0m_1_fluent_183,0.0635986328125,0.246337890625,0.34765625,0.77001953125,0.11419677734375
4205,M_1105_21y0m_1_fluent_184,0.022796630859375,0.1539306640625,0.050323486328125,0.0280609130859375,0.08758544921875
4206,M_1105_21y0m_1_fluent_185,0.0254669189453125,0.262939453125,0.290283203125,0.177978515625,0.177001953125
4207,M_1105_21y0m_1_fluent_186,0.0192413330078125,0.2161865234375,0.1304931640625,0.0765380859375,0.1322021484375
4208,M_1105_21y0m_1_fluent_187,0.026611328125,0.194580078125,0.2509765625,0.69873046875,0.1231689453125
4209,M_1105_21y0m_1_fluent_188,0.0301513671875,0.1676025390625,0.04443359375,0.03033447265625,0.048492431640625
4210,M_1105_21y0m_1_fluent_189,0.01177978515625,0.1776123046875,0.09332275390625,0.131591796875,0.03314208984375
4211,M_1105_21y0m_1_fluent_190,0.36669921875,0.413818359375,0.33837890625,0.04217529296875,0.118408203125
4212,M_1105_21y0m_1_fluent_191,0.020721435546875,0.11083984375,0.045013427734375,0.1563720703125,0.2257080078125
4213,M_1105_21y0m_1_fluent_192,0.025665283203125,0.2481689453125,0.1429443359375,0.04376220703125,0.08587646484375
4214,M_1105_21y0m_1_fluent_193,0.0278472900390625,0.1014404296875,0.0241851806640625,0.094482421875,0.11102294921875
4215,M_1105_21y0m_1_fluent_194,0.0197601318359375,0.1943359375,0.053314208984375,0.022247314453125,0.0885009765625
4216,M_1105_21y0m_1_fluent_195,0.027740478515625,0.2047119140625,0.240234375,0.74755859375,0.10211181640625
4217,M_1105_21y0m_1_fluent_196,0.03192138671875,0.230224609375,0.070556640625,0.025421142578125,0.0242767333984375
4218,M_1105_21y0m_1_fluent_197,0.01433563232421875,0.17724609375,0.12744140625,0.255859375,0.0885009765625
4219,M_1105_21y0m_1_fluent_198,0.04083251953125,0.331787109375,0.384521484375,0.10015869140625,0.048858642578125
4220,M_1105_21y0m_1_fluent_199,0.02069091796875,0.1767578125,0.042236328125,0.02276611328125,0.0285491943359375
4221,M_1105_21y0m_1_fluent_200,0.1248779296875,0.1495361328125,0.044189453125,0.0265045166015625,0.67578125
4222,M_1105_21y0m_1_fluent_201,0.0222930908203125,0.2252197265625,0.2420654296875,0.2998046875,0.12359619140625
4223,M_1105_21y0m_1_fluent_202,0.0278472900390625,0.2247314453125,0.0894775390625,0.0293731689453125,0.090576171875
4224,M_1105_21y0m_1_fluent_203,0.033782958984375,0.323486328125,0.245849609375,0.040374755859375,0.1083984375
4225,M_1105_21y0m_1_fluent_204,0.045684814453125,0.093994140625,0.01507568359375,0.01363372802734375,0.18701171875
4226,M_1105_21y0m_1_fluent_205,0.035614013671875,0.378173828125,0.441650390625,0.0616455078125,0.05975341796875
4227,M_1105_21y0m_1_fluent_206,0.0301055908203125,0.13037109375,0.036712646484375,0.0364990234375,0.23876953125
4228,M_1105_21y0m_1_fluent_207,0.02276611328125,0.2069091796875,0.06817626953125,0.08038330078125,0.039276123046875
4229,M_1105_21y0m_1_fluent_208,0.0135345458984375,0.09722900390625,0.017852783203125,0.026763916015625,0.0823974609375
4230,M_1105_21y0m_1_fluent_209,0.06304931640625,0.114990234375,0.0235595703125,0.023651123046875,0.216796875
4231,M_1105_21y0m_1_fluent_210,0.049591064453125,0.24169921875,0.1666259765625,0.058013916015625,0.328857421875
4232,M_1105_21y0m_1_fluent_211,0.019683837890625,0.1480712890625,0.0401611328125,0.0325927734375,0.134521484375
4233,M_1105_21y0m_1_fluent_212,0.035675048828125,0.310791015625,0.4697265625,0.274169921875,0.090576171875
4234,M_1105_21y0m_1_fluent_213,0.162109375,0.51123046875,0.72314453125,0.126708984375,0.12249755859375
4235,M_1105_21y0m_1_fluent_214,0.0310821533203125,0.135498046875,0.0323486328125,0.0310821533203125,0.032470703125
4236,M_1105_21y0m_1_fluent_215,0.09185791015625,0.354248046875,0.568359375,0.44970703125,0.1326904296875
4237,M_1105_21y0m_1_fluent_216,0.05511474609375,0.162353515625,0.0521240234375,0.050048828125,0.26123046875
4238,M_1105_21y0m_1_fluent_217,0.77734375,0.275146484375,0.09515380859375,0.0328369140625,0.1796875
4239,M_1105_21y0m_1_fluent_218,0.01861572265625,0.1905517578125,0.07501220703125,0.046295166015625,0.1630859375
4240,M_1105_21y0m_1_fluent_219,0.10821533203125,0.17919921875,0.07421875,0.05059814453125,0.7490234375
4241,M_1105_21y0m_1_fluent_220,0.0240478515625,0.10052490234375,0.0163421630859375,0.01751708984375,0.07318115234375
4242,M_1105_21y0m_1_fluent_221,0.0118255615234375,0.1044921875,0.0384521484375,0.158447265625,0.25341796875
4243,M_1105_21y0m_1_fluent_222,0.297607421875,0.52490234375,0.70654296875,0.15185546875,0.2093505859375
4244,M_1105_21y0m_1_fluent_223,0.0290374755859375,0.2138671875,0.06268310546875,0.0289764404296875,0.0242767333984375
4245,M_1105_21y0m_1_fluent_224,0.01525115966796875,0.2391357421875,0.1171875,0.049407958984375,0.04803466796875
4246,M_1105_21y0m_1_fluent_225,0.03912353515625,0.167236328125,0.047088623046875,0.035552978515625,0.185546875
4247,M_1105_21y0m_1_fluent_226,0.0189056396484375,0.2108154296875,0.0738525390625,0.0455322265625,0.124755859375
4248,M_1105_21y0m_1_fluent_227,0.03216552734375,0.33984375,0.464111328125,0.16845703125,0.0994873046875
4249,M_1105_21y0m_1_fluent_228,0.0161590576171875,0.1826171875,0.0755615234375,0.1083984375,0.07489013671875
4250,M_1105_21y0m_1_fluent_229,0.0115509033203125,0.1533203125,0.10174560546875,0.2470703125,0.223388671875
4251,M_1105_21y0m_1_fluent_230,0.0257568359375,0.1453857421875,0.0278472900390625,0.0125274658203125,0.0118255615234375
4252,M_1105_21y0m_1_fluent_231,0.01678466796875,0.2421875,0.183349609375,0.10968017578125,0.03326416015625
4253,M_1105_21y0m_1_fluent_232,0.059539794921875,0.39453125,0.548828125,0.089111328125,0.0987548828125
4254,M_1105_21y0m_1_fluent_233,0.085693359375,0.1966552734375,0.142578125,0.416015625,0.0548095703125
4255,M_1105_21y0m_1_fluent_234,0.01554107666015625,0.154541015625,0.060760498046875,0.062103271484375,0.166259765625
4256,M_1105_21y0m_1_fluent_235,0.224853515625,0.09930419921875,0.0189056396484375,0.029541015625,0.10125732421875
4257,M_1105_21y0m_1_fluent_236,0.0345458984375,0.277099609375,0.42431640625,0.57568359375,0.090576171875
4258,M_1105_21y0m_1_fluent_237,0.0186920166015625,0.15087890625,0.0248870849609375,0.018157958984375,0.0212860107421875
4259,M_1105_21y0m_1_fluent_238,0.154052734375,0.35888671875,0.438232421875,0.09893798828125,0.32958984375
4260,M_1105_21y0m_1_fluent_239,0.02215576171875,0.1572265625,0.049957275390625,0.02801513671875,0.159423828125
4261,M_1105_21y0m_1_fluent_240,0.02386474609375,0.269775390625,0.261474609375,0.07977294921875,0.1964111328125
4262,M_1105_21y0m_1_fluent_241,0.0292510986328125,0.1541748046875,0.04327392578125,0.044525146484375,0.0970458984375
4263,M_1105_21y0m_1_fluent_242,0.0631103515625,0.43212890625,0.51025390625,0.053985595703125,0.051177978515625
4264,M_1105_21y0m_1_fluent_243,0.028167724609375,0.1683349609375,0.05145263671875,0.044342041015625,0.0360107421875
4265,M_1105_21y0m_1_fluent_244,0.0169219970703125,0.1871337890625,0.075439453125,0.05792236328125,0.02069091796875
4266,M_1105_21y0m_1_fluent_245,0.0188751220703125,0.09808349609375,0.01560211181640625,0.016021728515625,0.02386474609375
4267,M_1105_21y0m_1_fluent_246,0.02880859375,0.09930419921875,0.01554107666015625,0.0135345458984375,0.08599853515625
4268,M_1105_21y0m_1_fluent_247,0.1270751953125,0.0723876953125,0.01111602783203125,0.028106689453125,0.17919921875
4269,M_1105_21y0m_1_fluent_248,0.00981903076171875,0.1566162109375,0.07196044921875,0.082275390625,0.1171875
4270,M_1105_21y0m_1_fluent_249,0.019683837890625,0.1348876953125,0.03216552734375,0.0222015380859375,0.189208984375
4271,M_1105_21y0m_1_fluent_250,0.1165771484375,0.1153564453125,0.0250396728515625,0.0261077880859375,0.544921875
4272,M_1105_21y0m_1_fluent_251,0.10394287109375,0.12066650390625,0.033966064453125,0.034698486328125,0.7666015625
4273,M_1105_21y0m_1_fluent_252,0.017852783203125,0.258544921875,0.1954345703125,0.061981201171875,0.1417236328125
4274,M_1105_21y0m_1_fluent_253,0.0200653076171875,0.1788330078125,0.08819580078125,0.09320068359375,0.1910400390625
4275,M_1105_21y0m_1_fluent_254,0.03436279296875,0.127685546875,0.0330810546875,0.036224365234375,0.047882080078125
4276,M_1105_21y0m_1_fluent_255,0.0743408203125,0.090576171875,0.0211181640625,0.02886962890625,0.65283203125
4277,M_1105_21y0m_1_fluent_256,0.0143890380859375,0.17138671875,0.06622314453125,0.1336669921875,0.0390625
4278,M_1105_21y0m_1_fluent_257,0.024749755859375,0.10687255859375,0.02044677734375,0.031494140625,0.0196380615234375
4279,M_1105_21y0m_1_fluent_258,0.02069091796875,0.158935546875,0.1263427734375,0.47021484375,0.1343994140625
4280,M_1105_21y0m_1_fluent_259,0.040618896484375,0.269775390625,0.3935546875,0.58837890625,0.09808349609375
4281,M_1105_21y0m_1_fluent_260,0.0306243896484375,0.09600830078125,0.0271759033203125,0.050140380859375,0.1788330078125
4282,M_1105_21y0m_1_fluent_261,0.02423095703125,0.1834716796875,0.06829833984375,0.0248870849609375,0.10467529296875
4283,M_1105_21y0m_1_fluent_262,0.09588623046875,0.1676025390625,0.063720703125,0.028106689453125,0.60498046875
4284,M_1105_21y0m_1_fluent_263,0.033660888671875,0.153564453125,0.039276123046875,0.024566650390625,0.03192138671875
4285,M_1105_21y0m_1_fluent_264,0.01085662841796875,0.169921875,0.07574462890625,0.185302734375,0.0885009765625
4286,M_1105_21y0m_1_fluent_265,0.0182647705078125,0.216064453125,0.05975341796875,0.020721435546875,0.042327880859375
4287,M_1105_21y0m_1_fluent_266,0.0300445556640625,0.144287109375,0.045440673828125,0.042236328125,0.395751953125
4288,M_1105_21y0m_1_fluent_267,0.0202484130859375,0.11083984375,0.03143310546875,0.1439208984375,0.33447265625
4289,M_1105_21y0m_1_fluent_268,0.040374755859375,0.11376953125,0.020416259765625,0.0118255615234375,0.0703125
4290,M_1105_21y0m_1_fluent_269,0.033477783203125,0.2626953125,0.3544921875,0.57373046875,0.09979248046875
4291,M_1105_21y0m_1_fluent_270,0.03131103515625,0.29833984375,0.2459716796875,0.0552978515625,0.11456298828125
4292,M_1105_21y0m_1_fluent_271,0.01751708984375,0.10540771484375,0.0261077880859375,0.041839599609375,0.183837890625
4293,M_1105_21y0m_1_fluent_272,0.035003662109375,0.131591796875,0.03790283203125,0.0170440673828125,0.1680908203125
4294,M_1105_21y0m_1_fluent_273,0.0304412841796875,0.1334228515625,0.04296875,0.05145263671875,0.0765380859375
4295,M_1105_21y0m_1_fluent_274,0.044281005859375,0.11297607421875,0.0261077880859375,0.03143310546875,0.55712890625
4296,M_1105_21y0m_1_fluent_275,0.0170440673828125,0.15283203125,0.0394287109375,0.0230255126953125,0.0222015380859375
4297,M_1105_21y0m_1_fluent_276,0.060089111328125,0.1279296875,0.035675048828125,0.08660888671875,0.0765380859375
4298,M_1105_21y0m_1_fluent_277,0.013275146484375,0.1558837890625,0.07147216796875,0.1517333984375,0.0604248046875
4299,M_1105_21y0m_1_fluent_278,0.02655029296875,0.222412109375,0.2078857421875,0.2059326171875,0.04486083984375
4300,M_1105_21y0m_1_fluent_279,0.0185394287109375,0.1998291015625,0.07489013671875,0.021820068359375,0.0303802490234375
4301,M_1105_21y0m_1_fluent_280,0.0212860107421875,0.218505859375,0.145751953125,0.07366943359375,0.086181640625
4302,M_1105_21y0m_1_fluent_281,0.179443359375,0.11578369140625,0.026458740234375,0.03955078125,0.1171875
4303,M_1105_21y0m_1_fluent_282,0.0222930908203125,0.1993408203125,0.049041748046875,0.03240966796875,0.0285491943359375
4304,M_1105_21y0m_1_fluent_283,0.02752685546875,0.2117919921875,0.08343505859375,0.031982421875,0.0297088623046875
4305,M_1105_21y0m_1_fluent_284,0.056549072265625,0.3505859375,0.5576171875,0.29736328125,0.10211181640625
4306,M_1105_21y0m_1_fluent_285,0.017913818359375,0.1904296875,0.077392578125,0.05145263671875,0.09368896484375
4307,M_1105_21y0m_1_fluent_286,0.0302734375,0.2398681640625,0.1143798828125,0.0222930908203125,0.048583984375
4308,M_1105_21y0m_1_fluent_287,0.04595947265625,0.09552001953125,0.012481689453125,0.007232666015625,0.0251312255859375
4309,M_1105_21y0m_1_fluent_288,0.023773193359375,0.264404296875,0.2213134765625,0.09417724609375,0.17724609375
4310,M_1105_21y0m_1_fluent_289,0.051666259765625,0.20703125,0.0455322265625,0.0187225341796875,0.048492431640625
4311,M_1105_21y0m_1_fluent_290,0.01495361328125,0.1474609375,0.06939697265625,0.270263671875,0.051544189453125
4312,M_1105_21y0m_1_fluent_291,0.02069091796875,0.1414794921875,0.037811279296875,0.0304412841796875,0.06622314453125
4313,M_1105_21y0m_1_fluent_292,0.093017578125,0.073974609375,0.01302337646484375,0.02691650390625,0.485595703125
4314,M_1105_21y0m_1_fluent_293,0.0189056396484375,0.169189453125,0.06231689453125,0.045013427734375,0.1593017578125
4315,M_1105_21y0m_1_fluent_294,0.019866943359375,0.137939453125,0.035400390625,0.04595947265625,0.030792236328125
4316,M_1105_21y0m_1_fluent_295,0.038177490234375,0.3427734375,0.1414794921875,0.0299224853515625,0.0360107421875
4317,M_1105_21y0m_1_fluent_296,0.047943115234375,0.181884765625,0.035736083984375,0.0202178955078125,0.033538818359375
4318,M_1105_21y0m_1_fluent_297,0.0225372314453125,0.158935546875,0.06292724609375,0.085693359375,0.022979736328125
4319,M_1105_21y0m_1_fluent_298,0.09222412109375,0.2166748046875,0.1134033203125,0.060211181640625,0.66015625
4320,M_1105_21y0m_1_fluent_299,0.051361083984375,0.11798095703125,0.0293731689453125,0.0240020751953125,0.253173828125
4321,M_1105_21y0m_1_fluent_300,0.0255126953125,0.1588134765625,0.045867919921875,0.03314208984375,0.118408203125
4322,M_1105_21y0m_1_fluent_301,0.02447509765625,0.1844482421875,0.08758544921875,0.07574462890625,0.092529296875
4323,M_1105_21y0m_1_fluent_302,0.338134765625,0.11578369140625,0.0211639404296875,0.020843505859375,0.07208251953125
4324,M_1105_21y0m_1_fluent_303,0.06488037109375,0.1475830078125,0.045867919921875,0.0592041015625,0.81884765625
4325,M_1105_21y0m_1_fluent_304,0.029815673828125,0.286865234375,0.249267578125,0.0282135009765625,0.0616455078125
4326,M_1105_21y0m_1_fluent_305,0.01666259765625,0.164794921875,0.045440673828125,0.03436279296875,0.0482177734375
4327,M_1105_21y0m_1_fluent_306,0.060211181640625,0.1580810546875,0.07318115234375,0.1253662109375,0.1715087890625
4328,M_1105_21y0m_1_fluent_307,0.01337432861328125,0.2108154296875,0.06842041015625,0.0316162109375,0.02691650390625
4329,M_1105_21y0m_1_fluent_308,0.0189056396484375,0.1871337890625,0.042724609375,0.0284423828125,0.0309600830078125
4330,M_1105_21y0m_1_fluent_309,0.3154296875,0.5234375,0.7021484375,0.135986328125,0.15673828125
4331,M_1105_21y0m_1_fluent_310,0.06634521484375,0.1678466796875,0.044281005859375,0.0193023681640625,0.052032470703125
4332,M_1105_21y0m_1_fluent_311,0.01137542724609375,0.11395263671875,0.037200927734375,0.1431884765625,0.10284423828125
4333,M_1105_21y0m_1_fluent_312,0.0171051025390625,0.09857177734375,0.0200958251953125,0.0284423828125,0.1611328125
4334,M_1105_21y0m_1_fluent_313,0.02801513671875,0.359375,0.4072265625,0.08740234375,0.12103271484375
4335,M_1105_21y0m_1_fluent_314,0.02056884765625,0.2156982421875,0.078369140625,0.02685546875,0.033538818359375
4336,M_1105_21y0m_1_fluent_315,0.021942138671875,0.1859130859375,0.06536865234375,0.038818359375,0.040252685546875
4337,M_1105_21y0m_1_fluent_316,0.036224365234375,0.1805419921875,0.06512451171875,0.054595947265625,0.08587646484375
4338,M_1105_21y0m_1_fluent_317,0.0221099853515625,0.1412353515625,0.0310211181640625,0.0150146484375,0.0271759033203125
4339,M_1105_21y0m_1_fluent_318,0.0325927734375,0.252197265625,0.1495361328125,0.048675537109375,0.05706787109375
4340,M_1105_21y0m_1_fluent_319,0.01934814453125,0.179443359375,0.05645751953125,0.030792236328125,0.060760498046875
4341,M_1105_21y0m_1_fluent_320,0.038970947265625,0.2744140625,0.2548828125,0.0999755859375,0.1571044921875
4342,M_1105_21y0m_1_fluent_321,0.02056884765625,0.169189453125,0.04620361328125,0.0289306640625,0.08868408203125
4343,M_1105_21y0m_1_fluent_322,0.0208892822265625,0.08758544921875,0.014556884765625,0.0552978515625,0.033966064453125
4344,M_1105_21y0m_1_fluent_323,0.0219879150390625,0.2060546875,0.10723876953125,0.047943115234375,0.0999755859375
4345,M_1105_21y0m_1_fluent_324,0.014617919921875,0.097900390625,0.019989013671875,0.042572021484375,0.200927734375
4346,M_1105_21y0m_1_fluent_325,0.0191192626953125,0.235107421875,0.1573486328125,0.09283447265625,0.109130859375
4347,M_1105_21y0m_1_fluent_326,0.0219879150390625,0.09173583984375,0.0162811279296875,0.023468017578125,0.1298828125
4348,M_1105_21y0m_1_fluent_327,0.025177001953125,0.169921875,0.05718994140625,0.0229339599609375,0.12200927734375
4349,M_1105_21y0m_1_fluent_328,0.0247955322265625,0.1771240234375,0.0880126953125,0.07305908203125,0.4033203125
4350,M_1105_21y0m_1_fluent_329,0.14794921875,0.39404296875,0.454345703125,0.132568359375,0.59033203125
4351,M_1105_21y0m_1_fluent_330,0.0965576171875,0.094482421875,0.0289306640625,0.1055908203125,0.4091796875
4352,M_1105_21y0m_1_fluent_331,0.07720947265625,0.2183837890625,0.10107421875,0.031982421875,0.1253662109375
4353,M_1105_21y0m_1_fluent_332,0.020965576171875,0.08123779296875,0.01473236083984375,0.055511474609375,0.053985595703125
4354,M_1105_21y0m_1_fluent_333,0.1275634765625,0.11553955078125,0.035400390625,0.041839599609375,0.86083984375
4355,M_1105_21y0m_1_fluent_334,0.01238250732421875,0.10687255859375,0.035400390625,0.17578125,0.0775146484375
4356,M_1105_21y0m_1_fluent_335,0.021820068359375,0.18701171875,0.07275390625,0.04840087890625,0.0867919921875
4357,M_1105_21y0m_1_fluent_336,0.0240936279296875,0.1651611328125,0.11517333984375,0.1766357421875,0.437255859375
4358,M_1105_21y0m_1_fluent_337,0.0253753662109375,0.3203125,0.390380859375,0.1806640625,0.097900390625
4359,M_1105_21y0m_1_fluent_338,0.0208892822265625,0.20166015625,0.09027099609375,0.06561279296875,0.057373046875
4360,M_1105_21y0m_1_fluent_339,0.021331787109375,0.1705322265625,0.08758544921875,0.08868408203125,0.07586669921875
4361,M_1105_21y0m_1_fluent_340,0.0154876708984375,0.157958984375,0.0535888671875,0.052520751953125,0.08123779296875
4362,M_1105_21y0m_1_fluent_341,0.277587890625,0.1605224609375,0.05419921875,0.0301055908203125,0.64697265625
4363,M_1105_21y0m_1_fluent_342,0.03607177734375,0.07501220703125,0.0141143798828125,0.041473388671875,0.58935546875
4364,M_1105_21y0m_1_fluent_343,0.03338623046875,0.34716796875,0.383056640625,0.059112548828125,0.05975341796875
4365,M_1105_21y0m_1_fluent_344,0.04217529296875,0.299072265625,0.13330078125,0.0261993408203125,0.09503173828125
4366,M_1105_21y0m_1_fluent_345,0.05511474609375,0.224365234375,0.09808349609375,0.030670166015625,0.06915283203125
4367,M_1105_21y0m_1_fluent_346,0.0180206298828125,0.2191162109375,0.09686279296875,0.048309326171875,0.04083251953125
4368,M_1105_21y0m_1_fluent_347,0.0202484130859375,0.11358642578125,0.017242431640625,0.01519012451171875,0.0191192626953125
4369,M_1105_21y0m_1_fluent_348,0.033782958984375,0.1455078125,0.038543701171875,0.0179901123046875,0.047607421875
4370,M_1105_21y0m_1_fluent_349,0.04193115234375,0.330078125,0.09967041015625,0.018096923828125,0.025177001953125
4371,M_1105_21y0m_1_fluent_350,0.0200653076171875,0.09368896484375,0.01983642578125,0.0276336669921875,0.16943359375
4372,M_1105_21y0m_1_fluent_351,0.01861572265625,0.1649169921875,0.0755615234375,0.0706787109375,0.1094970703125
4373,M_1105_21y0m_1_fluent_352,0.0743408203125,0.2451171875,0.159423828125,0.147705078125,0.08770751953125
4374,M_1105_21y0m_1_fluent_353,0.021942138671875,0.08526611328125,0.015899658203125,0.03515625,0.12744140625
4375,M_1105_21y0m_1_fluent_354,0.0274810791015625,0.10394287109375,0.01450347900390625,0.0217437744140625,0.0216522216796875
4376,M_1105_21y0m_1_fluent_355,0.0160980224609375,0.08404541015625,0.014007568359375,0.040679931640625,0.06427001953125
4377,M_1105_21y0m_1_fluent_356,0.01467132568359375,0.1746826171875,0.05633544921875,0.04986572265625,0.0300445556640625
4378,M_1105_21y0m_1_fluent_357,0.01282501220703125,0.1280517578125,0.04327392578125,0.063720703125,0.1610107421875
4379,M_1105_21y0m_1_fluent_358,0.030853271484375,0.1876220703125,0.1917724609375,0.71142578125,0.397216796875
4380,M_1105_21y0m_1_fluent_359,0.0374755859375,0.12127685546875,0.0293731689453125,0.0197906494140625,0.3232421875
4381,M_1105_21y0m_1_fluent_360,0.061309814453125,0.313232421875,0.195556640625,0.023468017578125,0.040252685546875
4382,M_1105_21y0m_1_fluent_361,0.0231475830078125,0.137939453125,0.03131103515625,0.02532958984375,0.0325927734375
4383,M_1105_21y0m_1_fluent_362,0.03131103515625,0.0970458984375,0.01678466796875,0.02203369140625,0.060302734375
4384,M_1105_21y0m_1_fluent_363,0.01554107666015625,0.198486328125,0.11474609375,0.06646728515625,0.11029052734375
4385,M_1105_21y0m_1_fluent_364,0.033599853515625,0.14990234375,0.0292510986328125,0.01111602783203125,0.0206451416015625
4386,M_1105_21y0m_1_fluent_365,0.1279296875,0.0965576171875,0.01490020751953125,0.023193359375,0.09930419921875
4387,M_1105_21y0m_1_fluent_366,0.0206451416015625,0.1048583984375,0.035552978515625,0.12066650390625,0.05572509765625
4388,M_1105_21y0m_1_fluent_367,0.105224609375,0.3623046875,0.327880859375,0.070068359375,0.04376220703125
4389,M_1105_21y0m_1_fluent_368,0.021575927734375,0.135009765625,0.044281005859375,0.08050537109375,0.368408203125
4390,M_1105_21y0m_1_fluent_369,0.7939453125,0.260498046875,0.08709716796875,0.0343017578125,0.135009765625
4391,M_1105_21y0m_1_fluent_370,0.11932373046875,0.1337890625,0.039947509765625,0.02685546875,0.74609375
4392,M_1105_21y0m_1_fluent_371,0.043212890625,0.1270751953125,0.0526123046875,0.1912841796875,0.249267578125
4393,M_1105_21y0m_1_fluent_372,0.01861572265625,0.11920166015625,0.037109375,0.059326171875,0.43310546875
4394,M_1105_21y0m_1_fluent_373,0.0200653076171875,0.1259765625,0.0246124267578125,0.01473236083984375,0.0227203369140625
4395,M_1105_21y0m_1_fluent_374,0.017303466796875,0.0831298828125,0.0164642333984375,0.03515625,0.1485595703125
4396,M_1105_21y0m_1_fluent_375,0.021575927734375,0.18359375,0.0567626953125,0.046112060546875,0.03460693359375
4397,M_1105_21y0m_1_fluent_376,0.051544189453125,0.1688232421875,0.038818359375,0.017913818359375,0.03607177734375
4398,M_1105_21y0m_1_fluent_377,0.02752685546875,0.1795654296875,0.227783203125,0.58740234375,0.08929443359375
4399,M_1105_21y0m_1_fluent_378,0.03643798828125,0.11181640625,0.0256195068359375,0.0293121337890625,0.02532958984375
4400,M_1105_21y0m_1_fluent_379,0.0271759033203125,0.25390625,0.3056640625,0.14697265625,0.1700439453125
4401,M_1105_21y0m_1_fluent_380,0.0258636474609375,0.2095947265625,0.10211181640625,0.06927490234375,0.042816162109375
4402,M_1105_21y0m_1_fluent_381,0.0352783203125,0.158447265625,0.11859130859375,0.595703125,0.62060546875
4403,M_1105_21y0m_1_fluent_382,0.06719970703125,0.18359375,0.1070556640625,0.275634765625,0.07159423828125
4404,M_1105_21y0m_1_fluent_383,0.01282501220703125,0.1656494140625,0.0987548828125,0.1549072265625,0.05975341796875
4405,M_1105_21y0m_1_fluent_384,0.072265625,0.1822509765625,0.0537109375,0.0190582275390625,0.072265625
4406,M_1105_21y0m_1_fluent_385,0.016021728515625,0.1417236328125,0.053802490234375,0.116943359375,0.05450439453125
4407,M_1105_21y0m_1_fluent_386,0.0242767333984375,0.26806640625,0.12200927734375,0.020965576171875,0.076416015625
4408,M_1105_21y0m_1_fluent_387,0.06982421875,0.3427734375,0.5185546875,0.274169921875,0.07489013671875
4409,M_1105_21y0m_1_fluent_388,0.04010009765625,0.09552001953125,0.02203369140625,0.038604736328125,0.154296875
4410,M_1105_21y0m_1_fluent_389,0.028167724609375,0.10430908203125,0.017913818359375,0.0289764404296875,0.05059814453125
4411,M_1105_21y0m_1_fluent_390,0.0241851806640625,0.1473388671875,0.0299224853515625,0.0216522216796875,0.01395416259765625
4412,M_1105_21y0m_1_fluent_391,0.0200958251953125,0.2073974609375,0.109130859375,0.0321044921875,0.0259552001953125
4413,M_1105_21y0m_1_fluent_392,0.273681640625,0.1015625,0.0171051025390625,0.012725830078125,0.078369140625
4414,M_1105_21y0m_1_fluent_393,0.159912109375,0.1473388671875,0.046478271484375,0.029144287109375,0.80322265625
4415,M_1105_21y0m_1_fluent_394,0.048858642578125,0.415771484375,0.52978515625,0.06805419921875,0.06695556640625
4416,M_1105_21y0m_1_fluent_395,0.09466552734375,0.548828125,0.54833984375,0.0765380859375,0.08587646484375
4417,M_1105_21y0m_1_fluent_396,0.047882080078125,0.388916015625,0.56005859375,0.1290283203125,0.11181640625
4418,M_1105_21y0m_1_fluent_397,0.0472412109375,0.368408203125,0.52880859375,0.08587646484375,0.085693359375
4419,M_1105_21y0m_1_fluent_398,0.01560211181640625,0.216796875,0.0965576171875,0.1041259765625,0.057586669921875
4420,M_1105_21y0m_1_fluent_399,0.0211181640625,0.27001953125,0.1171875,0.047607421875,0.050048828125
4421,M_1105_21y0m_1_fluent_400,0.020294189453125,0.097412109375,0.0182342529296875,0.03271484375,0.1329345703125
4422,M_1105_21y0m_1_fluent_401,0.0180511474609375,0.2264404296875,0.060516357421875,0.026458740234375,0.0226287841796875
4423,M_1105_21y0m_1_fluent_402,0.0167236328125,0.1810302734375,0.06292724609375,0.040252685546875,0.1258544921875
4424,M_1105_21y0m_1_fluent_403,0.01242828369140625,0.148193359375,0.056121826171875,0.09075927734375,0.1077880859375
4425,M_1105_21y0m_1_fluent_404,0.0284881591796875,0.1871337890625,0.173583984375,0.2313232421875,0.06805419921875
4426,M_1105_21y0m_1_fluent_405,0.06622314453125,0.1302490234375,0.03436279296875,0.0238189697265625,0.440673828125
4427,M_1105_21y0m_1_fluent_406,0.12139892578125,0.513671875,0.7333984375,0.2073974609375,0.171142578125
4428,M_1105_21y0m_1_fluent_407,0.12335205078125,0.1700439453125,0.05023193359375,0.02484130859375,0.06268310546875
4429,M_1105_21y0m_1_fluent_408,0.03424072265625,0.1328125,0.036163330078125,0.053497314453125,0.04638671875
4430,M_1105_21y0m_1_fluent_409,0.0136871337890625,0.1468505859375,0.052520751953125,0.04132080078125,0.094482421875
4431,M_1105_21y0m_1_fluent_410,0.0196380615234375,0.207275390625,0.08740234375,0.046112060546875,0.0535888671875
4432,M_1105_21y0m_1_fluent_411,0.1134033203125,0.171142578125,0.056549072265625,0.01490020751953125,0.292724609375
4433,M_1105_21y0m_1_fluent_412,0.01473236083984375,0.1318359375,0.0635986328125,0.15869140625,0.1231689453125
4434,M_1105_21y0m_1_fluent_413,0.0188751220703125,0.09136962890625,0.0212860107421875,0.042327880859375,0.322021484375
4435,M_1105_21y0m_1_fluent_414,0.053009033203125,0.1683349609375,0.04803466796875,0.0135345458984375,0.08251953125
4436,M_1105_21y0m_1_fluent_415,0.0699462890625,0.30517578125,0.341796875,0.134765625,0.192138671875
4437,M_1105_21y0m_1_fluent_416,0.0526123046875,0.2076416015625,0.06256103515625,0.017181396484375,0.032958984375
4438,M_1105_21y0m_1_fluent_417,0.0280609130859375,0.207275390625,0.0802001953125,0.03302001953125,0.04302978515625
4439,M_1105_21y0m_1_fluent_418,0.0203399658203125,0.1131591796875,0.023773193359375,0.0297088623046875,0.063232421875
4440,M_1105_21y0m_1_fluent_419,0.0119171142578125,0.0982666015625,0.024658203125,0.048583984375,0.0386962890625
4441,M_1105_21y0m_1_fluent_420,0.026763916015625,0.2646484375,0.274169921875,0.14990234375,0.266357421875
4442,M_1105_21y0m_1_fluent_421,0.04559326171875,0.302490234375,0.2276611328125,0.036834716796875,0.080078125
4443,M_1105_21y0m_1_fluent_422,0.0279083251953125,0.102294921875,0.014617919921875,0.02508544921875,0.0413818359375
4444,M_1105_21y0m_1_fluent_423,0.07501220703125,0.1143798828125,0.0236053466796875,0.0154876708984375,0.1094970703125
4445,M_1105_21y0m_1_fluent_424,0.0640869140625,0.150634765625,0.043701171875,0.0239105224609375,0.0965576171875
4446,M_1105_21y0m_1_fluent_425,0.037322998046875,0.298583984375,0.2269287109375,0.0546875,0.09466552734375
4447,M_1105_21y0m_1_fluent_426,0.051361083984375,0.0740966796875,0.01337432861328125,0.037200927734375,0.474365234375
4448,M_1105_21y0m_1_fluent_427,0.0177154541015625,0.242431640625,0.135009765625,0.0753173828125,0.06463623046875
4449,M_1105_21y0m_1_fluent_428,0.0255126953125,0.1424560546875,0.023193359375,0.01214599609375,0.0125732421875
4450,M_1105_21y0m_1_fluent_429,0.0204925537109375,0.21142578125,0.114990234375,0.057586669921875,0.06939697265625
4451,M_1105_21y0m_1_fluent_430,0.0197906494140625,0.2005615234375,0.09185791015625,0.054901123046875,0.04083251953125
4452,M_1105_21y0m_1_fluent_431,0.0153045654296875,0.1104736328125,0.0296478271484375,0.07708740234375,0.048675537109375
4453,M_1105_21y0m_1_fluent_432,0.0330810546875,0.280517578125,0.328857421875,0.1224365234375,0.09271240234375
4454,M_1105_21y0m_1_fluent_433,0.07586669921875,0.1297607421875,0.03521728515625,0.0284881591796875,0.7470703125
4455,M_1105_21y0m_1_fluent_434,0.11163330078125,0.153564453125,0.0310211181640625,0.0211181640625,0.034088134765625
4456,M_1105_21y0m_1_fluent_435,0.048583984375,0.11395263671875,0.021087646484375,0.01512908935546875,0.0386962890625
4457,M_1105_21y0m_1_fluent_436,0.02215576171875,0.130615234375,0.027435302734375,0.027740478515625,0.033477783203125
4458,M_1105_21y0m_1_fluent_437,0.06524658203125,0.2420654296875,0.130615234375,0.03753662109375,0.0802001953125
4459,M_1105_21y0m_1_fluent_438,0.0141754150390625,0.07421875,0.01358795166015625,0.0496826171875,0.14111328125
4460,M_1105_21y0m_1_fluent_439,0.023101806640625,0.1275634765625,0.0460205078125,0.0792236328125,0.33544921875
4461,M_1105_21y0m_1_fluent_440,0.1553955078125,0.223876953125,0.1319580078125,0.02752685546875,0.41845703125
4462,M_1105_21y0m_1_fluent_441,0.0210113525390625,0.185791015625,0.1190185546875,0.09320068359375,0.17431640625
4463,M_1105_21y0m_1_fluent_442,0.0165863037109375,0.14794921875,0.06256103515625,0.056976318359375,0.2022705078125
4464,M_1105_21y0m_1_fluent_443,0.02655029296875,0.240234375,0.126953125,0.0202484130859375,0.0341796875
4465,M_1105_21y0m_1_fluent_444,0.0180206298828125,0.2130126953125,0.09368896484375,0.06585693359375,0.04345703125
4466,M_1105_21y0m_1_fluent_445,0.026153564453125,0.10821533203125,0.015899658203125,0.01267242431640625,0.01554107666015625
4467,M_1105_21y0m_1_fluent_446,0.03955078125,0.1776123046875,0.054107666015625,0.0264129638671875,0.04840087890625
4468,M_1105_21y0m_1_fluent_447,0.01473236083984375,0.07305908203125,0.01312255859375,0.04217529296875,0.19677734375
4469,M_1105_21y0m_1_fluent_448,0.1094970703125,0.1605224609375,0.0574951171875,0.0322265625,0.70751953125
4470,M_1105_21y0m_1_fluent_449,0.02886962890625,0.259765625,0.26953125,0.171142578125,0.049407958984375
4471,M_1105_21y0m_1_fluent_450,0.033203125,0.11083984375,0.015716552734375,0.0116424560546875,0.02191162109375
4472,M_1105_21y0m_1_fluent_451,0.0289306640625,0.2418212890625,0.1163330078125,0.0328369140625,0.171875
4473,M_1105_21y0m_1_fluent_452,0.072509765625,0.18359375,0.1851806640625,0.90185546875,0.173583984375
4474,M_1105_21y0m_1_fluent_453,0.01495361328125,0.1390380859375,0.04107666015625,0.03204345703125,0.03448486328125
4475,M_1105_21y0m_1_fluent_454,0.0237274169921875,0.11358642578125,0.0160980224609375,0.033905029296875,0.01861572265625
4476,M_1105_21y0m_1_fluent_455,0.029754638671875,0.1329345703125,0.03240966796875,0.027374267578125,0.04168701171875
4477,M_1105_21y0m_1_fluent_456,0.0253753662109375,0.19580078125,0.08978271484375,0.060638427734375,0.036224365234375
4478,M_1105_21y0m_1_fluent_457,0.02447509765625,0.2294921875,0.2049560546875,0.13525390625,0.09619140625
4479,M_1105_21y0m_1_fluent_458,0.0271759033203125,0.1246337890625,0.028594970703125,0.03204345703125,0.07275390625
4480,M_1105_21y0m_1_fluent_459,0.0310211181640625,0.197265625,0.234375,0.78271484375,0.272705078125
4481,M_1105_21y0m_1_fluent_460,0.028594970703125,0.1947021484375,0.07208251953125,0.0247039794921875,0.08270263671875
4482,M_1105_21y0m_1_fluent_461,0.0221099853515625,0.267333984375,0.1978759765625,0.0869140625,0.109130859375
4483,M_1105_21y0m_1_fluent_462,0.0125274658203125,0.20166015625,0.1279296875,0.06744384765625,0.0341796875
4484,M_1105_21y0m_1_fluent_463,0.08123779296875,0.1063232421875,0.0364990234375,0.173828125,0.66015625
4485,M_1105_21y0m_1_fluent_464,0.028656005859375,0.072265625,0.01507568359375,0.060760498046875,0.443603515625
4486,M_1105_21y0m_1_fluent_465,0.011505126953125,0.16064453125,0.063232421875,0.0855712890625,0.06610107421875
4487,M_1105_21y0m_1_fluent_466,0.060760498046875,0.26806640625,0.070068359375,0.0144500732421875,0.02630615234375
4488,M_1105_21y0m_1_fluent_467,0.0193023681640625,0.1707763671875,0.05499267578125,0.0216217041015625,0.0751953125
4489,M_1105_21y0m_1_fluent_468,0.015960693359375,0.1131591796875,0.0282135009765625,0.130859375,0.1502685546875
4490,M_1105_21y0m_1_fluent_469,0.01763916015625,0.1995849609375,0.10015869140625,0.0738525390625,0.042022705078125
4491,M_1105_21y0m_1_fluent_470,0.06646728515625,0.09967041015625,0.023284912109375,0.034027099609375,0.58935546875
4492,M_1105_21y0m_1_fluent_471,0.01229095458984375,0.164306640625,0.0810546875,0.07977294921875,0.11737060546875
4493,M_1105_21y0m_1_fluent_472,0.03314208984375,0.10321044921875,0.0156707763671875,0.01214599609375,0.015716552734375
4494,M_1105_21y0m_1_fluent_473,0.0312042236328125,0.1240234375,0.02001953125,0.0224609375,0.03314208984375
4495,M_1105_21y0m_1_fluent_474,0.03265380859375,0.143310546875,0.03173828125,0.02606201171875,0.021331787109375
4496,M_1105_21y0m_1_fluent_475,0.017242431640625,0.11578369140625,0.032470703125,0.10284423828125,0.2425537109375
4497,M_1105_21y0m_1_fluent_476,0.06744384765625,0.1513671875,0.04107666015625,0.021240234375,0.1263427734375
4498,M_1105_21y0m_1_fluent_477,0.0156707763671875,0.115966796875,0.022796630859375,0.0191192626953125,0.1221923828125
4499,M_1105_21y0m_1_fluent_478,0.03216552734375,0.125732421875,0.056854248046875,0.11578369140625,0.41064453125
4500,M_1105_21y0m_1_fluent_479,0.01337432861328125,0.1181640625,0.035064697265625,0.06805419921875,0.11083984375
4501,M_1105_21y0m_1_fluent_480,0.023651123046875,0.2386474609375,0.28466796875,0.57373046875,0.062103271484375
4502,M_1105_21y0m_1_fluent_481,0.02203369140625,0.1812744140625,0.08587646484375,0.064208984375,0.0701904296875
4503,M_1105_21y0m_1_fluent_482,0.0197906494140625,0.219482421875,0.09283447265625,0.03131103515625,0.041778564453125
4504,M_1105_21y0m_1_fluent_483,0.04840087890625,0.32568359375,0.52392578125,0.452880859375,0.09503173828125
4505,M_1105_21y0m_1_fluent_484,0.0203704833984375,0.14013671875,0.0285491943359375,0.0297088623046875,0.038116455078125
4506,M_1105_21y0m_1_fluent_485,0.0300445556640625,0.1676025390625,0.0701904296875,0.05145263671875,0.276611328125
4507,M_1105_21y0m_1_fluent_486,0.0169219970703125,0.256591796875,0.18798828125,0.142333984375,0.05291748046875
4508,M_1105_21y0m_1_fluent_487,0.1055908203125,0.224365234375,0.093505859375,0.023468017578125,0.28369140625
4509,M_1105_21y0m_1_fluent_488,0.01348114013671875,0.12420654296875,0.030792236328125,0.0311431884765625,0.07476806640625
4510,M_1105_21y0m_1_fluent_489,0.023193359375,0.146240234375,0.0292510986328125,0.0190582275390625,0.029083251953125
4511,M_1105_21y0m_1_fluent_490,0.02423095703125,0.11920166015625,0.0199127197265625,0.027587890625,0.03790283203125
4512,M_1105_21y0m_1_fluent_491,0.0295867919921875,0.130126953125,0.025421142578125,0.0182952880859375,0.039642333984375
4513,M_1105_21y0m_1_fluent_492,0.01490020751953125,0.174072265625,0.043853759765625,0.0240936279296875,0.06744384765625
4514,M_1105_21y0m_1_fluent_493,0.02691650390625,0.1026611328125,0.01490020751953125,0.010986328125,0.01983642578125
4515,M_1105_21y0m_1_fluent_494,0.02801513671875,0.271240234375,0.19189453125,0.05072021484375,0.05865478515625
4516,M_1105_21y0m_1_fluent_495,0.0182952880859375,0.172607421875,0.0987548828125,0.10797119140625,0.10015869140625
4517,M_1105_21y0m_1_fluent_496,0.0141143798828125,0.1248779296875,0.022247314453125,0.027740478515625,0.037811279296875
4518,M_1105_21y0m_1_fluent_497,0.0193023681640625,0.1729736328125,0.057586669921875,0.042724609375,0.0782470703125
4519,M_1105_21y0m_1_fluent_498,0.0169830322265625,0.1715087890625,0.054412841796875,0.03753662109375,0.048675537109375
4520,M_1105_21y0m_1_fluent_499,0.0163421630859375,0.1300048828125,0.0411376953125,0.05877685546875,0.026458740234375
4521,M_1105_21y0m_1_fluent_500,0.03515625,0.10302734375,0.030731201171875,0.049774169921875,0.39501953125
4522,M_1105_21y0m_1_fluent_501,0.0210418701171875,0.1201171875,0.0271148681640625,0.035003662109375,0.2432861328125
4523,M_1105_21y0m_1_fluent_502,0.03326416015625,0.1651611328125,0.1622314453125,0.74462890625,0.469482421875
4524,M_1105_21y0m_1_fluent_503,0.021331787109375,0.2108154296875,0.2362060546875,0.67822265625,0.0830078125
4525,M_1105_21y0m_1_fluent_504,0.0276336669921875,0.316162109375,0.172607421875,0.03143310546875,0.06658935546875
4526,M_1105_21y0m_1_fluent_505,0.03448486328125,0.2724609375,0.103759765625,0.0205230712890625,0.0567626953125
4527,M_1105_21y0m_1_fluent_506,0.01483917236328125,0.1783447265625,0.134033203125,0.261962890625,0.06549072265625
4528,M_1105_21y0m_1_fluent_507,0.017852783203125,0.09893798828125,0.020721435546875,0.11199951171875,0.08282470703125
4529,M_1105_21y0m_1_fluent_508,0.0699462890625,0.1231689453125,0.0379638671875,0.0261077880859375,0.170654296875
4530,M_1105_21y0m_1_fluent_509,0.0272674560546875,0.156494140625,0.03424072265625,0.0209197998046875,0.0239105224609375
4531,M_1105_21y0m_1_fluent_510,0.01332855224609375,0.16845703125,0.08062744140625,0.09967041015625,0.048309326171875
4532,M_1105_21y0m_1_fluent_511,0.0181884765625,0.1873779296875,0.10284423828125,0.061187744140625,0.2083740234375
4533,M_1105_21y0m_1_fluent_512,0.026153564453125,0.273681640625,0.090576171875,0.050994873046875,0.058349609375
4534,M_1105_21y0m_1_fluent_513,0.038604736328125,0.341064453125,0.485595703125,0.278076171875,0.1483154296875
4535,M_1105_21y0m_1_fluent_514,0.023193359375,0.1639404296875,0.0460205078125,0.0186920166015625,0.114990234375
4536,M_1105_21y0m_1_fluent_515,0.04010009765625,0.267333984375,0.259521484375,0.10302734375,0.325439453125
4537,M_1105_21y0m_1_fluent_516,0.039703369140625,0.2437744140625,0.11993408203125,0.01934814453125,0.06646728515625
4538,M_1105_21y0m_1_fluent_517,0.049041748046875,0.27685546875,0.176513671875,0.0305633544921875,0.294921875
4539,M_1105_21y0m_1_fluent_518,0.0289764404296875,0.10247802734375,0.0192718505859375,0.030731201171875,0.022979736328125
4540,M_1105_21y0m_1_fluent_519,0.01467132568359375,0.1959228515625,0.08135986328125,0.036163330078125,0.077392578125
4541,M_1105_21y0m_1_fluent_520,0.02484130859375,0.12841796875,0.0293121337890625,0.0211639404296875,0.057281494140625
4542,M_1105_21y0m_1_fluent_521,0.02447509765625,0.196533203125,0.037811279296875,0.0234222412109375,0.051177978515625
4543,M_1105_21y0m_1_fluent_522,0.027435302734375,0.2171630859375,0.09722900390625,0.019683837890625,0.0640869140625
4544,M_1105_21y0m_1_fluent_523,0.0170440673828125,0.10052490234375,0.023193359375,0.03265380859375,0.1539306640625
4545,M_1105_21y0m_1_fluent_524,0.022796630859375,0.1177978515625,0.033538818359375,0.04083251953125,0.1727294921875
4546,M_1105_21y0m_1_fluent_525,0.01467132568359375,0.22900390625,0.2440185546875,0.2724609375,0.08599853515625
4547,M_1105_21y0m_1_fluent_526,0.036285400390625,0.291748046875,0.08819580078125,0.01934814453125,0.041778564453125
4548,M_1105_21y0m_1_fluent_527,0.018646240234375,0.15576171875,0.053497314453125,0.044189453125,0.06573486328125
4549,M_1105_21y0m_1_fluent_528,0.019012451171875,0.1763916015625,0.1531982421875,0.69677734375,0.10723876953125
4550,M_1105_21y0m_1_fluent_529,0.0261077880859375,0.110107421875,0.0238189697265625,0.024383544921875,0.09588623046875
4551,M_1105_21y0m_1_fluent_530,0.042724609375,0.147705078125,0.023773193359375,0.0125732421875,0.033843994140625
4552,M_1105_21y0m_1_fluent_531,0.06915283203125,0.34375,0.548828125,0.335205078125,0.09503173828125
4553,M_1105_21y0m_1_fluent_532,0.0272674560546875,0.1610107421875,0.035675048828125,0.0217742919921875,0.02532958984375
4554,M_1105_21y0m_1_fluent_533,0.01422882080078125,0.1494140625,0.046905517578125,0.045196533203125,0.0726318359375
4555,M_1105_21y0m_1_fluent_534,0.08990478515625,0.29248046875,0.47021484375,0.6904296875,0.16015625
4556,M_1105_21y0m_1_fluent_535,0.033782958984375,0.2191162109375,0.305419921875,0.68408203125,0.297607421875
4557,M_1105_21y0m_1_fluent_536,0.0110321044921875,0.141357421875,0.064208984375,0.1546630859375,0.122314453125
4558,M_1105_21y0m_1_fluent_537,0.029815673828125,0.20654296875,0.263427734375,0.72119140625,0.08331298828125
4559,M_1105_21y0m_1_fluent_538,0.011199951171875,0.145751953125,0.0709228515625,0.08154296875,0.0386962890625
4560,M_1105_21y0m_1_fluent_539,0.018585205078125,0.184814453125,0.044281005859375,0.0210418701171875,0.06732177734375
4561,M_1106_25y0m_1_dysfluent_000,0.07122802734375,0.19677734375,0.08599853515625,0.047149658203125,0.07275390625
4562,M_1106_25y0m_1_dysfluent_001,0.070556640625,0.260009765625,0.3154296875,0.74462890625,0.1407470703125
4563,M_1106_25y0m_1_dysfluent_002,0.0802001953125,0.172119140625,0.1273193359375,0.86328125,0.168212890625
4564,M_1106_25y0m_1_dysfluent_003,0.033905029296875,0.369140625,0.32275390625,0.1512451171875,0.04620361328125
4565,M_1106_25y0m_1_dysfluent_004,0.06304931640625,0.332275390625,0.154541015625,0.0127716064453125,0.0278472900390625
4566,M_1106_25y0m_1_dysfluent_005,0.0482177734375,0.317626953125,0.135009765625,0.0142822265625,0.02001953125
4567,M_1106_25y0m_1_dysfluent_006,0.0482177734375,0.317626953125,0.135009765625,0.0142822265625,0.02001953125
4568,M_1106_25y0m_1_dysfluent_007,0.0272216796875,0.207275390625,0.040924072265625,0.01116180419921875,0.0227203369140625
4569,M_1106_25y0m_1_dysfluent_008,0.0272216796875,0.207275390625,0.040924072265625,0.01116180419921875,0.0227203369140625
4570,M_1106_25y0m_1_dysfluent_009,0.044189453125,0.200439453125,0.03533935546875,0.0154876708984375,0.02288818359375
4571,M_1106_25y0m_1_dysfluent_010,0.341064453125,0.1541748046875,0.023956298828125,0.00971221923828125,0.106689453125
4572,M_1106_25y0m_1_dysfluent_011,0.529296875,0.1719970703125,0.0272674560546875,0.00806427001953125,0.0457763671875
4573,M_1106_25y0m_1_dysfluent_012,0.0202484130859375,0.09967041015625,0.01312255859375,0.0271759033203125,0.034759521484375
4574,M_1106_25y0m_1_dysfluent_013,0.06256103515625,0.38916015625,0.440185546875,0.06695556640625,0.14990234375
4575,M_1106_25y0m_1_dysfluent_014,0.06256103515625,0.38916015625,0.440185546875,0.06695556640625,0.14990234375
4576,M_1106_25y0m_1_dysfluent_015,0.343505859375,0.34912109375,0.344482421875,0.57275390625,0.274658203125
4577,M_1106_25y0m_1_dysfluent_016,0.04327392578125,0.195556640625,0.2486572265625,0.88330078125,0.191650390625
4578,M_1106_25y0m_1_dysfluent_017,0.033843994140625,0.187255859375,0.2469482421875,0.857421875,0.1348876953125
4579,M_1106_25y0m_1_dysfluent_018,0.0369873046875,0.1280517578125,0.0194549560546875,0.01473236083984375,0.021240234375
4580,M_1106_25y0m_1_dysfluent_019,0.090576171875,0.1070556640625,0.02044677734375,0.01384735107421875,0.453369140625
4581,M_1106_25y0m_1_dysfluent_020,0.033966064453125,0.226318359375,0.039947509765625,0.01094818115234375,0.015960693359375
4582,M_1106_25y0m_1_dysfluent_021,0.02685546875,0.167236328125,0.1734619140625,0.8212890625,0.07989501953125
4583,M_1106_25y0m_1_dysfluent_022,0.022796630859375,0.09124755859375,0.0125274658203125,0.025421142578125,0.0345458984375
4584,M_1106_25y0m_1_dysfluent_023,0.01433563232421875,0.08599853515625,0.0156707763671875,0.05865478515625,0.050140380859375
4585,M_1106_25y0m_1_dysfluent_024,0.0482177734375,0.237060546875,0.336669921875,0.78271484375,0.1033935546875
4586,M_1106_25y0m_1_dysfluent_025,0.034881591796875,0.12188720703125,0.092041015625,0.9189453125,0.12042236328125
4587,M_1106_25y0m_1_dysfluent_026,0.0129241943359375,0.1083984375,0.02191162109375,0.03753662109375,0.056243896484375
4588,M_1106_25y0m_1_dysfluent_027,0.12548828125,0.281494140625,0.189208984375,0.09771728515625,0.84716796875
4589,M_1106_25y0m_1_dysfluent_028,0.12548828125,0.281494140625,0.189208984375,0.09771728515625,0.84716796875
4590,M_1106_25y0m_1_dysfluent_029,0.10931396484375,0.149169921875,0.045684814453125,0.0631103515625,0.9169921875
4591,M_1106_25y0m_1_dysfluent_030,0.73193359375,0.222412109375,0.0582275390625,0.01751708984375,0.062225341796875
4592,M_1106_25y0m_1_dysfluent_031,0.73193359375,0.222412109375,0.0582275390625,0.01751708984375,0.062225341796875
4593,M_1106_25y0m_1_dysfluent_032,0.70166015625,0.322021484375,0.1300048828125,0.0290374755859375,0.10894775390625
4594,M_1106_25y0m_1_dysfluent_033,0.287841796875,0.44384765625,0.384521484375,0.153564453125,0.39453125
4595,M_1106_25y0m_1_dysfluent_034,0.02880859375,0.147216796875,0.025421142578125,0.017303466796875,0.01467132568359375
4596,M_1106_25y0m_1_dysfluent_035,0.0254669189453125,0.3251953125,0.255859375,0.075439453125,0.06683349609375
4597,M_1106_25y0m_1_dysfluent_036,0.0219879150390625,0.288330078125,0.258544921875,0.125732421875,0.12493896484375
4598,M_1106_25y0m_1_dysfluent_037,0.015838623046875,0.14208984375,0.043701171875,0.10760498046875,0.03948974609375
4599,M_1106_25y0m_1_dysfluent_038,0.017242431640625,0.1319580078125,0.0254669189453125,0.01934814453125,0.0411376953125
4600,M_1106_25y0m_1_dysfluent_039,0.017242431640625,0.1319580078125,0.0254669189453125,0.01934814453125,0.0411376953125
4601,M_1106_25y0m_1_dysfluent_040,0.017242431640625,0.1319580078125,0.0254669189453125,0.01934814453125,0.0411376953125
4602,M_1106_25y0m_1_dysfluent_041,0.57958984375,0.1485595703125,0.03033447265625,0.0108184814453125,0.0726318359375
4603,M_1106_25y0m_1_dysfluent_042,0.01666259765625,0.10821533203125,0.037261962890625,0.28466796875,0.07684326171875
4604,M_1106_25y0m_1_dysfluent_043,0.5771484375,0.1461181640625,0.0328369140625,0.0129241943359375,0.10797119140625
4605,M_1106_25y0m_1_dysfluent_044,0.1322021484375,0.250244140625,0.122314453125,0.078369140625,0.8828125
4606,M_1106_25y0m_1_dysfluent_045,0.1337890625,0.2276611328125,0.10504150390625,0.06842041015625,0.8779296875
4607,M_1106_25y0m_1_dysfluent_046,0.01406097412109375,0.10760498046875,0.043609619140625,0.56591796875,0.12176513671875
4608,M_1106_25y0m_1_dysfluent_047,0.01406097412109375,0.10760498046875,0.043609619140625,0.56591796875,0.12188720703125
4609,M_1106_25y0m_1_dysfluent_048,0.01406097412109375,0.10760498046875,0.043609619140625,0.56591796875,0.12188720703125
4610,M_1106_25y0m_1_dysfluent_049,0.0295867919921875,0.09686279296875,0.0106964111328125,0.0162200927734375,0.035614013671875
4611,M_1106_25y0m_1_dysfluent_050,0.04351806640625,0.0869140625,0.0103302001953125,0.01322174072265625,0.0460205078125
4612,M_1106_25y0m_1_dysfluent_051,0.037322998046875,0.1048583984375,0.011871337890625,0.01056671142578125,0.0230255126953125
4613,M_1106_25y0m_1_dysfluent_052,0.0233306884765625,0.155029296875,0.10125732421875,0.463623046875,0.038116455078125
4614,M_1106_25y0m_1_dysfluent_053,0.06719970703125,0.407958984375,0.6220703125,0.26220703125,0.0849609375
4615,M_1106_25y0m_1_dysfluent_054,0.09967041015625,0.50927734375,0.66796875,0.06903076171875,0.06756591796875
4616,M_1106_25y0m_1_dysfluent_055,0.52001953125,0.18115234375,0.049591064453125,0.036834716796875,0.68310546875
4617,M_1106_25y0m_1_dysfluent_056,0.57080078125,0.1334228515625,0.026763916015625,0.0177154541015625,0.287353515625
4618,M_1106_25y0m_1_dysfluent_057,0.27099609375,0.1551513671875,0.044281005859375,0.045440673828125,0.90087890625
4619,M_1106_25y0m_1_dysfluent_058,0.2093505859375,0.1771240234375,0.050140380859375,0.038177490234375,0.85693359375
4620,M_1106_25y0m_1_dysfluent_059,0.41064453125,0.11676025390625,0.0293121337890625,0.0254669189453125,0.6484375
4621,M_1106_25y0m_1_dysfluent_060,0.07080078125,0.29541015625,0.4501953125,0.73974609375,0.160888671875
4622,M_1106_25y0m_1_dysfluent_061,0.0310821533203125,0.31201171875,0.329833984375,0.1201171875,0.10687255859375
4623,M_1106_25y0m_1_dysfluent_062,0.04168701171875,0.300537109375,0.13330078125,0.016845703125,0.02880859375
4624,M_1106_25y0m_1_dysfluent_063,0.106689453125,0.4560546875,0.392578125,0.02215576171875,0.033203125
4625,M_1106_25y0m_1_dysfluent_064,0.103759765625,0.3955078125,0.265869140625,0.02880859375,0.0285491943359375
4626,M_1106_25y0m_1_dysfluent_065,0.047943115234375,0.34912109375,0.2286376953125,0.037109375,0.029876708984375
4627,M_1106_25y0m_1_dysfluent_066,0.01374053955078125,0.09027099609375,0.0135345458984375,0.03302001953125,0.032470703125
4628,M_1106_25y0m_1_dysfluent_067,0.04400634765625,0.132080078125,0.0201416015625,0.01490020751953125,0.0299835205078125
4629,M_1106_25y0m_1_dysfluent_068,0.0190582275390625,0.09088134765625,0.0112457275390625,0.0222015380859375,0.021484375
4630,M_1106_25y0m_1_fluent_000,0.0229339599609375,0.1883544921875,0.06817626953125,0.0207672119140625,0.05340576171875
4631,M_1106_25y0m_1_fluent_001,0.028106689453125,0.250732421875,0.2783203125,0.1534423828125,0.056243896484375
4632,M_1106_25y0m_1_fluent_002,0.03460693359375,0.09222412109375,0.0194244384765625,0.0204925537109375,0.1590576171875
4633,M_1106_25y0m_1_fluent_003,0.1719970703125,0.4365234375,0.67431640625,0.203369140625,0.272705078125
4634,M_1106_25y0m_1_fluent_004,0.039703369140625,0.317626953125,0.439697265625,0.13916015625,0.0709228515625
4635,M_1106_25y0m_1_fluent_005,0.10723876953125,0.10540771484375,0.0232391357421875,0.0248870849609375,0.5849609375
4636,M_1106_25y0m_1_fluent_006,0.0765380859375,0.1739501953125,0.05572509765625,0.0205230712890625,0.2265625
4637,M_1106_25y0m_1_fluent_007,0.048675537109375,0.291748046875,0.329833984375,0.08197021484375,0.06781005859375
4638,M_1106_25y0m_1_fluent_008,0.06781005859375,0.11798095703125,0.0225372314453125,0.0135345458984375,0.0374755859375
4639,M_1106_25y0m_1_fluent_009,0.0210113525390625,0.17138671875,0.0894775390625,0.091064453125,0.05780029296875
4640,M_1106_25y0m_1_fluent_010,0.0228424072265625,0.1507568359375,0.040771484375,0.07171630859375,0.05340576171875
4641,M_1106_25y0m_1_fluent_011,0.287841796875,0.199462890625,0.07122802734375,0.026763916015625,0.46240234375
4642,M_1106_25y0m_1_fluent_012,0.14013671875,0.095703125,0.022796630859375,0.020721435546875,0.548828125
4643,M_1106_25y0m_1_fluent_013,0.0226287841796875,0.0863037109375,0.0119171142578125,0.018157958984375,0.0293121337890625
4644,M_1106_25y0m_1_fluent_014,0.06915283203125,0.357666015625,0.57861328125,0.396728515625,0.09039306640625
4645,M_1106_25y0m_1_fluent_015,0.09173583984375,0.1087646484375,0.023651123046875,0.0153656005859375,0.123779296875
4646,M_1106_25y0m_1_fluent_016,0.1326904296875,0.1187744140625,0.03875732421875,0.04193115234375,0.8974609375
4647,M_1106_25y0m_1_fluent_017,0.04620361328125,0.373046875,0.487060546875,0.10650634765625,0.048583984375
4648,M_1106_25y0m_1_fluent_018,0.08209228515625,0.3935546875,0.356201171875,0.0253753662109375,0.037261962890625
4649,M_1106_25y0m_1_fluent_019,0.0328369140625,0.2486572265625,0.11279296875,0.039794921875,0.022796630859375
4650,M_1106_25y0m_1_fluent_020,0.226806640625,0.105224609375,0.0153656005859375,0.01287078857421875,0.09686279296875
4651,M_1106_25y0m_1_fluent_021,0.1787109375,0.393798828125,0.4306640625,0.089111328125,0.1094970703125
4652,M_1106_25y0m_1_fluent_022,0.023651123046875,0.0728759765625,0.0103302001953125,0.0116424560546875,0.0699462890625
4653,M_1106_25y0m_1_fluent_023,0.02606201171875,0.08758544921875,0.01348114013671875,0.0117340087890625,0.09588623046875
4654,M_1106_25y0m_1_fluent_024,0.046478271484375,0.27001953125,0.1376953125,0.0352783203125,0.047515869140625
4655,M_1106_25y0m_1_fluent_025,0.1171875,0.09619140625,0.01422882080078125,0.0092315673828125,0.284912109375
4656,M_1106_25y0m_1_fluent_026,0.03533935546875,0.283203125,0.245849609375,0.08831787109375,0.036834716796875
4657,M_1106_25y0m_1_fluent_027,0.05718994140625,0.140625,0.03271484375,0.0251312255859375,0.033538818359375
4658,M_1106_25y0m_1_fluent_028,0.089111328125,0.168212890625,0.038970947265625,0.0208892822265625,0.0290374755859375
4659,M_1106_25y0m_1_fluent_029,0.24365234375,0.2255859375,0.1298828125,0.07421875,0.68603515625
4660,M_1106_25y0m_1_fluent_030,0.0240936279296875,0.07977294921875,0.00971221923828125,0.01395416259765625,0.04620361328125
4661,M_1106_25y0m_1_fluent_031,0.0323486328125,0.1771240234375,0.060089111328125,0.03289794921875,0.021453857421875
4662,M_1106_25y0m_1_fluent_032,0.0274810791015625,0.1939697265625,0.11029052734375,0.1273193359375,0.0390625
4663,M_1106_25y0m_1_fluent_033,0.04742431640625,0.2091064453125,0.2366943359375,0.6689453125,0.07574462890625
4664,M_1106_25y0m_1_fluent_034,0.32177734375,0.1466064453125,0.05108642578125,0.024566650390625,0.3251953125
4665,M_1106_25y0m_1_fluent_035,0.042572021484375,0.196044921875,0.19677734375,0.486328125,0.0615234375
4666,M_1106_25y0m_1_fluent_036,0.024383544921875,0.1339111328125,0.03326416015625,0.0274810791015625,0.040008544921875
4667,M_1106_25y0m_1_fluent_037,0.05975341796875,0.083740234375,0.01287078857421875,0.01837158203125,0.27880859375
4668,M_1106_25y0m_1_fluent_038,0.024993896484375,0.07366943359375,0.00905609130859375,0.0160980224609375,0.0328369140625
4669,M_1106_25y0m_1_fluent_039,0.07171630859375,0.197021484375,0.07977294921875,0.0177764892578125,0.40234375
4670,M_1106_25y0m_1_fluent_040,0.037689208984375,0.1048583984375,0.0188751220703125,0.023468017578125,0.07861328125
4671,M_1106_25y0m_1_fluent_041,0.303955078125,0.16650390625,0.05706787109375,0.0167236328125,0.29248046875
4672,M_1106_25y0m_1_fluent_042,0.177490234375,0.1417236328125,0.04949951171875,0.061767578125,0.9326171875
4673,M_1106_25y0m_1_fluent_043,0.038116455078125,0.283203125,0.194091796875,0.055419921875,0.0411376953125
4674,M_1106_25y0m_1_fluent_044,0.174072265625,0.1273193359375,0.0234222412109375,0.01111602783203125,0.11859130859375
4675,M_1106_25y0m_1_fluent_045,0.0242767333984375,0.1368408203125,0.11163330078125,0.28564453125,0.1844482421875
4676,M_1106_25y0m_1_fluent_046,0.023468017578125,0.11456298828125,0.0174407958984375,0.0129241943359375,0.0306243896484375
4677,M_1106_25y0m_1_fluent_047,0.04742431640625,0.1507568359375,0.0379638671875,0.0215301513671875,0.026611328125
4678,M_1106_25y0m_1_fluent_048,0.2406005859375,0.158447265625,0.07489013671875,0.047698974609375,0.68408203125
4679,M_1106_25y0m_1_fluent_049,0.14306640625,0.11260986328125,0.029754638671875,0.0233306884765625,0.64306640625
4680,M_1106_25y0m_1_fluent_050,0.0751953125,0.09552001953125,0.0144500732421875,0.0136871337890625,0.1407470703125
4681,M_1106_25y0m_1_fluent_051,0.2880859375,0.10968017578125,0.0224151611328125,0.0171051025390625,0.60595703125
4682,M_1106_25y0m_1_fluent_052,0.37255859375,0.09844970703125,0.0199432373046875,0.0117340087890625,0.31640625
4683,M_1106_25y0m_1_fluent_053,0.37890625,0.1044921875,0.0200653076171875,0.0136871337890625,0.171630859375
4684,M_1106_25y0m_1_fluent_054,0.186279296875,0.193115234375,0.0823974609375,0.082275390625,0.91162109375
4685,M_1106_25y0m_1_fluent_055,0.0201416015625,0.1767578125,0.06304931640625,0.10595703125,0.0313720703125
4686,M_1106_25y0m_1_fluent_056,0.0306243896484375,0.11376953125,0.0208892822265625,0.0106964111328125,0.033538818359375
4687,M_1106_25y0m_1_fluent_057,0.06915283203125,0.0999755859375,0.0177764892578125,0.012054443359375,0.1531982421875
4688,M_1106_25y0m_1_fluent_058,0.1695556640625,0.447998046875,0.623046875,0.1566162109375,0.3642578125
4689,M_1106_25y0m_1_fluent_059,0.01934814453125,0.137939453125,0.0394287109375,0.0196075439453125,0.080078125
4690,M_1106_25y0m_1_fluent_060,0.08209228515625,0.359619140625,0.42431640625,0.1639404296875,0.0574951171875
4691,M_1106_25y0m_1_fluent_061,0.06658935546875,0.35205078125,0.57421875,0.469482421875,0.1063232421875
4692,M_1106_25y0m_1_fluent_062,0.05242919921875,0.34521484375,0.465576171875,0.2110595703125,0.049041748046875
4693,M_1106_25y0m_1_fluent_063,0.268310546875,0.1912841796875,0.0728759765625,0.0582275390625,0.267578125
4694,M_1106_25y0m_1_fluent_064,0.029815673828125,0.0943603515625,0.0103302001953125,0.00981903076171875,0.0201416015625
4695,M_1106_25y0m_1_fluent_065,0.1541748046875,0.450439453125,0.599609375,0.08343505859375,0.26953125
4696,M_1106_25y0m_1_fluent_066,0.020172119140625,0.06756591796875,0.00948333740234375,0.026458740234375,0.06927490234375
4697,M_1106_25y0m_1_fluent_067,0.10015869140625,0.34375,0.53466796875,0.472412109375,0.1600341796875
4698,M_1106_25y0m_1_fluent_068,0.296142578125,0.11962890625,0.01934814453125,0.011962890625,0.054901123046875
4699,M_1106_25y0m_1_fluent_069,0.09466552734375,0.457763671875,0.642578125,0.08465576171875,0.07135009765625
4700,M_1106_25y0m_1_fluent_070,0.0457763671875,0.177001953125,0.0535888671875,0.03436279296875,0.030731201171875
4701,M_1106_25y0m_1_fluent_071,0.040252685546875,0.27685546875,0.2109375,0.06524658203125,0.04931640625
4702,M_1106_25y0m_1_fluent_072,0.349853515625,0.1834716796875,0.07135009765625,0.076416015625,0.77685546875
4703,M_1106_25y0m_1_fluent_073,0.0264129638671875,0.2109375,0.09283447265625,0.045196533203125,0.029541015625
4704,M_1106_25y0m_1_fluent_074,0.0225372314453125,0.1517333984375,0.034027099609375,0.0224609375,0.038177490234375
4705,M_1106_25y0m_1_fluent_075,0.064208984375,0.40478515625,0.5947265625,0.1280517578125,0.06280517578125
4706,M_1106_25y0m_1_fluent_076,0.1982421875,0.14306640625,0.051849365234375,0.06512451171875,0.93115234375
4707,M_1106_25y0m_1_fluent_077,0.07965087890625,0.36572265625,0.2900390625,0.0293121337890625,0.033721923828125
4708,M_1106_25y0m_1_fluent_078,0.509765625,0.1201171875,0.0221099853515625,0.01267242431640625,0.1282958984375
4709,M_1106_25y0m_1_fluent_079,0.053497314453125,0.13623046875,0.0293121337890625,0.015777587890625,0.0237274169921875
4710,M_1106_25y0m_1_fluent_080,0.061309814453125,0.11102294921875,0.0169830322265625,0.00885009765625,0.11102294921875
